% Running in auto input_syntax mode. Trying TPTP
% Refutation found. Thanks to Tanya!
% SZS status Unsatisfiable for GRP121-1_clausified
% SZS output start Proof for GRP121-1_clausified
1. multiply(X0,multiply(multiply(X0,multiply(multiply(X0,X0),multiply(X1,X2))),multiply(X2,multiply(X2,X2)))) = X1 [input(axiom)]
2. identity = multiply(identity,identity) [input(axiom)]
3. a != multiply(a,identity) [input(negated conjecture)]
4. multiply(identity,multiply(multiply(identity,multiply(identity,multiply(X0,X1))),multiply(X1,multiply(X1,X1)))) = X0 [superposition 1,2]
5. identity = multiply(X0,multiply(multiply(X0,multiply(multiply(X0,X0),identity)),multiply(identity,identity))) [superposition 1,2]
6. multiply(X1,multiply(multiply(X1,multiply(multiply(X1,X1),X0)),multiply(multiply(multiply(X2,multiply(multiply(X2,X2),multiply(X0,X3))),multiply(X3,multiply(X3,X3))),multiply(multiply(multiply(X2,multiply(multiply(X2,X2),multiply(X0,X3))),multiply(X3,multiply(X3,X3))),multiply(multiply(X2,multiply(multiply(X2,X2),multiply(X0,X3))),multiply(X3,multiply(X3,X3))))))) = X2 [superposition 1,1]
7. multiply(multiply(X1,X1),multiply(multiply(multiply(X1,X1),multiply(X1,X1)),multiply(X0,X2))) = multiply(X1,multiply(multiply(X1,X0),multiply(multiply(X2,multiply(X2,X2)),multiply(multiply(X2,multiply(X2,X2)),multiply(X2,multiply(X2,X2)))))) [superposition 1,1]
8. multiply(X0,multiply(multiply(X0,multiply(multiply(X0,X0),multiply(X1,identity))),multiply(identity,identity))) = X1 [superposition 1,2]
9. multiply(X0,multiply(multiply(X0,multiply(multiply(X0,X0),multiply(X1,identity))),identity)) = X1 [forward demodulation 8,2]
10. identity = multiply(X0,multiply(multiply(X0,multiply(multiply(X0,X0),identity)),identity)) [forward demodulation 5,2]
12. multiply(multiply(X0,X0),multiply(multiply(multiply(X0,X0),multiply(X0,X0)),identity)) = multiply(X0,multiply(multiply(X0,identity),multiply(identity,multiply(identity,identity)))) [superposition 1,10]
14. multiply(multiply(X0,X0),multiply(multiply(multiply(X0,X0),multiply(X0,X0)),identity)) = multiply(X0,multiply(multiply(X0,identity),multiply(identity,identity))) [forward demodulation 12,2]
16. multiply(multiply(X0,X0),multiply(multiply(multiply(X0,X0),multiply(X0,X0)),identity)) = multiply(X0,multiply(multiply(X0,identity),identity)) [forward demodulation 14,2]
19. multiply(identity,multiply(multiply(identity,multiply(identity,multiply(X0,identity))),identity)) = X0 [superposition 9,2]
21. multiply(multiply(X1,X1),multiply(multiply(multiply(X1,X1),multiply(X1,X1)),multiply(X0,identity))) = multiply(X1,multiply(multiply(X1,X0),identity)) [superposition 9,9]
28. identity = multiply(identity,multiply(multiply(identity,multiply(identity,X0)),multiply(multiply(multiply(identity,multiply(identity,multiply(X0,X1))),multiply(X1,multiply(X1,X1))),multiply(multiply(multiply(identity,multiply(identity,multiply(X0,X1))),multiply(X1,multiply(X1,X1))),multiply(multiply(identity,multiply(identity,multiply(X0,X1))),multiply(X1,multiply(X1,X1))))))) [superposition 4,4]
29. multiply(identity,multiply(multiply(identity,multiply(identity,X0)),multiply(multiply(multiply(X1,multiply(multiply(X1,X1),multiply(X0,X2))),multiply(X2,multiply(X2,X2))),multiply(multiply(multiply(X1,multiply(multiply(X1,X1),multiply(X0,X2))),multiply(X2,multiply(X2,X2))),multiply(multiply(X1,multiply(multiply(X1,X1),multiply(X0,X2))),multiply(X2,multiply(X2,X2))))))) = X1 [superposition 4,1]
30. multiply(identity,multiply(multiply(identity,multiply(identity,X0)),multiply(multiply(multiply(X1,multiply(multiply(X1,X1),multiply(X0,identity))),identity),multiply(multiply(multiply(X1,multiply(multiply(X1,X1),multiply(X0,identity))),identity),multiply(multiply(X1,multiply(multiply(X1,X1),multiply(X0,identity))),identity))))) = X1 [superposition 4,9]
31. multiply(identity,multiply(multiply(identity,multiply(identity,identity)),multiply(multiply(multiply(X0,multiply(multiply(X0,X0),identity)),identity),multiply(multiply(multiply(X0,multiply(multiply(X0,X0),identity)),identity),multiply(multiply(X0,multiply(multiply(X0,X0),identity)),identity))))) = X0 [superposition 4,10]
34. multiply(identity,multiply(multiply(identity,identity),multiply(X0,identity))) = multiply(identity,multiply(multiply(identity,X0),multiply(identity,multiply(identity,identity)))) [superposition 4,9]
37. identity = multiply(X1,multiply(multiply(X1,multiply(multiply(X1,X1),X0)),multiply(multiply(multiply(identity,multiply(identity,multiply(X0,X2))),multiply(X2,multiply(X2,X2))),multiply(multiply(multiply(identity,multiply(identity,multiply(X0,X2))),multiply(X2,multiply(X2,X2))),multiply(multiply(identity,multiply(identity,multiply(X0,X2))),multiply(X2,multiply(X2,X2))))))) [superposition 1,4]
40. multiply(identity,multiply(identity,multiply(X0,identity))) = multiply(identity,multiply(multiply(identity,X0),multiply(identity,identity))) [forward demodulation 34,2]
43. multiply(identity,multiply(multiply(identity,identity),multiply(multiply(multiply(X0,multiply(multiply(X0,X0),identity)),identity),multiply(multiply(multiply(X0,multiply(multiply(X0,X0),identity)),identity),multiply(multiply(X0,multiply(multiply(X0,X0),identity)),identity))))) = X0 [forward demodulation 31,2]
46. multiply(identity,multiply(identity,multiply(X0,identity))) = multiply(identity,multiply(multiply(identity,X0),identity)) [forward demodulation 40,2]
49. multiply(identity,multiply(identity,multiply(multiply(multiply(X0,multiply(multiply(X0,X0),identity)),identity),multiply(multiply(multiply(X0,multiply(multiply(X0,X0),identity)),identity),multiply(multiply(X0,multiply(multiply(X0,X0),identity)),identity))))) = X0 [forward demodulation 43,2]
71. multiply(multiply(X1,X1),multiply(multiply(multiply(X1,X1),multiply(X1,X1)),X0)) = multiply(X1,multiply(multiply(X1,X2),multiply(multiply(multiply(multiply(X2,multiply(multiply(X2,X2),multiply(X0,identity))),identity),multiply(multiply(multiply(X2,multiply(multiply(X2,X2),multiply(X0,identity))),identity),multiply(multiply(X2,multiply(multiply(X2,X2),multiply(X0,identity))),identity))),multiply(multiply(multiply(multiply(X2,multiply(multiply(X2,X2),multiply(X0,identity))),identity),multiply(multiply(multiply(X2,multiply(multiply(X2,X2),multiply(X0,identity))),identity),multiply(multiply(X2,multiply(multiply(X2,X2),multiply(X0,identity))),identity))),multiply(multiply(multiply(X2,multiply(multiply(X2,X2),multiply(X0,identity))),identity),multiply(multiply(multiply(X2,multiply(multiply(X2,X2),multiply(X0,identity))),identity),multiply(multiply(X2,multiply(multiply(X2,X2),multiply(X0,identity))),identity))))))) [superposition 7,9]
72. multiply(multiply(X0,X0),multiply(multiply(multiply(X0,X0),multiply(X0,X0)),identity)) = multiply(X0,multiply(multiply(X0,X1),multiply(multiply(multiply(multiply(X1,multiply(multiply(X1,X1),identity)),identity),multiply(multiply(multiply(X1,multiply(multiply(X1,X1),identity)),identity),multiply(multiply(X1,multiply(multiply(X1,X1),identity)),identity))),multiply(multiply(multiply(multiply(X1,multiply(multiply(X1,X1),identity)),identity),multiply(multiply(multiply(X1,multiply(multiply(X1,X1),identity)),identity),multiply(multiply(X1,multiply(multiply(X1,X1),identity)),identity))),multiply(multiply(multiply(X1,multiply(multiply(X1,X1),identity)),identity),multiply(multiply(multiply(X1,multiply(multiply(X1,X1),identity)),identity),multiply(multiply(X1,multiply(multiply(X1,X1),identity)),identity))))))) [superposition 7,10]
81. multiply(identity,multiply(multiply(identity,identity),multiply(identity,X0))) = multiply(identity,multiply(identity,multiply(multiply(X0,multiply(X0,X0)),multiply(multiply(X0,multiply(X0,X0)),multiply(X0,multiply(X0,X0)))))) [superposition 7,2]
82. multiply(multiply(identity,identity),multiply(multiply(multiply(identity,identity),multiply(identity,identity)),multiply(multiply(multiply(identity,multiply(identity,multiply(X0,X1))),multiply(X1,multiply(X1,X1))),X2))) = multiply(identity,multiply(X0,multiply(multiply(X2,multiply(X2,X2)),multiply(multiply(X2,multiply(X2,X2)),multiply(X2,multiply(X2,X2)))))) [superposition 7,4]
83. multiply(multiply(identity,identity),multiply(multiply(multiply(identity,identity),multiply(identity,identity)),multiply(multiply(multiply(identity,multiply(identity,multiply(X0,identity))),identity),X1))) = multiply(identity,multiply(X0,multiply(multiply(X1,multiply(X1,X1)),multiply(multiply(X1,multiply(X1,X1)),multiply(X1,multiply(X1,X1)))))) [superposition 7,19]
84. multiply(multiply(X1,X1),multiply(multiply(multiply(X1,X1),multiply(X1,X1)),multiply(multiply(multiply(X1,multiply(multiply(X1,X1),multiply(X0,X2))),multiply(X2,multiply(X2,X2))),X3))) = multiply(X1,multiply(X0,multiply(multiply(X3,multiply(X3,X3)),multiply(multiply(X3,multiply(X3,X3)),multiply(X3,multiply(X3,X3)))))) [superposition 7,1]
85. multiply(multiply(X1,X1),multiply(multiply(multiply(X1,X1),multiply(X1,X1)),multiply(multiply(multiply(X1,multiply(multiply(X1,X1),multiply(X0,identity))),identity),X2))) = multiply(X1,multiply(X0,multiply(multiply(X2,multiply(X2,X2)),multiply(multiply(X2,multiply(X2,X2)),multiply(X2,multiply(X2,X2)))))) [superposition 7,9]
86. multiply(multiply(X0,X0),multiply(multiply(multiply(X0,X0),multiply(X0,X0)),multiply(multiply(multiply(X0,multiply(multiply(X0,X0),identity)),identity),X1))) = multiply(X0,multiply(identity,multiply(multiply(X1,multiply(X1,X1)),multiply(multiply(X1,multiply(X1,X1)),multiply(X1,multiply(X1,X1)))))) [superposition 7,10]
93. multiply(multiply(X0,X0),multiply(X0,X0)) = multiply(X0,multiply(multiply(X0,multiply(X0,multiply(multiply(X0,X1),multiply(multiply(X2,multiply(X2,X2)),multiply(multiply(X2,multiply(X2,X2)),multiply(X2,multiply(X2,X2))))))),multiply(multiply(X1,X2),multiply(multiply(X1,X2),multiply(X1,X2))))) [superposition 1,7]
95. multiply(multiply(X0,X0),multiply(multiply(X0,multiply(multiply(X0,X1),multiply(multiply(identity,multiply(identity,identity)),multiply(multiply(identity,multiply(identity,identity)),multiply(identity,multiply(identity,identity)))))),identity)) = X1 [superposition 9,7]
99. multiply(X1,multiply(X1,X1)) = multiply(X0,multiply(multiply(multiply(X0,X0),multiply(multiply(multiply(X0,X0),multiply(X0,X0)),multiply(X0,X1))),multiply(multiply(multiply(X1,multiply(X1,X1)),multiply(X1,multiply(X1,X1))),multiply(multiply(multiply(X1,multiply(X1,X1)),multiply(X1,multiply(X1,X1))),multiply(multiply(X1,multiply(X1,X1)),multiply(X1,multiply(X1,X1))))))) [superposition 1,7]
100. multiply(multiply(X0,X0),multiply(multiply(multiply(X0,X0),multiply(X0,X0)),multiply(multiply(multiply(X0,X0),multiply(X1,multiply(X2,multiply(X2,X2)))),X2))) = X1 [superposition 1,7]
101. multiply(multiply(identity,identity),multiply(multiply(multiply(identity,identity),multiply(identity,identity)),multiply(multiply(identity,multiply(X0,multiply(X1,multiply(X1,X1)))),X1))) = X0 [superposition 4,7]
106. multiply(identity,multiply(multiply(identity,identity),multiply(multiply(identity,multiply(X0,multiply(X1,multiply(X1,X1)))),X1))) = X0 [forward demodulation 101,2]
107. multiply(multiply(X0,X0),multiply(multiply(X0,multiply(multiply(X0,X1),multiply(multiply(identity,identity),multiply(multiply(identity,identity),multiply(identity,identity))))),identity)) = X1 [forward demodulation 95,2]
110. multiply(identity,multiply(X0,multiply(multiply(X1,multiply(X1,X1)),multiply(multiply(X1,multiply(X1,X1)),multiply(X1,multiply(X1,X1)))))) = multiply(identity,multiply(multiply(identity,identity),multiply(multiply(multiply(identity,multiply(identity,multiply(X0,identity))),identity),X1))) [forward demodulation 83,2]
111. multiply(identity,multiply(X0,multiply(multiply(X2,multiply(X2,X2)),multiply(multiply(X2,multiply(X2,X2)),multiply(X2,multiply(X2,X2)))))) = multiply(identity,multiply(multiply(identity,identity),multiply(multiply(multiply(identity,multiply(identity,multiply(X0,X1))),multiply(X1,multiply(X1,X1))),X2))) [forward demodulation 82,2]
112. multiply(identity,multiply(identity,multiply(multiply(X0,multiply(X0,X0)),multiply(multiply(X0,multiply(X0,X0)),multiply(X0,multiply(X0,X0)))))) = multiply(identity,multiply(identity,multiply(identity,X0))) [forward demodulation 81,2]
115. multiply(X0,multiply(multiply(X0,identity),identity)) = multiply(X0,multiply(multiply(X0,X1),multiply(multiply(multiply(multiply(X1,multiply(multiply(X1,X1),identity)),identity),multiply(multiply(multiply(X1,multiply(multiply(X1,X1),identity)),identity),multiply(multiply(X1,multiply(multiply(X1,X1),identity)),identity))),multiply(multiply(multiply(multiply(X1,multiply(multiply(X1,X1),identity)),identity),multiply(multiply(multiply(X1,multiply(multiply(X1,X1),identity)),identity),multiply(multiply(X1,multiply(multiply(X1,X1),identity)),identity))),multiply(multiply(multiply(X1,multiply(multiply(X1,X1),identity)),identity),multiply(multiply(multiply(X1,multiply(multiply(X1,X1),identity)),identity),multiply(multiply(X1,multiply(multiply(X1,X1),identity)),identity))))))) [forward demodulation 72,16]
118. multiply(identity,multiply(identity,multiply(multiply(identity,multiply(X0,multiply(X1,multiply(X1,X1)))),X1))) = X0 [forward demodulation 106,2]
119. multiply(multiply(X0,X0),multiply(multiply(X0,multiply(multiply(X0,X1),multiply(identity,multiply(identity,identity)))),identity)) = X1 [forward demodulation 107,2]
122. multiply(identity,multiply(X0,multiply(multiply(X1,multiply(X1,X1)),multiply(multiply(X1,multiply(X1,X1)),multiply(X1,multiply(X1,X1)))))) = multiply(identity,multiply(identity,multiply(multiply(multiply(identity,multiply(identity,multiply(X0,identity))),identity),X1))) [forward demodulation 110,2]
123. multiply(identity,multiply(X0,multiply(multiply(X2,multiply(X2,X2)),multiply(multiply(X2,multiply(X2,X2)),multiply(X2,multiply(X2,X2)))))) = multiply(identity,multiply(identity,multiply(multiply(multiply(identity,multiply(identity,multiply(X0,X1))),multiply(X1,multiply(X1,X1))),X2))) [forward demodulation 111,2]
128. multiply(multiply(X0,X0),multiply(multiply(X0,multiply(multiply(X0,X1),multiply(identity,identity))),identity)) = X1 [forward demodulation 119,2]
130. multiply(identity,multiply(identity,multiply(multiply(multiply(identity,multiply(identity,multiply(X0,X1))),multiply(X1,multiply(X1,X1))),X2))) = multiply(identity,multiply(identity,multiply(multiply(multiply(identity,multiply(identity,multiply(X0,identity))),identity),X2))) [forward demodulation 123,122]
134. multiply(multiply(X0,X0),multiply(multiply(X0,multiply(multiply(X0,X1),identity)),identity)) = X1 [forward demodulation 128,2]
144. multiply(identity,multiply(X0,identity)) = multiply(identity,multiply(identity,multiply(multiply(multiply(identity,multiply(identity,multiply(X0,identity))),identity),identity))) [superposition 46,19]
145. multiply(identity,multiply(multiply(identity,multiply(identity,multiply(X0,identity))),identity)) = multiply(identity,multiply(identity,multiply(multiply(multiply(identity,X0),identity),identity))) [superposition 46,46]
153. multiply(identity,multiply(identity,multiply(multiply(identity,multiply(X0,identity)),identity))) = X0 [superposition 19,46]
168. multiply(identity,multiply(identity,multiply(identity,multiply(multiply(X0,identity),identity)))) = X0 [forward demodulation 153,46]
176. multiply(identity,multiply(identity,multiply(multiply(multiply(identity,X0),identity),identity))) = X0 [forward demodulation 145,19]
199. multiply(X1,multiply(multiply(X1,X0),multiply(multiply(multiply(X2,multiply(multiply(X2,X2),multiply(multiply(multiply(multiply(X1,X1),multiply(multiply(multiply(X1,X1),multiply(X1,X1)),multiply(X0,identity))),identity),X3))),multiply(X3,multiply(X3,X3))),multiply(multiply(multiply(X2,multiply(multiply(X2,X2),multiply(multiply(multiply(multiply(X1,X1),multiply(multiply(multiply(X1,X1),multiply(X1,X1)),multiply(X0,identity))),identity),X3))),multiply(X3,multiply(X3,X3))),multiply(multiply(X2,multiply(multiply(X2,X2),multiply(multiply(multiply(multiply(X1,X1),multiply(multiply(multiply(X1,X1),multiply(X1,X1)),multiply(X0,identity))),identity),X3))),multiply(X3,multiply(X3,X3))))))) = X2 [superposition 6,9]
228. multiply(identity,multiply(multiply(identity,identity),X1)) = multiply(identity,multiply(multiply(identity,X0),multiply(multiply(multiply(multiply(X0,multiply(multiply(X0,X0),multiply(X1,X2))),multiply(X2,multiply(X2,X2))),multiply(multiply(multiply(X0,multiply(multiply(X0,X0),multiply(X1,X2))),multiply(X2,multiply(X2,X2))),multiply(multiply(X0,multiply(multiply(X0,X0),multiply(X1,X2))),multiply(X2,multiply(X2,X2))))),multiply(multiply(multiply(multiply(X0,multiply(multiply(X0,X0),multiply(X1,X2))),multiply(X2,multiply(X2,X2))),multiply(multiply(multiply(X0,multiply(multiply(X0,X0),multiply(X1,X2))),multiply(X2,multiply(X2,X2))),multiply(multiply(X0,multiply(multiply(X0,X0),multiply(X1,X2))),multiply(X2,multiply(X2,X2))))),multiply(multiply(multiply(X0,multiply(multiply(X0,X0),multiply(X1,X2))),multiply(X2,multiply(X2,X2))),multiply(multiply(multiply(X0,multiply(multiply(X0,X0),multiply(X1,X2))),multiply(X2,multiply(X2,X2))),multiply(multiply(X0,multiply(multiply(X0,X0),multiply(X1,X2))),multiply(X2,multiply(X2,X2))))))))) [superposition 4,6]
235. multiply(identity,multiply(multiply(identity,identity),X1)) = multiply(identity,multiply(identity,multiply(multiply(multiply(identity,multiply(identity,multiply(multiply(identity,X0),identity))),identity),multiply(multiply(X0,multiply(multiply(X0,X0),multiply(X1,X2))),multiply(X2,multiply(X2,X2)))))) [forward demodulation 228,122]
242. multiply(X1,multiply(multiply(X1,X0),multiply(multiply(multiply(X2,multiply(multiply(X2,X2),multiply(multiply(multiply(X1,multiply(multiply(X1,X0),identity)),identity),X3))),multiply(X3,multiply(X3,X3))),multiply(multiply(multiply(X2,multiply(multiply(X2,X2),multiply(multiply(multiply(X1,multiply(multiply(X1,X0),identity)),identity),X3))),multiply(X3,multiply(X3,X3))),multiply(multiply(X2,multiply(multiply(X2,X2),multiply(multiply(multiply(X1,multiply(multiply(X1,X0),identity)),identity),X3))),multiply(X3,multiply(X3,X3))))))) = X2 [forward demodulation 199,21]
243. multiply(identity,multiply(multiply(identity,identity),X1)) = multiply(identity,multiply(identity,multiply(multiply(multiply(identity,multiply(identity,multiply(identity,multiply(X0,identity)))),identity),multiply(multiply(X0,multiply(multiply(X0,X0),multiply(X1,X2))),multiply(X2,multiply(X2,X2)))))) [forward demodulation 235,46]
246. multiply(identity,multiply(identity,X1)) = multiply(identity,multiply(identity,multiply(multiply(multiply(identity,multiply(identity,multiply(identity,multiply(X0,identity)))),identity),multiply(multiply(X0,multiply(multiply(X0,X0),multiply(X1,X2))),multiply(X2,multiply(X2,X2)))))) [forward demodulation 243,2]
270. multiply(multiply(identity,multiply(identity,multiply(X0,X1))),multiply(X1,multiply(X1,X1))) = multiply(multiply(identity,identity),multiply(multiply(identity,multiply(X0,identity)),identity)) [superposition 134,4]
272. multiply(multiply(identity,X0),identity) = multiply(multiply(identity,identity),multiply(multiply(identity,multiply(multiply(identity,multiply(identity,multiply(X0,identity))),identity)),identity)) [superposition 134,46]
274. multiply(multiply(X1,multiply(multiply(X1,X1),multiply(X0,X2))),multiply(X2,multiply(X2,X2))) = multiply(multiply(X1,X1),multiply(multiply(X1,multiply(X0,identity)),identity)) [superposition 134,1]
275. multiply(multiply(X1,multiply(multiply(X1,X1),multiply(X0,identity))),identity) = multiply(multiply(X1,X1),multiply(multiply(X1,multiply(X0,identity)),identity)) [superposition 134,9]
276. multiply(multiply(X0,multiply(multiply(X0,X0),identity)),identity) = multiply(multiply(X0,X0),multiply(multiply(X0,multiply(identity,identity)),identity)) [superposition 134,10]
280. multiply(multiply(X1,multiply(multiply(X1,X0),identity)),identity) = multiply(multiply(multiply(X1,X1),multiply(X1,X1)),multiply(multiply(multiply(X1,X1),multiply(X0,identity)),identity)) [superposition 134,134]
298. multiply(multiply(X0,multiply(multiply(X0,X0),identity)),identity) = multiply(multiply(X0,X0),multiply(multiply(X0,identity),identity)) [forward demodulation 276,2]
300. multiply(identity,multiply(X0,identity)) = multiply(multiply(identity,X0),identity) [forward demodulation 272,134]
302. multiply(multiply(identity,multiply(identity,multiply(X0,X1))),multiply(X1,multiply(X1,X1))) = multiply(identity,multiply(multiply(identity,multiply(X0,identity)),identity)) [forward demodulation 270,2]
307. multiply(multiply(identity,multiply(identity,multiply(X0,X1))),multiply(X1,multiply(X1,X1))) = multiply(identity,multiply(identity,multiply(multiply(X0,identity),identity))) [forward demodulation 302,46]
330. multiply(identity,X0) = multiply(X1,multiply(multiply(X1,multiply(multiply(X1,X1),multiply(identity,multiply(X0,identity)))),identity)) [superposition 9,300]
403. multiply(X0,identity) = multiply(identity,multiply(multiply(identity,multiply(multiply(identity,multiply(X0,multiply(X1,multiply(X1,X1)))),X1)),identity)) [superposition 300,118]
414. multiply(X0,identity) = multiply(identity,multiply(identity,multiply(multiply(multiply(identity,multiply(X0,multiply(X1,multiply(X1,X1)))),X1),identity))) [forward demodulation 403,46]
530. identity = multiply(X0,multiply(multiply(X0,X0),multiply(multiply(X0,identity),identity))) [superposition 10,298]
531. multiply(multiply(X0,X0),multiply(multiply(X0,X0),multiply(multiply(X0,identity),identity))) = X0 [superposition 134,298]
536. multiply(X0,multiply(multiply(X0,X0),identity)) = multiply(identity,multiply(identity,multiply(identity,multiply(multiply(multiply(X0,X0),multiply(multiply(X0,identity),identity)),identity)))) [superposition 168,298]
645. identity = multiply(multiply(identity,X0),multiply(multiply(multiply(identity,X0),multiply(identity,X0)),multiply(multiply(identity,multiply(X0,identity)),identity))) [superposition 530,300]
682. identity = multiply(multiply(identity,X0),multiply(multiply(multiply(identity,X0),multiply(identity,X0)),multiply(identity,multiply(multiply(X0,identity),identity)))) [forward demodulation 645,300]
781. multiply(identity,multiply(multiply(X0,multiply(X0,X0)),multiply(multiply(X0,multiply(X0,X0)),multiply(X0,multiply(X0,X0))))) = multiply(multiply(identity,identity),multiply(multiply(identity,multiply(multiply(identity,multiply(identity,multiply(identity,X0))),identity)),identity)) [superposition 134,112]
788. multiply(identity,multiply(identity,X0)) = multiply(identity,multiply(multiply(X0,multiply(X0,X0)),multiply(multiply(X0,multiply(X0,X0)),multiply(X0,multiply(X0,X0))))) [forward demodulation 781,134]
817. multiply(identity,multiply(identity,multiply(identity,multiply(X0,identity)))) = multiply(X1,multiply(multiply(X1,multiply(multiply(X1,X1),X0)),identity)) [superposition 330,19]
1808. multiply(identity,multiply(multiply(multiply(identity,multiply(identity,multiply(identity,multiply(X1,identity)))),identity),multiply(multiply(X1,multiply(multiply(X1,X1),multiply(X0,X2))),multiply(X2,multiply(X2,X2))))) = multiply(multiply(identity,identity),multiply(multiply(identity,multiply(multiply(identity,multiply(identity,X0)),identity)),identity)) [superposition 134,246]
1809. multiply(identity,X0) = multiply(identity,multiply(multiply(multiply(identity,multiply(identity,multiply(identity,multiply(X1,identity)))),identity),multiply(multiply(X1,multiply(multiply(X1,X1),multiply(X0,X2))),multiply(X2,multiply(X2,X2))))) [forward demodulation 1808,134]
1889. multiply(identity,X0) = multiply(identity,multiply(multiply(multiply(identity,multiply(identity,multiply(identity,multiply(X1,identity)))),identity),multiply(multiply(X1,X1),multiply(multiply(X1,multiply(X0,identity)),identity)))) [forward demodulation 1809,274]
1965. multiply(identity,X0) = multiply(identity,multiply(multiply(identity,multiply(multiply(identity,multiply(identity,multiply(X1,identity))),identity)),multiply(multiply(X1,X1),multiply(multiply(X1,multiply(X0,identity)),identity)))) [forward demodulation 1889,300]
2021. multiply(identity,X0) = multiply(identity,multiply(X1,multiply(multiply(X1,X1),multiply(multiply(X1,multiply(X0,identity)),identity)))) [forward demodulation 1965,19]
2154. multiply(multiply(identity,identity),multiply(multiply(identity,multiply(multiply(identity,X0),identity)),identity)) = multiply(X1,multiply(multiply(X1,X1),multiply(multiply(X1,multiply(X0,identity)),identity))) [superposition 134,2021]
2157. multiply(X1,multiply(multiply(X1,X1),multiply(multiply(X1,multiply(X0,identity)),identity))) = X0 [forward demodulation 2154,134]
2349. multiply(identity,X0) = multiply(X1,multiply(multiply(X1,X1),multiply(multiply(X1,multiply(identity,multiply(X0,identity))),identity))) [superposition 2157,300]
2483. multiply(identity,multiply(identity,multiply(multiply(X0,identity),identity))) = multiply(multiply(identity,multiply(identity,X1)),multiply(multiply(multiply(X0,multiply(multiply(X0,X0),multiply(X1,identity))),identity),multiply(multiply(multiply(X0,multiply(multiply(X0,X0),multiply(X1,identity))),identity),multiply(multiply(X0,multiply(multiply(X0,X0),multiply(X1,identity))),identity)))) [superposition 176,30]
2506. multiply(identity,multiply(identity,multiply(multiply(X0,identity),identity))) = multiply(multiply(identity,multiply(identity,X1)),multiply(multiply(multiply(X0,X0),multiply(multiply(X0,multiply(X1,identity)),identity)),multiply(multiply(multiply(X0,X0),multiply(multiply(X0,multiply(X1,identity)),identity)),multiply(multiply(X0,X0),multiply(multiply(X0,multiply(X1,identity)),identity))))) [forward demodulation 2483,275]
2686. multiply(identity,multiply(identity,multiply(identity,multiply(X0,identity)))) = multiply(X1,multiply(multiply(X1,X1),multiply(multiply(X1,X0),identity))) [superposition 2349,19]
3128. multiply(multiply(identity,multiply(X0,multiply(X1,multiply(X1,X1)))),X1) = multiply(identity,multiply(multiply(X0,identity),identity)) [superposition 19,414]
3505. multiply(identity,multiply(identity,multiply(multiply(multiply(identity,multiply(identity,multiply(multiply(X0,identity),identity))),X1),identity))) = multiply(multiply(identity,multiply(X0,multiply(multiply(X1,multiply(X1,X1)),multiply(multiply(X1,multiply(X1,X1)),multiply(X1,multiply(X1,X1)))))),identity) [superposition 414,3128]
3506. multiply(identity,multiply(X0,multiply(multiply(X2,multiply(X2,X2)),multiply(multiply(X2,multiply(X2,X2)),multiply(X2,multiply(X2,X2)))))) = multiply(multiply(X1,X1),multiply(multiply(multiply(X1,X1),multiply(X1,X1)),multiply(multiply(multiply(X1,X1),multiply(identity,multiply(multiply(X0,identity),identity))),X2))) [superposition 100,3128]
3557. multiply(identity,multiply(identity,multiply(multiply(multiply(identity,multiply(identity,multiply(X0,identity))),identity),X2))) = multiply(multiply(X1,X1),multiply(multiply(multiply(X1,X1),multiply(X1,X1)),multiply(multiply(multiply(X1,X1),multiply(identity,multiply(multiply(X0,identity),identity))),X2))) [forward demodulation 3506,122]
3558. multiply(identity,multiply(identity,multiply(multiply(multiply(identity,multiply(identity,multiply(multiply(X0,identity),identity))),X1),identity))) = multiply(identity,multiply(multiply(X0,multiply(multiply(X1,multiply(X1,X1)),multiply(multiply(X1,multiply(X1,X1)),multiply(X1,multiply(X1,X1))))),identity)) [forward demodulation 3505,300]
3601. multiply(identity,multiply(identity,multiply(multiply(identity,multiply(multiply(identity,multiply(X0,identity)),identity)),X2))) = multiply(multiply(X1,X1),multiply(multiply(multiply(X1,X1),multiply(X1,X1)),multiply(multiply(multiply(X1,X1),multiply(identity,multiply(multiply(X0,identity),identity))),X2))) [forward demodulation 3557,300]
3631. multiply(identity,multiply(identity,multiply(multiply(identity,multiply(identity,multiply(multiply(X0,identity),identity))),X2))) = multiply(multiply(X1,X1),multiply(multiply(multiply(X1,X1),multiply(X1,X1)),multiply(multiply(multiply(X1,X1),multiply(identity,multiply(multiply(X0,identity),identity))),X2))) [forward demodulation 3601,46]
3760. multiply(X0,multiply(multiply(X1,multiply(X1,X1)),multiply(multiply(X1,multiply(X1,X1)),multiply(X1,multiply(X1,X1))))) = multiply(identity,multiply(identity,multiply(multiply(multiply(multiply(identity,identity),multiply(multiply(multiply(identity,identity),multiply(identity,identity)),multiply(multiply(multiply(identity,multiply(multiply(identity,identity),multiply(X0,identity))),identity),X1))),identity),identity))) [superposition 176,85]
3791. multiply(X0,multiply(multiply(X1,multiply(X1,X1)),multiply(multiply(X1,multiply(X1,X1)),multiply(X1,multiply(X1,X1))))) = multiply(identity,multiply(identity,multiply(multiply(multiply(multiply(identity,identity),multiply(multiply(multiply(identity,identity),multiply(identity,identity)),multiply(multiply(multiply(identity,identity),multiply(multiply(identity,multiply(X0,identity)),identity)),X1))),identity),identity))) [forward demodulation 3760,275]
3881. multiply(X0,multiply(multiply(X1,multiply(X1,X1)),multiply(multiply(X1,multiply(X1,X1)),multiply(X1,multiply(X1,X1))))) = multiply(identity,multiply(identity,multiply(multiply(multiply(multiply(identity,identity),multiply(multiply(multiply(identity,identity),multiply(identity,identity)),multiply(multiply(multiply(identity,identity),multiply(identity,multiply(multiply(X0,identity),identity))),X1))),identity),identity))) [forward demodulation 3791,300]
3951. multiply(X0,multiply(multiply(X1,multiply(X1,X1)),multiply(multiply(X1,multiply(X1,X1)),multiply(X1,multiply(X1,X1))))) = multiply(identity,multiply(identity,multiply(multiply(multiply(identity,multiply(identity,multiply(multiply(identity,multiply(identity,multiply(multiply(X0,identity),identity))),X1))),identity),identity))) [forward demodulation 3881,3631]
4003. multiply(X0,multiply(multiply(X1,multiply(X1,X1)),multiply(multiply(X1,multiply(X1,X1)),multiply(X1,multiply(X1,X1))))) = multiply(identity,multiply(multiply(identity,multiply(identity,multiply(multiply(X0,identity),identity))),X1)) [forward demodulation 3951,176]
4168. multiply(multiply(multiply(identity,X0),multiply(identity,X0)),multiply(multiply(multiply(multiply(identity,X0),multiply(identity,X0)),multiply(multiply(identity,X0),multiply(identity,X0))),multiply(multiply(multiply(multiply(identity,X0),multiply(identity,X0)),multiply(identity,multiply(multiply(X0,identity),identity))),X1))) = multiply(multiply(identity,X0),multiply(identity,multiply(multiply(X1,multiply(X1,X1)),multiply(multiply(X1,multiply(X1,X1)),multiply(X1,multiply(X1,X1)))))) [superposition 7,682]
4177. multiply(multiply(multiply(identity,X0),multiply(identity,X0)),multiply(multiply(multiply(multiply(identity,X0),multiply(identity,X0)),multiply(multiply(identity,X0),multiply(identity,X0))),multiply(multiply(multiply(multiply(identity,X0),multiply(identity,X0)),multiply(identity,multiply(multiply(X0,identity),identity))),X1))) = multiply(multiply(identity,X0),multiply(identity,multiply(identity,X1))) [forward demodulation 4168,788]
4227. multiply(identity,multiply(identity,multiply(multiply(identity,multiply(identity,multiply(multiply(X0,identity),identity))),X1))) = multiply(multiply(identity,X0),multiply(identity,multiply(identity,X1))) [forward demodulation 4177,3631]
4499. multiply(identity,multiply(identity,multiply(multiply(identity,X0),multiply(multiply(X1,multiply(X1,X1)),multiply(multiply(X1,multiply(X1,X1)),multiply(X1,multiply(X1,X1))))))) = multiply(identity,multiply(identity,multiply(multiply(multiply(identity,identity),multiply(identity,identity)),multiply(X0,X1)))) [superposition 118,93]
4537. multiply(identity,multiply(identity,multiply(multiply(identity,X0),multiply(multiply(X1,multiply(X1,X1)),multiply(multiply(X1,multiply(X1,X1)),multiply(X1,multiply(X1,X1))))))) = multiply(identity,multiply(identity,multiply(multiply(identity,identity),multiply(X0,X1)))) [forward demodulation 4499,2]
4656. multiply(identity,multiply(identity,multiply(multiply(identity,X0),multiply(multiply(X1,multiply(X1,X1)),multiply(multiply(X1,multiply(X1,X1)),multiply(X1,multiply(X1,X1))))))) = multiply(identity,multiply(identity,multiply(identity,multiply(X0,X1)))) [forward demodulation 4537,2]
4744. multiply(identity,multiply(identity,multiply(identity,multiply(X0,X1)))) = multiply(identity,multiply(identity,multiply(identity,multiply(multiply(multiply(identity,multiply(identity,multiply(multiply(identity,X0),identity))),identity),X1)))) [forward demodulation 4656,122]
4800. multiply(identity,multiply(identity,multiply(identity,multiply(X0,X1)))) = multiply(identity,multiply(identity,multiply(identity,multiply(multiply(identity,multiply(multiply(identity,multiply(multiply(identity,X0),identity)),identity)),X1)))) [forward demodulation 4744,300]
4831. multiply(identity,multiply(identity,multiply(identity,multiply(X0,X1)))) = multiply(identity,multiply(identity,multiply(identity,multiply(multiply(identity,multiply(identity,multiply(multiply(multiply(identity,X0),identity),identity))),X1)))) [forward demodulation 4800,46]
4857. multiply(identity,multiply(identity,multiply(identity,multiply(X0,X1)))) = multiply(identity,multiply(multiply(identity,multiply(identity,X0)),multiply(identity,multiply(identity,X1)))) [forward demodulation 4831,4227]
4948. multiply(identity,multiply(identity,multiply(identity,multiply(multiply(multiply(multiply(X0,X0),X1),multiply(multiply(X2,multiply(X2,X2)),multiply(multiply(X2,multiply(X2,X2)),multiply(X2,multiply(X2,X2))))),identity)))) = multiply(X0,multiply(multiply(X0,multiply(multiply(multiply(X0,X0),multiply(X0,X0)),multiply(multiply(multiply(multiply(X0,X0),multiply(X0,X0)),multiply(multiply(X0,X0),multiply(X0,X0))),multiply(X1,X2)))),identity)) [superposition 817,7]
4953. multiply(identity,multiply(identity,multiply(identity,multiply(multiply(X1,multiply(multiply(X2,multiply(X2,X2)),multiply(multiply(X2,multiply(X2,X2)),multiply(X2,multiply(X2,X2))))),identity)))) = multiply(X0,multiply(multiply(X0,multiply(multiply(multiply(X0,X0),multiply(X0,X0)),multiply(multiply(multiply(multiply(X0,X0),multiply(X0,X0)),multiply(multiply(X0,X0),multiply(X0,X0))),multiply(multiply(multiply(multiply(X0,X0),multiply(multiply(multiply(X0,X0),multiply(X0,X0)),multiply(X1,identity))),identity),X2)))),identity)) [superposition 817,85]
4978. multiply(multiply(X1,X1),multiply(multiply(multiply(X1,X1),multiply(X1,X1)),X0)) = multiply(X1,multiply(multiply(X1,multiply(identity,multiply(identity,multiply(identity,multiply(X0,identity))))),identity)) [superposition 9,817]
4982. multiply(X1,multiply(multiply(X1,multiply(multiply(multiply(X1,X1),multiply(X1,X1)),multiply(multiply(multiply(multiply(X1,X1),multiply(X1,X1)),multiply(multiply(X1,X1),multiply(X1,X1))),X0))),identity)) = multiply(multiply(X1,X1),multiply(identity,multiply(identity,multiply(identity,multiply(X0,identity))))) [superposition 21,817]
5013. multiply(multiply(X1,multiply(multiply(X1,X1),X0)),identity) = multiply(multiply(X1,X1),multiply(multiply(X1,multiply(multiply(identity,multiply(identity,multiply(identity,multiply(X0,identity)))),identity)),identity)) [superposition 134,817]
5022. multiply(multiply(X1,multiply(multiply(X1,X1),X0)),identity) = multiply(multiply(X1,X1),multiply(multiply(X1,multiply(identity,multiply(multiply(identity,multiply(identity,multiply(X0,identity))),identity))),identity)) [forward demodulation 5013,300]
5069. multiply(identity,multiply(identity,multiply(identity,multiply(multiply(X1,multiply(multiply(X2,multiply(X2,X2)),multiply(multiply(X2,multiply(X2,X2)),multiply(X2,multiply(X2,X2))))),identity)))) = multiply(multiply(X0,X0),multiply(identity,multiply(identity,multiply(identity,multiply(multiply(multiply(multiply(multiply(X0,X0),multiply(multiply(multiply(X0,X0),multiply(X0,X0)),multiply(X1,identity))),identity),X2),identity))))) [forward demodulation 4953,4982]
5073. multiply(identity,multiply(identity,multiply(identity,multiply(multiply(multiply(multiply(X0,X0),X1),multiply(multiply(X2,multiply(X2,X2)),multiply(multiply(X2,multiply(X2,X2)),multiply(X2,multiply(X2,X2))))),identity)))) = multiply(multiply(X0,X0),multiply(identity,multiply(identity,multiply(identity,multiply(multiply(X1,X2),identity))))) [forward demodulation 4948,4982]
5096. multiply(multiply(X1,multiply(multiply(X1,X1),X0)),identity) = multiply(multiply(X1,X1),multiply(multiply(X1,X0),identity)) [forward demodulation 5022,19]
5126. multiply(identity,multiply(identity,multiply(identity,multiply(multiply(X1,multiply(multiply(X2,multiply(X2,X2)),multiply(multiply(X2,multiply(X2,X2)),multiply(X2,multiply(X2,X2))))),identity)))) = multiply(multiply(X0,X0),multiply(identity,multiply(identity,multiply(identity,multiply(multiply(multiply(multiply(multiply(X0,X0),multiply(X0,X0)),multiply(multiply(multiply(X0,X0),multiply(X1,identity)),identity)),X2),identity))))) [forward demodulation 5069,275]
5128. multiply(multiply(X0,X0),multiply(identity,multiply(identity,multiply(identity,multiply(multiply(X1,X2),identity))))) = multiply(identity,multiply(identity,multiply(identity,multiply(identity,multiply(multiply(multiply(identity,multiply(identity,multiply(multiply(multiply(multiply(X0,X0),X1),identity),identity))),X2),identity))))) [forward demodulation 5073,3558]
5162. multiply(identity,multiply(identity,multiply(identity,multiply(multiply(X1,multiply(multiply(X2,multiply(X2,X2)),multiply(multiply(X2,multiply(X2,X2)),multiply(X2,multiply(X2,X2))))),identity)))) = multiply(multiply(X0,X0),multiply(identity,multiply(identity,multiply(identity,multiply(multiply(multiply(multiply(X0,multiply(multiply(X0,X1),identity)),identity),X2),identity))))) [forward demodulation 5126,280]
5180. multiply(multiply(X0,X0),multiply(identity,multiply(identity,multiply(identity,multiply(multiply(multiply(multiply(X0,multiply(multiply(X0,X1),identity)),identity),X2),identity))))) = multiply(identity,multiply(identity,multiply(identity,multiply(identity,multiply(multiply(multiply(identity,multiply(identity,multiply(multiply(X1,identity),identity))),X2),identity))))) [forward demodulation 5162,3558]
5205. identity = multiply(identity,multiply(multiply(identity,X0),multiply(multiply(multiply(identity,multiply(identity,multiply(multiply(identity,multiply(multiply(multiply(X0,multiply(multiply(X0,X0),identity)),identity),multiply(multiply(multiply(X0,multiply(multiply(X0,X0),identity)),identity),multiply(multiply(X0,multiply(multiply(X0,X0),identity)),identity)))),X1))),multiply(X1,multiply(X1,X1))),multiply(multiply(multiply(identity,multiply(identity,multiply(multiply(identity,multiply(multiply(multiply(X0,multiply(multiply(X0,X0),identity)),identity),multiply(multiply(multiply(X0,multiply(multiply(X0,X0),identity)),identity),multiply(multiply(X0,multiply(multiply(X0,X0),identity)),identity)))),X1))),multiply(X1,multiply(X1,X1))),multiply(multiply(identity,multiply(identity,multiply(multiply(identity,multiply(multiply(multiply(X0,multiply(multiply(X0,X0),identity)),identity),multiply(multiply(multiply(X0,multiply(multiply(X0,X0),identity)),identity),multiply(multiply(X0,multiply(multiply(X0,X0),identity)),identity)))),X1))),multiply(X1,multiply(X1,X1))))))) [superposition 28,49]
5332. multiply(identity,multiply(identity,multiply(multiply(multiply(identity,multiply(identity,multiply(multiply(identity,multiply(identity,X0)),identity))),identity),X2))) = multiply(identity,multiply(identity,multiply(multiply(multiply(identity,identity),multiply(multiply(multiply(multiply(identity,multiply(identity,multiply(X0,X1))),multiply(X1,multiply(X1,X1))),multiply(multiply(multiply(identity,multiply(identity,multiply(X0,X1))),multiply(X1,multiply(X1,X1))),multiply(multiply(identity,multiply(identity,multiply(X0,X1))),multiply(X1,multiply(X1,X1))))),multiply(multiply(multiply(multiply(identity,multiply(identity,multiply(X0,X1))),multiply(X1,multiply(X1,X1))),multiply(multiply(multiply(identity,multiply(identity,multiply(X0,X1))),multiply(X1,multiply(X1,X1))),multiply(multiply(identity,multiply(identity,multiply(X0,X1))),multiply(X1,multiply(X1,X1))))),multiply(multiply(multiply(identity,multiply(identity,multiply(X0,X1))),multiply(X1,multiply(X1,X1))),multiply(multiply(multiply(identity,multiply(identity,multiply(X0,X1))),multiply(X1,multiply(X1,X1))),multiply(multiply(identity,multiply(identity,multiply(X0,X1))),multiply(X1,multiply(X1,X1)))))))),X2))) [superposition 130,28]
5367. multiply(identity,multiply(identity,multiply(multiply(multiply(identity,multiply(identity,multiply(multiply(identity,multiply(identity,X0)),identity))),identity),X2))) = multiply(identity,multiply(identity,multiply(multiply(identity,multiply(multiply(identity,multiply(identity,multiply(multiply(multiply(identity,identity),identity),identity))),multiply(multiply(identity,multiply(identity,multiply(X0,X1))),multiply(X1,multiply(X1,X1))))),X2))) [forward demodulation 5332,4003]
5482. identity = multiply(identity,multiply(multiply(identity,X0),multiply(multiply(identity,multiply(identity,multiply(multiply(multiply(identity,multiply(multiply(multiply(X0,multiply(multiply(X0,X0),identity)),identity),multiply(multiply(multiply(X0,multiply(multiply(X0,X0),identity)),identity),multiply(multiply(X0,multiply(multiply(X0,X0),identity)),identity)))),identity),identity))),multiply(multiply(identity,multiply(identity,multiply(multiply(multiply(identity,multiply(multiply(multiply(X0,multiply(multiply(X0,X0),identity)),identity),multiply(multiply(multiply(X0,multiply(multiply(X0,X0),identity)),identity),multiply(multiply(X0,multiply(multiply(X0,X0),identity)),identity)))),identity),identity))),multiply(identity,multiply(identity,multiply(multiply(multiply(identity,multiply(multiply(multiply(X0,multiply(multiply(X0,X0),identity)),identity),multiply(multiply(multiply(X0,multiply(multiply(X0,X0),identity)),identity),multiply(multiply(X0,multiply(multiply(X0,X0),identity)),identity)))),identity),identity))))))) [forward demodulation 5205,307]
5508. multiply(identity,multiply(identity,multiply(multiply(multiply(identity,multiply(identity,multiply(multiply(identity,multiply(identity,X0)),identity))),identity),X2))) = multiply(identity,multiply(identity,multiply(multiply(identity,multiply(multiply(identity,multiply(identity,multiply(multiply(multiply(identity,identity),identity),identity))),multiply(identity,multiply(identity,multiply(multiply(X0,identity),identity))))),X2))) [forward demodulation 5367,307]
5606. identity = multiply(identity,multiply(multiply(identity,X0),multiply(multiply(multiply(multiply(X0,multiply(multiply(X0,X0),identity)),identity),multiply(multiply(multiply(X0,multiply(multiply(X0,X0),identity)),identity),multiply(multiply(X0,multiply(multiply(X0,X0),identity)),identity))),multiply(multiply(multiply(multiply(X0,multiply(multiply(X0,X0),identity)),identity),multiply(multiply(multiply(X0,multiply(multiply(X0,X0),identity)),identity),multiply(multiply(X0,multiply(multiply(X0,X0),identity)),identity))),multiply(multiply(multiply(X0,multiply(multiply(X0,X0),identity)),identity),multiply(multiply(multiply(X0,multiply(multiply(X0,X0),identity)),identity),multiply(multiply(X0,multiply(multiply(X0,X0),identity)),identity))))))) [forward demodulation 5482,176]
5631. multiply(identity,multiply(identity,multiply(multiply(multiply(identity,multiply(identity,multiply(multiply(identity,multiply(identity,X0)),identity))),identity),X2))) = multiply(identity,multiply(identity,multiply(multiply(identity,multiply(identity,multiply(identity,multiply(multiply(multiply(multiply(identity,identity),identity),identity),multiply(multiply(X0,identity),identity))))),X2))) [forward demodulation 5508,4857]
5715. identity = multiply(identity,multiply(identity,multiply(multiply(multiply(identity,multiply(identity,multiply(multiply(identity,X0),identity))),identity),multiply(multiply(X0,multiply(multiply(X0,X0),identity)),identity)))) [forward demodulation 5606,122]
5733. multiply(identity,multiply(identity,multiply(multiply(multiply(identity,multiply(identity,multiply(multiply(identity,multiply(identity,X0)),identity))),identity),X2))) = multiply(identity,multiply(identity,multiply(multiply(identity,multiply(identity,multiply(identity,multiply(multiply(multiply(identity,multiply(identity,identity)),identity),multiply(multiply(X0,identity),identity))))),X2))) [forward demodulation 5631,300]
5804. identity = multiply(identity,multiply(identity,multiply(multiply(multiply(identity,multiply(identity,multiply(multiply(identity,X0),identity))),identity),multiply(multiply(X0,X0),multiply(multiply(X0,identity),identity))))) [forward demodulation 5715,5096]
5819. multiply(identity,multiply(identity,multiply(multiply(multiply(identity,multiply(identity,multiply(multiply(identity,multiply(identity,X0)),identity))),identity),X2))) = multiply(identity,multiply(identity,multiply(multiply(identity,multiply(identity,multiply(identity,multiply(multiply(identity,multiply(multiply(identity,identity),identity)),multiply(multiply(X0,identity),identity))))),X2))) [forward demodulation 5733,300]
5871. identity = multiply(identity,multiply(identity,multiply(multiply(identity,multiply(multiply(identity,multiply(multiply(identity,X0),identity)),identity)),multiply(multiply(X0,X0),multiply(multiply(X0,identity),identity))))) [forward demodulation 5804,300]
5882. multiply(identity,multiply(identity,multiply(multiply(multiply(identity,multiply(identity,multiply(multiply(identity,multiply(identity,X0)),identity))),identity),X2))) = multiply(identity,multiply(identity,multiply(multiply(identity,multiply(identity,multiply(identity,multiply(multiply(identity,multiply(identity,multiply(identity,identity))),multiply(multiply(X0,identity),identity))))),X2))) [forward demodulation 5819,46]
5921. identity = multiply(identity,multiply(identity,multiply(multiply(identity,multiply(identity,multiply(multiply(multiply(identity,X0),identity),identity))),multiply(multiply(X0,X0),multiply(multiply(X0,identity),identity))))) [forward demodulation 5871,46]
5930. multiply(identity,multiply(identity,multiply(multiply(multiply(identity,multiply(identity,multiply(multiply(identity,multiply(identity,X0)),identity))),identity),X2))) = multiply(identity,multiply(identity,multiply(multiply(identity,multiply(identity,multiply(identity,multiply(multiply(identity,multiply(identity,identity)),multiply(multiply(X0,identity),identity))))),X2))) [forward demodulation 5882,2]
5960. identity = multiply(multiply(identity,multiply(identity,X0)),multiply(identity,multiply(identity,multiply(multiply(X0,X0),multiply(multiply(X0,identity),identity))))) [forward demodulation 5921,4227]
5966. multiply(identity,multiply(identity,multiply(multiply(multiply(identity,multiply(identity,multiply(multiply(identity,multiply(identity,X0)),identity))),identity),X2))) = multiply(identity,multiply(identity,multiply(multiply(identity,multiply(identity,multiply(identity,multiply(multiply(identity,identity),multiply(multiply(X0,identity),identity))))),X2))) [forward demodulation 5930,2]
5987. multiply(identity,multiply(identity,multiply(multiply(multiply(identity,multiply(identity,multiply(multiply(identity,multiply(identity,X0)),identity))),identity),X2))) = multiply(identity,multiply(identity,multiply(multiply(identity,multiply(identity,multiply(identity,multiply(identity,multiply(multiply(X0,identity),identity))))),X2))) [forward demodulation 5966,2]
5998. multiply(identity,multiply(identity,multiply(multiply(multiply(identity,multiply(identity,multiply(multiply(identity,multiply(identity,X0)),identity))),identity),X2))) = multiply(identity,multiply(identity,multiply(multiply(identity,X0),X2))) [forward demodulation 5987,168]
6003. multiply(identity,multiply(identity,multiply(multiply(identity,X0),X2))) = multiply(identity,multiply(identity,multiply(multiply(identity,multiply(multiply(identity,multiply(multiply(identity,multiply(identity,X0)),identity)),identity)),X2))) [forward demodulation 5998,300]
6007. multiply(identity,multiply(identity,multiply(multiply(identity,X0),X2))) = multiply(identity,multiply(identity,multiply(multiply(identity,multiply(identity,multiply(multiply(multiply(identity,multiply(identity,X0)),identity),identity))),X2))) [forward demodulation 6003,46]
6010. multiply(identity,multiply(identity,multiply(multiply(identity,X0),X2))) = multiply(multiply(identity,multiply(identity,multiply(identity,X0))),multiply(identity,multiply(identity,X2))) [forward demodulation 6007,4227]
6015. multiply(multiply(X0,multiply(X0,multiply(multiply(X0,X1),identity))),identity) = multiply(multiply(X0,X0),multiply(multiply(X0,multiply(multiply(multiply(X0,X0),multiply(X0,X0)),multiply(X1,identity))),identity)) [superposition 5096,21]
6446. multiply(X0,multiply(identity,multiply(multiply(multiply(multiply(X2,multiply(X2,X2)),multiply(multiply(X2,multiply(X2,X2)),multiply(X2,multiply(X2,X2)))),multiply(multiply(multiply(X2,multiply(X2,X2)),multiply(multiply(X2,multiply(X2,X2)),multiply(X2,multiply(X2,X2)))),multiply(multiply(X2,multiply(X2,X2)),multiply(multiply(X2,multiply(X2,X2)),multiply(X2,multiply(X2,X2)))))),multiply(multiply(multiply(multiply(X2,multiply(X2,X2)),multiply(multiply(X2,multiply(X2,X2)),multiply(X2,multiply(X2,X2)))),multiply(multiply(multiply(X2,multiply(X2,X2)),multiply(multiply(X2,multiply(X2,X2)),multiply(X2,multiply(X2,X2)))),multiply(multiply(X2,multiply(X2,X2)),multiply(multiply(X2,multiply(X2,X2)),multiply(X2,multiply(X2,X2)))))),multiply(multiply(multiply(X2,multiply(X2,X2)),multiply(multiply(X2,multiply(X2,X2)),multiply(X2,multiply(X2,X2)))),multiply(multiply(multiply(X2,multiply(X2,X2)),multiply(multiply(X2,multiply(X2,X2)),multiply(X2,multiply(X2,X2)))),multiply(multiply(X2,multiply(X2,X2)),multiply(multiply(X2,multiply(X2,X2)),multiply(X2,multiply(X2,X2)))))))))) = multiply(multiply(X0,X0),multiply(multiply(multiply(multiply(X0,X0),multiply(X0,X0)),multiply(multiply(X0,X0),multiply(X0,X0))),multiply(multiply(multiply(multiply(multiply(X0,X0),multiply(X0,X0)),multiply(multiply(X0,X0),multiply(X0,X0))),multiply(multiply(multiply(X0,X0),multiply(X0,X0)),multiply(multiply(X0,X0),multiply(X0,X0)))),multiply(multiply(multiply(multiply(multiply(X0,X0),multiply(X0,X0)),multiply(multiply(multiply(multiply(X0,X0),multiply(X0,X0)),multiply(multiply(X0,X0),multiply(X0,X0))),multiply(multiply(multiply(X0,multiply(multiply(X0,X0),identity)),identity),X1))),multiply(X1,multiply(X1,X1))),X2)))) [superposition 86,84]
6559. multiply(X0,multiply(identity,multiply(multiply(multiply(multiply(X2,multiply(X2,X2)),multiply(multiply(X2,multiply(X2,X2)),multiply(X2,multiply(X2,X2)))),multiply(multiply(multiply(X2,multiply(X2,X2)),multiply(multiply(X2,multiply(X2,X2)),multiply(X2,multiply(X2,X2)))),multiply(multiply(X2,multiply(X2,X2)),multiply(multiply(X2,multiply(X2,X2)),multiply(X2,multiply(X2,X2)))))),multiply(multiply(multiply(multiply(X2,multiply(X2,X2)),multiply(multiply(X2,multiply(X2,X2)),multiply(X2,multiply(X2,X2)))),multiply(multiply(multiply(X2,multiply(X2,X2)),multiply(multiply(X2,multiply(X2,X2)),multiply(X2,multiply(X2,X2)))),multiply(multiply(X2,multiply(X2,X2)),multiply(multiply(X2,multiply(X2,X2)),multiply(X2,multiply(X2,X2)))))),multiply(multiply(multiply(X2,multiply(X2,X2)),multiply(multiply(X2,multiply(X2,X2)),multiply(X2,multiply(X2,X2)))),multiply(multiply(multiply(X2,multiply(X2,X2)),multiply(multiply(X2,multiply(X2,X2)),multiply(X2,multiply(X2,X2)))),multiply(multiply(X2,multiply(X2,X2)),multiply(multiply(X2,multiply(X2,X2)),multiply(X2,multiply(X2,X2)))))))))) = multiply(multiply(X0,X0),multiply(multiply(multiply(X0,X0),multiply(X0,X0)),multiply(multiply(multiply(multiply(X0,X0),multiply(X0,X0)),multiply(identity,multiply(identity,multiply(identity,multiply(multiply(multiply(multiply(multiply(multiply(X0,X0),multiply(X0,X0)),multiply(multiply(multiply(multiply(X0,X0),multiply(X0,X0)),multiply(multiply(X0,X0),multiply(X0,X0))),multiply(multiply(multiply(X0,multiply(multiply(X0,X0),identity)),identity),X1))),multiply(X1,multiply(X1,X1))),X2),identity))))),identity))) [forward demodulation 6446,4978]
6762. multiply(X0,multiply(identity,multiply(multiply(multiply(multiply(X2,multiply(X2,X2)),multiply(multiply(X2,multiply(X2,X2)),multiply(X2,multiply(X2,X2)))),multiply(multiply(multiply(X2,multiply(X2,X2)),multiply(multiply(X2,multiply(X2,X2)),multiply(X2,multiply(X2,X2)))),multiply(multiply(X2,multiply(X2,X2)),multiply(multiply(X2,multiply(X2,X2)),multiply(X2,multiply(X2,X2)))))),multiply(multiply(multiply(multiply(X2,multiply(X2,X2)),multiply(multiply(X2,multiply(X2,X2)),multiply(X2,multiply(X2,X2)))),multiply(multiply(multiply(X2,multiply(X2,X2)),multiply(multiply(X2,multiply(X2,X2)),multiply(X2,multiply(X2,X2)))),multiply(multiply(X2,multiply(X2,X2)),multiply(multiply(X2,multiply(X2,X2)),multiply(X2,multiply(X2,X2)))))),multiply(multiply(multiply(X2,multiply(X2,X2)),multiply(multiply(X2,multiply(X2,X2)),multiply(X2,multiply(X2,X2)))),multiply(multiply(multiply(X2,multiply(X2,X2)),multiply(multiply(X2,multiply(X2,X2)),multiply(X2,multiply(X2,X2)))),multiply(multiply(X2,multiply(X2,X2)),multiply(multiply(X2,multiply(X2,X2)),multiply(X2,multiply(X2,X2)))))))))) = multiply(X0,multiply(multiply(X0,multiply(multiply(multiply(X0,X0),multiply(X0,X0)),multiply(identity,multiply(identity,multiply(identity,multiply(multiply(multiply(multiply(multiply(multiply(X0,X0),multiply(X0,X0)),multiply(multiply(multiply(multiply(X0,X0),multiply(X0,X0)),multiply(multiply(X0,X0),multiply(X0,X0))),multiply(multiply(multiply(X0,multiply(multiply(X0,X0),identity)),identity),X1))),multiply(X1,multiply(X1,X1))),X2),identity)))))),identity)) [forward demodulation 6559,21]
6931. multiply(X0,multiply(identity,multiply(multiply(multiply(multiply(X2,multiply(X2,X2)),multiply(multiply(X2,multiply(X2,X2)),multiply(X2,multiply(X2,X2)))),multiply(multiply(multiply(X2,multiply(X2,X2)),multiply(multiply(X2,multiply(X2,X2)),multiply(X2,multiply(X2,X2)))),multiply(multiply(X2,multiply(X2,X2)),multiply(multiply(X2,multiply(X2,X2)),multiply(X2,multiply(X2,X2)))))),multiply(multiply(multiply(multiply(X2,multiply(X2,X2)),multiply(multiply(X2,multiply(X2,X2)),multiply(X2,multiply(X2,X2)))),multiply(multiply(multiply(X2,multiply(X2,X2)),multiply(multiply(X2,multiply(X2,X2)),multiply(X2,multiply(X2,X2)))),multiply(multiply(X2,multiply(X2,X2)),multiply(multiply(X2,multiply(X2,X2)),multiply(X2,multiply(X2,X2)))))),multiply(multiply(multiply(X2,multiply(X2,X2)),multiply(multiply(X2,multiply(X2,X2)),multiply(X2,multiply(X2,X2)))),multiply(multiply(multiply(X2,multiply(X2,X2)),multiply(multiply(X2,multiply(X2,X2)),multiply(X2,multiply(X2,X2)))),multiply(multiply(X2,multiply(X2,X2)),multiply(multiply(X2,multiply(X2,X2)),multiply(X2,multiply(X2,X2)))))))))) = multiply(X0,multiply(multiply(X0,multiply(multiply(multiply(X0,X0),multiply(X0,X0)),multiply(identity,multiply(identity,multiply(identity,multiply(multiply(multiply(multiply(multiply(multiply(X0,X0),multiply(X0,X0)),multiply(multiply(X0,X0),multiply(X0,X0))),multiply(multiply(multiply(multiply(X0,X0),multiply(X0,X0)),multiply(multiply(multiply(X0,multiply(multiply(X0,X0),identity)),identity),identity)),identity)),X2),identity)))))),identity)) [forward demodulation 6762,274]
7049. multiply(X0,multiply(identity,multiply(multiply(multiply(multiply(X2,multiply(X2,X2)),multiply(multiply(X2,multiply(X2,X2)),multiply(X2,multiply(X2,X2)))),multiply(multiply(multiply(X2,multiply(X2,X2)),multiply(multiply(X2,multiply(X2,X2)),multiply(X2,multiply(X2,X2)))),multiply(multiply(X2,multiply(X2,X2)),multiply(multiply(X2,multiply(X2,X2)),multiply(X2,multiply(X2,X2)))))),multiply(multiply(multiply(multiply(X2,multiply(X2,X2)),multiply(multiply(X2,multiply(X2,X2)),multiply(X2,multiply(X2,X2)))),multiply(multiply(multiply(X2,multiply(X2,X2)),multiply(multiply(X2,multiply(X2,X2)),multiply(X2,multiply(X2,X2)))),multiply(multiply(X2,multiply(X2,X2)),multiply(multiply(X2,multiply(X2,X2)),multiply(X2,multiply(X2,X2)))))),multiply(multiply(multiply(X2,multiply(X2,X2)),multiply(multiply(X2,multiply(X2,X2)),multiply(X2,multiply(X2,X2)))),multiply(multiply(multiply(X2,multiply(X2,X2)),multiply(multiply(X2,multiply(X2,X2)),multiply(X2,multiply(X2,X2)))),multiply(multiply(X2,multiply(X2,X2)),multiply(multiply(X2,multiply(X2,X2)),multiply(X2,multiply(X2,X2)))))))))) = multiply(X0,multiply(multiply(X0,multiply(multiply(multiply(X0,X0),multiply(X0,X0)),multiply(identity,multiply(identity,multiply(identity,multiply(multiply(multiply(multiply(multiply(X0,X0),multiply(multiply(multiply(X0,X0),multiply(multiply(X0,multiply(multiply(X0,X0),identity)),identity)),identity)),identity),X2),identity)))))),identity)) [forward demodulation 6931,280]
7125. multiply(X0,multiply(identity,multiply(multiply(multiply(multiply(X2,multiply(X2,X2)),multiply(multiply(X2,multiply(X2,X2)),multiply(X2,multiply(X2,X2)))),multiply(multiply(multiply(X2,multiply(X2,X2)),multiply(multiply(X2,multiply(X2,X2)),multiply(X2,multiply(X2,X2)))),multiply(multiply(X2,multiply(X2,X2)),multiply(multiply(X2,multiply(X2,X2)),multiply(X2,multiply(X2,X2)))))),multiply(multiply(multiply(multiply(X2,multiply(X2,X2)),multiply(multiply(X2,multiply(X2,X2)),multiply(X2,multiply(X2,X2)))),multiply(multiply(multiply(X2,multiply(X2,X2)),multiply(multiply(X2,multiply(X2,X2)),multiply(X2,multiply(X2,X2)))),multiply(multiply(X2,multiply(X2,X2)),multiply(multiply(X2,multiply(X2,X2)),multiply(X2,multiply(X2,X2)))))),multiply(multiply(multiply(X2,multiply(X2,X2)),multiply(multiply(X2,multiply(X2,X2)),multiply(X2,multiply(X2,X2)))),multiply(multiply(multiply(X2,multiply(X2,X2)),multiply(multiply(X2,multiply(X2,X2)),multiply(X2,multiply(X2,X2)))),multiply(multiply(X2,multiply(X2,X2)),multiply(multiply(X2,multiply(X2,X2)),multiply(X2,multiply(X2,X2)))))))))) = multiply(X0,multiply(multiply(X0,multiply(identity,multiply(identity,multiply(identity,multiply(identity,multiply(multiply(multiply(identity,multiply(identity,multiply(multiply(multiply(multiply(X0,multiply(multiply(X0,X0),identity)),identity),identity),identity))),X2),identity)))))),identity)) [forward demodulation 7049,5180]
7170. multiply(X0,multiply(identity,multiply(multiply(multiply(multiply(X2,multiply(X2,X2)),multiply(multiply(X2,multiply(X2,X2)),multiply(X2,multiply(X2,X2)))),multiply(multiply(multiply(X2,multiply(X2,X2)),multiply(multiply(X2,multiply(X2,X2)),multiply(X2,multiply(X2,X2)))),multiply(multiply(X2,multiply(X2,X2)),multiply(multiply(X2,multiply(X2,X2)),multiply(X2,multiply(X2,X2)))))),multiply(multiply(multiply(multiply(X2,multiply(X2,X2)),multiply(multiply(X2,multiply(X2,X2)),multiply(X2,multiply(X2,X2)))),multiply(multiply(multiply(X2,multiply(X2,X2)),multiply(multiply(X2,multiply(X2,X2)),multiply(X2,multiply(X2,X2)))),multiply(multiply(X2,multiply(X2,X2)),multiply(multiply(X2,multiply(X2,X2)),multiply(X2,multiply(X2,X2)))))),multiply(multiply(multiply(X2,multiply(X2,X2)),multiply(multiply(X2,multiply(X2,X2)),multiply(X2,multiply(X2,X2)))),multiply(multiply(multiply(X2,multiply(X2,X2)),multiply(multiply(X2,multiply(X2,X2)),multiply(X2,multiply(X2,X2)))),multiply(multiply(X2,multiply(X2,X2)),multiply(multiply(X2,multiply(X2,X2)),multiply(X2,multiply(X2,X2)))))))))) = multiply(X0,multiply(multiply(X0,multiply(identity,multiply(identity,multiply(identity,multiply(identity,multiply(multiply(multiply(identity,multiply(identity,multiply(multiply(multiply(multiply(X0,X0),multiply(multiply(X0,identity),identity)),identity),identity))),X2),identity)))))),identity)) [forward demodulation 7125,5096]
7202. multiply(X0,multiply(identity,multiply(multiply(multiply(multiply(X2,multiply(X2,X2)),multiply(multiply(X2,multiply(X2,X2)),multiply(X2,multiply(X2,X2)))),multiply(multiply(multiply(X2,multiply(X2,X2)),multiply(multiply(X2,multiply(X2,X2)),multiply(X2,multiply(X2,X2)))),multiply(multiply(X2,multiply(X2,X2)),multiply(multiply(X2,multiply(X2,X2)),multiply(X2,multiply(X2,X2)))))),multiply(multiply(multiply(multiply(X2,multiply(X2,X2)),multiply(multiply(X2,multiply(X2,X2)),multiply(X2,multiply(X2,X2)))),multiply(multiply(multiply(X2,multiply(X2,X2)),multiply(multiply(X2,multiply(X2,X2)),multiply(X2,multiply(X2,X2)))),multiply(multiply(X2,multiply(X2,X2)),multiply(multiply(X2,multiply(X2,X2)),multiply(X2,multiply(X2,X2)))))),multiply(multiply(multiply(X2,multiply(X2,X2)),multiply(multiply(X2,multiply(X2,X2)),multiply(X2,multiply(X2,X2)))),multiply(multiply(multiply(X2,multiply(X2,X2)),multiply(multiply(X2,multiply(X2,X2)),multiply(X2,multiply(X2,X2)))),multiply(multiply(X2,multiply(X2,X2)),multiply(multiply(X2,multiply(X2,X2)),multiply(X2,multiply(X2,X2)))))))))) = multiply(X0,multiply(multiply(X0,multiply(multiply(X0,X0),multiply(identity,multiply(identity,multiply(identity,multiply(multiply(multiply(multiply(X0,identity),identity),X2),identity)))))),identity)) [forward demodulation 7170,5128]
7229. multiply(X0,multiply(identity,multiply(multiply(multiply(multiply(X2,multiply(X2,X2)),multiply(multiply(X2,multiply(X2,X2)),multiply(X2,multiply(X2,X2)))),multiply(multiply(multiply(X2,multiply(X2,X2)),multiply(multiply(X2,multiply(X2,X2)),multiply(X2,multiply(X2,X2)))),multiply(multiply(X2,multiply(X2,X2)),multiply(multiply(X2,multiply(X2,X2)),multiply(X2,multiply(X2,X2)))))),multiply(multiply(multiply(multiply(X2,multiply(X2,X2)),multiply(multiply(X2,multiply(X2,X2)),multiply(X2,multiply(X2,X2)))),multiply(multiply(multiply(X2,multiply(X2,X2)),multiply(multiply(X2,multiply(X2,X2)),multiply(X2,multiply(X2,X2)))),multiply(multiply(X2,multiply(X2,X2)),multiply(multiply(X2,multiply(X2,X2)),multiply(X2,multiply(X2,X2)))))),multiply(multiply(multiply(X2,multiply(X2,X2)),multiply(multiply(X2,multiply(X2,X2)),multiply(X2,multiply(X2,X2)))),multiply(multiply(multiply(X2,multiply(X2,X2)),multiply(multiply(X2,multiply(X2,X2)),multiply(X2,multiply(X2,X2)))),multiply(multiply(X2,multiply(X2,X2)),multiply(multiply(X2,multiply(X2,X2)),multiply(X2,multiply(X2,X2)))))))))) = multiply(identity,multiply(identity,multiply(identity,multiply(multiply(identity,multiply(identity,multiply(identity,multiply(multiply(multiply(multiply(X0,identity),identity),X2),identity)))),identity)))) [forward demodulation 7202,817]
7249. multiply(X0,multiply(identity,multiply(multiply(multiply(multiply(X2,multiply(X2,X2)),multiply(multiply(X2,multiply(X2,X2)),multiply(X2,multiply(X2,X2)))),multiply(multiply(multiply(X2,multiply(X2,X2)),multiply(multiply(X2,multiply(X2,X2)),multiply(X2,multiply(X2,X2)))),multiply(multiply(X2,multiply(X2,X2)),multiply(multiply(X2,multiply(X2,X2)),multiply(X2,multiply(X2,X2)))))),multiply(multiply(multiply(multiply(X2,multiply(X2,X2)),multiply(multiply(X2,multiply(X2,X2)),multiply(X2,multiply(X2,X2)))),multiply(multiply(multiply(X2,multiply(X2,X2)),multiply(multiply(X2,multiply(X2,X2)),multiply(X2,multiply(X2,X2)))),multiply(multiply(X2,multiply(X2,X2)),multiply(multiply(X2,multiply(X2,X2)),multiply(X2,multiply(X2,X2)))))),multiply(multiply(multiply(X2,multiply(X2,X2)),multiply(multiply(X2,multiply(X2,X2)),multiply(X2,multiply(X2,X2)))),multiply(multiply(multiply(X2,multiply(X2,X2)),multiply(multiply(X2,multiply(X2,X2)),multiply(X2,multiply(X2,X2)))),multiply(multiply(X2,multiply(X2,X2)),multiply(multiply(X2,multiply(X2,X2)),multiply(X2,multiply(X2,X2)))))))))) = multiply(identity,multiply(identity,multiply(identity,multiply(identity,multiply(multiply(identity,multiply(identity,multiply(multiply(multiply(multiply(X0,identity),identity),X2),identity))),identity))))) [forward demodulation 7229,46]
7265. multiply(X0,multiply(identity,multiply(multiply(multiply(multiply(X2,multiply(X2,X2)),multiply(multiply(X2,multiply(X2,X2)),multiply(X2,multiply(X2,X2)))),multiply(multiply(multiply(X2,multiply(X2,X2)),multiply(multiply(X2,multiply(X2,X2)),multiply(X2,multiply(X2,X2)))),multiply(multiply(X2,multiply(X2,X2)),multiply(multiply(X2,multiply(X2,X2)),multiply(X2,multiply(X2,X2)))))),multiply(multiply(multiply(multiply(X2,multiply(X2,X2)),multiply(multiply(X2,multiply(X2,X2)),multiply(X2,multiply(X2,X2)))),multiply(multiply(multiply(X2,multiply(X2,X2)),multiply(multiply(X2,multiply(X2,X2)),multiply(X2,multiply(X2,X2)))),multiply(multiply(X2,multiply(X2,X2)),multiply(multiply(X2,multiply(X2,X2)),multiply(X2,multiply(X2,X2)))))),multiply(multiply(multiply(X2,multiply(X2,X2)),multiply(multiply(X2,multiply(X2,X2)),multiply(X2,multiply(X2,X2)))),multiply(multiply(multiply(X2,multiply(X2,X2)),multiply(multiply(X2,multiply(X2,X2)),multiply(X2,multiply(X2,X2)))),multiply(multiply(X2,multiply(X2,X2)),multiply(multiply(X2,multiply(X2,X2)),multiply(X2,multiply(X2,X2)))))))))) = multiply(identity,multiply(identity,multiply(identity,multiply(multiply(multiply(X0,identity),identity),X2)))) [forward demodulation 7249,19]
7276. multiply(identity,multiply(identity,multiply(identity,multiply(multiply(multiply(X0,identity),identity),X2)))) = multiply(X0,multiply(identity,multiply(identity,multiply(multiply(X2,multiply(X2,X2)),multiply(multiply(X2,multiply(X2,X2)),multiply(X2,multiply(X2,X2))))))) [forward demodulation 7265,788]
7285. multiply(identity,multiply(identity,multiply(identity,multiply(multiply(multiply(X0,identity),identity),X2)))) = multiply(X0,multiply(identity,multiply(identity,multiply(identity,X2)))) [forward demodulation 7276,112]
9045. multiply(multiply(X1,X1),multiply(multiply(multiply(X1,X1),multiply(X1,X1)),X0)) = multiply(X1,multiply(multiply(X1,identity),multiply(multiply(multiply(multiply(identity,multiply(identity,X2)),multiply(multiply(multiply(X0,multiply(multiply(X0,X0),multiply(X2,X3))),multiply(X3,multiply(X3,X3))),multiply(multiply(multiply(X0,multiply(multiply(X0,X0),multiply(X2,X3))),multiply(X3,multiply(X3,X3))),multiply(multiply(X0,multiply(multiply(X0,X0),multiply(X2,X3))),multiply(X3,multiply(X3,X3)))))),multiply(multiply(multiply(identity,multiply(identity,X2)),multiply(multiply(multiply(X0,multiply(multiply(X0,X0),multiply(X2,X3))),multiply(X3,multiply(X3,X3))),multiply(multiply(multiply(X0,multiply(multiply(X0,X0),multiply(X2,X3))),multiply(X3,multiply(X3,X3))),multiply(multiply(X0,multiply(multiply(X0,X0),multiply(X2,X3))),multiply(X3,multiply(X3,X3)))))),multiply(multiply(identity,multiply(identity,X2)),multiply(multiply(multiply(X0,multiply(multiply(X0,X0),multiply(X2,X3))),multiply(X3,multiply(X3,X3))),multiply(multiply(multiply(X0,multiply(multiply(X0,X0),multiply(X2,X3))),multiply(X3,multiply(X3,X3))),multiply(multiply(X0,multiply(multiply(X0,X0),multiply(X2,X3))),multiply(X3,multiply(X3,X3)))))))),multiply(multiply(multiply(multiply(identity,multiply(identity,X2)),multiply(multiply(multiply(X0,multiply(multiply(X0,X0),multiply(X2,X3))),multiply(X3,multiply(X3,X3))),multiply(multiply(multiply(X0,multiply(multiply(X0,X0),multiply(X2,X3))),multiply(X3,multiply(X3,X3))),multiply(multiply(X0,multiply(multiply(X0,X0),multiply(X2,X3))),multiply(X3,multiply(X3,X3)))))),multiply(multiply(multiply(identity,multiply(identity,X2)),multiply(multiply(multiply(X0,multiply(multiply(X0,X0),multiply(X2,X3))),multiply(X3,multiply(X3,X3))),multiply(multiply(multiply(X0,multiply(multiply(X0,X0),multiply(X2,X3))),multiply(X3,multiply(X3,X3))),multiply(multiply(X0,multiply(multiply(X0,X0),multiply(X2,X3))),multiply(X3,multiply(X3,X3)))))),multiply(multiply(identity,multiply(identity,X2)),multiply(multiply(multiply(X0,multiply(multiply(X0,X0),multiply(X2,X3))),multiply(X3,multiply(X3,X3))),multiply(multiply(multiply(X0,multiply(multiply(X0,X0),multiply(X2,X3))),multiply(X3,multiply(X3,X3))),multiply(multiply(X0,multiply(multiply(X0,X0),multiply(X2,X3))),multiply(X3,multiply(X3,X3)))))))),multiply(multiply(multiply(identity,multiply(identity,X2)),multiply(multiply(multiply(X0,multiply(multiply(X0,X0),multiply(X2,X3))),multiply(X3,multiply(X3,X3))),multiply(multiply(multiply(X0,multiply(multiply(X0,X0),multiply(X2,X3))),multiply(X3,multiply(X3,X3))),multiply(multiply(X0,multiply(multiply(X0,X0),multiply(X2,X3))),multiply(X3,multiply(X3,X3)))))),multiply(multiply(multiply(identity,multiply(identity,X2)),multiply(multiply(multiply(X0,multiply(multiply(X0,X0),multiply(X2,X3))),multiply(X3,multiply(X3,X3))),multiply(multiply(multiply(X0,multiply(multiply(X0,X0),multiply(X2,X3))),multiply(X3,multiply(X3,X3))),multiply(multiply(X0,multiply(multiply(X0,X0),multiply(X2,X3))),multiply(X3,multiply(X3,X3)))))),multiply(multiply(identity,multiply(identity,X2)),multiply(multiply(multiply(X0,multiply(multiply(X0,X0),multiply(X2,X3))),multiply(X3,multiply(X3,X3))),multiply(multiply(multiply(X0,multiply(multiply(X0,X0),multiply(X2,X3))),multiply(X3,multiply(X3,X3))),multiply(multiply(X0,multiply(multiply(X0,X0),multiply(X2,X3))),multiply(X3,multiply(X3,X3)))))))))))) [superposition 7,29]
9068. multiply(multiply(X1,X1),multiply(multiply(multiply(X1,X1),multiply(X1,X1)),X0)) = multiply(X1,multiply(identity,multiply(multiply(identity,multiply(identity,multiply(multiply(multiply(X1,identity),identity),identity))),multiply(multiply(identity,multiply(identity,X2)),multiply(multiply(multiply(X0,multiply(multiply(X0,X0),multiply(X2,X3))),multiply(X3,multiply(X3,X3))),multiply(multiply(multiply(X0,multiply(multiply(X0,X0),multiply(X2,X3))),multiply(X3,multiply(X3,X3))),multiply(multiply(X0,multiply(multiply(X0,X0),multiply(X2,X3))),multiply(X3,multiply(X3,X3))))))))) [forward demodulation 9045,4003]
9218. multiply(multiply(X1,X1),multiply(multiply(multiply(X1,X1),multiply(X1,X1)),X0)) = multiply(X1,multiply(identity,multiply(multiply(identity,multiply(identity,multiply(multiply(multiply(X1,identity),identity),identity))),multiply(multiply(identity,multiply(identity,X2)),multiply(multiply(multiply(X0,X0),multiply(multiply(X0,multiply(X2,identity)),identity)),multiply(multiply(multiply(X0,X0),multiply(multiply(X0,multiply(X2,identity)),identity)),multiply(multiply(X0,X0),multiply(multiply(X0,multiply(X2,identity)),identity)))))))) [forward demodulation 9068,274]
9342. multiply(multiply(X1,X1),multiply(multiply(multiply(X1,X1),multiply(X1,X1)),X0)) = multiply(X1,multiply(identity,multiply(multiply(identity,multiply(identity,multiply(multiply(multiply(X1,identity),identity),identity))),multiply(identity,multiply(identity,multiply(multiply(X0,identity),identity)))))) [forward demodulation 9218,2506]
9428. multiply(multiply(X1,X1),multiply(multiply(multiply(X1,X1),multiply(X1,X1)),X0)) = multiply(X1,multiply(identity,multiply(identity,multiply(identity,multiply(multiply(multiply(multiply(X1,identity),identity),identity),multiply(multiply(X0,identity),identity)))))) [forward demodulation 9342,4857]
9489. multiply(multiply(X1,X1),multiply(multiply(multiply(X1,X1),multiply(X1,X1)),X0)) = multiply(X1,multiply(multiply(X1,identity),multiply(identity,multiply(identity,multiply(identity,multiply(multiply(X0,identity),identity)))))) [forward demodulation 9428,7285]
9539. multiply(multiply(X1,X1),multiply(multiply(multiply(X1,X1),multiply(X1,X1)),X0)) = multiply(X1,multiply(multiply(X1,identity),X0)) [forward demodulation 9489,168]
9678. multiply(X0,multiply(multiply(X0,X1),identity)) = multiply(X0,multiply(multiply(X0,identity),multiply(X1,identity))) [superposition 21,9539]
9682. multiply(X0,multiply(X1,multiply(multiply(X3,multiply(X3,X3)),multiply(multiply(X3,multiply(X3,X3)),multiply(X3,multiply(X3,X3)))))) = multiply(X0,multiply(multiply(X0,identity),multiply(multiply(multiply(X0,multiply(multiply(X0,X0),multiply(X1,X2))),multiply(X2,multiply(X2,X2))),X3))) [superposition 84,9539]
9722. multiply(multiply(multiply(X0,X0),multiply(X0,X0)),multiply(multiply(multiply(X0,X0),X1),identity)) = multiply(multiply(X0,multiply(multiply(X0,identity),X1)),identity) [superposition 5096,9539]
9794. multiply(X0,multiply(X1,multiply(multiply(X3,multiply(X3,X3)),multiply(multiply(X3,multiply(X3,X3)),multiply(X3,multiply(X3,X3)))))) = multiply(X0,multiply(multiply(X0,identity),multiply(multiply(multiply(X0,X0),multiply(multiply(X0,multiply(X1,identity)),identity)),X3))) [forward demodulation 9682,274]
9855. multiply(X0,multiply(identity,multiply(multiply(identity,multiply(identity,multiply(multiply(X1,identity),identity))),X3))) = multiply(X0,multiply(multiply(X0,identity),multiply(multiply(multiply(X0,X0),multiply(multiply(X0,multiply(X1,identity)),identity)),X3))) [forward demodulation 9794,4003]
10026. multiply(multiply(X0,multiply(X0,X0)),multiply(multiply(X0,multiply(X0,X0)),multiply(X0,multiply(X0,X0)))) = multiply(identity,multiply(multiply(multiply(multiply(identity,identity),multiply(multiply(multiply(identity,identity),multiply(identity,identity)),multiply(identity,X0))),identity),identity)) [superposition 3128,99]
10099. multiply(multiply(X0,multiply(X0,X0)),multiply(multiply(X0,multiply(X0,X0)),multiply(X0,multiply(X0,X0)))) = multiply(identity,multiply(multiply(multiply(multiply(identity,identity),multiply(identity,identity)),multiply(multiply(multiply(identity,identity),multiply(identity,X0)),identity)),identity)) [forward demodulation 10026,5096]
10198. multiply(multiply(X0,multiply(X0,X0)),multiply(multiply(X0,multiply(X0,X0)),multiply(X0,multiply(X0,X0)))) = multiply(identity,multiply(multiply(multiply(identity,multiply(multiply(identity,identity),multiply(identity,X0))),identity),identity)) [forward demodulation 10099,9722]
10281. multiply(multiply(X0,multiply(X0,X0)),multiply(multiply(X0,multiply(X0,X0)),multiply(X0,multiply(X0,X0)))) = multiply(identity,multiply(multiply(multiply(identity,identity),multiply(multiply(identity,multiply(identity,X0)),identity)),identity)) [forward demodulation 10198,5096]
10347. multiply(multiply(X0,multiply(X0,X0)),multiply(multiply(X0,multiply(X0,X0)),multiply(X0,multiply(X0,X0)))) = multiply(identity,multiply(multiply(multiply(identity,identity),multiply(identity,multiply(multiply(identity,X0),identity))),identity)) [forward demodulation 10281,300]
10398. multiply(multiply(X0,multiply(X0,X0)),multiply(multiply(X0,multiply(X0,X0)),multiply(X0,multiply(X0,X0)))) = multiply(identity,multiply(multiply(multiply(identity,identity),multiply(identity,multiply(identity,multiply(X0,identity)))),identity)) [forward demodulation 10347,46]
10428. multiply(multiply(X0,multiply(X0,X0)),multiply(multiply(X0,multiply(X0,X0)),multiply(X0,multiply(X0,X0)))) = multiply(identity,multiply(multiply(identity,multiply(identity,multiply(identity,multiply(X0,identity)))),identity)) [forward demodulation 10398,2]
10444. multiply(identity,multiply(identity,multiply(multiply(identity,multiply(identity,multiply(X0,identity))),identity))) = multiply(multiply(X0,multiply(X0,X0)),multiply(multiply(X0,multiply(X0,X0)),multiply(X0,multiply(X0,X0)))) [forward demodulation 10428,46]
10456. multiply(identity,X0) = multiply(multiply(X0,multiply(X0,X0)),multiply(multiply(X0,multiply(X0,X0)),multiply(X0,multiply(X0,X0)))) [forward demodulation 10444,19]
10487. multiply(X1,multiply(multiply(X1,multiply(identity,X0)),identity)) = multiply(X1,multiply(multiply(X1,identity),multiply(identity,multiply(X0,identity)))) [superposition 9678,300]
10555. multiply(multiply(X0,identity),multiply(X1,identity)) = multiply(multiply(X0,X0),multiply(multiply(X0,multiply(multiply(X0,multiply(multiply(X0,X1),identity)),identity)),identity)) [superposition 134,9678]
10557. multiply(identity,multiply(identity,multiply(identity,multiply(multiply(multiply(X0,identity),multiply(X1,identity)),identity)))) = multiply(X0,multiply(multiply(X0,X0),multiply(multiply(X0,multiply(multiply(X0,X1),identity)),identity))) [superposition 2686,9678]
10572. multiply(X0,X1) = multiply(identity,multiply(identity,multiply(identity,multiply(multiply(multiply(X0,identity),multiply(X1,identity)),identity)))) [forward demodulation 10557,2157]
10574. multiply(multiply(X0,X1),identity) = multiply(multiply(X0,identity),multiply(X1,identity)) [forward demodulation 10555,134]
11815. multiply(multiply(identity,multiply(X0,identity)),multiply(X1,identity)) = multiply(multiply(multiply(identity,X0),X1),identity) [superposition 10574,300]
11819. multiply(multiply(X1,multiply(identity,X0)),identity) = multiply(multiply(X1,identity),multiply(identity,multiply(X0,identity))) [superposition 10574,300]
11893. multiply(multiply(X1,X1),multiply(multiply(multiply(X1,X1),multiply(X1,X1)),multiply(X2,multiply(X0,identity)))) = multiply(X1,multiply(multiply(X1,X2),multiply(multiply(multiply(X0,identity),multiply(multiply(X0,X0),identity)),multiply(multiply(multiply(X0,identity),multiply(multiply(X0,X0),identity)),multiply(multiply(X0,identity),multiply(multiply(X0,X0),identity)))))) [superposition 7,10574]
11912. multiply(multiply(X1,X1),multiply(multiply(multiply(X1,X1),multiply(X1,X1)),multiply(multiply(multiply(X1,multiply(multiply(X1,X1),multiply(X2,X3))),multiply(X3,multiply(X3,X3))),multiply(X0,identity)))) = multiply(X1,multiply(X2,multiply(multiply(multiply(X0,identity),multiply(multiply(X0,X0),identity)),multiply(multiply(multiply(X0,identity),multiply(multiply(X0,X0),identity)),multiply(multiply(X0,identity),multiply(multiply(X0,X0),identity)))))) [superposition 84,10574]
11972. multiply(X0,multiply(X1,multiply(multiply(multiply(X2,identity),multiply(multiply(X2,identity),multiply(X2,identity))),multiply(multiply(multiply(X2,identity),multiply(multiply(X2,identity),multiply(X2,identity))),multiply(multiply(X2,identity),multiply(multiply(X2,identity),multiply(X2,identity))))))) = multiply(multiply(X0,X0),multiply(multiply(multiply(X0,X0),multiply(X0,X0)),multiply(multiply(multiply(X0,multiply(multiply(X0,X0),multiply(X1,identity))),X2),identity))) [superposition 85,10574]
11973. multiply(X0,multiply(X1,multiply(multiply(multiply(X2,identity),multiply(multiply(X2,identity),multiply(X2,identity))),multiply(multiply(multiply(X2,identity),multiply(multiply(X2,identity),multiply(X2,identity))),multiply(multiply(X2,identity),multiply(multiply(X2,identity),multiply(X2,identity))))))) = multiply(X0,multiply(multiply(X0,multiply(multiply(X0,multiply(multiply(X0,X0),multiply(X1,identity))),X2)),identity)) [forward demodulation 11972,21]
12033. multiply(multiply(X1,X1),multiply(multiply(multiply(X1,X1),multiply(X1,X1)),multiply(multiply(multiply(X1,multiply(multiply(X1,X1),multiply(X2,X3))),multiply(X3,multiply(X3,X3))),multiply(X0,identity)))) = multiply(X1,multiply(X2,multiply(multiply(multiply(X0,multiply(X0,X0)),identity),multiply(multiply(multiply(X0,multiply(X0,X0)),identity),multiply(multiply(X0,multiply(X0,X0)),identity))))) [forward demodulation 11912,10574]
12051. multiply(multiply(X1,X1),multiply(multiply(multiply(X1,X1),multiply(X1,X1)),multiply(X2,multiply(X0,identity)))) = multiply(X1,multiply(multiply(X1,X2),multiply(multiply(multiply(X0,multiply(X0,X0)),identity),multiply(multiply(multiply(X0,multiply(X0,X0)),identity),multiply(multiply(X0,multiply(X0,X0)),identity))))) [forward demodulation 11893,10574]
12120. multiply(X0,multiply(multiply(X0,multiply(multiply(X0,multiply(multiply(X0,X0),multiply(X1,identity))),X2)),identity)) = multiply(X0,multiply(identity,multiply(multiply(identity,multiply(identity,multiply(multiply(X1,identity),identity))),multiply(X2,identity)))) [forward demodulation 11973,4003]
12174. multiply(multiply(X1,X1),multiply(multiply(multiply(X1,X1),multiply(X1,X1)),multiply(multiply(multiply(X1,multiply(multiply(X1,X1),multiply(X2,X3))),multiply(X3,multiply(X3,X3))),multiply(X0,identity)))) = multiply(X1,multiply(X2,multiply(multiply(multiply(X0,multiply(X0,X0)),identity),multiply(multiply(multiply(X0,multiply(X0,X0)),multiply(X0,multiply(X0,X0))),identity)))) [forward demodulation 12033,10574]
12188. multiply(multiply(X1,X1),multiply(multiply(multiply(X1,X1),multiply(X1,X1)),multiply(X2,multiply(X0,identity)))) = multiply(X1,multiply(multiply(X1,X2),multiply(multiply(multiply(X0,multiply(X0,X0)),identity),multiply(multiply(multiply(X0,multiply(X0,X0)),multiply(X0,multiply(X0,X0))),identity)))) [forward demodulation 12051,10574]
12279. multiply(multiply(X1,X1),multiply(multiply(multiply(X1,X1),multiply(X1,X1)),multiply(multiply(multiply(X1,multiply(multiply(X1,X1),multiply(X2,X3))),multiply(X3,multiply(X3,X3))),multiply(X0,identity)))) = multiply(X1,multiply(X2,multiply(multiply(multiply(X0,multiply(X0,X0)),multiply(multiply(X0,multiply(X0,X0)),multiply(X0,multiply(X0,X0)))),identity))) [forward demodulation 12174,10574]
12290. multiply(multiply(X1,X1),multiply(multiply(multiply(X1,X1),multiply(X1,X1)),multiply(X2,multiply(X0,identity)))) = multiply(X1,multiply(multiply(X1,X2),multiply(multiply(multiply(X0,multiply(X0,X0)),multiply(multiply(X0,multiply(X0,X0)),multiply(X0,multiply(X0,X0)))),identity))) [forward demodulation 12188,10574]
12357. multiply(multiply(X1,X1),multiply(multiply(multiply(X1,X1),multiply(X1,X1)),multiply(multiply(multiply(X1,multiply(multiply(X1,X1),multiply(X2,X3))),multiply(X3,multiply(X3,X3))),multiply(X0,identity)))) = multiply(X1,multiply(X2,multiply(multiply(identity,X0),identity))) [forward demodulation 12279,10456]
12365. multiply(multiply(X1,X1),multiply(multiply(multiply(X1,X1),multiply(X1,X1)),multiply(X2,multiply(X0,identity)))) = multiply(X1,multiply(multiply(X1,X2),multiply(multiply(identity,X0),identity))) [forward demodulation 12290,10456]
12417. multiply(multiply(X1,X1),multiply(multiply(multiply(X1,X1),multiply(X1,X1)),multiply(multiply(multiply(X1,multiply(multiply(X1,X1),multiply(X2,X3))),multiply(X3,multiply(X3,X3))),multiply(X0,identity)))) = multiply(X1,multiply(X2,multiply(identity,multiply(X0,identity)))) [forward demodulation 12357,300]
12424. multiply(multiply(X1,X1),multiply(multiply(multiply(X1,X1),multiply(X1,X1)),multiply(X2,multiply(X0,identity)))) = multiply(X1,multiply(multiply(X1,X2),multiply(identity,multiply(X0,identity)))) [forward demodulation 12365,300]
12454. multiply(X1,multiply(X2,multiply(identity,multiply(X0,identity)))) = multiply(X1,multiply(multiply(X1,identity),multiply(multiply(multiply(X1,multiply(multiply(X1,X1),multiply(X2,X3))),multiply(X3,multiply(X3,X3))),multiply(X0,identity)))) [forward demodulation 12417,9539]
12457. multiply(X1,multiply(multiply(X1,X2),multiply(identity,multiply(X0,identity)))) = multiply(X1,multiply(multiply(X1,identity),multiply(X2,multiply(X0,identity)))) [forward demodulation 12424,9539]
12478. multiply(X1,multiply(X2,multiply(identity,multiply(X0,identity)))) = multiply(X1,multiply(multiply(X1,identity),multiply(multiply(multiply(X1,X1),multiply(multiply(X1,multiply(X2,identity)),identity)),multiply(X0,identity)))) [forward demodulation 12454,274]
12495. multiply(X1,multiply(identity,multiply(multiply(identity,multiply(identity,multiply(multiply(X2,identity),identity))),multiply(X0,identity)))) = multiply(X1,multiply(X2,multiply(identity,multiply(X0,identity)))) [forward demodulation 12478,9855]
15135. multiply(X0,multiply(X1,identity)) = multiply(multiply(multiply(identity,multiply(identity,multiply(identity,multiply(X0,identity)))),X1),identity) [superposition 11815,19]
15136. multiply(multiply(identity,multiply(identity,multiply(X0,identity))),multiply(X1,identity)) = multiply(multiply(multiply(identity,multiply(identity,X0)),X1),identity) [superposition 11815,46]
15140. multiply(multiply(identity,multiply(identity,multiply(identity,multiply(X0,identity)))),multiply(X1,identity)) = multiply(multiply(multiply(identity,multiply(identity,multiply(multiply(identity,identity),X0))),X1),identity) [superposition 11815,817]
15241. multiply(multiply(identity,multiply(identity,multiply(identity,multiply(X0,identity)))),multiply(X1,identity)) = multiply(multiply(multiply(identity,multiply(identity,multiply(identity,X0))),X1),identity) [forward demodulation 15140,2]
16737. multiply(multiply(X1,multiply(identity,multiply(identity,multiply(identity,multiply(X0,identity))))),identity) = multiply(multiply(X1,identity),X0) [superposition 11819,19]
16784. multiply(X0,multiply(X1,multiply(multiply(multiply(identity,multiply(X2,identity)),multiply(multiply(identity,multiply(X2,identity)),multiply(identity,multiply(X2,identity)))),multiply(multiply(multiply(identity,multiply(X2,identity)),multiply(multiply(identity,multiply(X2,identity)),multiply(identity,multiply(X2,identity)))),multiply(multiply(identity,multiply(X2,identity)),multiply(multiply(identity,multiply(X2,identity)),multiply(identity,multiply(X2,identity)))))))) = multiply(multiply(X0,X0),multiply(multiply(multiply(X0,X0),multiply(X0,X0)),multiply(multiply(multiply(X0,multiply(multiply(X0,X0),multiply(X1,identity))),multiply(identity,X2)),identity))) [superposition 85,11819]
16785. multiply(X0,multiply(X1,multiply(multiply(multiply(identity,multiply(X2,identity)),multiply(multiply(identity,multiply(X2,identity)),multiply(identity,multiply(X2,identity)))),multiply(multiply(multiply(identity,multiply(X2,identity)),multiply(multiply(identity,multiply(X2,identity)),multiply(identity,multiply(X2,identity)))),multiply(multiply(identity,multiply(X2,identity)),multiply(multiply(identity,multiply(X2,identity)),multiply(identity,multiply(X2,identity)))))))) = multiply(X0,multiply(multiply(X0,multiply(multiply(X0,multiply(multiply(X0,X0),multiply(X1,identity))),multiply(identity,X2))),identity)) [forward demodulation 16784,21]
16834. multiply(X0,multiply(X1,multiply(multiply(multiply(identity,multiply(X2,identity)),multiply(multiply(identity,multiply(X2,identity)),multiply(identity,multiply(X2,identity)))),multiply(multiply(multiply(identity,multiply(X2,identity)),multiply(multiply(identity,multiply(X2,identity)),multiply(identity,multiply(X2,identity)))),multiply(multiply(identity,multiply(X2,identity)),multiply(multiply(identity,multiply(X2,identity)),multiply(identity,multiply(X2,identity)))))))) = multiply(X0,multiply(identity,multiply(multiply(identity,multiply(identity,multiply(multiply(X1,identity),identity))),multiply(multiply(identity,X2),identity)))) [forward demodulation 16785,12120]
16876. multiply(X0,multiply(X1,multiply(multiply(multiply(identity,multiply(X2,identity)),multiply(multiply(identity,multiply(X2,identity)),multiply(identity,multiply(X2,identity)))),multiply(multiply(multiply(identity,multiply(X2,identity)),multiply(multiply(identity,multiply(X2,identity)),multiply(identity,multiply(X2,identity)))),multiply(multiply(identity,multiply(X2,identity)),multiply(multiply(identity,multiply(X2,identity)),multiply(identity,multiply(X2,identity)))))))) = multiply(X0,multiply(X1,multiply(identity,multiply(multiply(identity,X2),identity)))) [forward demodulation 16834,12495]
16907. multiply(X0,multiply(X1,multiply(multiply(multiply(identity,multiply(X2,identity)),multiply(multiply(identity,multiply(X2,identity)),multiply(identity,multiply(X2,identity)))),multiply(multiply(multiply(identity,multiply(X2,identity)),multiply(multiply(identity,multiply(X2,identity)),multiply(identity,multiply(X2,identity)))),multiply(multiply(identity,multiply(X2,identity)),multiply(multiply(identity,multiply(X2,identity)),multiply(identity,multiply(X2,identity)))))))) = multiply(X0,multiply(X1,multiply(identity,multiply(identity,multiply(X2,identity))))) [forward demodulation 16876,46]
16931. multiply(X0,multiply(X1,multiply(identity,multiply(identity,multiply(X2,identity))))) = multiply(X0,multiply(identity,multiply(multiply(identity,multiply(identity,multiply(multiply(X1,identity),identity))),multiply(identity,multiply(X2,identity))))) [forward demodulation 16907,4003]
16948. multiply(X0,multiply(X1,multiply(identity,multiply(identity,multiply(X2,identity))))) = multiply(X0,multiply(identity,multiply(multiply(identity,identity),multiply(multiply(identity,multiply(multiply(X1,identity),identity)),multiply(X2,identity))))) [forward demodulation 16931,12457]
16960. multiply(X0,multiply(X1,multiply(identity,multiply(identity,multiply(X2,identity))))) = multiply(X0,multiply(identity,multiply(multiply(identity,identity),multiply(multiply(multiply(identity,multiply(X1,identity)),X2),identity)))) [forward demodulation 16948,11815]
16969. multiply(X0,multiply(X1,multiply(identity,multiply(identity,multiply(X2,identity))))) = multiply(X0,multiply(identity,multiply(multiply(identity,multiply(multiply(identity,multiply(X1,identity)),X2)),identity))) [forward demodulation 16960,9678]
16977. multiply(X0,multiply(X1,multiply(identity,multiply(identity,multiply(X2,identity))))) = multiply(X0,multiply(identity,multiply(identity,multiply(multiply(multiply(identity,multiply(X1,identity)),X2),identity)))) [forward demodulation 16969,46]
17708. multiply(multiply(identity,X0),X1) = multiply(identity,multiply(identity,multiply(identity,multiply(multiply(multiply(identity,multiply(X0,identity)),multiply(X1,identity)),identity)))) [superposition 10572,300]
17831. multiply(multiply(identity,X0),X1) = multiply(identity,multiply(X0,multiply(identity,multiply(identity,multiply(multiply(X1,identity),identity))))) [forward demodulation 17708,16977]
18204. identity = multiply(multiply(identity,X0),multiply(identity,multiply(identity,multiply(multiply(multiply(multiply(identity,X1),multiply(multiply(multiply(X0,multiply(multiply(X0,X0),multiply(multiply(multiply(identity,multiply(multiply(identity,X1),identity)),identity),X2))),multiply(X2,multiply(X2,X2))),multiply(multiply(multiply(X0,multiply(multiply(X0,X0),multiply(multiply(multiply(identity,multiply(multiply(identity,X1),identity)),identity),X2))),multiply(X2,multiply(X2,X2))),multiply(multiply(X0,multiply(multiply(X0,X0),multiply(multiply(multiply(identity,multiply(multiply(identity,X1),identity)),identity),X2))),multiply(X2,multiply(X2,X2)))))),multiply(multiply(identity,X1),multiply(multiply(multiply(X0,multiply(multiply(X0,X0),multiply(multiply(multiply(identity,multiply(multiply(identity,X1),identity)),identity),X2))),multiply(X2,multiply(X2,X2))),multiply(multiply(multiply(X0,multiply(multiply(X0,X0),multiply(multiply(multiply(identity,multiply(multiply(identity,X1),identity)),identity),X2))),multiply(X2,multiply(X2,X2))),multiply(multiply(X0,multiply(multiply(X0,X0),multiply(multiply(multiply(identity,multiply(multiply(identity,X1),identity)),identity),X2))),multiply(X2,multiply(X2,X2))))))),multiply(multiply(multiply(multiply(identity,X1),multiply(multiply(multiply(X0,multiply(multiply(X0,X0),multiply(multiply(multiply(identity,multiply(multiply(identity,X1),identity)),identity),X2))),multiply(X2,multiply(X2,X2))),multiply(multiply(multiply(X0,multiply(multiply(X0,X0),multiply(multiply(multiply(identity,multiply(multiply(identity,X1),identity)),identity),X2))),multiply(X2,multiply(X2,X2))),multiply(multiply(X0,multiply(multiply(X0,X0),multiply(multiply(multiply(identity,multiply(multiply(identity,X1),identity)),identity),X2))),multiply(X2,multiply(X2,X2)))))),identity),identity))))) [superposition 5960,242]
18225. multiply(multiply(X1,X1),multiply(multiply(X1,multiply(X0,identity)),identity)) = multiply(multiply(X1,X2),multiply(multiply(multiply(X0,multiply(multiply(X0,X0),multiply(multiply(multiply(X1,multiply(multiply(X1,X2),identity)),identity),X3))),multiply(X3,multiply(X3,X3))),multiply(multiply(multiply(X0,multiply(multiply(X0,X0),multiply(multiply(multiply(X1,multiply(multiply(X1,X2),identity)),identity),X3))),multiply(X3,multiply(X3,X3))),multiply(multiply(X0,multiply(multiply(X0,X0),multiply(multiply(multiply(X1,multiply(multiply(X1,X2),identity)),identity),X3))),multiply(X3,multiply(X3,X3)))))) [superposition 134,242]
18246. multiply(multiply(X1,X1),multiply(multiply(X1,multiply(X0,identity)),identity)) = multiply(multiply(X1,X2),multiply(multiply(multiply(X0,X0),multiply(multiply(X0,multiply(multiply(multiply(X1,multiply(multiply(X1,X2),identity)),identity),identity)),identity)),multiply(multiply(multiply(X0,X0),multiply(multiply(X0,multiply(multiply(multiply(X1,multiply(multiply(X1,X2),identity)),identity),identity)),identity)),multiply(multiply(X0,X0),multiply(multiply(X0,multiply(multiply(multiply(X1,multiply(multiply(X1,X2),identity)),identity),identity)),identity))))) [forward demodulation 18225,274]
18267. identity = multiply(multiply(identity,X0),multiply(identity,multiply(identity,multiply(multiply(multiply(multiply(identity,X1),multiply(multiply(multiply(X0,X0),multiply(multiply(X0,multiply(multiply(multiply(identity,multiply(multiply(identity,X1),identity)),identity),identity)),identity)),multiply(multiply(multiply(X0,X0),multiply(multiply(X0,multiply(multiply(multiply(identity,multiply(multiply(identity,X1),identity)),identity),identity)),identity)),multiply(multiply(X0,X0),multiply(multiply(X0,multiply(multiply(multiply(identity,multiply(multiply(identity,X1),identity)),identity),identity)),identity))))),multiply(multiply(identity,X1),multiply(multiply(multiply(X0,X0),multiply(multiply(X0,multiply(multiply(multiply(identity,multiply(multiply(identity,X1),identity)),identity),identity)),identity)),multiply(multiply(multiply(X0,X0),multiply(multiply(X0,multiply(multiply(multiply(identity,multiply(multiply(identity,X1),identity)),identity),identity)),identity)),multiply(multiply(X0,X0),multiply(multiply(X0,multiply(multiply(multiply(identity,multiply(multiply(identity,X1),identity)),identity),identity)),identity)))))),multiply(multiply(multiply(multiply(identity,X1),multiply(multiply(multiply(X0,X0),multiply(multiply(X0,multiply(multiply(multiply(identity,multiply(multiply(identity,X1),identity)),identity),identity)),identity)),multiply(multiply(multiply(X0,X0),multiply(multiply(X0,multiply(multiply(multiply(identity,multiply(multiply(identity,X1),identity)),identity),identity)),identity)),multiply(multiply(X0,X0),multiply(multiply(X0,multiply(multiply(multiply(identity,multiply(multiply(identity,X1),identity)),identity),identity)),identity))))),identity),identity))))) [forward demodulation 18204,274]
18444. identity = multiply(multiply(identity,X0),multiply(identity,multiply(identity,multiply(multiply(multiply(multiply(identity,identity),multiply(multiply(identity,multiply(X0,identity)),identity)),multiply(multiply(identity,identity),multiply(multiply(identity,multiply(X0,identity)),identity))),multiply(multiply(multiply(multiply(identity,identity),multiply(multiply(identity,multiply(X0,identity)),identity)),identity),identity))))) [forward demodulation 18267,18246]
18535. identity = multiply(multiply(identity,X0),multiply(identity,multiply(identity,multiply(multiply(multiply(multiply(identity,multiply(identity,multiply(X0,identity))),identity),multiply(multiply(identity,multiply(identity,multiply(X0,identity))),identity)),multiply(multiply(multiply(multiply(identity,multiply(identity,multiply(X0,identity))),identity),identity),identity))))) [forward demodulation 18444,10574]
18605. identity = multiply(multiply(identity,X0),multiply(identity,multiply(identity,multiply(multiply(multiply(identity,multiply(multiply(identity,multiply(X0,identity)),identity)),multiply(identity,multiply(multiply(identity,multiply(X0,identity)),identity))),multiply(multiply(multiply(identity,multiply(multiply(identity,multiply(X0,identity)),identity)),identity),identity))))) [forward demodulation 18535,300]
18654. identity = multiply(multiply(identity,X0),multiply(identity,multiply(identity,multiply(multiply(multiply(identity,multiply(multiply(identity,multiply(X0,identity)),identity)),multiply(identity,multiply(multiply(identity,multiply(X0,identity)),identity))),multiply(multiply(identity,multiply(multiply(multiply(identity,multiply(X0,identity)),identity),identity)),identity))))) [forward demodulation 18605,300]
18688. identity = multiply(multiply(identity,X0),multiply(identity,multiply(identity,multiply(multiply(multiply(identity,multiply(multiply(identity,multiply(X0,identity)),identity)),multiply(identity,multiply(multiply(identity,multiply(X0,identity)),identity))),multiply(identity,multiply(multiply(multiply(multiply(identity,multiply(X0,identity)),identity),identity),identity)))))) [forward demodulation 18654,300]
18714. identity = multiply(multiply(identity,X0),multiply(identity,multiply(identity,multiply(multiply(multiply(identity,multiply(identity,multiply(multiply(X0,identity),identity))),multiply(identity,multiply(identity,multiply(multiply(X0,identity),identity)))),multiply(identity,multiply(multiply(multiply(identity,multiply(multiply(X0,identity),identity)),identity),identity)))))) [forward demodulation 18688,300]
18738. identity = multiply(multiply(identity,X0),multiply(identity,multiply(identity,multiply(multiply(multiply(identity,multiply(identity,multiply(multiply(X0,identity),identity))),multiply(identity,multiply(identity,multiply(multiply(X0,identity),identity)))),multiply(identity,multiply(multiply(identity,multiply(multiply(multiply(X0,identity),identity),identity)),identity)))))) [forward demodulation 18714,300]
18758. identity = multiply(multiply(identity,X0),multiply(identity,multiply(identity,multiply(multiply(multiply(identity,multiply(identity,multiply(multiply(X0,identity),identity))),multiply(identity,multiply(identity,multiply(multiply(X0,identity),identity)))),multiply(identity,multiply(identity,multiply(multiply(multiply(multiply(X0,identity),identity),identity),identity))))))) [forward demodulation 18738,46]
18768. identity = multiply(multiply(identity,X0),multiply(identity,multiply(multiply(identity,multiply(multiply(identity,multiply(identity,multiply(multiply(X0,identity),identity))),multiply(identity,multiply(identity,multiply(multiply(X0,identity),identity))))),multiply(multiply(X0,identity),identity)))) [forward demodulation 18758,17831]
18775. identity = multiply(multiply(identity,X0),multiply(identity,multiply(multiply(identity,multiply(identity,multiply(identity,multiply(multiply(multiply(X0,identity),identity),multiply(multiply(X0,identity),identity))))),multiply(multiply(X0,identity),identity)))) [forward demodulation 18768,4857]
18780. identity = multiply(multiply(identity,X0),multiply(identity,multiply(multiply(X0,multiply(identity,multiply(identity,multiply(identity,multiply(multiply(X0,identity),identity))))),multiply(multiply(X0,identity),identity)))) [forward demodulation 18775,7285]
18783. identity = multiply(multiply(identity,X0),multiply(identity,multiply(multiply(X0,X0),multiply(multiply(X0,identity),identity)))) [forward demodulation 18780,168]
18881. multiply(identity,multiply(identity,multiply(identity,multiply(multiply(identity,multiply(multiply(X0,X0),multiply(multiply(X0,identity),identity))),identity)))) = multiply(multiply(identity,X0),multiply(multiply(multiply(identity,X0),multiply(identity,X0)),multiply(identity,identity))) [superposition 2686,18783]
18882. multiply(identity,multiply(identity,multiply(identity,multiply(multiply(identity,multiply(multiply(X0,X0),multiply(multiply(X0,identity),identity))),identity)))) = multiply(multiply(identity,X0),multiply(multiply(multiply(identity,X0),multiply(identity,X0)),identity)) [forward demodulation 18881,2]
18967. multiply(identity,multiply(identity,multiply(identity,multiply(identity,multiply(multiply(multiply(X0,X0),multiply(multiply(X0,identity),identity)),identity))))) = multiply(multiply(identity,X0),multiply(multiply(multiply(identity,X0),multiply(identity,X0)),identity)) [forward demodulation 18882,46]
19045. multiply(identity,multiply(X0,multiply(multiply(X0,X0),identity))) = multiply(multiply(identity,X0),multiply(multiply(multiply(identity,X0),multiply(identity,X0)),identity)) [forward demodulation 18967,536]
22035. multiply(multiply(X2,multiply(multiply(identity,multiply(identity,multiply(identity,multiply(X0,identity)))),X1)),identity) = multiply(multiply(X2,identity),multiply(X0,multiply(X1,identity))) [superposition 10574,15135]
22043. multiply(multiply(multiply(identity,multiply(identity,multiply(identity,multiply(X0,identity)))),multiply(identity,multiply(identity,multiply(identity,multiply(X0,identity))))),multiply(multiply(multiply(identity,multiply(identity,multiply(identity,multiply(X0,identity)))),identity),identity)) = multiply(multiply(multiply(identity,multiply(identity,multiply(identity,multiply(X0,identity)))),multiply(X0,multiply(multiply(identity,multiply(identity,multiply(identity,multiply(X0,identity)))),identity))),identity) [superposition 5096,15135]
22073. multiply(identity,multiply(identity,multiply(multiply(multiply(identity,multiply(identity,multiply(identity,identity))),identity),identity))) = multiply(identity,multiply(identity,multiply(X0,multiply(multiply(multiply(X0,identity),multiply(multiply(X0,identity),multiply(X0,identity))),identity)))) [superposition 130,15135]
22076. multiply(identity,multiply(identity,multiply(multiply(multiply(identity,multiply(identity,multiply(identity,identity))),identity),identity))) = multiply(identity,multiply(identity,multiply(X0,multiply(multiply(multiply(X0,identity),multiply(multiply(X0,X0),identity)),identity)))) [forward demodulation 22073,10574]
22105. multiply(multiply(multiply(identity,multiply(identity,multiply(identity,multiply(X0,identity)))),multiply(identity,multiply(identity,multiply(identity,multiply(X0,identity))))),multiply(multiply(multiply(identity,multiply(identity,multiply(identity,multiply(X0,identity)))),identity),identity)) = multiply(X0,multiply(multiply(X0,multiply(multiply(identity,multiply(identity,multiply(identity,multiply(X0,identity)))),identity)),identity)) [forward demodulation 22043,15135]
22203. multiply(identity,multiply(identity,multiply(multiply(multiply(identity,multiply(identity,multiply(identity,identity))),identity),identity))) = multiply(identity,multiply(identity,multiply(X0,multiply(multiply(multiply(X0,multiply(X0,X0)),identity),identity)))) [forward demodulation 22076,10574]
22226. multiply(multiply(multiply(identity,multiply(identity,multiply(identity,multiply(X0,identity)))),multiply(identity,multiply(identity,multiply(identity,multiply(X0,identity))))),multiply(multiply(multiply(identity,multiply(identity,multiply(identity,multiply(X0,identity)))),identity),identity)) = multiply(X0,multiply(multiply(X0,identity),multiply(X0,multiply(identity,identity)))) [forward demodulation 22105,22035]
22313. multiply(identity,multiply(identity,identity)) = multiply(identity,multiply(identity,multiply(X0,multiply(multiply(multiply(X0,multiply(X0,X0)),identity),identity)))) [forward demodulation 22203,144]
22336. multiply(X0,multiply(multiply(X0,identity),multiply(X0,identity))) = multiply(multiply(multiply(identity,multiply(identity,multiply(identity,multiply(X0,identity)))),multiply(identity,multiply(identity,multiply(identity,multiply(X0,identity))))),multiply(multiply(multiply(identity,multiply(identity,multiply(identity,multiply(X0,identity)))),identity),identity)) [forward demodulation 22226,2]
22416. multiply(identity,identity) = multiply(identity,multiply(identity,multiply(X0,multiply(multiply(multiply(X0,multiply(X0,X0)),identity),identity)))) [forward demodulation 22313,2]
22438. multiply(X0,multiply(multiply(X0,identity),multiply(X0,identity))) = multiply(multiply(multiply(identity,multiply(identity,multiply(identity,multiply(X0,identity)))),multiply(identity,multiply(identity,multiply(identity,multiply(X0,identity))))),multiply(X0,multiply(identity,identity))) [forward demodulation 22336,15135]
22508. identity = multiply(identity,multiply(identity,multiply(X0,multiply(multiply(multiply(X0,multiply(X0,X0)),identity),identity)))) [forward demodulation 22416,2]
22519. multiply(X0,multiply(multiply(X0,identity),multiply(X0,identity))) = multiply(multiply(multiply(identity,multiply(identity,multiply(identity,multiply(X0,identity)))),multiply(identity,multiply(identity,multiply(identity,multiply(X0,identity))))),multiply(X0,identity)) [forward demodulation 22438,2]
22590. multiply(X0,multiply(multiply(X0,identity),multiply(X0,identity))) = multiply(multiply(identity,multiply(identity,multiply(multiply(identity,multiply(X0,identity)),multiply(identity,multiply(X0,identity))))),multiply(X0,identity)) [forward demodulation 22519,6010]
22646. multiply(X0,multiply(multiply(X0,identity),multiply(X0,identity))) = multiply(multiply(identity,multiply(identity,multiply(multiply(identity,identity),multiply(multiply(X0,identity),multiply(X0,identity))))),multiply(X0,identity)) [forward demodulation 22590,12457]
22692. multiply(X0,multiply(multiply(X0,X0),identity)) = multiply(multiply(identity,multiply(identity,multiply(multiply(identity,identity),multiply(multiply(X0,X0),identity)))),multiply(X0,identity)) [forward demodulation 22646,10574]
22728. multiply(X0,multiply(multiply(X0,X0),identity)) = multiply(multiply(identity,multiply(identity,multiply(multiply(identity,multiply(X0,X0)),identity))),multiply(X0,identity)) [forward demodulation 22692,9678]
22760. multiply(X0,multiply(multiply(X0,X0),identity)) = multiply(multiply(multiply(identity,multiply(identity,multiply(identity,multiply(X0,X0)))),X0),identity) [forward demodulation 22728,15136]
24822. identity = multiply(identity,multiply(multiply(identity,identity),multiply(identity,multiply(multiply(multiply(identity,multiply(X0,multiply(multiply(multiply(X0,multiply(X0,X0)),identity),identity))),identity),identity)))) [superposition 682,22508]
24881. identity = multiply(identity,multiply(multiply(identity,multiply(identity,multiply(multiply(identity,multiply(X0,multiply(multiply(multiply(X0,multiply(X0,X0)),identity),identity))),identity))),identity)) [forward demodulation 24822,10487]
24940. identity = multiply(identity,multiply(X0,multiply(multiply(multiply(X0,multiply(X0,X0)),identity),identity))) [forward demodulation 24881,19]
26411. identity = multiply(identity,multiply(multiply(identity,identity),multiply(identity,multiply(multiply(multiply(X0,multiply(multiply(multiply(X0,multiply(X0,X0)),identity),identity)),identity),identity)))) [superposition 682,24940]
26471. identity = multiply(identity,multiply(multiply(identity,multiply(identity,multiply(multiply(X0,multiply(multiply(multiply(X0,multiply(X0,X0)),identity),identity)),identity))),identity)) [forward demodulation 26411,10487]
26546. identity = multiply(X0,multiply(multiply(multiply(X0,multiply(X0,X0)),identity),identity)) [forward demodulation 26471,19]
28864. multiply(X0,multiply(multiply(X0,X0),multiply(identity,identity))) = multiply(multiply(X0,multiply(X0,X0)),identity) [superposition 2157,26546]
28865. multiply(identity,multiply(multiply(X0,multiply(X0,X0)),identity)) = multiply(identity,multiply(X0,multiply(multiply(X0,X0),multiply(identity,identity)))) [superposition 2021,26546]
28881. multiply(identity,multiply(multiply(identity,identity),multiply(multiply(multiply(X0,multiply(multiply(X0,X0),multiply(multiply(multiply(multiply(identity,multiply(identity,identity)),identity),identity),identity))),identity),multiply(multiply(multiply(X0,multiply(multiply(X0,X0),multiply(multiply(multiply(multiply(identity,multiply(identity,identity)),identity),identity),identity))),identity),multiply(multiply(X0,multiply(multiply(X0,X0),multiply(multiply(multiply(multiply(identity,multiply(identity,identity)),identity),identity),identity))),identity))))) = X0 [superposition 30,26546]
28913. multiply(multiply(X0,X0),multiply(multiply(X0,multiply(identity,identity)),identity)) = multiply(multiply(multiply(X0,multiply(X0,X0)),identity),identity) [superposition 134,26546]
28945. multiply(multiply(X0,X0),multiply(multiply(X0,identity),identity)) = multiply(multiply(multiply(X0,multiply(X0,X0)),identity),identity) [forward demodulation 28913,2]
28977. multiply(identity,multiply(multiply(identity,identity),multiply(multiply(multiply(X0,multiply(multiply(X0,X0),multiply(multiply(multiply(multiply(identity,multiply(identity,identity)),identity),identity),identity))),identity),multiply(multiply(multiply(X0,multiply(multiply(X0,X0),multiply(multiply(multiply(multiply(identity,multiply(identity,identity)),identity),identity),identity))),multiply(X0,multiply(multiply(X0,X0),multiply(multiply(multiply(multiply(identity,multiply(identity,identity)),identity),identity),identity)))),identity)))) = X0 [forward demodulation 28881,10574]
28989. multiply(identity,multiply(X0,multiply(multiply(X0,X0),identity))) = multiply(identity,multiply(multiply(X0,multiply(X0,X0)),identity)) [forward demodulation 28865,2]
28990. multiply(X0,multiply(multiply(X0,X0),identity)) = multiply(multiply(X0,multiply(X0,X0)),identity) [forward demodulation 28864,2]
29059. multiply(identity,multiply(multiply(identity,identity),multiply(multiply(multiply(X0,multiply(multiply(X0,X0),multiply(multiply(multiply(multiply(identity,multiply(identity,identity)),identity),identity),identity))),multiply(multiply(X0,multiply(multiply(X0,X0),multiply(multiply(multiply(multiply(identity,multiply(identity,identity)),identity),identity),identity))),multiply(X0,multiply(multiply(X0,X0),multiply(multiply(multiply(multiply(identity,multiply(identity,identity)),identity),identity),identity))))),identity))) = X0 [forward demodulation 28977,10574]
29130. multiply(identity,multiply(multiply(identity,multiply(multiply(X0,multiply(multiply(X0,X0),multiply(multiply(multiply(multiply(identity,multiply(identity,identity)),identity),identity),identity))),multiply(multiply(X0,multiply(multiply(X0,X0),multiply(multiply(multiply(multiply(identity,multiply(identity,identity)),identity),identity),identity))),multiply(X0,multiply(multiply(X0,X0),multiply(multiply(multiply(multiply(identity,multiply(identity,identity)),identity),identity),identity)))))),identity)) = X0 [forward demodulation 29059,9678]
29192. multiply(identity,multiply(identity,multiply(multiply(multiply(X0,multiply(multiply(X0,X0),multiply(multiply(multiply(multiply(identity,multiply(identity,identity)),identity),identity),identity))),multiply(multiply(X0,multiply(multiply(X0,X0),multiply(multiply(multiply(multiply(identity,multiply(identity,identity)),identity),identity),identity))),multiply(X0,multiply(multiply(X0,X0),multiply(multiply(multiply(multiply(identity,multiply(identity,identity)),identity),identity),identity))))),identity))) = X0 [forward demodulation 29130,46]
29239. multiply(identity,multiply(identity,multiply(multiply(X0,multiply(multiply(X0,X0),multiply(multiply(multiply(multiply(identity,multiply(identity,identity)),identity),identity),identity))),multiply(multiply(multiply(X0,multiply(multiply(X0,X0),multiply(multiply(multiply(multiply(identity,multiply(identity,identity)),identity),identity),identity))),multiply(X0,multiply(multiply(X0,X0),multiply(multiply(multiply(multiply(identity,multiply(identity,identity)),identity),identity),identity)))),identity)))) = X0 [forward demodulation 29192,28989]
29283. multiply(identity,multiply(identity,multiply(multiply(X0,multiply(multiply(X0,X0),multiply(multiply(multiply(identity,identity),multiply(multiply(identity,identity),identity)),identity))),multiply(multiply(multiply(X0,multiply(multiply(X0,X0),multiply(multiply(multiply(identity,identity),multiply(multiply(identity,identity),identity)),identity))),multiply(X0,multiply(multiply(X0,X0),multiply(multiply(multiply(identity,identity),multiply(multiply(identity,identity),identity)),identity)))),identity)))) = X0 [forward demodulation 29239,28945]
29324. multiply(identity,multiply(identity,multiply(multiply(X0,multiply(multiply(X0,X0),multiply(multiply(multiply(identity,multiply(identity,identity)),identity),identity))),multiply(multiply(multiply(X0,multiply(multiply(X0,X0),multiply(multiply(multiply(identity,multiply(identity,identity)),identity),identity))),multiply(X0,multiply(multiply(X0,X0),multiply(multiply(multiply(identity,multiply(identity,identity)),identity),identity)))),identity)))) = X0 [forward demodulation 29283,10574]
29350. multiply(identity,multiply(identity,multiply(multiply(X0,multiply(multiply(X0,X0),multiply(multiply(identity,identity),multiply(multiply(identity,identity),identity)))),multiply(multiply(multiply(X0,multiply(multiply(X0,X0),multiply(multiply(identity,identity),multiply(multiply(identity,identity),identity)))),multiply(X0,multiply(multiply(X0,X0),multiply(multiply(identity,identity),multiply(multiply(identity,identity),identity))))),identity)))) = X0 [forward demodulation 29324,28945]
29372. multiply(identity,multiply(identity,multiply(multiply(X0,multiply(multiply(X0,X0),multiply(multiply(identity,multiply(identity,identity)),identity))),multiply(multiply(multiply(X0,multiply(multiply(X0,X0),multiply(multiply(identity,multiply(identity,identity)),identity))),multiply(X0,multiply(multiply(X0,X0),multiply(multiply(identity,multiply(identity,identity)),identity)))),identity)))) = X0 [forward demodulation 29350,10574]
29387. multiply(identity,multiply(identity,multiply(multiply(X0,multiply(multiply(X0,X0),multiply(identity,multiply(multiply(identity,identity),identity)))),multiply(multiply(multiply(X0,multiply(multiply(X0,X0),multiply(identity,multiply(multiply(identity,identity),identity)))),multiply(X0,multiply(multiply(X0,X0),multiply(identity,multiply(multiply(identity,identity),identity))))),identity)))) = X0 [forward demodulation 29372,28990]
29400. multiply(identity,multiply(identity,multiply(multiply(X0,multiply(multiply(X0,X0),multiply(identity,multiply(identity,multiply(identity,identity))))),multiply(multiply(multiply(X0,multiply(multiply(X0,X0),multiply(identity,multiply(identity,multiply(identity,identity))))),multiply(X0,multiply(multiply(X0,X0),multiply(identity,multiply(identity,multiply(identity,identity)))))),identity)))) = X0 [forward demodulation 29387,46]
29412. multiply(identity,multiply(identity,multiply(multiply(X0,multiply(multiply(X0,X0),multiply(identity,multiply(identity,identity)))),multiply(multiply(multiply(X0,multiply(multiply(X0,X0),multiply(identity,multiply(identity,identity)))),multiply(X0,multiply(multiply(X0,X0),multiply(identity,multiply(identity,identity))))),identity)))) = X0 [forward demodulation 29400,2]
29421. multiply(identity,multiply(identity,multiply(multiply(X0,multiply(multiply(X0,X0),multiply(identity,identity))),multiply(multiply(multiply(X0,multiply(multiply(X0,X0),multiply(identity,identity))),multiply(X0,multiply(multiply(X0,X0),multiply(identity,identity)))),identity)))) = X0 [forward demodulation 29412,2]
29429. multiply(identity,multiply(identity,multiply(multiply(X0,multiply(multiply(X0,X0),identity)),multiply(multiply(multiply(X0,multiply(multiply(X0,X0),identity)),multiply(X0,multiply(multiply(X0,X0),identity))),identity)))) = X0 [forward demodulation 29421,2]
31483. multiply(multiply(X0,multiply(multiply(X0,X0),identity)),multiply(X1,identity)) = multiply(multiply(multiply(X0,multiply(X0,X0)),X1),identity) [superposition 10574,28990]
31497. identity = multiply(X1,multiply(multiply(X1,multiply(multiply(X1,X1),multiply(X0,multiply(X0,X0)))),multiply(multiply(multiply(identity,multiply(identity,multiply(X0,multiply(multiply(X0,X0),identity)))),multiply(identity,multiply(identity,identity))),multiply(multiply(multiply(identity,multiply(identity,multiply(X0,multiply(multiply(X0,X0),identity)))),multiply(identity,multiply(identity,identity))),multiply(multiply(identity,multiply(identity,multiply(X0,multiply(multiply(X0,X0),identity)))),multiply(identity,multiply(identity,identity))))))) [superposition 37,28990]
31548. identity = multiply(X1,multiply(multiply(X1,multiply(multiply(X1,X1),multiply(X0,multiply(X0,X0)))),multiply(multiply(multiply(identity,multiply(identity,multiply(X0,multiply(multiply(X0,X0),identity)))),multiply(identity,identity)),multiply(multiply(multiply(identity,multiply(identity,multiply(X0,multiply(multiply(X0,X0),identity)))),multiply(identity,identity)),multiply(multiply(identity,multiply(identity,multiply(X0,multiply(multiply(X0,X0),identity)))),multiply(identity,identity)))))) [forward demodulation 31497,2]
31610. identity = multiply(X1,multiply(multiply(X1,multiply(multiply(X1,X1),multiply(X0,multiply(X0,X0)))),multiply(multiply(multiply(identity,multiply(identity,multiply(X0,multiply(multiply(X0,X0),identity)))),identity),multiply(multiply(multiply(identity,multiply(identity,multiply(X0,multiply(multiply(X0,X0),identity)))),identity),multiply(multiply(identity,multiply(identity,multiply(X0,multiply(multiply(X0,X0),identity)))),identity))))) [forward demodulation 31548,2]
31655. identity = multiply(X1,multiply(multiply(X1,multiply(multiply(X1,X1),multiply(X0,multiply(X0,X0)))),multiply(multiply(multiply(identity,multiply(identity,multiply(X0,multiply(multiply(X0,X0),identity)))),identity),multiply(multiply(multiply(identity,multiply(identity,multiply(X0,multiply(multiply(X0,X0),identity)))),multiply(identity,multiply(identity,multiply(X0,multiply(multiply(X0,X0),identity))))),identity)))) [forward demodulation 31610,10574]
31692. identity = multiply(X1,multiply(multiply(X1,multiply(multiply(X1,X1),multiply(X0,multiply(X0,X0)))),multiply(multiply(multiply(identity,multiply(identity,multiply(X0,multiply(multiply(X0,X0),identity)))),multiply(multiply(identity,multiply(identity,multiply(X0,multiply(multiply(X0,X0),identity)))),multiply(identity,multiply(identity,multiply(X0,multiply(multiply(X0,X0),identity)))))),identity))) [forward demodulation 31655,10574]
31720. identity = multiply(X1,multiply(multiply(X1,multiply(multiply(X1,X1),multiply(X0,multiply(X0,X0)))),multiply(multiply(identity,multiply(identity,multiply(X0,multiply(multiply(X0,X0),identity)))),multiply(multiply(multiply(identity,multiply(identity,multiply(X0,multiply(multiply(X0,X0),identity)))),multiply(identity,multiply(identity,multiply(X0,multiply(multiply(X0,X0),identity))))),identity)))) [forward demodulation 31692,28990]
31740. identity = multiply(X1,multiply(multiply(X1,multiply(multiply(X1,X1),multiply(X0,multiply(X0,X0)))),multiply(identity,multiply(multiply(identity,multiply(X0,multiply(multiply(X0,X0),identity))),multiply(multiply(multiply(identity,multiply(X0,multiply(multiply(X0,X0),identity))),multiply(identity,multiply(X0,multiply(multiply(X0,X0),identity)))),identity))))) [forward demodulation 31720,19045]
31752. identity = multiply(X1,multiply(multiply(X1,multiply(multiply(X1,X1),multiply(X0,multiply(X0,X0)))),multiply(identity,multiply(identity,multiply(multiply(X0,multiply(multiply(X0,X0),identity)),multiply(multiply(multiply(X0,multiply(multiply(X0,X0),identity)),multiply(X0,multiply(multiply(X0,X0),identity))),identity)))))) [forward demodulation 31740,19045]
31759. identity = multiply(X1,multiply(multiply(X1,multiply(multiply(X1,X1),multiply(X0,multiply(X0,X0)))),X0)) [forward demodulation 31752,29429]
38898. multiply(multiply(identity,X0),identity) = multiply(identity,multiply(identity,multiply(multiply(multiply(identity,multiply(multiply(identity,identity),identity)),multiply(multiply(multiply(X0,multiply(multiply(X0,X0),identity)),identity),multiply(multiply(multiply(X0,multiply(multiply(X0,X0),identity)),identity),multiply(multiply(X0,multiply(multiply(X0,X0),identity)),identity)))),identity))) [superposition 414,115]
39019. multiply(multiply(identity,X0),identity) = multiply(identity,multiply(identity,multiply(multiply(multiply(identity,multiply(multiply(identity,identity),identity)),multiply(multiply(multiply(X0,multiply(multiply(X0,X0),identity)),identity),multiply(multiply(multiply(X0,multiply(multiply(X0,X0),identity)),multiply(X0,multiply(multiply(X0,X0),identity))),identity))),identity))) [forward demodulation 38898,10574]
39228. multiply(multiply(identity,X0),identity) = multiply(identity,multiply(identity,multiply(multiply(multiply(identity,multiply(multiply(identity,identity),identity)),multiply(multiply(multiply(X0,multiply(multiply(X0,X0),identity)),multiply(multiply(X0,multiply(multiply(X0,X0),identity)),multiply(X0,multiply(multiply(X0,X0),identity)))),identity)),identity))) [forward demodulation 39019,10574]
39437. multiply(multiply(identity,X0),identity) = multiply(identity,multiply(identity,multiply(multiply(multiply(multiply(identity,multiply(identity,identity)),multiply(multiply(X0,multiply(multiply(X0,X0),identity)),multiply(multiply(X0,multiply(multiply(X0,X0),identity)),multiply(X0,multiply(multiply(X0,X0),identity))))),identity),identity))) [forward demodulation 39228,31483]
39633. multiply(multiply(identity,X0),identity) = multiply(identity,multiply(identity,multiply(multiply(multiply(multiply(identity,identity),multiply(multiply(X0,multiply(multiply(X0,X0),identity)),multiply(multiply(X0,multiply(multiply(X0,X0),identity)),multiply(X0,multiply(multiply(X0,X0),identity))))),identity),identity))) [forward demodulation 39437,2]
39817. multiply(multiply(identity,X0),identity) = multiply(identity,multiply(identity,multiply(multiply(multiply(identity,multiply(multiply(X0,multiply(multiply(X0,X0),identity)),multiply(multiply(X0,multiply(multiply(X0,X0),identity)),multiply(X0,multiply(multiply(X0,X0),identity))))),identity),identity))) [forward demodulation 39633,2]
39978. multiply(multiply(identity,X0),identity) = multiply(multiply(X0,multiply(multiply(X0,X0),identity)),multiply(multiply(X0,multiply(multiply(X0,X0),identity)),multiply(X0,multiply(multiply(X0,X0),identity)))) [forward demodulation 39817,176]
40123. multiply(identity,multiply(X0,identity)) = multiply(multiply(X0,multiply(multiply(X0,X0),identity)),multiply(multiply(X0,multiply(multiply(X0,X0),identity)),multiply(X0,multiply(multiply(X0,X0),identity)))) [forward demodulation 39978,300]
40850. multiply(X0,multiply(multiply(X0,X0),multiply(multiply(X0,identity),X1))) = multiply(identity,multiply(identity,multiply(identity,multiply(multiply(identity,multiply(identity,multiply(identity,multiply(X1,identity)))),identity)))) [superposition 2686,16737]
40997. multiply(X0,multiply(multiply(X0,X0),multiply(multiply(X0,identity),X1))) = multiply(identity,multiply(identity,multiply(identity,multiply(identity,multiply(multiply(identity,multiply(identity,multiply(X1,identity))),identity))))) [forward demodulation 40850,46]
41074. multiply(identity,multiply(identity,multiply(identity,X1))) = multiply(X0,multiply(multiply(X0,X0),multiply(multiply(X0,identity),X1))) [forward demodulation 40997,19]
43317. multiply(identity,multiply(X1,X0)) = multiply(multiply(identity,X1),multiply(identity,X0)) [superposition 17831,176]
47433. multiply(identity,multiply(multiply(identity,multiply(identity,multiply(multiply(X0,identity),identity))),X1)) = multiply(X0,multiply(identity,X1)) [superposition 43317,168]
56534. identity = multiply(X0,multiply(multiply(identity,multiply(identity,multiply(identity,multiply(multiply(X0,identity),multiply(X0,identity))))),multiply(X0,identity))) [superposition 31759,41074]
56709. identity = multiply(X0,multiply(multiply(identity,multiply(identity,multiply(identity,multiply(multiply(X0,X0),identity)))),multiply(X0,identity))) [forward demodulation 56534,10574]
56880. identity = multiply(X0,multiply(multiply(multiply(identity,multiply(identity,multiply(identity,multiply(X0,X0)))),X0),identity)) [forward demodulation 56709,15241]
57037. identity = multiply(X0,multiply(X0,multiply(multiply(X0,X0),identity))) [forward demodulation 56880,22760]
60294. multiply(identity,multiply(multiply(identity,multiply(identity,identity)),multiply(multiply(X0,multiply(multiply(X0,X0),identity)),multiply(multiply(X0,multiply(multiply(X0,X0),identity)),multiply(X0,multiply(multiply(X0,X0),identity)))))) = X0 [superposition 4,57037]
60411. multiply(identity,multiply(multiply(identity,multiply(identity,identity)),multiply(identity,multiply(X0,identity)))) = X0 [forward demodulation 60294,40123]
60517. multiply(identity,multiply(multiply(identity,identity),multiply(multiply(identity,identity),multiply(X0,identity)))) = X0 [forward demodulation 60411,12457]
60614. multiply(identity,multiply(identity,multiply(identity,multiply(X0,identity)))) = X0 [forward demodulation 60517,41074]
61487. multiply(multiply(X0,X2),multiply(multiply(multiply(multiply(X2,multiply(multiply(X2,X2),multiply(X1,identity))),identity),multiply(multiply(multiply(X2,multiply(multiply(X2,X2),multiply(X1,identity))),identity),multiply(multiply(X2,multiply(multiply(X2,X2),multiply(X1,identity))),identity))),multiply(multiply(multiply(multiply(X2,multiply(multiply(X2,X2),multiply(X1,identity))),identity),multiply(multiply(multiply(X2,multiply(multiply(X2,X2),multiply(X1,identity))),identity),multiply(multiply(X2,multiply(multiply(X2,X2),multiply(X1,identity))),identity))),multiply(multiply(multiply(X2,multiply(multiply(X2,X2),multiply(X1,identity))),identity),multiply(multiply(multiply(X2,multiply(multiply(X2,X2),multiply(X1,identity))),identity),multiply(multiply(X2,multiply(multiply(X2,X2),multiply(X1,identity))),identity)))))) = multiply(multiply(X0,X0),multiply(multiply(X0,multiply(multiply(multiply(X0,X0),multiply(multiply(multiply(X0,X0),multiply(X0,X0)),X1)),identity)),identity)) [superposition 134,71]
61499. multiply(identity,multiply(identity,multiply(identity,multiply(multiply(multiply(X0,X2),multiply(multiply(multiply(multiply(X2,multiply(multiply(X2,X2),multiply(X1,identity))),identity),multiply(multiply(multiply(X2,multiply(multiply(X2,X2),multiply(X1,identity))),identity),multiply(multiply(X2,multiply(multiply(X2,X2),multiply(X1,identity))),identity))),multiply(multiply(multiply(multiply(X2,multiply(multiply(X2,X2),multiply(X1,identity))),identity),multiply(multiply(multiply(X2,multiply(multiply(X2,X2),multiply(X1,identity))),identity),multiply(multiply(X2,multiply(multiply(X2,X2),multiply(X1,identity))),identity))),multiply(multiply(multiply(X2,multiply(multiply(X2,X2),multiply(X1,identity))),identity),multiply(multiply(multiply(X2,multiply(multiply(X2,X2),multiply(X1,identity))),identity),multiply(multiply(X2,multiply(multiply(X2,X2),multiply(X1,identity))),identity)))))),identity)))) = multiply(X0,multiply(multiply(X0,X0),multiply(multiply(multiply(X0,X0),multiply(multiply(multiply(X0,X0),multiply(X0,X0)),X1)),identity))) [superposition 2686,71]
61536. multiply(X0,multiply(identity,multiply(identity,multiply(identity,multiply(X1,identity))))) = multiply(identity,multiply(identity,multiply(identity,multiply(multiply(multiply(X0,X2),multiply(multiply(multiply(multiply(X2,multiply(multiply(X2,X2),multiply(X1,identity))),identity),multiply(multiply(multiply(X2,multiply(multiply(X2,X2),multiply(X1,identity))),identity),multiply(multiply(X2,multiply(multiply(X2,X2),multiply(X1,identity))),identity))),multiply(multiply(multiply(multiply(X2,multiply(multiply(X2,X2),multiply(X1,identity))),identity),multiply(multiply(multiply(X2,multiply(multiply(X2,X2),multiply(X1,identity))),identity),multiply(multiply(X2,multiply(multiply(X2,X2),multiply(X1,identity))),identity))),multiply(multiply(multiply(X2,multiply(multiply(X2,X2),multiply(X1,identity))),identity),multiply(multiply(multiply(X2,multiply(multiply(X2,X2),multiply(X1,identity))),identity),multiply(multiply(X2,multiply(multiply(X2,X2),multiply(X1,identity))),identity)))))),identity)))) [forward demodulation 61499,817]
61548. multiply(multiply(X0,X2),multiply(multiply(multiply(multiply(X2,multiply(multiply(X2,X2),multiply(X1,identity))),identity),multiply(multiply(multiply(X2,multiply(multiply(X2,X2),multiply(X1,identity))),identity),multiply(multiply(X2,multiply(multiply(X2,X2),multiply(X1,identity))),identity))),multiply(multiply(multiply(multiply(X2,multiply(multiply(X2,X2),multiply(X1,identity))),identity),multiply(multiply(multiply(X2,multiply(multiply(X2,X2),multiply(X1,identity))),identity),multiply(multiply(X2,multiply(multiply(X2,X2),multiply(X1,identity))),identity))),multiply(multiply(multiply(X2,multiply(multiply(X2,X2),multiply(X1,identity))),identity),multiply(multiply(multiply(X2,multiply(multiply(X2,X2),multiply(X1,identity))),identity),multiply(multiply(X2,multiply(multiply(X2,X2),multiply(X1,identity))),identity)))))) = multiply(multiply(X0,X0),multiply(multiply(X0,multiply(multiply(multiply(X0,X0),multiply(X0,X0)),multiply(multiply(multiply(X0,X0),X1),identity))),identity)) [forward demodulation 61487,5096]
61962. multiply(X0,multiply(identity,multiply(identity,multiply(identity,multiply(X1,identity))))) = multiply(multiply(X0,X2),multiply(multiply(multiply(multiply(X2,multiply(multiply(X2,X2),multiply(X1,identity))),identity),multiply(multiply(multiply(X2,multiply(multiply(X2,X2),multiply(X1,identity))),identity),multiply(multiply(X2,multiply(multiply(X2,X2),multiply(X1,identity))),identity))),multiply(multiply(multiply(multiply(X2,multiply(multiply(X2,X2),multiply(X1,identity))),identity),multiply(multiply(multiply(X2,multiply(multiply(X2,X2),multiply(X1,identity))),identity),multiply(multiply(X2,multiply(multiply(X2,X2),multiply(X1,identity))),identity))),multiply(multiply(multiply(X2,multiply(multiply(X2,X2),multiply(X1,identity))),identity),multiply(multiply(multiply(X2,multiply(multiply(X2,X2),multiply(X1,identity))),identity),multiply(multiply(X2,multiply(multiply(X2,X2),multiply(X1,identity))),identity)))))) [forward demodulation 61536,60614]
61973. multiply(multiply(X0,X2),multiply(multiply(multiply(multiply(X2,multiply(multiply(X2,X2),multiply(X1,identity))),identity),multiply(multiply(multiply(X2,multiply(multiply(X2,X2),multiply(X1,identity))),identity),multiply(multiply(X2,multiply(multiply(X2,X2),multiply(X1,identity))),identity))),multiply(multiply(multiply(multiply(X2,multiply(multiply(X2,X2),multiply(X1,identity))),identity),multiply(multiply(multiply(X2,multiply(multiply(X2,X2),multiply(X1,identity))),identity),multiply(multiply(X2,multiply(multiply(X2,X2),multiply(X1,identity))),identity))),multiply(multiply(multiply(X2,multiply(multiply(X2,X2),multiply(X1,identity))),identity),multiply(multiply(multiply(X2,multiply(multiply(X2,X2),multiply(X1,identity))),identity),multiply(multiply(X2,multiply(multiply(X2,X2),multiply(X1,identity))),identity)))))) = multiply(multiply(X0,multiply(X0,multiply(multiply(X0,multiply(multiply(X0,X0),X1)),identity))),identity) [forward demodulation 61548,6015]
62382. multiply(X0,multiply(identity,multiply(identity,multiply(identity,multiply(X1,identity))))) = multiply(identity,multiply(multiply(identity,multiply(identity,multiply(multiply(multiply(X0,X2),identity),identity))),multiply(multiply(X2,multiply(multiply(X2,X2),multiply(X1,identity))),identity))) [forward demodulation 61962,4003]
62393. multiply(multiply(X0,multiply(identity,multiply(identity,multiply(identity,multiply(X1,identity))))),identity) = multiply(multiply(X0,X2),multiply(multiply(multiply(multiply(X2,multiply(multiply(X2,X2),multiply(X1,identity))),identity),multiply(multiply(multiply(X2,multiply(multiply(X2,X2),multiply(X1,identity))),identity),multiply(multiply(X2,multiply(multiply(X2,X2),multiply(X1,identity))),identity))),multiply(multiply(multiply(multiply(X2,multiply(multiply(X2,X2),multiply(X1,identity))),identity),multiply(multiply(multiply(X2,multiply(multiply(X2,X2),multiply(X1,identity))),identity),multiply(multiply(X2,multiply(multiply(X2,X2),multiply(X1,identity))),identity))),multiply(multiply(multiply(X2,multiply(multiply(X2,X2),multiply(X1,identity))),identity),multiply(multiply(multiply(X2,multiply(multiply(X2,X2),multiply(X1,identity))),identity),multiply(multiply(X2,multiply(multiply(X2,X2),multiply(X1,identity))),identity)))))) [forward demodulation 61973,817]
62793. multiply(X0,multiply(identity,multiply(identity,multiply(identity,multiply(X1,identity))))) = multiply(multiply(X0,X2),multiply(identity,multiply(multiply(X2,multiply(multiply(X2,X2),multiply(X1,identity))),identity))) [forward demodulation 62382,47433]
62804. multiply(multiply(X0,multiply(identity,multiply(identity,multiply(identity,multiply(X1,identity))))),identity) = multiply(identity,multiply(multiply(identity,multiply(identity,multiply(multiply(multiply(X0,X2),identity),identity))),multiply(multiply(X2,multiply(multiply(X2,X2),multiply(X1,identity))),identity))) [forward demodulation 62393,4003]
63168. multiply(X0,multiply(identity,multiply(identity,multiply(identity,multiply(X1,identity))))) = multiply(multiply(X0,X2),multiply(identity,multiply(multiply(X2,X2),multiply(multiply(X2,multiply(X1,identity)),identity)))) [forward demodulation 62793,5096]
63179. multiply(multiply(X0,multiply(identity,multiply(identity,multiply(identity,multiply(X1,identity))))),identity) = multiply(multiply(X0,X2),multiply(identity,multiply(multiply(X2,multiply(multiply(X2,X2),multiply(X1,identity))),identity))) [forward demodulation 62804,47433]
63518. multiply(X0,X1) = multiply(multiply(X0,X2),multiply(identity,multiply(multiply(X2,X2),multiply(multiply(X2,multiply(X1,identity)),identity)))) [forward demodulation 63168,60614]
63529. multiply(multiply(X0,multiply(identity,multiply(identity,multiply(identity,multiply(X1,identity))))),identity) = multiply(multiply(X0,X2),multiply(identity,multiply(multiply(X2,X2),multiply(multiply(X2,multiply(X1,identity)),identity)))) [forward demodulation 63179,5096]
63834. multiply(X0,X1) = multiply(multiply(X0,multiply(identity,multiply(identity,multiply(identity,multiply(X1,identity))))),identity) [forward demodulation 63529,63518]
64100. multiply(X0,X1) = multiply(multiply(X0,X1),identity) [forward demodulation 63834,60614]
65639. multiply(X0,identity) = X0 [superposition 64100,531]
71241. a != a [superposition 3,65639]
71441. $false [trivial inequality removal 71241]
% SZS output end Proof for GRP121-1_clausified
% ------------------------------
% Version: Vampire 5.0.0 (Release build, commit 2e2c9b7b8 on 2026-01-17 12:24:14 +0100)
% Linked with Z3 4.14.0.0 3c47fd96cf5645d0c42b2c819d9e9a84380aa721 z3-4.8.4-9178-g3c47fd96c
% CaDiCaL version: 2.1.3
% Termination reason: Refutation
% Time elapsed: 1.441 s
% Peak memory usage: 62 MB
% Instructions burned: 7308 (million)
% ------------------------------
% ------------------------------
