% Running in auto input_syntax mode. Trying TPTP
% Refutation found. Thanks to Tanya!
% SZS status Unsatisfiable for GRP119-1
% SZS output start Proof for GRP119-1
1. multiply(X0,multiply(multiply(X0,multiply(multiply(X0,X0),multiply(X1,X2))),multiply(X2,multiply(X2,X2)))) = X1 [input(axiom)]
2. multiply(identity,identity) = identity [input(axiom)]
3. identity = multiply(identity,identity) [reorient equations 2]
4. multiply(a,multiply(a,multiply(a,a))) != identity [input(negated conjecture)]
5. identity != multiply(a,multiply(a,multiply(a,a))) [reorient equations 4]
6. multiply(identity,multiply(multiply(identity,multiply(identity,multiply(X0,X1))),multiply(X1,multiply(X1,X1)))) = X0 [superposition 1,3]
7. identity = multiply(X0,multiply(multiply(X0,multiply(multiply(X0,X0),identity)),multiply(identity,identity))) [superposition 1,3]
8. multiply(X1,multiply(multiply(X1,multiply(multiply(X1,X1),X0)),multiply(multiply(multiply(X2,multiply(multiply(X2,X2),multiply(X0,X3))),multiply(X3,multiply(X3,X3))),multiply(multiply(multiply(X2,multiply(multiply(X2,X2),multiply(X0,X3))),multiply(X3,multiply(X3,X3))),multiply(multiply(X2,multiply(multiply(X2,X2),multiply(X0,X3))),multiply(X3,multiply(X3,X3))))))) = X2 [superposition 1,1]
9. multiply(multiply(X1,X1),multiply(multiply(multiply(X1,X1),multiply(X1,X1)),multiply(X0,X2))) = multiply(X1,multiply(multiply(X1,X0),multiply(multiply(X2,multiply(X2,X2)),multiply(multiply(X2,multiply(X2,X2)),multiply(X2,multiply(X2,X2)))))) [superposition 1,1]
10. multiply(X0,multiply(multiply(X0,multiply(multiply(X0,X0),multiply(X1,identity))),multiply(identity,identity))) = X1 [superposition 1,3]
11. multiply(X0,multiply(multiply(X0,multiply(multiply(X0,X0),multiply(X1,identity))),identity)) = X1 [forward demodulation 10,3]
12. identity = multiply(X0,multiply(multiply(X0,multiply(multiply(X0,X0),identity)),identity)) [forward demodulation 7,3]
14. multiply(X0,multiply(multiply(X0,multiply(multiply(X0,X0),identity)),multiply(multiply(multiply(X1,multiply(multiply(X1,X1),identity)),identity),multiply(multiply(multiply(X1,multiply(multiply(X1,X1),identity)),identity),multiply(multiply(X1,multiply(multiply(X1,X1),identity)),identity))))) = X1 [superposition 1,12]
15. multiply(multiply(X0,X0),multiply(multiply(multiply(X0,X0),multiply(X0,X0)),identity)) = multiply(X0,multiply(multiply(X0,identity),multiply(identity,multiply(identity,identity)))) [superposition 1,12]
16. multiply(multiply(X0,X0),multiply(multiply(multiply(X0,X0),multiply(X0,X0)),identity)) = multiply(X0,multiply(multiply(X0,identity),multiply(identity,identity))) [forward demodulation 15,3]
18. multiply(multiply(X0,X0),multiply(multiply(multiply(X0,X0),multiply(X0,X0)),identity)) = multiply(X0,multiply(multiply(X0,identity),identity)) [forward demodulation 16,3]
21. multiply(identity,multiply(multiply(identity,multiply(identity,multiply(X0,identity))),identity)) = X0 [superposition 11,3]
23. multiply(multiply(X1,X1),multiply(multiply(multiply(X1,X1),multiply(X1,X1)),multiply(X0,identity))) = multiply(X1,multiply(multiply(X1,X0),identity)) [superposition 11,11]
30. identity = multiply(identity,multiply(multiply(identity,multiply(identity,X0)),multiply(multiply(multiply(identity,multiply(identity,multiply(X0,X1))),multiply(X1,multiply(X1,X1))),multiply(multiply(multiply(identity,multiply(identity,multiply(X0,X1))),multiply(X1,multiply(X1,X1))),multiply(multiply(identity,multiply(identity,multiply(X0,X1))),multiply(X1,multiply(X1,X1))))))) [superposition 6,6]
31. multiply(identity,multiply(multiply(identity,multiply(identity,X0)),multiply(multiply(multiply(X1,multiply(multiply(X1,X1),multiply(X0,X2))),multiply(X2,multiply(X2,X2))),multiply(multiply(multiply(X1,multiply(multiply(X1,X1),multiply(X0,X2))),multiply(X2,multiply(X2,X2))),multiply(multiply(X1,multiply(multiply(X1,X1),multiply(X0,X2))),multiply(X2,multiply(X2,X2))))))) = X1 [superposition 6,1]
32. multiply(identity,multiply(multiply(identity,multiply(identity,X0)),multiply(multiply(multiply(X1,multiply(multiply(X1,X1),multiply(X0,identity))),identity),multiply(multiply(multiply(X1,multiply(multiply(X1,X1),multiply(X0,identity))),identity),multiply(multiply(X1,multiply(multiply(X1,X1),multiply(X0,identity))),identity))))) = X1 [superposition 6,11]
33. multiply(identity,multiply(multiply(identity,multiply(identity,identity)),multiply(multiply(multiply(X0,multiply(multiply(X0,X0),identity)),identity),multiply(multiply(multiply(X0,multiply(multiply(X0,X0),identity)),identity),multiply(multiply(X0,multiply(multiply(X0,X0),identity)),identity))))) = X0 [superposition 6,12]
36. multiply(identity,multiply(multiply(identity,identity),multiply(X0,identity))) = multiply(identity,multiply(multiply(identity,X0),multiply(identity,multiply(identity,identity)))) [superposition 6,11]
39. identity = multiply(X1,multiply(multiply(X1,multiply(multiply(X1,X1),X0)),multiply(multiply(multiply(identity,multiply(identity,multiply(X0,X2))),multiply(X2,multiply(X2,X2))),multiply(multiply(multiply(identity,multiply(identity,multiply(X0,X2))),multiply(X2,multiply(X2,X2))),multiply(multiply(identity,multiply(identity,multiply(X0,X2))),multiply(X2,multiply(X2,X2))))))) [superposition 1,6]
42. multiply(identity,multiply(identity,multiply(X0,identity))) = multiply(identity,multiply(multiply(identity,X0),multiply(identity,identity))) [forward demodulation 36,3]
45. multiply(identity,multiply(multiply(identity,identity),multiply(multiply(multiply(X0,multiply(multiply(X0,X0),identity)),identity),multiply(multiply(multiply(X0,multiply(multiply(X0,X0),identity)),identity),multiply(multiply(X0,multiply(multiply(X0,X0),identity)),identity))))) = X0 [forward demodulation 33,3]
48. multiply(identity,multiply(identity,multiply(X0,identity))) = multiply(identity,multiply(multiply(identity,X0),identity)) [forward demodulation 42,3]
51. multiply(identity,multiply(identity,multiply(multiply(multiply(X0,multiply(multiply(X0,X0),identity)),identity),multiply(multiply(multiply(X0,multiply(multiply(X0,X0),identity)),identity),multiply(multiply(X0,multiply(multiply(X0,X0),identity)),identity))))) = X0 [forward demodulation 45,3]
74. multiply(multiply(X0,X0),multiply(multiply(multiply(X0,X0),multiply(X0,X0)),identity)) = multiply(X0,multiply(multiply(X0,X1),multiply(multiply(multiply(multiply(X1,multiply(multiply(X1,X1),identity)),identity),multiply(multiply(multiply(X1,multiply(multiply(X1,X1),identity)),identity),multiply(multiply(X1,multiply(multiply(X1,X1),identity)),identity))),multiply(multiply(multiply(multiply(X1,multiply(multiply(X1,X1),identity)),identity),multiply(multiply(multiply(X1,multiply(multiply(X1,X1),identity)),identity),multiply(multiply(X1,multiply(multiply(X1,X1),identity)),identity))),multiply(multiply(multiply(X1,multiply(multiply(X1,X1),identity)),identity),multiply(multiply(multiply(X1,multiply(multiply(X1,X1),identity)),identity),multiply(multiply(X1,multiply(multiply(X1,X1),identity)),identity))))))) [superposition 9,12]
83. multiply(identity,multiply(multiply(identity,identity),multiply(identity,X0))) = multiply(identity,multiply(identity,multiply(multiply(X0,multiply(X0,X0)),multiply(multiply(X0,multiply(X0,X0)),multiply(X0,multiply(X0,X0)))))) [superposition 9,3]
84. multiply(multiply(identity,identity),multiply(multiply(multiply(identity,identity),multiply(identity,identity)),multiply(multiply(multiply(identity,multiply(identity,multiply(X0,X1))),multiply(X1,multiply(X1,X1))),X2))) = multiply(identity,multiply(X0,multiply(multiply(X2,multiply(X2,X2)),multiply(multiply(X2,multiply(X2,X2)),multiply(X2,multiply(X2,X2)))))) [superposition 9,6]
85. multiply(multiply(identity,identity),multiply(multiply(multiply(identity,identity),multiply(identity,identity)),multiply(multiply(multiply(identity,multiply(identity,multiply(X0,identity))),identity),X1))) = multiply(identity,multiply(X0,multiply(multiply(X1,multiply(X1,X1)),multiply(multiply(X1,multiply(X1,X1)),multiply(X1,multiply(X1,X1)))))) [superposition 9,21]
86. multiply(multiply(X1,X1),multiply(multiply(multiply(X1,X1),multiply(X1,X1)),multiply(multiply(multiply(X1,multiply(multiply(X1,X1),multiply(X0,X2))),multiply(X2,multiply(X2,X2))),X3))) = multiply(X1,multiply(X0,multiply(multiply(X3,multiply(X3,X3)),multiply(multiply(X3,multiply(X3,X3)),multiply(X3,multiply(X3,X3)))))) [superposition 9,1]
87. multiply(multiply(X1,X1),multiply(multiply(multiply(X1,X1),multiply(X1,X1)),multiply(multiply(multiply(X1,multiply(multiply(X1,X1),multiply(X0,identity))),identity),X2))) = multiply(X1,multiply(X0,multiply(multiply(X2,multiply(X2,X2)),multiply(multiply(X2,multiply(X2,X2)),multiply(X2,multiply(X2,X2)))))) [superposition 9,11]
88. multiply(multiply(X0,X0),multiply(multiply(multiply(X0,X0),multiply(X0,X0)),multiply(multiply(multiply(X0,multiply(multiply(X0,X0),identity)),identity),X1))) = multiply(X0,multiply(identity,multiply(multiply(X1,multiply(X1,X1)),multiply(multiply(X1,multiply(X1,X1)),multiply(X1,multiply(X1,X1)))))) [superposition 9,12]
89. multiply(multiply(X0,X0),multiply(multiply(multiply(X0,X0),multiply(X0,X0)),multiply(multiply(multiply(X0,X1),multiply(multiply(X2,multiply(X2,X2)),multiply(multiply(X2,multiply(X2,X2)),multiply(X2,multiply(X2,X2))))),X3))) = multiply(X0,multiply(multiply(multiply(X0,X0),multiply(multiply(multiply(X0,X0),multiply(X0,X0)),multiply(X1,X2))),multiply(multiply(X3,multiply(X3,X3)),multiply(multiply(X3,multiply(X3,X3)),multiply(X3,multiply(X3,X3)))))) [superposition 9,9]
95. multiply(multiply(X0,X0),multiply(X0,X0)) = multiply(X0,multiply(multiply(X0,multiply(X0,multiply(multiply(X0,X1),multiply(multiply(X2,multiply(X2,X2)),multiply(multiply(X2,multiply(X2,X2)),multiply(X2,multiply(X2,X2))))))),multiply(multiply(X1,X2),multiply(multiply(X1,X2),multiply(X1,X2))))) [superposition 1,9]
96. multiply(multiply(X0,X0),multiply(multiply(X0,multiply(multiply(X0,X1),multiply(multiply(X2,multiply(X2,X2)),multiply(multiply(X2,multiply(X2,X2)),multiply(X2,multiply(X2,X2)))))),multiply(X2,multiply(X2,X2)))) = X1 [superposition 1,9]
97. multiply(multiply(X0,X0),multiply(multiply(X0,multiply(multiply(X0,X1),multiply(multiply(identity,multiply(identity,identity)),multiply(multiply(identity,multiply(identity,identity)),multiply(identity,multiply(identity,identity)))))),identity)) = X1 [superposition 11,9]
100. multiply(X1,multiply(X1,X1)) = multiply(X0,multiply(multiply(multiply(X0,X0),multiply(multiply(multiply(X0,X0),multiply(X0,X0)),multiply(X0,X1))),multiply(multiply(multiply(X1,multiply(X1,X1)),multiply(X1,multiply(X1,X1))),multiply(multiply(multiply(X1,multiply(X1,X1)),multiply(X1,multiply(X1,X1))),multiply(multiply(X1,multiply(X1,X1)),multiply(X1,multiply(X1,X1))))))) [superposition 1,9]
101. multiply(multiply(X0,X0),multiply(multiply(multiply(X0,X0),multiply(X0,X0)),multiply(multiply(multiply(X0,X0),multiply(X1,multiply(X2,multiply(X2,X2)))),X2))) = X1 [superposition 1,9]
104. multiply(multiply(X0,X0),X1) = multiply(X0,multiply(multiply(X0,multiply(multiply(multiply(X0,X0),multiply(X0,X0)),multiply(multiply(multiply(multiply(X0,X0),multiply(X0,X0)),multiply(multiply(X0,X0),multiply(X0,X0))),multiply(X1,X2)))),multiply(multiply(multiply(X2,multiply(X2,X2)),multiply(multiply(X2,multiply(X2,X2)),multiply(X2,multiply(X2,X2)))),multiply(multiply(multiply(X2,multiply(X2,X2)),multiply(multiply(X2,multiply(X2,X2)),multiply(X2,multiply(X2,X2)))),multiply(multiply(X2,multiply(X2,X2)),multiply(multiply(X2,multiply(X2,X2)),multiply(X2,multiply(X2,X2)))))))) [superposition 1,9]
105. multiply(multiply(identity,identity),multiply(multiply(multiply(identity,identity),multiply(identity,identity)),multiply(multiply(identity,multiply(X0,multiply(X1,multiply(X1,X1)))),X1))) = X0 [superposition 6,9]
108. multiply(identity,multiply(multiply(identity,identity),multiply(multiply(identity,multiply(X0,multiply(X1,multiply(X1,X1)))),X1))) = X0 [forward demodulation 105,3]
109. multiply(multiply(X0,X0),multiply(multiply(X0,multiply(multiply(X0,X1),multiply(multiply(identity,identity),multiply(multiply(identity,identity),multiply(identity,identity))))),identity)) = X1 [forward demodulation 97,3]
112. multiply(identity,multiply(X0,multiply(multiply(X1,multiply(X1,X1)),multiply(multiply(X1,multiply(X1,X1)),multiply(X1,multiply(X1,X1)))))) = multiply(identity,multiply(multiply(identity,identity),multiply(multiply(multiply(identity,multiply(identity,multiply(X0,identity))),identity),X1))) [forward demodulation 85,3]
113. multiply(identity,multiply(X0,multiply(multiply(X2,multiply(X2,X2)),multiply(multiply(X2,multiply(X2,X2)),multiply(X2,multiply(X2,X2)))))) = multiply(identity,multiply(multiply(identity,identity),multiply(multiply(multiply(identity,multiply(identity,multiply(X0,X1))),multiply(X1,multiply(X1,X1))),X2))) [forward demodulation 84,3]
114. multiply(identity,multiply(identity,multiply(multiply(X0,multiply(X0,X0)),multiply(multiply(X0,multiply(X0,X0)),multiply(X0,multiply(X0,X0)))))) = multiply(identity,multiply(identity,multiply(identity,X0))) [forward demodulation 83,3]
117. multiply(X0,multiply(multiply(X0,identity),identity)) = multiply(X0,multiply(multiply(X0,X1),multiply(multiply(multiply(multiply(X1,multiply(multiply(X1,X1),identity)),identity),multiply(multiply(multiply(X1,multiply(multiply(X1,X1),identity)),identity),multiply(multiply(X1,multiply(multiply(X1,X1),identity)),identity))),multiply(multiply(multiply(multiply(X1,multiply(multiply(X1,X1),identity)),identity),multiply(multiply(multiply(X1,multiply(multiply(X1,X1),identity)),identity),multiply(multiply(X1,multiply(multiply(X1,X1),identity)),identity))),multiply(multiply(multiply(X1,multiply(multiply(X1,X1),identity)),identity),multiply(multiply(multiply(X1,multiply(multiply(X1,X1),identity)),identity),multiply(multiply(X1,multiply(multiply(X1,X1),identity)),identity))))))) [forward demodulation 74,18]
120. multiply(identity,multiply(identity,multiply(multiply(identity,multiply(X0,multiply(X1,multiply(X1,X1)))),X1))) = X0 [forward demodulation 108,3]
121. multiply(multiply(X0,X0),multiply(multiply(X0,multiply(multiply(X0,X1),multiply(identity,multiply(identity,identity)))),identity)) = X1 [forward demodulation 109,3]
124. multiply(identity,multiply(X0,multiply(multiply(X1,multiply(X1,X1)),multiply(multiply(X1,multiply(X1,X1)),multiply(X1,multiply(X1,X1)))))) = multiply(identity,multiply(identity,multiply(multiply(multiply(identity,multiply(identity,multiply(X0,identity))),identity),X1))) [forward demodulation 112,3]
125. multiply(identity,multiply(X0,multiply(multiply(X2,multiply(X2,X2)),multiply(multiply(X2,multiply(X2,X2)),multiply(X2,multiply(X2,X2)))))) = multiply(identity,multiply(identity,multiply(multiply(multiply(identity,multiply(identity,multiply(X0,X1))),multiply(X1,multiply(X1,X1))),X2))) [forward demodulation 113,3]
130. multiply(multiply(X0,X0),multiply(multiply(X0,multiply(multiply(X0,X1),multiply(identity,identity))),identity)) = X1 [forward demodulation 121,3]
132. multiply(identity,multiply(identity,multiply(multiply(multiply(identity,multiply(identity,multiply(X0,X1))),multiply(X1,multiply(X1,X1))),X2))) = multiply(identity,multiply(identity,multiply(multiply(multiply(identity,multiply(identity,multiply(X0,identity))),identity),X2))) [forward demodulation 125,124]
136. multiply(multiply(X0,X0),multiply(multiply(X0,multiply(multiply(X0,X1),identity)),identity)) = X1 [forward demodulation 130,3]
146. multiply(identity,multiply(X0,identity)) = multiply(identity,multiply(identity,multiply(multiply(multiply(identity,multiply(identity,multiply(X0,identity))),identity),identity))) [superposition 48,21]
147. multiply(identity,multiply(multiply(identity,multiply(identity,multiply(X0,identity))),identity)) = multiply(identity,multiply(identity,multiply(multiply(multiply(identity,X0),identity),identity))) [superposition 48,48]
155. multiply(identity,multiply(identity,multiply(multiply(identity,multiply(X0,identity)),identity))) = X0 [superposition 21,48]
170. multiply(identity,multiply(identity,multiply(identity,multiply(multiply(X0,identity),identity)))) = X0 [forward demodulation 155,48]
178. multiply(identity,multiply(identity,multiply(multiply(multiply(identity,X0),identity),identity))) = X0 [forward demodulation 147,21]
202. multiply(X0,multiply(multiply(X0,identity),multiply(multiply(multiply(X1,multiply(multiply(X1,X1),multiply(multiply(multiply(multiply(X0,X0),multiply(multiply(multiply(X0,X0),multiply(X0,X0)),identity)),identity),X2))),multiply(X2,multiply(X2,X2))),multiply(multiply(multiply(X1,multiply(multiply(X1,X1),multiply(multiply(multiply(multiply(X0,X0),multiply(multiply(multiply(X0,X0),multiply(X0,X0)),identity)),identity),X2))),multiply(X2,multiply(X2,X2))),multiply(multiply(X1,multiply(multiply(X1,X1),multiply(multiply(multiply(multiply(X0,X0),multiply(multiply(multiply(X0,X0),multiply(X0,X0)),identity)),identity),X2))),multiply(X2,multiply(X2,X2))))))) = X1 [superposition 8,12]
228. multiply(multiply(X1,X1),multiply(multiply(multiply(X1,X1),multiply(X1,X1)),multiply(multiply(multiply(X1,multiply(multiply(X1,X1),X2)),multiply(multiply(multiply(X0,multiply(multiply(X0,X0),multiply(X2,X3))),multiply(X3,multiply(X3,X3))),multiply(multiply(multiply(X0,multiply(multiply(X0,X0),multiply(X2,X3))),multiply(X3,multiply(X3,X3))),multiply(multiply(X0,multiply(multiply(X0,X0),multiply(X2,X3))),multiply(X3,multiply(X3,X3)))))),X4))) = multiply(X1,multiply(X0,multiply(multiply(X4,multiply(X4,X4)),multiply(multiply(X4,multiply(X4,X4)),multiply(X4,multiply(X4,X4)))))) [superposition 9,8]
234. multiply(identity,multiply(multiply(identity,identity),X1)) = multiply(identity,multiply(multiply(identity,X0),multiply(multiply(multiply(multiply(X0,multiply(multiply(X0,X0),multiply(X1,X2))),multiply(X2,multiply(X2,X2))),multiply(multiply(multiply(X0,multiply(multiply(X0,X0),multiply(X1,X2))),multiply(X2,multiply(X2,X2))),multiply(multiply(X0,multiply(multiply(X0,X0),multiply(X1,X2))),multiply(X2,multiply(X2,X2))))),multiply(multiply(multiply(multiply(X0,multiply(multiply(X0,X0),multiply(X1,X2))),multiply(X2,multiply(X2,X2))),multiply(multiply(multiply(X0,multiply(multiply(X0,X0),multiply(X1,X2))),multiply(X2,multiply(X2,X2))),multiply(multiply(X0,multiply(multiply(X0,X0),multiply(X1,X2))),multiply(X2,multiply(X2,X2))))),multiply(multiply(multiply(X0,multiply(multiply(X0,X0),multiply(X1,X2))),multiply(X2,multiply(X2,X2))),multiply(multiply(multiply(X0,multiply(multiply(X0,X0),multiply(X1,X2))),multiply(X2,multiply(X2,X2))),multiply(multiply(X0,multiply(multiply(X0,X0),multiply(X1,X2))),multiply(X2,multiply(X2,X2))))))))) [superposition 6,8]
237. multiply(identity,multiply(multiply(identity,identity),X1)) = multiply(identity,multiply(identity,multiply(multiply(multiply(identity,multiply(identity,multiply(multiply(identity,X0),identity))),identity),multiply(multiply(X0,multiply(multiply(X0,X0),multiply(X1,X2))),multiply(X2,multiply(X2,X2)))))) [forward demodulation 234,124]
243. multiply(X0,multiply(multiply(X0,identity),multiply(multiply(multiply(X1,multiply(multiply(X1,X1),multiply(multiply(multiply(X0,multiply(multiply(X0,identity),identity)),identity),X2))),multiply(X2,multiply(X2,X2))),multiply(multiply(multiply(X1,multiply(multiply(X1,X1),multiply(multiply(multiply(X0,multiply(multiply(X0,identity),identity)),identity),X2))),multiply(X2,multiply(X2,X2))),multiply(multiply(X1,multiply(multiply(X1,X1),multiply(multiply(multiply(X0,multiply(multiply(X0,identity),identity)),identity),X2))),multiply(X2,multiply(X2,X2))))))) = X1 [forward demodulation 202,18]
245. multiply(identity,multiply(multiply(identity,identity),X1)) = multiply(identity,multiply(identity,multiply(multiply(multiply(identity,multiply(identity,multiply(identity,multiply(X0,identity)))),identity),multiply(multiply(X0,multiply(multiply(X0,X0),multiply(X1,X2))),multiply(X2,multiply(X2,X2)))))) [forward demodulation 237,48]
248. multiply(identity,multiply(identity,X1)) = multiply(identity,multiply(identity,multiply(multiply(multiply(identity,multiply(identity,multiply(identity,multiply(X0,identity)))),identity),multiply(multiply(X0,multiply(multiply(X0,X0),multiply(X1,X2))),multiply(X2,multiply(X2,X2)))))) [forward demodulation 245,3]
272. multiply(multiply(identity,multiply(identity,multiply(X0,X1))),multiply(X1,multiply(X1,X1))) = multiply(multiply(identity,identity),multiply(multiply(identity,multiply(X0,identity)),identity)) [superposition 136,6]
274. multiply(multiply(identity,X0),identity) = multiply(multiply(identity,identity),multiply(multiply(identity,multiply(multiply(identity,multiply(identity,multiply(X0,identity))),identity)),identity)) [superposition 136,48]
276. multiply(multiply(X1,multiply(multiply(X1,X1),multiply(X0,X2))),multiply(X2,multiply(X2,X2))) = multiply(multiply(X1,X1),multiply(multiply(X1,multiply(X0,identity)),identity)) [superposition 136,1]
277. multiply(multiply(X1,multiply(multiply(X1,X1),multiply(X0,identity))),identity) = multiply(multiply(X1,X1),multiply(multiply(X1,multiply(X0,identity)),identity)) [superposition 136,11]
278. multiply(multiply(X0,multiply(multiply(X0,X0),identity)),identity) = multiply(multiply(X0,X0),multiply(multiply(X0,multiply(identity,identity)),identity)) [superposition 136,12]
279. multiply(multiply(X1,multiply(multiply(X1,X1),X2)),multiply(multiply(multiply(X0,multiply(multiply(X0,X0),multiply(X2,X3))),multiply(X3,multiply(X3,X3))),multiply(multiply(multiply(X0,multiply(multiply(X0,X0),multiply(X2,X3))),multiply(X3,multiply(X3,X3))),multiply(multiply(X0,multiply(multiply(X0,X0),multiply(X2,X3))),multiply(X3,multiply(X3,X3)))))) = multiply(multiply(X1,X1),multiply(multiply(X1,multiply(X0,identity)),identity)) [superposition 136,8]
282. multiply(multiply(X1,multiply(multiply(X1,X0),identity)),identity) = multiply(multiply(multiply(X1,X1),multiply(X1,X1)),multiply(multiply(multiply(X1,X1),multiply(X0,identity)),identity)) [superposition 136,136]
300. multiply(multiply(X0,multiply(multiply(X0,X0),identity)),identity) = multiply(multiply(X0,X0),multiply(multiply(X0,identity),identity)) [forward demodulation 278,3]
302. multiply(identity,multiply(X0,identity)) = multiply(multiply(identity,X0),identity) [forward demodulation 274,136]
304. multiply(multiply(identity,multiply(identity,multiply(X0,X1))),multiply(X1,multiply(X1,X1))) = multiply(identity,multiply(multiply(identity,multiply(X0,identity)),identity)) [forward demodulation 272,3]
309. multiply(multiply(identity,multiply(identity,multiply(X0,X1))),multiply(X1,multiply(X1,X1))) = multiply(identity,multiply(identity,multiply(multiply(X0,identity),identity))) [forward demodulation 304,48]
333. multiply(identity,X0) = multiply(X1,multiply(multiply(X1,multiply(multiply(X1,X1),multiply(identity,multiply(X0,identity)))),identity)) [superposition 11,302]
405. multiply(X0,identity) = multiply(identity,multiply(multiply(identity,multiply(multiply(identity,multiply(X0,multiply(X1,multiply(X1,X1)))),X1)),identity)) [superposition 302,120]
416. multiply(X0,identity) = multiply(identity,multiply(identity,multiply(multiply(multiply(identity,multiply(X0,multiply(X1,multiply(X1,X1)))),X1),identity))) [forward demodulation 405,48]
532. identity = multiply(X0,multiply(multiply(X0,X0),multiply(multiply(X0,identity),identity))) [superposition 12,300]
538. multiply(X0,multiply(multiply(X0,X0),identity)) = multiply(identity,multiply(identity,multiply(identity,multiply(multiply(multiply(X0,X0),multiply(multiply(X0,identity),identity)),identity)))) [superposition 170,300]
647. identity = multiply(multiply(identity,X0),multiply(multiply(multiply(identity,X0),multiply(identity,X0)),multiply(multiply(identity,multiply(X0,identity)),identity))) [superposition 532,302]
684. identity = multiply(multiply(identity,X0),multiply(multiply(multiply(identity,X0),multiply(identity,X0)),multiply(identity,multiply(multiply(X0,identity),identity)))) [forward demodulation 647,302]
783. multiply(identity,multiply(multiply(X0,multiply(X0,X0)),multiply(multiply(X0,multiply(X0,X0)),multiply(X0,multiply(X0,X0))))) = multiply(multiply(identity,identity),multiply(multiply(identity,multiply(multiply(identity,multiply(identity,multiply(identity,X0))),identity)),identity)) [superposition 136,114]
790. multiply(identity,multiply(identity,X0)) = multiply(identity,multiply(multiply(X0,multiply(X0,X0)),multiply(multiply(X0,multiply(X0,X0)),multiply(X0,multiply(X0,X0))))) [forward demodulation 783,136]
819. multiply(identity,multiply(identity,multiply(identity,multiply(X0,identity)))) = multiply(X1,multiply(multiply(X1,multiply(multiply(X1,X1),X0)),identity)) [superposition 333,21]
1810. multiply(identity,multiply(multiply(multiply(identity,multiply(identity,multiply(identity,multiply(X1,identity)))),identity),multiply(multiply(X1,multiply(multiply(X1,X1),multiply(X0,X2))),multiply(X2,multiply(X2,X2))))) = multiply(multiply(identity,identity),multiply(multiply(identity,multiply(multiply(identity,multiply(identity,X0)),identity)),identity)) [superposition 136,248]
1811. multiply(identity,X0) = multiply(identity,multiply(multiply(multiply(identity,multiply(identity,multiply(identity,multiply(X1,identity)))),identity),multiply(multiply(X1,multiply(multiply(X1,X1),multiply(X0,X2))),multiply(X2,multiply(X2,X2))))) [forward demodulation 1810,136]
1891. multiply(identity,X0) = multiply(identity,multiply(multiply(multiply(identity,multiply(identity,multiply(identity,multiply(X1,identity)))),identity),multiply(multiply(X1,X1),multiply(multiply(X1,multiply(X0,identity)),identity)))) [forward demodulation 1811,276]
1967. multiply(identity,X0) = multiply(identity,multiply(multiply(identity,multiply(multiply(identity,multiply(identity,multiply(X1,identity))),identity)),multiply(multiply(X1,X1),multiply(multiply(X1,multiply(X0,identity)),identity)))) [forward demodulation 1891,302]
2023. multiply(identity,X0) = multiply(identity,multiply(X1,multiply(multiply(X1,X1),multiply(multiply(X1,multiply(X0,identity)),identity)))) [forward demodulation 1967,21]
2156. multiply(multiply(identity,identity),multiply(multiply(identity,multiply(multiply(identity,X0),identity)),identity)) = multiply(X1,multiply(multiply(X1,X1),multiply(multiply(X1,multiply(X0,identity)),identity))) [superposition 136,2023]
2159. multiply(X1,multiply(multiply(X1,X1),multiply(multiply(X1,multiply(X0,identity)),identity))) = X0 [forward demodulation 2156,136]
2357. multiply(identity,X0) = multiply(X1,multiply(multiply(X1,X1),multiply(multiply(X1,multiply(identity,multiply(X0,identity))),identity))) [superposition 2159,302]
2491. multiply(identity,multiply(identity,multiply(multiply(X0,identity),identity))) = multiply(multiply(identity,multiply(identity,X1)),multiply(multiply(multiply(X0,multiply(multiply(X0,X0),multiply(X1,identity))),identity),multiply(multiply(multiply(X0,multiply(multiply(X0,X0),multiply(X1,identity))),identity),multiply(multiply(X0,multiply(multiply(X0,X0),multiply(X1,identity))),identity)))) [superposition 178,32]
2514. multiply(identity,multiply(identity,multiply(multiply(X0,identity),identity))) = multiply(multiply(identity,multiply(identity,X1)),multiply(multiply(multiply(X0,X0),multiply(multiply(X0,multiply(X1,identity)),identity)),multiply(multiply(multiply(X0,X0),multiply(multiply(X0,multiply(X1,identity)),identity)),multiply(multiply(X0,X0),multiply(multiply(X0,multiply(X1,identity)),identity))))) [forward demodulation 2491,277]
2694. multiply(identity,multiply(identity,multiply(identity,multiply(X0,identity)))) = multiply(X1,multiply(multiply(X1,X1),multiply(multiply(X1,X0),identity))) [superposition 2357,21]
3136. multiply(multiply(identity,multiply(X0,multiply(X1,multiply(X1,X1)))),X1) = multiply(identity,multiply(multiply(X0,identity),identity)) [superposition 21,416]
3502. multiply(X0,multiply(multiply(multiply(X1,multiply(X1,X1)),multiply(multiply(X1,multiply(X1,X1)),multiply(X1,multiply(X1,X1)))),multiply(multiply(multiply(X1,multiply(X1,X1)),multiply(multiply(X1,multiply(X1,X1)),multiply(X1,multiply(X1,X1)))),multiply(multiply(X1,multiply(X1,X1)),multiply(multiply(X1,multiply(X1,X1)),multiply(X1,multiply(X1,X1))))))) = multiply(multiply(identity,identity),multiply(multiply(identity,multiply(identity,multiply(multiply(X0,identity),identity))),multiply(X1,multiply(X1,X1)))) [superposition 96,3136]
3515. multiply(identity,multiply(identity,multiply(multiply(multiply(identity,multiply(identity,multiply(multiply(X0,identity),identity))),X1),identity))) = multiply(multiply(identity,multiply(X0,multiply(multiply(X1,multiply(X1,X1)),multiply(multiply(X1,multiply(X1,X1)),multiply(X1,multiply(X1,X1)))))),identity) [superposition 416,3136]
3516. multiply(identity,multiply(X0,multiply(multiply(X2,multiply(X2,X2)),multiply(multiply(X2,multiply(X2,X2)),multiply(X2,multiply(X2,X2)))))) = multiply(multiply(X1,X1),multiply(multiply(multiply(X1,X1),multiply(X1,X1)),multiply(multiply(multiply(X1,X1),multiply(identity,multiply(multiply(X0,identity),identity))),X2))) [superposition 101,3136]
3555. multiply(identity,multiply(identity,multiply(multiply(multiply(identity,multiply(identity,multiply(X0,identity))),identity),X2))) = multiply(multiply(X1,X1),multiply(multiply(multiply(X1,X1),multiply(X1,X1)),multiply(multiply(multiply(X1,X1),multiply(identity,multiply(multiply(X0,identity),identity))),X2))) [forward demodulation 3516,124]
3556. multiply(identity,multiply(identity,multiply(multiply(multiply(identity,multiply(identity,multiply(multiply(X0,identity),identity))),X1),identity))) = multiply(identity,multiply(multiply(X0,multiply(multiply(X1,multiply(X1,X1)),multiply(multiply(X1,multiply(X1,X1)),multiply(X1,multiply(X1,X1))))),identity)) [forward demodulation 3515,302]
3566. multiply(X0,multiply(multiply(multiply(X1,multiply(X1,X1)),multiply(multiply(X1,multiply(X1,X1)),multiply(X1,multiply(X1,X1)))),multiply(multiply(multiply(X1,multiply(X1,X1)),multiply(multiply(X1,multiply(X1,X1)),multiply(X1,multiply(X1,X1)))),multiply(multiply(X1,multiply(X1,X1)),multiply(multiply(X1,multiply(X1,X1)),multiply(X1,multiply(X1,X1))))))) = multiply(identity,multiply(multiply(identity,multiply(identity,multiply(multiply(X0,identity),identity))),multiply(X1,multiply(X1,X1)))) [forward demodulation 3502,3]
3602. multiply(identity,multiply(identity,multiply(multiply(identity,multiply(multiply(identity,multiply(X0,identity)),identity)),X2))) = multiply(multiply(X1,X1),multiply(multiply(multiply(X1,X1),multiply(X1,X1)),multiply(multiply(multiply(X1,X1),multiply(identity,multiply(multiply(X0,identity),identity))),X2))) [forward demodulation 3555,302]
3632. multiply(identity,multiply(identity,multiply(multiply(identity,multiply(identity,multiply(multiply(X0,identity),identity))),X2))) = multiply(multiply(X1,X1),multiply(multiply(multiply(X1,X1),multiply(X1,X1)),multiply(multiply(multiply(X1,X1),multiply(identity,multiply(multiply(X0,identity),identity))),X2))) [forward demodulation 3602,48]
3777. multiply(X0,multiply(multiply(X1,multiply(X1,X1)),multiply(multiply(X1,multiply(X1,X1)),multiply(X1,multiply(X1,X1))))) = multiply(identity,multiply(identity,multiply(multiply(multiply(multiply(identity,identity),multiply(multiply(multiply(identity,identity),multiply(identity,identity)),multiply(multiply(multiply(identity,multiply(multiply(identity,identity),multiply(X0,identity))),identity),X1))),identity),identity))) [superposition 178,87]
3782. multiply(X0,multiply(multiply(X1,multiply(X1,X1)),multiply(multiply(X1,multiply(X1,X1)),multiply(X1,multiply(X1,X1))))) = multiply(identity,multiply(identity,multiply(multiply(multiply(multiply(identity,identity),multiply(multiply(multiply(identity,identity),multiply(identity,identity)),multiply(multiply(multiply(identity,identity),multiply(multiply(identity,multiply(X0,identity)),identity)),X1))),identity),identity))) [forward demodulation 3777,277]
3878. multiply(X0,multiply(multiply(X1,multiply(X1,X1)),multiply(multiply(X1,multiply(X1,X1)),multiply(X1,multiply(X1,X1))))) = multiply(identity,multiply(identity,multiply(multiply(multiply(multiply(identity,identity),multiply(multiply(multiply(identity,identity),multiply(identity,identity)),multiply(multiply(multiply(identity,identity),multiply(identity,multiply(multiply(X0,identity),identity))),X1))),identity),identity))) [forward demodulation 3782,302]
3949. multiply(X0,multiply(multiply(X1,multiply(X1,X1)),multiply(multiply(X1,multiply(X1,X1)),multiply(X1,multiply(X1,X1))))) = multiply(identity,multiply(identity,multiply(multiply(multiply(identity,multiply(identity,multiply(multiply(identity,multiply(identity,multiply(multiply(X0,identity),identity))),X1))),identity),identity))) [forward demodulation 3878,3632]
4005. multiply(X0,multiply(multiply(X1,multiply(X1,X1)),multiply(multiply(X1,multiply(X1,X1)),multiply(X1,multiply(X1,X1))))) = multiply(identity,multiply(multiply(identity,multiply(identity,multiply(multiply(X0,identity),identity))),X1)) [forward demodulation 3949,178]
4173. multiply(multiply(multiply(identity,X0),multiply(identity,X0)),multiply(multiply(multiply(multiply(identity,X0),multiply(identity,X0)),multiply(multiply(identity,X0),multiply(identity,X0))),multiply(multiply(multiply(multiply(identity,X0),multiply(identity,X0)),multiply(identity,multiply(multiply(X0,identity),identity))),X1))) = multiply(multiply(identity,X0),multiply(identity,multiply(multiply(X1,multiply(X1,X1)),multiply(multiply(X1,multiply(X1,X1)),multiply(X1,multiply(X1,X1)))))) [superposition 9,684]
4182. multiply(multiply(multiply(identity,X0),multiply(identity,X0)),multiply(multiply(multiply(multiply(identity,X0),multiply(identity,X0)),multiply(multiply(identity,X0),multiply(identity,X0))),multiply(multiply(multiply(multiply(identity,X0),multiply(identity,X0)),multiply(identity,multiply(multiply(X0,identity),identity))),X1))) = multiply(multiply(identity,X0),multiply(identity,multiply(identity,X1))) [forward demodulation 4173,790]
4232. multiply(identity,multiply(identity,multiply(multiply(identity,multiply(identity,multiply(multiply(X0,identity),identity))),X1))) = multiply(multiply(identity,X0),multiply(identity,multiply(identity,X1))) [forward demodulation 4182,3632]
4516. multiply(identity,multiply(identity,multiply(multiply(identity,X0),multiply(multiply(X1,multiply(X1,X1)),multiply(multiply(X1,multiply(X1,X1)),multiply(X1,multiply(X1,X1))))))) = multiply(identity,multiply(identity,multiply(multiply(multiply(identity,identity),multiply(identity,identity)),multiply(X0,X1)))) [superposition 120,95]
4531. multiply(identity,multiply(identity,multiply(multiply(identity,X0),multiply(multiply(X1,multiply(X1,X1)),multiply(multiply(X1,multiply(X1,X1)),multiply(X1,multiply(X1,X1))))))) = multiply(identity,multiply(identity,multiply(multiply(identity,identity),multiply(X0,X1)))) [forward demodulation 4516,3]
4652. multiply(identity,multiply(identity,multiply(multiply(identity,X0),multiply(multiply(X1,multiply(X1,X1)),multiply(multiply(X1,multiply(X1,X1)),multiply(X1,multiply(X1,X1))))))) = multiply(identity,multiply(identity,multiply(identity,multiply(X0,X1)))) [forward demodulation 4531,3]
4743. multiply(identity,multiply(identity,multiply(identity,multiply(X0,X1)))) = multiply(identity,multiply(identity,multiply(identity,multiply(multiply(multiply(identity,multiply(identity,multiply(multiply(identity,X0),identity))),identity),X1)))) [forward demodulation 4652,124]
4802. multiply(identity,multiply(identity,multiply(identity,multiply(X0,X1)))) = multiply(identity,multiply(identity,multiply(identity,multiply(multiply(identity,multiply(multiply(identity,multiply(multiply(identity,X0),identity)),identity)),X1)))) [forward demodulation 4743,302]
4834. multiply(identity,multiply(identity,multiply(identity,multiply(X0,X1)))) = multiply(identity,multiply(identity,multiply(identity,multiply(multiply(identity,multiply(identity,multiply(multiply(multiply(identity,X0),identity),identity))),X1)))) [forward demodulation 4802,48]
4860. multiply(identity,multiply(identity,multiply(identity,multiply(X0,X1)))) = multiply(identity,multiply(multiply(identity,multiply(identity,X0)),multiply(identity,multiply(identity,X1)))) [forward demodulation 4834,4232]
4953. multiply(identity,multiply(identity,multiply(identity,multiply(multiply(multiply(multiply(X0,X0),X1),multiply(multiply(X2,multiply(X2,X2)),multiply(multiply(X2,multiply(X2,X2)),multiply(X2,multiply(X2,X2))))),identity)))) = multiply(X0,multiply(multiply(X0,multiply(multiply(multiply(X0,X0),multiply(X0,X0)),multiply(multiply(multiply(multiply(X0,X0),multiply(X0,X0)),multiply(multiply(X0,X0),multiply(X0,X0))),multiply(X1,X2)))),identity)) [superposition 819,9]
4958. multiply(identity,multiply(identity,multiply(identity,multiply(multiply(X1,multiply(multiply(X2,multiply(X2,X2)),multiply(multiply(X2,multiply(X2,X2)),multiply(X2,multiply(X2,X2))))),identity)))) = multiply(X0,multiply(multiply(X0,multiply(multiply(multiply(X0,X0),multiply(X0,X0)),multiply(multiply(multiply(multiply(X0,X0),multiply(X0,X0)),multiply(multiply(X0,X0),multiply(X0,X0))),multiply(multiply(multiply(multiply(X0,X0),multiply(multiply(multiply(X0,X0),multiply(X0,X0)),multiply(X1,identity))),identity),X2)))),identity)) [superposition 819,87]
4990. multiply(multiply(X1,X1),multiply(multiply(multiply(X1,X1),multiply(X1,X1)),multiply(multiply(multiply(X1,multiply(multiply(X1,X1),X0)),identity),X2))) = multiply(X1,multiply(multiply(identity,multiply(identity,multiply(identity,multiply(X0,identity)))),multiply(multiply(X2,multiply(X2,X2)),multiply(multiply(X2,multiply(X2,X2)),multiply(X2,multiply(X2,X2)))))) [superposition 9,819]
4995. multiply(multiply(X1,multiply(multiply(X1,X1),X0)),identity) = multiply(multiply(X1,X1),multiply(multiply(X1,multiply(multiply(identity,multiply(identity,multiply(identity,multiply(X0,identity)))),identity)),identity)) [superposition 136,819]
5000. multiply(multiply(X1,X1),multiply(multiply(multiply(X1,X1),multiply(X1,X1)),X0)) = multiply(X1,multiply(multiply(X1,multiply(identity,multiply(identity,multiply(identity,multiply(X0,identity))))),identity)) [superposition 11,819]
5006. multiply(multiply(X1,X1),multiply(identity,multiply(identity,multiply(identity,multiply(X0,identity))))) = multiply(X1,multiply(multiply(X1,multiply(multiply(multiply(X1,X1),multiply(X1,X1)),multiply(multiply(multiply(multiply(X1,X1),multiply(X1,X1)),multiply(multiply(X1,X1),multiply(X1,X1))),X0))),identity)) [superposition 23,819]
5045. multiply(multiply(X1,multiply(multiply(X1,X1),X0)),identity) = multiply(multiply(X1,X1),multiply(multiply(X1,multiply(identity,multiply(multiply(identity,multiply(identity,multiply(X0,identity))),identity))),identity)) [forward demodulation 4995,302]
5050. multiply(multiply(X1,X1),multiply(multiply(multiply(X1,X1),multiply(X1,X1)),multiply(multiply(multiply(X1,multiply(multiply(X1,X1),X0)),identity),X2))) = multiply(X1,multiply(identity,multiply(multiply(identity,multiply(identity,multiply(multiply(multiply(identity,multiply(identity,multiply(identity,multiply(X0,identity)))),identity),identity))),X2))) [forward demodulation 4990,4005]
5074. multiply(identity,multiply(identity,multiply(identity,multiply(multiply(X1,multiply(multiply(X2,multiply(X2,X2)),multiply(multiply(X2,multiply(X2,X2)),multiply(X2,multiply(X2,X2))))),identity)))) = multiply(multiply(X0,X0),multiply(identity,multiply(identity,multiply(identity,multiply(multiply(multiply(multiply(multiply(X0,X0),multiply(multiply(multiply(X0,X0),multiply(X0,X0)),multiply(X1,identity))),identity),X2),identity))))) [forward demodulation 4958,5006]
5078. multiply(identity,multiply(identity,multiply(identity,multiply(multiply(multiply(multiply(X0,X0),X1),multiply(multiply(X2,multiply(X2,X2)),multiply(multiply(X2,multiply(X2,X2)),multiply(X2,multiply(X2,X2))))),identity)))) = multiply(multiply(X0,X0),multiply(identity,multiply(identity,multiply(identity,multiply(multiply(X1,X2),identity))))) [forward demodulation 4953,5006]
5117. multiply(multiply(X1,multiply(multiply(X1,X1),X0)),identity) = multiply(multiply(X1,X1),multiply(multiply(X1,X0),identity)) [forward demodulation 5045,21]
5121. multiply(multiply(X1,X1),multiply(multiply(multiply(X1,X1),multiply(X1,X1)),multiply(multiply(multiply(X1,multiply(multiply(X1,X1),X0)),identity),X2))) = multiply(X1,multiply(identity,multiply(multiply(identity,multiply(identity,multiply(X0,identity))),X2))) [forward demodulation 5050,178]
5131. multiply(identity,multiply(identity,multiply(identity,multiply(multiply(X1,multiply(multiply(X2,multiply(X2,X2)),multiply(multiply(X2,multiply(X2,X2)),multiply(X2,multiply(X2,X2))))),identity)))) = multiply(multiply(X0,X0),multiply(identity,multiply(identity,multiply(identity,multiply(multiply(multiply(multiply(multiply(X0,X0),multiply(X0,X0)),multiply(multiply(multiply(X0,X0),multiply(X1,identity)),identity)),X2),identity))))) [forward demodulation 5074,277]
5133. multiply(multiply(X0,X0),multiply(identity,multiply(identity,multiply(identity,multiply(multiply(X1,X2),identity))))) = multiply(identity,multiply(identity,multiply(identity,multiply(identity,multiply(multiply(multiply(identity,multiply(identity,multiply(multiply(multiply(multiply(X0,X0),X1),identity),identity))),X2),identity))))) [forward demodulation 5078,3556]
5159. multiply(X1,multiply(identity,multiply(multiply(identity,multiply(identity,multiply(X0,identity))),X2))) = multiply(multiply(X1,X1),multiply(multiply(multiply(X1,X1),multiply(X1,X1)),multiply(multiply(multiply(X1,X1),multiply(multiply(X1,X0),identity)),X2))) [forward demodulation 5121,5117]
5167. multiply(identity,multiply(identity,multiply(identity,multiply(multiply(X1,multiply(multiply(X2,multiply(X2,X2)),multiply(multiply(X2,multiply(X2,X2)),multiply(X2,multiply(X2,X2))))),identity)))) = multiply(multiply(X0,X0),multiply(identity,multiply(identity,multiply(identity,multiply(multiply(multiply(multiply(X0,multiply(multiply(X0,X1),identity)),identity),X2),identity))))) [forward demodulation 5131,282]
5185. multiply(multiply(X0,X0),multiply(identity,multiply(identity,multiply(identity,multiply(multiply(multiply(multiply(X0,multiply(multiply(X0,X1),identity)),identity),X2),identity))))) = multiply(identity,multiply(identity,multiply(identity,multiply(identity,multiply(multiply(multiply(identity,multiply(identity,multiply(multiply(X1,identity),identity))),X2),identity))))) [forward demodulation 5167,3556]
5210. identity = multiply(identity,multiply(multiply(identity,X0),multiply(multiply(multiply(identity,multiply(identity,multiply(multiply(identity,multiply(multiply(multiply(X0,multiply(multiply(X0,X0),identity)),identity),multiply(multiply(multiply(X0,multiply(multiply(X0,X0),identity)),identity),multiply(multiply(X0,multiply(multiply(X0,X0),identity)),identity)))),X1))),multiply(X1,multiply(X1,X1))),multiply(multiply(multiply(identity,multiply(identity,multiply(multiply(identity,multiply(multiply(multiply(X0,multiply(multiply(X0,X0),identity)),identity),multiply(multiply(multiply(X0,multiply(multiply(X0,X0),identity)),identity),multiply(multiply(X0,multiply(multiply(X0,X0),identity)),identity)))),X1))),multiply(X1,multiply(X1,X1))),multiply(multiply(identity,multiply(identity,multiply(multiply(identity,multiply(multiply(multiply(X0,multiply(multiply(X0,X0),identity)),identity),multiply(multiply(multiply(X0,multiply(multiply(X0,X0),identity)),identity),multiply(multiply(X0,multiply(multiply(X0,X0),identity)),identity)))),X1))),multiply(X1,multiply(X1,X1))))))) [superposition 30,51]
5337. multiply(identity,multiply(identity,multiply(multiply(multiply(identity,multiply(identity,multiply(multiply(identity,multiply(identity,X0)),identity))),identity),X2))) = multiply(identity,multiply(identity,multiply(multiply(multiply(identity,identity),multiply(multiply(multiply(multiply(identity,multiply(identity,multiply(X0,X1))),multiply(X1,multiply(X1,X1))),multiply(multiply(multiply(identity,multiply(identity,multiply(X0,X1))),multiply(X1,multiply(X1,X1))),multiply(multiply(identity,multiply(identity,multiply(X0,X1))),multiply(X1,multiply(X1,X1))))),multiply(multiply(multiply(multiply(identity,multiply(identity,multiply(X0,X1))),multiply(X1,multiply(X1,X1))),multiply(multiply(multiply(identity,multiply(identity,multiply(X0,X1))),multiply(X1,multiply(X1,X1))),multiply(multiply(identity,multiply(identity,multiply(X0,X1))),multiply(X1,multiply(X1,X1))))),multiply(multiply(multiply(identity,multiply(identity,multiply(X0,X1))),multiply(X1,multiply(X1,X1))),multiply(multiply(multiply(identity,multiply(identity,multiply(X0,X1))),multiply(X1,multiply(X1,X1))),multiply(multiply(identity,multiply(identity,multiply(X0,X1))),multiply(X1,multiply(X1,X1)))))))),X2))) [superposition 132,30]
5372. multiply(identity,multiply(identity,multiply(multiply(multiply(identity,multiply(identity,multiply(multiply(identity,multiply(identity,X0)),identity))),identity),X2))) = multiply(identity,multiply(identity,multiply(multiply(identity,multiply(multiply(identity,multiply(identity,multiply(multiply(multiply(identity,identity),identity),identity))),multiply(multiply(identity,multiply(identity,multiply(X0,X1))),multiply(X1,multiply(X1,X1))))),X2))) [forward demodulation 5337,4005]
5487. identity = multiply(identity,multiply(multiply(identity,X0),multiply(multiply(identity,multiply(identity,multiply(multiply(multiply(identity,multiply(multiply(multiply(X0,multiply(multiply(X0,X0),identity)),identity),multiply(multiply(multiply(X0,multiply(multiply(X0,X0),identity)),identity),multiply(multiply(X0,multiply(multiply(X0,X0),identity)),identity)))),identity),identity))),multiply(multiply(identity,multiply(identity,multiply(multiply(multiply(identity,multiply(multiply(multiply(X0,multiply(multiply(X0,X0),identity)),identity),multiply(multiply(multiply(X0,multiply(multiply(X0,X0),identity)),identity),multiply(multiply(X0,multiply(multiply(X0,X0),identity)),identity)))),identity),identity))),multiply(identity,multiply(identity,multiply(multiply(multiply(identity,multiply(multiply(multiply(X0,multiply(multiply(X0,X0),identity)),identity),multiply(multiply(multiply(X0,multiply(multiply(X0,X0),identity)),identity),multiply(multiply(X0,multiply(multiply(X0,X0),identity)),identity)))),identity),identity))))))) [forward demodulation 5210,309]
5513. multiply(identity,multiply(identity,multiply(multiply(multiply(identity,multiply(identity,multiply(multiply(identity,multiply(identity,X0)),identity))),identity),X2))) = multiply(identity,multiply(identity,multiply(multiply(identity,multiply(multiply(identity,multiply(identity,multiply(multiply(multiply(identity,identity),identity),identity))),multiply(identity,multiply(identity,multiply(multiply(X0,identity),identity))))),X2))) [forward demodulation 5372,309]
5611. identity = multiply(identity,multiply(multiply(identity,X0),multiply(multiply(multiply(multiply(X0,multiply(multiply(X0,X0),identity)),identity),multiply(multiply(multiply(X0,multiply(multiply(X0,X0),identity)),identity),multiply(multiply(X0,multiply(multiply(X0,X0),identity)),identity))),multiply(multiply(multiply(multiply(X0,multiply(multiply(X0,X0),identity)),identity),multiply(multiply(multiply(X0,multiply(multiply(X0,X0),identity)),identity),multiply(multiply(X0,multiply(multiply(X0,X0),identity)),identity))),multiply(multiply(multiply(X0,multiply(multiply(X0,X0),identity)),identity),multiply(multiply(multiply(X0,multiply(multiply(X0,X0),identity)),identity),multiply(multiply(X0,multiply(multiply(X0,X0),identity)),identity))))))) [forward demodulation 5487,178]
5636. multiply(identity,multiply(identity,multiply(multiply(multiply(identity,multiply(identity,multiply(multiply(identity,multiply(identity,X0)),identity))),identity),X2))) = multiply(identity,multiply(identity,multiply(multiply(identity,multiply(identity,multiply(identity,multiply(multiply(multiply(multiply(identity,identity),identity),identity),multiply(multiply(X0,identity),identity))))),X2))) [forward demodulation 5513,4860]
5720. identity = multiply(identity,multiply(identity,multiply(multiply(multiply(identity,multiply(identity,multiply(multiply(identity,X0),identity))),identity),multiply(multiply(X0,multiply(multiply(X0,X0),identity)),identity)))) [forward demodulation 5611,124]
5738. multiply(identity,multiply(identity,multiply(multiply(multiply(identity,multiply(identity,multiply(multiply(identity,multiply(identity,X0)),identity))),identity),X2))) = multiply(identity,multiply(identity,multiply(multiply(identity,multiply(identity,multiply(identity,multiply(multiply(multiply(identity,multiply(identity,identity)),identity),multiply(multiply(X0,identity),identity))))),X2))) [forward demodulation 5636,302]
5809. identity = multiply(identity,multiply(identity,multiply(multiply(multiply(identity,multiply(identity,multiply(multiply(identity,X0),identity))),identity),multiply(multiply(X0,X0),multiply(multiply(X0,identity),identity))))) [forward demodulation 5720,5117]
5824. multiply(identity,multiply(identity,multiply(multiply(multiply(identity,multiply(identity,multiply(multiply(identity,multiply(identity,X0)),identity))),identity),X2))) = multiply(identity,multiply(identity,multiply(multiply(identity,multiply(identity,multiply(identity,multiply(multiply(identity,multiply(multiply(identity,identity),identity)),multiply(multiply(X0,identity),identity))))),X2))) [forward demodulation 5738,302]
5876. identity = multiply(identity,multiply(identity,multiply(multiply(identity,multiply(multiply(identity,multiply(multiply(identity,X0),identity)),identity)),multiply(multiply(X0,X0),multiply(multiply(X0,identity),identity))))) [forward demodulation 5809,302]
5887. multiply(identity,multiply(identity,multiply(multiply(multiply(identity,multiply(identity,multiply(multiply(identity,multiply(identity,X0)),identity))),identity),X2))) = multiply(identity,multiply(identity,multiply(multiply(identity,multiply(identity,multiply(identity,multiply(multiply(identity,multiply(identity,multiply(identity,identity))),multiply(multiply(X0,identity),identity))))),X2))) [forward demodulation 5824,48]
5926. identity = multiply(identity,multiply(identity,multiply(multiply(identity,multiply(identity,multiply(multiply(multiply(identity,X0),identity),identity))),multiply(multiply(X0,X0),multiply(multiply(X0,identity),identity))))) [forward demodulation 5876,48]
5935. multiply(identity,multiply(identity,multiply(multiply(multiply(identity,multiply(identity,multiply(multiply(identity,multiply(identity,X0)),identity))),identity),X2))) = multiply(identity,multiply(identity,multiply(multiply(identity,multiply(identity,multiply(identity,multiply(multiply(identity,multiply(identity,identity)),multiply(multiply(X0,identity),identity))))),X2))) [forward demodulation 5887,3]
5965. identity = multiply(multiply(identity,multiply(identity,X0)),multiply(identity,multiply(identity,multiply(multiply(X0,X0),multiply(multiply(X0,identity),identity))))) [forward demodulation 5926,4232]
5971. multiply(identity,multiply(identity,multiply(multiply(multiply(identity,multiply(identity,multiply(multiply(identity,multiply(identity,X0)),identity))),identity),X2))) = multiply(identity,multiply(identity,multiply(multiply(identity,multiply(identity,multiply(identity,multiply(multiply(identity,identity),multiply(multiply(X0,identity),identity))))),X2))) [forward demodulation 5935,3]
5992. multiply(identity,multiply(identity,multiply(multiply(multiply(identity,multiply(identity,multiply(multiply(identity,multiply(identity,X0)),identity))),identity),X2))) = multiply(identity,multiply(identity,multiply(multiply(identity,multiply(identity,multiply(identity,multiply(identity,multiply(multiply(X0,identity),identity))))),X2))) [forward demodulation 5971,3]
6003. multiply(identity,multiply(identity,multiply(multiply(multiply(identity,multiply(identity,multiply(multiply(identity,multiply(identity,X0)),identity))),identity),X2))) = multiply(identity,multiply(identity,multiply(multiply(identity,X0),X2))) [forward demodulation 5992,170]
6008. multiply(identity,multiply(identity,multiply(multiply(identity,X0),X2))) = multiply(identity,multiply(identity,multiply(multiply(identity,multiply(multiply(identity,multiply(multiply(identity,multiply(identity,X0)),identity)),identity)),X2))) [forward demodulation 6003,302]
6012. multiply(identity,multiply(identity,multiply(multiply(identity,X0),X2))) = multiply(identity,multiply(identity,multiply(multiply(identity,multiply(identity,multiply(multiply(multiply(identity,multiply(identity,X0)),identity),identity))),X2))) [forward demodulation 6008,48]
6015. multiply(identity,multiply(identity,multiply(multiply(identity,X0),X2))) = multiply(multiply(identity,multiply(identity,multiply(identity,X0))),multiply(identity,multiply(identity,X2))) [forward demodulation 6012,4232]
6054. multiply(multiply(X0,multiply(multiply(X0,X1),multiply(multiply(X2,multiply(X2,X2)),multiply(multiply(X2,multiply(X2,X2)),multiply(X2,multiply(X2,X2)))))),identity) = multiply(multiply(multiply(X0,X0),multiply(X0,X0)),multiply(multiply(multiply(X0,X0),multiply(X1,X2)),identity)) [superposition 5117,9]
6150. multiply(multiply(X0,multiply(identity,multiply(multiply(identity,multiply(identity,multiply(multiply(multiply(X0,X1),identity),identity))),X2))),identity) = multiply(multiply(multiply(X0,X0),multiply(X0,X0)),multiply(multiply(multiply(X0,X0),multiply(X1,X2)),identity)) [forward demodulation 6054,4005]
6451. multiply(multiply(X0,X0),multiply(multiply(multiply(X0,X0),multiply(X0,X0)),multiply(X1,X3))) = multiply(multiply(X0,X0),multiply(multiply(multiply(X0,X0),multiply(X0,X0)),multiply(multiply(multiply(X0,multiply(multiply(X0,X0),multiply(multiply(X0,X1),X2))),multiply(X2,multiply(X2,X2))),X3))) [superposition 9,86]
6481. multiply(X0,multiply(identity,multiply(multiply(multiply(multiply(X2,multiply(X2,X2)),multiply(multiply(X2,multiply(X2,X2)),multiply(X2,multiply(X2,X2)))),multiply(multiply(multiply(X2,multiply(X2,X2)),multiply(multiply(X2,multiply(X2,X2)),multiply(X2,multiply(X2,X2)))),multiply(multiply(X2,multiply(X2,X2)),multiply(multiply(X2,multiply(X2,X2)),multiply(X2,multiply(X2,X2)))))),multiply(multiply(multiply(multiply(X2,multiply(X2,X2)),multiply(multiply(X2,multiply(X2,X2)),multiply(X2,multiply(X2,X2)))),multiply(multiply(multiply(X2,multiply(X2,X2)),multiply(multiply(X2,multiply(X2,X2)),multiply(X2,multiply(X2,X2)))),multiply(multiply(X2,multiply(X2,X2)),multiply(multiply(X2,multiply(X2,X2)),multiply(X2,multiply(X2,X2)))))),multiply(multiply(multiply(X2,multiply(X2,X2)),multiply(multiply(X2,multiply(X2,X2)),multiply(X2,multiply(X2,X2)))),multiply(multiply(multiply(X2,multiply(X2,X2)),multiply(multiply(X2,multiply(X2,X2)),multiply(X2,multiply(X2,X2)))),multiply(multiply(X2,multiply(X2,X2)),multiply(multiply(X2,multiply(X2,X2)),multiply(X2,multiply(X2,X2)))))))))) = multiply(multiply(X0,X0),multiply(multiply(multiply(multiply(X0,X0),multiply(X0,X0)),multiply(multiply(X0,X0),multiply(X0,X0))),multiply(multiply(multiply(multiply(multiply(X0,X0),multiply(X0,X0)),multiply(multiply(X0,X0),multiply(X0,X0))),multiply(multiply(multiply(X0,X0),multiply(X0,X0)),multiply(multiply(X0,X0),multiply(X0,X0)))),multiply(multiply(multiply(multiply(multiply(X0,X0),multiply(X0,X0)),multiply(multiply(multiply(multiply(X0,X0),multiply(X0,X0)),multiply(multiply(X0,X0),multiply(X0,X0))),multiply(multiply(multiply(X0,multiply(multiply(X0,X0),identity)),identity),X1))),multiply(X1,multiply(X1,X1))),X2)))) [superposition 88,86]
6534. multiply(X0,multiply(identity,multiply(multiply(multiply(multiply(X2,multiply(X2,X2)),multiply(multiply(X2,multiply(X2,X2)),multiply(X2,multiply(X2,X2)))),multiply(multiply(multiply(X2,multiply(X2,X2)),multiply(multiply(X2,multiply(X2,X2)),multiply(X2,multiply(X2,X2)))),multiply(multiply(X2,multiply(X2,X2)),multiply(multiply(X2,multiply(X2,X2)),multiply(X2,multiply(X2,X2)))))),multiply(multiply(multiply(multiply(X2,multiply(X2,X2)),multiply(multiply(X2,multiply(X2,X2)),multiply(X2,multiply(X2,X2)))),multiply(multiply(multiply(X2,multiply(X2,X2)),multiply(multiply(X2,multiply(X2,X2)),multiply(X2,multiply(X2,X2)))),multiply(multiply(X2,multiply(X2,X2)),multiply(multiply(X2,multiply(X2,X2)),multiply(X2,multiply(X2,X2)))))),multiply(multiply(multiply(X2,multiply(X2,X2)),multiply(multiply(X2,multiply(X2,X2)),multiply(X2,multiply(X2,X2)))),multiply(multiply(multiply(X2,multiply(X2,X2)),multiply(multiply(X2,multiply(X2,X2)),multiply(X2,multiply(X2,X2)))),multiply(multiply(X2,multiply(X2,X2)),multiply(multiply(X2,multiply(X2,X2)),multiply(X2,multiply(X2,X2)))))))))) = multiply(multiply(X0,X0),multiply(multiply(multiply(X0,X0),multiply(X0,X0)),multiply(multiply(multiply(multiply(X0,X0),multiply(X0,X0)),multiply(identity,multiply(identity,multiply(identity,multiply(multiply(multiply(multiply(multiply(multiply(X0,X0),multiply(X0,X0)),multiply(multiply(multiply(multiply(X0,X0),multiply(X0,X0)),multiply(multiply(X0,X0),multiply(X0,X0))),multiply(multiply(multiply(X0,multiply(multiply(X0,X0),identity)),identity),X1))),multiply(X1,multiply(X1,X1))),X2),identity))))),identity))) [forward demodulation 6481,5000]
6564. multiply(multiply(X0,X0),multiply(multiply(multiply(X0,X0),multiply(X0,X0)),multiply(X1,X3))) = multiply(multiply(X0,X0),multiply(multiply(multiply(X0,X0),multiply(X0,X0)),multiply(multiply(multiply(X0,X0),multiply(multiply(X0,multiply(multiply(X0,X1),identity)),identity)),X3))) [forward demodulation 6451,276]
6738. multiply(X0,multiply(identity,multiply(multiply(multiply(multiply(X2,multiply(X2,X2)),multiply(multiply(X2,multiply(X2,X2)),multiply(X2,multiply(X2,X2)))),multiply(multiply(multiply(X2,multiply(X2,X2)),multiply(multiply(X2,multiply(X2,X2)),multiply(X2,multiply(X2,X2)))),multiply(multiply(X2,multiply(X2,X2)),multiply(multiply(X2,multiply(X2,X2)),multiply(X2,multiply(X2,X2)))))),multiply(multiply(multiply(multiply(X2,multiply(X2,X2)),multiply(multiply(X2,multiply(X2,X2)),multiply(X2,multiply(X2,X2)))),multiply(multiply(multiply(X2,multiply(X2,X2)),multiply(multiply(X2,multiply(X2,X2)),multiply(X2,multiply(X2,X2)))),multiply(multiply(X2,multiply(X2,X2)),multiply(multiply(X2,multiply(X2,X2)),multiply(X2,multiply(X2,X2)))))),multiply(multiply(multiply(X2,multiply(X2,X2)),multiply(multiply(X2,multiply(X2,X2)),multiply(X2,multiply(X2,X2)))),multiply(multiply(multiply(X2,multiply(X2,X2)),multiply(multiply(X2,multiply(X2,X2)),multiply(X2,multiply(X2,X2)))),multiply(multiply(X2,multiply(X2,X2)),multiply(multiply(X2,multiply(X2,X2)),multiply(X2,multiply(X2,X2)))))))))) = multiply(X0,multiply(multiply(X0,multiply(multiply(multiply(X0,X0),multiply(X0,X0)),multiply(identity,multiply(identity,multiply(identity,multiply(multiply(multiply(multiply(multiply(multiply(X0,X0),multiply(X0,X0)),multiply(multiply(multiply(multiply(X0,X0),multiply(X0,X0)),multiply(multiply(X0,X0),multiply(X0,X0))),multiply(multiply(multiply(X0,multiply(multiply(X0,X0),identity)),identity),X1))),multiply(X1,multiply(X1,X1))),X2),identity)))))),identity)) [forward demodulation 6534,23]
6765. multiply(multiply(X0,X0),multiply(multiply(multiply(X0,X0),multiply(X0,X0)),multiply(X1,X3))) = multiply(X0,multiply(identity,multiply(multiply(identity,multiply(identity,multiply(multiply(multiply(X0,X1),identity),identity))),X3))) [forward demodulation 6564,5159]
6911. multiply(X0,multiply(identity,multiply(multiply(multiply(multiply(X2,multiply(X2,X2)),multiply(multiply(X2,multiply(X2,X2)),multiply(X2,multiply(X2,X2)))),multiply(multiply(multiply(X2,multiply(X2,X2)),multiply(multiply(X2,multiply(X2,X2)),multiply(X2,multiply(X2,X2)))),multiply(multiply(X2,multiply(X2,X2)),multiply(multiply(X2,multiply(X2,X2)),multiply(X2,multiply(X2,X2)))))),multiply(multiply(multiply(multiply(X2,multiply(X2,X2)),multiply(multiply(X2,multiply(X2,X2)),multiply(X2,multiply(X2,X2)))),multiply(multiply(multiply(X2,multiply(X2,X2)),multiply(multiply(X2,multiply(X2,X2)),multiply(X2,multiply(X2,X2)))),multiply(multiply(X2,multiply(X2,X2)),multiply(multiply(X2,multiply(X2,X2)),multiply(X2,multiply(X2,X2)))))),multiply(multiply(multiply(X2,multiply(X2,X2)),multiply(multiply(X2,multiply(X2,X2)),multiply(X2,multiply(X2,X2)))),multiply(multiply(multiply(X2,multiply(X2,X2)),multiply(multiply(X2,multiply(X2,X2)),multiply(X2,multiply(X2,X2)))),multiply(multiply(X2,multiply(X2,X2)),multiply(multiply(X2,multiply(X2,X2)),multiply(X2,multiply(X2,X2)))))))))) = multiply(X0,multiply(multiply(X0,multiply(multiply(multiply(X0,X0),multiply(X0,X0)),multiply(identity,multiply(identity,multiply(identity,multiply(multiply(multiply(multiply(multiply(multiply(X0,X0),multiply(X0,X0)),multiply(multiply(X0,X0),multiply(X0,X0))),multiply(multiply(multiply(multiply(X0,X0),multiply(X0,X0)),multiply(multiply(multiply(X0,multiply(multiply(X0,X0),identity)),identity),identity)),identity)),X2),identity)))))),identity)) [forward demodulation 6738,276]
7041. multiply(X0,multiply(identity,multiply(multiply(multiply(multiply(X2,multiply(X2,X2)),multiply(multiply(X2,multiply(X2,X2)),multiply(X2,multiply(X2,X2)))),multiply(multiply(multiply(X2,multiply(X2,X2)),multiply(multiply(X2,multiply(X2,X2)),multiply(X2,multiply(X2,X2)))),multiply(multiply(X2,multiply(X2,X2)),multiply(multiply(X2,multiply(X2,X2)),multiply(X2,multiply(X2,X2)))))),multiply(multiply(multiply(multiply(X2,multiply(X2,X2)),multiply(multiply(X2,multiply(X2,X2)),multiply(X2,multiply(X2,X2)))),multiply(multiply(multiply(X2,multiply(X2,X2)),multiply(multiply(X2,multiply(X2,X2)),multiply(X2,multiply(X2,X2)))),multiply(multiply(X2,multiply(X2,X2)),multiply(multiply(X2,multiply(X2,X2)),multiply(X2,multiply(X2,X2)))))),multiply(multiply(multiply(X2,multiply(X2,X2)),multiply(multiply(X2,multiply(X2,X2)),multiply(X2,multiply(X2,X2)))),multiply(multiply(multiply(X2,multiply(X2,X2)),multiply(multiply(X2,multiply(X2,X2)),multiply(X2,multiply(X2,X2)))),multiply(multiply(X2,multiply(X2,X2)),multiply(multiply(X2,multiply(X2,X2)),multiply(X2,multiply(X2,X2)))))))))) = multiply(X0,multiply(multiply(X0,multiply(multiply(multiply(X0,X0),multiply(X0,X0)),multiply(identity,multiply(identity,multiply(identity,multiply(multiply(multiply(multiply(multiply(X0,X0),multiply(multiply(multiply(X0,X0),multiply(multiply(X0,multiply(multiply(X0,X0),identity)),identity)),identity)),identity),X2),identity)))))),identity)) [forward demodulation 6911,282]
7119. multiply(X0,multiply(identity,multiply(multiply(multiply(multiply(X2,multiply(X2,X2)),multiply(multiply(X2,multiply(X2,X2)),multiply(X2,multiply(X2,X2)))),multiply(multiply(multiply(X2,multiply(X2,X2)),multiply(multiply(X2,multiply(X2,X2)),multiply(X2,multiply(X2,X2)))),multiply(multiply(X2,multiply(X2,X2)),multiply(multiply(X2,multiply(X2,X2)),multiply(X2,multiply(X2,X2)))))),multiply(multiply(multiply(multiply(X2,multiply(X2,X2)),multiply(multiply(X2,multiply(X2,X2)),multiply(X2,multiply(X2,X2)))),multiply(multiply(multiply(X2,multiply(X2,X2)),multiply(multiply(X2,multiply(X2,X2)),multiply(X2,multiply(X2,X2)))),multiply(multiply(X2,multiply(X2,X2)),multiply(multiply(X2,multiply(X2,X2)),multiply(X2,multiply(X2,X2)))))),multiply(multiply(multiply(X2,multiply(X2,X2)),multiply(multiply(X2,multiply(X2,X2)),multiply(X2,multiply(X2,X2)))),multiply(multiply(multiply(X2,multiply(X2,X2)),multiply(multiply(X2,multiply(X2,X2)),multiply(X2,multiply(X2,X2)))),multiply(multiply(X2,multiply(X2,X2)),multiply(multiply(X2,multiply(X2,X2)),multiply(X2,multiply(X2,X2)))))))))) = multiply(X0,multiply(multiply(X0,multiply(identity,multiply(identity,multiply(identity,multiply(identity,multiply(multiply(multiply(identity,multiply(identity,multiply(multiply(multiply(multiply(X0,multiply(multiply(X0,X0),identity)),identity),identity),identity))),X2),identity)))))),identity)) [forward demodulation 7041,5185]
7172. multiply(X0,multiply(identity,multiply(multiply(multiply(multiply(X2,multiply(X2,X2)),multiply(multiply(X2,multiply(X2,X2)),multiply(X2,multiply(X2,X2)))),multiply(multiply(multiply(X2,multiply(X2,X2)),multiply(multiply(X2,multiply(X2,X2)),multiply(X2,multiply(X2,X2)))),multiply(multiply(X2,multiply(X2,X2)),multiply(multiply(X2,multiply(X2,X2)),multiply(X2,multiply(X2,X2)))))),multiply(multiply(multiply(multiply(X2,multiply(X2,X2)),multiply(multiply(X2,multiply(X2,X2)),multiply(X2,multiply(X2,X2)))),multiply(multiply(multiply(X2,multiply(X2,X2)),multiply(multiply(X2,multiply(X2,X2)),multiply(X2,multiply(X2,X2)))),multiply(multiply(X2,multiply(X2,X2)),multiply(multiply(X2,multiply(X2,X2)),multiply(X2,multiply(X2,X2)))))),multiply(multiply(multiply(X2,multiply(X2,X2)),multiply(multiply(X2,multiply(X2,X2)),multiply(X2,multiply(X2,X2)))),multiply(multiply(multiply(X2,multiply(X2,X2)),multiply(multiply(X2,multiply(X2,X2)),multiply(X2,multiply(X2,X2)))),multiply(multiply(X2,multiply(X2,X2)),multiply(multiply(X2,multiply(X2,X2)),multiply(X2,multiply(X2,X2)))))))))) = multiply(X0,multiply(multiply(X0,multiply(identity,multiply(identity,multiply(identity,multiply(identity,multiply(multiply(multiply(identity,multiply(identity,multiply(multiply(multiply(multiply(X0,X0),multiply(multiply(X0,identity),identity)),identity),identity))),X2),identity)))))),identity)) [forward demodulation 7119,5117]
7206. multiply(X0,multiply(identity,multiply(multiply(multiply(multiply(X2,multiply(X2,X2)),multiply(multiply(X2,multiply(X2,X2)),multiply(X2,multiply(X2,X2)))),multiply(multiply(multiply(X2,multiply(X2,X2)),multiply(multiply(X2,multiply(X2,X2)),multiply(X2,multiply(X2,X2)))),multiply(multiply(X2,multiply(X2,X2)),multiply(multiply(X2,multiply(X2,X2)),multiply(X2,multiply(X2,X2)))))),multiply(multiply(multiply(multiply(X2,multiply(X2,X2)),multiply(multiply(X2,multiply(X2,X2)),multiply(X2,multiply(X2,X2)))),multiply(multiply(multiply(X2,multiply(X2,X2)),multiply(multiply(X2,multiply(X2,X2)),multiply(X2,multiply(X2,X2)))),multiply(multiply(X2,multiply(X2,X2)),multiply(multiply(X2,multiply(X2,X2)),multiply(X2,multiply(X2,X2)))))),multiply(multiply(multiply(X2,multiply(X2,X2)),multiply(multiply(X2,multiply(X2,X2)),multiply(X2,multiply(X2,X2)))),multiply(multiply(multiply(X2,multiply(X2,X2)),multiply(multiply(X2,multiply(X2,X2)),multiply(X2,multiply(X2,X2)))),multiply(multiply(X2,multiply(X2,X2)),multiply(multiply(X2,multiply(X2,X2)),multiply(X2,multiply(X2,X2)))))))))) = multiply(X0,multiply(multiply(X0,multiply(multiply(X0,X0),multiply(identity,multiply(identity,multiply(identity,multiply(multiply(multiply(multiply(X0,identity),identity),X2),identity)))))),identity)) [forward demodulation 7172,5133]
7233. multiply(X0,multiply(identity,multiply(multiply(multiply(multiply(X2,multiply(X2,X2)),multiply(multiply(X2,multiply(X2,X2)),multiply(X2,multiply(X2,X2)))),multiply(multiply(multiply(X2,multiply(X2,X2)),multiply(multiply(X2,multiply(X2,X2)),multiply(X2,multiply(X2,X2)))),multiply(multiply(X2,multiply(X2,X2)),multiply(multiply(X2,multiply(X2,X2)),multiply(X2,multiply(X2,X2)))))),multiply(multiply(multiply(multiply(X2,multiply(X2,X2)),multiply(multiply(X2,multiply(X2,X2)),multiply(X2,multiply(X2,X2)))),multiply(multiply(multiply(X2,multiply(X2,X2)),multiply(multiply(X2,multiply(X2,X2)),multiply(X2,multiply(X2,X2)))),multiply(multiply(X2,multiply(X2,X2)),multiply(multiply(X2,multiply(X2,X2)),multiply(X2,multiply(X2,X2)))))),multiply(multiply(multiply(X2,multiply(X2,X2)),multiply(multiply(X2,multiply(X2,X2)),multiply(X2,multiply(X2,X2)))),multiply(multiply(multiply(X2,multiply(X2,X2)),multiply(multiply(X2,multiply(X2,X2)),multiply(X2,multiply(X2,X2)))),multiply(multiply(X2,multiply(X2,X2)),multiply(multiply(X2,multiply(X2,X2)),multiply(X2,multiply(X2,X2)))))))))) = multiply(identity,multiply(identity,multiply(identity,multiply(multiply(identity,multiply(identity,multiply(identity,multiply(multiply(multiply(multiply(X0,identity),identity),X2),identity)))),identity)))) [forward demodulation 7206,819]
7253. multiply(X0,multiply(identity,multiply(multiply(multiply(multiply(X2,multiply(X2,X2)),multiply(multiply(X2,multiply(X2,X2)),multiply(X2,multiply(X2,X2)))),multiply(multiply(multiply(X2,multiply(X2,X2)),multiply(multiply(X2,multiply(X2,X2)),multiply(X2,multiply(X2,X2)))),multiply(multiply(X2,multiply(X2,X2)),multiply(multiply(X2,multiply(X2,X2)),multiply(X2,multiply(X2,X2)))))),multiply(multiply(multiply(multiply(X2,multiply(X2,X2)),multiply(multiply(X2,multiply(X2,X2)),multiply(X2,multiply(X2,X2)))),multiply(multiply(multiply(X2,multiply(X2,X2)),multiply(multiply(X2,multiply(X2,X2)),multiply(X2,multiply(X2,X2)))),multiply(multiply(X2,multiply(X2,X2)),multiply(multiply(X2,multiply(X2,X2)),multiply(X2,multiply(X2,X2)))))),multiply(multiply(multiply(X2,multiply(X2,X2)),multiply(multiply(X2,multiply(X2,X2)),multiply(X2,multiply(X2,X2)))),multiply(multiply(multiply(X2,multiply(X2,X2)),multiply(multiply(X2,multiply(X2,X2)),multiply(X2,multiply(X2,X2)))),multiply(multiply(X2,multiply(X2,X2)),multiply(multiply(X2,multiply(X2,X2)),multiply(X2,multiply(X2,X2)))))))))) = multiply(identity,multiply(identity,multiply(identity,multiply(identity,multiply(multiply(identity,multiply(identity,multiply(multiply(multiply(multiply(X0,identity),identity),X2),identity))),identity))))) [forward demodulation 7233,48]
7269. multiply(X0,multiply(identity,multiply(multiply(multiply(multiply(X2,multiply(X2,X2)),multiply(multiply(X2,multiply(X2,X2)),multiply(X2,multiply(X2,X2)))),multiply(multiply(multiply(X2,multiply(X2,X2)),multiply(multiply(X2,multiply(X2,X2)),multiply(X2,multiply(X2,X2)))),multiply(multiply(X2,multiply(X2,X2)),multiply(multiply(X2,multiply(X2,X2)),multiply(X2,multiply(X2,X2)))))),multiply(multiply(multiply(multiply(X2,multiply(X2,X2)),multiply(multiply(X2,multiply(X2,X2)),multiply(X2,multiply(X2,X2)))),multiply(multiply(multiply(X2,multiply(X2,X2)),multiply(multiply(X2,multiply(X2,X2)),multiply(X2,multiply(X2,X2)))),multiply(multiply(X2,multiply(X2,X2)),multiply(multiply(X2,multiply(X2,X2)),multiply(X2,multiply(X2,X2)))))),multiply(multiply(multiply(X2,multiply(X2,X2)),multiply(multiply(X2,multiply(X2,X2)),multiply(X2,multiply(X2,X2)))),multiply(multiply(multiply(X2,multiply(X2,X2)),multiply(multiply(X2,multiply(X2,X2)),multiply(X2,multiply(X2,X2)))),multiply(multiply(X2,multiply(X2,X2)),multiply(multiply(X2,multiply(X2,X2)),multiply(X2,multiply(X2,X2)))))))))) = multiply(identity,multiply(identity,multiply(identity,multiply(multiply(multiply(X0,identity),identity),X2)))) [forward demodulation 7253,21]
7280. multiply(identity,multiply(identity,multiply(identity,multiply(multiply(multiply(X0,identity),identity),X2)))) = multiply(X0,multiply(identity,multiply(identity,multiply(multiply(X2,multiply(X2,X2)),multiply(multiply(X2,multiply(X2,X2)),multiply(X2,multiply(X2,X2))))))) [forward demodulation 7269,790]
7290. multiply(identity,multiply(identity,multiply(identity,multiply(multiply(multiply(X0,identity),identity),X2)))) = multiply(X0,multiply(identity,multiply(identity,multiply(identity,X2)))) [forward demodulation 7280,114]
7918. multiply(X0,multiply(multiply(multiply(X0,X0),multiply(multiply(multiply(X0,X0),multiply(X0,X0)),X1)),multiply(multiply(X3,multiply(X3,X3)),multiply(multiply(X3,multiply(X3,X3)),multiply(X3,multiply(X3,X3)))))) = multiply(multiply(X0,X0),multiply(multiply(multiply(X0,X0),multiply(X0,X0)),multiply(multiply(multiply(X0,identity),multiply(multiply(multiply(multiply(identity,multiply(identity,multiply(X1,X2))),multiply(X2,multiply(X2,X2))),multiply(multiply(multiply(identity,multiply(identity,multiply(X1,X2))),multiply(X2,multiply(X2,X2))),multiply(multiply(identity,multiply(identity,multiply(X1,X2))),multiply(X2,multiply(X2,X2))))),multiply(multiply(multiply(multiply(identity,multiply(identity,multiply(X1,X2))),multiply(X2,multiply(X2,X2))),multiply(multiply(multiply(identity,multiply(identity,multiply(X1,X2))),multiply(X2,multiply(X2,X2))),multiply(multiply(identity,multiply(identity,multiply(X1,X2))),multiply(X2,multiply(X2,X2))))),multiply(multiply(multiply(identity,multiply(identity,multiply(X1,X2))),multiply(X2,multiply(X2,X2))),multiply(multiply(multiply(identity,multiply(identity,multiply(X1,X2))),multiply(X2,multiply(X2,X2))),multiply(multiply(identity,multiply(identity,multiply(X1,X2))),multiply(X2,multiply(X2,X2)))))))),X3))) [superposition 86,39]
7962. multiply(X0,multiply(multiply(multiply(X0,X0),multiply(multiply(multiply(X0,X0),multiply(X0,X0)),X1)),multiply(multiply(X3,multiply(X3,X3)),multiply(multiply(X3,multiply(X3,X3)),multiply(X3,multiply(X3,X3)))))) = multiply(multiply(X0,X0),multiply(multiply(multiply(X0,X0),multiply(X0,X0)),multiply(multiply(identity,multiply(multiply(identity,multiply(identity,multiply(multiply(multiply(X0,identity),identity),identity))),multiply(multiply(identity,multiply(identity,multiply(X1,X2))),multiply(X2,multiply(X2,X2))))),X3))) [forward demodulation 7918,4005]
8119. multiply(X0,multiply(multiply(multiply(X0,X0),multiply(multiply(multiply(X0,X0),multiply(X0,X0)),X1)),multiply(multiply(X3,multiply(X3,X3)),multiply(multiply(X3,multiply(X3,X3)),multiply(X3,multiply(X3,X3)))))) = multiply(multiply(X0,X0),multiply(multiply(multiply(X0,X0),multiply(X0,X0)),multiply(multiply(identity,multiply(multiply(identity,multiply(identity,multiply(multiply(multiply(X0,identity),identity),identity))),multiply(identity,multiply(identity,multiply(multiply(X1,identity),identity))))),X3))) [forward demodulation 7962,309]
8240. multiply(X0,multiply(multiply(multiply(X0,X0),multiply(multiply(multiply(X0,X0),multiply(X0,X0)),X1)),multiply(multiply(X3,multiply(X3,X3)),multiply(multiply(X3,multiply(X3,X3)),multiply(X3,multiply(X3,X3)))))) = multiply(multiply(X0,X0),multiply(multiply(multiply(X0,X0),multiply(X0,X0)),multiply(multiply(identity,multiply(identity,multiply(identity,multiply(multiply(multiply(multiply(X0,identity),identity),identity),multiply(multiply(X1,identity),identity))))),X3))) [forward demodulation 8119,4860]
8330. multiply(X0,multiply(multiply(multiply(X0,X0),multiply(multiply(multiply(X0,X0),multiply(X0,X0)),X1)),multiply(multiply(X3,multiply(X3,X3)),multiply(multiply(X3,multiply(X3,X3)),multiply(X3,multiply(X3,X3)))))) = multiply(multiply(X0,X0),multiply(multiply(multiply(X0,X0),multiply(X0,X0)),multiply(multiply(multiply(X0,identity),multiply(identity,multiply(identity,multiply(identity,multiply(multiply(X1,identity),identity))))),X3))) [forward demodulation 8240,7290]
8390. multiply(X0,multiply(multiply(multiply(X0,X0),multiply(multiply(multiply(X0,X0),multiply(X0,X0)),X1)),multiply(multiply(X3,multiply(X3,X3)),multiply(multiply(X3,multiply(X3,X3)),multiply(X3,multiply(X3,X3)))))) = multiply(multiply(X0,X0),multiply(multiply(multiply(X0,X0),multiply(X0,X0)),multiply(multiply(multiply(X0,identity),X1),X3))) [forward demodulation 8330,170]
8425. multiply(multiply(X0,X0),multiply(multiply(multiply(X0,X0),multiply(X0,X0)),multiply(multiply(multiply(X0,identity),X1),X3))) = multiply(X0,multiply(identity,multiply(multiply(identity,multiply(identity,multiply(multiply(multiply(multiply(X0,X0),multiply(multiply(multiply(X0,X0),multiply(X0,X0)),X1)),identity),identity))),X3))) [forward demodulation 8390,4005]
8448. multiply(multiply(X0,X0),multiply(multiply(multiply(X0,X0),multiply(X0,X0)),multiply(multiply(multiply(X0,identity),X1),X3))) = multiply(X0,multiply(identity,multiply(multiply(identity,multiply(identity,multiply(multiply(multiply(multiply(X0,X0),multiply(X0,X0)),multiply(multiply(multiply(X0,X0),X1),identity)),identity))),X3))) [forward demodulation 8425,5117]
8560. multiply(identity,multiply(identity,multiply(identity,multiply(multiply(identity,multiply(identity,multiply(multiply(X0,X0),multiply(multiply(X0,identity),identity)))),identity)))) = multiply(multiply(identity,multiply(identity,X0)),multiply(multiply(multiply(identity,multiply(identity,X0)),multiply(identity,multiply(identity,X0))),multiply(identity,identity))) [superposition 2694,5965]
8681. multiply(identity,multiply(identity,multiply(identity,multiply(multiply(identity,multiply(identity,multiply(multiply(X0,X0),multiply(multiply(X0,identity),identity)))),identity)))) = multiply(multiply(identity,multiply(identity,X0)),multiply(multiply(multiply(identity,multiply(identity,X0)),multiply(identity,multiply(identity,X0))),identity)) [forward demodulation 8560,3]
8763. multiply(multiply(identity,multiply(identity,X0)),multiply(multiply(multiply(identity,multiply(identity,X0)),multiply(identity,multiply(identity,X0))),identity)) = multiply(identity,multiply(identity,multiply(identity,multiply(identity,multiply(multiply(identity,multiply(multiply(X0,X0),multiply(multiply(X0,identity),identity))),identity))))) [forward demodulation 8681,48]
8813. multiply(multiply(identity,multiply(identity,X0)),multiply(multiply(multiply(identity,multiply(identity,X0)),multiply(identity,multiply(identity,X0))),identity)) = multiply(identity,multiply(identity,multiply(identity,multiply(identity,multiply(identity,multiply(multiply(multiply(X0,X0),multiply(multiply(X0,identity),identity)),identity)))))) [forward demodulation 8763,48]
8844. multiply(identity,multiply(identity,multiply(X0,multiply(multiply(X0,X0),identity)))) = multiply(multiply(identity,multiply(identity,X0)),multiply(multiply(multiply(identity,multiply(identity,X0)),multiply(identity,multiply(identity,X0))),identity)) [forward demodulation 8813,538]
9055. multiply(multiply(X1,X1),multiply(multiply(multiply(X1,X1),multiply(X1,X1)),X0)) = multiply(X1,multiply(multiply(X1,identity),multiply(multiply(multiply(multiply(identity,multiply(identity,X2)),multiply(multiply(multiply(X0,multiply(multiply(X0,X0),multiply(X2,X3))),multiply(X3,multiply(X3,X3))),multiply(multiply(multiply(X0,multiply(multiply(X0,X0),multiply(X2,X3))),multiply(X3,multiply(X3,X3))),multiply(multiply(X0,multiply(multiply(X0,X0),multiply(X2,X3))),multiply(X3,multiply(X3,X3)))))),multiply(multiply(multiply(identity,multiply(identity,X2)),multiply(multiply(multiply(X0,multiply(multiply(X0,X0),multiply(X2,X3))),multiply(X3,multiply(X3,X3))),multiply(multiply(multiply(X0,multiply(multiply(X0,X0),multiply(X2,X3))),multiply(X3,multiply(X3,X3))),multiply(multiply(X0,multiply(multiply(X0,X0),multiply(X2,X3))),multiply(X3,multiply(X3,X3)))))),multiply(multiply(identity,multiply(identity,X2)),multiply(multiply(multiply(X0,multiply(multiply(X0,X0),multiply(X2,X3))),multiply(X3,multiply(X3,X3))),multiply(multiply(multiply(X0,multiply(multiply(X0,X0),multiply(X2,X3))),multiply(X3,multiply(X3,X3))),multiply(multiply(X0,multiply(multiply(X0,X0),multiply(X2,X3))),multiply(X3,multiply(X3,X3)))))))),multiply(multiply(multiply(multiply(identity,multiply(identity,X2)),multiply(multiply(multiply(X0,multiply(multiply(X0,X0),multiply(X2,X3))),multiply(X3,multiply(X3,X3))),multiply(multiply(multiply(X0,multiply(multiply(X0,X0),multiply(X2,X3))),multiply(X3,multiply(X3,X3))),multiply(multiply(X0,multiply(multiply(X0,X0),multiply(X2,X3))),multiply(X3,multiply(X3,X3)))))),multiply(multiply(multiply(identity,multiply(identity,X2)),multiply(multiply(multiply(X0,multiply(multiply(X0,X0),multiply(X2,X3))),multiply(X3,multiply(X3,X3))),multiply(multiply(multiply(X0,multiply(multiply(X0,X0),multiply(X2,X3))),multiply(X3,multiply(X3,X3))),multiply(multiply(X0,multiply(multiply(X0,X0),multiply(X2,X3))),multiply(X3,multiply(X3,X3)))))),multiply(multiply(identity,multiply(identity,X2)),multiply(multiply(multiply(X0,multiply(multiply(X0,X0),multiply(X2,X3))),multiply(X3,multiply(X3,X3))),multiply(multiply(multiply(X0,multiply(multiply(X0,X0),multiply(X2,X3))),multiply(X3,multiply(X3,X3))),multiply(multiply(X0,multiply(multiply(X0,X0),multiply(X2,X3))),multiply(X3,multiply(X3,X3)))))))),multiply(multiply(multiply(identity,multiply(identity,X2)),multiply(multiply(multiply(X0,multiply(multiply(X0,X0),multiply(X2,X3))),multiply(X3,multiply(X3,X3))),multiply(multiply(multiply(X0,multiply(multiply(X0,X0),multiply(X2,X3))),multiply(X3,multiply(X3,X3))),multiply(multiply(X0,multiply(multiply(X0,X0),multiply(X2,X3))),multiply(X3,multiply(X3,X3)))))),multiply(multiply(multiply(identity,multiply(identity,X2)),multiply(multiply(multiply(X0,multiply(multiply(X0,X0),multiply(X2,X3))),multiply(X3,multiply(X3,X3))),multiply(multiply(multiply(X0,multiply(multiply(X0,X0),multiply(X2,X3))),multiply(X3,multiply(X3,X3))),multiply(multiply(X0,multiply(multiply(X0,X0),multiply(X2,X3))),multiply(X3,multiply(X3,X3)))))),multiply(multiply(identity,multiply(identity,X2)),multiply(multiply(multiply(X0,multiply(multiply(X0,X0),multiply(X2,X3))),multiply(X3,multiply(X3,X3))),multiply(multiply(multiply(X0,multiply(multiply(X0,X0),multiply(X2,X3))),multiply(X3,multiply(X3,X3))),multiply(multiply(X0,multiply(multiply(X0,X0),multiply(X2,X3))),multiply(X3,multiply(X3,X3)))))))))))) [superposition 9,31]
9078. multiply(multiply(X1,X1),multiply(multiply(multiply(X1,X1),multiply(X1,X1)),X0)) = multiply(X1,multiply(identity,multiply(multiply(identity,multiply(identity,multiply(multiply(multiply(X1,identity),identity),identity))),multiply(multiply(identity,multiply(identity,X2)),multiply(multiply(multiply(X0,multiply(multiply(X0,X0),multiply(X2,X3))),multiply(X3,multiply(X3,X3))),multiply(multiply(multiply(X0,multiply(multiply(X0,X0),multiply(X2,X3))),multiply(X3,multiply(X3,X3))),multiply(multiply(X0,multiply(multiply(X0,X0),multiply(X2,X3))),multiply(X3,multiply(X3,X3))))))))) [forward demodulation 9055,4005]
9228. multiply(multiply(X1,X1),multiply(multiply(multiply(X1,X1),multiply(X1,X1)),X0)) = multiply(X1,multiply(identity,multiply(multiply(identity,multiply(identity,multiply(multiply(multiply(X1,identity),identity),identity))),multiply(multiply(identity,multiply(identity,X2)),multiply(multiply(multiply(X0,X0),multiply(multiply(X0,multiply(X2,identity)),identity)),multiply(multiply(multiply(X0,X0),multiply(multiply(X0,multiply(X2,identity)),identity)),multiply(multiply(X0,X0),multiply(multiply(X0,multiply(X2,identity)),identity)))))))) [forward demodulation 9078,276]
9352. multiply(multiply(X1,X1),multiply(multiply(multiply(X1,X1),multiply(X1,X1)),X0)) = multiply(X1,multiply(identity,multiply(multiply(identity,multiply(identity,multiply(multiply(multiply(X1,identity),identity),identity))),multiply(identity,multiply(identity,multiply(multiply(X0,identity),identity)))))) [forward demodulation 9228,2514]
9438. multiply(multiply(X1,X1),multiply(multiply(multiply(X1,X1),multiply(X1,X1)),X0)) = multiply(X1,multiply(identity,multiply(identity,multiply(identity,multiply(multiply(multiply(multiply(X1,identity),identity),identity),multiply(multiply(X0,identity),identity)))))) [forward demodulation 9352,4860]
9499. multiply(multiply(X1,X1),multiply(multiply(multiply(X1,X1),multiply(X1,X1)),X0)) = multiply(X1,multiply(multiply(X1,identity),multiply(identity,multiply(identity,multiply(identity,multiply(multiply(X0,identity),identity)))))) [forward demodulation 9438,7290]
9549. multiply(multiply(X1,X1),multiply(multiply(multiply(X1,X1),multiply(X1,X1)),X0)) = multiply(X1,multiply(multiply(X1,identity),X0)) [forward demodulation 9499,170]
9687. multiply(X0,multiply(multiply(X0,X1),multiply(multiply(X2,multiply(X2,X2)),multiply(multiply(X2,multiply(X2,X2)),multiply(X2,multiply(X2,X2)))))) = multiply(X0,multiply(multiply(X0,identity),multiply(X1,X2))) [superposition 9,9549]
9688. multiply(X0,multiply(multiply(X0,X1),identity)) = multiply(X0,multiply(multiply(X0,identity),multiply(X1,identity))) [superposition 23,9549]
9692. multiply(X0,multiply(X1,multiply(multiply(X3,multiply(X3,X3)),multiply(multiply(X3,multiply(X3,X3)),multiply(X3,multiply(X3,X3)))))) = multiply(X0,multiply(multiply(X0,identity),multiply(multiply(multiply(X0,multiply(multiply(X0,X0),multiply(X1,X2))),multiply(X2,multiply(X2,X2))),X3))) [superposition 86,9549]
9737. multiply(multiply(multiply(X0,X0),multiply(X0,X0)),multiply(multiply(multiply(X0,X0),X1),identity)) = multiply(multiply(X0,multiply(multiply(X0,identity),X1)),identity) [superposition 5117,9549]
9804. multiply(X0,multiply(X1,multiply(multiply(X3,multiply(X3,X3)),multiply(multiply(X3,multiply(X3,X3)),multiply(X3,multiply(X3,X3)))))) = multiply(X0,multiply(multiply(X0,identity),multiply(multiply(multiply(X0,X0),multiply(multiply(X0,multiply(X1,identity)),identity)),X3))) [forward demodulation 9692,276]
9807. multiply(X0,multiply(identity,multiply(multiply(identity,multiply(identity,multiply(multiply(multiply(X0,X1),identity),identity))),X2))) = multiply(X0,multiply(multiply(X0,identity),multiply(X1,X2))) [forward demodulation 9687,4005]
9865. multiply(X0,multiply(identity,multiply(multiply(identity,multiply(identity,multiply(multiply(X1,identity),identity))),X3))) = multiply(X0,multiply(multiply(X0,identity),multiply(multiply(multiply(X0,X0),multiply(multiply(X0,multiply(X1,identity)),identity)),X3))) [forward demodulation 9804,4005]
10059. multiply(multiply(X0,multiply(X0,X0)),multiply(multiply(X0,multiply(X0,X0)),multiply(X0,multiply(X0,X0)))) = multiply(identity,multiply(multiply(multiply(multiply(identity,identity),multiply(multiply(multiply(identity,identity),multiply(identity,identity)),multiply(identity,X0))),identity),identity)) [superposition 3136,100]
10088. multiply(multiply(X0,multiply(X0,X0)),multiply(multiply(X0,multiply(X0,X0)),multiply(X0,multiply(X0,X0)))) = multiply(identity,multiply(multiply(multiply(multiply(identity,identity),multiply(identity,identity)),multiply(multiply(multiply(identity,identity),multiply(identity,X0)),identity)),identity)) [forward demodulation 10059,5117]
10190. multiply(multiply(X0,multiply(X0,X0)),multiply(multiply(X0,multiply(X0,X0)),multiply(X0,multiply(X0,X0)))) = multiply(identity,multiply(multiply(multiply(identity,multiply(multiply(identity,identity),multiply(identity,X0))),identity),identity)) [forward demodulation 10088,9737]
10274. multiply(multiply(X0,multiply(X0,X0)),multiply(multiply(X0,multiply(X0,X0)),multiply(X0,multiply(X0,X0)))) = multiply(identity,multiply(multiply(multiply(identity,identity),multiply(multiply(identity,multiply(identity,X0)),identity)),identity)) [forward demodulation 10190,5117]
10340. multiply(multiply(X0,multiply(X0,X0)),multiply(multiply(X0,multiply(X0,X0)),multiply(X0,multiply(X0,X0)))) = multiply(identity,multiply(multiply(multiply(identity,identity),multiply(identity,multiply(multiply(identity,X0),identity))),identity)) [forward demodulation 10274,302]
10390. multiply(multiply(X0,multiply(X0,X0)),multiply(multiply(X0,multiply(X0,X0)),multiply(X0,multiply(X0,X0)))) = multiply(identity,multiply(multiply(multiply(identity,identity),multiply(identity,multiply(identity,multiply(X0,identity)))),identity)) [forward demodulation 10340,48]
10425. multiply(multiply(X0,multiply(X0,X0)),multiply(multiply(X0,multiply(X0,X0)),multiply(X0,multiply(X0,X0)))) = multiply(identity,multiply(multiply(identity,multiply(identity,multiply(identity,multiply(X0,identity)))),identity)) [forward demodulation 10390,3]
10440. multiply(identity,multiply(identity,multiply(multiply(identity,multiply(identity,multiply(X0,identity))),identity))) = multiply(multiply(X0,multiply(X0,X0)),multiply(multiply(X0,multiply(X0,X0)),multiply(X0,multiply(X0,X0)))) [forward demodulation 10425,48]
10450. multiply(identity,X0) = multiply(multiply(X0,multiply(X0,X0)),multiply(multiply(X0,multiply(X0,X0)),multiply(X0,multiply(X0,X0)))) [forward demodulation 10440,21]
10474. multiply(multiply(identity,X0),multiply(multiply(multiply(identity,X0),X1),identity)) = multiply(multiply(identity,X0),multiply(multiply(identity,multiply(X0,identity)),multiply(X1,identity))) [superposition 9688,302]
10478. multiply(X1,multiply(multiply(X1,multiply(identity,X0)),identity)) = multiply(X1,multiply(multiply(X1,identity),multiply(identity,multiply(X0,identity)))) [superposition 9688,302]
10527. multiply(multiply(X0,identity),multiply(X1,identity)) = multiply(multiply(X0,X0),multiply(multiply(X0,multiply(multiply(X0,multiply(multiply(X0,X1),identity)),identity)),identity)) [superposition 136,9688]
10529. multiply(identity,multiply(identity,multiply(identity,multiply(multiply(multiply(X0,identity),multiply(X1,identity)),identity)))) = multiply(X0,multiply(multiply(X0,X0),multiply(multiply(X0,multiply(multiply(X0,X1),identity)),identity))) [superposition 2694,9688]
10579. multiply(X0,X1) = multiply(identity,multiply(identity,multiply(identity,multiply(multiply(multiply(X0,identity),multiply(X1,identity)),identity)))) [forward demodulation 10529,2159]
10581. multiply(multiply(X0,X1),identity) = multiply(multiply(X0,identity),multiply(X1,identity)) [forward demodulation 10527,136]
11813. multiply(multiply(identity,multiply(X0,identity)),multiply(X1,identity)) = multiply(multiply(multiply(identity,X0),X1),identity) [superposition 10581,302]
11817. multiply(multiply(X1,multiply(identity,X0)),identity) = multiply(multiply(X1,identity),multiply(identity,multiply(X0,identity))) [superposition 10581,302]
11870. multiply(X0,multiply(X1,multiply(multiply(multiply(X2,identity),multiply(multiply(X2,identity),multiply(X2,identity))),multiply(multiply(multiply(X2,identity),multiply(multiply(X2,identity),multiply(X2,identity))),multiply(multiply(X2,identity),multiply(multiply(X2,identity),multiply(X2,identity))))))) = multiply(multiply(X0,X0),multiply(multiply(multiply(X0,X0),multiply(X0,X0)),multiply(multiply(multiply(X0,multiply(multiply(X0,X0),multiply(X1,identity))),X2),identity))) [superposition 87,10581]
11898. multiply(multiply(X1,X1),multiply(multiply(multiply(X1,X1),multiply(X1,X1)),multiply(X2,multiply(X0,identity)))) = multiply(X1,multiply(multiply(X1,X2),multiply(multiply(multiply(X0,identity),multiply(multiply(X0,X0),identity)),multiply(multiply(multiply(X0,identity),multiply(multiply(X0,X0),identity)),multiply(multiply(X0,identity),multiply(multiply(X0,X0),identity)))))) [superposition 9,10581]
11917. multiply(multiply(X1,X1),multiply(multiply(multiply(X1,X1),multiply(X1,X1)),multiply(multiply(multiply(X1,multiply(multiply(X1,X1),multiply(X2,X3))),multiply(X3,multiply(X3,X3))),multiply(X0,identity)))) = multiply(X1,multiply(X2,multiply(multiply(multiply(X0,identity),multiply(multiply(X0,X0),identity)),multiply(multiply(multiply(X0,identity),multiply(multiply(X0,X0),identity)),multiply(multiply(X0,identity),multiply(multiply(X0,X0),identity)))))) [superposition 86,10581]
12024. multiply(multiply(X1,X1),multiply(multiply(multiply(X1,X1),multiply(X1,X1)),multiply(multiply(multiply(X1,multiply(multiply(X1,X1),multiply(X2,X3))),multiply(X3,multiply(X3,X3))),multiply(X0,identity)))) = multiply(X1,multiply(X2,multiply(multiply(multiply(X0,multiply(X0,X0)),identity),multiply(multiply(multiply(X0,multiply(X0,X0)),identity),multiply(multiply(X0,multiply(X0,X0)),identity))))) [forward demodulation 11917,10581]
12042. multiply(multiply(X1,X1),multiply(multiply(multiply(X1,X1),multiply(X1,X1)),multiply(X2,multiply(X0,identity)))) = multiply(X1,multiply(multiply(X1,X2),multiply(multiply(multiply(X0,multiply(X0,X0)),identity),multiply(multiply(multiply(X0,multiply(X0,X0)),identity),multiply(multiply(X0,multiply(X0,X0)),identity))))) [forward demodulation 11898,10581]
12068. multiply(X0,multiply(X1,multiply(multiply(multiply(X2,identity),multiply(multiply(X2,identity),multiply(X2,identity))),multiply(multiply(multiply(X2,identity),multiply(multiply(X2,identity),multiply(X2,identity))),multiply(multiply(X2,identity),multiply(multiply(X2,identity),multiply(X2,identity))))))) = multiply(X0,multiply(multiply(X0,multiply(multiply(X0,multiply(multiply(X0,X0),multiply(X1,identity))),X2)),identity)) [forward demodulation 11870,23]
12165. multiply(multiply(X1,X1),multiply(multiply(multiply(X1,X1),multiply(X1,X1)),multiply(multiply(multiply(X1,multiply(multiply(X1,X1),multiply(X2,X3))),multiply(X3,multiply(X3,X3))),multiply(X0,identity)))) = multiply(X1,multiply(X2,multiply(multiply(multiply(X0,multiply(X0,X0)),identity),multiply(multiply(multiply(X0,multiply(X0,X0)),multiply(X0,multiply(X0,X0))),identity)))) [forward demodulation 12024,10581]
12179. multiply(multiply(X1,X1),multiply(multiply(multiply(X1,X1),multiply(X1,X1)),multiply(X2,multiply(X0,identity)))) = multiply(X1,multiply(multiply(X1,X2),multiply(multiply(multiply(X0,multiply(X0,X0)),identity),multiply(multiply(multiply(X0,multiply(X0,X0)),multiply(X0,multiply(X0,X0))),identity)))) [forward demodulation 12042,10581]
12200. multiply(X0,multiply(multiply(X0,multiply(multiply(X0,multiply(multiply(X0,X0),multiply(X1,identity))),X2)),identity)) = multiply(X0,multiply(identity,multiply(multiply(identity,multiply(identity,multiply(multiply(X1,identity),identity))),multiply(X2,identity)))) [forward demodulation 12068,4005]
12275. multiply(multiply(X1,X1),multiply(multiply(multiply(X1,X1),multiply(X1,X1)),multiply(multiply(multiply(X1,multiply(multiply(X1,X1),multiply(X2,X3))),multiply(X3,multiply(X3,X3))),multiply(X0,identity)))) = multiply(X1,multiply(X2,multiply(multiply(multiply(X0,multiply(X0,X0)),multiply(multiply(X0,multiply(X0,X0)),multiply(X0,multiply(X0,X0)))),identity))) [forward demodulation 12165,10581]
12286. multiply(multiply(X1,X1),multiply(multiply(multiply(X1,X1),multiply(X1,X1)),multiply(X2,multiply(X0,identity)))) = multiply(X1,multiply(multiply(X1,X2),multiply(multiply(multiply(X0,multiply(X0,X0)),multiply(multiply(X0,multiply(X0,X0)),multiply(X0,multiply(X0,X0)))),identity))) [forward demodulation 12179,10581]
12355. multiply(multiply(X1,X1),multiply(multiply(multiply(X1,X1),multiply(X1,X1)),multiply(multiply(multiply(X1,multiply(multiply(X1,X1),multiply(X2,X3))),multiply(X3,multiply(X3,X3))),multiply(X0,identity)))) = multiply(X1,multiply(X2,multiply(multiply(identity,X0),identity))) [forward demodulation 12275,10450]
12363. multiply(multiply(X1,X1),multiply(multiply(multiply(X1,X1),multiply(X1,X1)),multiply(X2,multiply(X0,identity)))) = multiply(X1,multiply(multiply(X1,X2),multiply(multiply(identity,X0),identity))) [forward demodulation 12286,10450]
12415. multiply(multiply(X1,X1),multiply(multiply(multiply(X1,X1),multiply(X1,X1)),multiply(multiply(multiply(X1,multiply(multiply(X1,X1),multiply(X2,X3))),multiply(X3,multiply(X3,X3))),multiply(X0,identity)))) = multiply(X1,multiply(X2,multiply(identity,multiply(X0,identity)))) [forward demodulation 12355,302]
12422. multiply(multiply(X1,X1),multiply(multiply(multiply(X1,X1),multiply(X1,X1)),multiply(X2,multiply(X0,identity)))) = multiply(X1,multiply(multiply(X1,X2),multiply(identity,multiply(X0,identity)))) [forward demodulation 12363,302]
12452. multiply(X1,multiply(X2,multiply(identity,multiply(X0,identity)))) = multiply(X1,multiply(multiply(X1,identity),multiply(multiply(multiply(X1,multiply(multiply(X1,X1),multiply(X2,X3))),multiply(X3,multiply(X3,X3))),multiply(X0,identity)))) [forward demodulation 12415,9549]
12455. multiply(X1,multiply(multiply(X1,X2),multiply(identity,multiply(X0,identity)))) = multiply(X1,multiply(multiply(X1,identity),multiply(X2,multiply(X0,identity)))) [forward demodulation 12422,9549]
12476. multiply(X1,multiply(X2,multiply(identity,multiply(X0,identity)))) = multiply(X1,multiply(multiply(X1,identity),multiply(multiply(multiply(X1,X1),multiply(multiply(X1,multiply(X2,identity)),identity)),multiply(X0,identity)))) [forward demodulation 12452,276]
12493. multiply(X1,multiply(identity,multiply(multiply(identity,multiply(identity,multiply(multiply(X2,identity),identity))),multiply(X0,identity)))) = multiply(X1,multiply(X2,multiply(identity,multiply(X0,identity)))) [forward demodulation 12476,9865]
12719. multiply(identity,multiply(identity,multiply(multiply(X0,X1),multiply(multiply(X2,multiply(X2,X2)),multiply(multiply(X2,multiply(X2,X2)),multiply(X2,multiply(X2,X2))))))) = multiply(identity,multiply(identity,multiply(multiply(multiply(identity,multiply(identity,multiply(identity,multiply(multiply(X0,X0),identity)))),identity),multiply(multiply(X0,multiply(multiply(multiply(X0,X0),multiply(multiply(multiply(X0,X0),multiply(X0,X0)),multiply(X1,X2))),multiply(multiply(X3,multiply(X3,X3)),multiply(multiply(X3,multiply(X3,X3)),multiply(X3,multiply(X3,X3)))))),multiply(X3,multiply(X3,X3)))))) [superposition 248,89]
12881. multiply(identity,multiply(identity,multiply(multiply(X0,X1),multiply(multiply(X2,multiply(X2,X2)),multiply(multiply(X2,multiply(X2,X2)),multiply(X2,multiply(X2,X2))))))) = multiply(identity,multiply(identity,multiply(multiply(multiply(identity,multiply(identity,multiply(identity,multiply(multiply(X0,X0),identity)))),identity),multiply(multiply(X0,multiply(identity,multiply(multiply(identity,multiply(identity,multiply(multiply(multiply(multiply(X0,X0),multiply(multiply(multiply(X0,X0),multiply(X0,X0)),multiply(X1,X2))),identity),identity))),X3))),multiply(X3,multiply(X3,X3)))))) [forward demodulation 12719,4005]
13166. multiply(identity,multiply(identity,multiply(multiply(X0,X1),multiply(multiply(X2,multiply(X2,X2)),multiply(multiply(X2,multiply(X2,X2)),multiply(X2,multiply(X2,X2))))))) = multiply(identity,multiply(identity,multiply(multiply(multiply(identity,multiply(identity,multiply(identity,multiply(multiply(X0,X0),identity)))),identity),multiply(multiply(X0,multiply(identity,multiply(multiply(identity,multiply(identity,multiply(multiply(multiply(multiply(X0,X0),multiply(X0,X0)),multiply(multiply(multiply(X0,X0),multiply(X1,X2)),identity)),identity))),X3))),multiply(X3,multiply(X3,X3)))))) [forward demodulation 12881,5117]
13451. multiply(identity,multiply(identity,multiply(multiply(X0,X1),multiply(multiply(X2,multiply(X2,X2)),multiply(multiply(X2,multiply(X2,X2)),multiply(X2,multiply(X2,X2))))))) = multiply(identity,multiply(identity,multiply(multiply(multiply(identity,multiply(identity,multiply(identity,multiply(multiply(X0,X0),identity)))),identity),multiply(multiply(multiply(X0,X0),multiply(multiply(multiply(X0,X0),multiply(X0,X0)),multiply(multiply(multiply(X0,identity),multiply(X1,X2)),X3))),multiply(X3,multiply(X3,X3)))))) [forward demodulation 13166,8448]
13734. multiply(identity,multiply(identity,multiply(multiply(X0,X1),multiply(multiply(X2,multiply(X2,X2)),multiply(multiply(X2,multiply(X2,X2)),multiply(X2,multiply(X2,X2))))))) = multiply(identity,multiply(identity,multiply(multiply(X0,identity),multiply(X1,X2)))) [forward demodulation 13451,248]
14009. multiply(identity,multiply(identity,multiply(multiply(X0,identity),multiply(X1,X2)))) = multiply(identity,multiply(identity,multiply(identity,multiply(multiply(multiply(identity,multiply(identity,multiply(multiply(X0,X1),identity))),identity),X2)))) [forward demodulation 13734,124]
14269. multiply(identity,multiply(identity,multiply(multiply(X0,identity),multiply(X1,X2)))) = multiply(identity,multiply(identity,multiply(identity,multiply(multiply(identity,multiply(multiply(identity,multiply(multiply(X0,X1),identity)),identity)),X2)))) [forward demodulation 14009,302]
14502. multiply(identity,multiply(identity,multiply(multiply(X0,identity),multiply(X1,X2)))) = multiply(identity,multiply(identity,multiply(identity,multiply(multiply(identity,multiply(identity,multiply(multiply(multiply(X0,X1),identity),identity))),X2)))) [forward demodulation 14269,48]
14712. multiply(identity,multiply(identity,multiply(multiply(X0,identity),multiply(X1,X2)))) = multiply(identity,multiply(multiply(identity,multiply(X0,X1)),multiply(identity,multiply(identity,X2)))) [forward demodulation 14502,4232]
15133. multiply(X0,multiply(X1,identity)) = multiply(multiply(multiply(identity,multiply(identity,multiply(identity,multiply(X0,identity)))),X1),identity) [superposition 11813,21]
15134. multiply(multiply(identity,multiply(identity,multiply(X0,identity))),multiply(X1,identity)) = multiply(multiply(multiply(identity,multiply(identity,X0)),X1),identity) [superposition 11813,48]
15138. multiply(multiply(identity,multiply(identity,multiply(identity,multiply(X0,identity)))),multiply(X1,identity)) = multiply(multiply(multiply(identity,multiply(identity,multiply(multiply(identity,identity),X0))),X1),identity) [superposition 11813,819]
15239. multiply(multiply(identity,multiply(identity,multiply(identity,multiply(X0,identity)))),multiply(X1,identity)) = multiply(multiply(multiply(identity,multiply(identity,multiply(identity,X0))),X1),identity) [forward demodulation 15138,3]
16724. multiply(multiply(X1,multiply(identity,multiply(identity,multiply(identity,multiply(X0,identity))))),identity) = multiply(multiply(X1,identity),X0) [superposition 11817,21]
16743. multiply(X0,multiply(X1,multiply(multiply(multiply(identity,multiply(X2,identity)),multiply(multiply(identity,multiply(X2,identity)),multiply(identity,multiply(X2,identity)))),multiply(multiply(multiply(identity,multiply(X2,identity)),multiply(multiply(identity,multiply(X2,identity)),multiply(identity,multiply(X2,identity)))),multiply(multiply(identity,multiply(X2,identity)),multiply(multiply(identity,multiply(X2,identity)),multiply(identity,multiply(X2,identity)))))))) = multiply(multiply(X0,X0),multiply(multiply(multiply(X0,X0),multiply(X0,X0)),multiply(multiply(multiply(X0,multiply(multiply(X0,X0),multiply(X1,identity))),multiply(identity,X2)),identity))) [superposition 87,11817]
16800. multiply(X0,multiply(X1,multiply(multiply(multiply(identity,multiply(X2,identity)),multiply(multiply(identity,multiply(X2,identity)),multiply(identity,multiply(X2,identity)))),multiply(multiply(multiply(identity,multiply(X2,identity)),multiply(multiply(identity,multiply(X2,identity)),multiply(identity,multiply(X2,identity)))),multiply(multiply(identity,multiply(X2,identity)),multiply(multiply(identity,multiply(X2,identity)),multiply(identity,multiply(X2,identity)))))))) = multiply(X0,multiply(multiply(X0,multiply(multiply(X0,multiply(multiply(X0,X0),multiply(X1,identity))),multiply(identity,X2))),identity)) [forward demodulation 16743,23]
16846. multiply(X0,multiply(X1,multiply(multiply(multiply(identity,multiply(X2,identity)),multiply(multiply(identity,multiply(X2,identity)),multiply(identity,multiply(X2,identity)))),multiply(multiply(multiply(identity,multiply(X2,identity)),multiply(multiply(identity,multiply(X2,identity)),multiply(identity,multiply(X2,identity)))),multiply(multiply(identity,multiply(X2,identity)),multiply(multiply(identity,multiply(X2,identity)),multiply(identity,multiply(X2,identity)))))))) = multiply(X0,multiply(identity,multiply(multiply(identity,multiply(identity,multiply(multiply(X1,identity),identity))),multiply(multiply(identity,X2),identity)))) [forward demodulation 16800,12200]
16881. multiply(X0,multiply(X1,multiply(multiply(multiply(identity,multiply(X2,identity)),multiply(multiply(identity,multiply(X2,identity)),multiply(identity,multiply(X2,identity)))),multiply(multiply(multiply(identity,multiply(X2,identity)),multiply(multiply(identity,multiply(X2,identity)),multiply(identity,multiply(X2,identity)))),multiply(multiply(identity,multiply(X2,identity)),multiply(multiply(identity,multiply(X2,identity)),multiply(identity,multiply(X2,identity)))))))) = multiply(X0,multiply(X1,multiply(identity,multiply(multiply(identity,X2),identity)))) [forward demodulation 16846,12493]
16908. multiply(X0,multiply(X1,multiply(multiply(multiply(identity,multiply(X2,identity)),multiply(multiply(identity,multiply(X2,identity)),multiply(identity,multiply(X2,identity)))),multiply(multiply(multiply(identity,multiply(X2,identity)),multiply(multiply(identity,multiply(X2,identity)),multiply(identity,multiply(X2,identity)))),multiply(multiply(identity,multiply(X2,identity)),multiply(multiply(identity,multiply(X2,identity)),multiply(identity,multiply(X2,identity)))))))) = multiply(X0,multiply(X1,multiply(identity,multiply(identity,multiply(X2,identity))))) [forward demodulation 16881,48]
16927. multiply(X0,multiply(X1,multiply(identity,multiply(identity,multiply(X2,identity))))) = multiply(X0,multiply(identity,multiply(multiply(identity,multiply(identity,multiply(multiply(X1,identity),identity))),multiply(identity,multiply(X2,identity))))) [forward demodulation 16908,4005]
16940. multiply(X0,multiply(X1,multiply(identity,multiply(identity,multiply(X2,identity))))) = multiply(X0,multiply(identity,multiply(multiply(identity,identity),multiply(multiply(identity,multiply(multiply(X1,identity),identity)),multiply(X2,identity))))) [forward demodulation 16927,12455]
16950. multiply(X0,multiply(X1,multiply(identity,multiply(identity,multiply(X2,identity))))) = multiply(X0,multiply(identity,multiply(multiply(identity,identity),multiply(multiply(multiply(identity,multiply(X1,identity)),X2),identity)))) [forward demodulation 16940,11813]
16959. multiply(X0,multiply(X1,multiply(identity,multiply(identity,multiply(X2,identity))))) = multiply(X0,multiply(identity,multiply(multiply(identity,multiply(multiply(identity,multiply(X1,identity)),X2)),identity))) [forward demodulation 16950,9688]
16966. multiply(X0,multiply(X1,multiply(identity,multiply(identity,multiply(X2,identity))))) = multiply(X0,multiply(identity,multiply(identity,multiply(multiply(multiply(identity,multiply(X1,identity)),X2),identity)))) [forward demodulation 16959,48]
17725. multiply(multiply(identity,X0),X1) = multiply(identity,multiply(identity,multiply(identity,multiply(multiply(multiply(identity,multiply(X0,identity)),multiply(X1,identity)),identity)))) [superposition 10579,302]
17741. multiply(identity,multiply(identity,multiply(identity,multiply(multiply(identity,multiply(identity,multiply(identity,multiply(X0,identity)))),identity)))) = multiply(X1,multiply(multiply(X1,identity),multiply(multiply(multiply(X1,identity),multiply(X1,identity)),X0))) [superposition 10579,819]
17835. multiply(identity,multiply(identity,multiply(identity,multiply(multiply(identity,multiply(identity,multiply(identity,multiply(X0,identity)))),identity)))) = multiply(X1,multiply(multiply(X1,identity),multiply(multiply(multiply(X1,X1),identity),X0))) [forward demodulation 17741,10581]
17848. multiply(multiply(identity,X0),X1) = multiply(identity,multiply(X0,multiply(identity,multiply(identity,multiply(multiply(X1,identity),identity))))) [forward demodulation 17725,16966]
17890. multiply(identity,multiply(identity,multiply(identity,multiply(identity,multiply(multiply(identity,multiply(identity,multiply(X0,identity))),identity))))) = multiply(X1,multiply(multiply(X1,identity),multiply(multiply(multiply(X1,X1),identity),X0))) [forward demodulation 17835,48]
17937. multiply(identity,multiply(identity,multiply(identity,X0))) = multiply(X1,multiply(multiply(X1,identity),multiply(multiply(multiply(X1,X1),identity),X0))) [forward demodulation 17890,21]
18837. multiply(X0,multiply(multiply(multiply(multiply(identity,multiply(identity,multiply(identity,multiply(X0,identity)))),X1),multiply(multiply(X2,multiply(X2,X2)),multiply(multiply(X2,multiply(X2,X2)),multiply(X2,multiply(X2,X2))))),identity)) = multiply(multiply(multiply(multiply(identity,multiply(identity,multiply(identity,multiply(X0,identity)))),multiply(identity,multiply(identity,multiply(identity,multiply(X0,identity))))),multiply(multiply(multiply(multiply(identity,multiply(identity,multiply(identity,multiply(X0,identity)))),multiply(identity,multiply(identity,multiply(identity,multiply(X0,identity))))),multiply(multiply(identity,multiply(identity,multiply(identity,multiply(X0,identity)))),multiply(identity,multiply(identity,multiply(identity,multiply(X0,identity)))))),multiply(X1,X2))),identity) [superposition 15133,9]
18862. multiply(identity,multiply(identity,multiply(multiply(multiply(identity,multiply(identity,multiply(identity,identity))),identity),identity))) = multiply(identity,multiply(identity,multiply(X0,multiply(multiply(multiply(X0,identity),multiply(multiply(X0,identity),multiply(X0,identity))),identity)))) [superposition 132,15133]
18886. multiply(multiply(multiply(identity,multiply(identity,multiply(identity,multiply(X0,identity)))),multiply(identity,multiply(identity,multiply(identity,multiply(X0,identity))))),multiply(multiply(multiply(identity,multiply(identity,multiply(identity,multiply(X0,identity)))),X1),identity)) = multiply(X0,multiply(multiply(multiply(multiply(identity,multiply(identity,multiply(identity,multiply(X0,identity)))),multiply(identity,multiply(identity,multiply(identity,multiply(X0,identity))))),X1),identity)) [superposition 5117,15133]
18902. multiply(multiply(multiply(identity,multiply(identity,multiply(identity,multiply(X0,identity)))),multiply(identity,multiply(identity,multiply(identity,multiply(X0,identity))))),multiply(multiply(multiply(identity,multiply(identity,multiply(identity,multiply(X0,identity)))),identity),identity)) = multiply(multiply(multiply(identity,multiply(identity,multiply(identity,multiply(X0,identity)))),multiply(X0,multiply(multiply(identity,multiply(identity,multiply(identity,multiply(X0,identity)))),identity))),identity) [superposition 5117,15133]
18913. multiply(multiply(identity,multiply(identity,multiply(identity,multiply(X0,identity)))),X1) = multiply(identity,multiply(identity,multiply(identity,multiply(multiply(X0,multiply(X1,identity)),identity)))) [superposition 170,15133]
18928. multiply(X2,multiply(multiply(identity,multiply(identity,multiply(identity,multiply(X0,identity)))),X1)) = multiply(identity,multiply(identity,multiply(identity,multiply(multiply(multiply(X2,identity),multiply(X0,multiply(X1,identity))),identity)))) [superposition 10579,15133]
18930. multiply(multiply(X2,multiply(multiply(identity,multiply(identity,multiply(identity,multiply(X0,identity)))),X1)),identity) = multiply(multiply(X2,identity),multiply(X0,multiply(X1,identity))) [superposition 10581,15133]
18931. multiply(multiply(multiply(multiply(identity,multiply(identity,multiply(identity,multiply(X0,identity)))),X1),X2),identity) = multiply(multiply(X0,multiply(X1,identity)),multiply(X2,identity)) [superposition 10581,15133]
19001. multiply(multiply(multiply(identity,multiply(identity,multiply(identity,multiply(X0,identity)))),multiply(identity,multiply(identity,multiply(identity,multiply(X0,identity))))),multiply(multiply(multiply(identity,multiply(identity,multiply(identity,multiply(X0,identity)))),identity),identity)) = multiply(X0,multiply(multiply(X0,multiply(multiply(identity,multiply(identity,multiply(identity,multiply(X0,identity)))),identity)),identity)) [forward demodulation 18902,15133]
19016. multiply(multiply(multiply(identity,multiply(identity,multiply(identity,multiply(X0,identity)))),multiply(identity,multiply(identity,multiply(identity,multiply(X0,identity))))),multiply(multiply(multiply(identity,multiply(identity,multiply(identity,multiply(X0,identity)))),X1),identity)) = multiply(X0,multiply(multiply(X0,multiply(multiply(identity,multiply(identity,multiply(identity,multiply(X0,identity)))),identity)),multiply(X1,identity))) [forward demodulation 18886,18931]
19040. multiply(identity,multiply(identity,multiply(multiply(multiply(identity,multiply(identity,multiply(identity,identity))),identity),identity))) = multiply(identity,multiply(identity,multiply(X0,multiply(multiply(multiply(X0,identity),multiply(multiply(X0,X0),identity)),identity)))) [forward demodulation 18862,10581]
19064. multiply(X0,multiply(multiply(multiply(multiply(identity,multiply(identity,multiply(identity,multiply(X0,identity)))),X1),multiply(multiply(X2,multiply(X2,X2)),multiply(multiply(X2,multiply(X2,X2)),multiply(X2,multiply(X2,X2))))),identity)) = multiply(multiply(multiply(multiply(identity,multiply(identity,multiply(identity,multiply(X0,identity)))),multiply(identity,multiply(identity,multiply(identity,multiply(X0,identity))))),multiply(multiply(identity,multiply(identity,multiply(identity,multiply(X0,identity)))),multiply(identity,multiply(identity,multiply(identity,multiply(X0,identity)))))),multiply(multiply(multiply(multiply(identity,multiply(identity,multiply(identity,multiply(X0,identity)))),multiply(identity,multiply(identity,multiply(identity,multiply(X0,identity))))),multiply(X1,X2)),identity)) [forward demodulation 18837,5117]
19112. multiply(multiply(multiply(identity,multiply(identity,multiply(identity,multiply(X0,identity)))),multiply(identity,multiply(identity,multiply(identity,multiply(X0,identity))))),multiply(multiply(multiply(identity,multiply(identity,multiply(identity,multiply(X0,identity)))),identity),identity)) = multiply(X0,multiply(multiply(X0,identity),multiply(X0,multiply(identity,identity)))) [forward demodulation 19001,18930]
19127. multiply(multiply(multiply(identity,multiply(identity,multiply(identity,multiply(X0,identity)))),multiply(identity,multiply(identity,multiply(identity,multiply(X0,identity))))),multiply(multiply(multiply(identity,multiply(identity,multiply(identity,multiply(X0,identity)))),X1),identity)) = multiply(X0,multiply(multiply(X0,multiply(identity,multiply(multiply(identity,multiply(identity,multiply(X0,identity))),identity))),multiply(X1,identity))) [forward demodulation 19016,302]
19151. multiply(identity,multiply(identity,multiply(multiply(multiply(identity,multiply(identity,multiply(identity,identity))),identity),identity))) = multiply(identity,multiply(identity,multiply(X0,multiply(multiply(multiply(X0,multiply(X0,X0)),identity),identity)))) [forward demodulation 19040,10581]
19175. multiply(X0,multiply(multiply(multiply(multiply(identity,multiply(identity,multiply(identity,multiply(X0,identity)))),X1),multiply(multiply(X2,multiply(X2,X2)),multiply(multiply(X2,multiply(X2,X2)),multiply(X2,multiply(X2,X2))))),identity)) = multiply(multiply(multiply(identity,multiply(identity,multiply(identity,multiply(X0,identity)))),multiply(identity,multiply(multiply(identity,multiply(identity,multiply(multiply(multiply(multiply(identity,multiply(identity,multiply(identity,multiply(X0,identity)))),X1),identity),identity))),X2))),identity) [forward demodulation 19064,6150]
19212. multiply(X0,multiply(multiply(X0,identity),multiply(X0,identity))) = multiply(multiply(multiply(identity,multiply(identity,multiply(identity,multiply(X0,identity)))),multiply(identity,multiply(identity,multiply(identity,multiply(X0,identity))))),multiply(multiply(multiply(identity,multiply(identity,multiply(identity,multiply(X0,identity)))),identity),identity)) [forward demodulation 19112,3]
19227. multiply(X0,multiply(multiply(X0,X0),multiply(X1,identity))) = multiply(multiply(multiply(identity,multiply(identity,multiply(identity,multiply(X0,identity)))),multiply(identity,multiply(identity,multiply(identity,multiply(X0,identity))))),multiply(multiply(multiply(identity,multiply(identity,multiply(identity,multiply(X0,identity)))),X1),identity)) [forward demodulation 19127,21]
19251. multiply(identity,multiply(identity,identity)) = multiply(identity,multiply(identity,multiply(X0,multiply(multiply(multiply(X0,multiply(X0,X0)),identity),identity)))) [forward demodulation 19151,146]
19275. multiply(X0,multiply(multiply(multiply(multiply(identity,multiply(identity,multiply(identity,multiply(X0,identity)))),X1),multiply(multiply(X2,multiply(X2,X2)),multiply(multiply(X2,multiply(X2,X2)),multiply(X2,multiply(X2,X2))))),identity)) = multiply(X0,multiply(multiply(identity,multiply(multiply(identity,multiply(identity,multiply(multiply(multiply(multiply(identity,multiply(identity,multiply(identity,multiply(X0,identity)))),X1),identity),identity))),X2)),identity)) [forward demodulation 19175,15133]
19308. multiply(X0,multiply(multiply(X0,identity),multiply(X0,identity))) = multiply(multiply(multiply(identity,multiply(identity,multiply(identity,multiply(X0,identity)))),multiply(identity,multiply(identity,multiply(identity,multiply(X0,identity))))),multiply(X0,multiply(identity,identity))) [forward demodulation 19212,15133]
19321. multiply(X0,multiply(multiply(X0,X0),multiply(X1,identity))) = multiply(multiply(multiply(identity,multiply(identity,multiply(identity,multiply(X0,identity)))),multiply(identity,multiply(identity,multiply(identity,multiply(X0,identity))))),multiply(X0,multiply(X1,identity))) [forward demodulation 19227,15133]
19342. multiply(identity,identity) = multiply(identity,multiply(identity,multiply(X0,multiply(multiply(multiply(X0,multiply(X0,X0)),identity),identity)))) [forward demodulation 19251,3]
19365. multiply(X0,multiply(multiply(multiply(multiply(identity,multiply(identity,multiply(identity,multiply(X0,identity)))),X1),multiply(multiply(X2,multiply(X2,X2)),multiply(multiply(X2,multiply(X2,X2)),multiply(X2,multiply(X2,X2))))),identity)) = multiply(X0,multiply(identity,multiply(multiply(multiply(identity,multiply(identity,multiply(multiply(multiply(multiply(identity,multiply(identity,multiply(identity,multiply(X0,identity)))),X1),identity),identity))),X2),identity))) [forward demodulation 19275,302]
19385. multiply(X0,multiply(multiply(X0,identity),multiply(X0,identity))) = multiply(multiply(multiply(identity,multiply(identity,multiply(identity,multiply(X0,identity)))),multiply(identity,multiply(identity,multiply(identity,multiply(X0,identity))))),multiply(X0,identity)) [forward demodulation 19308,3]
19397. multiply(X0,multiply(multiply(X0,X0),multiply(X1,identity))) = multiply(multiply(identity,multiply(identity,multiply(multiply(identity,multiply(X0,identity)),multiply(identity,multiply(X0,identity))))),multiply(X0,multiply(X1,identity))) [forward demodulation 19321,6015]
19416. identity = multiply(identity,multiply(identity,multiply(X0,multiply(multiply(multiply(X0,multiply(X0,X0)),identity),identity)))) [forward demodulation 19342,3]
19438. multiply(X0,multiply(multiply(multiply(multiply(identity,multiply(identity,multiply(identity,multiply(X0,identity)))),X1),multiply(multiply(X2,multiply(X2,X2)),multiply(multiply(X2,multiply(X2,X2)),multiply(X2,multiply(X2,X2))))),identity)) = multiply(X0,multiply(identity,multiply(multiply(multiply(identity,multiply(identity,multiply(multiply(X0,multiply(X1,identity)),multiply(identity,identity)))),X2),identity))) [forward demodulation 19365,18931]
19452. multiply(X0,multiply(multiply(X0,identity),multiply(X0,identity))) = multiply(multiply(identity,multiply(identity,multiply(multiply(identity,multiply(X0,identity)),multiply(identity,multiply(X0,identity))))),multiply(X0,identity)) [forward demodulation 19385,6015]
19462. multiply(X0,multiply(multiply(X0,X0),multiply(X1,identity))) = multiply(multiply(identity,multiply(identity,multiply(multiply(identity,identity),multiply(multiply(X0,identity),multiply(X0,identity))))),multiply(X0,multiply(X1,identity))) [forward demodulation 19397,12455]
19492. multiply(X0,multiply(multiply(multiply(multiply(identity,multiply(identity,multiply(identity,multiply(X0,identity)))),X1),multiply(multiply(X2,multiply(X2,X2)),multiply(multiply(X2,multiply(X2,X2)),multiply(X2,multiply(X2,X2))))),identity)) = multiply(X0,multiply(identity,multiply(multiply(multiply(identity,multiply(identity,multiply(multiply(X0,multiply(X1,identity)),identity))),X2),identity))) [forward demodulation 19438,3]
19504. multiply(X0,multiply(multiply(X0,identity),multiply(X0,identity))) = multiply(multiply(identity,multiply(identity,multiply(multiply(identity,identity),multiply(multiply(X0,identity),multiply(X0,identity))))),multiply(X0,identity)) [forward demodulation 19452,12455]
19513. multiply(X0,multiply(multiply(X0,X0),multiply(X1,identity))) = multiply(multiply(identity,multiply(identity,multiply(multiply(identity,identity),multiply(multiply(X0,X0),identity)))),multiply(X0,multiply(X1,identity))) [forward demodulation 19462,10581]
19537. multiply(X0,multiply(multiply(X0,multiply(X1,identity)),multiply(multiply(multiply(X2,multiply(X2,X2)),multiply(multiply(X2,multiply(X2,X2)),multiply(X2,multiply(X2,X2)))),identity))) = multiply(X0,multiply(identity,multiply(multiply(multiply(identity,multiply(identity,multiply(multiply(X0,multiply(X1,identity)),identity))),X2),identity))) [forward demodulation 19492,18931]
19548. multiply(X0,multiply(multiply(X0,X0),identity)) = multiply(multiply(identity,multiply(identity,multiply(multiply(identity,identity),multiply(multiply(X0,X0),identity)))),multiply(X0,identity)) [forward demodulation 19504,10581]
19554. multiply(X0,multiply(multiply(X0,X0),multiply(X1,identity))) = multiply(multiply(identity,multiply(identity,multiply(multiply(identity,multiply(X0,X0)),identity))),multiply(X0,multiply(X1,identity))) [forward demodulation 19513,9688]
19576. multiply(X0,multiply(multiply(X0,multiply(X1,identity)),multiply(multiply(identity,X2),identity))) = multiply(X0,multiply(identity,multiply(multiply(multiply(identity,multiply(identity,multiply(multiply(X0,multiply(X1,identity)),identity))),X2),identity))) [forward demodulation 19537,10450]
19581. multiply(X0,multiply(multiply(X0,X0),identity)) = multiply(multiply(identity,multiply(identity,multiply(multiply(identity,multiply(X0,X0)),identity))),multiply(X0,identity)) [forward demodulation 19548,9688]
19587. multiply(X0,multiply(multiply(X0,X0),multiply(X1,identity))) = multiply(multiply(identity,multiply(identity,multiply(identity,multiply(multiply(X0,X0),identity)))),multiply(X0,multiply(X1,identity))) [forward demodulation 19554,48]
19606. multiply(X0,multiply(multiply(X0,multiply(X1,identity)),multiply(identity,multiply(X2,identity)))) = multiply(X0,multiply(identity,multiply(multiply(multiply(identity,multiply(identity,multiply(multiply(X0,multiply(X1,identity)),identity))),X2),identity))) [forward demodulation 19576,302]
19611. multiply(X0,multiply(multiply(X0,X0),identity)) = multiply(multiply(multiply(identity,multiply(identity,multiply(identity,multiply(X0,X0)))),X0),identity) [forward demodulation 19581,15134]
19631. multiply(X0,multiply(multiply(X0,identity),multiply(multiply(X1,identity),multiply(X2,identity)))) = multiply(X0,multiply(identity,multiply(multiply(multiply(identity,multiply(identity,multiply(multiply(X0,multiply(X1,identity)),identity))),X2),identity))) [forward demodulation 19606,12455]
19651. multiply(X0,multiply(identity,multiply(multiply(multiply(identity,multiply(identity,multiply(multiply(X0,multiply(X1,identity)),identity))),X2),identity))) = multiply(X0,multiply(multiply(X0,identity),multiply(multiply(X1,X2),identity))) [forward demodulation 19631,10581]
19665. multiply(X0,multiply(identity,multiply(multiply(multiply(identity,multiply(identity,multiply(multiply(X0,multiply(X1,identity)),identity))),X2),identity))) = multiply(X0,multiply(multiply(X0,multiply(X1,X2)),identity)) [forward demodulation 19651,9688]
22202. identity = multiply(identity,multiply(multiply(identity,identity),multiply(identity,multiply(multiply(multiply(identity,multiply(X0,multiply(multiply(multiply(X0,multiply(X0,X0)),identity),identity))),identity),identity)))) [superposition 684,19416]
22255. identity = multiply(identity,multiply(multiply(identity,multiply(identity,multiply(multiply(identity,multiply(X0,multiply(multiply(multiply(X0,multiply(X0,X0)),identity),identity))),identity))),identity)) [forward demodulation 22202,10478]
22311. identity = multiply(identity,multiply(X0,multiply(multiply(multiply(X0,multiply(X0,X0)),identity),identity))) [forward demodulation 22255,21]
24469. identity = multiply(identity,multiply(multiply(identity,identity),multiply(identity,multiply(multiply(multiply(X0,multiply(multiply(multiply(X0,multiply(X0,X0)),identity),identity)),identity),identity)))) [superposition 684,22311]
24560. identity = multiply(identity,multiply(multiply(identity,multiply(identity,multiply(multiply(X0,multiply(multiply(multiply(X0,multiply(X0,X0)),identity),identity)),identity))),identity)) [forward demodulation 24469,10478]
24633. identity = multiply(X0,multiply(multiply(multiply(X0,multiply(X0,X0)),identity),identity)) [forward demodulation 24560,21]
26238. multiply(X0,multiply(multiply(X0,X0),multiply(identity,identity))) = multiply(multiply(X0,multiply(X0,X0)),identity) [superposition 2159,24633]
26239. multiply(identity,multiply(multiply(X0,multiply(X0,X0)),identity)) = multiply(identity,multiply(X0,multiply(multiply(X0,X0),multiply(identity,identity)))) [superposition 2023,24633]
26263. multiply(multiply(X0,X0),multiply(multiply(X0,multiply(identity,identity)),identity)) = multiply(multiply(multiply(X0,multiply(X0,X0)),identity),identity) [superposition 136,24633]
26315. multiply(identity,multiply(multiply(identity,identity),multiply(multiply(multiply(X0,multiply(multiply(X0,X0),multiply(multiply(multiply(multiply(identity,multiply(identity,identity)),identity),identity),identity))),identity),multiply(multiply(multiply(X0,multiply(multiply(X0,X0),multiply(multiply(multiply(multiply(identity,multiply(identity,identity)),identity),identity),identity))),identity),multiply(multiply(X0,multiply(multiply(X0,X0),multiply(multiply(multiply(multiply(identity,multiply(identity,identity)),identity),identity),identity))),identity))))) = X0 [superposition 32,24633]
26326. multiply(identity,multiply(multiply(identity,identity),multiply(multiply(multiply(X0,multiply(multiply(X0,X0),multiply(multiply(multiply(multiply(identity,multiply(identity,identity)),identity),identity),identity))),identity),multiply(multiply(multiply(X0,multiply(multiply(X0,X0),multiply(multiply(multiply(multiply(identity,multiply(identity,identity)),identity),identity),identity))),multiply(X0,multiply(multiply(X0,X0),multiply(multiply(multiply(multiply(identity,multiply(identity,identity)),identity),identity),identity)))),identity)))) = X0 [forward demodulation 26315,10581]
26371. multiply(multiply(X0,X0),multiply(multiply(X0,identity),identity)) = multiply(multiply(multiply(X0,multiply(X0,X0)),identity),identity) [forward demodulation 26263,3]
26395. multiply(identity,multiply(X0,multiply(multiply(X0,X0),identity))) = multiply(identity,multiply(multiply(X0,multiply(X0,X0)),identity)) [forward demodulation 26239,3]
26396. multiply(X0,multiply(multiply(X0,X0),identity)) = multiply(multiply(X0,multiply(X0,X0)),identity) [forward demodulation 26238,3]
26408. multiply(identity,multiply(multiply(identity,identity),multiply(multiply(multiply(X0,multiply(multiply(X0,X0),multiply(multiply(multiply(multiply(identity,multiply(identity,identity)),identity),identity),identity))),multiply(multiply(X0,multiply(multiply(X0,X0),multiply(multiply(multiply(multiply(identity,multiply(identity,identity)),identity),identity),identity))),multiply(X0,multiply(multiply(X0,X0),multiply(multiply(multiply(multiply(identity,multiply(identity,identity)),identity),identity),identity))))),identity))) = X0 [forward demodulation 26326,10581]
26482. multiply(identity,multiply(multiply(identity,multiply(multiply(X0,multiply(multiply(X0,X0),multiply(multiply(multiply(multiply(identity,multiply(identity,identity)),identity),identity),identity))),multiply(multiply(X0,multiply(multiply(X0,X0),multiply(multiply(multiply(multiply(identity,multiply(identity,identity)),identity),identity),identity))),multiply(X0,multiply(multiply(X0,X0),multiply(multiply(multiply(multiply(identity,multiply(identity,identity)),identity),identity),identity)))))),identity)) = X0 [forward demodulation 26408,9688]
26542. multiply(identity,multiply(identity,multiply(multiply(multiply(X0,multiply(multiply(X0,X0),multiply(multiply(multiply(multiply(identity,multiply(identity,identity)),identity),identity),identity))),multiply(multiply(X0,multiply(multiply(X0,X0),multiply(multiply(multiply(multiply(identity,multiply(identity,identity)),identity),identity),identity))),multiply(X0,multiply(multiply(X0,X0),multiply(multiply(multiply(multiply(identity,multiply(identity,identity)),identity),identity),identity))))),identity))) = X0 [forward demodulation 26482,48]
26589. multiply(identity,multiply(identity,multiply(multiply(X0,multiply(multiply(X0,X0),multiply(multiply(multiply(multiply(identity,multiply(identity,identity)),identity),identity),identity))),multiply(multiply(multiply(X0,multiply(multiply(X0,X0),multiply(multiply(multiply(multiply(identity,multiply(identity,identity)),identity),identity),identity))),multiply(X0,multiply(multiply(X0,X0),multiply(multiply(multiply(multiply(identity,multiply(identity,identity)),identity),identity),identity)))),identity)))) = X0 [forward demodulation 26542,26395]
26635. multiply(identity,multiply(identity,multiply(multiply(X0,multiply(multiply(X0,X0),multiply(multiply(multiply(identity,identity),multiply(multiply(identity,identity),identity)),identity))),multiply(multiply(multiply(X0,multiply(multiply(X0,X0),multiply(multiply(multiply(identity,identity),multiply(multiply(identity,identity),identity)),identity))),multiply(X0,multiply(multiply(X0,X0),multiply(multiply(multiply(identity,identity),multiply(multiply(identity,identity),identity)),identity)))),identity)))) = X0 [forward demodulation 26589,26371]
26675. multiply(identity,multiply(identity,multiply(multiply(X0,multiply(multiply(X0,X0),multiply(multiply(multiply(identity,multiply(identity,identity)),identity),identity))),multiply(multiply(multiply(X0,multiply(multiply(X0,X0),multiply(multiply(multiply(identity,multiply(identity,identity)),identity),identity))),multiply(X0,multiply(multiply(X0,X0),multiply(multiply(multiply(identity,multiply(identity,identity)),identity),identity)))),identity)))) = X0 [forward demodulation 26635,10581]
26708. multiply(identity,multiply(identity,multiply(multiply(X0,multiply(multiply(X0,X0),multiply(multiply(identity,identity),multiply(multiply(identity,identity),identity)))),multiply(multiply(multiply(X0,multiply(multiply(X0,X0),multiply(multiply(identity,identity),multiply(multiply(identity,identity),identity)))),multiply(X0,multiply(multiply(X0,X0),multiply(multiply(identity,identity),multiply(multiply(identity,identity),identity))))),identity)))) = X0 [forward demodulation 26675,26371]
26730. multiply(identity,multiply(identity,multiply(multiply(X0,multiply(multiply(X0,X0),multiply(multiply(identity,multiply(identity,identity)),identity))),multiply(multiply(multiply(X0,multiply(multiply(X0,X0),multiply(multiply(identity,multiply(identity,identity)),identity))),multiply(X0,multiply(multiply(X0,X0),multiply(multiply(identity,multiply(identity,identity)),identity)))),identity)))) = X0 [forward demodulation 26708,10581]
26746. multiply(identity,multiply(identity,multiply(multiply(X0,multiply(multiply(X0,X0),multiply(identity,multiply(multiply(identity,identity),identity)))),multiply(multiply(multiply(X0,multiply(multiply(X0,X0),multiply(identity,multiply(multiply(identity,identity),identity)))),multiply(X0,multiply(multiply(X0,X0),multiply(identity,multiply(multiply(identity,identity),identity))))),identity)))) = X0 [forward demodulation 26730,26396]
26759. multiply(identity,multiply(identity,multiply(multiply(X0,multiply(multiply(X0,X0),multiply(identity,multiply(identity,multiply(identity,identity))))),multiply(multiply(multiply(X0,multiply(multiply(X0,X0),multiply(identity,multiply(identity,multiply(identity,identity))))),multiply(X0,multiply(multiply(X0,X0),multiply(identity,multiply(identity,multiply(identity,identity)))))),identity)))) = X0 [forward demodulation 26746,48]
26770. multiply(identity,multiply(identity,multiply(multiply(X0,multiply(multiply(X0,X0),multiply(identity,multiply(identity,identity)))),multiply(multiply(multiply(X0,multiply(multiply(X0,X0),multiply(identity,multiply(identity,identity)))),multiply(X0,multiply(multiply(X0,X0),multiply(identity,multiply(identity,identity))))),identity)))) = X0 [forward demodulation 26759,3]
26779. multiply(identity,multiply(identity,multiply(multiply(X0,multiply(multiply(X0,X0),multiply(identity,identity))),multiply(multiply(multiply(X0,multiply(multiply(X0,X0),multiply(identity,identity))),multiply(X0,multiply(multiply(X0,X0),multiply(identity,identity)))),identity)))) = X0 [forward demodulation 26770,3]
26786. multiply(identity,multiply(identity,multiply(multiply(X0,multiply(multiply(X0,X0),identity)),multiply(multiply(multiply(X0,multiply(multiply(X0,X0),identity)),multiply(X0,multiply(multiply(X0,X0),identity))),identity)))) = X0 [forward demodulation 26779,3]
28760. multiply(X0,multiply(X0,X0)) = multiply(identity,multiply(identity,multiply(identity,multiply(multiply(X0,multiply(multiply(X0,X0),identity)),identity)))) [superposition 170,26396]
28775. multiply(X1,multiply(X0,multiply(X0,X0))) = multiply(identity,multiply(identity,multiply(identity,multiply(multiply(multiply(X1,identity),multiply(X0,multiply(multiply(X0,X0),identity))),identity)))) [superposition 10579,26396]
28778. multiply(multiply(X0,multiply(multiply(X0,X0),identity)),multiply(X1,identity)) = multiply(multiply(multiply(X0,multiply(X0,X0)),X1),identity) [superposition 10581,26396]
28791. identity = multiply(X1,multiply(multiply(X1,multiply(multiply(X1,X1),multiply(X0,multiply(X0,X0)))),multiply(multiply(multiply(identity,multiply(identity,multiply(X0,multiply(multiply(X0,X0),identity)))),multiply(identity,multiply(identity,identity))),multiply(multiply(multiply(identity,multiply(identity,multiply(X0,multiply(multiply(X0,X0),identity)))),multiply(identity,multiply(identity,identity))),multiply(multiply(identity,multiply(identity,multiply(X0,multiply(multiply(X0,X0),identity)))),multiply(identity,multiply(identity,identity))))))) [superposition 39,26396]
28838. identity = multiply(X1,multiply(multiply(X1,multiply(multiply(X1,X1),multiply(X0,multiply(X0,X0)))),multiply(multiply(multiply(identity,multiply(identity,multiply(X0,multiply(multiply(X0,X0),identity)))),multiply(identity,identity)),multiply(multiply(multiply(identity,multiply(identity,multiply(X0,multiply(multiply(X0,X0),identity)))),multiply(identity,identity)),multiply(multiply(identity,multiply(identity,multiply(X0,multiply(multiply(X0,X0),identity)))),multiply(identity,identity)))))) [forward demodulation 28791,3]
28848. multiply(X1,multiply(X0,multiply(X0,X0))) = multiply(X1,multiply(multiply(identity,multiply(identity,multiply(identity,multiply(X0,identity)))),multiply(X0,X0))) [forward demodulation 28775,18928]
28861. multiply(X0,multiply(X0,X0)) = multiply(multiply(identity,multiply(identity,multiply(identity,multiply(X0,identity)))),multiply(X0,X0)) [forward demodulation 28760,18913]
28898. identity = multiply(X1,multiply(multiply(X1,multiply(multiply(X1,X1),multiply(X0,multiply(X0,X0)))),multiply(multiply(multiply(identity,multiply(identity,multiply(X0,multiply(multiply(X0,X0),identity)))),identity),multiply(multiply(multiply(identity,multiply(identity,multiply(X0,multiply(multiply(X0,X0),identity)))),identity),multiply(multiply(identity,multiply(identity,multiply(X0,multiply(multiply(X0,X0),identity)))),identity))))) [forward demodulation 28838,3]
28941. identity = multiply(X1,multiply(multiply(X1,multiply(multiply(X1,X1),multiply(X0,multiply(X0,X0)))),multiply(multiply(multiply(identity,multiply(identity,multiply(X0,multiply(multiply(X0,X0),identity)))),identity),multiply(multiply(multiply(identity,multiply(identity,multiply(X0,multiply(multiply(X0,X0),identity)))),multiply(identity,multiply(identity,multiply(X0,multiply(multiply(X0,X0),identity))))),identity)))) [forward demodulation 28898,10581]
28976. identity = multiply(X1,multiply(multiply(X1,multiply(multiply(X1,X1),multiply(X0,multiply(X0,X0)))),multiply(multiply(multiply(identity,multiply(identity,multiply(X0,multiply(multiply(X0,X0),identity)))),multiply(multiply(identity,multiply(identity,multiply(X0,multiply(multiply(X0,X0),identity)))),multiply(identity,multiply(identity,multiply(X0,multiply(multiply(X0,X0),identity)))))),identity))) [forward demodulation 28941,10581]
29002. identity = multiply(X1,multiply(multiply(X1,multiply(multiply(X1,X1),multiply(X0,multiply(X0,X0)))),multiply(multiply(identity,multiply(identity,multiply(X0,multiply(multiply(X0,X0),identity)))),multiply(multiply(multiply(identity,multiply(identity,multiply(X0,multiply(multiply(X0,X0),identity)))),multiply(identity,multiply(identity,multiply(X0,multiply(multiply(X0,X0),identity))))),identity)))) [forward demodulation 28976,26396]
29021. identity = multiply(X1,multiply(multiply(X1,multiply(multiply(X1,X1),multiply(X0,multiply(X0,X0)))),multiply(identity,multiply(identity,multiply(multiply(X0,multiply(multiply(X0,X0),identity)),multiply(multiply(multiply(X0,multiply(multiply(X0,X0),identity)),multiply(X0,multiply(multiply(X0,X0),identity))),identity)))))) [forward demodulation 29002,8844]
29032. identity = multiply(X1,multiply(multiply(X1,multiply(multiply(X1,X1),multiply(X0,multiply(X0,X0)))),X0)) [forward demodulation 29021,26786]
31805. multiply(identity,multiply(multiply(multiply(identity,identity),multiply(identity,identity)),multiply(multiply(multiply(multiply(identity,identity),multiply(identity,identity)),multiply(multiply(identity,identity),multiply(identity,identity))),multiply(X0,X1)))) = multiply(identity,multiply(multiply(identity,multiply(multiply(identity,identity),X0)),multiply(multiply(multiply(multiply(X1,multiply(X1,X1)),multiply(multiply(X1,multiply(X1,X1)),multiply(X1,multiply(X1,X1)))),multiply(multiply(multiply(X1,multiply(X1,X1)),multiply(multiply(X1,multiply(X1,X1)),multiply(X1,multiply(X1,X1)))),multiply(multiply(X1,multiply(X1,X1)),multiply(multiply(X1,multiply(X1,X1)),multiply(X1,multiply(X1,X1)))))),multiply(multiply(multiply(multiply(X1,multiply(X1,X1)),multiply(multiply(X1,multiply(X1,X1)),multiply(X1,multiply(X1,X1)))),multiply(multiply(multiply(X1,multiply(X1,X1)),multiply(multiply(X1,multiply(X1,X1)),multiply(X1,multiply(X1,X1)))),multiply(multiply(X1,multiply(X1,X1)),multiply(multiply(X1,multiply(X1,X1)),multiply(X1,multiply(X1,X1)))))),multiply(multiply(multiply(X1,multiply(X1,X1)),multiply(multiply(X1,multiply(X1,X1)),multiply(X1,multiply(X1,X1)))),multiply(multiply(multiply(X1,multiply(X1,X1)),multiply(multiply(X1,multiply(X1,X1)),multiply(X1,multiply(X1,X1)))),multiply(multiply(X1,multiply(X1,X1)),multiply(multiply(X1,multiply(X1,X1)),multiply(X1,multiply(X1,X1)))))))))) [superposition 6,104]
31822. multiply(identity,multiply(multiply(multiply(identity,identity),multiply(identity,identity)),multiply(multiply(multiply(multiply(identity,identity),multiply(identity,identity)),multiply(multiply(identity,identity),multiply(identity,identity))),multiply(X0,X1)))) = multiply(identity,multiply(identity,multiply(multiply(multiply(identity,multiply(identity,multiply(multiply(identity,multiply(multiply(identity,identity),X0)),identity))),identity),multiply(multiply(X1,multiply(X1,X1)),multiply(multiply(X1,multiply(X1,X1)),multiply(X1,multiply(X1,X1))))))) [forward demodulation 31805,124]
32043. multiply(identity,multiply(multiply(multiply(identity,identity),multiply(identity,identity)),multiply(multiply(multiply(multiply(identity,identity),multiply(identity,identity)),multiply(multiply(identity,identity),multiply(identity,identity))),multiply(X0,X1)))) = multiply(identity,multiply(identity,multiply(identity,multiply(multiply(multiply(identity,multiply(identity,multiply(multiply(multiply(identity,multiply(identity,multiply(multiply(identity,multiply(multiply(identity,identity),X0)),identity))),identity),identity))),identity),X1)))) [forward demodulation 31822,124]
32256. multiply(identity,multiply(multiply(multiply(identity,identity),multiply(identity,identity)),multiply(multiply(multiply(multiply(identity,identity),multiply(identity,identity)),multiply(multiply(identity,identity),multiply(identity,identity))),multiply(X0,X1)))) = multiply(identity,multiply(identity,multiply(identity,multiply(multiply(identity,multiply(multiply(identity,multiply(multiply(multiply(identity,multiply(identity,multiply(multiply(identity,multiply(multiply(identity,identity),X0)),identity))),identity),identity)),identity)),X1)))) [forward demodulation 32043,302]
32468. multiply(identity,multiply(multiply(multiply(identity,identity),multiply(identity,identity)),multiply(multiply(multiply(multiply(identity,identity),multiply(identity,identity)),multiply(multiply(identity,identity),multiply(identity,identity))),multiply(X0,X1)))) = multiply(identity,multiply(identity,multiply(identity,multiply(multiply(identity,multiply(identity,multiply(multiply(multiply(multiply(identity,multiply(identity,multiply(multiply(identity,multiply(multiply(identity,identity),X0)),identity))),identity),identity),identity))),X1)))) [forward demodulation 32256,48]
32672. multiply(identity,multiply(multiply(multiply(identity,identity),multiply(identity,identity)),multiply(multiply(multiply(multiply(identity,identity),multiply(identity,identity)),multiply(multiply(identity,identity),multiply(identity,identity))),multiply(X0,X1)))) = multiply(identity,multiply(multiply(identity,multiply(multiply(identity,multiply(identity,multiply(multiply(identity,multiply(multiply(identity,identity),X0)),identity))),identity)),multiply(identity,multiply(identity,X1)))) [forward demodulation 32468,4232]
32861. multiply(identity,multiply(multiply(multiply(identity,identity),multiply(identity,identity)),multiply(multiply(multiply(multiply(identity,identity),multiply(identity,identity)),multiply(multiply(identity,identity),multiply(identity,identity))),multiply(X0,X1)))) = multiply(identity,multiply(identity,multiply(multiply(multiply(identity,multiply(identity,multiply(multiply(identity,multiply(multiply(identity,identity),X0)),identity))),identity),multiply(identity,X1)))) [forward demodulation 32672,14712]
33039. multiply(identity,multiply(multiply(multiply(identity,identity),multiply(identity,identity)),multiply(multiply(multiply(multiply(identity,identity),multiply(identity,identity)),multiply(multiply(identity,identity),multiply(identity,identity))),multiply(X0,X1)))) = multiply(identity,multiply(identity,multiply(multiply(identity,multiply(multiply(identity,multiply(multiply(identity,multiply(multiply(identity,identity),X0)),identity)),identity)),multiply(identity,X1)))) [forward demodulation 32861,302]
33185. multiply(identity,multiply(multiply(multiply(identity,identity),multiply(identity,identity)),multiply(multiply(multiply(multiply(identity,identity),multiply(identity,identity)),multiply(multiply(identity,identity),multiply(identity,identity))),multiply(X0,X1)))) = multiply(identity,multiply(identity,multiply(multiply(identity,multiply(identity,multiply(multiply(multiply(identity,multiply(multiply(identity,identity),X0)),identity),identity))),multiply(identity,X1)))) [forward demodulation 33039,48]
33295. multiply(identity,multiply(multiply(multiply(identity,identity),multiply(identity,identity)),multiply(multiply(multiply(multiply(identity,identity),multiply(identity,identity)),multiply(multiply(identity,identity),multiply(identity,identity))),multiply(X0,X1)))) = multiply(multiply(identity,multiply(identity,multiply(multiply(identity,identity),X0))),multiply(identity,multiply(identity,multiply(identity,X1)))) [forward demodulation 33185,4232]
33379. multiply(identity,multiply(multiply(identity,identity),multiply(multiply(multiply(identity,identity),multiply(identity,identity)),multiply(X0,X1)))) = multiply(multiply(identity,multiply(identity,multiply(identity,X0))),multiply(identity,multiply(identity,multiply(identity,X1)))) [forward demodulation 33295,3]
33436. multiply(identity,multiply(multiply(identity,identity),multiply(multiply(multiply(identity,identity),multiply(identity,identity)),multiply(X0,X1)))) = multiply(identity,multiply(identity,multiply(multiply(identity,X0),multiply(identity,X1)))) [forward demodulation 33379,6015]
33472. multiply(identity,multiply(identity,multiply(multiply(identity,identity),multiply(X0,X1)))) = multiply(identity,multiply(identity,multiply(multiply(identity,X0),multiply(identity,X1)))) [forward demodulation 33436,9549]
33495. multiply(identity,multiply(identity,multiply(identity,multiply(X0,X1)))) = multiply(identity,multiply(identity,multiply(multiply(identity,X0),multiply(identity,X1)))) [forward demodulation 33472,3]
34659. multiply(X0,multiply(multiply(X2,multiply(multiply(X4,multiply(X4,X4)),multiply(multiply(X4,multiply(X4,X4)),multiply(X4,multiply(X4,X4))))),identity)) = multiply(multiply(multiply(multiply(identity,multiply(identity,multiply(identity,multiply(X0,identity)))),multiply(identity,multiply(identity,multiply(identity,multiply(X0,identity))))),multiply(multiply(multiply(multiply(identity,multiply(identity,multiply(identity,multiply(X0,identity)))),multiply(identity,multiply(identity,multiply(identity,multiply(X0,identity))))),multiply(multiply(identity,multiply(identity,multiply(identity,multiply(X0,identity)))),multiply(identity,multiply(identity,multiply(identity,multiply(X0,identity)))))),multiply(multiply(multiply(multiply(identity,multiply(identity,multiply(identity,multiply(X0,identity)))),multiply(multiply(multiply(identity,multiply(identity,multiply(identity,multiply(X0,identity)))),multiply(identity,multiply(identity,multiply(identity,multiply(X0,identity))))),X1)),multiply(multiply(multiply(X2,multiply(multiply(X2,X2),multiply(X1,X3))),multiply(X3,multiply(X3,X3))),multiply(multiply(multiply(X2,multiply(multiply(X2,X2),multiply(X1,X3))),multiply(X3,multiply(X3,X3))),multiply(multiply(X2,multiply(multiply(X2,X2),multiply(X1,X3))),multiply(X3,multiply(X3,X3)))))),X4))),identity) [superposition 15133,228]
34758. multiply(X0,multiply(multiply(X2,multiply(multiply(X4,multiply(X4,X4)),multiply(multiply(X4,multiply(X4,X4)),multiply(X4,multiply(X4,X4))))),identity)) = multiply(multiply(multiply(multiply(identity,multiply(identity,multiply(identity,multiply(X0,identity)))),multiply(identity,multiply(identity,multiply(identity,multiply(X0,identity))))),multiply(multiply(identity,multiply(identity,multiply(identity,multiply(X0,identity)))),multiply(identity,multiply(identity,multiply(identity,multiply(X0,identity)))))),multiply(multiply(multiply(multiply(identity,multiply(identity,multiply(identity,multiply(X0,identity)))),multiply(identity,multiply(identity,multiply(identity,multiply(X0,identity))))),multiply(multiply(multiply(multiply(identity,multiply(identity,multiply(identity,multiply(X0,identity)))),multiply(multiply(multiply(identity,multiply(identity,multiply(identity,multiply(X0,identity)))),multiply(identity,multiply(identity,multiply(identity,multiply(X0,identity))))),X1)),multiply(multiply(multiply(X2,multiply(multiply(X2,X2),multiply(X1,X3))),multiply(X3,multiply(X3,X3))),multiply(multiply(multiply(X2,multiply(multiply(X2,X2),multiply(X1,X3))),multiply(X3,multiply(X3,X3))),multiply(multiply(X2,multiply(multiply(X2,X2),multiply(X1,X3))),multiply(X3,multiply(X3,X3)))))),X4)),identity)) [forward demodulation 34659,5117]
35229. multiply(X0,multiply(multiply(X2,multiply(multiply(X4,multiply(X4,X4)),multiply(multiply(X4,multiply(X4,X4)),multiply(X4,multiply(X4,X4))))),identity)) = multiply(multiply(multiply(identity,multiply(identity,multiply(identity,multiply(X0,identity)))),multiply(identity,multiply(multiply(identity,multiply(identity,multiply(multiply(multiply(multiply(identity,multiply(identity,multiply(identity,multiply(X0,identity)))),multiply(multiply(multiply(identity,multiply(identity,multiply(identity,multiply(X0,identity)))),multiply(multiply(multiply(identity,multiply(identity,multiply(identity,multiply(X0,identity)))),multiply(identity,multiply(identity,multiply(identity,multiply(X0,identity))))),X1)),multiply(multiply(multiply(X2,multiply(multiply(X2,X2),multiply(X1,X3))),multiply(X3,multiply(X3,X3))),multiply(multiply(multiply(X2,multiply(multiply(X2,X2),multiply(X1,X3))),multiply(X3,multiply(X3,X3))),multiply(multiply(X2,multiply(multiply(X2,X2),multiply(X1,X3))),multiply(X3,multiply(X3,X3))))))),identity),identity))),X4))),identity) [forward demodulation 34758,6150]
35690. multiply(X0,multiply(multiply(X2,multiply(multiply(X4,multiply(X4,X4)),multiply(multiply(X4,multiply(X4,X4)),multiply(X4,multiply(X4,X4))))),identity)) = multiply(X0,multiply(multiply(identity,multiply(multiply(identity,multiply(identity,multiply(multiply(multiply(multiply(identity,multiply(identity,multiply(identity,multiply(X0,identity)))),multiply(multiply(multiply(identity,multiply(identity,multiply(identity,multiply(X0,identity)))),multiply(multiply(multiply(identity,multiply(identity,multiply(identity,multiply(X0,identity)))),multiply(identity,multiply(identity,multiply(identity,multiply(X0,identity))))),X1)),multiply(multiply(multiply(X2,multiply(multiply(X2,X2),multiply(X1,X3))),multiply(X3,multiply(X3,X3))),multiply(multiply(multiply(X2,multiply(multiply(X2,X2),multiply(X1,X3))),multiply(X3,multiply(X3,X3))),multiply(multiply(X2,multiply(multiply(X2,X2),multiply(X1,X3))),multiply(X3,multiply(X3,X3))))))),identity),identity))),X4)),identity)) [forward demodulation 35229,15133]
36124. multiply(X0,multiply(multiply(X2,multiply(multiply(X4,multiply(X4,X4)),multiply(multiply(X4,multiply(X4,X4)),multiply(X4,multiply(X4,X4))))),identity)) = multiply(X0,multiply(identity,multiply(multiply(multiply(identity,multiply(identity,multiply(multiply(multiply(multiply(identity,multiply(identity,multiply(identity,multiply(X0,identity)))),multiply(multiply(multiply(identity,multiply(identity,multiply(identity,multiply(X0,identity)))),multiply(multiply(multiply(identity,multiply(identity,multiply(identity,multiply(X0,identity)))),multiply(identity,multiply(identity,multiply(identity,multiply(X0,identity))))),X1)),multiply(multiply(multiply(X2,multiply(multiply(X2,X2),multiply(X1,X3))),multiply(X3,multiply(X3,X3))),multiply(multiply(multiply(X2,multiply(multiply(X2,X2),multiply(X1,X3))),multiply(X3,multiply(X3,X3))),multiply(multiply(X2,multiply(multiply(X2,X2),multiply(X1,X3))),multiply(X3,multiply(X3,X3))))))),identity),identity))),X4),identity))) [forward demodulation 35690,302]
36528. multiply(X0,multiply(multiply(X2,multiply(multiply(X4,multiply(X4,X4)),multiply(multiply(X4,multiply(X4,X4)),multiply(X4,multiply(X4,X4))))),identity)) = multiply(X0,multiply(identity,multiply(multiply(multiply(identity,multiply(identity,multiply(multiply(X0,multiply(multiply(multiply(multiply(identity,multiply(identity,multiply(identity,multiply(X0,identity)))),multiply(multiply(multiply(identity,multiply(identity,multiply(identity,multiply(X0,identity)))),multiply(identity,multiply(identity,multiply(identity,multiply(X0,identity))))),X1)),multiply(multiply(multiply(X2,multiply(multiply(X2,X2),multiply(X1,X3))),multiply(X3,multiply(X3,X3))),multiply(multiply(multiply(X2,multiply(multiply(X2,X2),multiply(X1,X3))),multiply(X3,multiply(X3,X3))),multiply(multiply(X2,multiply(multiply(X2,X2),multiply(X1,X3))),multiply(X3,multiply(X3,X3)))))),identity)),multiply(identity,identity)))),X4),identity))) [forward demodulation 36124,18931]
36863. multiply(X0,multiply(multiply(X2,multiply(multiply(X4,multiply(X4,X4)),multiply(multiply(X4,multiply(X4,X4)),multiply(X4,multiply(X4,X4))))),identity)) = multiply(X0,multiply(identity,multiply(multiply(multiply(identity,multiply(identity,multiply(multiply(X0,multiply(multiply(multiply(multiply(identity,multiply(identity,multiply(identity,multiply(X0,identity)))),multiply(multiply(multiply(identity,multiply(identity,multiply(identity,multiply(X0,identity)))),multiply(identity,multiply(identity,multiply(identity,multiply(X0,identity))))),X1)),multiply(multiply(multiply(X2,multiply(multiply(X2,X2),multiply(X1,X3))),multiply(X3,multiply(X3,X3))),multiply(multiply(multiply(X2,multiply(multiply(X2,X2),multiply(X1,X3))),multiply(X3,multiply(X3,X3))),multiply(multiply(X2,multiply(multiply(X2,X2),multiply(X1,X3))),multiply(X3,multiply(X3,X3)))))),identity)),identity))),X4),identity))) [forward demodulation 36528,3]
37127. multiply(X0,multiply(multiply(X2,multiply(multiply(X4,multiply(X4,X4)),multiply(multiply(X4,multiply(X4,X4)),multiply(X4,multiply(X4,X4))))),identity)) = multiply(X0,multiply(multiply(X0,multiply(multiply(multiply(multiply(identity,multiply(identity,multiply(identity,multiply(X0,identity)))),multiply(multiply(multiply(identity,multiply(identity,multiply(identity,multiply(X0,identity)))),multiply(identity,multiply(identity,multiply(identity,multiply(X0,identity))))),X1)),multiply(multiply(multiply(X2,multiply(multiply(X2,X2),multiply(X1,X3))),multiply(X3,multiply(X3,X3))),multiply(multiply(multiply(X2,multiply(multiply(X2,X2),multiply(X1,X3))),multiply(X3,multiply(X3,X3))),multiply(multiply(X2,multiply(multiply(X2,X2),multiply(X1,X3))),multiply(X3,multiply(X3,X3)))))),X4)),identity)) [forward demodulation 36863,19665]
37323. multiply(X0,multiply(multiply(X2,multiply(multiply(X4,multiply(X4,X4)),multiply(multiply(X4,multiply(X4,X4)),multiply(X4,multiply(X4,X4))))),identity)) = multiply(X0,multiply(multiply(X0,multiply(multiply(multiply(multiply(identity,multiply(identity,multiply(identity,multiply(X0,identity)))),multiply(identity,multiply(identity,multiply(identity,multiply(X0,identity))))),multiply(multiply(multiply(identity,multiply(identity,multiply(identity,multiply(X0,identity)))),multiply(X2,identity)),identity)),X4)),identity)) [forward demodulation 37127,279]
37456. multiply(X0,multiply(multiply(X2,multiply(multiply(X4,multiply(X4,X4)),multiply(multiply(X4,multiply(X4,X4)),multiply(X4,multiply(X4,X4))))),identity)) = multiply(X0,multiply(multiply(X0,multiply(multiply(multiply(multiply(identity,multiply(identity,multiply(identity,multiply(X0,identity)))),multiply(identity,multiply(identity,multiply(identity,multiply(X0,identity))))),multiply(X0,multiply(multiply(X2,identity),identity))),X4)),identity)) [forward demodulation 37323,15133]
37550. multiply(X0,multiply(multiply(X2,multiply(multiply(X4,multiply(X4,X4)),multiply(multiply(X4,multiply(X4,X4)),multiply(X4,multiply(X4,X4))))),identity)) = multiply(X0,multiply(multiply(X0,multiply(multiply(multiply(identity,multiply(identity,multiply(multiply(identity,multiply(X0,identity)),multiply(identity,multiply(X0,identity))))),multiply(X0,multiply(multiply(X2,identity),identity))),X4)),identity)) [forward demodulation 37456,6015]
37619. multiply(X0,multiply(multiply(X2,multiply(multiply(X4,multiply(X4,X4)),multiply(multiply(X4,multiply(X4,X4)),multiply(X4,multiply(X4,X4))))),identity)) = multiply(X0,multiply(multiply(X0,multiply(multiply(multiply(identity,multiply(identity,multiply(identity,multiply(multiply(X0,identity),multiply(X0,identity))))),multiply(X0,multiply(multiply(X2,identity),identity))),X4)),identity)) [forward demodulation 37550,33495]
37673. multiply(X0,multiply(multiply(X2,multiply(multiply(X4,multiply(X4,X4)),multiply(multiply(X4,multiply(X4,X4)),multiply(X4,multiply(X4,X4))))),identity)) = multiply(X0,multiply(multiply(X0,multiply(multiply(multiply(identity,multiply(identity,multiply(identity,multiply(multiply(X0,X0),identity)))),multiply(X0,multiply(multiply(X2,identity),identity))),X4)),identity)) [forward demodulation 37619,10581]
37714. multiply(X0,multiply(multiply(X2,multiply(multiply(X4,multiply(X4,X4)),multiply(multiply(X4,multiply(X4,X4)),multiply(X4,multiply(X4,X4))))),identity)) = multiply(X0,multiply(multiply(X0,multiply(multiply(X0,multiply(multiply(X0,X0),multiply(multiply(X2,identity),identity))),X4)),identity)) [forward demodulation 37673,19587]
37746. multiply(X0,multiply(multiply(X2,multiply(multiply(X4,multiply(X4,X4)),multiply(multiply(X4,multiply(X4,X4)),multiply(X4,multiply(X4,X4))))),identity)) = multiply(X0,multiply(identity,multiply(multiply(identity,multiply(identity,multiply(multiply(multiply(X2,identity),identity),identity))),multiply(X4,identity)))) [forward demodulation 37714,12200]
37768. multiply(X0,multiply(multiply(X2,multiply(multiply(X4,multiply(X4,X4)),multiply(multiply(X4,multiply(X4,X4)),multiply(X4,multiply(X4,X4))))),identity)) = multiply(X0,multiply(multiply(X2,identity),multiply(identity,multiply(X4,identity)))) [forward demodulation 37746,12493]
37780. multiply(X0,multiply(multiply(X2,multiply(multiply(X4,multiply(X4,X4)),multiply(multiply(X4,multiply(X4,X4)),multiply(X4,multiply(X4,X4))))),identity)) = multiply(X0,multiply(multiply(X2,multiply(identity,X4)),identity)) [forward demodulation 37768,11817]
37789. multiply(X0,multiply(multiply(X2,multiply(identity,X4)),identity)) = multiply(X0,multiply(multiply(identity,multiply(multiply(identity,multiply(identity,multiply(multiply(X2,identity),identity))),X4)),identity)) [forward demodulation 37780,4005]
37798. multiply(X0,multiply(multiply(X2,multiply(identity,X4)),identity)) = multiply(X0,multiply(identity,multiply(multiply(multiply(identity,multiply(identity,multiply(multiply(X2,identity),identity))),X4),identity))) [forward demodulation 37789,302]
37844. multiply(identity,multiply(identity,multiply(identity,multiply(X0,identity)))) = multiply(X1,multiply(multiply(X1,multiply(multiply(X1,X1),identity)),multiply(multiply(multiply(multiply(identity,multiply(identity,multiply(identity,multiply(X0,identity)))),multiply(multiply(multiply(identity,multiply(identity,multiply(identity,multiply(X0,identity)))),identity),X0)),identity),multiply(multiply(multiply(multiply(identity,multiply(identity,multiply(identity,multiply(X0,identity)))),multiply(multiply(multiply(identity,multiply(identity,multiply(identity,multiply(X0,identity)))),identity),X0)),identity),multiply(multiply(multiply(identity,multiply(identity,multiply(identity,multiply(X0,identity)))),multiply(multiply(multiply(identity,multiply(identity,multiply(identity,multiply(X0,identity)))),identity),X0)),identity))))) [superposition 14,16724]
37850. multiply(X0,multiply(multiply(X0,X0),multiply(multiply(X0,identity),X1))) = multiply(identity,multiply(identity,multiply(identity,multiply(multiply(identity,multiply(identity,multiply(identity,multiply(X1,identity)))),identity)))) [superposition 2694,16724]
37994. multiply(X0,multiply(multiply(X0,X0),multiply(multiply(X0,identity),X1))) = multiply(identity,multiply(identity,multiply(identity,multiply(identity,multiply(multiply(identity,multiply(identity,multiply(X1,identity))),identity))))) [forward demodulation 37850,48]
38000. multiply(identity,multiply(identity,multiply(identity,multiply(X0,identity)))) = multiply(X1,multiply(multiply(X1,multiply(multiply(X1,X1),identity)),multiply(multiply(multiply(multiply(identity,multiply(identity,multiply(identity,multiply(X0,identity)))),multiply(multiply(multiply(identity,multiply(identity,multiply(identity,multiply(X0,identity)))),identity),X0)),identity),multiply(multiply(multiply(multiply(identity,multiply(identity,multiply(identity,multiply(X0,identity)))),multiply(multiply(multiply(identity,multiply(identity,multiply(identity,multiply(X0,identity)))),identity),X0)),multiply(multiply(identity,multiply(identity,multiply(identity,multiply(X0,identity)))),multiply(multiply(multiply(identity,multiply(identity,multiply(identity,multiply(X0,identity)))),identity),X0))),identity)))) [forward demodulation 37844,10581]
38069. multiply(identity,multiply(identity,multiply(identity,X1))) = multiply(X0,multiply(multiply(X0,X0),multiply(multiply(X0,identity),X1))) [forward demodulation 37994,21]
38074. multiply(identity,multiply(identity,multiply(identity,multiply(X0,identity)))) = multiply(X1,multiply(multiply(X1,multiply(multiply(X1,X1),identity)),multiply(multiply(multiply(multiply(identity,multiply(identity,multiply(identity,multiply(X0,identity)))),multiply(multiply(multiply(identity,multiply(identity,multiply(identity,multiply(X0,identity)))),identity),X0)),multiply(multiply(multiply(identity,multiply(identity,multiply(identity,multiply(X0,identity)))),multiply(multiply(multiply(identity,multiply(identity,multiply(identity,multiply(X0,identity)))),identity),X0)),multiply(multiply(identity,multiply(identity,multiply(identity,multiply(X0,identity)))),multiply(multiply(multiply(identity,multiply(identity,multiply(identity,multiply(X0,identity)))),identity),X0)))),identity))) [forward demodulation 38000,10581]
38136. multiply(identity,multiply(identity,multiply(identity,multiply(X0,identity)))) = multiply(X1,multiply(multiply(multiply(X1,multiply(X1,X1)),multiply(multiply(multiply(identity,multiply(identity,multiply(identity,multiply(X0,identity)))),multiply(multiply(multiply(identity,multiply(identity,multiply(identity,multiply(X0,identity)))),identity),X0)),multiply(multiply(multiply(identity,multiply(identity,multiply(identity,multiply(X0,identity)))),multiply(multiply(multiply(identity,multiply(identity,multiply(identity,multiply(X0,identity)))),identity),X0)),multiply(multiply(identity,multiply(identity,multiply(identity,multiply(X0,identity)))),multiply(multiply(multiply(identity,multiply(identity,multiply(identity,multiply(X0,identity)))),identity),X0))))),identity)) [forward demodulation 38074,28778]
38185. multiply(identity,multiply(identity,multiply(identity,multiply(X0,identity)))) = multiply(X1,multiply(multiply(multiply(X1,multiply(X1,X1)),multiply(multiply(multiply(identity,multiply(identity,multiply(identity,multiply(X0,identity)))),multiply(multiply(identity,multiply(multiply(identity,multiply(identity,multiply(X0,identity))),identity)),X0)),multiply(multiply(multiply(identity,multiply(identity,multiply(identity,multiply(X0,identity)))),multiply(multiply(identity,multiply(multiply(identity,multiply(identity,multiply(X0,identity))),identity)),X0)),multiply(multiply(identity,multiply(identity,multiply(identity,multiply(X0,identity)))),multiply(multiply(identity,multiply(multiply(identity,multiply(identity,multiply(X0,identity))),identity)),X0))))),identity)) [forward demodulation 38136,302]
38224. multiply(identity,multiply(identity,multiply(identity,multiply(X0,identity)))) = multiply(X1,multiply(multiply(multiply(X1,multiply(X1,X1)),multiply(multiply(multiply(identity,multiply(identity,multiply(identity,multiply(X0,identity)))),multiply(X0,X0)),multiply(multiply(multiply(identity,multiply(identity,multiply(identity,multiply(X0,identity)))),multiply(X0,X0)),multiply(multiply(identity,multiply(identity,multiply(identity,multiply(X0,identity)))),multiply(X0,X0))))),identity)) [forward demodulation 38185,21]
38252. multiply(identity,multiply(identity,multiply(identity,multiply(X0,identity)))) = multiply(X1,multiply(multiply(multiply(X1,multiply(X1,X1)),multiply(multiply(multiply(identity,multiply(identity,multiply(identity,multiply(X0,identity)))),multiply(X0,X0)),multiply(multiply(multiply(identity,multiply(identity,multiply(identity,multiply(X0,identity)))),multiply(X0,X0)),multiply(X0,multiply(X0,X0))))),identity)) [forward demodulation 38224,28848]
38275. multiply(identity,multiply(identity,multiply(identity,multiply(X0,identity)))) = multiply(X1,multiply(multiply(multiply(X1,multiply(X1,X1)),multiply(multiply(X0,multiply(X0,X0)),multiply(multiply(X0,multiply(X0,X0)),multiply(X0,multiply(X0,X0))))),identity)) [forward demodulation 38252,28861]
38292. multiply(identity,multiply(identity,multiply(identity,multiply(X0,identity)))) = multiply(X1,multiply(multiply(identity,multiply(multiply(identity,multiply(identity,multiply(multiply(multiply(X1,multiply(X1,X1)),identity),identity))),X0)),identity)) [forward demodulation 38275,4005]
38304. multiply(identity,multiply(identity,multiply(identity,multiply(X0,identity)))) = multiply(X1,multiply(identity,multiply(multiply(multiply(identity,multiply(identity,multiply(multiply(multiply(X1,multiply(X1,X1)),identity),identity))),X0),identity))) [forward demodulation 38292,302]
38313. multiply(identity,multiply(identity,multiply(identity,multiply(X0,identity)))) = multiply(X1,multiply(multiply(multiply(X1,multiply(X1,X1)),multiply(identity,X0)),identity)) [forward demodulation 38304,37798]
38543. multiply(multiply(identity,X0),identity) = multiply(identity,multiply(identity,multiply(multiply(multiply(identity,multiply(multiply(identity,identity),identity)),multiply(multiply(multiply(X0,multiply(multiply(X0,X0),identity)),identity),multiply(multiply(multiply(X0,multiply(multiply(X0,X0),identity)),identity),multiply(multiply(X0,multiply(multiply(X0,X0),identity)),identity)))),identity))) [superposition 416,117]
38547. multiply(identity,multiply(identity,multiply(multiply(multiply(identity,multiply(identity,multiply(multiply(identity,X0),identity))),identity),X1))) = multiply(identity,multiply(identity,multiply(multiply(multiply(identity,multiply(identity,multiply(multiply(identity,identity),identity))),multiply(multiply(multiply(multiply(multiply(X0,multiply(multiply(X0,X0),identity)),identity),multiply(multiply(multiply(X0,multiply(multiply(X0,X0),identity)),identity),multiply(multiply(X0,multiply(multiply(X0,X0),identity)),identity))),multiply(multiply(multiply(multiply(X0,multiply(multiply(X0,X0),identity)),identity),multiply(multiply(multiply(X0,multiply(multiply(X0,X0),identity)),identity),multiply(multiply(X0,multiply(multiply(X0,X0),identity)),identity))),multiply(multiply(multiply(X0,multiply(multiply(X0,X0),identity)),identity),multiply(multiply(multiply(X0,multiply(multiply(X0,X0),identity)),identity),multiply(multiply(X0,multiply(multiply(X0,X0),identity)),identity))))),multiply(multiply(multiply(multiply(multiply(X0,multiply(multiply(X0,X0),identity)),identity),multiply(multiply(multiply(X0,multiply(multiply(X0,X0),identity)),identity),multiply(multiply(X0,multiply(multiply(X0,X0),identity)),identity))),multiply(multiply(multiply(multiply(X0,multiply(multiply(X0,X0),identity)),identity),multiply(multiply(multiply(X0,multiply(multiply(X0,X0),identity)),identity),multiply(multiply(X0,multiply(multiply(X0,X0),identity)),identity))),multiply(multiply(multiply(X0,multiply(multiply(X0,X0),identity)),identity),multiply(multiply(multiply(X0,multiply(multiply(X0,X0),identity)),identity),multiply(multiply(X0,multiply(multiply(X0,X0),identity)),identity))))),multiply(multiply(multiply(multiply(X0,multiply(multiply(X0,X0),identity)),identity),multiply(multiply(multiply(X0,multiply(multiply(X0,X0),identity)),identity),multiply(multiply(X0,multiply(multiply(X0,X0),identity)),identity))),multiply(multiply(multiply(multiply(X0,multiply(multiply(X0,X0),identity)),identity),multiply(multiply(multiply(X0,multiply(multiply(X0,X0),identity)),identity),multiply(multiply(X0,multiply(multiply(X0,X0),identity)),identity))),multiply(multiply(multiply(X0,multiply(multiply(X0,X0),identity)),identity),multiply(multiply(multiply(X0,multiply(multiply(X0,X0),identity)),identity),multiply(multiply(X0,multiply(multiply(X0,X0),identity)),identity)))))))),X1))) [superposition 132,117]
38555. identity = multiply(multiply(identity,multiply(multiply(identity,identity),identity)),multiply(multiply(multiply(identity,multiply(multiply(identity,identity),identity)),multiply(identity,multiply(multiply(identity,identity),identity))),multiply(identity,multiply(multiply(multiply(multiply(identity,X0),multiply(multiply(multiply(multiply(X0,multiply(multiply(X0,X0),identity)),identity),multiply(multiply(multiply(X0,multiply(multiply(X0,X0),identity)),identity),multiply(multiply(X0,multiply(multiply(X0,X0),identity)),identity))),multiply(multiply(multiply(multiply(X0,multiply(multiply(X0,X0),identity)),identity),multiply(multiply(multiply(X0,multiply(multiply(X0,X0),identity)),identity),multiply(multiply(X0,multiply(multiply(X0,X0),identity)),identity))),multiply(multiply(multiply(X0,multiply(multiply(X0,X0),identity)),identity),multiply(multiply(multiply(X0,multiply(multiply(X0,X0),identity)),identity),multiply(multiply(X0,multiply(multiply(X0,X0),identity)),identity)))))),identity),identity)))) [superposition 684,117]
38558. identity = multiply(multiply(identity,multiply(multiply(identity,identity),identity)),multiply(multiply(multiply(identity,multiply(multiply(identity,identity),identity)),identity),multiply(multiply(identity,multiply(multiply(identity,identity),identity)),multiply(multiply(multiply(multiply(identity,X0),multiply(multiply(multiply(multiply(X0,multiply(multiply(X0,X0),identity)),identity),multiply(multiply(multiply(X0,multiply(multiply(X0,X0),identity)),identity),multiply(multiply(X0,multiply(multiply(X0,X0),identity)),identity))),multiply(multiply(multiply(multiply(X0,multiply(multiply(X0,X0),identity)),identity),multiply(multiply(multiply(X0,multiply(multiply(X0,X0),identity)),identity),multiply(multiply(X0,multiply(multiply(X0,X0),identity)),identity))),multiply(multiply(multiply(X0,multiply(multiply(X0,X0),identity)),identity),multiply(multiply(multiply(X0,multiply(multiply(X0,X0),identity)),identity),multiply(multiply(X0,multiply(multiply(X0,X0),identity)),identity)))))),identity),identity)))) [forward demodulation 38555,12455]
38566. multiply(identity,multiply(identity,multiply(multiply(multiply(identity,multiply(identity,multiply(multiply(identity,X0),identity))),identity),X1))) = multiply(identity,multiply(identity,multiply(multiply(identity,multiply(multiply(identity,multiply(identity,multiply(multiply(multiply(identity,multiply(identity,multiply(multiply(identity,identity),identity))),identity),identity))),multiply(multiply(multiply(X0,multiply(multiply(X0,X0),identity)),identity),multiply(multiply(multiply(X0,multiply(multiply(X0,X0),identity)),identity),multiply(multiply(X0,multiply(multiply(X0,X0),identity)),identity))))),X1))) [forward demodulation 38547,3566]
38569. multiply(multiply(identity,X0),identity) = multiply(identity,multiply(identity,multiply(multiply(multiply(identity,multiply(multiply(identity,identity),identity)),multiply(multiply(multiply(X0,multiply(multiply(X0,X0),identity)),identity),multiply(multiply(multiply(X0,multiply(multiply(X0,X0),identity)),multiply(X0,multiply(multiply(X0,X0),identity))),identity))),identity))) [forward demodulation 38543,10581]
38767. identity = multiply(multiply(identity,multiply(multiply(identity,identity),identity)),multiply(multiply(multiply(identity,multiply(multiply(identity,identity),identity)),identity),multiply(multiply(multiply(identity,multiply(identity,identity)),multiply(multiply(multiply(identity,X0),multiply(multiply(multiply(multiply(X0,multiply(multiply(X0,X0),identity)),identity),multiply(multiply(multiply(X0,multiply(multiply(X0,X0),identity)),identity),multiply(multiply(X0,multiply(multiply(X0,X0),identity)),identity))),multiply(multiply(multiply(multiply(X0,multiply(multiply(X0,X0),identity)),identity),multiply(multiply(multiply(X0,multiply(multiply(X0,X0),identity)),identity),multiply(multiply(X0,multiply(multiply(X0,X0),identity)),identity))),multiply(multiply(multiply(X0,multiply(multiply(X0,X0),identity)),identity),multiply(multiply(multiply(X0,multiply(multiply(X0,X0),identity)),identity),multiply(multiply(X0,multiply(multiply(X0,X0),identity)),identity)))))),identity)),identity))) [forward demodulation 38558,28778]
38775. multiply(identity,multiply(identity,multiply(multiply(multiply(identity,multiply(identity,multiply(multiply(identity,X0),identity))),identity),X1))) = multiply(identity,multiply(identity,multiply(multiply(identity,multiply(multiply(identity,multiply(identity,multiply(multiply(multiply(identity,multiply(identity,multiply(multiply(identity,identity),identity))),identity),identity))),multiply(multiply(multiply(X0,multiply(multiply(X0,X0),identity)),identity),multiply(multiply(multiply(X0,multiply(multiply(X0,X0),identity)),multiply(X0,multiply(multiply(X0,X0),identity))),identity)))),X1))) [forward demodulation 38566,10581]
38778. multiply(multiply(identity,X0),identity) = multiply(identity,multiply(identity,multiply(multiply(multiply(identity,multiply(multiply(identity,identity),identity)),multiply(multiply(multiply(X0,multiply(multiply(X0,X0),identity)),multiply(multiply(X0,multiply(multiply(X0,X0),identity)),multiply(X0,multiply(multiply(X0,X0),identity)))),identity)),identity))) [forward demodulation 38569,10581]
38976. identity = multiply(multiply(identity,multiply(multiply(identity,identity),identity)),multiply(multiply(multiply(identity,multiply(multiply(identity,identity),identity)),multiply(multiply(identity,multiply(identity,identity)),multiply(multiply(multiply(identity,X0),multiply(multiply(multiply(multiply(X0,multiply(multiply(X0,X0),identity)),identity),multiply(multiply(multiply(X0,multiply(multiply(X0,X0),identity)),identity),multiply(multiply(X0,multiply(multiply(X0,X0),identity)),identity))),multiply(multiply(multiply(multiply(X0,multiply(multiply(X0,X0),identity)),identity),multiply(multiply(multiply(X0,multiply(multiply(X0,X0),identity)),identity),multiply(multiply(X0,multiply(multiply(X0,X0),identity)),identity))),multiply(multiply(multiply(X0,multiply(multiply(X0,X0),identity)),identity),multiply(multiply(multiply(X0,multiply(multiply(X0,X0),identity)),identity),multiply(multiply(X0,multiply(multiply(X0,X0),identity)),identity)))))),identity))),identity)) [forward demodulation 38767,9688]
38984. multiply(identity,multiply(identity,multiply(multiply(multiply(identity,multiply(identity,multiply(multiply(identity,X0),identity))),identity),X1))) = multiply(identity,multiply(identity,multiply(multiply(identity,multiply(multiply(identity,multiply(identity,multiply(multiply(multiply(identity,multiply(identity,multiply(multiply(identity,identity),identity))),identity),identity))),multiply(multiply(multiply(X0,multiply(multiply(X0,X0),identity)),multiply(multiply(X0,multiply(multiply(X0,X0),identity)),multiply(X0,multiply(multiply(X0,X0),identity)))),identity))),X1))) [forward demodulation 38775,10581]
38987. multiply(multiply(identity,X0),identity) = multiply(identity,multiply(identity,multiply(multiply(multiply(multiply(identity,multiply(identity,identity)),multiply(multiply(X0,multiply(multiply(X0,X0),identity)),multiply(multiply(X0,multiply(multiply(X0,X0),identity)),multiply(X0,multiply(multiply(X0,X0),identity))))),identity),identity))) [forward demodulation 38778,28778]
39185. identity = multiply(multiply(multiply(identity,multiply(identity,identity)),multiply(multiply(identity,multiply(multiply(identity,identity),identity)),multiply(multiply(identity,multiply(identity,identity)),multiply(multiply(multiply(identity,X0),multiply(multiply(multiply(multiply(X0,multiply(multiply(X0,X0),identity)),identity),multiply(multiply(multiply(X0,multiply(multiply(X0,X0),identity)),identity),multiply(multiply(X0,multiply(multiply(X0,X0),identity)),identity))),multiply(multiply(multiply(multiply(X0,multiply(multiply(X0,X0),identity)),identity),multiply(multiply(multiply(X0,multiply(multiply(X0,X0),identity)),identity),multiply(multiply(X0,multiply(multiply(X0,X0),identity)),identity))),multiply(multiply(multiply(X0,multiply(multiply(X0,X0),identity)),identity),multiply(multiply(multiply(X0,multiply(multiply(X0,X0),identity)),identity),multiply(multiply(X0,multiply(multiply(X0,X0),identity)),identity)))))),identity)))),identity) [forward demodulation 38976,28778]
39192. multiply(identity,multiply(identity,multiply(multiply(multiply(identity,multiply(identity,multiply(multiply(identity,X0),identity))),identity),X1))) = multiply(identity,multiply(identity,multiply(multiply(identity,multiply(multiply(multiply(identity,multiply(identity,multiply(multiply(identity,multiply(identity,multiply(multiply(identity,identity),identity))),identity))),multiply(multiply(X0,multiply(multiply(X0,X0),identity)),multiply(multiply(X0,multiply(multiply(X0,X0),identity)),multiply(X0,multiply(multiply(X0,X0),identity))))),identity)),X1))) [forward demodulation 38984,15134]
39195. multiply(multiply(identity,X0),identity) = multiply(identity,multiply(identity,multiply(multiply(multiply(multiply(identity,identity),multiply(multiply(X0,multiply(multiply(X0,X0),identity)),multiply(multiply(X0,multiply(multiply(X0,X0),identity)),multiply(X0,multiply(multiply(X0,X0),identity))))),identity),identity))) [forward demodulation 38987,3]
39373. identity = multiply(multiply(multiply(identity,multiply(identity,identity)),multiply(multiply(identity,multiply(multiply(identity,identity),identity)),multiply(multiply(multiply(identity,identity),multiply(multiply(identity,X0),multiply(multiply(multiply(multiply(X0,multiply(multiply(X0,X0),identity)),identity),multiply(multiply(multiply(X0,multiply(multiply(X0,X0),identity)),identity),multiply(multiply(X0,multiply(multiply(X0,X0),identity)),identity))),multiply(multiply(multiply(multiply(X0,multiply(multiply(X0,X0),identity)),identity),multiply(multiply(multiply(X0,multiply(multiply(X0,X0),identity)),identity),multiply(multiply(X0,multiply(multiply(X0,X0),identity)),identity))),multiply(multiply(multiply(X0,multiply(multiply(X0,X0),identity)),identity),multiply(multiply(multiply(X0,multiply(multiply(X0,X0),identity)),identity),multiply(multiply(X0,multiply(multiply(X0,X0),identity)),identity))))))),identity))),identity) [forward demodulation 39185,11813]
39380. multiply(identity,multiply(identity,multiply(multiply(multiply(identity,multiply(identity,multiply(multiply(identity,X0),identity))),identity),X1))) = multiply(identity,multiply(identity,multiply(multiply(identity,multiply(multiply(multiply(multiply(identity,identity),multiply(identity,multiply(identity,identity))),multiply(multiply(X0,multiply(multiply(X0,X0),identity)),multiply(multiply(X0,multiply(multiply(X0,X0),identity)),multiply(X0,multiply(multiply(X0,X0),identity))))),identity)),X1))) [forward demodulation 39192,4232]
39383. multiply(multiply(identity,X0),identity) = multiply(identity,multiply(identity,multiply(multiply(multiply(identity,multiply(multiply(X0,multiply(multiply(X0,X0),identity)),multiply(multiply(X0,multiply(multiply(X0,X0),identity)),multiply(X0,multiply(multiply(X0,X0),identity))))),identity),identity))) [forward demodulation 39195,3]
39542. identity = multiply(multiply(multiply(identity,multiply(identity,identity)),multiply(multiply(multiply(identity,multiply(identity,identity)),multiply(multiply(identity,identity),multiply(multiply(identity,X0),multiply(multiply(multiply(multiply(X0,multiply(multiply(X0,X0),identity)),identity),multiply(multiply(multiply(X0,multiply(multiply(X0,X0),identity)),identity),multiply(multiply(X0,multiply(multiply(X0,X0),identity)),identity))),multiply(multiply(multiply(multiply(X0,multiply(multiply(X0,X0),identity)),identity),multiply(multiply(multiply(X0,multiply(multiply(X0,X0),identity)),identity),multiply(multiply(X0,multiply(multiply(X0,X0),identity)),identity))),multiply(multiply(multiply(X0,multiply(multiply(X0,X0),identity)),identity),multiply(multiply(multiply(X0,multiply(multiply(X0,X0),identity)),identity),multiply(multiply(X0,multiply(multiply(X0,X0),identity)),identity)))))))),identity)),identity) [forward demodulation 39373,10474]
39549. multiply(identity,multiply(identity,multiply(multiply(multiply(identity,multiply(identity,multiply(multiply(identity,X0),identity))),identity),X1))) = multiply(identity,multiply(identity,multiply(multiply(identity,multiply(multiply(multiply(multiply(identity,multiply(identity,identity)),identity),multiply(multiply(X0,multiply(multiply(X0,X0),identity)),multiply(multiply(X0,multiply(multiply(X0,X0),identity)),multiply(X0,multiply(multiply(X0,X0),identity))))),identity)),X1))) [forward demodulation 39380,11817]
39552. multiply(multiply(identity,X0),identity) = multiply(multiply(X0,multiply(multiply(X0,X0),identity)),multiply(multiply(X0,multiply(multiply(X0,X0),identity)),multiply(X0,multiply(multiply(X0,X0),identity)))) [forward demodulation 39383,178]
39691. identity = multiply(multiply(multiply(multiply(identity,identity),multiply(multiply(identity,multiply(identity,identity)),multiply(multiply(identity,identity),multiply(multiply(identity,X0),multiply(multiply(multiply(multiply(X0,multiply(multiply(X0,X0),identity)),identity),multiply(multiply(multiply(X0,multiply(multiply(X0,X0),identity)),identity),multiply(multiply(X0,multiply(multiply(X0,X0),identity)),identity))),multiply(multiply(multiply(multiply(X0,multiply(multiply(X0,X0),identity)),identity),multiply(multiply(multiply(X0,multiply(multiply(X0,X0),identity)),identity),multiply(multiply(X0,multiply(multiply(X0,X0),identity)),identity))),multiply(multiply(multiply(X0,multiply(multiply(X0,X0),identity)),identity),multiply(multiply(multiply(X0,multiply(multiply(X0,X0),identity)),identity),multiply(multiply(X0,multiply(multiply(X0,X0),identity)),identity))))))))),identity),identity) [forward demodulation 39542,11813]
39698. multiply(identity,multiply(identity,multiply(multiply(multiply(identity,multiply(identity,multiply(multiply(identity,X0),identity))),identity),X1))) = multiply(identity,multiply(identity,multiply(multiply(identity,multiply(multiply(multiply(identity,multiply(multiply(identity,identity),identity)),multiply(multiply(X0,multiply(multiply(X0,X0),identity)),multiply(multiply(X0,multiply(multiply(X0,X0),identity)),multiply(X0,multiply(multiply(X0,X0),identity))))),identity)),X1))) [forward demodulation 39549,26396]
39701. multiply(identity,multiply(X0,identity)) = multiply(multiply(X0,multiply(multiply(X0,X0),identity)),multiply(multiply(X0,multiply(multiply(X0,X0),identity)),multiply(X0,multiply(multiply(X0,X0),identity)))) [forward demodulation 39552,302]
39825. identity = multiply(multiply(multiply(multiply(identity,identity),multiply(multiply(identity,multiply(identity,identity)),multiply(multiply(multiply(identity,identity),multiply(identity,identity)),multiply(multiply(multiply(multiply(identity,identity),multiply(identity,identity)),multiply(multiply(identity,identity),multiply(identity,identity))),multiply(multiply(multiply(multiply(identity,identity),multiply(multiply(multiply(identity,identity),multiply(identity,identity)),multiply(multiply(identity,X0),identity))),identity),multiply(multiply(X0,multiply(multiply(X0,X0),identity)),identity)))))),identity),identity) [forward demodulation 39691,87]
39832. multiply(identity,multiply(identity,multiply(multiply(multiply(identity,multiply(identity,multiply(multiply(identity,X0),identity))),identity),X1))) = multiply(identity,multiply(identity,multiply(multiply(identity,multiply(multiply(multiply(identity,multiply(identity,multiply(identity,identity))),multiply(multiply(X0,multiply(multiply(X0,X0),identity)),multiply(multiply(X0,multiply(multiply(X0,X0),identity)),multiply(X0,multiply(multiply(X0,X0),identity))))),identity)),X1))) [forward demodulation 39698,48]
39939. identity = multiply(multiply(multiply(multiply(identity,identity),multiply(multiply(identity,multiply(identity,identity)),multiply(multiply(identity,identity),multiply(identity,multiply(multiply(identity,multiply(identity,multiply(multiply(multiply(multiply(identity,identity),multiply(multiply(multiply(identity,identity),multiply(multiply(multiply(identity,identity),multiply(identity,identity)),multiply(multiply(identity,X0),identity))),identity)),identity),identity))),multiply(multiply(X0,multiply(multiply(X0,X0),identity)),identity)))))),identity),identity) [forward demodulation 39825,6765]
39946. multiply(identity,multiply(identity,multiply(multiply(multiply(identity,multiply(identity,multiply(multiply(identity,X0),identity))),identity),X1))) = multiply(identity,multiply(identity,multiply(multiply(identity,multiply(multiply(multiply(identity,multiply(identity,multiply(identity,identity))),multiply(identity,multiply(X0,identity))),identity)),X1))) [forward demodulation 39832,39701]
40032. identity = multiply(multiply(multiply(multiply(identity,identity),multiply(multiply(identity,multiply(identity,identity)),multiply(multiply(identity,identity),multiply(multiply(multiply(identity,identity),identity),multiply(multiply(multiply(multiply(identity,identity),multiply(multiply(multiply(identity,identity),multiply(identity,identity)),multiply(multiply(identity,X0),identity))),identity),multiply(multiply(X0,multiply(multiply(X0,X0),identity)),identity)))))),identity),identity) [forward demodulation 39939,9807]
40038. multiply(identity,multiply(identity,multiply(multiply(multiply(identity,multiply(identity,multiply(multiply(identity,X0),identity))),identity),X1))) = multiply(identity,multiply(identity,multiply(multiply(identity,multiply(multiply(multiply(identity,multiply(identity,identity)),multiply(identity,multiply(X0,identity))),identity)),X1))) [forward demodulation 39946,3]
40101. identity = multiply(multiply(multiply(multiply(identity,identity),multiply(multiply(identity,multiply(identity,identity)),multiply(multiply(identity,identity),multiply(multiply(multiply(identity,identity),identity),multiply(multiply(multiply(multiply(identity,identity),multiply(multiply(multiply(identity,identity),multiply(identity,identity)),multiply(multiply(identity,X0),identity))),multiply(X0,multiply(multiply(X0,X0),identity))),identity))))),identity),identity) [forward demodulation 40032,10581]
40104. multiply(identity,multiply(identity,multiply(multiply(multiply(identity,multiply(identity,multiply(multiply(identity,X0),identity))),identity),X1))) = multiply(identity,multiply(identity,multiply(multiply(identity,multiply(identity,multiply(identity,multiply(multiply(X0,identity),identity)))),X1))) [forward demodulation 40038,38313]
40154. identity = multiply(multiply(multiply(multiply(identity,identity),multiply(multiply(identity,multiply(identity,identity)),multiply(multiply(identity,identity),multiply(multiply(multiply(identity,identity),multiply(multiply(multiply(identity,identity),multiply(multiply(multiply(identity,identity),multiply(identity,identity)),multiply(multiply(identity,X0),identity))),multiply(X0,multiply(multiply(X0,X0),identity)))),identity)))),identity),identity) [forward demodulation 40101,9688]
40157. multiply(identity,multiply(identity,multiply(X0,X1))) = multiply(identity,multiply(identity,multiply(multiply(multiply(identity,multiply(identity,multiply(multiply(identity,X0),identity))),identity),X1))) [forward demodulation 40104,170]
40195. identity = multiply(multiply(multiply(multiply(identity,identity),multiply(multiply(identity,multiply(identity,identity)),multiply(multiply(identity,identity),multiply(identity,multiply(multiply(identity,multiply(identity,multiply(multiply(multiply(identity,X0),identity),identity))),multiply(multiply(X0,multiply(multiply(X0,X0),identity)),identity)))))),identity),identity) [forward demodulation 40154,12200]
40197. multiply(identity,multiply(identity,multiply(X0,X1))) = multiply(identity,multiply(identity,multiply(multiply(identity,multiply(multiply(identity,multiply(multiply(identity,X0),identity)),identity)),X1))) [forward demodulation 40157,302]
40221. identity = multiply(multiply(multiply(multiply(identity,identity),multiply(multiply(identity,multiply(identity,identity)),multiply(multiply(identity,identity),multiply(multiply(identity,X0),multiply(identity,multiply(multiply(X0,multiply(multiply(X0,X0),identity)),identity)))))),identity),identity) [forward demodulation 40195,12493]
40222. multiply(identity,multiply(identity,multiply(X0,X1))) = multiply(identity,multiply(identity,multiply(multiply(identity,multiply(identity,multiply(multiply(multiply(identity,X0),identity),identity))),X1))) [forward demodulation 40197,48]
40237. identity = multiply(multiply(multiply(multiply(identity,identity),multiply(multiply(identity,multiply(identity,identity)),multiply(multiply(identity,identity),multiply(multiply(identity,X0),multiply(identity,multiply(multiply(X0,X0),multiply(multiply(X0,identity),identity))))))),identity),identity) [forward demodulation 40221,5117]
40238. multiply(identity,multiply(identity,multiply(X0,X1))) = multiply(multiply(identity,multiply(identity,X0)),multiply(identity,multiply(identity,X1))) [forward demodulation 40222,4232]
40250. identity = multiply(multiply(multiply(identity,multiply(multiply(identity,identity),multiply(identity,multiply(multiply(identity,X0),multiply(identity,multiply(multiply(X0,X0),multiply(multiply(X0,identity),identity))))))),identity),identity) [forward demodulation 40237,3]
40259. identity = multiply(multiply(multiply(identity,identity),multiply(multiply(identity,multiply(identity,multiply(multiply(identity,X0),multiply(identity,multiply(multiply(X0,X0),multiply(multiply(X0,identity),identity)))))),identity)),identity) [forward demodulation 40250,5117]
40267. identity = multiply(multiply(multiply(identity,multiply(identity,multiply(identity,multiply(multiply(identity,X0),multiply(identity,multiply(multiply(X0,X0),multiply(multiply(X0,identity),identity))))))),identity),identity) [forward demodulation 40259,10581]
40274. identity = multiply(multiply(identity,multiply(multiply(identity,multiply(identity,multiply(multiply(identity,X0),multiply(identity,multiply(multiply(X0,X0),multiply(multiply(X0,identity),identity)))))),identity)),identity) [forward demodulation 40267,302]
40280. identity = multiply(identity,multiply(multiply(multiply(identity,multiply(identity,multiply(multiply(identity,X0),multiply(identity,multiply(multiply(X0,X0),multiply(multiply(X0,identity),identity)))))),identity),identity)) [forward demodulation 40274,302]
40286. identity = multiply(identity,multiply(multiply(identity,multiply(multiply(identity,multiply(multiply(identity,X0),multiply(identity,multiply(multiply(X0,X0),multiply(multiply(X0,identity),identity))))),identity)),identity)) [forward demodulation 40280,302]
40291. identity = multiply(identity,multiply(identity,multiply(multiply(multiply(identity,multiply(multiply(identity,X0),multiply(identity,multiply(multiply(X0,X0),multiply(multiply(X0,identity),identity))))),identity),identity))) [forward demodulation 40286,48]
40294. identity = multiply(multiply(identity,X0),multiply(identity,multiply(multiply(X0,X0),multiply(multiply(X0,identity),identity)))) [forward demodulation 40291,178]
43329. multiply(multiply(identity,multiply(identity,X1)),multiply(identity,X0)) = multiply(identity,multiply(identity,multiply(X1,multiply(identity,multiply(identity,multiply(multiply(X0,identity),identity)))))) [superposition 40238,170]
43783. multiply(multiply(identity,multiply(identity,X1)),multiply(identity,X0)) = multiply(identity,multiply(multiply(identity,X1),X0)) [forward demodulation 43329,17848]
48380. multiply(identity,multiply(X0,X2)) = multiply(multiply(identity,X0),multiply(identity,X2)) [superposition 43783,243]
48388. multiply(identity,multiply(multiply(identity,multiply(identity,multiply(multiply(X0,identity),identity))),X1)) = multiply(X0,multiply(identity,X1)) [superposition 43783,170]
48475. multiply(X0,multiply(multiply(identity,X1),identity)) = multiply(multiply(identity,multiply(multiply(identity,multiply(identity,multiply(X0,identity))),X1)),identity) [superposition 15133,43783]
48485. multiply(X0,multiply(multiply(multiply(X0,X0),multiply(multiply(multiply(X0,X0),multiply(X0,X0)),multiply(X1,identity))),multiply(multiply(X2,multiply(X2,X2)),multiply(multiply(X2,multiply(X2,X2)),multiply(X2,multiply(X2,X2)))))) = multiply(multiply(X0,X0),multiply(multiply(multiply(X0,X0),multiply(X0,X0)),multiply(multiply(multiply(X0,X1),multiply(multiply(identity,multiply(identity,identity)),multiply(identity,multiply(multiply(identity,identity),multiply(identity,identity))))),X2))) [superposition 89,43783]
48811. multiply(X0,multiply(multiply(multiply(X0,X0),multiply(multiply(multiply(X0,X0),multiply(X0,X0)),multiply(X1,identity))),multiply(multiply(X2,multiply(X2,X2)),multiply(multiply(X2,multiply(X2,X2)),multiply(X2,multiply(X2,X2)))))) = multiply(X0,multiply(multiply(X0,identity),multiply(multiply(multiply(X0,X1),multiply(multiply(identity,multiply(identity,identity)),multiply(identity,multiply(multiply(identity,identity),multiply(identity,identity))))),X2))) [forward demodulation 48485,9549]
48819. multiply(X0,multiply(multiply(identity,X1),identity)) = multiply(identity,multiply(multiply(multiply(identity,multiply(identity,multiply(X0,identity))),X1),identity)) [forward demodulation 48475,302]
49054. multiply(X0,multiply(multiply(multiply(X0,X0),multiply(multiply(multiply(X0,X0),multiply(X0,X0)),multiply(X1,identity))),multiply(multiply(X2,multiply(X2,X2)),multiply(multiply(X2,multiply(X2,X2)),multiply(X2,multiply(X2,X2)))))) = multiply(X0,multiply(multiply(X0,identity),multiply(multiply(multiply(X0,X1),multiply(identity,multiply(multiply(identity,identity),multiply(multiply(identity,identity),multiply(identity,identity))))),X2))) [forward demodulation 48811,48380]
49061. multiply(X0,multiply(identity,multiply(X1,identity))) = multiply(identity,multiply(multiply(multiply(identity,multiply(identity,multiply(X0,identity))),X1),identity)) [forward demodulation 48819,302]
49276. multiply(X0,multiply(multiply(multiply(X0,X0),multiply(multiply(multiply(X0,X0),multiply(X0,X0)),multiply(X1,identity))),multiply(multiply(X2,multiply(X2,X2)),multiply(multiply(X2,multiply(X2,X2)),multiply(X2,multiply(X2,X2)))))) = multiply(X0,multiply(multiply(X0,identity),multiply(multiply(multiply(X0,X1),multiply(identity,multiply(identity,multiply(identity,multiply(identity,identity))))),X2))) [forward demodulation 49054,38069]
49473. multiply(X0,multiply(multiply(multiply(X0,X0),multiply(multiply(multiply(X0,X0),multiply(X0,X0)),multiply(X1,identity))),multiply(multiply(X2,multiply(X2,X2)),multiply(multiply(X2,multiply(X2,X2)),multiply(X2,multiply(X2,X2)))))) = multiply(X0,multiply(multiply(X0,identity),multiply(multiply(multiply(X0,X1),multiply(identity,multiply(identity,multiply(identity,identity)))),X2))) [forward demodulation 49276,3]
49639. multiply(X0,multiply(multiply(multiply(X0,X0),multiply(multiply(multiply(X0,X0),multiply(X0,X0)),multiply(X1,identity))),multiply(multiply(X2,multiply(X2,X2)),multiply(multiply(X2,multiply(X2,X2)),multiply(X2,multiply(X2,X2)))))) = multiply(X0,multiply(multiply(X0,identity),multiply(multiply(multiply(X0,X1),multiply(identity,multiply(identity,identity))),X2))) [forward demodulation 49473,3]
49776. multiply(X0,multiply(multiply(multiply(X0,X0),multiply(multiply(multiply(X0,X0),multiply(X0,X0)),multiply(X1,identity))),multiply(multiply(X2,multiply(X2,X2)),multiply(multiply(X2,multiply(X2,X2)),multiply(X2,multiply(X2,X2)))))) = multiply(X0,multiply(multiply(X0,identity),multiply(multiply(multiply(X0,X1),multiply(identity,identity)),X2))) [forward demodulation 49639,3]
49884. multiply(X0,multiply(multiply(X0,identity),multiply(multiply(multiply(X0,X1),identity),X2))) = multiply(X0,multiply(multiply(multiply(X0,X0),multiply(multiply(multiply(X0,X0),multiply(X0,X0)),multiply(X1,identity))),multiply(multiply(X2,multiply(X2,X2)),multiply(multiply(X2,multiply(X2,X2)),multiply(X2,multiply(X2,X2)))))) [forward demodulation 49776,3]
49955. multiply(X0,multiply(multiply(X0,identity),multiply(multiply(multiply(X0,X1),identity),X2))) = multiply(X0,multiply(identity,multiply(multiply(identity,multiply(identity,multiply(multiply(multiply(multiply(X0,X0),multiply(multiply(multiply(X0,X0),multiply(X0,X0)),multiply(X1,identity))),identity),identity))),X2))) [forward demodulation 49884,4005]
50006. multiply(X0,multiply(multiply(X0,identity),multiply(multiply(multiply(X0,X1),identity),X2))) = multiply(X0,multiply(multiply(multiply(X0,X0),multiply(multiply(multiply(X0,X0),multiply(X0,X0)),multiply(X1,identity))),multiply(identity,X2))) [forward demodulation 49955,48388]
50043. multiply(X0,multiply(multiply(X0,identity),multiply(multiply(multiply(X0,X1),identity),X2))) = multiply(X0,multiply(multiply(X0,multiply(multiply(X0,X1),identity)),multiply(identity,X2))) [forward demodulation 50006,23]
106595. identity = multiply(X0,multiply(multiply(identity,multiply(identity,multiply(identity,multiply(multiply(X0,identity),multiply(X0,identity))))),multiply(X0,identity))) [superposition 29032,38069]
106880. identity = multiply(X0,multiply(multiply(identity,multiply(identity,multiply(identity,multiply(multiply(X0,X0),identity)))),multiply(X0,identity))) [forward demodulation 106595,10581]
107091. identity = multiply(X0,multiply(multiply(multiply(identity,multiply(identity,multiply(identity,multiply(X0,X0)))),X0),identity)) [forward demodulation 106880,15239]
107285. identity = multiply(X0,multiply(X0,multiply(multiply(X0,X0),identity))) [forward demodulation 107091,19611]
111416. multiply(X0,multiply(multiply(X0,multiply(multiply(X0,X0),identity)),multiply(multiply(X1,multiply(multiply(X1,X1),identity)),multiply(multiply(X1,multiply(multiply(X1,X1),identity)),multiply(X1,multiply(multiply(X1,X1),identity)))))) = X1 [superposition 1,107285]
111421. multiply(X0,multiply(multiply(X0,X0),identity)) = multiply(multiply(X0,X0),multiply(multiply(X0,multiply(identity,identity)),identity)) [superposition 136,107285]
111507. multiply(X0,multiply(multiply(X0,X0),identity)) = multiply(multiply(X0,X0),multiply(multiply(X0,identity),identity)) [forward demodulation 111421,3]
111512. multiply(X0,multiply(multiply(X0,multiply(multiply(X0,X0),identity)),multiply(identity,multiply(X1,identity)))) = X1 [forward demodulation 111416,39701]
111566. multiply(X0,multiply(multiply(X0,identity),multiply(multiply(multiply(X0,X0),identity),multiply(X1,identity)))) = X1 [forward demodulation 111512,50043]
111611. multiply(identity,multiply(identity,multiply(identity,multiply(X1,identity)))) = X1 [forward demodulation 111566,17937]
112013. identity = multiply(X0,multiply(identity,multiply(multiply(multiply(identity,multiply(identity,multiply(X0,identity))),multiply(identity,multiply(identity,multiply(X0,identity)))),multiply(multiply(multiply(identity,multiply(identity,multiply(X0,identity))),identity),identity)))) [superposition 40294,111611]
112016. multiply(X0,multiply(identity,X1)) = multiply(identity,multiply(multiply(identity,multiply(identity,multiply(X0,identity))),X1)) [superposition 48380,111611]
112046. identity = multiply(X0,multiply(identity,multiply(multiply(identity,multiply(identity,multiply(X0,identity))),multiply(multiply(multiply(identity,multiply(identity,multiply(X0,identity))),multiply(identity,multiply(identity,multiply(X0,identity)))),identity)))) [forward demodulation 112013,111507]
112099. identity = multiply(X0,multiply(X0,multiply(identity,multiply(multiply(multiply(identity,multiply(identity,multiply(X0,identity))),multiply(identity,multiply(identity,multiply(X0,identity)))),identity)))) [forward demodulation 112046,112016]
112142. identity = multiply(X0,multiply(X0,multiply(X0,multiply(identity,multiply(multiply(identity,multiply(identity,multiply(X0,identity))),identity))))) [forward demodulation 112099,49061]
112171. identity = multiply(X0,multiply(X0,multiply(X0,X0))) [forward demodulation 112142,21]
114789. identity != identity [superposition 5,112171]
114790. $false [trivial inequality removal 114789]
% SZS output end Proof for GRP119-1
% ------------------------------
% Version: Vampire 5.0.0 (Release build, commit 2e2c9b7b8 on 2026-01-17 12:24:14 +0100)
% Linked with Z3 4.14.0.0 3c47fd96cf5645d0c42b2c819d9e9a84380aa721 z3-4.8.4-9178-g3c47fd96c
% CaDiCaL version: 2.1.3
% Termination reason: Refutation
% Time elapsed: 3.169 s
% Peak memory usage: 100 MB
% Instructions burned: 12739 (million)
% ------------------------------
% ------------------------------
