% Running in auto input_syntax mode. Trying TPTP
% Refutation found. Thanks to Tanya!
% SZS status Unsatisfiable for GRP125-3.005_clausified
% SZS output start Proof for GRP125-3.005_clausified
3. next(e_2,e_3) [input(axiom)]
6. greater(e_1,e_0) [input(axiom)]
7. greater(e_2,e_0) [input(axiom)]
8. greater(e_3,e_0) [input(axiom)]
9. greater(e_4,e_0) [input(axiom)]
15. greater(e_3,e_2) [input(axiom)]
16. greater(e_4,e_2) [input(axiom)]
17. greater(e_5,e_2) [input(axiom)]
22. cycle(X0,e_0) | ~group_element(X0) | cycle(X0,e_1) | cycle(X0,e_2) | cycle(X0,e_3) | cycle(X0,e_4) [input(axiom)]
26. ~product(X0,e_1,X1) | ~cycle(X0,e_0) | ~greater(X1,X0) [input(axiom)]
27. ~product(X0,e_1,X2) | ~cycle(X0,X1) | ~greater(X1,e_0) | ~next(X0,X3) | equalish(X2,X3) [input(axiom)]
28. group_element(e_1) [input(axiom)]
29. group_element(e_2) [input(axiom)]
30. group_element(e_3) [input(axiom)]
31. group_element(e_4) [input(axiom)]
32. group_element(e_5) [input(axiom)]
33. ~equalish(e_1,e_2) [input(axiom)]
34. ~equalish(e_1,e_3) [input(axiom)]
35. ~equalish(e_1,e_4) [input(axiom)]
36. ~equalish(e_1,e_5) [input(axiom)]
37. ~equalish(e_2,e_1) [input(axiom)]
38. ~equalish(e_2,e_3) [input(axiom)]
39. ~equalish(e_2,e_4) [input(axiom)]
40. ~equalish(e_2,e_5) [input(axiom)]
41. ~equalish(e_3,e_1) [input(axiom)]
42. ~equalish(e_3,e_2) [input(axiom)]
43. ~equalish(e_3,e_4) [input(axiom)]
44. ~equalish(e_3,e_5) [input(axiom)]
45. ~equalish(e_4,e_1) [input(axiom)]
46. ~equalish(e_4,e_2) [input(axiom)]
47. ~equalish(e_4,e_3) [input(axiom)]
48. ~equalish(e_4,e_5) [input(axiom)]
49. ~equalish(e_5,e_1) [input(axiom)]
50. ~equalish(e_5,e_2) [input(axiom)]
51. ~equalish(e_5,e_3) [input(axiom)]
52. ~equalish(e_5,e_4) [input(axiom)]
53. product(X0,X1,e_5) | ~group_element(X1) | product(X0,X1,e_1) | product(X0,X1,e_2) | product(X0,X1,e_3) | product(X0,X1,e_4) | ~group_element(X0) [input(axiom)]
54. ~product(X0,X1,X3) | ~product(X0,X1,X2) | equalish(X2,X3) [input(axiom)]
55. ~product(X0,X3,X2) | ~product(X0,X1,X2) | equalish(X1,X3) [input(axiom)]
56. ~product(X3,X1,X2) | ~product(X0,X1,X2) | equalish(X0,X3) [input(axiom)]
57. product(X0,X0,X0) [input(axiom)]
58. ~product(X1,X0,X3) | ~product(X0,X1,X2) | product(X2,X3,X0) [input(negated conjecture)]
59. ~product(X0,X0,X1) | product(X1,X0,X0) [resolution 57,58]
73. ~product(X0,X0,X1) | equalish(X1,X0) [resolution 54,57]
74. ~product(X0,X1,X0) | equalish(X1,X0) [resolution 55,57]
76. ~product(X0,X1,X1) | equalish(X0,X1) [resolution 56,57]
118. ~product(X2,X0,e_5) | product(X1,X0,e_1) | product(X1,X0,e_2) | product(X1,X0,e_3) | product(X1,X0,e_4) | ~group_element(X1) | ~group_element(X0) | equalish(X2,X1) [resolution 53,56]
119. ~product(X1,X2,e_5) | product(X1,X0,e_1) | product(X1,X0,e_2) | product(X1,X0,e_3) | product(X1,X0,e_4) | ~group_element(X1) | ~group_element(X0) | equalish(X2,X0) [resolution 53,55]
121. ~product(X0,X1,X2) | product(X1,X0,e_1) | product(X1,X0,e_2) | product(X1,X0,e_3) | product(X1,X0,e_4) | ~group_element(X1) | ~group_element(X0) | product(X2,e_5,X0) [resolution 53,58]
122. ~group_element(X0) | product(e_5,X0,e_1) | product(e_5,X0,e_2) | product(e_5,X0,e_3) | product(e_5,X0,e_4) | ~group_element(e_5) | equalish(X0,e_5) [resolution 53,74]
124. ~group_element(X0) | product(X0,X0,e_1) | product(X0,X0,e_2) | product(X0,X0,e_3) | product(X0,X0,e_4) | ~group_element(X0) | product(e_5,X0,X0) [resolution 53,59]
125. ~group_element(e_1) | product(X0,e_1,e_1) | product(X0,e_1,e_2) | product(X0,e_1,e_3) | product(X0,e_1,e_4) | ~group_element(X0) | ~cycle(X0,X1) | ~greater(X1,e_0) | ~next(X0,X2) | equalish(e_5,X2) [resolution 53,27]
126. ~group_element(e_1) | product(X0,e_1,e_1) | product(X0,e_1,e_2) | product(X0,e_1,e_3) | product(X0,e_1,e_4) | ~group_element(X0) | ~cycle(X0,e_0) | ~greater(e_5,X0) [resolution 53,26]
127. product(e_5,X0,X0) | product(X0,X0,e_4) | product(X0,X0,e_2) | product(X0,X0,e_3) | product(X0,X0,e_1) | ~group_element(X0) [duplicate literal removal 124]
129. product(X0,e_1,e_4) | product(X0,e_1,e_2) | product(X0,e_1,e_3) | product(X0,e_1,e_1) | ~group_element(X0) | ~cycle(X0,e_0) | ~greater(e_5,X0) [forward subsumption resolution 126,28]
130. ~cycle(X0,X1) | product(X0,e_1,e_2) | product(X0,e_1,e_3) | product(X0,e_1,e_4) | ~group_element(X0) | product(X0,e_1,e_1) | ~greater(X1,e_0) | ~next(X0,X2) | equalish(e_5,X2) [forward subsumption resolution 125,28]
131. product(e_5,X0,e_4) | product(e_5,X0,e_1) | product(e_5,X0,e_2) | product(e_5,X0,e_3) | ~group_element(X0) | equalish(X0,e_5) [forward subsumption resolution 122,32]
145. product(e_5,X0,X0) | product(X0,X0,e_3) | product(X0,X0,e_2) | product(X0,X0,e_1) | ~group_element(X0) | equalish(e_4,X0) [resolution 127,73]
149. product(X0,X1,e_1) | product(X0,X1,e_2) | product(X0,X1,e_3) | product(X0,X1,e_4) | ~group_element(X0) | ~group_element(X1) | product(e_5,e_5,X1) | ~group_element(X0) | product(X1,X0,e_1) | product(X1,X0,e_2) | product(X1,X0,e_3) | product(X1,X0,e_4) | ~group_element(X1) [resolution 121,53]
152. product(e_5,e_5,X1) | product(X1,X0,e_4) | product(X0,X1,e_4) | product(X0,X1,e_3) | ~group_element(X0) | ~group_element(X1) | product(X0,X1,e_2) | product(X1,X0,e_1) | product(X1,X0,e_2) | product(X1,X0,e_3) | product(X0,X1,e_1) [duplicate literal removal 149]
170. product(e_5,X0,X0) | product(X0,X0,e_2) | product(X0,X0,e_1) | ~group_element(X0) | equalish(e_4,X0) | equalish(e_3,X0) [resolution 145,73]
175. equalish(X0,e_5) | ~group_element(e_5) | product(X0,e_5,e_1) | product(X0,e_5,e_2) | product(X0,e_5,e_3) | product(X0,e_5,e_4) | ~group_element(X0) [resolution 76,53]
178. product(X0,e_5,e_4) | product(X0,e_5,e_1) | product(X0,e_5,e_2) | product(X0,e_5,e_3) | equalish(X0,e_5) | ~group_element(X0) [forward subsumption resolution 175,32]
195. product(e_5,X0,X0) | product(X0,X0,e_1) | ~group_element(X0) | equalish(e_4,X0) | equalish(e_3,X0) | equalish(e_2,X0) [resolution 170,73]
235. product(X0,e_1,e_2) | product(X0,e_1,e_3) | product(X0,e_1,e_1) | ~group_element(X0) | ~cycle(X0,e_0) | ~greater(e_5,X0) | ~cycle(X0,e_0) | ~greater(e_4,X0) [resolution 129,26]
245. product(X0,e_1,e_3) | product(X0,e_1,e_2) | product(X0,e_1,e_1) | ~group_element(X0) | ~cycle(X0,e_0) | ~greater(e_5,X0) | ~greater(e_4,X0) [duplicate literal removal 235]
255. 11 <=> product(e_4,e_1,e_1) [avatar definition]
256. ~product(e_4,e_1,e_1) <- (~11) [avatar component clause 255]
257. product(e_4,e_1,e_1) <- (11) [avatar component clause 255]
259. 12 <=> product(e_4,e_1,e_3) [avatar definition]
260. ~product(e_4,e_1,e_3) <- (~12) [avatar component clause 259]
261. product(e_4,e_1,e_3) <- (12) [avatar component clause 259]
263. 13 <=> product(e_4,e_1,e_2) [avatar definition]
264. ~product(e_4,e_1,e_2) <- (~13) [avatar component clause 263]
265. product(e_4,e_1,e_2) <- (13) [avatar component clause 263]
281. product(X0,X1,e_1) | product(X0,X1,e_2) | product(X0,X1,e_3) | product(X0,X1,e_4) | ~group_element(X0) | ~group_element(X1) | equalish(X2,X0) | ~group_element(X1) | product(X2,X1,e_1) | product(X2,X1,e_2) | product(X2,X1,e_3) | product(X2,X1,e_4) | ~group_element(X2) [resolution 118,53]
282. product(X0,e_5,e_1) | product(X0,e_5,e_2) | product(X0,e_5,e_3) | product(X0,e_5,e_4) | ~group_element(X0) | ~group_element(e_5) | equalish(e_5,X0) | product(e_5,e_5,e_2) | product(e_5,e_5,e_1) | ~group_element(e_5) | equalish(e_4,e_5) | equalish(e_3,e_5) [resolution 118,170]
289. product(X0,e_5,e_1) | product(X0,e_5,e_2) | product(X0,e_5,e_3) | product(X0,e_5,e_4) | ~group_element(X0) | ~group_element(e_5) | equalish(e_5,X0) | product(e_5,e_5,e_2) | product(e_5,e_5,e_1) | equalish(e_4,e_5) | equalish(e_3,e_5) [duplicate literal removal 282]
290. product(X2,X1,e_4) | product(X0,X1,e_4) | equalish(X2,X0) | product(X0,X1,e_3) | ~group_element(X0) | ~group_element(X1) | product(X0,X1,e_2) | product(X2,X1,e_1) | product(X2,X1,e_2) | product(X2,X1,e_3) | product(X0,X1,e_1) | ~group_element(X2) [duplicate literal removal 281]
293. product(X0,e_5,e_1) | product(X0,e_5,e_2) | product(X0,e_5,e_3) | product(X0,e_5,e_4) | ~group_element(X0) | equalish(e_5,X0) | product(e_5,e_5,e_2) | product(e_5,e_5,e_1) | equalish(e_4,e_5) | equalish(e_3,e_5) [forward subsumption resolution 289,32]
296. 14 <=> product(e_5,e_5,e_1) [avatar definition]
298. product(e_5,e_5,e_1) <- (14) [avatar component clause 296]
300. 15 <=> product(e_5,e_5,e_3) [avatar definition]
301. ~product(e_5,e_5,e_3) <- (~15) [avatar component clause 300]
302. product(e_5,e_5,e_3) <- (15) [avatar component clause 300]
304. 16 <=> product(e_5,e_5,e_2) [avatar definition]
306. product(e_5,e_5,e_2) <- (16) [avatar component clause 304]
308. 17 <=> product(e_5,e_5,e_4) [avatar definition]
309. ~product(e_5,e_5,e_4) <- (~17) [avatar component clause 308]
310. product(e_5,e_5,e_4) <- (17) [avatar component clause 308]
312. 18 <=> ! [X0] : (product(X0,e_5,e_1) | equalish(e_5,X0) | ~group_element(X0) | product(X0,e_5,e_4) | product(X0,e_5,e_3) | product(X0,e_5,e_2)) [avatar definition]
313. product(X0,e_5,e_4) | equalish(e_5,X0) | ~group_element(X0) | product(X0,e_5,e_1) | product(X0,e_5,e_3) | product(X0,e_5,e_2) <- (18) [avatar component clause 312]
316. product(X0,e_5,e_1) | product(X0,e_5,e_2) | product(X0,e_5,e_3) | product(X0,e_5,e_4) | ~group_element(X0) | equalish(e_5,X0) | product(e_5,e_5,e_2) | product(e_5,e_5,e_1) | equalish(e_3,e_5) [forward subsumption resolution 293,48]
319. product(X0,e_5,e_1) | product(X0,e_5,e_2) | product(X0,e_5,e_3) | product(X0,e_5,e_4) | ~group_element(X0) | equalish(e_5,X0) | product(e_5,e_5,e_2) | product(e_5,e_5,e_1) [forward subsumption resolution 316,44]
320. 14 | 16 | 18 [avatar split clause 319,312,304,296]
344. product(X0,X1,e_1) | product(X0,X1,e_2) | product(X0,X1,e_3) | product(X0,X1,e_4) | ~group_element(X0) | ~group_element(X1) | equalish(X2,X1) | ~group_element(X2) | product(X0,X2,e_1) | product(X0,X2,e_2) | product(X0,X2,e_3) | product(X0,X2,e_4) | ~group_element(X0) [resolution 119,53]
345. product(e_5,X0,e_1) | product(e_5,X0,e_2) | product(e_5,X0,e_3) | product(e_5,X0,e_4) | ~group_element(e_5) | ~group_element(X0) | equalish(e_5,X0) | product(e_5,e_5,e_1) | ~group_element(e_5) | equalish(e_4,e_5) | equalish(e_3,e_5) | equalish(e_2,e_5) [resolution 119,195]
353. product(e_5,X0,e_1) | product(e_5,X0,e_2) | product(e_5,X0,e_3) | product(e_5,X0,e_4) | ~group_element(e_5) | ~group_element(X0) | equalish(e_5,X0) | product(e_5,e_5,e_1) | equalish(e_4,e_5) | equalish(e_3,e_5) | equalish(e_2,e_5) [duplicate literal removal 345]
354. product(X0,X2,e_4) | product(X0,X1,e_4) | equalish(X2,X1) | product(X0,X1,e_3) | ~group_element(X0) | ~group_element(X1) | product(X0,X1,e_2) | ~group_element(X2) | product(X0,X2,e_1) | product(X0,X2,e_2) | product(X0,X2,e_3) | product(X0,X1,e_1) [duplicate literal removal 344]
358. product(e_5,X0,e_1) | product(e_5,X0,e_2) | product(e_5,X0,e_3) | product(e_5,X0,e_4) | ~group_element(X0) | equalish(e_5,X0) | product(e_5,e_5,e_1) | equalish(e_4,e_5) | equalish(e_3,e_5) | equalish(e_2,e_5) [forward subsumption resolution 353,32]
361. 19 <=> ! [X0] : (product(e_5,X0,e_1) | equalish(e_5,X0) | ~group_element(X0) | product(e_5,X0,e_4) | product(e_5,X0,e_3) | product(e_5,X0,e_2)) [avatar definition]
362. product(e_5,X0,e_4) | equalish(e_5,X0) | ~group_element(X0) | product(e_5,X0,e_1) | product(e_5,X0,e_3) | product(e_5,X0,e_2) <- (19) [avatar component clause 361]
366. product(e_5,X0,e_1) | product(e_5,X0,e_2) | product(e_5,X0,e_3) | product(e_5,X0,e_4) | ~group_element(X0) | equalish(e_5,X0) | product(e_5,e_5,e_1) | equalish(e_3,e_5) | equalish(e_2,e_5) [forward subsumption resolution 358,48]
370. product(e_5,X0,e_1) | product(e_5,X0,e_2) | product(e_5,X0,e_3) | product(e_5,X0,e_4) | ~group_element(X0) | equalish(e_5,X0) | product(e_5,e_5,e_1) | equalish(e_2,e_5) [forward subsumption resolution 366,44]
372. product(e_5,X0,e_1) | product(e_5,X0,e_2) | product(e_5,X0,e_3) | product(e_5,X0,e_4) | ~group_element(X0) | equalish(e_5,X0) | product(e_5,e_5,e_1) [forward subsumption resolution 370,40]
373. 14 | 19 [avatar split clause 372,361,296]
568. 20 <=> product(e_5,e_4,e_1) [avatar definition]
569. ~product(e_5,e_4,e_1) <- (~20) [avatar component clause 568]
570. product(e_5,e_4,e_1) <- (20) [avatar component clause 568]
584. 22 <=> product(e_1,e_5,e_5) [avatar definition]
585. ~product(e_1,e_5,e_5) <- (~22) [avatar component clause 584]
586. product(e_1,e_5,e_5) <- (22) [avatar component clause 584]
592. 24 <=> product(e_4,e_5,e_3) [avatar definition]
594. product(e_4,e_5,e_3) <- (24) [avatar component clause 592]
596. 25 <=> product(e_4,e_5,e_2) [avatar definition]
598. product(e_4,e_5,e_2) <- (25) [avatar component clause 596]
600. 26 <=> product(e_4,e_5,e_1) [avatar definition]
602. product(e_4,e_5,e_1) <- (26) [avatar component clause 600]
674. product(e_5,e_5,e_4) | product(X0,e_4,e_4) | product(X0,e_4,e_3) | ~group_element(X0) | ~group_element(e_4) | product(X0,e_4,e_2) | product(e_4,X0,e_1) | product(e_4,X0,e_2) | product(e_4,X0,e_3) | product(X0,e_4,e_1) | equalish(X0,e_4) [resolution 152,74]
690. ~product(X0,X1,X2) | product(X1,X0,e_4) | product(X0,X1,e_3) | ~group_element(X0) | ~group_element(X1) | product(X0,X1,e_2) | product(X1,X0,e_1) | product(X1,X0,e_2) | product(X1,X0,e_3) | product(X0,X1,e_1) | product(e_5,e_5,X1) | equalish(X2,e_4) [resolution 152,54]
711. product(e_5,e_5,e_4) | product(X0,e_4,e_4) | product(X0,e_4,e_3) | ~group_element(X0) | product(X0,e_4,e_2) | product(e_4,X0,e_1) | product(e_4,X0,e_2) | product(e_4,X0,e_3) | product(X0,e_4,e_1) | equalish(X0,e_4) [forward subsumption resolution 674,31]
722. product(e_5,e_5,e_4) | product(X0,e_4,e_3) | ~group_element(X0) | product(X0,e_4,e_2) | product(e_4,X0,e_1) | product(e_4,X0,e_2) | product(e_4,X0,e_3) | product(X0,e_4,e_1) | equalish(X0,e_4) [forward subsumption resolution 711,76]
724. 33 <=> ! [X0] : (product(X0,e_4,e_3) | equalish(X0,e_4) | product(X0,e_4,e_1) | product(e_4,X0,e_3) | product(e_4,X0,e_2) | product(e_4,X0,e_1) | product(X0,e_4,e_2) | ~group_element(X0)) [avatar definition]
725. product(e_4,X0,e_3) | product(X0,e_4,e_3) | product(X0,e_4,e_1) | equalish(X0,e_4) | product(e_4,X0,e_2) | product(e_4,X0,e_1) | product(X0,e_4,e_2) | ~group_element(X0) <- (33) [avatar component clause 724]
727. 33 | 17 [avatar split clause 722,308,724]
734. equalish(e_1,e_5) <- (14) [resolution 298,73]
739. $false <- (14) [forward subsumption resolution 734,36]
740. ~14 [avatar contradiction clause 739]
766. equalish(e_4,e_1) <- (11) [resolution 257,76]
774. $false <- (11) [forward subsumption resolution 766,45]
775. ~11 [avatar contradiction clause 774]
786. 36 <=> product(e_1,e_5,e_4) [avatar definition]
787. ~product(e_1,e_5,e_4) <- (~36) [avatar component clause 786]
788. product(e_1,e_5,e_4) <- (36) [avatar component clause 786]
790. 37 <=> product(e_1,e_4,e_4) [avatar definition]
792. product(e_1,e_4,e_4) <- (37) [avatar component clause 790]
794. 38 <=> product(e_1,e_4,e_3) [avatar definition]
795. ~product(e_1,e_4,e_3) <- (~38) [avatar component clause 794]
796. product(e_1,e_4,e_3) <- (38) [avatar component clause 794]
798. 39 <=> product(e_1,e_4,e_2) [avatar definition]
799. ~product(e_1,e_4,e_2) <- (~39) [avatar component clause 798]
800. product(e_1,e_4,e_2) <- (39) [avatar component clause 798]
802. 40 <=> product(e_1,e_4,e_1) [avatar definition]
803. ~product(e_1,e_4,e_1) <- (~40) [avatar component clause 802]
804. product(e_1,e_4,e_1) <- (40) [avatar component clause 802]
812. equalish(e_4,e_5) <- (17) [resolution 310,73]
816. $false <- (17) [forward subsumption resolution 812,48]
817. ~17 [avatar contradiction clause 816]
836. 42 <=> product(e_3,e_5,e_4) [avatar definition]
837. ~product(e_3,e_5,e_4) <- (~42) [avatar component clause 836]
838. product(e_3,e_5,e_4) <- (42) [avatar component clause 836]
889. product(e_1,e_4,e_1) | product(e_1,e_4,e_2) | product(e_1,e_4,e_3) | product(e_1,e_4,e_4) | ~group_element(e_1) | ~group_element(e_4) | product(e_2,e_5,e_4) <- (13) [resolution 265,121]
894. product(e_1,e_4,e_1) | product(e_1,e_4,e_2) | product(e_1,e_4,e_3) | product(e_1,e_4,e_4) | ~group_element(e_4) | product(e_2,e_5,e_4) <- (13) [forward subsumption resolution 889,28]
900. product(e_1,e_4,e_1) | product(e_1,e_4,e_2) | product(e_1,e_4,e_3) | product(e_1,e_4,e_4) | product(e_2,e_5,e_4) <- (13) [forward subsumption resolution 894,31]
902. 44 <=> product(e_2,e_5,e_4) [avatar definition]
903. ~product(e_2,e_5,e_4) <- (~44) [avatar component clause 902]
904. product(e_2,e_5,e_4) <- (44) [avatar component clause 902]
905. 44 | 37 | 38 | 39 | 40 | ~13 [avatar split clause 900,263,802,798,794,790,902]
1010. product(e_5,e_4,e_1) | product(e_5,e_4,e_2) | product(e_5,e_4,e_3) | ~group_element(e_4) | equalish(e_4,e_5) | equalish(e_5,e_4) [resolution 131,76]
1013. ~product(X1,X0,e_4) | product(e_5,X0,e_2) | product(e_5,X0,e_3) | ~group_element(X0) | equalish(X0,e_5) | product(e_5,X0,e_1) | equalish(X1,e_5) [resolution 131,56]
1016. ~product(X0,e_5,X1) | product(e_5,X0,e_2) | product(e_5,X0,e_3) | ~group_element(X0) | equalish(X0,e_5) | product(e_5,X0,e_1) | product(X1,e_4,X0) [resolution 131,58]
1025. product(e_5,e_4,e_2) | product(e_5,e_4,e_3) | ~group_element(e_4) | equalish(e_4,e_5) | equalish(e_5,e_4) <- (~20) [forward subsumption resolution 1010,569]
1028. product(e_5,e_4,e_2) | product(e_5,e_4,e_3) | equalish(e_4,e_5) | equalish(e_5,e_4) <- (~20) [forward subsumption resolution 1025,31]
1037. 47 <=> product(e_5,e_1,e_3) [avatar definition]
1038. ~product(e_5,e_1,e_3) <- (~47) [avatar component clause 1037]
1039. product(e_5,e_1,e_3) <- (47) [avatar component clause 1037]
1041. 48 <=> product(e_5,e_1,e_2) [avatar definition]
1042. ~product(e_5,e_1,e_2) <- (~48) [avatar component clause 1041]
1043. product(e_5,e_1,e_2) <- (48) [avatar component clause 1041]
1045. 49 <=> product(e_5,e_1,e_1) [avatar definition]
1046. ~product(e_5,e_1,e_1) <- (~49) [avatar component clause 1045]
1047. product(e_5,e_1,e_1) <- (49) [avatar component clause 1045]
1049. product(e_5,e_4,e_2) | product(e_5,e_4,e_3) | equalish(e_5,e_4) <- (~20) [forward subsumption resolution 1028,48]
1055. product(e_5,e_4,e_2) | product(e_5,e_4,e_3) <- (~20) [forward subsumption resolution 1049,52]
1057. 51 <=> product(e_5,e_4,e_3) [avatar definition]
1059. product(e_5,e_4,e_3) <- (51) [avatar component clause 1057]
1061. 52 <=> product(e_5,e_4,e_2) [avatar definition]
1063. product(e_5,e_4,e_2) <- (52) [avatar component clause 1061]
1064. 51 | 52 | 20 [avatar split clause 1055,568,1061,1057]
1070. ~product(e_4,e_5,X0) | product(X0,e_1,e_4) <- (20) [resolution 570,58]
1071. product(e_4,e_5,e_1) | product(e_4,e_5,e_2) | product(e_4,e_5,e_3) | equalish(e_4,e_5) | ~group_element(e_4) | equalish(e_5,e_4) [resolution 178,74]
1074. ~product(X1,e_5,e_4) | product(X0,e_5,e_2) | product(X0,e_5,e_3) | equalish(X0,e_5) | ~group_element(X0) | product(X0,e_5,e_1) | equalish(X1,X0) [resolution 178,56]
1075. ~product(X0,X1,e_4) | product(X0,e_5,e_2) | product(X0,e_5,e_3) | equalish(X0,e_5) | ~group_element(X0) | product(X0,e_5,e_1) | equalish(X1,e_5) [resolution 178,55]
1085. product(e_4,e_5,e_1) | product(e_4,e_5,e_2) | product(e_4,e_5,e_3) | ~group_element(e_4) | equalish(e_5,e_4) [forward subsumption resolution 1071,48]
1087. product(e_4,e_5,e_1) | product(e_4,e_5,e_2) | product(e_4,e_5,e_3) | equalish(e_5,e_4) [forward subsumption resolution 1085,31]
1089. product(e_4,e_5,e_1) | product(e_4,e_5,e_2) | product(e_4,e_5,e_3) [forward subsumption resolution 1087,52]
1091. 24 | 25 | 26 [avatar split clause 1089,600,596,592]
1101. 55 <=> product(e_1,e_5,e_3) [avatar definition]
1103. product(e_1,e_5,e_3) <- (55) [avatar component clause 1101]
1105. 56 <=> product(e_1,e_5,e_2) [avatar definition]
1107. product(e_1,e_5,e_2) <- (56) [avatar component clause 1105]
1109. 57 <=> product(e_1,e_5,e_1) [avatar definition]
1111. product(e_1,e_5,e_1) <- (57) [avatar component clause 1109]
1133. equalish(e_1,e_5) <- (22) [resolution 586,76]
1141. $false <- (22) [forward subsumption resolution 1133,36]
1142. ~22 [avatar contradiction clause 1141]
1148. 58 <=> product(e_5,e_1,e_4) [avatar definition]
1149. ~product(e_5,e_1,e_4) <- (~58) [avatar component clause 1148]
1150. product(e_5,e_1,e_4) <- (58) [avatar component clause 1148]
1153. product(X0,e_1,e_2) | product(X0,e_1,e_1) | ~group_element(X0) | ~cycle(X0,e_0) | ~greater(e_5,X0) | ~greater(e_4,X0) | ~cycle(X0,e_0) | ~greater(e_3,X0) [resolution 245,26]
1168. product(X0,e_1,e_2) | product(X0,e_1,e_1) | ~group_element(X0) | ~cycle(X0,e_0) | ~greater(e_5,X0) | ~greater(e_4,X0) | ~greater(e_3,X0) [duplicate literal removal 1153]
1188. ~group_element(e_5) | product(e_1,e_5,e_1) | product(e_1,e_5,e_2) | product(e_1,e_5,e_3) | product(e_1,e_5,e_4) | ~group_element(e_1) <- (~22) [resolution 585,53]
1189. product(e_1,e_5,e_1) | product(e_1,e_5,e_2) | product(e_1,e_5,e_3) | product(e_1,e_5,e_4) | ~group_element(e_1) <- (~22) [forward subsumption resolution 1188,32]
1190. product(e_1,e_5,e_1) | product(e_1,e_5,e_2) | product(e_1,e_5,e_3) | product(e_1,e_5,e_4) <- (~22) [forward subsumption resolution 1189,28]
1191. 36 | 55 | 56 | 57 | 22 [avatar split clause 1190,584,1109,1105,1101,786]
1210. ~product(X0,e_5,e_4) | equalish(X0,e_1) <- (36) [resolution 788,56]
1212. ~product(e_1,e_5,X0) | equalish(X0,e_4) <- (36) [resolution 788,54]
1213. ~product(e_5,e_1,X0) | product(X0,e_4,e_5) <- (36) [resolution 788,58]
1331. product(X1,e_4,e_4) | equalish(X0,X1) | product(X1,e_4,e_3) | ~group_element(X1) | ~group_element(e_4) | product(X1,e_4,e_2) | product(X0,e_4,e_1) | product(X0,e_4,e_2) | product(X0,e_4,e_3) | product(X1,e_4,e_1) | ~group_element(X0) | equalish(X0,e_4) [resolution 290,76]
1348. product(X1,e_4,e_4) | equalish(X1,X0) | product(X0,e_4,e_3) | ~group_element(X0) | ~group_element(e_4) | product(X0,e_4,e_2) | product(X1,e_4,e_1) | product(X1,e_4,e_2) | product(X1,e_4,e_3) | product(X0,e_4,e_1) | ~group_element(X1) | equalish(X0,e_4) [resolution 290,76]
1383. product(X1,e_4,e_4) | product(X0,e_4,e_3) | equalish(X1,X0) | ~group_element(X0) | product(X0,e_4,e_2) | product(X1,e_4,e_1) | product(X1,e_4,e_2) | product(X1,e_4,e_3) | product(X0,e_4,e_1) | ~group_element(X1) | equalish(X0,e_4) [forward subsumption resolution 1348,31]
1389. product(X1,e_4,e_4) | product(X0,e_4,e_3) | equalish(X0,X1) | ~group_element(X1) | product(X1,e_4,e_2) | product(X0,e_4,e_1) | product(X0,e_4,e_2) | product(X1,e_4,e_3) | product(X1,e_4,e_1) | ~group_element(X0) | equalish(X0,e_4) [forward subsumption resolution 1331,31]
1436. product(X0,X1,e_4) | equalish(X1,e_4) | product(X0,e_4,e_3) | ~group_element(X0) | ~group_element(e_4) | product(X0,e_4,e_2) | ~group_element(X1) | product(X0,X1,e_1) | product(X0,X1,e_2) | product(X0,X1,e_3) | product(X0,e_4,e_1) | equalish(X0,e_4) [resolution 354,76]
1471. product(X0,e_4,e_3) | product(X0,X1,e_4) | equalish(X1,e_4) | ~group_element(X0) | product(X0,e_4,e_2) | ~group_element(X1) | product(X0,X1,e_1) | product(X0,X1,e_2) | product(X0,X1,e_3) | product(X0,e_4,e_1) | equalish(X0,e_4) [forward subsumption resolution 1436,31]
2090. product(e_2,e_1,e_4) <- (20, 25) [resolution 598,1070]
2175. ~cycle(e_2,X0) | ~greater(X0,e_0) | ~next(e_2,X1) | equalish(e_4,X1) <- (20, 25) [resolution 2090,27]
2187. 67 <=> ! [X1] : (~next(e_2,X1) | equalish(e_4,X1)) [avatar definition]
2188. ~next(e_2,X1) | equalish(e_4,X1) <- (67) [avatar component clause 2187]
2190. 68 <=> ! [X0] : (~cycle(e_2,X0) | ~greater(X0,e_0)) [avatar definition]
2191. ~cycle(e_2,X0) | ~greater(X0,e_0) <- (68) [avatar component clause 2190]
2192. 67 | 68 | ~20 | ~25 [avatar split clause 2175,596,568,2190,2187]
2373. product(e_1,e_1,e_4) <- (20, 26) [resolution 602,1070]
2457. equalish(e_4,e_1) <- (20, 26) [resolution 2373,73]
2472. $false <- (20, 26) [forward subsumption resolution 2457,45]
2473. ~20 | ~26 [avatar contradiction clause 2472]
2486. ~product(e_4,e_5,X0) | product(X0,e_3,e_4) <- (51) [resolution 1059,58]
2573. ~product(X0,e_5,e_3) | equalish(X0,e_4) <- (24) [resolution 594,56]
3266. 69 <=> product(e_4,e_4,e_5) [avatar definition]
3267. ~product(e_4,e_4,e_5) <- (~69) [avatar component clause 3266]
3268. product(e_4,e_4,e_5) <- (69) [avatar component clause 3266]
3298. equalish(e_5,e_4) <- (69) [resolution 3268,73]
3312. $false <- (69) [forward subsumption resolution 3298,52]
3313. ~69 [avatar contradiction clause 3312]
3319. 76 <=> product(e_4,e_4,e_2) [avatar definition]
3321. product(e_4,e_4,e_2) <- (76) [avatar component clause 3319]
3539. product(e_4,e_4,e_5) | equalish(e_5,e_1) | ~group_element(e_1) | product(e_5,e_1,e_1) | product(e_5,e_1,e_3) | product(e_5,e_1,e_2) <- (19, 36) [resolution 1213,362]
3540. product(e_4,e_4,e_5) | product(e_5,e_1,e_1) | product(e_5,e_1,e_2) | product(e_5,e_1,e_3) | ~group_element(e_1) | equalish(e_1,e_5) <- (36) [resolution 1213,131]
3663. product(e_3,e_3,e_4) <- (24, 51) [resolution 2486,594]
3780. equalish(e_4,e_3) <- (24, 51) [resolution 3663,73]
3799. $false <- (24, 51) [forward subsumption resolution 3780,47]
3800. ~24 | ~51 [avatar contradiction clause 3799]
3809. ~product(X0,e_4,e_2) | equalish(X0,e_5) <- (52) [resolution 1063,56]
3810. ~product(e_5,X0,e_2) | equalish(X0,e_4) <- (52) [resolution 1063,55]
3969. 78 <=> product(e_4,e_3,e_1) [avatar definition]
3970. ~product(e_4,e_3,e_1) <- (~78) [avatar component clause 3969]
3971. product(e_4,e_3,e_1) <- (78) [avatar component clause 3969]
3989. 83 <=> product(e_5,e_3,e_1) [avatar definition]
3990. ~product(e_5,e_3,e_1) <- (~83) [avatar component clause 3989]
3991. product(e_5,e_3,e_1) <- (83) [avatar component clause 3989]
3998. ~product(X0,e_3,e_1) | equalish(X0,e_4) <- (78) [resolution 3971,56]
4003. product(e_1,e_4,e_3) | product(e_1,e_4,e_1) | equalish(e_1,e_4) | product(e_4,e_1,e_2) | product(e_4,e_1,e_1) | product(e_1,e_4,e_2) | ~group_element(e_1) <- (~12, 33) [resolution 725,260]
4038. product(e_1,e_4,e_3) | product(e_1,e_4,e_1) | product(e_4,e_1,e_2) | product(e_4,e_1,e_1) | product(e_1,e_4,e_2) | ~group_element(e_1) <- (~12, 33) [forward subsumption resolution 4003,35]
4043. product(e_1,e_4,e_3) | product(e_1,e_4,e_1) | product(e_4,e_1,e_1) | product(e_1,e_4,e_2) | ~group_element(e_1) <- (~12, ~13, 33) [forward subsumption resolution 4038,264]
4049. product(e_1,e_4,e_3) | product(e_1,e_4,e_1) | product(e_1,e_4,e_2) | ~group_element(e_1) <- (~11, ~12, ~13, 33) [forward subsumption resolution 4043,256]
4051. product(e_1,e_4,e_3) | product(e_1,e_4,e_1) | product(e_1,e_4,e_2) <- (~11, ~12, ~13, 33) [forward subsumption resolution 4049,28]
4053. 39 | 40 | 38 | 11 | 12 | 13 | ~33 [avatar split clause 4051,724,263,259,255,794,802,798]
4057. equalish(e_4,e_1) <- (40) [resolution 804,74]
4065. $false <- (40) [forward subsumption resolution 4057,45]
4066. ~40 [avatar contradiction clause 4065]
4072. 86 <=> product(e_4,e_1,e_4) [avatar definition]
4073. ~product(e_4,e_1,e_4) <- (~86) [avatar component clause 4072]
4074. product(e_4,e_1,e_4) <- (86) [avatar component clause 4072]
4079. product(e_4,e_1,e_1) | product(e_4,e_1,e_2) | product(e_4,e_1,e_3) | product(e_4,e_1,e_4) | ~group_element(e_4) | ~group_element(e_1) | product(e_3,e_5,e_1) <- (38) [resolution 796,121]
4080. ~product(X0,e_4,e_3) | equalish(X0,e_1) <- (38) [resolution 796,56]
4081. ~product(e_1,X0,e_3) | equalish(X0,e_4) <- (38) [resolution 796,55]
4084. product(e_4,e_1,e_2) | product(e_4,e_1,e_3) | product(e_4,e_1,e_4) | ~group_element(e_4) | ~group_element(e_1) | product(e_3,e_5,e_1) <- (~11, 38) [forward subsumption resolution 4079,256]
4085. product(e_4,e_1,e_3) | product(e_4,e_1,e_4) | ~group_element(e_4) | ~group_element(e_1) | product(e_3,e_5,e_1) <- (~11, ~13, 38) [forward subsumption resolution 4084,264]
4086. product(e_4,e_1,e_4) | ~group_element(e_4) | ~group_element(e_1) | product(e_3,e_5,e_1) <- (~11, ~12, ~13, 38) [forward subsumption resolution 4085,260]
4087. product(e_4,e_1,e_4) | ~group_element(e_1) | product(e_3,e_5,e_1) <- (~11, ~12, ~13, 38) [forward subsumption resolution 4086,31]
4088. product(e_4,e_1,e_4) | product(e_3,e_5,e_1) <- (~11, ~12, ~13, 38) [forward subsumption resolution 4087,28]
4090. 87 <=> product(e_3,e_5,e_1) [avatar definition]
4091. ~product(e_3,e_5,e_1) <- (~87) [avatar component clause 4090]
4092. product(e_3,e_5,e_1) <- (87) [avatar component clause 4090]
4093. 87 | 86 | 11 | 12 | 13 | ~38 [avatar split clause 4088,794,263,259,255,4072,4090]
4126. equalish(e_1,e_4) <- (86) [resolution 4074,74]
4133. $false <- (86) [forward subsumption resolution 4126,35]
4134. ~86 [avatar contradiction clause 4133]
4208. ~product(e_3,X0,e_1) | equalish(X0,e_5) <- (87) [resolution 4092,55]
4214. 96 <=> product(e_5,e_3,e_4) [avatar definition]
4215. ~product(e_5,e_3,e_4) <- (~96) [avatar component clause 4214]
4216. product(e_5,e_3,e_4) <- (96) [avatar component clause 4214]
4218. 97 <=> product(e_5,e_3,e_3) [avatar definition]
4219. ~product(e_5,e_3,e_3) <- (~97) [avatar component clause 4218]
4220. product(e_5,e_3,e_3) <- (97) [avatar component clause 4218]
4222. 98 <=> product(e_5,e_3,e_2) [avatar definition]
4223. ~product(e_5,e_3,e_2) <- (~98) [avatar component clause 4222]
4224. product(e_5,e_3,e_2) <- (98) [avatar component clause 4222]
4914. equalish(e_5,e_4) <- (78, 83) [resolution 3998,3991]
4915. $false <- (78, 83) [forward subsumption resolution 4914,52]
4916. ~78 | ~83 [avatar contradiction clause 4915]
6380. equalish(e_5,e_3) | ~group_element(e_3) | product(e_5,e_3,e_1) | product(e_5,e_3,e_3) | product(e_5,e_3,e_2) <- (19, ~96) [resolution 4215,362]
6381. product(e_5,e_3,e_1) | product(e_5,e_3,e_2) | product(e_5,e_3,e_3) | ~group_element(e_3) | equalish(e_3,e_5) <- (~96) [resolution 4215,131]
6411. equalish(e_3,e_4) <- (52, 98) [resolution 4224,3810]
6422. $false <- (52, 98) [forward subsumption resolution 6411,43]
6423. ~52 | ~98 [avatar contradiction clause 6422]
6428. product(e_5,e_3,e_2) | product(e_5,e_3,e_3) | ~group_element(e_3) | equalish(e_3,e_5) <- (~83, ~96) [forward subsumption resolution 6381,3990]
6429. ~group_element(e_3) | product(e_5,e_3,e_1) | product(e_5,e_3,e_3) | product(e_5,e_3,e_2) <- (19, ~96) [forward subsumption resolution 6380,51]
6434. product(e_5,e_3,e_3) | ~group_element(e_3) | equalish(e_3,e_5) <- (~83, ~96, ~98) [forward subsumption resolution 6428,4223]
6435. product(e_5,e_3,e_1) | product(e_5,e_3,e_3) | product(e_5,e_3,e_2) <- (19, ~96) [forward subsumption resolution 6429,30]
6440. product(e_5,e_3,e_3) | equalish(e_3,e_5) <- (~83, ~96, ~98) [forward subsumption resolution 6434,30]
6441. product(e_5,e_3,e_3) | product(e_5,e_3,e_2) <- (19, ~83, ~96) [forward subsumption resolution 6435,3990]
6446. product(e_5,e_3,e_3) <- (~83, ~96, ~98) [forward subsumption resolution 6440,44]
6447. product(e_5,e_3,e_3) <- (19, ~83, ~96, ~98) [forward subsumption resolution 6441,4223]
6464. 97 | 83 | 96 | 98 [avatar split clause 6446,4222,4214,3989,4218]
6465. 97 | ~19 | 83 | 96 | 98 [avatar split clause 6447,4222,4214,3989,361,4218]
6467. equalish(e_5,e_4) <- (38, 55) [resolution 1103,4081]
6470. equalish(e_1,e_4) <- (24, 55) [resolution 1103,2573]
6481. $false <- (24, 55) [forward subsumption resolution 6470,35]
6482. ~24 | ~55 [avatar contradiction clause 6481]
6483. $false <- (38, 55) [forward subsumption resolution 6467,52]
6484. ~38 | ~55 [avatar contradiction clause 6483]
6496. equalish(e_5,e_3) <- (97) [resolution 4220,76]
6503. $false <- (97) [forward subsumption resolution 6496,51]
6504. ~97 [avatar contradiction clause 6503]
6514. equalish(e_5,e_1) <- (49) [resolution 1047,76]
6521. $false <- (49) [forward subsumption resolution 6514,49]
6522. ~49 [avatar contradiction clause 6521]
6536. product(e_5,e_1,e_1) | product(e_5,e_1,e_2) | product(e_5,e_1,e_3) | ~group_element(e_1) | equalish(e_1,e_5) <- (36, ~69) [forward subsumption resolution 3540,3267]
6537. equalish(e_5,e_1) | ~group_element(e_1) | product(e_5,e_1,e_1) | product(e_5,e_1,e_3) | product(e_5,e_1,e_2) <- (19, 36, ~69) [forward subsumption resolution 3539,3267]
6545. product(e_5,e_1,e_2) | product(e_5,e_1,e_3) | ~group_element(e_1) | equalish(e_1,e_5) <- (36, ~49, ~69) [forward subsumption resolution 6536,1046]
6546. ~group_element(e_1) | product(e_5,e_1,e_1) | product(e_5,e_1,e_3) | product(e_5,e_1,e_2) <- (19, 36, ~69) [forward subsumption resolution 6537,49]
6554. product(e_5,e_1,e_2) | ~group_element(e_1) | equalish(e_1,e_5) <- (36, ~47, ~49, ~69) [forward subsumption resolution 6545,1038]
6555. product(e_5,e_1,e_1) | product(e_5,e_1,e_3) | product(e_5,e_1,e_2) <- (19, 36, ~69) [forward subsumption resolution 6546,28]
6563. product(e_5,e_1,e_2) | equalish(e_1,e_5) <- (36, ~47, ~49, ~69) [forward subsumption resolution 6554,28]
6564. product(e_5,e_1,e_3) | product(e_5,e_1,e_2) <- (19, 36, ~49, ~69) [forward subsumption resolution 6555,1046]
6576. product(e_5,e_1,e_2) <- (36, ~47, ~49, ~69) [forward subsumption resolution 6563,36]
6577. product(e_5,e_1,e_2) <- (19, 36, ~47, ~49, ~69) [forward subsumption resolution 6564,1038]
6595. 48 | ~36 | 47 | 49 | 69 [avatar split clause 6576,3266,1045,1037,786,1041]
6596. 48 | ~19 | ~36 | 47 | 49 | 69 [avatar split clause 6577,3266,1045,1037,786,361,1041]
6597. equalish(e_1,e_4) <- (48, 52) [resolution 1043,3810]
6598. product(e_2,e_4,e_5) <- (36, 48) [resolution 1043,1213]
6618. $false <- (48, 52) [forward subsumption resolution 6597,35]
6619. ~48 | ~52 [avatar contradiction clause 6618]
6684. 124 <=> product(e_4,e_3,e_4) [avatar definition]
6685. ~product(e_4,e_3,e_4) <- (~124) [avatar component clause 6684]
6686. product(e_4,e_3,e_4) <- (124) [avatar component clause 6684]
6688. 125 <=> product(e_4,e_3,e_3) [avatar definition]
6689. ~product(e_4,e_3,e_3) <- (~125) [avatar component clause 6688]
6690. product(e_4,e_3,e_3) <- (125) [avatar component clause 6688]
6692. 126 <=> product(e_4,e_3,e_2) [avatar definition]
6693. ~product(e_4,e_3,e_2) <- (~126) [avatar component clause 6692]
6694. product(e_4,e_3,e_2) <- (126) [avatar component clause 6692]
6706. equalish(e_3,e_4) <- (124) [resolution 6686,74]
6714. $false <- (124) [forward subsumption resolution 6706,43]
6715. ~124 [avatar contradiction clause 6714]
6722. 127 <=> product(e_3,e_4,e_4) [avatar definition]
6723. ~product(e_3,e_4,e_4) <- (~127) [avatar component clause 6722]
6724. product(e_3,e_4,e_4) <- (127) [avatar component clause 6722]
6726. 128 <=> product(e_3,e_4,e_3) [avatar definition]
6727. ~product(e_3,e_4,e_3) <- (~128) [avatar component clause 6726]
6728. product(e_3,e_4,e_3) <- (128) [avatar component clause 6726]
6730. 129 <=> product(e_3,e_4,e_2) [avatar definition]
6731. ~product(e_3,e_4,e_2) <- (~129) [avatar component clause 6730]
6732. product(e_3,e_4,e_2) <- (129) [avatar component clause 6730]
6734. 130 <=> product(e_3,e_4,e_1) [avatar definition]
6735. ~product(e_3,e_4,e_1) <- (~130) [avatar component clause 6734]
6736. product(e_3,e_4,e_1) <- (130) [avatar component clause 6734]
6998. equalish(e_4,e_3) <- (125) [resolution 6690,76]
7006. $false <- (125) [forward subsumption resolution 6998,47]
7007. ~125 [avatar contradiction clause 7006]
7334. equalish(e_3,e_4) <- (127) [resolution 6724,76]
7341. $false <- (127) [forward subsumption resolution 7334,43]
7342. ~127 [avatar contradiction clause 7341]
7623. equalish(e_3,e_5) <- (15) [resolution 302,73]
7640. $false <- (15) [forward subsumption resolution 7623,44]
7641. ~15 [avatar contradiction clause 7640]
7797. equalish(e_4,e_5) <- (87, 130) [resolution 6736,4208]
7805. $false <- (87, 130) [forward subsumption resolution 7797,48]
7806. ~87 | ~130 [avatar contradiction clause 7805]
7914. equalish(e_3,e_5) <- (52, 129) [resolution 6732,3809]
7922. $false <- (52, 129) [forward subsumption resolution 7914,44]
7923. ~52 | ~129 [avatar contradiction clause 7922]
8178. equalish(e_4,e_3) <- (128) [resolution 6728,74]
8187. $false <- (128) [forward subsumption resolution 8178,47]
8188. ~128 [avatar contradiction clause 8187]
8232. equalish(e_2,e_5) <- (16) [resolution 306,73]
8251. $false <- (16) [forward subsumption resolution 8232,40]
8252. ~16 [avatar contradiction clause 8251]
8271. ~product(e_5,X0,e_1) | equalish(X0,e_4) <- (20) [resolution 570,55]
8272. ~product(X0,e_4,e_1) | equalish(X0,e_5) <- (20) [resolution 570,56]
10346. 147 <=> product(e_2,e_4,e_1) [avatar definition]
10347. ~product(e_2,e_4,e_1) <- (~147) [avatar component clause 10346]
10348. product(e_2,e_4,e_1) <- (147) [avatar component clause 10346]
10389. 149 <=> product(e_4,e_2,e_1) [avatar definition]
10390. ~product(e_4,e_2,e_1) <- (~149) [avatar component clause 10389]
10391. product(e_4,e_2,e_1) <- (149) [avatar component clause 10389]
10393. 150 <=> product(e_4,e_2,e_2) [avatar definition]
10395. product(e_4,e_2,e_2) <- (150) [avatar component clause 10393]
10397. 151 <=> product(e_4,e_2,e_3) [avatar definition]
10399. product(e_4,e_2,e_3) <- (151) [avatar component clause 10397]
10417. 156 <=> product(e_4,e_2,e_4) [avatar definition]
10419. product(e_4,e_2,e_4) <- (156) [avatar component clause 10417]
10429. product(e_2,e_4,e_1) | product(e_2,e_4,e_2) | product(e_2,e_4,e_3) | product(e_2,e_4,e_4) | ~group_element(e_2) | ~group_element(e_4) | product(e_1,e_5,e_4) <- (149) [resolution 10391,121]
10651. equalish(e_3,e_4) <- (20, 83) [resolution 8271,3991]
10679. $false <- (20, 83) [forward subsumption resolution 10651,43]
10680. ~20 | ~83 [avatar contradiction clause 10679]
10923. equalish(e_2,e_5) <- (20, 147) [resolution 8272,10348]
10925. $false <- (20, 147) [forward subsumption resolution 10923,40]
10926. ~20 | ~147 [avatar contradiction clause 10925]
10941. 157 <=> product(e_2,e_4,e_2) [avatar definition]
10942. ~product(e_2,e_4,e_2) <- (~157) [avatar component clause 10941]
10943. product(e_2,e_4,e_2) <- (157) [avatar component clause 10941]
10945. 158 <=> product(e_2,e_4,e_3) [avatar definition]
10946. ~product(e_2,e_4,e_3) <- (~158) [avatar component clause 10945]
10947. product(e_2,e_4,e_3) <- (158) [avatar component clause 10945]
10994. equalish(e_4,e_2) <- (157) [resolution 10943,74]
11011. $false <- (157) [forward subsumption resolution 10994,46]
11012. ~157 [avatar contradiction clause 11011]
11293. equalish(e_2,e_1) <- (38, 158) [resolution 10947,4080]
11309. $false <- (38, 158) [forward subsumption resolution 11293,37]
11310. ~38 | ~158 [avatar contradiction clause 11309]
13184. equalish(e_2,e_1) <- (36, 44) [resolution 904,1210]
13187. product(e_5,e_2,e_2) | product(e_5,e_2,e_3) | ~group_element(e_2) | equalish(e_2,e_5) | product(e_5,e_2,e_1) | product(e_4,e_4,e_2) <- (44) [resolution 904,1016]
13220. product(e_5,e_2,e_2) | product(e_5,e_2,e_3) | equalish(e_2,e_5) | product(e_5,e_2,e_1) | product(e_4,e_4,e_2) <- (44) [forward subsumption resolution 13187,29]
13221. $false <- (36, 44) [forward subsumption resolution 13184,37]
13222. ~36 | ~44 [avatar contradiction clause 13221]
13229. product(e_5,e_2,e_2) | product(e_5,e_2,e_3) | product(e_5,e_2,e_1) | product(e_4,e_4,e_2) <- (44) [forward subsumption resolution 13220,40]
13231. 167 <=> product(e_5,e_2,e_1) [avatar definition]
13232. ~product(e_5,e_2,e_1) <- (~167) [avatar component clause 13231]
13233. product(e_5,e_2,e_1) <- (167) [avatar component clause 13231]
13235. 168 <=> product(e_5,e_2,e_2) [avatar definition]
13236. ~product(e_5,e_2,e_2) <- (~168) [avatar component clause 13235]
13237. product(e_5,e_2,e_2) <- (168) [avatar component clause 13235]
13239. 169 <=> product(e_5,e_2,e_3) [avatar definition]
13240. ~product(e_5,e_2,e_3) <- (~169) [avatar component clause 13239]
13241. product(e_5,e_2,e_3) <- (169) [avatar component clause 13239]
13260. 76 | 167 | 169 | 168 | ~44 [avatar split clause 13229,902,13235,13239,13231,3319]
13262. 174 <=> product(e_5,e_2,e_4) [avatar definition]
13263. ~product(e_5,e_2,e_4) <- (~174) [avatar component clause 13262]
13264. product(e_5,e_2,e_4) <- (174) [avatar component clause 13262]
13267. 175 <=> product(e_2,e_1,e_2) [avatar definition]
13268. ~product(e_2,e_1,e_2) <- (~175) [avatar component clause 13267]
13269. product(e_2,e_1,e_2) <- (175) [avatar component clause 13267]
13271. 176 <=> cycle(e_2,e_0) [avatar definition]
13272. cycle(e_2,e_0) <- (176) [avatar component clause 13271]
13273. ~cycle(e_2,e_0) <- (~176) [avatar component clause 13271]
13275. 177 <=> product(e_2,e_1,e_1) [avatar definition]
13276. ~product(e_2,e_1,e_1) <- (~177) [avatar component clause 13275]
13277. product(e_2,e_1,e_1) <- (177) [avatar component clause 13275]
13279. 178 <=> product(e_2,e_1,e_3) [avatar definition]
13280. ~product(e_2,e_1,e_3) <- (~178) [avatar component clause 13279]
13281. product(e_2,e_1,e_3) <- (178) [avatar component clause 13279]
13328. 179 <=> product(e_2,e_4,e_5) [avatar definition]
13329. ~product(e_2,e_4,e_5) <- (~179) [avatar component clause 13328]
13330. product(e_2,e_4,e_5) <- (179) [avatar component clause 13328]
13332. 180 <=> product(e_3,e_5,e_2) [avatar definition]
13333. ~product(e_3,e_5,e_2) <- (~180) [avatar component clause 13332]
13334. product(e_3,e_5,e_2) <- (180) [avatar component clause 13332]
13336. 181 <=> product(e_3,e_5,e_3) [avatar definition]
13337. ~product(e_3,e_5,e_3) <- (~181) [avatar component clause 13336]
13338. product(e_3,e_5,e_3) <- (181) [avatar component clause 13336]
13362. equalish(e_5,e_2) | ~group_element(e_2) | product(e_2,e_5,e_1) | product(e_2,e_5,e_3) | product(e_2,e_5,e_2) <- (18, ~44) [resolution 903,313]
13363. product(e_2,e_5,e_1) | product(e_2,e_5,e_2) | product(e_2,e_5,e_3) | equalish(e_2,e_5) | ~group_element(e_2) <- (~44) [resolution 903,178]
13372. product(e_2,e_5,e_1) | product(e_2,e_5,e_2) | product(e_2,e_5,e_3) | ~group_element(e_2) <- (~44) [forward subsumption resolution 13363,40]
13373. ~group_element(e_2) | product(e_2,e_5,e_1) | product(e_2,e_5,e_3) | product(e_2,e_5,e_2) <- (18, ~44) [forward subsumption resolution 13362,50]
13378. product(e_2,e_5,e_1) | product(e_2,e_5,e_2) | product(e_2,e_5,e_3) <- (~44) [forward subsumption resolution 13372,29]
13379. product(e_2,e_5,e_1) | product(e_2,e_5,e_3) | product(e_2,e_5,e_2) <- (18, ~44) [forward subsumption resolution 13373,29]
13381. 187 <=> product(e_2,e_5,e_3) [avatar definition]
13382. ~product(e_2,e_5,e_3) <- (~187) [avatar component clause 13381]
13383. product(e_2,e_5,e_3) <- (187) [avatar component clause 13381]
13385. 188 <=> product(e_2,e_5,e_2) [avatar definition]
13386. ~product(e_2,e_5,e_2) <- (~188) [avatar component clause 13385]
13387. product(e_2,e_5,e_2) <- (188) [avatar component clause 13385]
13389. 189 <=> product(e_2,e_5,e_1) [avatar definition]
13390. ~product(e_2,e_5,e_1) <- (~189) [avatar component clause 13389]
13391. product(e_2,e_5,e_1) <- (189) [avatar component clause 13389]
13408. 187 | 188 | 189 | 44 [avatar split clause 13378,902,13389,13385,13381]
13409. 188 | 187 | 189 | ~18 | 44 [avatar split clause 13379,902,312,13389,13381,13385]
13415. ~product(e_4,X0,e_2) | equalish(X0,e_1) <- (13) [resolution 265,55]
13444. equalish(e_5,e_2) <- (188) [resolution 13387,74]
13464. $false <- (188) [forward subsumption resolution 13444,50]
13465. ~188 [avatar contradiction clause 13464]
13568. ~product(e_2,X0,e_1) | equalish(X0,e_5) <- (189) [resolution 13391,55]
13623. equalish(e_2,e_4) <- (20, 167) [resolution 13233,8271]
13643. $false <- (20, 167) [forward subsumption resolution 13623,39]
13644. ~20 | ~167 [avatar contradiction clause 13643]
13669. equalish(e_5,e_2) <- (168) [resolution 13237,76]
13684. $false <- (168) [forward subsumption resolution 13669,50]
13685. ~168 [avatar contradiction clause 13684]
13737. 196 <=> product(e_2,e_3,e_4) [avatar definition]
13739. product(e_2,e_3,e_4) <- (196) [avatar component clause 13737]
13823. equalish(e_3,e_1) <- (13, 126) [resolution 13415,6694]
13835. $false <- (13, 126) [forward subsumption resolution 13823,41]
13836. ~13 | ~126 [avatar contradiction clause 13835]
13905. ~group_element(e_2) | cycle(e_2,e_1) | cycle(e_2,e_2) | cycle(e_2,e_3) | cycle(e_2,e_4) <- (~176) [resolution 13273,22]
13906. cycle(e_2,e_1) | cycle(e_2,e_2) | cycle(e_2,e_3) | cycle(e_2,e_4) <- (~176) [forward subsumption resolution 13905,29]
13908. 210 <=> cycle(e_2,e_4) [avatar definition]
13910. cycle(e_2,e_4) <- (210) [avatar component clause 13908]
13912. 211 <=> cycle(e_2,e_3) [avatar definition]
13914. cycle(e_2,e_3) <- (211) [avatar component clause 13912]
13916. 212 <=> cycle(e_2,e_2) [avatar definition]
13918. cycle(e_2,e_2) <- (212) [avatar component clause 13916]
13920. 213 <=> cycle(e_2,e_1) [avatar definition]
13922. cycle(e_2,e_1) <- (213) [avatar component clause 13920]
13923. 210 | 211 | 212 | 213 | 176 [avatar split clause 13906,13271,13920,13916,13912,13908]
13933. ~product(X0,e_1,e_3) | equalish(X0,e_4) <- (12) [resolution 261,56]
14012. product(e_2,e_1,e_2) | product(e_2,e_1,e_3) | product(e_2,e_1,e_4) | ~group_element(e_2) | product(e_2,e_1,e_1) | ~greater(e_3,e_0) | ~next(e_2,X0) | equalish(e_5,X0) <- (211) [resolution 13914,130]
14249. 221 <=> ! [X0] : (equalish(X0,e_4) | product(e_1,X0,e_4) | product(e_1,X0,e_3) | product(e_1,X0,e_2) | product(e_1,X0,e_1) | ~group_element(X0)) [avatar definition]
14250. product(e_1,X0,e_4) | equalish(X0,e_4) | product(e_1,X0,e_3) | product(e_1,X0,e_2) | product(e_1,X0,e_1) | ~group_element(X0) <- (221) [avatar component clause 14249]
14257. 223 <=> ! [X0] : (equalish(X0,e_1) | product(X0,e_4,e_4) | ~group_element(X0) | product(X0,e_4,e_3) | product(X0,e_4,e_2) | product(X0,e_4,e_1)) [avatar definition]
14258. product(X0,e_4,e_4) | equalish(X0,e_1) | ~group_element(X0) | product(X0,e_4,e_3) | product(X0,e_4,e_2) | product(X0,e_4,e_1) <- (223) [avatar component clause 14257]
14261. 224 <=> ! [X0] : (equalish(e_1,X0) | product(X0,e_4,e_4) | product(X0,e_4,e_1) | product(X0,e_4,e_2) | ~group_element(X0) | product(X0,e_4,e_3)) [avatar definition]
14262. product(X0,e_4,e_4) | equalish(e_1,X0) | product(X0,e_4,e_1) | product(X0,e_4,e_2) | ~group_element(X0) | product(X0,e_4,e_3) <- (224) [avatar component clause 14261]
14283. product(e_2,e_1,e_2) | product(e_2,e_1,e_3) | product(e_2,e_1,e_4) | product(e_2,e_1,e_1) | ~greater(e_3,e_0) | ~next(e_2,X0) | equalish(e_5,X0) <- (211) [forward subsumption resolution 14012,29]
14284. product(e_2,e_1,e_2) | product(e_2,e_1,e_3) | product(e_2,e_1,e_4) | product(e_2,e_1,e_1) | ~next(e_2,X0) | equalish(e_5,X0) <- (211) [forward subsumption resolution 14283,8]
14286. 225 <=> ! [X0] : (~next(e_2,X0) | equalish(e_5,X0)) [avatar definition]
14287. ~next(e_2,X0) | equalish(e_5,X0) <- (225) [avatar component clause 14286]
14289. 226 <=> product(e_2,e_1,e_4) [avatar definition]
14290. ~product(e_2,e_1,e_4) <- (~226) [avatar component clause 14289]
14291. product(e_2,e_1,e_4) <- (226) [avatar component clause 14289]
14292. 225 | 177 | 226 | 178 | 175 | ~211 [avatar split clause 14284,13912,13267,13279,14289,13275,14286]
14293. equalish(e_3,e_1) <- (36, 42) [resolution 838,1210]
14323. $false <- (36, 42) [forward subsumption resolution 14293,41]
14324. ~36 | ~42 [avatar contradiction clause 14323]
14330. ~product(e_1,X0,e_2) | equalish(X0,e_4) <- (39) [resolution 800,55]
14331. ~product(X0,e_4,e_2) | equalish(X0,e_1) <- (39) [resolution 800,56]
14334. product(e_4,e_1,e_1) | product(e_4,e_1,e_2) | product(e_4,e_1,e_3) | product(e_4,e_1,e_4) | ~group_element(e_4) | ~group_element(e_1) | product(e_2,e_5,e_1) <- (39) [resolution 800,121]
14344. equalish(e_5,e_3) | ~group_element(e_3) | product(e_3,e_5,e_1) | product(e_3,e_5,e_3) | product(e_3,e_5,e_2) <- (18, ~42) [resolution 837,313]
14345. product(e_3,e_5,e_1) | product(e_3,e_5,e_2) | product(e_3,e_5,e_3) | equalish(e_3,e_5) | ~group_element(e_3) <- (~42) [resolution 837,178]
14354. product(e_3,e_5,e_2) | product(e_3,e_5,e_3) | equalish(e_3,e_5) | ~group_element(e_3) <- (~42, ~87) [forward subsumption resolution 14345,4091]
14355. ~group_element(e_3) | product(e_3,e_5,e_1) | product(e_3,e_5,e_3) | product(e_3,e_5,e_2) <- (18, ~42) [forward subsumption resolution 14344,51]
14360. product(e_3,e_5,e_2) | product(e_3,e_5,e_3) | ~group_element(e_3) <- (~42, ~87) [forward subsumption resolution 14354,44]
14361. product(e_3,e_5,e_1) | product(e_3,e_5,e_3) | product(e_3,e_5,e_2) <- (18, ~42) [forward subsumption resolution 14355,30]
14366. product(e_3,e_5,e_2) | product(e_3,e_5,e_3) <- (~42, ~87) [forward subsumption resolution 14360,30]
14367. product(e_3,e_5,e_3) | product(e_3,e_5,e_2) <- (18, ~42, ~87) [forward subsumption resolution 14361,4091]
14372. 181 | 180 | 42 | 87 [avatar split clause 14366,4090,836,13332,13336]
14381. ~product(e_5,X0,e_3) | equalish(X0,e_4) <- (51) [resolution 1059,55]
14517. product(e_4,e_2,e_4) | product(e_2,e_4,e_3) | ~group_element(e_2) | ~group_element(e_4) | product(e_2,e_4,e_2) | product(e_4,e_2,e_1) | product(e_4,e_2,e_2) | product(e_4,e_2,e_3) | product(e_2,e_4,e_1) | product(e_5,e_5,e_4) | equalish(e_5,e_4) <- (179) [resolution 13330,690]
14545. equalish(e_5,e_3) <- (181) [resolution 13338,74]
14561. $false <- (181) [forward subsumption resolution 14545,51]
14562. ~181 [avatar contradiction clause 14561]
14689. product(e_2,e_1,e_1) | ~group_element(e_2) | ~cycle(e_2,e_0) | ~greater(e_5,e_2) | ~greater(e_4,e_2) | ~greater(e_3,e_2) | equalish(e_1,e_2) [resolution 1168,74]
15644. equalish(e_4,e_3) <- (67) [resolution 2188,3]
15645. $false <- (67) [forward subsumption resolution 15644,47]
15646. ~67 [avatar contradiction clause 15645]
15652. 228 <=> product(e_1,e_2,e_1) [avatar definition]
15653. ~product(e_1,e_2,e_1) <- (~228) [avatar component clause 15652]
15654. product(e_1,e_2,e_1) <- (228) [avatar component clause 15652]
15656. 229 <=> product(e_1,e_2,e_2) [avatar definition]
15657. ~product(e_1,e_2,e_2) <- (~229) [avatar component clause 15656]
15658. product(e_1,e_2,e_2) <- (229) [avatar component clause 15656]
15660. 230 <=> product(e_1,e_2,e_3) [avatar definition]
15661. ~product(e_1,e_2,e_3) <- (~230) [avatar component clause 15660]
15662. product(e_1,e_2,e_3) <- (230) [avatar component clause 15660]
15664. 231 <=> product(e_1,e_2,e_4) [avatar definition]
15665. ~product(e_1,e_2,e_4) <- (~231) [avatar component clause 15664]
15666. product(e_1,e_2,e_4) <- (231) [avatar component clause 15664]
15869. equalish(e_1,e_2) <- (175) [resolution 13269,74]
15890. $false <- (175) [forward subsumption resolution 15869,33]
15891. ~175 [avatar contradiction clause 15890]
16172. equalish(e_2,e_4) <- (36, 56) [resolution 1107,1212]
16195. $false <- (36, 56) [forward subsumption resolution 16172,39]
16196. ~36 | ~56 [avatar contradiction clause 16195]
16404. ~cycle(e_2,X0) | ~greater(X0,e_0) | ~next(e_2,X1) | equalish(e_4,X1) <- (226) [resolution 14291,27]
16437. 67 | 68 | ~226 [avatar split clause 16404,14289,2190,2187]
16612. equalish(e_2,e_1) <- (177) [resolution 13277,76]
16627. $false <- (177) [forward subsumption resolution 16612,37]
16628. ~177 [avatar contradiction clause 16627]
16998. equalish(e_2,e_4) <- (12, 178) [resolution 13281,13933]
17023. $false <- (12, 178) [forward subsumption resolution 16998,39]
17024. ~12 | ~178 [avatar contradiction clause 17023]
17387. equalish(e_1,e_2) <- (229) [resolution 15658,76]
17402. $false <- (229) [forward subsumption resolution 17387,33]
17403. ~229 [avatar contradiction clause 17402]
17412. equalish(e_2,e_1) <- (228) [resolution 15654,74]
17428. $false <- (228) [forward subsumption resolution 17412,37]
17429. ~228 [avatar contradiction clause 17428]
18166. ~group_element(e_2) | ~cycle(e_2,e_0) | ~greater(e_5,e_2) | ~greater(e_4,e_2) | ~greater(e_3,e_2) | equalish(e_1,e_2) <- (~177) [forward subsumption resolution 14689,13276]
18181. ~cycle(e_2,e_0) | ~greater(e_5,e_2) | ~greater(e_4,e_2) | ~greater(e_3,e_2) | equalish(e_1,e_2) <- (~177) [forward subsumption resolution 18166,29]
18194. ~greater(e_5,e_2) | ~greater(e_4,e_2) | ~greater(e_3,e_2) | equalish(e_1,e_2) <- (176, ~177) [forward subsumption resolution 18181,13272]
18207. ~greater(e_4,e_2) | ~greater(e_3,e_2) | equalish(e_1,e_2) <- (176, ~177) [forward subsumption resolution 18194,17]
18220. ~greater(e_3,e_2) | equalish(e_1,e_2) <- (176, ~177) [forward subsumption resolution 18207,16]
18233. equalish(e_1,e_2) <- (176, ~177) [forward subsumption resolution 18220,15]
18249. $false <- (176, ~177) [forward subsumption resolution 18233,33]
18250. ~176 | 177 [avatar contradiction clause 18249]
18589. product(X0,e_4,e_4) | equalish(X0,e_1) | ~group_element(e_1) | product(e_1,e_4,e_2) | product(X0,e_4,e_1) | product(X0,e_4,e_2) | product(X0,e_4,e_3) | product(e_1,e_4,e_1) | ~group_element(X0) | equalish(e_1,e_4) <- (~38) [resolution 1383,795]
19029. product(X0,e_4,e_4) | equalish(e_1,X0) | ~group_element(X0) | product(X0,e_4,e_2) | product(e_1,e_4,e_1) | product(e_1,e_4,e_2) | product(X0,e_4,e_3) | product(X0,e_4,e_1) | ~group_element(e_1) | equalish(e_1,e_4) <- (~38) [resolution 1389,795]
19878. product(e_2,e_4,e_2) | product(e_2,e_4,e_3) | product(e_2,e_4,e_4) | ~group_element(e_2) | ~group_element(e_4) | product(e_1,e_5,e_4) <- (~147, 149) [forward subsumption resolution 10429,10347]
19892. product(e_2,e_4,e_3) | product(e_2,e_4,e_4) | ~group_element(e_2) | ~group_element(e_4) | product(e_1,e_5,e_4) <- (~147, 149, ~157) [forward subsumption resolution 19878,10942]
19902. product(e_2,e_4,e_4) | ~group_element(e_2) | ~group_element(e_4) | product(e_1,e_5,e_4) <- (~147, 149, ~157, ~158) [forward subsumption resolution 19892,10946]
19908. product(e_2,e_4,e_4) | ~group_element(e_4) | product(e_1,e_5,e_4) <- (~147, 149, ~157, ~158) [forward subsumption resolution 19902,29]
19911. product(e_2,e_4,e_4) | product(e_1,e_5,e_4) <- (~147, 149, ~157, ~158) [forward subsumption resolution 19908,31]
19912. product(e_2,e_4,e_4) <- (~36, ~147, 149, ~157, ~158) [forward subsumption resolution 19911,787]
19929. product(e_2,e_1,e_2) | product(e_2,e_1,e_3) | product(e_2,e_1,e_4) | ~group_element(e_2) | product(e_2,e_1,e_1) | ~greater(e_4,e_0) | ~next(e_2,X0) | equalish(e_5,X0) <- (210) [resolution 13910,130]
20436. product(e_5,e_2,e_2) | product(e_5,e_2,e_3) | ~group_element(e_2) | equalish(e_2,e_5) | product(e_5,e_2,e_1) | equalish(e_1,e_5) <- (231) [resolution 15666,1013]
20707. equalish(e_2,e_4) <- (~36, ~147, 149, ~157, ~158) [resolution 19912,76]
20724. $false <- (~36, ~147, 149, ~157, ~158) [forward subsumption resolution 20707,39]
20725. 36 | 147 | ~149 | 157 | 158 [avatar contradiction clause 20724]
20761. product(e_4,e_2,e_4) | ~group_element(e_2) | ~group_element(e_4) | product(e_2,e_4,e_2) | product(e_4,e_2,e_1) | product(e_4,e_2,e_2) | product(e_4,e_2,e_3) | product(e_2,e_4,e_1) | product(e_5,e_5,e_4) | equalish(e_5,e_4) <- (~158, 179) [forward subsumption resolution 14517,10946]
20768. product(e_4,e_2,e_4) | ~group_element(e_4) | product(e_2,e_4,e_2) | product(e_4,e_2,e_1) | product(e_4,e_2,e_2) | product(e_4,e_2,e_3) | product(e_2,e_4,e_1) | product(e_5,e_5,e_4) | equalish(e_5,e_4) <- (~158, 179) [forward subsumption resolution 20761,29]
20775. product(e_4,e_2,e_4) | product(e_2,e_4,e_2) | product(e_4,e_2,e_1) | product(e_4,e_2,e_2) | product(e_4,e_2,e_3) | product(e_2,e_4,e_1) | product(e_5,e_5,e_4) | equalish(e_5,e_4) <- (~158, 179) [forward subsumption resolution 20768,31]
20782. product(e_4,e_2,e_4) | product(e_4,e_2,e_1) | product(e_4,e_2,e_2) | product(e_4,e_2,e_3) | product(e_2,e_4,e_1) | product(e_5,e_5,e_4) | equalish(e_5,e_4) <- (~157, ~158, 179) [forward subsumption resolution 20775,10942]
20789. product(e_4,e_2,e_4) | product(e_4,e_2,e_2) | product(e_4,e_2,e_3) | product(e_2,e_4,e_1) | product(e_5,e_5,e_4) | equalish(e_5,e_4) <- (~149, ~157, ~158, 179) [forward subsumption resolution 20782,10390]
20792. product(e_4,e_2,e_4) | product(e_4,e_2,e_2) | product(e_4,e_2,e_3) | product(e_5,e_5,e_4) | equalish(e_5,e_4) <- (~147, ~149, ~157, ~158, 179) [forward subsumption resolution 20789,10347]
20794. product(e_4,e_2,e_4) | product(e_4,e_2,e_2) | product(e_4,e_2,e_3) | equalish(e_5,e_4) <- (~17, ~147, ~149, ~157, ~158, 179) [forward subsumption resolution 20792,309]
20796. product(e_4,e_2,e_4) | product(e_4,e_2,e_2) | product(e_4,e_2,e_3) <- (~17, ~147, ~149, ~157, ~158, 179) [forward subsumption resolution 20794,52]
20798. 151 | 150 | 156 | 17 | 147 | 149 | 157 | 158 | ~179 [avatar split clause 20796,13328,10945,10941,10389,10346,308,10417,10393,10397]
20971. equalish(e_4,e_2) <- (150) [resolution 10395,76]
20987. $false <- (150) [forward subsumption resolution 20971,46]
20988. ~150 [avatar contradiction clause 20987]
21516. ~greater(e_4,e_0) <- (68, 210) [resolution 2191,13910]
21517. $false <- (68, 210) [forward subsumption resolution 21516,9]
21518. ~68 | ~210 [avatar contradiction clause 21517]
21538. ~product(e_4,X0,e_1) | equalish(X0,e_5) <- (26) [resolution 602,55]
21539. ~product(X0,e_5,e_1) | equalish(X0,e_4) <- (26) [resolution 602,56]
21943. equalish(e_5,e_3) <- (225) [resolution 14287,3]
21944. $false <- (225) [forward subsumption resolution 21943,51]
21945. ~225 [avatar contradiction clause 21944]
21946. product(e_2,e_1,e_3) | product(e_2,e_1,e_4) | ~group_element(e_2) | product(e_2,e_1,e_1) | ~greater(e_4,e_0) | ~next(e_2,X0) | equalish(e_5,X0) <- (~175, 210) [forward subsumption resolution 19929,13268]
21947. product(e_2,e_1,e_4) | ~group_element(e_2) | product(e_2,e_1,e_1) | ~greater(e_4,e_0) | ~next(e_2,X0) | equalish(e_5,X0) <- (~175, ~178, 210) [forward subsumption resolution 21946,13280]
21948. ~group_element(e_2) | product(e_2,e_1,e_1) | ~greater(e_4,e_0) | ~next(e_2,X0) | equalish(e_5,X0) <- (~175, ~178, 210, ~226) [forward subsumption resolution 21947,14290]
21949. product(e_2,e_1,e_1) | ~greater(e_4,e_0) | ~next(e_2,X0) | equalish(e_5,X0) <- (~175, ~178, 210, ~226) [forward subsumption resolution 21948,29]
21950. ~greater(e_4,e_0) | ~next(e_2,X0) | equalish(e_5,X0) <- (~175, ~177, ~178, 210, ~226) [forward subsumption resolution 21949,13276]
21951. ~next(e_2,X0) | equalish(e_5,X0) <- (~175, ~177, ~178, 210, ~226) [forward subsumption resolution 21950,9]
21952. 225 | 175 | 177 | 178 | ~210 | 226 [avatar split clause 21951,14289,13908,13279,13275,13267,14286]
23228. ~greater(e_3,e_0) <- (68, 211) [resolution 2191,13914]
23229. $false <- (68, 211) [forward subsumption resolution 23228,8]
23230. ~68 | ~211 [avatar contradiction clause 23229]
23608. ~greater(e_1,e_0) <- (68, 213) [resolution 13922,2191]
23626. $false <- (68, 213) [forward subsumption resolution 23608,6]
23627. ~68 | ~213 [avatar contradiction clause 23626]
24030. ~greater(e_2,e_0) <- (68, 212) [resolution 13918,2191]
24048. $false <- (68, 212) [forward subsumption resolution 24030,7]
24049. ~68 | ~212 [avatar contradiction clause 24048]
24260. product(e_2,e_1,e_2) | product(e_2,e_1,e_3) | product(e_2,e_1,e_4) | ~group_element(e_2) | product(e_2,e_1,e_1) | ~greater(e_1,e_0) | ~next(e_2,X0) | equalish(e_5,X0) <- (213) [resolution 13922,130]
24267. product(e_2,e_1,e_3) | product(e_2,e_1,e_4) | ~group_element(e_2) | product(e_2,e_1,e_1) | ~greater(e_1,e_0) | ~next(e_2,X0) | equalish(e_5,X0) <- (~175, 213) [forward subsumption resolution 24260,13268]
24270. product(e_2,e_1,e_4) | ~group_element(e_2) | product(e_2,e_1,e_1) | ~greater(e_1,e_0) | ~next(e_2,X0) | equalish(e_5,X0) <- (~175, ~178, 213) [forward subsumption resolution 24267,13280]
24271. ~group_element(e_2) | product(e_2,e_1,e_1) | ~greater(e_1,e_0) | ~next(e_2,X0) | equalish(e_5,X0) <- (~175, ~178, 213, ~226) [forward subsumption resolution 24270,14290]
24272. product(e_2,e_1,e_1) | ~greater(e_1,e_0) | ~next(e_2,X0) | equalish(e_5,X0) <- (~175, ~178, 213, ~226) [forward subsumption resolution 24271,29]
24273. ~greater(e_1,e_0) | ~next(e_2,X0) | equalish(e_5,X0) <- (~175, ~177, ~178, 213, ~226) [forward subsumption resolution 24272,13276]
24274. ~next(e_2,X0) | equalish(e_5,X0) <- (~175, ~177, ~178, 213, ~226) [forward subsumption resolution 24273,6]
24275. 225 | 175 | 177 | 178 | ~213 | 226 [avatar split clause 24274,14289,13920,13279,13275,13267,14286]
24471. product(e_2,e_1,e_2) | product(e_2,e_1,e_3) | product(e_2,e_1,e_4) | ~group_element(e_2) | product(e_2,e_1,e_1) | ~greater(e_2,e_0) | ~next(e_2,X0) | equalish(e_5,X0) <- (212) [resolution 13918,130]
24478. product(e_2,e_1,e_3) | product(e_2,e_1,e_4) | ~group_element(e_2) | product(e_2,e_1,e_1) | ~greater(e_2,e_0) | ~next(e_2,X0) | equalish(e_5,X0) <- (~175, 212) [forward subsumption resolution 24471,13268]
24481. product(e_2,e_1,e_4) | ~group_element(e_2) | product(e_2,e_1,e_1) | ~greater(e_2,e_0) | ~next(e_2,X0) | equalish(e_5,X0) <- (~175, ~178, 212) [forward subsumption resolution 24478,13280]
24482. ~group_element(e_2) | product(e_2,e_1,e_1) | ~greater(e_2,e_0) | ~next(e_2,X0) | equalish(e_5,X0) <- (~175, ~178, 212, ~226) [forward subsumption resolution 24481,14290]
24483. product(e_2,e_1,e_1) | ~greater(e_2,e_0) | ~next(e_2,X0) | equalish(e_5,X0) <- (~175, ~178, 212, ~226) [forward subsumption resolution 24482,29]
24484. ~greater(e_2,e_0) | ~next(e_2,X0) | equalish(e_5,X0) <- (~175, ~177, ~178, 212, ~226) [forward subsumption resolution 24483,13276]
24485. ~next(e_2,X0) | equalish(e_5,X0) <- (~175, ~177, ~178, 212, ~226) [forward subsumption resolution 24484,7]
24486. 225 | 175 | 177 | 178 | ~212 | 226 [avatar split clause 24485,14289,13916,13279,13275,13267,14286]
24717. ~product(e_2,X0,e_3) | equalish(X0,e_1) <- (178) [resolution 13281,55]
24718. ~product(X0,e_1,e_3) | equalish(X0,e_2) <- (178) [resolution 13281,56]
24721. product(e_1,e_2,e_1) | product(e_1,e_2,e_2) | product(e_1,e_2,e_3) | product(e_1,e_2,e_4) | ~group_element(e_1) | ~group_element(e_2) | product(e_3,e_5,e_2) <- (178) [resolution 13281,121]
25219. equalish(e_5,e_4) <- (39, 56) [resolution 14330,1107]
25222. $false <- (39, 56) [forward subsumption resolution 25219,52]
25223. ~39 | ~56 [avatar contradiction clause 25222]
25237. equalish(e_5,e_1) <- (57) [resolution 1111,74]
25257. $false <- (57) [forward subsumption resolution 25237,49]
25258. ~57 [avatar contradiction clause 25257]
25275. product(e_5,e_1,e_1) | product(e_5,e_1,e_2) | product(e_5,e_1,e_3) | product(e_5,e_1,e_4) | ~group_element(e_5) | ~group_element(e_1) | product(e_3,e_5,e_1) <- (55) [resolution 1103,121]
25367. equalish(e_2,e_4) <- (51, 169) [resolution 14381,13241]
25454. $false <- (51, 169) [forward subsumption resolution 25367,39]
25455. ~51 | ~169 [avatar contradiction clause 25454]
25523. product(e_5,e_1,e_2) | product(e_5,e_1,e_3) | product(e_5,e_1,e_4) | ~group_element(e_5) | ~group_element(e_1) | product(e_3,e_5,e_1) <- (~49, 55) [forward subsumption resolution 25275,1046]
25541. product(e_5,e_1,e_3) | product(e_5,e_1,e_4) | ~group_element(e_5) | ~group_element(e_1) | product(e_3,e_5,e_1) <- (~48, ~49, 55) [forward subsumption resolution 25523,1042]
25549. product(e_5,e_1,e_4) | ~group_element(e_5) | ~group_element(e_1) | product(e_3,e_5,e_1) <- (~47, ~48, ~49, 55) [forward subsumption resolution 25541,1038]
25556. product(e_5,e_1,e_4) | ~group_element(e_1) | product(e_3,e_5,e_1) <- (~47, ~48, ~49, 55) [forward subsumption resolution 25549,32]
25558. product(e_5,e_1,e_4) | product(e_3,e_5,e_1) <- (~47, ~48, ~49, 55) [forward subsumption resolution 25556,28]
25559. product(e_5,e_1,e_4) <- (~47, ~48, ~49, 55, ~87) [forward subsumption resolution 25558,4091]
25560. 58 | 47 | 48 | 49 | ~55 | 87 [avatar split clause 25559,4090,1101,1045,1041,1037,1148]
25576. equalish(e_5,e_1) <- (39, 52) [resolution 1063,14331]
25595. $false <- (39, 52) [forward subsumption resolution 25576,49]
25596. ~39 | ~52 [avatar contradiction clause 25595]
25602. product(e_5,e_2,e_3) | ~group_element(e_2) | equalish(e_2,e_5) | product(e_5,e_2,e_1) | equalish(e_1,e_5) <- (~168, 231) [forward subsumption resolution 20436,13236]
25604. ~group_element(e_2) | equalish(e_2,e_5) | product(e_5,e_2,e_1) | equalish(e_1,e_5) <- (~168, ~169, 231) [forward subsumption resolution 25602,13240]
25605. equalish(e_2,e_5) | product(e_5,e_2,e_1) | equalish(e_1,e_5) <- (~168, ~169, 231) [forward subsumption resolution 25604,29]
25606. product(e_5,e_2,e_1) | equalish(e_1,e_5) <- (~168, ~169, 231) [forward subsumption resolution 25605,40]
25607. equalish(e_1,e_5) <- (~167, ~168, ~169, 231) [forward subsumption resolution 25606,13232]
25608. $false <- (~167, ~168, ~169, 231) [forward subsumption resolution 25607,36]
25609. 167 | 168 | 169 | ~231 [avatar contradiction clause 25608]
25621. ~product(e_4,e_5,X0) | product(X0,e_3,e_4) <- (51) [resolution 1059,58]
25647. ~product(e_5,X0,e_1) | equalish(X0,e_2) <- (167) [resolution 13233,55]
25776. ~product(e_5,X0,e_4) | equalish(X0,e_1) <- (58) [resolution 1150,55]
26230. equalish(e_4,e_5) <- (147, 189) [resolution 13568,10348]
26233. $false <- (147, 189) [forward subsumption resolution 26230,48]
26234. ~147 | ~189 [avatar contradiction clause 26233]
26237. product(e_4,e_1,e_2) | product(e_4,e_1,e_3) | product(e_4,e_1,e_4) | ~group_element(e_4) | ~group_element(e_1) | product(e_2,e_5,e_1) <- (~11, 39) [forward subsumption resolution 14334,256]
26238. product(e_4,e_1,e_3) | product(e_4,e_1,e_4) | ~group_element(e_4) | ~group_element(e_1) | product(e_2,e_5,e_1) <- (~11, ~13, 39) [forward subsumption resolution 26237,264]
26239. product(e_4,e_1,e_4) | ~group_element(e_4) | ~group_element(e_1) | product(e_2,e_5,e_1) <- (~11, ~12, ~13, 39) [forward subsumption resolution 26238,260]
26240. ~group_element(e_4) | ~group_element(e_1) | product(e_2,e_5,e_1) <- (~11, ~12, ~13, 39, ~86) [forward subsumption resolution 26239,4073]
26241. ~group_element(e_1) | product(e_2,e_5,e_1) <- (~11, ~12, ~13, 39, ~86) [forward subsumption resolution 26240,31]
26242. product(e_2,e_5,e_1) <- (~11, ~12, ~13, 39, ~86) [forward subsumption resolution 26241,28]
26455. product(e_2,e_3,e_4) <- (25, 51) [resolution 25621,598]
26456. product(e_1,e_3,e_4) <- (26, 51) [resolution 25621,602]
26504. product(e_2,e_5,e_2) | product(e_2,e_5,e_3) | equalish(e_2,e_5) | ~group_element(e_2) | product(e_2,e_5,e_1) | equalish(e_3,e_5) <- (196) [resolution 13739,1075]
26998. ~product(e_1,X0,e_4) | equalish(X0,e_3) <- (26, 51) [resolution 26456,55]
28155. ~group_element(e_4) | product(e_2,e_4,e_1) | product(e_2,e_4,e_2) | product(e_2,e_4,e_3) | product(e_2,e_4,e_4) | ~group_element(e_2) <- (~179) [resolution 13329,53]
28156. product(e_2,e_4,e_1) | product(e_2,e_4,e_2) | product(e_2,e_4,e_3) | product(e_2,e_4,e_4) | ~group_element(e_2) <- (~179) [forward subsumption resolution 28155,31]
28157. product(e_2,e_4,e_2) | product(e_2,e_4,e_3) | product(e_2,e_4,e_4) | ~group_element(e_2) <- (~147, ~179) [forward subsumption resolution 28156,10347]
28158. product(e_2,e_4,e_3) | product(e_2,e_4,e_4) | ~group_element(e_2) <- (~147, ~157, ~179) [forward subsumption resolution 28157,10942]
28159. product(e_2,e_4,e_4) | ~group_element(e_2) <- (~147, ~157, ~158, ~179) [forward subsumption resolution 28158,10946]
28160. product(e_2,e_4,e_4) <- (~147, ~157, ~158, ~179) [forward subsumption resolution 28159,29]
28427. equalish(e_2,e_4) <- (~147, ~157, ~158, ~179) [resolution 28160,76]
28452. $false <- (~147, ~157, ~158, ~179) [forward subsumption resolution 28427,39]
28453. 147 | 157 | 158 | 179 [avatar contradiction clause 28452]
28797. ~product(e_2,e_4,X0) | equalish(X0,e_5) <- (179) [resolution 13330,54]
29281. product(e_2,e_4,e_1) | product(e_2,e_4,e_2) | product(e_2,e_4,e_3) | product(e_2,e_4,e_4) | ~group_element(e_2) | ~group_element(e_4) | product(e_3,e_5,e_4) <- (151) [resolution 10399,121]
29296. product(e_2,e_4,e_2) | product(e_2,e_4,e_3) | product(e_2,e_4,e_4) | ~group_element(e_2) | ~group_element(e_4) | product(e_3,e_5,e_4) <- (~147, 151) [forward subsumption resolution 29281,10347]
29297. product(e_2,e_4,e_3) | product(e_2,e_4,e_4) | ~group_element(e_2) | ~group_element(e_4) | product(e_3,e_5,e_4) <- (~147, 151, ~157) [forward subsumption resolution 29296,10942]
29298. product(e_2,e_4,e_4) | ~group_element(e_2) | ~group_element(e_4) | product(e_3,e_5,e_4) <- (~147, 151, ~157, ~158) [forward subsumption resolution 29297,10946]
29299. product(e_2,e_4,e_4) | ~group_element(e_4) | product(e_3,e_5,e_4) <- (~147, 151, ~157, ~158) [forward subsumption resolution 29298,29]
29300. product(e_2,e_4,e_4) | product(e_3,e_5,e_4) <- (~147, 151, ~157, ~158) [forward subsumption resolution 29299,31]
29301. product(e_2,e_4,e_4) <- (~42, ~147, 151, ~157, ~158) [forward subsumption resolution 29300,837]
29727. equalish(e_2,e_4) <- (~42, ~147, 151, ~157, ~158) [resolution 29301,76]
29748. $false <- (~42, ~147, 151, ~157, ~158) [forward subsumption resolution 29727,39]
29749. 42 | 147 | ~151 | 157 | 158 [avatar contradiction clause 29748]
30242. equalish(e_2,e_4) <- (156) [resolution 10419,74]
30262. $false <- (156) [forward subsumption resolution 30242,39]
30263. ~156 [avatar contradiction clause 30262]
30489. product(X0,e_5,e_3) | product(X0,e_5,e_2) | equalish(X0,e_5) | ~group_element(X0) | product(X0,e_5,e_1) | equalish(e_3,X0) <- (42) [resolution 838,1074]
31054. product(e_2,e_5,e_2) | equalish(e_2,e_5) | ~group_element(e_2) | product(e_2,e_5,e_1) | equalish(e_3,e_2) <- (42, ~187) [resolution 30489,13382]
31364. equalish(e_2,e_4) <- (26, 189) [resolution 21539,13391]
31391. $false <- (26, 189) [forward subsumption resolution 31364,39]
31392. ~26 | ~189 [avatar contradiction clause 31391]
31406. product(e_2,e_5,e_3) | equalish(e_2,e_5) | ~group_element(e_2) | product(e_2,e_5,e_1) | equalish(e_3,e_5) <- (~188, 196) [forward subsumption resolution 26504,13386]
31407. equalish(e_2,e_5) | ~group_element(e_2) | product(e_2,e_5,e_1) | equalish(e_3,e_2) <- (42, ~187, ~188) [forward subsumption resolution 31054,13386]
31434. equalish(e_2,e_5) | ~group_element(e_2) | product(e_2,e_5,e_1) | equalish(e_3,e_5) <- (~187, ~188, 196) [forward subsumption resolution 31406,13382]
31435. ~group_element(e_2) | product(e_2,e_5,e_1) | equalish(e_3,e_2) <- (42, ~187, ~188) [forward subsumption resolution 31407,40]
31458. ~group_element(e_2) | product(e_2,e_5,e_1) | equalish(e_3,e_5) <- (~187, ~188, 196) [forward subsumption resolution 31434,40]
31459. product(e_2,e_5,e_1) | equalish(e_3,e_2) <- (42, ~187, ~188) [forward subsumption resolution 31435,29]
31482. product(e_2,e_5,e_1) | equalish(e_3,e_5) <- (~187, ~188, 196) [forward subsumption resolution 31458,29]
31483. equalish(e_3,e_2) <- (42, ~187, ~188, ~189) [forward subsumption resolution 31459,13390]
31506. equalish(e_3,e_5) <- (~187, ~188, ~189, 196) [forward subsumption resolution 31482,13390]
31507. $false <- (42, ~187, ~188, ~189) [forward subsumption resolution 31483,42]
31508. ~42 | 187 | 188 | 189 [avatar contradiction clause 31507]
31516. 256 <=> product(e_1,e_4,e_5) [avatar definition]
31518. product(e_1,e_4,e_5) <- (256) [avatar component clause 31516]
31530. $false <- (~187, ~188, ~189, 196) [forward subsumption resolution 31506,44]
31531. 187 | 188 | 189 | ~196 [avatar contradiction clause 31530]
31536. product(e_3,e_5,e_2) <- (18, ~42, ~87, ~181) [forward subsumption resolution 14367,13337]
31599. ~product(X0,e_1,e_2) | equalish(X0,e_4) <- (13) [resolution 265,56]
31600. ~product(e_1,e_4,X0) | product(X0,e_2,e_1) <- (13) [resolution 265,58]
31615. product(X0,e_5,e_3) | product(X0,e_5,e_2) | equalish(X0,e_5) | ~group_element(X0) | product(X0,e_5,e_1) | equalish(e_2,X0) <- (44) [resolution 904,1074]
31648. ~product(e_5,e_2,X0) | product(X0,e_4,e_5) <- (44) [resolution 904,58]
31673. product(e_2,e_2,e_1) <- (13, 39) [resolution 31600,800]
31682. product(e_5,e_2,e_1) | ~group_element(e_4) | product(e_1,e_4,e_1) | product(e_1,e_4,e_2) | product(e_1,e_4,e_3) | product(e_1,e_4,e_4) | ~group_element(e_1) <- (13) [resolution 31600,53]
31733. product(e_1,e_2,e_2) <- (13, 39) [resolution 31673,59]
31777. $false <- (13, 39, ~229) [forward subsumption resolution 31733,15657]
31778. ~13 | ~39 | 229 [avatar contradiction clause 31777]
31971. product(e_5,e_3,e_2) | product(e_5,e_3,e_3) | ~group_element(e_3) | equalish(e_3,e_5) | product(e_5,e_3,e_1) | product(e_2,e_4,e_3) <- (180) [resolution 13334,1016]
32263. product(e_1,e_4,e_5) <- (44, 167) [resolution 31648,13233]
32366. product(e_3,e_5,e_2) | equalish(e_3,e_5) | ~group_element(e_3) | product(e_3,e_5,e_1) | equalish(e_2,e_3) | equalish(e_5,e_3) <- (44) [resolution 31615,74]
33983. equalish(e_3,e_1) | ~group_element(e_3) | product(e_3,e_4,e_3) | product(e_3,e_4,e_2) | product(e_3,e_4,e_1) <- (~127, 223) [resolution 14258,6723]
34145. equalish(e_1,e_3) | product(e_3,e_4,e_1) | product(e_3,e_4,e_2) | ~group_element(e_3) | product(e_3,e_4,e_3) <- (~127, 224) [resolution 14262,6723]
34213. equalish(e_2,e_3) <- (26, 51, 231) [resolution 26998,15666]
34263. $false <- (26, 51, 231) [forward subsumption resolution 34213,38]
34264. ~26 | ~51 | ~231 [avatar contradiction clause 34263]
34295. product(e_5,e_3,e_2) | product(e_5,e_3,e_3) | ~group_element(e_3) | equalish(e_3,e_5) | product(e_5,e_3,e_1) <- (179, 180) [forward subsumption resolution 31971,28797]
34340. product(e_5,e_3,e_3) | ~group_element(e_3) | equalish(e_3,e_5) | product(e_5,e_3,e_1) <- (~98, 179, 180) [forward subsumption resolution 34295,4223]
34355. ~group_element(e_3) | equalish(e_3,e_5) | product(e_5,e_3,e_1) <- (~97, ~98, 179, 180) [forward subsumption resolution 34340,4219]
34360. equalish(e_3,e_5) | product(e_5,e_3,e_1) <- (~97, ~98, 179, 180) [forward subsumption resolution 34355,30]
34365. product(e_5,e_3,e_1) <- (~97, ~98, 179, 180) [forward subsumption resolution 34360,44]
34370. 83 | 97 | 98 | ~179 | ~180 [avatar split clause 34365,13332,13328,4222,4218,3989]
34406. equalish(e_3,e_2) <- (83, 167) [resolution 3991,25647]
34431. $false <- (83, 167) [forward subsumption resolution 34406,42]
34432. ~83 | ~167 [avatar contradiction clause 34431]
34433. ~group_element(e_4) | product(e_1,e_4,e_1) | product(e_1,e_4,e_2) | product(e_1,e_4,e_3) | product(e_1,e_4,e_4) | ~group_element(e_1) <- (13, ~167) [forward subsumption resolution 31682,13232]
34436. product(e_1,e_4,e_1) | product(e_1,e_4,e_2) | product(e_1,e_4,e_3) | product(e_1,e_4,e_4) | ~group_element(e_1) <- (13, ~167) [forward subsumption resolution 34433,31]
34437. product(e_1,e_4,e_2) | product(e_1,e_4,e_3) | product(e_1,e_4,e_4) | ~group_element(e_1) <- (13, ~40, ~167) [forward subsumption resolution 34436,803]
34438. product(e_1,e_4,e_3) | product(e_1,e_4,e_4) | ~group_element(e_1) <- (13, ~39, ~40, ~167) [forward subsumption resolution 34437,799]
34439. product(e_1,e_4,e_4) | ~group_element(e_1) <- (13, ~38, ~39, ~40, ~167) [forward subsumption resolution 34438,795]
34440. product(e_1,e_4,e_4) <- (13, ~38, ~39, ~40, ~167) [forward subsumption resolution 34439,28]
34441. 37 | ~13 | 38 | 39 | 40 | 167 [avatar split clause 34440,13231,802,798,794,263,790]
34470. equalish(e_1,e_4) <- (37) [resolution 792,76]
34495. $false <- (37) [forward subsumption resolution 34470,35]
34496. ~37 [avatar contradiction clause 34495]
34533. 256 | ~44 | ~167 [avatar split clause 32263,13231,902,31516]
34588. product(e_3,e_4,e_5) <- (44, 169) [resolution 13241,31648]
34685. equalish(e_3,e_1) <- (58, 96) [resolution 4216,25776]
34746. $false <- (58, 96) [forward subsumption resolution 34685,41]
34747. ~58 | ~96 [avatar contradiction clause 34746]
34861. ~group_element(e_3) | product(e_3,e_4,e_3) | product(e_3,e_4,e_2) | product(e_3,e_4,e_1) <- (~127, 223) [forward subsumption resolution 33983,41]
34862. product(e_3,e_4,e_1) | product(e_3,e_4,e_2) | ~group_element(e_3) | product(e_3,e_4,e_3) <- (~127, 224) [forward subsumption resolution 34145,34]
34885. product(e_3,e_4,e_3) | product(e_3,e_4,e_2) | product(e_3,e_4,e_1) <- (~127, 223) [forward subsumption resolution 34861,30]
34886. product(e_3,e_4,e_2) | ~group_element(e_3) | product(e_3,e_4,e_3) <- (~127, ~130, 224) [forward subsumption resolution 34862,6735]
34905. product(e_3,e_4,e_2) | product(e_3,e_4,e_1) <- (~127, ~128, 223) [forward subsumption resolution 34885,6727]
34906. ~group_element(e_3) | product(e_3,e_4,e_3) <- (~127, ~129, ~130, 224) [forward subsumption resolution 34886,6731]
34922. product(e_3,e_4,e_1) <- (~127, ~128, ~129, 223) [forward subsumption resolution 34905,6731]
34923. product(e_3,e_4,e_3) <- (~127, ~129, ~130, 224) [forward subsumption resolution 34906,30]
34932. $false <- (~127, ~128, ~129, ~130, 223) [forward subsumption resolution 34922,6735]
34933. 127 | 128 | 129 | 130 | ~223 [avatar contradiction clause 34932]
34934. $false <- (~127, ~128, ~129, ~130, 224) [forward subsumption resolution 34923,6727]
34935. 127 | 128 | 129 | 130 | ~224 [avatar contradiction clause 34934]
34959. product(e_5,e_1,e_1) | product(e_5,e_1,e_2) | product(e_5,e_1,e_3) | product(e_5,e_1,e_4) | ~group_element(e_5) | ~group_element(e_1) | product(e_2,e_5,e_1) <- (56) [resolution 1107,121]
34972. product(e_5,e_1,e_2) | product(e_5,e_1,e_3) | product(e_5,e_1,e_4) | ~group_element(e_5) | ~group_element(e_1) | product(e_2,e_5,e_1) <- (~49, 56) [forward subsumption resolution 34959,1046]
34973. product(e_5,e_1,e_3) | product(e_5,e_1,e_4) | ~group_element(e_5) | ~group_element(e_1) | product(e_2,e_5,e_1) <- (~48, ~49, 56) [forward subsumption resolution 34972,1042]
34974. product(e_5,e_1,e_4) | ~group_element(e_5) | ~group_element(e_1) | product(e_2,e_5,e_1) <- (~47, ~48, ~49, 56) [forward subsumption resolution 34973,1038]
34975. ~group_element(e_5) | ~group_element(e_1) | product(e_2,e_5,e_1) <- (~47, ~48, ~49, 56, ~58) [forward subsumption resolution 34974,1149]
34976. ~group_element(e_1) | product(e_2,e_5,e_1) <- (~47, ~48, ~49, 56, ~58) [forward subsumption resolution 34975,32]
34977. product(e_2,e_5,e_1) <- (~47, ~48, ~49, 56, ~58) [forward subsumption resolution 34976,28]
34978. $false <- (~47, ~48, ~49, 56, ~58, ~189) [forward subsumption resolution 34977,13390]
34979. 47 | 48 | 49 | ~56 | 58 | 189 [avatar contradiction clause 34978]
35005. ~product(e_1,X0,e_3) | equalish(X0,e_5) <- (55) [resolution 1103,55]
35023. equalish(e_3,e_5) <- (26, 78) [resolution 3971,21538]
35042. $false <- (26, 78) [forward subsumption resolution 35023,44]
35043. ~26 | ~78 [avatar contradiction clause 35042]
35097. equalish(e_5,e_2) <- (47, 178) [resolution 1039,24718]
35125. $false <- (47, 178) [forward subsumption resolution 35097,50]
35126. ~47 | ~178 [avatar contradiction clause 35125]
35332. equalish(e_4,e_5) | product(e_1,X0,e_4) | equalish(X0,e_4) | ~group_element(e_1) | product(e_1,e_4,e_2) | ~group_element(X0) | product(e_1,X0,e_1) | product(e_1,X0,e_2) | product(e_1,X0,e_3) | product(e_1,e_4,e_1) | equalish(e_1,e_4) <- (55) [resolution 35005,1471]
35681. product(X0,e_4,e_1) | product(X0,e_4,e_2) | product(X0,e_4,e_3) | product(X0,e_4,e_4) | ~group_element(X0) | ~group_element(e_4) | equalish(e_1,X0) <- (256) [resolution 31518,118]
35825. equalish(e_2,e_4) | product(e_1,e_2,e_3) | product(e_1,e_2,e_2) | product(e_1,e_2,e_1) | ~group_element(e_2) <- (221, ~231) [resolution 15665,14250]
35834. product(e_1,e_2,e_3) | product(e_1,e_2,e_2) | product(e_1,e_2,e_1) | ~group_element(e_2) <- (221, ~231) [forward subsumption resolution 35825,39]
35836. product(e_1,e_2,e_2) | product(e_1,e_2,e_1) | ~group_element(e_2) <- (221, ~230, ~231) [forward subsumption resolution 35834,15661]
35838. product(e_1,e_2,e_1) | ~group_element(e_2) <- (221, ~229, ~230, ~231) [forward subsumption resolution 35836,15657]
35840. ~group_element(e_2) <- (221, ~228, ~229, ~230, ~231) [forward subsumption resolution 35838,15653]
35842. $false <- (221, ~228, ~229, ~230, ~231) [forward subsumption resolution 35840,29]
35843. ~221 | 228 | 229 | 230 | 231 [avatar contradiction clause 35842]
35871. product(e_1,X0,e_4) | equalish(X0,e_4) | ~group_element(e_1) | product(e_1,e_4,e_2) | ~group_element(X0) | product(e_1,X0,e_1) | product(e_1,X0,e_2) | product(e_1,X0,e_3) | product(e_1,e_4,e_1) | equalish(e_1,e_4) <- (55) [forward subsumption resolution 35332,48]
35895. product(e_1,X0,e_4) | equalish(X0,e_4) | product(e_1,e_4,e_2) | ~group_element(X0) | product(e_1,X0,e_1) | product(e_1,X0,e_2) | product(e_1,X0,e_3) | product(e_1,e_4,e_1) | equalish(e_1,e_4) <- (55) [forward subsumption resolution 35871,28]
35913. product(e_1,X0,e_4) | equalish(X0,e_4) | ~group_element(X0) | product(e_1,X0,e_1) | product(e_1,X0,e_2) | product(e_1,X0,e_3) | product(e_1,e_4,e_1) | equalish(e_1,e_4) <- (~39, 55) [forward subsumption resolution 35895,799]
35931. product(e_1,X0,e_4) | equalish(X0,e_4) | ~group_element(X0) | product(e_1,X0,e_1) | product(e_1,X0,e_2) | product(e_1,X0,e_3) | equalish(e_1,e_4) <- (~39, ~40, 55) [forward subsumption resolution 35913,803]
35946. product(e_1,X0,e_4) | equalish(X0,e_4) | ~group_element(X0) | product(e_1,X0,e_1) | product(e_1,X0,e_2) | product(e_1,X0,e_3) <- (~39, ~40, 55) [forward subsumption resolution 35931,35]
35958. 221 | 39 | 40 | ~55 [avatar split clause 35946,1101,802,798,14249]
36022. equalish(e_2,e_5) <- (55, 230) [resolution 15662,35005]
36047. $false <- (55, 230) [forward subsumption resolution 36022,40]
36048. ~55 | ~230 [avatar contradiction clause 36047]
36067. product(e_5,e_1,e_2) | product(e_5,e_1,e_3) | ~group_element(e_1) | equalish(e_1,e_5) | product(e_5,e_1,e_1) | product(e_2,e_4,e_1) <- (56) [resolution 1107,1016]
36072. ~product(X0,e_5,e_2) | equalish(X0,e_1) <- (56) [resolution 1107,56]
36117. product(e_4,e_3,e_1) | product(e_4,e_3,e_2) | product(e_4,e_3,e_3) | product(e_4,e_3,e_4) | ~group_element(e_4) | ~group_element(e_3) | product(e_2,e_5,e_3) <- (129) [resolution 6732,121]
36130. product(e_4,e_3,e_2) | product(e_4,e_3,e_3) | product(e_4,e_3,e_4) | ~group_element(e_4) | ~group_element(e_3) | product(e_2,e_5,e_3) <- (~78, 129) [forward subsumption resolution 36117,3970]
36131. product(e_4,e_3,e_3) | product(e_4,e_3,e_4) | ~group_element(e_4) | ~group_element(e_3) | product(e_2,e_5,e_3) <- (~78, ~126, 129) [forward subsumption resolution 36130,6693]
36132. product(e_4,e_3,e_4) | ~group_element(e_4) | ~group_element(e_3) | product(e_2,e_5,e_3) <- (~78, ~125, ~126, 129) [forward subsumption resolution 36131,6689]
36133. ~group_element(e_4) | ~group_element(e_3) | product(e_2,e_5,e_3) <- (~78, ~124, ~125, ~126, 129) [forward subsumption resolution 36132,6685]
36134. ~group_element(e_3) | product(e_2,e_5,e_3) <- (~78, ~124, ~125, ~126, 129) [forward subsumption resolution 36133,31]
36135. product(e_2,e_5,e_3) <- (~78, ~124, ~125, ~126, 129) [forward subsumption resolution 36134,30]
36136. $false <- (~78, ~124, ~125, ~126, 129, ~187) [forward subsumption resolution 36135,13382]
36137. 78 | 124 | 125 | 126 | ~129 | 187 [avatar contradiction clause 36136]
36139. equalish(e_5,e_1) <- (178, 187) [resolution 13383,24717]
36166. $false <- (178, 187) [forward subsumption resolution 36139,49]
36167. ~178 | ~187 [avatar contradiction clause 36166]
36170. product(X0,e_4,e_4) | equalish(e_1,X0) | ~group_element(X0) | product(X0,e_4,e_2) | product(e_1,e_4,e_2) | product(X0,e_4,e_3) | product(X0,e_4,e_1) | ~group_element(e_1) | equalish(e_1,e_4) <- (~38, ~40) [forward subsumption resolution 19029,803]
36175. product(X0,e_4,e_1) | product(X0,e_4,e_2) | product(X0,e_4,e_3) | product(X0,e_4,e_4) | ~group_element(X0) | equalish(e_1,X0) <- (256) [forward subsumption resolution 35681,31]
36176. product(X0,e_4,e_4) | equalish(X0,e_1) | product(e_1,e_4,e_2) | product(X0,e_4,e_1) | product(X0,e_4,e_2) | product(X0,e_4,e_3) | product(e_1,e_4,e_1) | ~group_element(X0) | equalish(e_1,e_4) <- (~38) [forward subsumption resolution 18589,28]
36197. product(X0,e_4,e_4) | equalish(e_1,X0) | ~group_element(X0) | product(X0,e_4,e_2) | product(X0,e_4,e_3) | product(X0,e_4,e_1) | ~group_element(e_1) | equalish(e_1,e_4) <- (~38, ~39, ~40) [forward subsumption resolution 36170,799]
36202. 224 | ~256 [avatar split clause 36175,31516,14261]
36203. product(X0,e_4,e_4) | equalish(X0,e_1) | product(X0,e_4,e_1) | product(X0,e_4,e_2) | product(X0,e_4,e_3) | product(e_1,e_4,e_1) | ~group_element(X0) | equalish(e_1,e_4) <- (~38, ~39) [forward subsumption resolution 36176,799]
36224. product(X0,e_4,e_4) | equalish(e_1,X0) | ~group_element(X0) | product(X0,e_4,e_2) | product(X0,e_4,e_3) | product(X0,e_4,e_1) | equalish(e_1,e_4) <- (~38, ~39, ~40) [forward subsumption resolution 36197,28]
36229. product(X0,e_4,e_4) | equalish(X0,e_1) | product(X0,e_4,e_1) | product(X0,e_4,e_2) | product(X0,e_4,e_3) | ~group_element(X0) | equalish(e_1,e_4) <- (~38, ~39, ~40) [forward subsumption resolution 36203,803]
36246. product(X0,e_4,e_4) | equalish(e_1,X0) | ~group_element(X0) | product(X0,e_4,e_2) | product(X0,e_4,e_3) | product(X0,e_4,e_1) <- (~38, ~39, ~40) [forward subsumption resolution 36224,35]
36251. product(X0,e_4,e_4) | equalish(X0,e_1) | product(X0,e_4,e_1) | product(X0,e_4,e_2) | product(X0,e_4,e_3) | ~group_element(X0) <- (~38, ~39, ~40) [forward subsumption resolution 36229,35]
36262. 224 | 38 | 39 | 40 [avatar split clause 36246,802,798,794,14261]
36267. 223 | 38 | 39 | 40 [avatar split clause 36251,802,798,794,14257]
36421. equalish(e_3,e_1) <- (56, 180) [resolution 36072,13334]
36442. $false <- (56, 180) [forward subsumption resolution 36421,41]
36443. ~56 | ~180 [avatar contradiction clause 36442]
36453. equalish(e_3,e_5) | ~group_element(e_3) | product(e_3,e_5,e_1) | equalish(e_2,e_3) | equalish(e_5,e_3) <- (44, ~180) [forward subsumption resolution 32366,13333]
36497. product(e_5,e_1,e_3) | ~group_element(e_1) | equalish(e_1,e_5) | product(e_5,e_1,e_1) | product(e_2,e_4,e_1) <- (~48, 56) [forward subsumption resolution 36067,1042]
36523. ~group_element(e_3) | product(e_3,e_5,e_1) | equalish(e_2,e_3) | equalish(e_5,e_3) <- (44, ~180) [forward subsumption resolution 36453,44]
36541. ~group_element(e_1) | equalish(e_1,e_5) | product(e_5,e_1,e_1) | product(e_2,e_4,e_1) <- (~47, ~48, 56) [forward subsumption resolution 36497,1038]
36543. product(e_3,e_5,e_1) | equalish(e_2,e_3) | equalish(e_5,e_3) <- (44, ~180) [forward subsumption resolution 36523,30]
36559. equalish(e_1,e_5) | product(e_5,e_1,e_1) | product(e_2,e_4,e_1) <- (~47, ~48, 56) [forward subsumption resolution 36541,28]
36561. equalish(e_2,e_3) | equalish(e_5,e_3) <- (44, ~87, ~180) [forward subsumption resolution 36543,4091]
36575. product(e_5,e_1,e_1) | product(e_2,e_4,e_1) <- (~47, ~48, 56) [forward subsumption resolution 36559,36]
36578. equalish(e_5,e_3) <- (44, ~87, ~180) [forward subsumption resolution 36561,38]
36592. product(e_2,e_4,e_1) <- (~47, ~48, ~49, 56) [forward subsumption resolution 36575,1046]
36593. $false <- (44, ~87, ~180) [forward subsumption resolution 36578,51]
36594. ~44 | 87 | 180 [avatar contradiction clause 36593]
36678. ~product(e_3,e_5,X0) | equalish(X0,e_4) <- (42) [resolution 838,54]
36750. equalish(e_5,e_4) <- (13, 48) [resolution 1043,31599]
36774. $false <- (13, 48) [forward subsumption resolution 36750,52]
36775. ~13 | ~48 [avatar contradiction clause 36774]
36785. 196 | ~25 | ~51 [avatar split clause 26455,1057,596,13737]
36885. ~product(e_4,e_1,X0) | product(X0,e_2,e_4) <- (39) [resolution 800,58]
37032. ~product(e_5,e_2,X0) | equalish(X0,e_1) <- (167) [resolution 13233,54]
37713. equalish(e_2,e_4) <- (76) [resolution 3321,73]
37756. $false <- (76) [forward subsumption resolution 37713,39]
37757. ~76 [avatar contradiction clause 37756]
38053. product(e_5,e_2,e_4) | ~group_element(e_1) | product(e_4,e_1,e_1) | product(e_4,e_1,e_2) | product(e_4,e_1,e_3) | product(e_4,e_1,e_4) | ~group_element(e_4) <- (39) [resolution 36885,53]
38081. ~group_element(e_1) | product(e_4,e_1,e_1) | product(e_4,e_1,e_2) | product(e_4,e_1,e_3) | product(e_4,e_1,e_4) | ~group_element(e_4) <- (39, ~174) [forward subsumption resolution 38053,13263]
38082. product(e_4,e_1,e_1) | product(e_4,e_1,e_2) | product(e_4,e_1,e_3) | product(e_4,e_1,e_4) | ~group_element(e_4) <- (39, ~174) [forward subsumption resolution 38081,28]
38083. product(e_4,e_1,e_2) | product(e_4,e_1,e_3) | product(e_4,e_1,e_4) | ~group_element(e_4) <- (~11, 39, ~174) [forward subsumption resolution 38082,256]
38084. product(e_4,e_1,e_3) | product(e_4,e_1,e_4) | ~group_element(e_4) <- (~11, ~13, 39, ~174) [forward subsumption resolution 38083,264]
38085. product(e_4,e_1,e_4) | ~group_element(e_4) <- (~11, ~12, ~13, 39, ~174) [forward subsumption resolution 38084,260]
38086. ~group_element(e_4) <- (~11, ~12, ~13, 39, ~86, ~174) [forward subsumption resolution 38085,4073]
38087. $false <- (~11, ~12, ~13, 39, ~86, ~174) [forward subsumption resolution 38086,31]
38088. 11 | 12 | 13 | ~39 | 86 | 174 [avatar contradiction clause 38087]
39972. equalish(e_4,e_1) <- (167, 174) [resolution 37032,13264]
40015. $false <- (167, 174) [forward subsumption resolution 39972,45]
40016. ~167 | ~174 [avatar contradiction clause 40015]
40023. product(e_1,e_2,e_2) | product(e_1,e_2,e_3) | product(e_1,e_2,e_4) | ~group_element(e_1) | ~group_element(e_2) | product(e_3,e_5,e_2) <- (178, ~228) [forward subsumption resolution 24721,15653]
40050. product(e_1,e_2,e_3) | product(e_1,e_2,e_4) | ~group_element(e_1) | ~group_element(e_2) | product(e_3,e_5,e_2) <- (178, ~228, ~229) [forward subsumption resolution 40023,15657]
40051. product(e_1,e_2,e_4) | ~group_element(e_1) | ~group_element(e_2) | product(e_3,e_5,e_2) <- (178, ~228, ~229, ~230) [forward subsumption resolution 40050,15661]
40052. ~group_element(e_1) | ~group_element(e_2) | product(e_3,e_5,e_2) <- (178, ~228, ~229, ~230, ~231) [forward subsumption resolution 40051,15665]
40053. ~group_element(e_2) | product(e_3,e_5,e_2) <- (178, ~228, ~229, ~230, ~231) [forward subsumption resolution 40052,28]
40054. product(e_3,e_5,e_2) <- (178, ~228, ~229, ~230, ~231) [forward subsumption resolution 40053,29]
40055. $false <- (178, ~180, ~228, ~229, ~230, ~231) [forward subsumption resolution 40054,13333]
40056. ~178 | 180 | 228 | 229 | 230 | 231 [avatar contradiction clause 40055]
40153. ~product(X0,e_4,e_3) | equalish(X0,e_1) <- (38) [resolution 796,56]
40154. ~product(e_4,e_1,X0) | product(X0,e_3,e_4) <- (38) [resolution 796,58]
40271. equalish(e_1,e_4) <- (42, 87) [resolution 4092,36678]
40280. ~product(X0,e_5,e_1) | equalish(X0,e_3) <- (87) [resolution 4092,56]
40296. $false <- (42, 87) [forward subsumption resolution 40271,35]
40297. ~42 | ~87 [avatar contradiction clause 40296]
40300. 147 | 47 | 48 | 49 | ~56 [avatar split clause 36592,1105,1045,1041,1037,10346]
40614. product(e_4,e_3,e_1) | product(e_4,e_3,e_2) | product(e_4,e_3,e_3) | product(e_4,e_3,e_4) | ~group_element(e_4) | ~group_element(e_3) | product(e_5,e_5,e_3) <- (44, 169) [resolution 34588,121]
40627. product(e_4,e_3,e_2) | product(e_4,e_3,e_3) | product(e_4,e_3,e_4) | ~group_element(e_4) | ~group_element(e_3) | product(e_5,e_5,e_3) <- (44, ~78, 169) [forward subsumption resolution 40614,3970]
40628. product(e_4,e_3,e_3) | product(e_4,e_3,e_4) | ~group_element(e_4) | ~group_element(e_3) | product(e_5,e_5,e_3) <- (44, ~78, ~126, 169) [forward subsumption resolution 40627,6693]
40629. product(e_4,e_3,e_4) | ~group_element(e_4) | ~group_element(e_3) | product(e_5,e_5,e_3) <- (44, ~78, ~125, ~126, 169) [forward subsumption resolution 40628,6689]
40630. ~group_element(e_4) | ~group_element(e_3) | product(e_5,e_5,e_3) <- (44, ~78, ~124, ~125, ~126, 169) [forward subsumption resolution 40629,6685]
40631. ~group_element(e_3) | product(e_5,e_5,e_3) <- (44, ~78, ~124, ~125, ~126, 169) [forward subsumption resolution 40630,31]
40632. product(e_5,e_5,e_3) <- (44, ~78, ~124, ~125, ~126, 169) [forward subsumption resolution 40631,30]
40633. $false <- (~15, 44, ~78, ~124, ~125, ~126, 169) [forward subsumption resolution 40632,301]
40634. 15 | ~44 | 78 | 124 | 125 | 126 | ~169 [avatar contradiction clause 40633]
41216. product(e_5,e_3,e_4) | ~group_element(e_1) | product(e_4,e_1,e_1) | product(e_4,e_1,e_2) | product(e_4,e_1,e_3) | product(e_4,e_1,e_4) | ~group_element(e_4) <- (38) [resolution 40154,53]
41243. ~group_element(e_1) | product(e_4,e_1,e_1) | product(e_4,e_1,e_2) | product(e_4,e_1,e_3) | product(e_4,e_1,e_4) | ~group_element(e_4) <- (38, ~96) [forward subsumption resolution 41216,4215]
41246. product(e_4,e_1,e_1) | product(e_4,e_1,e_2) | product(e_4,e_1,e_3) | product(e_4,e_1,e_4) | ~group_element(e_4) <- (38, ~96) [forward subsumption resolution 41243,28]
41248. product(e_4,e_1,e_2) | product(e_4,e_1,e_3) | product(e_4,e_1,e_4) | ~group_element(e_4) <- (~11, 38, ~96) [forward subsumption resolution 41246,256]
41249. product(e_4,e_1,e_3) | product(e_4,e_1,e_4) | ~group_element(e_4) <- (~11, ~13, 38, ~96) [forward subsumption resolution 41248,264]
41250. product(e_4,e_1,e_4) | ~group_element(e_4) <- (~11, ~12, ~13, 38, ~96) [forward subsumption resolution 41249,260]
41251. ~group_element(e_4) <- (~11, ~12, ~13, 38, ~86, ~96) [forward subsumption resolution 41250,4073]
41252. $false <- (~11, ~12, ~13, 38, ~86, ~96) [forward subsumption resolution 41251,31]
41253. 11 | 12 | 13 | ~38 | 86 | 96 [avatar contradiction clause 41252]
41293. equalish(e_5,e_1) <- (38, 51) [resolution 1059,40153]
41314. $false <- (38, 51) [forward subsumption resolution 41293,49]
41315. ~38 | ~51 [avatar contradiction clause 41314]
41325. 179 | ~36 | ~48 [avatar split clause 6598,1041,786,13328]
41326. 189 | 11 | 12 | 13 | ~39 | 86 [avatar split clause 26242,4072,798,263,259,255,13389]
41480. ~product(X0,e_5,e_2) | equalish(X0,e_4) <- (25) [resolution 598,56]
41978. ~product(e_5,X0,e_2) | equalish(X0,e_3) <- (98) [resolution 4224,55]
43740. equalish(e_2,e_3) <- (87, 189) [resolution 40280,13391]
43767. $false <- (87, 189) [forward subsumption resolution 43740,38]
43768. ~87 | ~189 [avatar contradiction clause 43767]
43770. 180 | ~18 | 42 | 87 | 181 [avatar split clause 31536,13336,4090,836,312,13332]
45006. equalish(e_3,e_4) <- (25, 180) [resolution 41480,13334]
45027. $false <- (25, 180) [forward subsumption resolution 45006,43]
45028. ~25 | ~180 [avatar contradiction clause 45027]
49974. equalish(e_1,e_3) <- (48, 98) [resolution 41978,1043]
50014. $false <- (48, 98) [forward subsumption resolution 49974,34]
50015. ~48 | ~98 [avatar contradiction clause 50014]
s9. 14 | 16 | 18 [sat_conversion 320]
s14. 14 | 19 [sat_conversion 373]
s21. 17 | 33 [sat_conversion 727]
s23. ~14 [sat_conversion 740]
s24. ~11 [sat_conversion 775]
s27. ~17 [sat_conversion 817]
s31. ~13 | 37 | 38 | 39 | 40 | 44 [sat_conversion 905]
s34. 20 | 51 | 52 [sat_conversion 1064]
s35. 24 | 25 | 26 [sat_conversion 1091]
s37. ~22 [sat_conversion 1142]
s40. 22 | 36 | 55 | 56 | 57 [sat_conversion 1191]
s48. ~25 | ~20 | 67 | 68 [sat_conversion 2192]
s50. ~26 | ~20 [sat_conversion 2473]
s59. ~69 [sat_conversion 3313]
s61. ~51 | ~24 [sat_conversion 3800]
s69. ~33 | 11 | 12 | 13 | 38 | 39 | 40 [sat_conversion 4053]
s70. ~40 [sat_conversion 4066]
s72. ~38 | 11 | 12 | 13 | 86 | 87 [sat_conversion 4093]
s75. ~86 [sat_conversion 4134]
s82. ~83 | ~78 [sat_conversion 4916]
s100. ~98 | ~52 [sat_conversion 6423]
s105. 83 | 96 | 97 | 98 [sat_conversion 6464]
s106. ~19 | 83 | 96 | 97 | 98 [sat_conversion 6465]
s107. ~55 | ~24 [sat_conversion 6482]
s108. ~55 | ~38 [sat_conversion 6484]
s110. ~97 [sat_conversion 6504]
s111. ~49 [sat_conversion 6522]
s120. ~36 | 47 | 48 | 49 | 69 [sat_conversion 6595]
s121. ~36 | ~19 | 47 | 48 | 49 | 69 [sat_conversion 6596]
s123. ~52 | ~48 [sat_conversion 6619]
s125. ~124 [sat_conversion 6715]
s129. ~125 [sat_conversion 7007]
s133. ~127 [sat_conversion 7342]
s141. ~15 [sat_conversion 7641]
s144. ~130 | ~87 [sat_conversion 7806]
s145. ~129 | ~52 [sat_conversion 7923]
s146. ~128 [sat_conversion 8188]
s151. ~16 [sat_conversion 8252]
s169. ~83 | ~20 [sat_conversion 10680]
s170. ~147 | ~20 [sat_conversion 10926]
s177. ~157 [sat_conversion 11012]
s178. ~158 | ~38 [sat_conversion 11310]
s188. ~44 | ~36 [sat_conversion 13222]
s193. ~44 | 76 | 167 | 168 | 169 [sat_conversion 13260]
s206. 44 | 187 | 188 | 189 [sat_conversion 13408]
s207. ~18 | 44 | 187 | 188 | 189 [sat_conversion 13409]
s208. ~188 [sat_conversion 13465]
s235. ~167 | ~20 [sat_conversion 13644]
s236. ~168 [sat_conversion 13685]
s239. ~126 | ~13 [sat_conversion 13836]
s247. 176 | 210 | 211 | 212 | 213 [sat_conversion 13923]
s268. ~211 | 175 | 177 | 178 | 225 | 226 [sat_conversion 14292]
s269. ~42 | ~36 [sat_conversion 14324]
s275. 42 | 87 | 180 | 181 [sat_conversion 14372]
s282. ~181 [sat_conversion 14562]
s288. ~67 [sat_conversion 15646]
s291. ~175 [sat_conversion 15891]
s300. ~56 | ~36 [sat_conversion 16196]
s302. ~226 | 67 | 68 [sat_conversion 16437]
s303. ~177 [sat_conversion 16628]
s306. ~178 | ~12 [sat_conversion 17024]
s307. ~229 [sat_conversion 17403]
s308. ~228 [sat_conversion 17429]
s317. ~176 | 177 [sat_conversion 18250]
s335. ~149 | 36 | 147 | 157 | 158 [sat_conversion 20725]
s345. ~179 | 17 | 147 | 149 | 150 | 151 | 156 | 157 | 158 [sat_conversion 20798]
s347. ~150 [sat_conversion 20988]
s348. ~210 | ~68 [sat_conversion 21518]
s349. ~225 [sat_conversion 21945]
s350. ~210 | 175 | 177 | 178 | 225 | 226 [sat_conversion 21952]
s351. ~211 | ~68 [sat_conversion 23230]
s352. ~213 | ~68 [sat_conversion 23627]
s353. ~212 | ~68 [sat_conversion 24049]
s354. ~213 | 175 | 177 | 178 | 225 | 226 [sat_conversion 24275]
s355. ~212 | 175 | 177 | 178 | 225 | 226 [sat_conversion 24486]
s367. ~56 | ~39 [sat_conversion 25223]
s370. ~57 [sat_conversion 25258]
s371. ~169 | ~51 [sat_conversion 25455]
s372. ~55 | 47 | 48 | 49 | 58 | 87 [sat_conversion 25560]
s373. ~52 | ~39 [sat_conversion 25596]
s374. ~231 | 167 | 168 | 169 [sat_conversion 25609]
s375. ~189 | ~147 [sat_conversion 26234]
s390. 147 | 157 | 158 | 179 [sat_conversion 28453]
s399. ~151 | 42 | 147 | 157 | 158 [sat_conversion 29749]
s404. ~156 [sat_conversion 30263]
s418. ~189 | ~26 [sat_conversion 31392]
s419. ~42 | 187 | 188 | 189 [sat_conversion 31508]
s426. ~196 | 187 | 188 | 189 [sat_conversion 31531]
s432. ~39 | ~13 | 229 [sat_conversion 31778]
s434. ~231 | ~51 | ~26 [sat_conversion 34264]
s439. ~180 | ~179 | 83 | 97 | 98 [sat_conversion 34370]
s440. ~167 | ~83 [sat_conversion 34432]
s442. ~13 | 37 | 38 | 39 | 40 | 167 [sat_conversion 34441]
s443. ~37 [sat_conversion 34496]
s450. ~167 | ~44 | 256 [sat_conversion 34533]
s452. ~96 | ~58 [sat_conversion 34747]
s456. ~223 | 127 | 128 | 129 | 130 [sat_conversion 34933]
s457. ~224 | 127 | 128 | 129 | 130 [sat_conversion 34935]
s460. ~56 | 47 | 48 | 49 | 58 | 189 [sat_conversion 34979]
s461. ~78 | ~26 [sat_conversion 35043]
s462. ~178 | ~47 [sat_conversion 35126]
s465. ~221 | 228 | 229 | 230 | 231 [sat_conversion 35843]
s477. ~55 | 39 | 40 | 221 [sat_conversion 35958]
s483. ~230 | ~55 [sat_conversion 36048]
s484. ~129 | 78 | 124 | 125 | 126 | 187 [sat_conversion 36137]
s485. ~187 | ~178 [sat_conversion 36167]
s487. ~256 | 224 [sat_conversion 36202]
s488. 38 | 39 | 40 | 224 [sat_conversion 36262]
s489. 38 | 39 | 40 | 223 [sat_conversion 36267]
s499. ~180 | ~56 [sat_conversion 36443]
s501. ~44 | 87 | 180 [sat_conversion 36594]
s512. ~48 | ~13 [sat_conversion 36775]
s513. ~51 | ~25 | 196 [sat_conversion 36785]
s523. ~76 [sat_conversion 37757]
s528. ~39 | 11 | 12 | 13 | 86 | 174 [sat_conversion 38088]
s529. ~174 | ~167 [sat_conversion 40016]
s530. ~178 | 180 | 228 | 229 | 230 | 231 [sat_conversion 40056]
s531. ~87 | ~42 [sat_conversion 40297]
s532. ~56 | 47 | 48 | 49 | 147 [sat_conversion 40300]
s534. ~169 | ~44 | 15 | 78 | 124 | 125 | 126 [sat_conversion 40634]
s536. ~38 | 11 | 12 | 13 | 86 | 96 [sat_conversion 41253]
s541. ~51 | ~38 [sat_conversion 41315]
s544. ~48 | ~36 | 179 [sat_conversion 41325]
s546. ~39 | 11 | 12 | 13 | 86 | 189 [sat_conversion 41326]
s549. ~189 | ~87 [sat_conversion 43768]
s550. ~18 | 42 | 87 | 180 | 181 [sat_conversion 43770]
s552. ~180 | ~25 [sat_conversion 45028]
s560. ~98 | ~48 [sat_conversion 50015]
s564. ~13 | 38 | 39 | 40 | 167 [rat s442,s443]
s578. ~179 | 17 | 147 | 149 | 151 | 157 | 158 [rat s345,s404,s347]
s590. ~176 [rat s317,s303]
s602. 42 | 87 | 180 [rat s275,s282]
s607. ~211 | 178 | 226 [rat s268,s349,s303,s291]
s610. 210 | 211 | 212 | 213 [rat s247,s590]
s635. ~18 | 44 | 187 | 189 [rat s207,s208]
s636. 44 | 187 | 189 [rat s206,s208]
s648. ~44 | 167 | 169 [rat s193,s236,s523]
s691. ~19 | 83 | 96 | 98 [rat s106,s110]
s692. 83 | 96 | 98 [rat s105,s110]
s703. ~38 | 11 | 12 | 13 | 87 [rat s72,s75]
s705. ~33 | 11 | 12 | 13 | 38 | 39 [rat s69,s70]
s714. ~25 | ~20 | 68 [rat s48,s288]
s718. 22 | 36 | 55 | 56 [rat s40,s370]
s724. ~13 | 38 | 39 | 44 [rat s31,s70,s443]
s728. 33 [rat s21,s27]
s732. 19 [rat s14,s23]
s734. 18 [rat s9,s151,s23]
s737. 226 | 178 [rat s610,s607,s350,s354,s355,s349,s291,s303]
s738. ~68 [rat s610,s348,s351,s352,s353]
s739. ~226 [rat s302,s288,s738]
s740. 178 [rat s737,s739]
s741. ~187 [rat s485,s740]
s742. ~47 [rat s462,s740]
s744. 189 | 20 | 13 | 12 [rat s718,s120,s460,s123,s452,s34,s108,s536,s541,s705,s546,s37,s742,s111,s59,s24,s75,s728]
s745. 180 | 231 | 56 | 87 [rat s530,s483,s718,s269,s602,s308,s307,s740,s37]
s746. 20 | 13 | 12 [rat s35,s552,s61,s745,s374,s371,s34,s529,s367,s373,s528,s705,s703,s418,s549,s744,s728,s75,s24,s236]
s747. ~56 | 13 | 12 [rat s399,s578,s531,s335,s390,s703,s178,s705,s300,s367,s170,s746,s177,s27,s24,s728]
s748. 13 | 12 [rat s602,s439,s549,s544,s560,s635,s121,s188,s269,s718,s747,s107,s35,s714,s50,s169,s746,s738,s37,s59,s111,s742,s732,s741,s734,s110]
s750. ~12 [rat s306,s740]
s751. 13 [rat s748,s750]
s752. ~48 [rat s512,s751]
s753. ~39 [rat s432,s307,s751]
s754. ~126 [rat s239,s751]
s758. ~36 [rat s120,s59,s111,s742,s752]
s765. 78 | ~56 [rat s450,s487,s648,s457,s534,s484,s636,s144,s550,s419,s375,s532,s499,s146,s133,s141,s125,s129,s754,s741,s282,s734,s208,s752,s111,s742]
s766. ~56 [rat s35,s513,s61,s34,s100,s691,s82,s461,s765,s452,s460,s426,s170,s375,s532,s732,s742,s111,s752,s208,s741]
s767. 55 [rat s718,s758,s37,s766]
s768. ~230 [rat s483,s767]
s769. 221 [rat s477,s753,s70,s767]
s771. ~38 [rat s108,s767]
s772. ~24 [rat s107,s767]
s773. 231 [rat s465,s768,s307,s308,s769]
s774. 223 [rat s489,s753,s70,s771]
s775. 224 [rat s488,s753,s70,s771]
s776. 167 [rat s564,s751,s70,s753,s771]
s777. 44 [rat s724,s751,s753,s771]
s780. ~83 [rat s440,s776]
s782. ~20 [rat s235,s776]
s786. ~26 [rat s452,s372,s692,s144,s100,s457,s34,s484,s434,s461,s742,s111,s752,s767,s780,s146,s133,s775,s782,s125,s129,s754,s741,s773]
s793. 25 [rat s35,s772,s786]
s794. ~180 [rat s552,s793]
s795. 87 [rat s501,s777,s794]
s796. ~189 [rat s549,s795]
s798. ~130 [rat s144,s795]
s799. ~196 [rat s426,s741,s208,s796]
s801. 129 [rat s456,s774,s133,s146,s798]
s802. ~51 [rat s513,s793,s799]
s804. ~52 [rat s145,s801]
s805. # [rat s34,s782,s804,s802]
50016. $false [avatar sat refutation s805]
% SZS output end Proof for GRP125-3.005_clausified
% ------------------------------
% Version: Vampire 5.0.0 (Release build, commit 2e2c9b7b8 on 2026-01-17 12:24:14 +0100)
% Linked with Z3 4.14.0.0 3c47fd96cf5645d0c42b2c819d9e9a84380aa721 z3-4.8.4-9178-g3c47fd96c
% CaDiCaL version: 2.1.3
% Termination reason: Refutation
% Time elapsed: 3.590 s
% Peak memory usage: 60 MB
% Instructions burned: 15073 (million)
% ------------------------------
% ------------------------------
