% Running in auto input_syntax mode. Trying TPTP
% Refutation found. Thanks to Tanya!
% SZS status Unsatisfiable for GRP610-1
% SZS output start Proof for GRP610-1
1. inverse(double_divide(inverse(double_divide(inverse(double_divide(X0,X1)),X2)),double_divide(X0,X2))) = X1 [input(axiom)]
2. multiply(X0,X1) = inverse(double_divide(X1,X0)) [input(axiom)]
3. multiply(multiply(inverse(b2),b2),a2) != a2 [input(negated conjecture)]
4. a2 != multiply(multiply(inverse(b2),b2),a2) [reorient equations 3]
5. a2 != inverse(double_divide(a2,inverse(double_divide(b2,inverse(b2))))) [definition unfolding 4,2,2]
6. double_divide(X1,X2) = inverse(double_divide(inverse(double_divide(X0,X3)),double_divide(inverse(double_divide(inverse(double_divide(X1,X0)),X2)),X3))) [superposition 1,1]
7. inverse(double_divide(X0,double_divide(inverse(double_divide(X1,X0)),double_divide(X1,X2)))) = X2 [superposition 1,1]
8. inverse(double_divide(double_divide(X1,X2),double_divide(X0,double_divide(inverse(double_divide(inverse(double_divide(X1,X0)),X2)),X3)))) = X3 [superposition 7,1]
9. inverse(double_divide(double_divide(inverse(double_divide(X1,X2)),double_divide(X1,X0)),double_divide(X0,double_divide(X2,X3)))) = X3 [superposition 7,7]
10. double_divide(inverse(double_divide(X2,X1)),double_divide(X2,X0)) = inverse(double_divide(inverse(double_divide(X0,X3)),double_divide(X1,X3))) [superposition 1,7]
11. inverse(double_divide(X0,double_divide(X1,double_divide(inverse(double_divide(X3,inverse(double_divide(X1,X2)))),double_divide(X3,X0))))) = X2 [superposition 1,7]
12. double_divide(X1,X2) = inverse(double_divide(X0,double_divide(inverse(double_divide(inverse(double_divide(X1,inverse(double_divide(inverse(double_divide(X3,X0)),X4)))),X2)),double_divide(X3,X4)))) [superposition 6,1]
13. double_divide(X2,X3) = inverse(double_divide(double_divide(X0,X1),double_divide(inverse(double_divide(inverse(double_divide(X2,inverse(double_divide(X4,X5)))),X3)),double_divide(inverse(double_divide(inverse(double_divide(X0,X4)),X1)),X5)))) [superposition 6,6]
14. double_divide(X1,X2) = inverse(double_divide(X0,double_divide(inverse(double_divide(inverse(double_divide(X1,X3)),X2)),double_divide(inverse(double_divide(X4,X3)),double_divide(X4,X0))))) [superposition 6,7]
19. double_divide(X2,double_divide(inverse(double_divide(inverse(double_divide(X0,X2)),X1)),X3)) = inverse(double_divide(inverse(double_divide(X3,X4)),double_divide(double_divide(X0,X1),X4))) [superposition 6,6]
20. double_divide(X1,double_divide(inverse(double_divide(X2,inverse(double_divide(X1,X3)))),double_divide(X2,X0))) = inverse(double_divide(inverse(double_divide(X3,X4)),double_divide(X0,X4))) [superposition 6,7]
22. double_divide(X0,inverse(double_divide(X1,double_divide(inverse(double_divide(X0,X1)),X2)))) = X2 [superposition 7,6]
24. double_divide(inverse(double_divide(inverse(double_divide(X0,X2)),X1)),X3) = inverse(double_divide(inverse(double_divide(double_divide(X0,X1),X4)),double_divide(inverse(double_divide(X2,X3)),X4))) [superposition 1,6]
33. double_divide(inverse(double_divide(X0,X1)),double_divide(X0,inverse(double_divide(X1,X2)))) = X2 [superposition 22,6]
54. double_divide(X3,double_divide(X2,X0)) = inverse(double_divide(inverse(double_divide(X0,X4)),double_divide(double_divide(inverse(double_divide(X1,X2)),double_divide(X1,X3)),X4))) [superposition 1,9]
81. inverse(double_divide(inverse(X0),double_divide(X1,double_divide(X1,inverse(double_divide(X2,X0)))))) = X2 [superposition 1,33]
98. double_divide(inverse(double_divide(X1,X3)),inverse(double_divide(X2,X0))) = inverse(double_divide(double_divide(X1,X2),double_divide(X3,X0))) [superposition 8,33]
128. double_divide(X1,X0) = double_divide(inverse(double_divide(X1,inverse(X2))),inverse(double_divide(X0,X2))) [superposition 22,81]
142. double_divide(X1,X0) = inverse(double_divide(double_divide(X1,X0),double_divide(inverse(X2),X2))) [forward demodulation 128,98]
149. double_divide(double_divide(X0,X1),double_divide(inverse(double_divide(X2,X3)),X4)) = inverse(double_divide(inverse(double_divide(X4,X5)),double_divide(double_divide(inverse(double_divide(inverse(double_divide(X0,X2)),X1)),X3),X5))) [superposition 10,6]
163. double_divide(inverse(double_divide(X1,X2)),double_divide(X1,inverse(double_divide(inverse(double_divide(X3,X0)),X4)))) = inverse(double_divide(X0,double_divide(X2,double_divide(X3,X4)))) [superposition 10,1]
246. inverse(double_divide(X0,double_divide(inverse(X3),X3))) = X0 [superposition 142,33]
286. double_divide(inverse(double_divide(X3,X2)),X0) = inverse(double_divide(X1,double_divide(X2,double_divide(inverse(X0),double_divide(X3,X1))))) [superposition 11,22]
348. inverse(double_divide(inverse(X0),X2)) = inverse(inverse(double_divide(inverse(double_divide(X0,X1)),double_divide(X2,X1)))) [superposition 246,10]
353. double_divide(X1,X2) = inverse(double_divide(X0,double_divide(inverse(double_divide(X1,X0)),X2))) [superposition 6,246]
355. inverse(double_divide(X0,X1)) = double_divide(inverse(double_divide(X2,inverse(X1))),double_divide(X2,X0)) [superposition 10,246]
395. double_divide(X1,inverse(double_divide(X2,double_divide(inverse(double_divide(inverse(double_divide(X1,X3)),X2)),X0)))) = inverse(double_divide(X4,double_divide(inverse(X0),double_divide(inverse(double_divide(X5,X3)),double_divide(X5,X4))))) [superposition 14,22]
417. double_divide(X2,X3) = inverse(double_divide(X4,double_divide(inverse(double_divide(inverse(double_divide(X2,double_divide(inverse(X5),X5))),X3)),double_divide(double_divide(X0,X1),double_divide(double_divide(X0,X1),X4))))) [superposition 14,142]
430. double_divide(X0,double_divide(X0,X1)) = X1 [superposition 246,14]
433. double_divide(X1,X2) = double_divide(X0,double_divide(X0,double_divide(X1,X2))) [superposition 142,14]
463. double_divide(X2,X3) = inverse(double_divide(X4,double_divide(inverse(double_divide(inverse(double_divide(X2,double_divide(inverse(X5),X5))),X3)),X4))) [forward demodulation 417,430]
477. double_divide(X1,inverse(double_divide(X2,double_divide(inverse(double_divide(inverse(double_divide(X1,X3)),X2)),X0)))) = double_divide(inverse(double_divide(X5,inverse(X0))),double_divide(X5,X3)) [forward demodulation 395,286]
498. double_divide(X2,X3) = inverse(double_divide(X4,double_divide(inverse(double_divide(X2,X3)),X4))) [forward demodulation 463,246]
506. inverse(double_divide(X3,X0)) = double_divide(X1,inverse(double_divide(X2,double_divide(inverse(double_divide(inverse(double_divide(X1,X3)),X2)),X0)))) [forward demodulation 477,355]
524. inverse(double_divide(X3,X0)) = double_divide(X1,double_divide(inverse(double_divide(X1,X3)),X0)) [forward demodulation 506,353]
534. double_divide(X2,X3) = inverse(double_divide(inverse(double_divide(X0,X1)),double_divide(X0,inverse(double_divide(inverse(double_divide(X2,X1)),X3))))) [superposition 14,430]
538. inverse(double_divide(inverse(double_divide(inverse(double_divide(X0,double_divide(X0,X1))),X1)),X2)) = X2 [superposition 8,430]
540. inverse(double_divide(inverse(double_divide(inverse(double_divide(X1,X2)),double_divide(X1,X0))),X0)) = X2 [superposition 1,430]
541. double_divide(X1,X2) = inverse(double_divide(inverse(double_divide(double_divide(X1,X0),X3)),double_divide(inverse(double_divide(inverse(X0),X2)),X3))) [superposition 6,430]
552. double_divide(inverse(X0),double_divide(X1,X2)) = inverse(double_divide(inverse(double_divide(X2,X3)),double_divide(double_divide(X1,X0),X3))) [superposition 10,430]
560. double_divide(inverse(X0),double_divide(X1,inverse(double_divide(double_divide(X1,X0),X2)))) = X2 [superposition 33,430]
561. double_divide(X2,X0) = double_divide(inverse(double_divide(X1,X2)),double_divide(X1,inverse(X0))) [superposition 33,430]
566. double_divide(inverse(double_divide(X1,X2)),X0) = double_divide(X1,inverse(double_divide(X2,X0))) [superposition 22,430]
567. inverse(double_divide(inverse(double_divide(X2,X3)),double_divide(inverse(X0),X3))) = double_divide(X1,double_divide(inverse(double_divide(X1,X2)),X0)) [superposition 6,430]
572. inverse(double_divide(X2,X0)) = inverse(double_divide(inverse(double_divide(X2,X3)),double_divide(inverse(X0),X3))) [forward demodulation 567,524]
576. double_divide(X2,X0) = double_divide(X1,inverse(double_divide(X2,double_divide(X1,inverse(X0))))) [forward demodulation 561,566]
582. double_divide(inverse(X0),double_divide(X1,X2)) = inverse(double_divide(X2,inverse(double_divide(X3,double_divide(double_divide(X1,X0),X3))))) [forward demodulation 552,566]
590. double_divide(X1,X2) = double_divide(inverse(double_divide(inverse(double_divide(X1,inverse(X0))),X0)),X2) [forward demodulation 541,24]
591. inverse(double_divide(inverse(double_divide(X1,X2)),inverse(double_divide(double_divide(X1,X0),X0)))) = X2 [forward demodulation 540,566]
593. inverse(double_divide(inverse(double_divide(X0,double_divide(X0,X1))),inverse(double_divide(X1,X2)))) = X2 [forward demodulation 538,566]
596. double_divide(X2,X3) = inverse(inverse(double_divide(X1,double_divide(X1,double_divide(X2,X3))))) [forward demodulation 534,163]
599. inverse(double_divide(X2,X0)) = inverse(double_divide(X2,inverse(double_divide(X3,double_divide(inverse(X0),X3))))) [forward demodulation 572,566]
610. double_divide(X1,X2) = double_divide(inverse(double_divide(X1,inverse(X0))),inverse(double_divide(X0,X2))) [forward demodulation 590,566]
611. inverse(inverse(double_divide(double_divide(X1,double_divide(X1,X0)),double_divide(X2,X0)))) = X2 [forward demodulation 591,98]
612. inverse(inverse(double_divide(double_divide(X0,X1),double_divide(double_divide(X0,X1),X2)))) = X2 [forward demodulation 593,98]
614. double_divide(X2,X3) = inverse(inverse(double_divide(X2,X3))) [forward demodulation 596,433]
620. double_divide(X1,X2) = inverse(double_divide(double_divide(X1,X0),double_divide(inverse(X0),X2))) [forward demodulation 610,98]
621. inverse(inverse(double_divide(X0,double_divide(X2,X0)))) = X2 [forward demodulation 611,430]
622. inverse(inverse(X2)) = X2 [forward demodulation 612,430]
623. double_divide(X0,double_divide(X2,X0)) = X2 [forward demodulation 621,614]
624. inverse(double_divide(inverse(double_divide(X4,X5)),double_divide(double_divide(X2,X3),X5))) = double_divide(inverse(double_divide(X1,double_divide(inverse(double_divide(X2,X1)),X0))),double_divide(inverse(double_divide(inverse(X0),X3)),X4)) [superposition 19,22]
632. double_divide(double_divide(inverse(double_divide(inverse(double_divide(X0,X2)),X1)),X3),double_divide(inverse(double_divide(double_divide(X0,X1),X4)),X5)) = inverse(double_divide(inverse(double_divide(X5,X6)),double_divide(double_divide(inverse(double_divide(X2,X3)),X4),X6))) [superposition 19,6]
633. inverse(double_divide(inverse(double_divide(X4,X5)),double_divide(double_divide(inverse(X2),X3),X5))) = double_divide(double_divide(X1,double_divide(X1,inverse(double_divide(X0,X2)))),double_divide(inverse(double_divide(X0,X3)),X4)) [superposition 19,81]
645. inverse(double_divide(inverse(double_divide(X6,X7)),double_divide(double_divide(X5,double_divide(inverse(double_divide(inverse(double_divide(X2,inverse(double_divide(X5,X4)))),X3)),X0)),X7))) = double_divide(X4,double_divide(inverse(inverse(double_divide(inverse(double_divide(X0,X1)),double_divide(double_divide(X2,X3),X1)))),X6)) [superposition 19,19]
652. inverse(double_divide(inverse(double_divide(X6,X7)),double_divide(double_divide(X3,double_divide(inverse(double_divide(inverse(double_divide(X0,X4)),X1)),double_divide(inverse(double_divide(X5,X4)),double_divide(X5,inverse(double_divide(X3,X2)))))),X7))) = double_divide(X2,double_divide(double_divide(X0,X1),X6)) [superposition 19,14]
669. double_divide(X2,double_divide(inverse(double_divide(inverse(double_divide(X3,X2)),X4)),inverse(double_divide(X5,X6)))) = inverse(double_divide(double_divide(X0,X1),double_divide(double_divide(X3,X4),double_divide(inverse(double_divide(inverse(double_divide(X0,X5)),X1)),X6)))) [superposition 19,6]
670. double_divide(X1,double_divide(inverse(double_divide(inverse(double_divide(X2,X1)),X3)),inverse(X4))) = inverse(double_divide(X0,double_divide(double_divide(X2,X3),double_divide(X5,double_divide(X5,inverse(double_divide(X0,X4))))))) [superposition 19,81]
681. double_divide(X1,double_divide(inverse(double_divide(inverse(double_divide(inverse(double_divide(X2,X3)),X1)),double_divide(X2,inverse(double_divide(X3,X0))))),X4)) = inverse(double_divide(inverse(double_divide(X4,X5)),double_divide(X0,X5))) [superposition 19,33]
686. inverse(inverse(double_divide(inverse(double_divide(X0,X1)),double_divide(X0,X1)))) = double_divide(X2,double_divide(inverse(double_divide(inverse(double_divide(X3,X2)),X4)),double_divide(X3,X4))) [superposition 19,10]
714. double_divide(inverse(double_divide(X4,X5)),double_divide(X4,X6)) = inverse(double_divide(inverse(inverse(double_divide(inverse(double_divide(X0,X1)),double_divide(double_divide(X2,X3),X1)))),double_divide(X5,double_divide(inverse(double_divide(inverse(double_divide(X2,X6)),X3)),X0)))) [superposition 10,19]
716. double_divide(inverse(inverse(double_divide(inverse(double_divide(X0,X1)),double_divide(double_divide(X2,X3),X1)))),double_divide(X4,X5)) = inverse(double_divide(inverse(double_divide(X5,X6)),double_divide(double_divide(inverse(double_divide(inverse(double_divide(X2,X4)),X3)),X0),X6))) [superposition 10,19]
728. double_divide(inverse(double_divide(inverse(double_divide(X2,X4)),X3)),X0) = double_divide(X4,inverse(double_divide(inverse(double_divide(X0,X1)),double_divide(double_divide(X2,X3),X1)))) [superposition 430,19]
729. double_divide(X4,double_divide(inverse(double_divide(inverse(double_divide(X2,inverse(double_divide(X4,X5)))),X3)),X0)) = inverse(double_divide(X6,double_divide(inverse(inverse(double_divide(inverse(double_divide(X0,X1)),double_divide(double_divide(X2,X3),X1)))),double_divide(inverse(double_divide(X7,X5)),double_divide(X7,X6))))) [superposition 14,19]
731. double_divide(inverse(double_divide(inverse(double_divide(X2,inverse(double_divide(X4,X5)))),X3)),X0) = double_divide(X4,inverse(double_divide(X5,inverse(double_divide(inverse(double_divide(X0,X1)),double_divide(double_divide(X2,X3),X1)))))) [superposition 22,19]
732. double_divide(X4,double_divide(inverse(double_divide(inverse(double_divide(X2,inverse(double_divide(X4,X5)))),X3)),X0)) = inverse(double_divide(inverse(double_divide(X5,X6)),double_divide(inverse(inverse(double_divide(inverse(double_divide(X0,X1)),double_divide(double_divide(X2,X3),X1)))),X6))) [superposition 6,19]
781. double_divide(X4,double_divide(inverse(double_divide(inverse(double_divide(X2,inverse(double_divide(X4,X5)))),X3)),X0)) = inverse(double_divide(X5,inverse(double_divide(X6,double_divide(inverse(inverse(double_divide(inverse(double_divide(X0,X1)),double_divide(double_divide(X2,X3),X1)))),X6))))) [forward demodulation 732,566]
782. double_divide(inverse(double_divide(inverse(double_divide(X2,inverse(double_divide(X4,X5)))),X3)),X0) = double_divide(X4,inverse(double_divide(X5,inverse(double_divide(X0,inverse(double_divide(X1,double_divide(double_divide(X2,X3),X1)))))))) [forward demodulation 731,566]
784. double_divide(X4,double_divide(inverse(double_divide(inverse(double_divide(X2,inverse(double_divide(X4,X5)))),X3)),X0)) = double_divide(inverse(double_divide(X7,inverse(inverse(double_divide(inverse(double_divide(X0,X1)),double_divide(double_divide(X2,X3),X1)))))),double_divide(X7,X5)) [forward demodulation 729,286]
785. double_divide(inverse(double_divide(inverse(double_divide(X2,X4)),X3)),X0) = double_divide(X4,inverse(double_divide(X0,inverse(double_divide(X1,double_divide(double_divide(X2,X3),X1)))))) [forward demodulation 728,566]
796. double_divide(inverse(inverse(double_divide(inverse(double_divide(X0,X1)),double_divide(double_divide(X2,X3),X1)))),double_divide(X4,X5)) = double_divide(double_divide(X2,X3),double_divide(inverse(double_divide(X4,X0)),X5)) [forward demodulation 716,149]
798. double_divide(inverse(double_divide(X4,X5)),double_divide(X4,X6)) = inverse(double_divide(inverse(inverse(double_divide(inverse(double_divide(X0,X1)),double_divide(double_divide(X2,X3),X1)))),double_divide(X5,double_divide(inverse(double_divide(X2,X6)),inverse(double_divide(X3,X0)))))) [forward demodulation 714,566]
823. inverse(inverse(double_divide(inverse(double_divide(X0,X1)),double_divide(X0,X1)))) = double_divide(X2,double_divide(inverse(double_divide(X3,X2)),inverse(double_divide(X4,double_divide(X3,X4))))) [forward demodulation 686,566]
828. double_divide(X1,double_divide(inverse(double_divide(inverse(double_divide(inverse(double_divide(X2,X3)),X1)),double_divide(X2,inverse(double_divide(X3,X0))))),X4)) = inverse(double_divide(X4,inverse(double_divide(X5,double_divide(X0,X5))))) [forward demodulation 681,566]
839. double_divide(X1,double_divide(inverse(double_divide(inverse(double_divide(X2,X1)),X3)),inverse(X4))) = inverse(double_divide(X0,double_divide(double_divide(X2,X3),inverse(double_divide(X0,X4))))) [forward demodulation 670,430]
840. double_divide(X2,double_divide(inverse(double_divide(inverse(double_divide(X3,X2)),X4)),inverse(double_divide(X5,X6)))) = inverse(double_divide(double_divide(X0,X1),double_divide(double_divide(X3,X4),double_divide(inverse(double_divide(X0,X5)),inverse(double_divide(X1,X6)))))) [forward demodulation 669,566]
856. double_divide(X2,double_divide(double_divide(X0,X1),X6)) = inverse(double_divide(X6,inverse(double_divide(X7,double_divide(double_divide(X3,double_divide(inverse(double_divide(inverse(double_divide(X0,X4)),X1)),double_divide(inverse(double_divide(X5,X4)),double_divide(X5,inverse(double_divide(X3,X2)))))),X7))))) [forward demodulation 652,566]
859. inverse(double_divide(inverse(double_divide(X6,X7)),double_divide(double_divide(X5,double_divide(inverse(double_divide(inverse(double_divide(X2,inverse(double_divide(X5,X4)))),X3)),X0)),X7))) = double_divide(X4,double_divide(inverse(double_divide(inverse(X0),double_divide(X2,X3))),X6)) [forward demodulation 645,348]
869. inverse(double_divide(inverse(double_divide(X4,X5)),double_divide(double_divide(inverse(X2),X3),X5))) = double_divide(double_divide(X1,double_divide(X1,inverse(double_divide(X0,X2)))),double_divide(X0,inverse(double_divide(X3,X4)))) [forward demodulation 633,566]
870. double_divide(double_divide(inverse(double_divide(inverse(double_divide(X0,X2)),X1)),X3),double_divide(inverse(double_divide(double_divide(X0,X1),X4)),X5)) = inverse(double_divide(X5,inverse(double_divide(X6,double_divide(double_divide(inverse(double_divide(X2,X3)),X4),X6))))) [forward demodulation 632,566]
877. inverse(double_divide(inverse(double_divide(X4,X5)),double_divide(double_divide(X2,X3),X5))) = double_divide(X1,inverse(double_divide(double_divide(inverse(double_divide(X2,X1)),X0),double_divide(inverse(double_divide(inverse(X0),X3)),X4)))) [forward demodulation 624,566]
898. double_divide(X4,double_divide(inverse(double_divide(inverse(double_divide(X2,inverse(double_divide(X4,X5)))),X3)),X0)) = inverse(double_divide(X5,inverse(double_divide(inverse(double_divide(X0,X1)),double_divide(double_divide(X2,X3),X1))))) [forward demodulation 781,599]
899. double_divide(inverse(double_divide(inverse(double_divide(X2,inverse(double_divide(X4,X5)))),X3)),X0) = double_divide(X4,inverse(double_divide(X5,double_divide(inverse(X3),double_divide(X2,X0))))) [forward demodulation 782,582]
901. double_divide(X4,double_divide(inverse(double_divide(inverse(double_divide(X2,inverse(double_divide(X4,X5)))),X3)),X0)) = double_divide(X7,inverse(double_divide(inverse(inverse(double_divide(inverse(double_divide(X0,X1)),double_divide(double_divide(X2,X3),X1)))),double_divide(X7,X5)))) [forward demodulation 784,566]
902. double_divide(inverse(double_divide(inverse(double_divide(X2,X4)),X3)),X0) = double_divide(X4,double_divide(inverse(X3),double_divide(X2,X0))) [forward demodulation 785,582]
913. double_divide(inverse(inverse(double_divide(inverse(double_divide(X0,X1)),double_divide(double_divide(X2,X3),X1)))),double_divide(X4,X5)) = double_divide(double_divide(X2,X3),double_divide(X4,inverse(double_divide(X0,X5)))) [forward demodulation 796,566]
915. double_divide(inverse(double_divide(X4,X5)),double_divide(X4,X6)) = inverse(double_divide(inverse(inverse(double_divide(inverse(double_divide(X0,X1)),double_divide(double_divide(X2,X3),X1)))),double_divide(X5,inverse(double_divide(double_divide(X2,X3),double_divide(X6,X0)))))) [forward demodulation 798,98]
935. inverse(inverse(double_divide(inverse(double_divide(X0,X1)),double_divide(X0,X1)))) = double_divide(X2,inverse(double_divide(double_divide(X3,X4),double_divide(X2,double_divide(X3,X4))))) [forward demodulation 823,98]
940. double_divide(X1,double_divide(inverse(double_divide(inverse(double_divide(inverse(double_divide(X2,X3)),X1)),double_divide(X2,inverse(double_divide(X3,X0))))),X4)) = inverse(double_divide(X4,inverse(X0))) [forward demodulation 828,623]
950. inverse(double_divide(X0,double_divide(double_divide(X2,X3),inverse(double_divide(X0,X4))))) = double_divide(X1,double_divide(inverse(double_divide(X2,X1)),inverse(double_divide(X3,inverse(X4))))) [forward demodulation 839,566]
951. double_divide(X2,double_divide(inverse(double_divide(inverse(double_divide(X3,X2)),X4)),inverse(double_divide(X5,X6)))) = inverse(double_divide(double_divide(X0,X1),double_divide(double_divide(X3,X4),inverse(double_divide(double_divide(X0,X1),double_divide(X5,X6)))))) [forward demodulation 840,98]
967. double_divide(X2,double_divide(double_divide(X0,X1),X6)) = double_divide(inverse(double_divide(inverse(double_divide(inverse(double_divide(X0,X4)),X1)),double_divide(inverse(double_divide(X5,X4)),double_divide(X5,inverse(double_divide(X3,X2)))))),double_divide(X3,X6)) [forward demodulation 856,582]
970. inverse(double_divide(inverse(double_divide(X6,X7)),double_divide(double_divide(X5,double_divide(inverse(double_divide(inverse(double_divide(X2,inverse(double_divide(X5,X4)))),X3)),X0)),X7))) = double_divide(X4,double_divide(inverse(X0),inverse(double_divide(double_divide(X2,X3),X6)))) [forward demodulation 859,566]
980. inverse(double_divide(inverse(double_divide(X4,X5)),double_divide(double_divide(inverse(X2),X3),X5))) = double_divide(inverse(double_divide(X0,X2)),double_divide(X0,inverse(double_divide(X3,X4)))) [forward demodulation 869,430]
981. double_divide(double_divide(inverse(double_divide(inverse(double_divide(X0,X2)),X1)),X3),double_divide(inverse(double_divide(double_divide(X0,X1),X4)),X5)) = double_divide(inverse(X4),double_divide(inverse(double_divide(X2,X3)),X5)) [forward demodulation 870,582]
988. inverse(double_divide(inverse(double_divide(X4,X5)),double_divide(double_divide(X2,X3),X5))) = double_divide(X1,inverse(double_divide(double_divide(inverse(double_divide(X2,X1)),X0),double_divide(inverse(X0),inverse(double_divide(X3,X4)))))) [forward demodulation 877,566]
1009. double_divide(X4,double_divide(inverse(double_divide(inverse(double_divide(X2,inverse(double_divide(X4,X5)))),X3)),X0)) = inverse(double_divide(X5,inverse(double_divide(X0,inverse(double_divide(X1,double_divide(double_divide(X2,X3),X1))))))) [forward demodulation 898,566]
1010. double_divide(inverse(double_divide(X2,inverse(double_divide(X4,X5)))),inverse(double_divide(X3,X0))) = double_divide(X4,inverse(double_divide(X5,double_divide(inverse(X3),double_divide(X2,X0))))) [forward demodulation 899,566]
1012. double_divide(X4,double_divide(inverse(double_divide(inverse(double_divide(X2,inverse(double_divide(X4,X5)))),X3)),X0)) = double_divide(X7,inverse(double_divide(inverse(double_divide(inverse(X0),double_divide(X2,X3))),double_divide(X7,X5)))) [forward demodulation 901,348]
1013. double_divide(inverse(double_divide(X2,X4)),inverse(double_divide(X3,X0))) = double_divide(X4,double_divide(inverse(X3),double_divide(X2,X0))) [forward demodulation 902,566]
1023. double_divide(inverse(double_divide(inverse(X0),double_divide(X2,X3))),double_divide(X4,X5)) = double_divide(double_divide(X2,X3),double_divide(X4,inverse(double_divide(X0,X5)))) [forward demodulation 913,348]
1025. double_divide(inverse(double_divide(X4,X5)),double_divide(X4,X6)) = inverse(double_divide(inverse(double_divide(inverse(X0),double_divide(X2,X3))),double_divide(X5,inverse(double_divide(double_divide(X2,X3),double_divide(X6,X0)))))) [forward demodulation 915,348]
1045. inverse(inverse(double_divide(inverse(double_divide(X0,X1)),double_divide(X0,X1)))) = double_divide(X2,inverse(X2)) [forward demodulation 935,623]
1050. inverse(double_divide(X4,inverse(X0))) = double_divide(X1,double_divide(inverse(double_divide(inverse(double_divide(X2,X3)),X1)),inverse(double_divide(double_divide(X2,inverse(double_divide(X3,X0))),X4)))) [forward demodulation 940,566]
1058. inverse(double_divide(X0,double_divide(double_divide(X2,X3),inverse(double_divide(X0,X4))))) = double_divide(X1,inverse(double_divide(double_divide(X2,X3),double_divide(X1,inverse(X4))))) [forward demodulation 950,98]
1059. inverse(double_divide(double_divide(X0,X1),double_divide(double_divide(X3,X4),inverse(double_divide(double_divide(X0,X1),double_divide(X5,X6)))))) = double_divide(X2,inverse(double_divide(double_divide(inverse(double_divide(X3,X2)),X5),double_divide(X4,X6)))) [forward demodulation 951,98]
1073. double_divide(X2,double_divide(double_divide(X0,X1),X6)) = double_divide(inverse(double_divide(inverse(double_divide(X0,X4)),X1)),inverse(double_divide(double_divide(inverse(double_divide(X5,X4)),double_divide(X5,inverse(double_divide(X3,X2)))),double_divide(X3,X6)))) [forward demodulation 967,566]
1076. double_divide(X4,double_divide(inverse(X0),inverse(double_divide(double_divide(X2,X3),X6)))) = inverse(double_divide(X6,inverse(double_divide(X7,double_divide(double_divide(X5,double_divide(inverse(double_divide(inverse(double_divide(X2,inverse(double_divide(X5,X4)))),X3)),X0)),X7))))) [forward demodulation 970,566]
1086. inverse(double_divide(inverse(double_divide(X4,X5)),double_divide(double_divide(inverse(X2),X3),X5))) = double_divide(X0,inverse(double_divide(X2,double_divide(X0,inverse(double_divide(X3,X4)))))) [forward demodulation 980,566]
1087. double_divide(double_divide(inverse(double_divide(inverse(double_divide(X0,X2)),X1)),X3),double_divide(inverse(double_divide(double_divide(X0,X1),X4)),X5)) = double_divide(inverse(X4),double_divide(X2,inverse(double_divide(X3,X5)))) [forward demodulation 981,566]
1094. inverse(double_divide(inverse(double_divide(X4,X5)),double_divide(double_divide(X2,X3),X5))) = double_divide(X1,double_divide(inverse(double_divide(X2,X1)),inverse(double_divide(X3,X4)))) [forward demodulation 988,620]
1113. double_divide(X4,double_divide(inverse(double_divide(inverse(double_divide(X2,inverse(double_divide(X4,X5)))),X3)),X0)) = inverse(double_divide(X5,double_divide(inverse(X3),double_divide(X2,X0)))) [forward demodulation 1009,582]
1114. inverse(double_divide(double_divide(X2,X3),double_divide(inverse(double_divide(X4,X5)),X0))) = double_divide(X4,inverse(double_divide(X5,double_divide(inverse(X3),double_divide(X2,X0))))) [forward demodulation 1010,98]
1116. double_divide(X4,double_divide(inverse(double_divide(inverse(double_divide(X2,inverse(double_divide(X4,X5)))),X3)),X0)) = double_divide(X7,inverse(double_divide(inverse(X0),inverse(double_divide(double_divide(X2,X3),double_divide(X7,X5)))))) [forward demodulation 1012,566]
1117. double_divide(X4,double_divide(inverse(X3),double_divide(X2,X0))) = double_divide(X2,inverse(double_divide(X4,inverse(double_divide(X3,X0))))) [forward demodulation 1013,566]
1126. double_divide(double_divide(X2,X3),double_divide(X4,inverse(double_divide(X0,X5)))) = double_divide(inverse(X0),inverse(double_divide(double_divide(X2,X3),double_divide(X4,X5)))) [forward demodulation 1023,566]
1128. double_divide(inverse(double_divide(X4,X5)),double_divide(X4,X6)) = inverse(double_divide(inverse(X0),inverse(double_divide(double_divide(X2,X3),double_divide(X5,inverse(double_divide(double_divide(X2,X3),double_divide(X6,X0)))))))) [forward demodulation 1025,566]
1146. inverse(double_divide(inverse(X0),X0)) = double_divide(X2,inverse(X2)) [forward demodulation 1045,348]
1150. inverse(double_divide(X4,inverse(X0))) = double_divide(X1,inverse(double_divide(double_divide(inverse(double_divide(X2,X3)),double_divide(X2,inverse(double_divide(X3,X0)))),double_divide(X1,X4)))) [forward demodulation 1050,98]
1157. double_divide(double_divide(X2,X3),X4) = inverse(double_divide(X0,double_divide(double_divide(X2,X3),inverse(double_divide(X0,X4))))) [forward demodulation 1058,576]
1158. inverse(double_divide(double_divide(X0,X1),double_divide(double_divide(X3,X4),inverse(double_divide(double_divide(X0,X1),double_divide(X5,X6)))))) = double_divide(X2,inverse(double_divide(double_divide(X3,inverse(double_divide(X2,X5))),double_divide(X4,X6)))) [forward demodulation 1059,566]
1169. double_divide(X2,double_divide(double_divide(X0,X1),X6)) = inverse(double_divide(double_divide(inverse(double_divide(X0,X4)),double_divide(inverse(double_divide(X5,X4)),double_divide(X5,inverse(double_divide(X3,X2))))),double_divide(X1,double_divide(X3,X6)))) [forward demodulation 1073,98]
1171. double_divide(X4,double_divide(inverse(X0),inverse(double_divide(double_divide(X2,X3),X6)))) = double_divide(inverse(double_divide(inverse(double_divide(inverse(double_divide(X2,inverse(double_divide(X5,X4)))),X3)),X0)),double_divide(X5,X6)) [forward demodulation 1076,582]
1179. double_divide(X2,double_divide(X3,X4)) = inverse(double_divide(inverse(double_divide(X4,X5)),double_divide(double_divide(inverse(X2),X3),X5))) [forward demodulation 1086,576]
1180. double_divide(inverse(X4),double_divide(X2,inverse(double_divide(X3,X5)))) = double_divide(double_divide(inverse(double_divide(inverse(double_divide(X0,X2)),X1)),X3),double_divide(double_divide(X0,X1),inverse(double_divide(X4,X5)))) [forward demodulation 1087,566]
1186. inverse(double_divide(inverse(double_divide(X4,X5)),double_divide(double_divide(X2,X3),X5))) = double_divide(X1,inverse(double_divide(double_divide(X2,X3),double_divide(X1,X4)))) [forward demodulation 1094,98]
1198. double_divide(X4,double_divide(inverse(double_divide(X2,inverse(double_divide(X4,X5)))),inverse(double_divide(X3,X0)))) = inverse(double_divide(X5,double_divide(inverse(X3),double_divide(X2,X0)))) [forward demodulation 1113,566]
1199. double_divide(X4,inverse(double_divide(X5,double_divide(inverse(X3),double_divide(X2,X0))))) = inverse(double_divide(double_divide(X2,X3),double_divide(X4,inverse(double_divide(X5,X0))))) [forward demodulation 1114,566]
1201. double_divide(X4,double_divide(inverse(double_divide(X2,inverse(double_divide(X4,X5)))),inverse(double_divide(X3,X0)))) = double_divide(X7,inverse(double_divide(inverse(X0),inverse(double_divide(double_divide(X2,X3),double_divide(X7,X5)))))) [forward demodulation 1116,566]
1211. double_divide(inverse(double_divide(X4,X5)),double_divide(X4,X6)) = inverse(double_divide(double_divide(X2,X3),double_divide(X5,inverse(double_divide(X0,inverse(double_divide(double_divide(X2,X3),double_divide(X6,X0)))))))) [forward demodulation 1128,1126]
1231. inverse(double_divide(X4,inverse(X0))) = double_divide(X1,inverse(double_divide(X0,double_divide(X1,X4)))) [forward demodulation 1150,33]
1237. double_divide(X2,inverse(double_divide(double_divide(X3,inverse(double_divide(X2,X5))),double_divide(X4,X6)))) = double_divide(double_divide(X3,X4),double_divide(X5,X6)) [forward demodulation 1158,1157]
1243. double_divide(X2,double_divide(double_divide(X0,X1),X6)) = inverse(double_divide(double_divide(X0,inverse(double_divide(X4,double_divide(inverse(double_divide(X5,X4)),double_divide(X5,inverse(double_divide(X3,X2))))))),double_divide(X1,double_divide(X3,X6)))) [forward demodulation 1169,566]
1245. double_divide(X4,double_divide(inverse(X0),inverse(double_divide(double_divide(X2,X3),X6)))) = double_divide(inverse(double_divide(inverse(double_divide(X2,inverse(double_divide(X5,X4)))),X3)),inverse(double_divide(X0,double_divide(X5,X6)))) [forward demodulation 1171,566]
1251. double_divide(X2,double_divide(X3,X4)) = inverse(double_divide(X4,inverse(double_divide(X5,double_divide(double_divide(inverse(X2),X3),X5))))) [forward demodulation 1179,566]
1252. double_divide(inverse(X4),double_divide(X2,inverse(double_divide(X3,X5)))) = double_divide(double_divide(inverse(double_divide(X0,X2)),inverse(double_divide(X1,X3))),double_divide(double_divide(X0,X1),inverse(double_divide(X4,X5)))) [forward demodulation 1180,566]
1257. double_divide(X1,inverse(double_divide(double_divide(X2,X3),double_divide(X1,X4)))) = inverse(double_divide(X4,inverse(double_divide(X5,double_divide(double_divide(X2,X3),X5))))) [forward demodulation 1186,566]
1264. double_divide(X4,inverse(double_divide(double_divide(X2,X3),double_divide(inverse(double_divide(X4,X5)),X0)))) = inverse(double_divide(X5,double_divide(inverse(X3),double_divide(X2,X0)))) [forward demodulation 1198,98]
1266. double_divide(X4,double_divide(inverse(double_divide(X2,inverse(double_divide(X4,X5)))),inverse(double_divide(X3,X0)))) = double_divide(inverse(X0),double_divide(inverse(double_divide(X2,X3)),double_divide(X7,double_divide(X7,X5)))) [forward demodulation 1201,1117]
1275. double_divide(inverse(double_divide(X4,X5)),double_divide(X4,X6)) = double_divide(X5,inverse(double_divide(X0,double_divide(inverse(X3),double_divide(X2,inverse(double_divide(double_divide(X2,X3),double_divide(X6,X0)))))))) [forward demodulation 1211,1199]
1299. double_divide(X2,double_divide(double_divide(X0,X1),X6)) = inverse(double_divide(double_divide(X0,inverse(double_divide(X3,X2))),double_divide(X1,double_divide(X3,X6)))) [forward demodulation 1243,7]
1301. double_divide(X4,double_divide(inverse(X0),inverse(double_divide(double_divide(X2,X3),X6)))) = inverse(double_divide(double_divide(inverse(double_divide(X2,inverse(double_divide(X5,X4)))),X0),double_divide(X3,double_divide(X5,X6)))) [forward demodulation 1245,98]
1306. double_divide(X2,double_divide(X3,X4)) = double_divide(inverse(X3),double_divide(inverse(X2),X4)) [forward demodulation 1251,582]
1307. double_divide(inverse(X4),double_divide(X2,inverse(double_divide(X3,X5)))) = double_divide(inverse(double_divide(double_divide(X0,X1),double_divide(X2,X3))),double_divide(double_divide(X0,X1),inverse(double_divide(X4,X5)))) [forward demodulation 1252,98]
1312. double_divide(X1,inverse(double_divide(double_divide(X2,X3),double_divide(X1,X4)))) = double_divide(inverse(X3),double_divide(X2,X4)) [forward demodulation 1257,582]
1317. inverse(double_divide(X5,double_divide(inverse(X3),double_divide(X2,X0)))) = double_divide(X4,inverse(double_divide(double_divide(X2,X3),double_divide(X4,inverse(double_divide(X5,X0)))))) [forward demodulation 1264,566]
1318. double_divide(X4,double_divide(inverse(double_divide(X2,inverse(double_divide(X4,X5)))),inverse(double_divide(X3,X0)))) = double_divide(inverse(X0),double_divide(X2,inverse(double_divide(X3,double_divide(X7,double_divide(X7,X5)))))) [forward demodulation 1266,566]
1325. double_divide(inverse(double_divide(X4,X5)),double_divide(X4,X6)) = double_divide(X5,inverse(double_divide(X0,double_divide(X6,X0)))) [forward demodulation 1275,560]
1346. double_divide(X4,double_divide(inverse(X0),inverse(double_divide(double_divide(X2,X3),X6)))) = inverse(double_divide(double_divide(X2,inverse(double_divide(inverse(double_divide(X5,X4)),X0))),double_divide(X3,double_divide(X5,X6)))) [forward demodulation 1301,566]
1350. double_divide(inverse(X4),double_divide(X2,inverse(double_divide(X3,X5)))) = double_divide(double_divide(X0,X1),inverse(double_divide(double_divide(X2,X3),double_divide(double_divide(X0,X1),inverse(double_divide(X4,X5)))))) [forward demodulation 1307,566]
1354. inverse(double_divide(X4,inverse(double_divide(X2,X3)))) = double_divide(inverse(X3),double_divide(X2,X4)) [forward demodulation 1312,1231]
1359. inverse(double_divide(X5,double_divide(inverse(X3),double_divide(X2,X0)))) = double_divide(double_divide(X2,X3),double_divide(X5,X0)) [forward demodulation 1317,576]
1360. double_divide(X4,double_divide(inverse(double_divide(X2,inverse(double_divide(X4,X5)))),inverse(double_divide(X3,X0)))) = double_divide(inverse(X0),double_divide(X2,inverse(double_divide(X3,X5)))) [forward demodulation 1318,430]
1366. double_divide(inverse(double_divide(X4,X5)),double_divide(X4,X6)) = double_divide(X5,inverse(X6)) [forward demodulation 1325,623]
1385. double_divide(X4,double_divide(inverse(X0),inverse(double_divide(double_divide(X2,X3),X6)))) = inverse(double_divide(double_divide(X2,inverse(double_divide(X5,inverse(double_divide(X4,X0))))),double_divide(X3,double_divide(X5,X6)))) [forward demodulation 1346,566]
1388. double_divide(double_divide(X2,X3),double_divide(X4,X5)) = double_divide(inverse(X4),double_divide(X2,inverse(double_divide(X3,X5)))) [forward demodulation 1350,576]
1394. double_divide(X4,inverse(double_divide(double_divide(X2,X3),double_divide(inverse(double_divide(X4,X5)),X0)))) = double_divide(inverse(X0),double_divide(X2,inverse(double_divide(X3,X5)))) [forward demodulation 1360,98]
1399. double_divide(X4,inverse(double_divide(X5,double_divide(X4,X6)))) = double_divide(X5,inverse(X6)) [forward demodulation 1366,566]
1417. double_divide(X4,double_divide(inverse(X0),inverse(double_divide(double_divide(X2,X3),X6)))) = double_divide(inverse(double_divide(X4,X0)),double_divide(double_divide(X2,X3),X6)) [forward demodulation 1385,1299]
1422. double_divide(X4,inverse(double_divide(double_divide(X2,X3),double_divide(inverse(double_divide(X4,X5)),X0)))) = double_divide(double_divide(X2,X3),double_divide(X0,X5)) [forward demodulation 1394,1388]
1438. double_divide(X4,double_divide(inverse(X0),inverse(double_divide(double_divide(X2,X3),X6)))) = double_divide(X4,inverse(double_divide(X0,double_divide(double_divide(X2,X3),X6)))) [forward demodulation 1417,566]
1442. double_divide(X4,inverse(double_divide(double_divide(X2,X3),double_divide(X4,inverse(double_divide(X5,X0)))))) = double_divide(double_divide(X2,X3),double_divide(X0,X5)) [forward demodulation 1422,566]
1451. double_divide(double_divide(X2,X3),double_divide(X5,X0)) = double_divide(double_divide(X2,X3),double_divide(X0,X5)) [forward demodulation 1442,576]
1457. inverse(double_divide(inverse(double_divide(X0,X1)),double_divide(X0,X2))) = double_divide(inverse(double_divide(X2,X3)),double_divide(X1,X3)) [superposition 622,10]
1458. inverse(double_divide(X0,double_divide(inverse(double_divide(inverse(double_divide(X1,X0)),X2)),X3))) = double_divide(inverse(double_divide(X3,X4)),double_divide(double_divide(X1,X2),X4)) [superposition 622,19]
1459. inverse(double_divide(X0,X1)) = double_divide(inverse(double_divide(X2,X3)),double_divide(inverse(double_divide(inverse(double_divide(X0,X2)),X1)),X3)) [superposition 622,6]
1467. inverse(double_divide(X0,X1)) = double_divide(double_divide(X0,X1),double_divide(inverse(X2),X2)) [superposition 622,142]
1472. inverse(double_divide(X0,X1)) = double_divide(double_divide(X0,X1),double_divide(X2,inverse(X2))) [forward demodulation 1467,1451]
1479. inverse(double_divide(X0,X1)) = double_divide(X2,inverse(double_divide(X3,double_divide(inverse(double_divide(inverse(double_divide(X0,X2)),X1)),X3)))) [forward demodulation 1459,566]
1480. inverse(double_divide(X0,double_divide(inverse(double_divide(inverse(double_divide(X1,X0)),X2)),X3))) = double_divide(X3,inverse(double_divide(X4,double_divide(double_divide(X1,X2),X4)))) [forward demodulation 1458,566]
1481. inverse(double_divide(inverse(double_divide(X0,X1)),double_divide(X0,X2))) = double_divide(X2,inverse(double_divide(X3,double_divide(X1,X3)))) [forward demodulation 1457,566]
1489. inverse(double_divide(X0,X1)) = double_divide(X2,double_divide(inverse(double_divide(X0,X2)),X1)) [forward demodulation 1479,498]
1490. double_divide(X3,inverse(double_divide(X1,X2))) = inverse(double_divide(X0,double_divide(inverse(double_divide(inverse(double_divide(X1,X0)),X2)),X3))) [forward demodulation 1480,623]
1491. inverse(double_divide(inverse(double_divide(X0,X1)),double_divide(X0,X2))) = double_divide(X2,inverse(X1)) [forward demodulation 1481,623]
1498. inverse(double_divide(X0,X1)) = double_divide(X2,double_divide(X0,inverse(double_divide(X2,X1)))) [forward demodulation 1489,566]
1499. double_divide(X3,inverse(double_divide(X1,X2))) = inverse(double_divide(X0,double_divide(inverse(double_divide(X1,X0)),inverse(double_divide(X2,X3))))) [forward demodulation 1490,566]
1500. inverse(double_divide(X0,inverse(double_divide(X1,double_divide(X0,X2))))) = double_divide(X2,inverse(X1)) [forward demodulation 1491,566]
1505. double_divide(X3,inverse(double_divide(X1,X2))) = double_divide(X1,inverse(double_divide(X2,X3))) [forward demodulation 1499,353]
1506. double_divide(X2,inverse(X1)) = double_divide(inverse(double_divide(X0,X2)),double_divide(X1,X0)) [forward demodulation 1500,1354]
1509. double_divide(X2,inverse(X1)) = double_divide(X0,inverse(double_divide(X2,double_divide(X1,X0)))) [forward demodulation 1506,566]
1522. inverse(double_divide(inverse(double_divide(double_divide(inverse(double_divide(inverse(double_divide(X0,X2)),X1)),X3),X6)),double_divide(X5,X6))) = double_divide(inverse(double_divide(X2,X3)),double_divide(inverse(double_divide(X4,double_divide(X0,X1))),double_divide(X4,X5))) [superposition 20,6]
1523. inverse(double_divide(inverse(double_divide(double_divide(X3,double_divide(X3,inverse(double_divide(X0,X1)))),X5)),double_divide(X4,X5))) = double_divide(inverse(X1),double_divide(inverse(double_divide(X2,X0)),double_divide(X2,X4))) [superposition 20,81]
1525. inverse(double_divide(inverse(double_divide(double_divide(inverse(double_divide(inverse(double_divide(X0,X4)),X1)),double_divide(inverse(double_divide(X5,X4)),double_divide(X5,X2))),X7)),double_divide(X6,X7))) = double_divide(X2,double_divide(inverse(double_divide(X3,double_divide(X0,X1))),double_divide(X3,X6))) [superposition 20,14]
1528. inverse(double_divide(inverse(double_divide(double_divide(X3,double_divide(X2,X0)),X6)),double_divide(X5,X6))) = double_divide(double_divide(inverse(double_divide(X1,X2)),double_divide(X1,X3)),double_divide(inverse(double_divide(X4,X0)),double_divide(X4,X5))) [superposition 20,9]
1536. inverse(double_divide(inverse(double_divide(X4,X5)),double_divide(double_divide(X2,inverse(double_divide(X3,X0))),X5))) = double_divide(X1,double_divide(inverse(double_divide(inverse(double_divide(X2,X3)),inverse(double_divide(X1,X4)))),X0)) [superposition 20,33]
1542. double_divide(X1,double_divide(inverse(double_divide(X2,inverse(double_divide(X1,X3)))),double_divide(X2,X4))) = inverse(double_divide(inverse(X0),double_divide(X4,inverse(double_divide(X5,double_divide(inverse(double_divide(X3,X5)),X0)))))) [superposition 20,22]
1548. double_divide(X1,double_divide(inverse(double_divide(X2,inverse(double_divide(X1,inverse(double_divide(inverse(double_divide(X3,X0)),X4)))))),double_divide(X2,X5))) = inverse(double_divide(X0,double_divide(X5,double_divide(X3,X4)))) [superposition 20,1]
1562. double_divide(X1,double_divide(inverse(double_divide(X2,inverse(double_divide(X1,X3)))),double_divide(X2,X4))) = inverse(double_divide(inverse(double_divide(X3,double_divide(X4,X0))),X0)) [superposition 20,430]
1569. inverse(inverse(double_divide(inverse(double_divide(X0,X1)),double_divide(double_divide(X2,X3),X1)))) = double_divide(X4,double_divide(inverse(double_divide(X5,inverse(double_divide(X4,X6)))),double_divide(X5,inverse(double_divide(inverse(double_divide(X2,inverse(double_divide(X6,X0)))),X3))))) [superposition 20,19]
1578. inverse(inverse(double_divide(inverse(double_divide(X0,X1)),double_divide(X2,X1)))) = double_divide(X3,inverse(double_divide(inverse(double_divide(X4,double_divide(inverse(double_divide(X3,X4)),X2))),X0))) [superposition 6,20]
1579. inverse(inverse(double_divide(inverse(double_divide(X0,X1)),double_divide(X2,X1)))) = double_divide(inverse(double_divide(X3,inverse(double_divide(X4,inverse(double_divide(inverse(double_divide(X5,double_divide(X4,X2))),X0)))))),double_divide(X3,X5)) [superposition 10,20]
1581. double_divide(X2,inverse(double_divide(X3,X0))) = inverse(inverse(double_divide(inverse(double_divide(X0,X1)),double_divide(double_divide(X2,X3),X1)))) [superposition 14,20]
1585. double_divide(X4,X2) = inverse(double_divide(double_divide(inverse(double_divide(X3,inverse(double_divide(X4,inverse(double_divide(X5,X0)))))),double_divide(X3,X5)),inverse(double_divide(inverse(double_divide(X0,X1)),double_divide(X2,X1))))) [superposition 9,20]
1592. double_divide(inverse(double_divide(X5,inverse(double_divide(X4,X0)))),double_divide(X5,X2)) = inverse(double_divide(X3,double_divide(inverse(double_divide(X4,X3)),inverse(double_divide(inverse(double_divide(X0,X1)),double_divide(X2,X1)))))) [superposition 7,20]
1600. double_divide(inverse(inverse(double_divide(inverse(double_divide(X0,X1)),double_divide(X2,X1)))),double_divide(X3,X5)) = inverse(double_divide(inverse(double_divide(X5,X6)),double_divide(double_divide(inverse(double_divide(X4,inverse(double_divide(X3,X0)))),double_divide(X4,X2)),X6))) [superposition 10,20]
1602. double_divide(inverse(double_divide(X6,inverse(double_divide(X4,X0)))),double_divide(X6,X2)) = inverse(double_divide(X3,double_divide(X4,double_divide(inverse(double_divide(X5,inverse(inverse(double_divide(inverse(double_divide(X0,X1)),double_divide(X2,X1)))))),double_divide(X5,X3))))) [superposition 11,20]
1610. double_divide(X3,inverse(double_divide(double_divide(inverse(double_divide(X4,inverse(double_divide(X3,X0)))),double_divide(X4,X2)),double_divide(inverse(inverse(double_divide(inverse(double_divide(X0,X1)),double_divide(X2,X1)))),X5)))) = X5 [superposition 22,20]
1616. inverse(double_divide(inverse(double_divide(X6,X7)),double_divide(double_divide(X4,double_divide(inverse(double_divide(X5,inverse(double_divide(inverse(double_divide(X4,X3)),X0)))),double_divide(X5,X2))),X7))) = double_divide(X3,double_divide(inverse(inverse(double_divide(inverse(double_divide(X0,X1)),double_divide(X2,X1)))),X6)) [superposition 19,20]
1619. double_divide(inverse(double_divide(X5,inverse(double_divide(inverse(double_divide(X3,X4)),X0)))),double_divide(X5,X2)) = double_divide(X3,inverse(double_divide(X4,inverse(double_divide(inverse(double_divide(X0,X1)),double_divide(X2,X1)))))) [superposition 22,20]
1624. double_divide(inverse(double_divide(X6,inverse(double_divide(inverse(double_divide(inverse(double_divide(X3,X5)),X4)),X0)))),double_divide(X6,X2)) = inverse(double_divide(double_divide(X3,X4),double_divide(X5,inverse(double_divide(inverse(double_divide(X0,X1)),double_divide(X2,X1)))))) [superposition 8,20]
1639. double_divide(inverse(double_divide(X4,X5)),double_divide(X4,inverse(double_divide(X2,X6)))) = inverse(double_divide(double_divide(X0,double_divide(inverse(double_divide(X1,inverse(double_divide(X0,X2)))),double_divide(X1,X3))),double_divide(X5,double_divide(X3,X6)))) [superposition 10,20]
1650. inverse(double_divide(inverse(double_divide(X5,X6)),double_divide(double_divide(X2,double_divide(X3,X4)),X6))) = double_divide(X4,double_divide(double_divide(X0,double_divide(inverse(double_divide(X1,inverse(double_divide(X0,X2)))),double_divide(X1,X3))),X5)) [superposition 19,20]
1655. double_divide(inverse(double_divide(X2,X4)),double_divide(X3,X4)) = inverse(double_divide(X0,double_divide(inverse(double_divide(X1,inverse(double_divide(X0,X2)))),double_divide(X1,X3)))) [superposition 622,20]
1662. double_divide(inverse(double_divide(X2,X4)),double_divide(X3,X4)) = double_divide(double_divide(X1,double_divide(X1,inverse(double_divide(X0,X2)))),double_divide(X0,X3)) [forward demodulation 1655,1359]
1664. inverse(double_divide(inverse(double_divide(X5,X6)),double_divide(double_divide(X2,double_divide(X3,X4)),X6))) = double_divide(X4,double_divide(double_divide(X0,double_divide(X1,inverse(double_divide(inverse(double_divide(X0,X2)),double_divide(X1,X3))))),X5)) [forward demodulation 1650,566]
1675. double_divide(inverse(double_divide(X4,X5)),double_divide(X4,inverse(double_divide(X2,X6)))) = inverse(double_divide(double_divide(X0,double_divide(X1,inverse(double_divide(inverse(double_divide(X0,X2)),double_divide(X1,X3))))),double_divide(X5,double_divide(X3,X6)))) [forward demodulation 1639,566]
1687. double_divide(inverse(double_divide(X6,inverse(double_divide(inverse(double_divide(inverse(double_divide(X3,X5)),X4)),X0)))),double_divide(X6,X2)) = double_divide(X5,inverse(double_divide(inverse(double_divide(X0,X1)),double_divide(inverse(X4),double_divide(X3,double_divide(X2,X1)))))) [forward demodulation 1624,1199]
1692. double_divide(inverse(double_divide(X5,inverse(double_divide(inverse(double_divide(X3,X4)),X0)))),double_divide(X5,X2)) = double_divide(X4,double_divide(inverse(inverse(double_divide(X0,X1))),double_divide(X3,double_divide(X2,X1)))) [forward demodulation 1619,1117]
1695. inverse(double_divide(inverse(double_divide(X6,X7)),double_divide(double_divide(X4,double_divide(inverse(double_divide(X5,inverse(double_divide(inverse(double_divide(X4,X3)),X0)))),double_divide(X5,X2))),X7))) = double_divide(X3,double_divide(inverse(double_divide(inverse(X0),X2)),X6)) [forward demodulation 1616,348]
1700. double_divide(X3,inverse(double_divide(double_divide(inverse(double_divide(X4,inverse(double_divide(X3,X0)))),double_divide(X4,X2)),double_divide(inverse(double_divide(inverse(X0),X2)),X5)))) = X5 [forward demodulation 1610,348]
1708. double_divide(inverse(double_divide(X6,inverse(double_divide(X4,X0)))),double_divide(X6,X2)) = double_divide(inverse(double_divide(X5,X4)),double_divide(X5,inverse(inverse(double_divide(inverse(double_divide(X0,X1)),double_divide(X2,X1)))))) [forward demodulation 1602,286]
1710. double_divide(inverse(inverse(double_divide(inverse(double_divide(X0,X1)),double_divide(X2,X1)))),double_divide(X3,X5)) = double_divide(X2,double_divide(inverse(double_divide(X3,X0)),X5)) [forward demodulation 1600,54]
1718. double_divide(X4,inverse(double_divide(inverse(double_divide(X0,X1)),double_divide(X2,X1)))) = double_divide(inverse(double_divide(X5,inverse(double_divide(X4,X0)))),double_divide(X5,X2)) [forward demodulation 1592,353]
1725. double_divide(X4,X2) = double_divide(inverse(double_divide(X2,X1)),double_divide(inverse(double_divide(X0,X1)),double_divide(inverse(double_divide(X3,inverse(double_divide(X4,inverse(double_divide(X5,X0)))))),double_divide(X3,X5)))) [forward demodulation 1585,1354]
1729. double_divide(X2,inverse(double_divide(X3,X0))) = inverse(double_divide(inverse(X0),double_divide(X2,X3))) [forward demodulation 1581,348]
1730. inverse(inverse(double_divide(inverse(double_divide(X0,X1)),double_divide(X2,X1)))) = double_divide(X3,inverse(double_divide(inverse(double_divide(X4,inverse(double_divide(inverse(double_divide(X5,double_divide(X4,X2))),X0)))),double_divide(X3,X5)))) [forward demodulation 1579,566]
1731. inverse(inverse(double_divide(inverse(double_divide(X0,X1)),double_divide(X2,X1)))) = double_divide(X3,inverse(double_divide(X4,inverse(double_divide(double_divide(inverse(double_divide(X3,X4)),X2),X0))))) [forward demodulation 1578,566]
1738. inverse(inverse(double_divide(inverse(double_divide(X0,X1)),double_divide(double_divide(X2,X3),X1)))) = double_divide(X4,inverse(double_divide(inverse(double_divide(X6,X0)),double_divide(inverse(double_divide(X4,X6)),double_divide(X2,X3))))) [forward demodulation 1569,163]
1745. double_divide(X1,double_divide(inverse(double_divide(X2,inverse(double_divide(X1,X3)))),double_divide(X2,X4))) = inverse(double_divide(X3,inverse(double_divide(double_divide(X4,X0),X0)))) [forward demodulation 1562,566]
1759. inverse(double_divide(X0,double_divide(X5,double_divide(X3,X4)))) = double_divide(X1,double_divide(X2,inverse(double_divide(inverse(double_divide(X1,inverse(double_divide(inverse(double_divide(X3,X0)),X4)))),double_divide(X2,X5))))) [forward demodulation 1548,566]
1765. double_divide(X1,double_divide(inverse(double_divide(X2,inverse(double_divide(X1,X3)))),double_divide(X2,X4))) = inverse(double_divide(double_divide(X4,X5),double_divide(X0,double_divide(inverse(double_divide(X3,X5)),X0)))) [forward demodulation 1542,1388]
1769. inverse(double_divide(inverse(double_divide(X4,X5)),double_divide(double_divide(X2,inverse(double_divide(X3,X0))),X5))) = double_divide(X1,double_divide(inverse(double_divide(X2,X3)),inverse(double_divide(inverse(double_divide(X1,X4)),X0)))) [forward demodulation 1536,566]
1777. inverse(double_divide(inverse(double_divide(double_divide(X3,double_divide(X2,X0)),X6)),double_divide(X5,X6))) = double_divide(double_divide(inverse(double_divide(X1,X2)),double_divide(X1,X3)),double_divide(X4,inverse(double_divide(X0,double_divide(X4,X5))))) [forward demodulation 1528,566]
1780. inverse(double_divide(inverse(double_divide(double_divide(inverse(double_divide(inverse(double_divide(X0,X4)),X1)),double_divide(inverse(double_divide(X5,X4)),double_divide(X5,X2))),X7)),double_divide(X6,X7))) = double_divide(X2,double_divide(X3,inverse(double_divide(double_divide(X0,X1),double_divide(X3,X6))))) [forward demodulation 1525,566]
1782. inverse(double_divide(inverse(double_divide(double_divide(X3,double_divide(X3,inverse(double_divide(X0,X1)))),X5)),double_divide(X4,X5))) = double_divide(double_divide(X2,X0),double_divide(X1,double_divide(X2,X4))) [forward demodulation 1523,1306]
1783. inverse(double_divide(inverse(double_divide(double_divide(inverse(double_divide(inverse(double_divide(X0,X2)),X1)),X3),X6)),double_divide(X5,X6))) = double_divide(X2,inverse(double_divide(X3,double_divide(inverse(double_divide(X4,double_divide(X0,X1))),double_divide(X4,X5))))) [forward demodulation 1522,566]
1796. double_divide(inverse(double_divide(X2,X4)),double_divide(X3,X4)) = double_divide(inverse(double_divide(X0,X2)),double_divide(X0,X3)) [forward demodulation 1662,430]
1798. inverse(double_divide(inverse(double_divide(X5,X6)),double_divide(double_divide(X2,double_divide(X3,X4)),X6))) = double_divide(X4,double_divide(double_divide(X0,inverse(double_divide(X3,inverse(inverse(double_divide(X0,X2)))))),X5)) [forward demodulation 1664,1231]
1808. double_divide(inverse(double_divide(X4,X5)),double_divide(X4,inverse(double_divide(X2,X6)))) = inverse(double_divide(double_divide(X0,inverse(double_divide(X3,inverse(inverse(double_divide(X0,X2)))))),double_divide(X5,double_divide(X3,X6)))) [forward demodulation 1675,1231]
1819. double_divide(inverse(double_divide(X6,inverse(double_divide(inverse(double_divide(inverse(double_divide(X3,X5)),X4)),X0)))),double_divide(X6,X2)) = double_divide(X5,double_divide(double_divide(X3,X4),double_divide(inverse(double_divide(X0,X1)),double_divide(X2,X1)))) [forward demodulation 1687,1359]
1824. double_divide(inverse(double_divide(X5,inverse(double_divide(inverse(double_divide(X3,X4)),X0)))),double_divide(X5,X2)) = double_divide(X4,double_divide(double_divide(X0,X1),double_divide(X3,double_divide(X2,X1)))) [forward demodulation 1692,614]
1827. inverse(double_divide(inverse(double_divide(X6,X7)),double_divide(double_divide(X4,double_divide(inverse(double_divide(X5,inverse(double_divide(inverse(double_divide(X4,X3)),X0)))),double_divide(X5,X2))),X7))) = double_divide(X3,double_divide(inverse(X0),inverse(double_divide(X2,X6)))) [forward demodulation 1695,566]
1832. double_divide(X3,inverse(double_divide(double_divide(inverse(double_divide(X4,inverse(double_divide(X3,X0)))),double_divide(X4,X2)),double_divide(inverse(X0),inverse(double_divide(X2,X5)))))) = X5 [forward demodulation 1700,566]
1840. double_divide(inverse(double_divide(X6,inverse(double_divide(X4,X0)))),double_divide(X6,X2)) = double_divide(X5,inverse(double_divide(X4,double_divide(X5,inverse(inverse(double_divide(inverse(double_divide(X0,X1)),double_divide(X2,X1)))))))) [forward demodulation 1708,566]
1842. double_divide(inverse(inverse(double_divide(inverse(double_divide(X0,X1)),double_divide(X2,X1)))),double_divide(X3,X5)) = double_divide(X2,double_divide(X3,inverse(double_divide(X0,X5)))) [forward demodulation 1710,566]
1850. double_divide(X4,inverse(double_divide(inverse(double_divide(X0,X1)),double_divide(X2,X1)))) = double_divide(X5,inverse(double_divide(inverse(double_divide(X4,X0)),double_divide(X5,X2)))) [forward demodulation 1718,566]
1856. double_divide(X4,X2) = double_divide(X2,inverse(double_divide(X1,double_divide(inverse(double_divide(X0,X1)),double_divide(inverse(double_divide(X3,inverse(double_divide(X4,inverse(double_divide(X5,X0)))))),double_divide(X3,X5)))))) [forward demodulation 1725,566]
1859. inverse(inverse(double_divide(inverse(double_divide(X0,X1)),double_divide(X2,X1)))) = inverse(double_divide(X5,inverse(inverse(double_divide(X4,inverse(double_divide(inverse(double_divide(X5,double_divide(X4,X2))),X0))))))) [forward demodulation 1730,1231]
1860. inverse(inverse(double_divide(inverse(double_divide(X0,X1)),double_divide(X2,X1)))) = double_divide(X4,double_divide(inverse(double_divide(inverse(double_divide(X3,X4)),X2)),double_divide(X3,X0))) [forward demodulation 1731,1117]
1866. inverse(inverse(double_divide(inverse(double_divide(X0,X1)),double_divide(double_divide(X2,X3),X1)))) = double_divide(X4,double_divide(inverse(double_divide(X4,X6)),inverse(double_divide(double_divide(X2,X3),double_divide(X6,X0))))) [forward demodulation 1738,1729]
1873. double_divide(X1,double_divide(inverse(double_divide(X2,inverse(double_divide(X1,X3)))),double_divide(X2,X4))) = double_divide(inverse(X0),double_divide(double_divide(X4,X0),X3)) [forward demodulation 1745,1354]
1886. inverse(double_divide(X0,double_divide(X5,double_divide(X3,X4)))) = double_divide(X1,inverse(double_divide(X5,inverse(inverse(double_divide(X1,inverse(double_divide(inverse(double_divide(X3,X0)),X4)))))))) [forward demodulation 1759,1231]
1892. double_divide(X1,double_divide(inverse(double_divide(X2,inverse(double_divide(X1,X3)))),double_divide(X2,X4))) = inverse(double_divide(double_divide(X4,X5),inverse(double_divide(X3,X5)))) [forward demodulation 1765,623]
1896. inverse(double_divide(inverse(double_divide(X4,X5)),double_divide(double_divide(X2,inverse(double_divide(X3,X0))),X5))) = double_divide(X1,inverse(double_divide(double_divide(X2,inverse(double_divide(X1,X4))),double_divide(X3,X0)))) [forward demodulation 1769,98]
1904. inverse(double_divide(inverse(double_divide(double_divide(X3,double_divide(X2,X0)),X6)),double_divide(X5,X6))) = double_divide(double_divide(inverse(double_divide(X1,X2)),double_divide(X1,X3)),inverse(double_divide(X5,inverse(X0)))) [forward demodulation 1777,1231]
1907. inverse(double_divide(inverse(double_divide(double_divide(inverse(double_divide(inverse(double_divide(X0,X4)),X1)),double_divide(inverse(double_divide(X5,X4)),double_divide(X5,X2))),X7)),double_divide(X6,X7))) = double_divide(X2,inverse(double_divide(X6,inverse(double_divide(X0,X1))))) [forward demodulation 1780,1231]
1909. double_divide(double_divide(X2,X0),double_divide(X1,double_divide(X2,X4))) = double_divide(X4,inverse(double_divide(X5,double_divide(double_divide(X3,double_divide(X3,inverse(double_divide(X0,X1)))),X5)))) [forward demodulation 1782,1729]
1910. inverse(double_divide(inverse(double_divide(double_divide(inverse(double_divide(inverse(double_divide(X0,X2)),X1)),X3),X6)),double_divide(X5,X6))) = double_divide(X2,double_divide(double_divide(X4,double_divide(X4,double_divide(X0,X1))),double_divide(X3,X5))) [forward demodulation 1783,1359]
1923. double_divide(inverse(double_divide(X2,X4)),double_divide(X3,X4)) = double_divide(X0,inverse(double_divide(X2,double_divide(X0,X3)))) [forward demodulation 1796,566]
1925. inverse(double_divide(inverse(double_divide(X5,X6)),double_divide(double_divide(X2,double_divide(X3,X4)),X6))) = double_divide(X4,double_divide(double_divide(X0,inverse(double_divide(X3,double_divide(X0,X2)))),X5)) [forward demodulation 1798,614]
1935. double_divide(inverse(double_divide(X4,X5)),double_divide(X4,inverse(double_divide(X2,X6)))) = double_divide(inverse(inverse(double_divide(X0,X2))),double_divide(double_divide(X0,X5),X6)) [forward demodulation 1808,1299]
1945. double_divide(inverse(double_divide(X6,inverse(double_divide(inverse(double_divide(inverse(double_divide(X3,X5)),X4)),X0)))),double_divide(X6,X2)) = double_divide(X5,double_divide(double_divide(X3,X4),double_divide(X0,inverse(double_divide(X1,double_divide(X2,X1)))))) [forward demodulation 1819,566]
1950. double_divide(X5,inverse(double_divide(inverse(double_divide(inverse(double_divide(X3,X4)),X0)),double_divide(X5,X2)))) = double_divide(X4,double_divide(double_divide(X0,X1),double_divide(X3,double_divide(X2,X1)))) [forward demodulation 1824,566]
1953. double_divide(X3,double_divide(inverse(X0),inverse(double_divide(X2,X6)))) = double_divide(double_divide(X4,double_divide(inverse(double_divide(X5,inverse(double_divide(inverse(double_divide(X4,X3)),X0)))),double_divide(X5,X2))),inverse(double_divide(X7,double_divide(X6,X7)))) [forward demodulation 1827,1729]
1958. double_divide(X3,double_divide(inverse(X0),inverse(double_divide(X2,double_divide(inverse(double_divide(X4,X2)),double_divide(inverse(double_divide(X4,inverse(double_divide(X3,X0)))),X5)))))) = X5 [forward demodulation 1832,1199]
1966. double_divide(X4,inverse(double_divide(inverse(double_divide(X0,X1)),double_divide(X2,X1)))) = double_divide(inverse(double_divide(X6,inverse(double_divide(X4,X0)))),double_divide(X6,X2)) [forward demodulation 1840,576]
1968. double_divide(X2,double_divide(X3,inverse(double_divide(X0,X5)))) = double_divide(inverse(double_divide(inverse(X0),X2)),double_divide(X3,X5)) [forward demodulation 1842,348]
1976. double_divide(X4,inverse(double_divide(inverse(double_divide(X0,X1)),double_divide(X2,X1)))) = inverse(double_divide(X2,inverse(inverse(double_divide(X4,X0))))) [forward demodulation 1850,1231]
1982. double_divide(X4,X2) = double_divide(X2,double_divide(X0,double_divide(inverse(double_divide(X3,inverse(double_divide(X4,inverse(double_divide(X5,X0)))))),double_divide(X3,X5)))) [forward demodulation 1856,353]
1985. inverse(inverse(double_divide(inverse(double_divide(X0,X1)),double_divide(X2,X1)))) = inverse(double_divide(X5,double_divide(X4,inverse(double_divide(inverse(double_divide(X5,double_divide(X4,X2))),X0))))) [forward demodulation 1859,614]
1986. inverse(inverse(double_divide(inverse(double_divide(X0,X1)),double_divide(X2,X1)))) = double_divide(X4,double_divide(inverse(double_divide(X3,X4)),inverse(double_divide(X2,double_divide(X3,X0))))) [forward demodulation 1860,566]
1991. inverse(inverse(double_divide(inverse(double_divide(X0,X1)),double_divide(double_divide(X2,X3),X1)))) = inverse(double_divide(X6,inverse(double_divide(double_divide(X2,X3),double_divide(X6,X0))))) [forward demodulation 1866,524]
1998. double_divide(X1,double_divide(X2,inverse(double_divide(inverse(double_divide(X1,X3)),double_divide(X2,X4))))) = double_divide(inverse(X0),double_divide(double_divide(X4,X0),X3)) [forward demodulation 1873,566]
2011. inverse(double_divide(X0,double_divide(X5,double_divide(X3,X4)))) = double_divide(X1,inverse(double_divide(X5,double_divide(X1,inverse(double_divide(inverse(double_divide(X3,X0)),X4)))))) [forward demodulation 1886,614]
2017. double_divide(X1,double_divide(inverse(double_divide(X2,inverse(double_divide(X1,X3)))),double_divide(X2,X4))) = double_divide(inverse(X5),double_divide(X3,double_divide(X4,X5))) [forward demodulation 1892,1354]
2021. double_divide(double_divide(X2,X3),double_divide(X4,X0)) = inverse(double_divide(inverse(double_divide(X4,X5)),double_divide(double_divide(X2,inverse(double_divide(X3,X0))),X5))) [forward demodulation 1896,1237]
2029. inverse(double_divide(inverse(double_divide(double_divide(X3,double_divide(X2,X0)),X6)),double_divide(X5,X6))) = double_divide(double_divide(X1,inverse(double_divide(X2,double_divide(X1,X3)))),inverse(double_divide(X5,inverse(X0)))) [forward demodulation 1904,566]
2032. inverse(double_divide(inverse(double_divide(double_divide(inverse(double_divide(inverse(double_divide(X0,X4)),X1)),double_divide(inverse(double_divide(X5,X4)),double_divide(X5,X2))),X7)),double_divide(X6,X7))) = double_divide(X6,double_divide(inverse(X0),double_divide(X2,X1))) [forward demodulation 1907,1117]
2034. double_divide(double_divide(X2,X0),double_divide(X1,double_divide(X2,X4))) = double_divide(X4,inverse(double_divide(X3,double_divide(X3,inverse(double_divide(X0,X1)))))) [forward demodulation 1909,623]
2035. inverse(double_divide(inverse(double_divide(double_divide(inverse(double_divide(inverse(double_divide(X0,X2)),X1)),X3),X6)),double_divide(X5,X6))) = double_divide(X2,double_divide(double_divide(X0,X1),double_divide(X3,X5))) [forward demodulation 1910,433]
2048. inverse(double_divide(X3,inverse(X2))) = double_divide(inverse(double_divide(X2,X4)),double_divide(X3,X4)) [forward demodulation 1923,1231]
2050. inverse(double_divide(inverse(double_divide(X5,X6)),double_divide(double_divide(X2,double_divide(X3,X4)),X6))) = double_divide(X4,double_divide(inverse(double_divide(X2,inverse(X3))),X5)) [forward demodulation 1925,1231]
2060. double_divide(inverse(double_divide(X4,X5)),double_divide(X4,inverse(double_divide(X2,X6)))) = double_divide(double_divide(X0,X2),double_divide(double_divide(X0,X5),X6)) [forward demodulation 1935,614]
2069. double_divide(inverse(double_divide(X6,inverse(double_divide(inverse(double_divide(inverse(double_divide(X3,X5)),X4)),X0)))),double_divide(X6,X2)) = double_divide(X5,double_divide(double_divide(X3,X4),double_divide(X0,inverse(X2)))) [forward demodulation 1945,623]
2074. inverse(double_divide(X2,inverse(inverse(double_divide(inverse(double_divide(X3,X4)),X0))))) = double_divide(X4,double_divide(double_divide(X0,X1),double_divide(X3,double_divide(X2,X1)))) [forward demodulation 1950,1231]
2077. double_divide(X3,double_divide(inverse(X0),inverse(double_divide(X2,X6)))) = double_divide(double_divide(X4,double_divide(inverse(double_divide(X5,inverse(double_divide(inverse(double_divide(X4,X3)),X0)))),double_divide(X5,X2))),inverse(X6)) [forward demodulation 1953,623]
2082. double_divide(X3,double_divide(inverse(X0),double_divide(X4,double_divide(inverse(double_divide(X4,inverse(double_divide(X3,X0)))),X5)))) = X5 [forward demodulation 1958,353]
2090. double_divide(X4,inverse(double_divide(inverse(double_divide(X0,X1)),double_divide(X2,X1)))) = double_divide(X6,inverse(double_divide(inverse(double_divide(X4,X0)),double_divide(X6,X2)))) [forward demodulation 1966,566]
2092. double_divide(X2,double_divide(X3,inverse(double_divide(X0,X5)))) = double_divide(inverse(X0),inverse(double_divide(X2,double_divide(X3,X5)))) [forward demodulation 1968,566]
2100. double_divide(X4,inverse(double_divide(inverse(double_divide(X0,X1)),double_divide(X2,X1)))) = inverse(double_divide(X2,double_divide(X4,X0))) [forward demodulation 1976,614]
2106. double_divide(X4,X2) = double_divide(X2,double_divide(X0,double_divide(X3,inverse(double_divide(inverse(double_divide(X4,inverse(double_divide(X5,X0)))),double_divide(X3,X5)))))) [forward demodulation 1982,566]
2109. inverse(inverse(double_divide(inverse(double_divide(X0,X1)),double_divide(X2,X1)))) = inverse(double_divide(X5,double_divide(X4,inverse(double_divide(X5,inverse(double_divide(double_divide(X4,X2),X0))))))) [forward demodulation 1985,566]
2110. inverse(inverse(double_divide(inverse(double_divide(X0,X1)),double_divide(X2,X1)))) = double_divide(X4,inverse(double_divide(double_divide(X3,X2),double_divide(X4,double_divide(X3,X0))))) [forward demodulation 1986,98]
2114. inverse(inverse(double_divide(inverse(double_divide(X0,X1)),double_divide(double_divide(X2,X3),X1)))) = double_divide(inverse(double_divide(X6,X0)),double_divide(double_divide(X2,X3),X6)) [forward demodulation 1991,1354]
2120. double_divide(inverse(X0),double_divide(double_divide(X4,X0),X3)) = double_divide(X1,inverse(double_divide(X4,inverse(inverse(double_divide(X1,X3)))))) [forward demodulation 1998,1231]
2133. inverse(double_divide(X0,double_divide(X5,double_divide(X3,X4)))) = double_divide(X5,double_divide(inverse(double_divide(X3,X0)),X4)) [forward demodulation 2011,576]
2138. double_divide(X1,double_divide(X2,inverse(double_divide(inverse(double_divide(X1,X3)),double_divide(X2,X4))))) = double_divide(inverse(X5),double_divide(X3,double_divide(X4,X5))) [forward demodulation 2017,566]
2142. double_divide(double_divide(X2,X3),double_divide(X4,X0)) = double_divide(double_divide(X2,inverse(double_divide(X3,X0))),inverse(double_divide(X5,double_divide(X4,X5)))) [forward demodulation 2021,1729]
2150. inverse(double_divide(inverse(double_divide(double_divide(X3,double_divide(X2,X0)),X6)),double_divide(X5,X6))) = double_divide(inverse(double_divide(X3,inverse(X2))),inverse(double_divide(X5,inverse(X0)))) [forward demodulation 2029,1231]
2153. double_divide(X6,double_divide(inverse(X0),double_divide(X2,X1))) = double_divide(X6,inverse(double_divide(X7,double_divide(double_divide(inverse(double_divide(inverse(double_divide(X0,X4)),X1)),double_divide(inverse(double_divide(X5,X4)),double_divide(X5,X2))),X7)))) [forward demodulation 2032,1729]
2155. double_divide(double_divide(X2,X0),double_divide(X1,double_divide(X2,X4))) = double_divide(X4,inverse(inverse(double_divide(X0,X1)))) [forward demodulation 2034,430]
2156. double_divide(X2,double_divide(double_divide(X0,X1),double_divide(X3,X5))) = double_divide(X5,inverse(double_divide(X6,double_divide(double_divide(inverse(double_divide(inverse(double_divide(X0,X2)),X1)),X3),X6)))) [forward demodulation 2035,1729]
2169. inverse(double_divide(X3,inverse(X2))) = double_divide(X2,inverse(double_divide(X4,double_divide(X3,X4)))) [forward demodulation 2048,566]
2171. inverse(double_divide(inverse(double_divide(X5,X6)),double_divide(double_divide(X2,double_divide(X3,X4)),X6))) = double_divide(X4,double_divide(X2,inverse(double_divide(inverse(X3),X5)))) [forward demodulation 2050,566]
2181. double_divide(double_divide(X0,X2),double_divide(double_divide(X0,X5),X6)) = double_divide(X4,inverse(double_divide(X5,double_divide(X4,inverse(double_divide(X2,X6)))))) [forward demodulation 2060,566]
2189. double_divide(X5,double_divide(double_divide(X3,X4),double_divide(X0,inverse(X2)))) = double_divide(X6,inverse(double_divide(inverse(double_divide(inverse(double_divide(inverse(double_divide(X3,X5)),X4)),X0)),double_divide(X6,X2)))) [forward demodulation 2069,566]
2194. double_divide(X4,double_divide(double_divide(X0,X1),double_divide(X3,double_divide(X2,X1)))) = inverse(double_divide(X2,double_divide(inverse(double_divide(X3,X4)),X0))) [forward demodulation 2074,614]
2197. double_divide(X3,double_divide(inverse(X0),inverse(double_divide(X2,X6)))) = double_divide(double_divide(X4,double_divide(X5,inverse(double_divide(inverse(double_divide(inverse(double_divide(X4,X3)),X0)),double_divide(X5,X2))))),inverse(X6)) [forward demodulation 2077,566]
2202. double_divide(X3,double_divide(inverse(X0),inverse(double_divide(inverse(double_divide(X3,X0)),X5)))) = X5 [forward demodulation 2082,524]
2210. double_divide(X4,inverse(double_divide(inverse(double_divide(X0,X1)),double_divide(X2,X1)))) = inverse(double_divide(X2,inverse(inverse(double_divide(X4,X0))))) [forward demodulation 2090,1231]
2219. inverse(double_divide(X2,double_divide(X4,X0))) = double_divide(X4,double_divide(X2,inverse(double_divide(X1,double_divide(X0,X1))))) [forward demodulation 2100,1729]
2225. double_divide(X4,X2) = double_divide(X2,double_divide(X0,inverse(double_divide(X5,inverse(inverse(double_divide(X4,inverse(double_divide(X5,X0))))))))) [forward demodulation 2106,1231]
2227. inverse(inverse(double_divide(inverse(double_divide(X0,X1)),double_divide(X2,X1)))) = inverse(inverse(double_divide(X4,inverse(double_divide(double_divide(X4,X2),X0))))) [forward demodulation 2109,1498]
2228. inverse(inverse(double_divide(inverse(double_divide(X0,X1)),double_divide(X2,X1)))) = inverse(double_divide(double_divide(X3,X0),inverse(double_divide(X3,X2)))) [forward demodulation 2110,1231]
2232. inverse(inverse(double_divide(inverse(double_divide(X0,X1)),double_divide(double_divide(X2,X3),X1)))) = double_divide(X6,inverse(double_divide(X0,double_divide(double_divide(X2,X3),X6)))) [forward demodulation 2114,566]
2238. double_divide(inverse(X0),double_divide(double_divide(X4,X0),X3)) = double_divide(X1,inverse(double_divide(X4,double_divide(X1,X3)))) [forward demodulation 2120,614]
2249. inverse(double_divide(X0,double_divide(X5,double_divide(X3,X4)))) = double_divide(X5,double_divide(X3,inverse(double_divide(X0,X4)))) [forward demodulation 2133,566]
2254. double_divide(X1,inverse(double_divide(X4,inverse(inverse(double_divide(X1,X3)))))) = double_divide(inverse(X5),double_divide(X3,double_divide(X4,X5))) [forward demodulation 2138,1231]
2258. double_divide(double_divide(X2,X3),double_divide(X4,X0)) = double_divide(double_divide(X2,inverse(double_divide(X3,X0))),inverse(X4)) [forward demodulation 2142,623]
2265. inverse(double_divide(inverse(double_divide(double_divide(X3,double_divide(X2,X0)),X6)),double_divide(X5,X6))) = inverse(double_divide(double_divide(X3,X5),double_divide(inverse(X2),inverse(X0)))) [forward demodulation 2150,98]
2268. double_divide(X6,double_divide(inverse(X0),double_divide(X2,X1))) = double_divide(X6,inverse(double_divide(inverse(double_divide(inverse(double_divide(X0,X4)),X1)),double_divide(inverse(double_divide(X5,X4)),double_divide(X5,X2))))) [forward demodulation 2153,623]
2270. double_divide(X4,double_divide(X0,X1)) = double_divide(double_divide(X2,X0),double_divide(X1,double_divide(X2,X4))) [forward demodulation 2155,614]
2271. double_divide(X2,double_divide(double_divide(X0,X1),double_divide(X3,X5))) = double_divide(X5,inverse(double_divide(inverse(double_divide(inverse(double_divide(X0,X2)),X1)),X3))) [forward demodulation 2156,623]
2284. inverse(double_divide(X3,inverse(X2))) = double_divide(X2,inverse(X3)) [forward demodulation 2169,623]
2286. double_divide(X4,double_divide(X2,inverse(double_divide(inverse(X3),X5)))) = double_divide(double_divide(X2,double_divide(X3,X4)),inverse(double_divide(X6,double_divide(X5,X6)))) [forward demodulation 2171,1729]
2296. double_divide(double_divide(X0,X2),double_divide(double_divide(X0,X5),X6)) = double_divide(X5,double_divide(X2,X6)) [forward demodulation 2181,576]
2304. double_divide(X5,double_divide(double_divide(X3,X4),double_divide(X0,inverse(X2)))) = inverse(double_divide(X2,inverse(inverse(double_divide(inverse(double_divide(inverse(double_divide(X3,X5)),X4)),X0))))) [forward demodulation 2189,1231]
2309. double_divide(X4,double_divide(double_divide(X0,X1),double_divide(X3,double_divide(X2,X1)))) = inverse(double_divide(X2,double_divide(X3,inverse(double_divide(X4,X0))))) [forward demodulation 2194,566]
2312. double_divide(X3,double_divide(inverse(X0),inverse(double_divide(X2,X6)))) = double_divide(double_divide(X4,inverse(double_divide(X2,inverse(inverse(double_divide(inverse(double_divide(X4,X3)),X0)))))),inverse(X6)) [forward demodulation 2197,1231]
2316. double_divide(X3,double_divide(inverse(X0),inverse(double_divide(X3,inverse(double_divide(X0,X5)))))) = X5 [forward demodulation 2202,566]
2324. double_divide(X4,inverse(double_divide(inverse(double_divide(X0,X1)),double_divide(X2,X1)))) = inverse(double_divide(X2,double_divide(X4,X0))) [forward demodulation 2210,614]
2333. inverse(double_divide(X2,double_divide(X4,X0))) = double_divide(X4,double_divide(X2,inverse(X0))) [forward demodulation 2219,623]
2339. double_divide(X4,X2) = double_divide(X2,double_divide(X0,inverse(double_divide(X5,double_divide(X4,inverse(double_divide(X5,X0))))))) [forward demodulation 2225,614]
2340. inverse(inverse(double_divide(inverse(double_divide(X0,X1)),double_divide(X2,X1)))) = double_divide(X4,inverse(double_divide(double_divide(X4,X2),X0))) [forward demodulation 2227,614]
2341. inverse(inverse(double_divide(inverse(double_divide(X0,X1)),double_divide(X2,X1)))) = double_divide(inverse(X2),double_divide(X3,double_divide(X3,X0))) [forward demodulation 2228,1354]
2345. double_divide(X0,inverse(double_divide(X2,X3))) = inverse(inverse(double_divide(inverse(double_divide(X0,X1)),double_divide(double_divide(X2,X3),X1)))) [forward demodulation 2232,1509]
2349. inverse(double_divide(X3,inverse(X4))) = double_divide(inverse(X0),double_divide(double_divide(X4,X0),X3)) [forward demodulation 2238,1231]
2363. double_divide(X1,inverse(double_divide(X4,double_divide(X1,X3)))) = double_divide(inverse(X5),double_divide(X3,double_divide(X4,X5))) [forward demodulation 2254,614]
2371. inverse(double_divide(double_divide(X3,X5),double_divide(inverse(X2),inverse(X0)))) = double_divide(X5,inverse(double_divide(X6,double_divide(double_divide(X3,double_divide(X2,X0)),X6)))) [forward demodulation 2265,1729]
2373. double_divide(X6,double_divide(inverse(X0),double_divide(X2,X1))) = double_divide(X6,double_divide(inverse(double_divide(X5,X4)),inverse(double_divide(double_divide(X5,X2),double_divide(inverse(double_divide(X0,X4)),X1))))) [forward demodulation 2268,1729]
2375. double_divide(X2,double_divide(double_divide(X0,X1),double_divide(X3,X5))) = double_divide(X5,inverse(double_divide(inverse(double_divide(X0,X2)),inverse(double_divide(X1,X3))))) [forward demodulation 2271,566]
2387. double_divide(X4,double_divide(X2,inverse(double_divide(inverse(X3),X5)))) = double_divide(double_divide(X2,double_divide(X3,X4)),inverse(X5)) [forward demodulation 2286,623]
2401. double_divide(X5,double_divide(double_divide(X3,X4),double_divide(X0,inverse(X2)))) = double_divide(inverse(double_divide(inverse(double_divide(inverse(double_divide(X3,X5)),X4)),X0)),inverse(X2)) [forward demodulation 2304,2284]
2408. double_divide(X3,double_divide(inverse(X0),inverse(double_divide(X2,X6)))) = double_divide(double_divide(X4,X2),double_divide(X6,inverse(inverse(double_divide(inverse(double_divide(X4,X3)),X0))))) [forward demodulation 2312,2258]
2412. inverse(double_divide(inverse(X0),inverse(double_divide(X0,X5)))) = X5 [forward demodulation 2316,1498]
2420. inverse(double_divide(X2,double_divide(X4,X0))) = double_divide(X4,double_divide(X2,inverse(double_divide(X1,double_divide(X0,X1))))) [forward demodulation 2324,1729]
2434. double_divide(X4,X2) = double_divide(X2,double_divide(X0,double_divide(X4,double_divide(X5,inverse(inverse(double_divide(X5,X0))))))) [forward demodulation 2339,2333]
2435. inverse(double_divide(inverse(X0),X2)) = double_divide(X4,inverse(double_divide(double_divide(X4,X2),X0))) [forward demodulation 2340,348]
2436. inverse(inverse(double_divide(inverse(double_divide(X0,X1)),double_divide(X2,X1)))) = double_divide(inverse(X2),X0) [forward demodulation 2341,430]
2440. double_divide(X0,inverse(double_divide(X2,X3))) = inverse(double_divide(inverse(X0),double_divide(X2,X3))) [forward demodulation 2345,348]
2444. double_divide(inverse(X0),double_divide(double_divide(X4,X0),X3)) = double_divide(X4,inverse(X3)) [forward demodulation 2349,2284]
2455. inverse(double_divide(X3,inverse(X4))) = double_divide(inverse(X5),double_divide(X3,double_divide(X4,X5))) [forward demodulation 2363,1231]
2462. inverse(double_divide(double_divide(X3,X5),double_divide(inverse(X2),inverse(X0)))) = double_divide(X5,double_divide(double_divide(X3,double_divide(X2,X0)),double_divide(X6,inverse(X6)))) [forward demodulation 2371,2333]
2464. double_divide(X6,double_divide(inverse(X0),double_divide(X2,X1))) = double_divide(X6,inverse(double_divide(double_divide(X5,X4),double_divide(double_divide(X5,X2),double_divide(inverse(double_divide(X0,X4)),X1))))) [forward demodulation 2373,1438]
2465. double_divide(X2,double_divide(double_divide(X0,X1),double_divide(X3,X5))) = double_divide(inverse(double_divide(X0,X2)),double_divide(inverse(X1),double_divide(X5,X3))) [forward demodulation 2375,1117]
2487. double_divide(X5,double_divide(double_divide(X3,X4),double_divide(X0,inverse(X2)))) = double_divide(inverse(double_divide(inverse(double_divide(X3,X5)),X4)),inverse(double_divide(X0,inverse(X2)))) [forward demodulation 2401,566]
2494. double_divide(X3,double_divide(inverse(X0),inverse(double_divide(X2,X6)))) = double_divide(double_divide(X4,X2),double_divide(X6,double_divide(inverse(double_divide(X4,X3)),X0))) [forward demodulation 2408,614]
2497. double_divide(inverse(X5),double_divide(X0,inverse(X0))) = X5 [forward demodulation 2412,1354]
2505. inverse(double_divide(X2,double_divide(X4,X0))) = double_divide(X4,double_divide(X2,double_divide(X0,double_divide(X1,inverse(X1))))) [forward demodulation 2420,2333]
2519. double_divide(X4,X2) = double_divide(X2,double_divide(X0,double_divide(X4,double_divide(X5,double_divide(X5,X0))))) [forward demodulation 2434,614]
2520. double_divide(inverse(double_divide(X0,X1)),double_divide(X2,X1)) = double_divide(inverse(X2),X0) [forward demodulation 2436,614]
2522. double_divide(X0,inverse(double_divide(X2,X3))) = double_divide(X2,double_divide(inverse(X0),inverse(X3))) [forward demodulation 2440,2333]
2534. double_divide(inverse(X5),double_divide(X3,double_divide(X4,X5))) = double_divide(X4,inverse(X3)) [forward demodulation 2455,2284]
2536. inverse(double_divide(double_divide(X3,X5),double_divide(inverse(X2),inverse(X0)))) = double_divide(X5,inverse(double_divide(X3,double_divide(X2,X0)))) [forward demodulation 2462,1472]
2538. double_divide(X6,double_divide(inverse(X0),double_divide(X2,X1))) = double_divide(X6,double_divide(double_divide(X5,X2),double_divide(inverse(double_divide(X0,X4)),inverse(double_divide(double_divide(X5,X4),X1))))) [forward demodulation 2464,2249]
2539. double_divide(X2,double_divide(double_divide(X0,X1),double_divide(X3,X5))) = double_divide(X0,inverse(double_divide(X2,double_divide(inverse(X1),double_divide(X5,X3))))) [forward demodulation 2465,566]
2556. double_divide(X5,double_divide(double_divide(X3,X4),double_divide(X0,inverse(X2)))) = inverse(double_divide(double_divide(inverse(double_divide(X3,X5)),X0),double_divide(X4,inverse(X2)))) [forward demodulation 2487,98]
2563. double_divide(X3,double_divide(inverse(X0),inverse(double_divide(X2,X6)))) = double_divide(double_divide(X4,X2),double_divide(X6,double_divide(X4,inverse(double_divide(X3,X0))))) [forward demodulation 2494,566]
2572. double_divide(X4,double_divide(X2,inverse(X0))) = double_divide(X4,double_divide(X2,double_divide(X0,double_divide(X1,inverse(X1))))) [forward demodulation 2505,2333]
2582. double_divide(X4,X2) = double_divide(X2,double_divide(X0,double_divide(X4,X0))) [forward demodulation 2519,430]
2583. double_divide(inverse(X2),X0) = double_divide(X0,inverse(double_divide(X1,double_divide(X2,X1)))) [forward demodulation 2520,566]
2596. inverse(double_divide(double_divide(X3,X5),double_divide(inverse(X2),inverse(X0)))) = double_divide(X5,double_divide(X2,double_divide(X3,inverse(X0)))) [forward demodulation 2536,2333]
2597. double_divide(X6,double_divide(inverse(X0),double_divide(X2,X1))) = double_divide(X6,double_divide(double_divide(X5,X2),inverse(double_divide(double_divide(X0,X4),double_divide(double_divide(X5,X4),X1))))) [forward demodulation 2538,1438]
2598. double_divide(X2,double_divide(double_divide(X0,X1),double_divide(X3,X5))) = double_divide(X0,double_divide(double_divide(X5,X1),double_divide(X2,X3))) [forward demodulation 2539,1359]
2613. double_divide(X5,double_divide(double_divide(X3,X4),double_divide(X0,inverse(X2)))) = double_divide(X4,double_divide(double_divide(inverse(double_divide(X3,X5)),X0),inverse(inverse(X2)))) [forward demodulation 2556,2333]
2620. double_divide(X3,double_divide(inverse(X0),inverse(double_divide(X2,X6)))) = double_divide(inverse(double_divide(X3,X0)),double_divide(X2,X6)) [forward demodulation 2563,2270]
2636. double_divide(X4,X2) = double_divide(X2,X4) [forward demodulation 2582,623]
2637. double_divide(inverse(X2),X0) = double_divide(X0,double_divide(X2,double_divide(X1,inverse(X1)))) [forward demodulation 2583,2333]
2648. double_divide(X5,double_divide(X2,double_divide(X3,inverse(X0)))) = double_divide(inverse(X2),double_divide(double_divide(X3,X5),inverse(inverse(X0)))) [forward demodulation 2596,2333]
2649. double_divide(X6,double_divide(inverse(X0),double_divide(X2,X1))) = double_divide(X6,double_divide(double_divide(X5,X2),double_divide(double_divide(X5,X4),double_divide(double_divide(X0,X4),inverse(X1))))) [forward demodulation 2597,2333]
2662. double_divide(X5,double_divide(double_divide(X3,X4),double_divide(X0,inverse(X2)))) = double_divide(X4,double_divide(double_divide(inverse(double_divide(X3,X5)),X0),X2)) [forward demodulation 2613,622]
2669. double_divide(X3,double_divide(inverse(X0),inverse(double_divide(X2,X6)))) = double_divide(X3,inverse(double_divide(X0,double_divide(X2,X6)))) [forward demodulation 2620,566]
2691. double_divide(X5,double_divide(X2,double_divide(X3,inverse(X0)))) = double_divide(inverse(X2),double_divide(double_divide(X3,X5),X0)) [forward demodulation 2648,622]
2692. double_divide(X6,double_divide(inverse(X0),double_divide(X2,X1))) = double_divide(X6,double_divide(X5,double_divide(double_divide(inverse(X1),X4),double_divide(double_divide(X5,X2),double_divide(X0,X4))))) [forward demodulation 2649,2598]
2702. double_divide(X5,double_divide(double_divide(X3,X4),double_divide(X0,inverse(X2)))) = double_divide(X4,double_divide(double_divide(X3,inverse(double_divide(X5,X0))),X2)) [forward demodulation 2662,566]
2707. double_divide(X3,double_divide(inverse(X0),inverse(double_divide(X2,X6)))) = double_divide(X3,double_divide(X2,double_divide(X0,inverse(X6)))) [forward demodulation 2669,2333]
2728. double_divide(X6,double_divide(inverse(X0),double_divide(X2,X1))) = double_divide(X6,inverse(double_divide(X0,double_divide(double_divide(X5,X2),inverse(double_divide(X5,inverse(X1))))))) [forward demodulation 2692,2309]
2741. double_divide(X3,double_divide(X2,double_divide(X0,inverse(X6)))) = double_divide(X0,inverse(double_divide(X3,double_divide(X2,X6)))) [forward demodulation 2707,2522]
2760. double_divide(X6,double_divide(inverse(X0),double_divide(X2,X1))) = double_divide(X6,double_divide(double_divide(X5,X2),double_divide(X0,inverse(inverse(double_divide(X5,inverse(X1))))))) [forward demodulation 2728,2333]
2771. double_divide(X3,double_divide(X2,double_divide(X0,inverse(X6)))) = double_divide(X0,double_divide(X2,double_divide(X3,inverse(X6)))) [forward demodulation 2741,2333]
2781. double_divide(X6,double_divide(inverse(X0),double_divide(X2,X1))) = double_divide(X6,double_divide(double_divide(X5,X2),double_divide(X0,double_divide(X5,inverse(X1))))) [forward demodulation 2760,614]
2792. double_divide(X6,double_divide(inverse(X0),double_divide(X2,X1))) = double_divide(X6,double_divide(X5,double_divide(X0,double_divide(double_divide(X5,X2),inverse(X1))))) [forward demodulation 2781,2771]
2891. double_divide(inverse(double_divide(X1,X2)),double_divide(X0,X1)) = inverse(double_divide(inverse(double_divide(X0,X3)),double_divide(X2,X3))) [superposition 10,2636]
2919. inverse(double_divide(inverse(double_divide(X0,X4)),double_divide(double_divide(X1,X3),X4))) = double_divide(X2,double_divide(X0,inverse(double_divide(inverse(double_divide(X1,X2)),X3)))) [superposition 19,2636]
2933. inverse(double_divide(double_divide(inverse(X0),X0),X1)) = X1 [superposition 246,2636]
2948. inverse(double_divide(double_divide(X0,inverse(X0)),X1)) = X1 [forward demodulation 2933,2636]
2962. inverse(double_divide(inverse(double_divide(X0,X4)),double_divide(double_divide(X1,X3),X4))) = double_divide(double_divide(X0,double_divide(double_divide(X1,X2),X2)),inverse(X3)) [forward demodulation 2919,2387]
2988. double_divide(inverse(double_divide(X1,X2)),double_divide(X0,X1)) = double_divide(X2,inverse(double_divide(X3,double_divide(X0,X3)))) [forward demodulation 2891,1729]
3083. inverse(double_divide(inverse(double_divide(X0,X4)),double_divide(double_divide(X1,X3),X4))) = double_divide(double_divide(X0,double_divide(X2,double_divide(X1,X2))),inverse(X3)) [forward demodulation 2962,2636]
3109. double_divide(inverse(double_divide(X1,X2)),double_divide(X0,X1)) = double_divide(X2,double_divide(X0,double_divide(X3,inverse(X3)))) [forward demodulation 2988,2333]
3200. inverse(double_divide(inverse(double_divide(X0,X4)),double_divide(double_divide(X1,X3),X4))) = double_divide(double_divide(X0,X1),inverse(X3)) [forward demodulation 3083,623]
3224. double_divide(inverse(X0),X2) = double_divide(inverse(double_divide(X1,X2)),double_divide(X0,X1)) [forward demodulation 3109,2637]
3304. double_divide(double_divide(X0,X1),inverse(X3)) = double_divide(double_divide(X1,X3),inverse(double_divide(X4,double_divide(X0,X4)))) [forward demodulation 3200,1729]
3324. double_divide(inverse(X0),X2) = double_divide(X1,inverse(double_divide(X2,double_divide(X0,X1)))) [forward demodulation 3224,566]
3388. double_divide(double_divide(X0,X1),inverse(X3)) = double_divide(double_divide(X1,X3),double_divide(X0,double_divide(X4,inverse(X4)))) [forward demodulation 3304,2333]
3406. double_divide(inverse(X0),X2) = double_divide(X1,double_divide(X0,double_divide(X2,inverse(X1)))) [forward demodulation 3324,2333]
3457. double_divide(inverse(X0),double_divide(X1,X3)) = double_divide(double_divide(X0,X1),inverse(X3)) [forward demodulation 3388,2637]
4936. inverse(double_divide(X0,X1)) = inverse(double_divide(X1,X0)) [superposition 7,623]
4990. double_divide(X1,double_divide(inverse(X0),X3)) = inverse(double_divide(inverse(double_divide(X3,X4)),double_divide(double_divide(X2,double_divide(X0,inverse(double_divide(X2,X1)))),X4))) [superposition 19,623]
4997. inverse(double_divide(double_divide(X1,X2),double_divide(X3,X0))) = double_divide(X0,inverse(double_divide(inverse(double_divide(X1,X3)),X2))) [superposition 8,623]
5000. inverse(double_divide(double_divide(X1,X2),double_divide(X3,X0))) = double_divide(X0,inverse(double_divide(X1,inverse(double_divide(X3,X2))))) [forward demodulation 4997,566]
5006. double_divide(X1,double_divide(inverse(X0),X3)) = double_divide(double_divide(X2,double_divide(X0,inverse(double_divide(X2,X1)))),inverse(double_divide(X4,double_divide(X3,X4)))) [forward demodulation 4990,1729]
5069. inverse(double_divide(double_divide(X1,X2),double_divide(X3,X0))) = double_divide(X1,double_divide(inverse(X3),double_divide(X0,X2))) [forward demodulation 5000,1117]
5075. double_divide(X1,double_divide(inverse(X0),X3)) = double_divide(inverse(X2),double_divide(double_divide(X0,inverse(double_divide(X2,X1))),double_divide(X4,double_divide(X3,X4)))) [forward demodulation 5006,3457]
5129. double_divide(X1,double_divide(inverse(X3),double_divide(X0,X2))) = double_divide(X3,double_divide(double_divide(X1,X2),inverse(X0))) [forward demodulation 5069,2333]
5135. double_divide(X1,double_divide(inverse(X0),X3)) = double_divide(X2,double_divide(double_divide(X0,inverse(X2)),double_divide(X1,inverse(double_divide(X4,double_divide(X3,X4)))))) [forward demodulation 5075,2702]
5183. double_divide(X3,double_divide(inverse(X1),double_divide(X2,X0))) = double_divide(X1,double_divide(inverse(X3),double_divide(X0,X2))) [forward demodulation 5129,3457]
5189. double_divide(X1,double_divide(inverse(X0),X3)) = double_divide(X2,double_divide(double_divide(X0,inverse(X2)),double_divide(X1,double_divide(X3,double_divide(X4,inverse(X4)))))) [forward demodulation 5135,2333]
5236. double_divide(X1,double_divide(inverse(X0),X3)) = double_divide(X2,double_divide(double_divide(X0,inverse(X2)),double_divide(X1,inverse(X3)))) [forward demodulation 5189,2572]
5436. double_divide(inverse(double_divide(X2,X3)),double_divide(X2,X4)) = inverse(double_divide(double_divide(X0,X1),double_divide(X3,double_divide(inverse(double_divide(inverse(double_divide(X0,inverse(double_divide(inverse(double_divide(X5,X4)),X6)))),X1)),double_divide(X5,X6))))) [superposition 10,12]
5455. double_divide(X2,double_divide(double_divide(X0,X1),X6)) = inverse(double_divide(inverse(double_divide(X6,X7)),double_divide(double_divide(X3,double_divide(inverse(double_divide(inverse(double_divide(X0,inverse(double_divide(inverse(double_divide(X4,inverse(double_divide(X3,X2)))),X5)))),X1)),double_divide(X4,X5))),X7))) [superposition 19,12]
5466. double_divide(X2,double_divide(double_divide(X0,X1),X6)) = double_divide(double_divide(X3,double_divide(inverse(double_divide(inverse(double_divide(X0,inverse(double_divide(inverse(double_divide(X4,inverse(double_divide(X3,X2)))),X5)))),X1)),double_divide(X4,X5))),inverse(double_divide(X7,double_divide(X6,X7)))) [forward demodulation 5455,1729]
5485. double_divide(inverse(double_divide(X2,X3)),double_divide(X2,X4)) = double_divide(X3,double_divide(inverse(double_divide(inverse(double_divide(X0,inverse(double_divide(inverse(double_divide(X5,X4)),X6)))),X1)),inverse(double_divide(double_divide(X0,X1),double_divide(X5,X6))))) [forward demodulation 5436,2249]
5571. double_divide(X2,double_divide(double_divide(X0,X1),X6)) = double_divide(inverse(X3),double_divide(double_divide(inverse(double_divide(inverse(double_divide(X0,inverse(double_divide(inverse(double_divide(X4,inverse(double_divide(X3,X2)))),X5)))),X1)),double_divide(X4,X5)),double_divide(X7,double_divide(X6,X7)))) [forward demodulation 5466,3457]
5589. double_divide(inverse(double_divide(X2,X3)),double_divide(X2,X4)) = double_divide(X3,inverse(double_divide(double_divide(inverse(double_divide(X0,inverse(double_divide(inverse(double_divide(X5,X4)),X6)))),X1),double_divide(double_divide(X0,X1),double_divide(X5,X6))))) [forward demodulation 5485,1438]
5675. double_divide(X2,double_divide(double_divide(X0,X1),X6)) = double_divide(inverse(X3),double_divide(double_divide(inverse(double_divide(inverse(double_divide(X0,inverse(double_divide(inverse(double_divide(X4,inverse(double_divide(X3,X2)))),X5)))),X1)),double_divide(X4,X5)),X6)) [forward demodulation 5571,623]
5693. double_divide(inverse(double_divide(X2,X3)),double_divide(X2,X4)) = double_divide(X3,double_divide(double_divide(X0,X1),double_divide(X5,inverse(double_divide(double_divide(inverse(double_divide(X0,inverse(double_divide(inverse(double_divide(X5,X4)),X6)))),X1),X6))))) [forward demodulation 5589,2249]
5779. double_divide(X2,double_divide(double_divide(X0,X1),X6)) = double_divide(inverse(X3),double_divide(double_divide(double_divide(X4,X5),inverse(double_divide(inverse(double_divide(X0,inverse(double_divide(inverse(double_divide(X4,inverse(double_divide(X3,X2)))),X5)))),X1))),X6)) [forward demodulation 5675,2636]
5797. double_divide(inverse(double_divide(X2,X3)),double_divide(X2,X4)) = double_divide(X3,double_divide(double_divide(X0,X1),double_divide(X5,inverse(double_divide(X6,double_divide(inverse(double_divide(X0,inverse(double_divide(inverse(double_divide(X5,X4)),X6)))),X1)))))) [forward demodulation 5693,4936]
5882. double_divide(X2,double_divide(double_divide(X0,X1),X6)) = double_divide(inverse(X3),double_divide(double_divide(inverse(X4),double_divide(X5,double_divide(inverse(double_divide(X0,inverse(double_divide(inverse(double_divide(X4,inverse(double_divide(X3,X2)))),X5)))),X1))),X6)) [forward demodulation 5779,3457]
5900. double_divide(inverse(double_divide(X2,X3)),double_divide(X2,X4)) = double_divide(X3,double_divide(double_divide(X0,X1),double_divide(X5,double_divide(inverse(double_divide(X0,inverse(double_divide(inverse(double_divide(X5,X4)),X6)))),double_divide(X6,inverse(X1)))))) [forward demodulation 5797,2333]
5981. double_divide(X2,double_divide(double_divide(X0,X1),X6)) = double_divide(inverse(X3),double_divide(double_divide(inverse(X4),double_divide(X5,double_divide(X0,inverse(double_divide(inverse(double_divide(inverse(double_divide(X4,inverse(double_divide(X3,X2)))),X5)),X1))))),X6)) [forward demodulation 5882,566]
5999. double_divide(inverse(double_divide(X2,X3)),double_divide(X2,X4)) = double_divide(X3,double_divide(double_divide(X0,X1),double_divide(X5,double_divide(X0,inverse(double_divide(inverse(double_divide(inverse(double_divide(X5,X4)),X6)),double_divide(X6,inverse(X1)))))))) [forward demodulation 5900,566]
6079. double_divide(X2,double_divide(double_divide(X0,X1),X6)) = double_divide(inverse(X3),double_divide(double_divide(inverse(X4),double_divide(double_divide(X0,double_divide(double_divide(inverse(double_divide(X4,inverse(double_divide(X3,X2)))),X5),X5)),inverse(X1))),X6)) [forward demodulation 5981,2387]
6096. double_divide(inverse(double_divide(X2,X3)),double_divide(X2,X4)) = double_divide(X3,double_divide(X0,double_divide(X5,double_divide(double_divide(X0,X1),inverse(double_divide(inverse(double_divide(inverse(double_divide(X5,X4)),X6)),double_divide(X6,inverse(X1)))))))) [forward demodulation 5999,2771]
6175. double_divide(X2,double_divide(double_divide(X0,X1),X6)) = double_divide(inverse(X3),double_divide(double_divide(inverse(X4),double_divide(inverse(X0),double_divide(double_divide(double_divide(inverse(double_divide(X4,inverse(double_divide(X3,X2)))),X5),X5),X1))),X6)) [forward demodulation 6079,3457]
6192. double_divide(inverse(double_divide(X2,X3)),double_divide(X2,X4)) = double_divide(X3,double_divide(inverse(X5),double_divide(X1,double_divide(inverse(double_divide(inverse(double_divide(X5,X4)),X6)),double_divide(X6,inverse(X1)))))) [forward demodulation 6096,2792]
6266. double_divide(X2,double_divide(double_divide(X0,X1),X6)) = double_divide(inverse(X3),double_divide(double_divide(X0,double_divide(X4,double_divide(double_divide(double_divide(inverse(double_divide(X4,inverse(double_divide(X3,X2)))),X5),X5),X1))),X6)) [forward demodulation 6175,1306]
6283. double_divide(inverse(double_divide(X2,X3)),double_divide(X2,X4)) = double_divide(X3,double_divide(inverse(X5),double_divide(inverse(inverse(double_divide(inverse(double_divide(X5,X4)),X6))),X6))) [forward demodulation 6192,3406]
6350. double_divide(X2,double_divide(double_divide(X0,X1),X6)) = double_divide(inverse(X3),double_divide(double_divide(X0,double_divide(X4,double_divide(double_divide(X5,double_divide(inverse(double_divide(X4,inverse(double_divide(X3,X2)))),X5)),X1))),X6)) [forward demodulation 6266,2636]
6366. double_divide(inverse(double_divide(X2,X3)),double_divide(X2,X4)) = double_divide(X3,double_divide(inverse(double_divide(inverse(double_divide(X5,X4)),X6)),double_divide(X5,X6))) [forward demodulation 6283,1306]
6422. double_divide(X2,double_divide(double_divide(X0,X1),X6)) = double_divide(inverse(X3),double_divide(double_divide(X0,double_divide(X4,double_divide(inverse(double_divide(X4,inverse(double_divide(X3,X2)))),X1))),X6)) [forward demodulation 6350,623]
6438. double_divide(inverse(double_divide(X2,X3)),double_divide(X2,X4)) = double_divide(X3,double_divide(double_divide(X5,X6),inverse(double_divide(inverse(double_divide(X5,X4)),X6)))) [forward demodulation 6366,2636]
6488. double_divide(X2,double_divide(double_divide(X0,X1),X6)) = double_divide(inverse(X3),double_divide(double_divide(X0,inverse(double_divide(inverse(double_divide(X3,X2)),X1))),X6)) [forward demodulation 6422,524]
6503. double_divide(inverse(double_divide(X2,X3)),double_divide(X2,X4)) = double_divide(double_divide(double_divide(X5,X6),double_divide(double_divide(X5,X4),X3)),inverse(X6)) [forward demodulation 6438,2387]
6548. double_divide(X2,double_divide(double_divide(X0,X1),X6)) = double_divide(inverse(X3),double_divide(double_divide(X0,inverse(double_divide(X3,inverse(double_divide(X2,X1))))),X6)) [forward demodulation 6488,566]
6562. double_divide(inverse(double_divide(X2,X3)),double_divide(X2,X4)) = double_divide(inverse(X6),double_divide(double_divide(X5,X6),double_divide(double_divide(X5,X4),X3))) [forward demodulation 6503,2636]
6600. double_divide(X2,double_divide(double_divide(X0,X1),X6)) = double_divide(X3,double_divide(double_divide(X0,inverse(X3)),double_divide(inverse(double_divide(X2,X1)),inverse(X6)))) [forward demodulation 6548,2702]
6610. double_divide(inverse(double_divide(X2,X3)),double_divide(X2,X4)) = double_divide(X5,inverse(double_divide(double_divide(X5,X4),X3))) [forward demodulation 6562,2444]
6646. double_divide(X2,double_divide(double_divide(X0,X1),X6)) = double_divide(inverse(double_divide(X2,X1)),double_divide(inverse(X0),X6)) [forward demodulation 6600,5236]
6654. double_divide(inverse(double_divide(X2,X3)),double_divide(X2,X4)) = inverse(double_divide(inverse(X3),X4)) [forward demodulation 6610,2435]
6685. double_divide(X2,double_divide(double_divide(X0,X1),X6)) = double_divide(X2,inverse(double_divide(X1,double_divide(inverse(X0),X6)))) [forward demodulation 6646,566]
6693. double_divide(X2,inverse(double_divide(X3,double_divide(X2,X4)))) = inverse(double_divide(inverse(X3),X4)) [forward demodulation 6654,566]
6719. double_divide(X2,double_divide(double_divide(X0,X1),X6)) = double_divide(X2,double_divide(inverse(X0),double_divide(X1,inverse(X6)))) [forward demodulation 6685,2333]
6727. double_divide(X3,inverse(X4)) = inverse(double_divide(inverse(X3),X4)) [forward demodulation 6693,1399]
6907. double_divide(X1,double_divide(inverse(double_divide(inverse(double_divide(X2,X1)),X3)),inverse(X0))) = inverse(double_divide(inverse(X0),double_divide(double_divide(X2,X3),double_divide(X4,inverse(X4))))) [superposition 19,2497]
6920. double_divide(inverse(X0),X0) = double_divide(X1,inverse(X1)) [superposition 430,2497]
6921. inverse(X0) = double_divide(double_divide(X1,inverse(X1)),X0) [superposition 623,2497]
6952. double_divide(X0,inverse(X0)) = double_divide(X1,inverse(X1)) [forward demodulation 6920,2636]
6964. double_divide(X1,double_divide(inverse(double_divide(inverse(double_divide(X2,X1)),X3)),inverse(X0))) = double_divide(double_divide(X2,X3),inverse(double_divide(double_divide(X4,inverse(X4)),X0))) [forward demodulation 6907,1729]
7062. double_divide(X1,double_divide(inverse(double_divide(inverse(double_divide(X2,X1)),X3)),inverse(X0))) = double_divide(inverse(X2),double_divide(X3,double_divide(double_divide(X4,inverse(X4)),X0))) [forward demodulation 6964,3457]
7151. double_divide(X1,double_divide(inverse(double_divide(inverse(double_divide(X2,X1)),X3)),inverse(X0))) = double_divide(inverse(X2),double_divide(X3,inverse(X0))) [forward demodulation 7062,6921]
7234. double_divide(inverse(X2),double_divide(X3,inverse(X0))) = double_divide(double_divide(inverse(double_divide(X2,X1)),X3),inverse(double_divide(X1,X0))) [forward demodulation 7151,2522]
7305. double_divide(inverse(X2),double_divide(X3,inverse(X0))) = double_divide(X1,inverse(double_divide(X0,double_divide(inverse(double_divide(X2,X1)),X3)))) [forward demodulation 7234,1505]
7365. double_divide(inverse(X2),double_divide(X3,inverse(X0))) = double_divide(X1,double_divide(inverse(double_divide(X2,X1)),double_divide(X0,inverse(X3)))) [forward demodulation 7305,2333]
7415. double_divide(inverse(X2),double_divide(X3,inverse(X0))) = double_divide(X1,double_divide(double_divide(double_divide(X2,X1),X0),X3)) [forward demodulation 7365,6719]
7580. double_divide(inverse(double_divide(inverse(double_divide(inverse(double_divide(X1,X2)),X3)),double_divide(X1,X4))),X5) = inverse(double_divide(X0,double_divide(inverse(double_divide(X3,X5)),double_divide(X4,double_divide(X2,X0))))) [superposition 24,9]
7592. double_divide(inverse(double_divide(inverse(double_divide(X3,X4)),X5)),double_divide(inverse(double_divide(X6,inverse(double_divide(X4,X0)))),double_divide(X6,X2))) = inverse(double_divide(inverse(double_divide(double_divide(X3,X5),X7)),double_divide(inverse(inverse(double_divide(inverse(double_divide(X0,X1)),double_divide(X2,X1)))),X7))) [superposition 24,20]
7597. double_divide(inverse(double_divide(inverse(double_divide(X3,inverse(double_divide(X4,X2)))),X5)),double_divide(X4,X0)) = inverse(double_divide(inverse(double_divide(double_divide(X3,X5),X6)),double_divide(inverse(inverse(double_divide(inverse(double_divide(X0,X1)),double_divide(X2,X1)))),X6))) [superposition 24,10]
7747. double_divide(inverse(double_divide(inverse(double_divide(X3,inverse(double_divide(X4,X2)))),X5)),double_divide(X4,X0)) = double_divide(inverse(inverse(double_divide(inverse(double_divide(X0,X1)),double_divide(X2,X1)))),inverse(double_divide(X6,double_divide(double_divide(X3,X5),X6)))) [forward demodulation 7597,1729]
7752. double_divide(inverse(double_divide(inverse(double_divide(X3,X4)),X5)),double_divide(inverse(double_divide(X6,inverse(double_divide(X4,X0)))),double_divide(X6,X2))) = double_divide(inverse(inverse(double_divide(inverse(double_divide(X0,X1)),double_divide(X2,X1)))),inverse(double_divide(X7,double_divide(double_divide(X3,X5),X7)))) [forward demodulation 7592,1729]
7764. double_divide(inverse(double_divide(inverse(double_divide(inverse(double_divide(X1,X2)),X3)),double_divide(X1,X4))),X5) = double_divide(double_divide(X4,double_divide(X3,X5)),double_divide(X0,double_divide(X2,X0))) [forward demodulation 7580,1359]
7848. double_divide(inverse(double_divide(inverse(double_divide(X3,inverse(double_divide(X4,X2)))),X5)),double_divide(X4,X0)) = double_divide(X6,double_divide(double_divide(X3,X5),inverse(double_divide(inverse(double_divide(inverse(double_divide(X0,X1)),double_divide(X2,X1))),X6)))) [forward demodulation 7747,2092]
7853. double_divide(inverse(double_divide(inverse(double_divide(X3,X4)),X5)),double_divide(inverse(double_divide(X6,inverse(double_divide(X4,X0)))),double_divide(X6,X2))) = double_divide(X7,double_divide(double_divide(X3,X5),inverse(double_divide(inverse(double_divide(inverse(double_divide(X0,X1)),double_divide(X2,X1))),X7)))) [forward demodulation 7752,2092]
7865. double_divide(inverse(double_divide(inverse(double_divide(inverse(double_divide(X1,X2)),X3)),double_divide(X1,X4))),X5) = double_divide(double_divide(X4,double_divide(X3,X5)),X2) [forward demodulation 7764,623]
7949. double_divide(inverse(double_divide(inverse(double_divide(X3,inverse(double_divide(X4,X2)))),X5)),double_divide(X4,X0)) = double_divide(double_divide(double_divide(X3,X5),double_divide(double_divide(inverse(double_divide(X0,X1)),double_divide(X2,X1)),X6)),inverse(X6)) [forward demodulation 7848,2387]
7954. double_divide(inverse(double_divide(inverse(double_divide(X3,X4)),X5)),double_divide(inverse(double_divide(X6,inverse(double_divide(X4,X0)))),double_divide(X6,X2))) = double_divide(double_divide(double_divide(X3,X5),double_divide(double_divide(inverse(double_divide(X0,X1)),double_divide(X2,X1)),X7)),inverse(X7)) [forward demodulation 7853,2387]
7966. double_divide(double_divide(X4,double_divide(X3,X5)),X2) = double_divide(inverse(double_divide(inverse(double_divide(X1,X2)),X3)),inverse(double_divide(double_divide(X1,X4),X5))) [forward demodulation 7865,566]
8050. double_divide(inverse(double_divide(inverse(double_divide(X3,inverse(double_divide(X4,X2)))),X5)),double_divide(X4,X0)) = double_divide(inverse(X6),double_divide(double_divide(X3,X5),double_divide(double_divide(inverse(double_divide(X0,X1)),double_divide(X2,X1)),X6))) [forward demodulation 7949,2636]
8055. double_divide(inverse(double_divide(inverse(double_divide(X3,X4)),X5)),double_divide(inverse(double_divide(X6,inverse(double_divide(X4,X0)))),double_divide(X6,X2))) = double_divide(inverse(X7),double_divide(double_divide(X3,X5),double_divide(double_divide(inverse(double_divide(X0,X1)),double_divide(X2,X1)),X7))) [forward demodulation 7954,2636]
8067. double_divide(double_divide(X4,double_divide(X3,X5)),X2) = inverse(double_divide(double_divide(inverse(double_divide(X1,X2)),double_divide(X1,X4)),double_divide(X3,X5))) [forward demodulation 7966,98]
8148. double_divide(inverse(double_divide(inverse(double_divide(X3,inverse(double_divide(X4,X2)))),X5)),double_divide(X4,X0)) = double_divide(double_divide(inverse(double_divide(X0,X1)),double_divide(X2,X1)),inverse(double_divide(X3,X5))) [forward demodulation 8050,2534]
8153. double_divide(inverse(double_divide(inverse(double_divide(X3,X4)),X5)),double_divide(inverse(double_divide(X6,inverse(double_divide(X4,X0)))),double_divide(X6,X2))) = double_divide(double_divide(inverse(double_divide(X0,X1)),double_divide(X2,X1)),inverse(double_divide(X3,X5))) [forward demodulation 8055,2534]
8164. double_divide(double_divide(X4,double_divide(X3,X5)),X2) = double_divide(X3,double_divide(double_divide(inverse(double_divide(X1,X2)),double_divide(X1,X4)),inverse(X5))) [forward demodulation 8067,2333]
8241. double_divide(inverse(double_divide(inverse(double_divide(X3,inverse(double_divide(X4,X2)))),X5)),double_divide(X4,X0)) = double_divide(inverse(inverse(double_divide(X0,X1))),double_divide(double_divide(X2,X1),double_divide(X3,X5))) [forward demodulation 8148,3457]
8246. double_divide(inverse(double_divide(inverse(double_divide(X3,X4)),X5)),double_divide(inverse(double_divide(X6,inverse(double_divide(X4,X0)))),double_divide(X6,X2))) = double_divide(inverse(inverse(double_divide(X0,X1))),double_divide(double_divide(X2,X1),double_divide(X3,X5))) [forward demodulation 8153,3457]
8255. double_divide(double_divide(X4,double_divide(X3,X5)),X2) = double_divide(X3,double_divide(inverse(inverse(double_divide(X1,X2))),double_divide(double_divide(X1,X4),X5))) [forward demodulation 8164,3457]
8329. double_divide(inverse(double_divide(inverse(double_divide(X3,inverse(double_divide(X4,X2)))),X5)),double_divide(X4,X0)) = double_divide(X1,double_divide(inverse(double_divide(X0,X1)),double_divide(X2,inverse(double_divide(X3,X5))))) [forward demodulation 8241,2691]
8333. double_divide(inverse(double_divide(inverse(double_divide(X3,X4)),X5)),double_divide(inverse(double_divide(X6,inverse(double_divide(X4,X0)))),double_divide(X6,X2))) = double_divide(X1,double_divide(inverse(double_divide(X0,X1)),double_divide(X2,inverse(double_divide(X3,X5))))) [forward demodulation 8246,2691]
8342. double_divide(double_divide(X4,double_divide(X3,X5)),X2) = double_divide(X3,double_divide(double_divide(X1,X2),double_divide(double_divide(X1,X4),X5))) [forward demodulation 8255,614]
8410. double_divide(inverse(double_divide(inverse(double_divide(X3,inverse(double_divide(X4,X2)))),X5)),double_divide(X4,X0)) = double_divide(X1,double_divide(double_divide(double_divide(X0,X1),X2),double_divide(X3,X5))) [forward demodulation 8329,6719]
8414. double_divide(inverse(double_divide(inverse(double_divide(X3,X4)),X5)),double_divide(inverse(double_divide(X6,inverse(double_divide(X4,X0)))),double_divide(X6,X2))) = double_divide(X1,double_divide(double_divide(double_divide(X0,X1),X2),double_divide(X3,X5))) [forward demodulation 8333,6719]
8423. double_divide(double_divide(X4,double_divide(X3,X5)),X2) = double_divide(X3,double_divide(X4,double_divide(X2,X5))) [forward demodulation 8342,2296]
8485. double_divide(inverse(double_divide(inverse(double_divide(X3,inverse(double_divide(X4,X2)))),X5)),double_divide(X4,X0)) = double_divide(inverse(X0),double_divide(double_divide(X3,X5),inverse(X2))) [forward demodulation 8410,7415]
8489. double_divide(inverse(double_divide(inverse(double_divide(X3,X4)),X5)),double_divide(inverse(double_divide(X6,inverse(double_divide(X4,X0)))),double_divide(X6,X2))) = double_divide(inverse(X0),double_divide(double_divide(X3,X5),inverse(X2))) [forward demodulation 8414,7415]
8551. double_divide(inverse(double_divide(inverse(double_divide(X3,inverse(double_divide(X4,X2)))),X5)),double_divide(X4,X0)) = double_divide(inverse(X0),double_divide(inverse(X3),double_divide(X5,X2))) [forward demodulation 8485,3457]
8552. double_divide(inverse(double_divide(inverse(double_divide(X3,X4)),X5)),double_divide(inverse(double_divide(X6,inverse(double_divide(X4,X0)))),double_divide(X6,X2))) = double_divide(inverse(X0),double_divide(inverse(X3),double_divide(X5,X2))) [forward demodulation 8489,3457]
8608. double_divide(inverse(double_divide(inverse(double_divide(X3,inverse(double_divide(X4,X2)))),X5)),double_divide(X4,X0)) = double_divide(X3,double_divide(X0,double_divide(X5,X2))) [forward demodulation 8551,1306]
8609. double_divide(inverse(double_divide(inverse(double_divide(X3,X4)),X5)),double_divide(inverse(double_divide(X6,inverse(double_divide(X4,X0)))),double_divide(X6,X2))) = double_divide(X3,double_divide(X0,double_divide(X5,X2))) [forward demodulation 8552,1306]
8653. double_divide(inverse(double_divide(X3,inverse(double_divide(X4,X2)))),inverse(double_divide(X5,double_divide(X4,X0)))) = double_divide(X3,double_divide(X0,double_divide(X5,X2))) [forward demodulation 8608,566]
8654. double_divide(inverse(double_divide(X3,X4)),inverse(double_divide(X5,double_divide(inverse(double_divide(X6,inverse(double_divide(X4,X0)))),double_divide(X6,X2))))) = double_divide(X3,double_divide(X0,double_divide(X5,X2))) [forward demodulation 8609,566]
8693. inverse(double_divide(double_divide(X3,X5),double_divide(inverse(double_divide(X4,X2)),double_divide(X4,X0)))) = double_divide(X3,double_divide(X0,double_divide(X5,X2))) [forward demodulation 8653,98]
8694. inverse(double_divide(double_divide(X3,X5),double_divide(X4,double_divide(inverse(double_divide(X6,inverse(double_divide(X4,X0)))),double_divide(X6,X2))))) = double_divide(X3,double_divide(X0,double_divide(X5,X2))) [forward demodulation 8654,98]
8729. double_divide(X3,double_divide(X0,double_divide(X5,X2))) = double_divide(double_divide(X4,double_divide(X4,X2)),double_divide(double_divide(X3,X5),X0)) [forward demodulation 8693,1359]
8730. double_divide(X3,double_divide(X0,double_divide(X5,X2))) = double_divide(X4,double_divide(inverse(double_divide(X6,inverse(double_divide(X4,X0)))),inverse(double_divide(double_divide(X3,X5),double_divide(X6,X2))))) [forward demodulation 8694,2249]
8760. double_divide(X3,double_divide(X0,double_divide(X5,X2))) = double_divide(X4,double_divide(X4,double_divide(double_divide(double_divide(X3,X5),X0),X2))) [forward demodulation 8729,8423]
8761. double_divide(X3,double_divide(X0,double_divide(X5,X2))) = double_divide(X4,inverse(double_divide(double_divide(X6,inverse(double_divide(X4,X0))),double_divide(double_divide(X3,X5),double_divide(X6,X2))))) [forward demodulation 8730,1438]
8785. double_divide(X3,double_divide(X0,double_divide(X5,X2))) = double_divide(double_divide(double_divide(X3,X5),X0),X2) [forward demodulation 8760,433]
8786. double_divide(X3,double_divide(X0,double_divide(X5,X2))) = double_divide(double_divide(X6,double_divide(X3,X5)),double_divide(X0,double_divide(X6,X2))) [forward demodulation 8761,1237]
8807. double_divide(X3,double_divide(X0,double_divide(X5,X2))) = double_divide(X2,double_divide(double_divide(X3,X5),X0)) [forward demodulation 8786,2270]
12556. inverse(inverse(double_divide(inverse(double_divide(X0,X1)),double_divide(X2,X1)))) = double_divide(inverse(double_divide(X4,inverse(double_divide(double_divide(X3,inverse(X3)),X0)))),double_divide(X4,X2)) [superposition 2948,20]
12673. inverse(inverse(double_divide(inverse(double_divide(X0,X1)),double_divide(X2,X1)))) = double_divide(X4,inverse(double_divide(inverse(double_divide(double_divide(X3,inverse(X3)),X0)),double_divide(X4,X2)))) [forward demodulation 12556,566]
12744. inverse(inverse(double_divide(inverse(double_divide(X0,X1)),double_divide(X2,X1)))) = inverse(double_divide(X2,inverse(inverse(double_divide(double_divide(X3,inverse(X3)),X0))))) [forward demodulation 12673,1231]
12809. inverse(inverse(double_divide(inverse(double_divide(X0,X1)),double_divide(X2,X1)))) = double_divide(inverse(double_divide(double_divide(X3,inverse(X3)),X0)),inverse(X2)) [forward demodulation 12744,2284]
12872. inverse(inverse(double_divide(inverse(double_divide(X0,X1)),double_divide(X2,X1)))) = double_divide(double_divide(X3,inverse(X3)),inverse(double_divide(X0,inverse(X2)))) [forward demodulation 12809,566]
12919. inverse(inverse(double_divide(inverse(double_divide(X0,X1)),double_divide(X2,X1)))) = double_divide(inverse(X3),double_divide(inverse(X3),double_divide(X0,inverse(X2)))) [forward demodulation 12872,3457]
12963. inverse(inverse(double_divide(inverse(double_divide(X0,X1)),double_divide(X2,X1)))) = double_divide(X3,double_divide(inverse(inverse(X3)),double_divide(inverse(X2),X0))) [forward demodulation 12919,5183]
13003. inverse(inverse(double_divide(inverse(double_divide(X0,X1)),double_divide(X2,X1)))) = double_divide(X3,double_divide(X2,double_divide(inverse(X3),X0))) [forward demodulation 12963,1306]
13037. inverse(double_divide(inverse(X0),X2)) = double_divide(X3,double_divide(X2,double_divide(inverse(X3),X0))) [forward demodulation 13003,348]
13066. double_divide(X0,inverse(X2)) = double_divide(X3,double_divide(X2,double_divide(inverse(X3),X0))) [forward demodulation 13037,6727]
13266. double_divide(inverse(inverse(double_divide(X1,X2))),X3) = inverse(double_divide(double_divide(X4,X5),double_divide(inverse(double_divide(double_divide(X0,inverse(X0)),X3)),double_divide(inverse(double_divide(inverse(double_divide(X4,X1)),X5)),X2)))) [superposition 13,1146]
13438. double_divide(inverse(inverse(double_divide(X1,X2))),X3) = double_divide(double_divide(inverse(double_divide(inverse(double_divide(X4,X1)),X5)),double_divide(double_divide(X0,inverse(X0)),X3)),double_divide(double_divide(X4,X5),X2)) [forward demodulation 13266,1359]
13608. double_divide(inverse(inverse(double_divide(X1,X2))),X3) = double_divide(X4,double_divide(X2,double_divide(X5,double_divide(inverse(double_divide(inverse(double_divide(X4,X1)),X5)),double_divide(double_divide(X0,inverse(X0)),X3))))) [forward demodulation 13438,8807]
13764. double_divide(inverse(inverse(double_divide(X1,X2))),X3) = double_divide(X4,double_divide(X2,double_divide(X5,double_divide(inverse(double_divide(X4,X1)),inverse(double_divide(X5,double_divide(double_divide(X0,inverse(X0)),X3))))))) [forward demodulation 13608,566]
13903. double_divide(inverse(inverse(double_divide(X1,X2))),X3) = double_divide(X4,double_divide(X2,inverse(double_divide(inverse(double_divide(X4,X1)),double_divide(double_divide(X0,inverse(X0)),X3))))) [forward demodulation 13764,1498]
14035. double_divide(inverse(inverse(double_divide(X1,X2))),X3) = double_divide(double_divide(X2,double_divide(double_divide(X4,X1),X4)),inverse(double_divide(double_divide(X0,inverse(X0)),X3))) [forward demodulation 13903,2387]
14162. double_divide(inverse(inverse(double_divide(X1,X2))),X3) = double_divide(inverse(X2),double_divide(double_divide(double_divide(X4,X1),X4),double_divide(double_divide(X0,inverse(X0)),X3))) [forward demodulation 14035,3457]
14278. double_divide(inverse(inverse(double_divide(X1,X2))),X3) = double_divide(inverse(X2),double_divide(X4,double_divide(X4,double_divide(X1,double_divide(double_divide(X0,inverse(X0)),X3))))) [forward demodulation 14162,8785]
14378. double_divide(inverse(inverse(double_divide(X1,X2))),X3) = double_divide(inverse(X2),double_divide(X1,double_divide(double_divide(X0,inverse(X0)),X3))) [forward demodulation 14278,433]
14456. double_divide(inverse(inverse(double_divide(X1,X2))),X3) = double_divide(inverse(X2),double_divide(X1,inverse(X3))) [forward demodulation 14378,6921]
14521. double_divide(double_divide(X1,X2),X3) = double_divide(inverse(X2),double_divide(X1,inverse(X3))) [forward demodulation 14456,614]
15784. inverse(double_divide(inverse(double_divide(X3,X4)),double_divide(double_divide(inverse(X0),X2),X4))) = double_divide(X1,double_divide(inverse(double_divide(double_divide(X0,inverse(X1)),X2)),X3)) [superposition 19,6727]
15881. inverse(double_divide(inverse(double_divide(X3,X4)),double_divide(double_divide(inverse(X0),X2),X4))) = double_divide(X1,double_divide(double_divide(X0,inverse(X1)),inverse(double_divide(X2,X3)))) [forward demodulation 15784,566]
15982. inverse(double_divide(inverse(double_divide(X3,X4)),double_divide(double_divide(inverse(X0),X2),X4))) = double_divide(X1,double_divide(inverse(X0),double_divide(inverse(X1),double_divide(X2,X3)))) [forward demodulation 15881,3457]
16078. inverse(double_divide(inverse(double_divide(X3,X4)),double_divide(double_divide(inverse(X0),X2),X4))) = double_divide(double_divide(X2,X3),inverse(inverse(X0))) [forward demodulation 15982,13066]
16166. inverse(double_divide(inverse(double_divide(X3,X4)),double_divide(double_divide(inverse(X0),X2),X4))) = double_divide(inverse(X2),double_divide(X3,inverse(X0))) [forward demodulation 16078,3457]
16245. double_divide(double_divide(X3,X2),X0) = inverse(double_divide(inverse(double_divide(X3,X4)),double_divide(double_divide(inverse(X0),X2),X4))) [forward demodulation 16166,14521]
16316. double_divide(double_divide(X3,X2),X0) = double_divide(double_divide(inverse(X0),X2),inverse(double_divide(X4,double_divide(X3,X4)))) [forward demodulation 16245,1729]
16378. double_divide(double_divide(X3,X2),X0) = double_divide(inverse(inverse(X0)),double_divide(X2,double_divide(X4,double_divide(X3,X4)))) [forward demodulation 16316,3457]
16423. double_divide(double_divide(X3,X2),X0) = double_divide(inverse(inverse(X0)),double_divide(X2,X3)) [forward demodulation 16378,623]
16451. double_divide(X0,double_divide(X2,X3)) = double_divide(double_divide(X3,X2),X0) [forward demodulation 16423,622]
18324. a2 != inverse(double_divide(a2,inverse(double_divide(X0,inverse(X0))))) [superposition 5,6952]
18455. a2 != double_divide(inverse(inverse(X0)),double_divide(X0,a2)) [forward demodulation 18324,1354]
18641. a2 != double_divide(double_divide(a2,X0),inverse(inverse(X0))) [forward demodulation 18455,16451]
18817. a2 != double_divide(inverse(a2),double_divide(X0,inverse(X0))) [forward demodulation 18641,3457]
18982. $false [forward subsumption resolution 18817,2497]
% SZS output end Proof for GRP610-1
% ------------------------------
% Version: Vampire 5.0.0 (Release build, commit 2e2c9b7b8 on 2026-01-17 12:24:14 +0100)
% Linked with Z3 4.14.0.0 3c47fd96cf5645d0c42b2c819d9e9a84380aa721 z3-4.8.4-9178-g3c47fd96c
% CaDiCaL version: 2.1.3
% Termination reason: Refutation
% Time elapsed: 0.270 s
% Peak memory usage: 62 MB
% Instructions burned: 747 (million)
% ------------------------------
% ------------------------------
