% Running in auto input_syntax mode. Trying TPTP
% Refutation found. Thanks to Tanya!
% SZS status Unsatisfiable for GRP501-1_clausified
% SZS output start Proof for GRP501-1_clausified
1. double_divide(inverse(X0),inverse(double_divide(inverse(double_divide(X0,double_divide(X1,X2))),double_divide(X3,double_divide(X1,X3))))) = X2 [input(axiom)]
2. inverse(double_divide(c3,inverse(double_divide(b3,a3)))) != inverse(double_divide(inverse(double_divide(c3,b3)),a3)) [input(negated conjecture)]
3. inverse(double_divide(inverse(double_divide(X2,double_divide(X3,X0))),double_divide(X4,double_divide(X3,X4)))) = double_divide(inverse(X1),inverse(double_divide(inverse(double_divide(X1,X0)),double_divide(X5,double_divide(inverse(X2),X5))))) [superposition 1,1]
4. double_divide(inverse(X1),inverse(double_divide(inverse(double_divide(X1,double_divide(inverse(X2),X3))),double_divide(inverse(double_divide(inverse(double_divide(X2,double_divide(X4,X0))),double_divide(X5,double_divide(X4,X5)))),X0)))) = X3 [superposition 1,1]
6. double_divide(inverse(X8),inverse(double_divide(inverse(double_divide(X8,inverse(double_divide(inverse(double_divide(X5,X2)),double_divide(X6,double_divide(inverse(X0),X6)))))),double_divide(X9,double_divide(inverse(X4),X9))))) = inverse(double_divide(inverse(double_divide(X4,inverse(double_divide(inverse(double_divide(X0,double_divide(X1,X2))),double_divide(X3,double_divide(X1,X3)))))),double_divide(X7,double_divide(inverse(X5),X7)))) [superposition 3,3]
7. double_divide(inverse(X7),inverse(double_divide(inverse(double_divide(X7,double_divide(X4,X5))),double_divide(X8,double_divide(inverse(inverse(double_divide(X3,double_divide(X4,X1)))),X8))))) = inverse(double_divide(double_divide(inverse(X0),inverse(double_divide(inverse(double_divide(X0,X1)),double_divide(X2,double_divide(inverse(X3),X2))))),double_divide(X6,double_divide(X5,X6)))) [superposition 3,3]
8. inverse(double_divide(inverse(double_divide(X1,double_divide(inverse(X2),X3))),double_divide(inverse(double_divide(inverse(double_divide(X2,double_divide(X4,X0))),double_divide(X5,double_divide(X4,X5)))),X0))) = double_divide(inverse(X6),inverse(double_divide(inverse(double_divide(X6,X3)),double_divide(X7,double_divide(inverse(X1),X7))))) [superposition 3,1]
9. double_divide(inverse(X8),inverse(double_divide(inverse(double_divide(X8,X6)),double_divide(X9,double_divide(inverse(X4),X9))))) = inverse(double_divide(inverse(double_divide(X4,double_divide(inverse(X5),X6))),double_divide(inverse(double_divide(inverse(double_divide(X5,X2)),double_divide(X7,double_divide(inverse(X0),X7)))),inverse(double_divide(inverse(double_divide(X0,double_divide(X1,X2))),double_divide(X3,double_divide(X1,X3))))))) [superposition 3,3]
10. double_divide(inverse(X0),inverse(double_divide(inverse(double_divide(X0,X1)),double_divide(X2,double_divide(inverse(X3),X2))))) = double_divide(inverse(X6),inverse(double_divide(inverse(double_divide(X6,X1)),double_divide(X7,double_divide(inverse(X3),X7))))) [superposition 3,3]
11. inverse(double_divide(inverse(double_divide(X4,double_divide(X5,X6))),double_divide(X7,double_divide(X5,X7)))) = double_divide(double_divide(inverse(X0),inverse(double_divide(inverse(double_divide(X0,X1)),double_divide(X2,double_divide(inverse(X3),X2))))),inverse(double_divide(inverse(double_divide(double_divide(inverse(double_divide(X3,double_divide(X8,X1))),double_divide(X9,double_divide(X8,X9))),X6)),double_divide(X10,double_divide(inverse(X4),X10))))) [superposition 3,3]
12. inverse(double_divide(inverse(double_divide(X1,double_divide(X2,inverse(double_divide(inverse(double_divide(X3,double_divide(X4,X0))),double_divide(X5,double_divide(X4,X5))))))),double_divide(X6,double_divide(X2,X6)))) = double_divide(inverse(inverse(X3)),inverse(double_divide(inverse(X0),double_divide(X7,double_divide(inverse(X1),X7))))) [superposition 3,1]
13. inverse(double_divide(inverse(double_divide(X4,double_divide(X5,inverse(double_divide(inverse(double_divide(X6,X2)),double_divide(X7,double_divide(inverse(X0),X7))))))),double_divide(X8,double_divide(X5,X8)))) = double_divide(inverse(inverse(X6)),inverse(double_divide(inverse(inverse(double_divide(inverse(double_divide(X0,double_divide(X1,X2))),double_divide(X3,double_divide(X1,X3))))),double_divide(X9,double_divide(inverse(X4),X9))))) [superposition 3,3]
14. inverse(double_divide(inverse(double_divide(X4,double_divide(X5,double_divide(X6,double_divide(X7,X6))))),double_divide(X8,double_divide(X5,X8)))) = double_divide(inverse(inverse(double_divide(X3,double_divide(X7,X1)))),inverse(double_divide(double_divide(inverse(X0),inverse(double_divide(inverse(double_divide(X0,X1)),double_divide(X2,double_divide(inverse(X3),X2))))),double_divide(X9,double_divide(inverse(X4),X9))))) [superposition 3,3]
15. inverse(double_divide(inverse(double_divide(double_divide(inverse(double_divide(X3,double_divide(X4,X1))),double_divide(X5,double_divide(X4,X5))),double_divide(X6,X7))),double_divide(X8,double_divide(X6,X8)))) = double_divide(inverse(X9),inverse(double_divide(inverse(double_divide(X9,X7)),double_divide(X10,double_divide(double_divide(inverse(X0),inverse(double_divide(inverse(double_divide(X0,X1)),double_divide(X2,double_divide(inverse(X3),X2))))),X10))))) [superposition 3,3]
16. inverse(double_divide(inverse(double_divide(X1,double_divide(X2,X3))),double_divide(X4,double_divide(X2,X4)))) = double_divide(inverse(X5),inverse(double_divide(inverse(double_divide(X5,X3)),double_divide(inverse(double_divide(inverse(double_divide(X1,double_divide(X6,X0))),double_divide(X7,double_divide(X6,X7)))),X0)))) [superposition 3,1]
21. double_divide(inverse(X3),double_divide(inverse(X0),inverse(double_divide(inverse(double_divide(X0,X1)),double_divide(X2,double_divide(inverse(X3),X2)))))) = X1 [superposition 1,3]
22. double_divide(X4,X5) = double_divide(inverse(inverse(double_divide(X3,double_divide(X4,X1)))),inverse(double_divide(double_divide(inverse(X0),inverse(double_divide(inverse(double_divide(X0,X1)),double_divide(X2,double_divide(inverse(X3),X2))))),double_divide(X6,double_divide(X5,X6))))) [superposition 1,3]
23. double_divide(double_divide(inverse(X0),inverse(double_divide(inverse(double_divide(X0,X1)),double_divide(X2,double_divide(inverse(X3),X2))))),inverse(double_divide(inverse(double_divide(double_divide(inverse(double_divide(X3,double_divide(X4,X1))),double_divide(X5,double_divide(X4,X5))),double_divide(X6,X7))),double_divide(X8,double_divide(X6,X8))))) = X7 [superposition 1,3]
24. inverse(double_divide(inverse(double_divide(X0,double_divide(X1,double_divide(inverse(X0),X2)))),double_divide(X3,double_divide(X1,X3)))) = X2 [superposition 1,3]
26. inverse(double_divide(inverse(double_divide(X5,X2)),double_divide(X6,double_divide(inverse(X0),X6)))) = double_divide(inverse(X4),inverse(double_divide(inverse(double_divide(X4,inverse(double_divide(inverse(double_divide(X0,double_divide(X1,X2))),double_divide(X3,double_divide(X1,X3)))))),double_divide(X7,double_divide(inverse(X5),X7))))) [superposition 1,3]
28. inverse(double_divide(inverse(double_divide(X4,double_divide(X5,double_divide(X6,double_divide(X7,X6))))),double_divide(X8,double_divide(X5,X8)))) = double_divide(X7,inverse(X4)) [forward demodulation 14,22]
32. inverse(double_divide(inverse(double_divide(X5,X2)),double_divide(X6,double_divide(inverse(X0),X6)))) = double_divide(inverse(X4),inverse(double_divide(inverse(double_divide(X4,inverse(double_divide(inverse(double_divide(X0,double_divide(X1,X2))),double_divide(X3,double_divide(X1,X3)))))),double_divide(inverse(double_divide(inverse(double_divide(X5,double_divide(X7,X8))),double_divide(X9,double_divide(X7,X9)))),X8)))) [superposition 4,3]
33. inverse(double_divide(inverse(double_divide(X2,double_divide(inverse(X3),X0))),double_divide(inverse(double_divide(inverse(double_divide(X3,double_divide(X4,X5))),double_divide(X6,double_divide(X4,X6)))),X5))) = double_divide(inverse(X1),inverse(double_divide(inverse(double_divide(X1,X0)),double_divide(inverse(double_divide(inverse(double_divide(X2,double_divide(X7,X8))),double_divide(X9,double_divide(X7,X9)))),X8)))) [superposition 4,4]
34. double_divide(X4,inverse(X5)) = double_divide(inverse(inverse(double_divide(X3,double_divide(X4,X1)))),inverse(double_divide(double_divide(inverse(X0),inverse(double_divide(inverse(double_divide(X0,X1)),double_divide(X2,double_divide(inverse(X3),X2))))),double_divide(inverse(double_divide(inverse(double_divide(X5,double_divide(X6,X7))),double_divide(X8,double_divide(X6,X8)))),X7)))) [superposition 4,3]
41. double_divide(inverse(X1),inverse(double_divide(inverse(double_divide(X1,double_divide(inverse(X2),X3))),double_divide(inverse(double_divide(inverse(double_divide(X2,double_divide(inverse(X4),X5))),double_divide(inverse(double_divide(inverse(double_divide(X4,double_divide(inverse(X6),X0))),double_divide(inverse(double_divide(inverse(double_divide(X6,double_divide(X7,X8))),double_divide(X9,double_divide(X7,X9)))),X8))),X0))),X5)))) = X3 [superposition 4,4]
42. double_divide(inverse(X4),inverse(double_divide(inverse(double_divide(X4,double_divide(inverse(X3),X5))),double_divide(double_divide(inverse(X0),inverse(double_divide(inverse(double_divide(X0,X1)),double_divide(X2,double_divide(inverse(X3),X2))))),X1)))) = X5 [superposition 4,3]
43. inverse(double_divide(inverse(double_divide(X1,double_divide(X2,X3))),double_divide(X4,double_divide(X2,X4)))) = double_divide(inverse(X5),inverse(double_divide(inverse(double_divide(X5,X3)),double_divide(inverse(double_divide(inverse(double_divide(X1,double_divide(inverse(X6),X0))),double_divide(inverse(double_divide(inverse(double_divide(X6,double_divide(X7,X8))),double_divide(X9,double_divide(X7,X9)))),X8))),X0)))) [superposition 3,4]
45. double_divide(inverse(X1),inverse(double_divide(inverse(double_divide(X1,double_divide(inverse(X2),X3))),double_divide(inverse(double_divide(inverse(double_divide(X2,double_divide(inverse(X4),X0))),double_divide(inverse(double_divide(inverse(double_divide(X4,double_divide(X5,X6))),double_divide(X7,double_divide(X5,X7)))),X6))),X0)))) = X3 [superposition 1,4]
46. inverse(double_divide(inverse(double_divide(X1,double_divide(X2,inverse(double_divide(inverse(double_divide(X3,double_divide(inverse(X4),X0))),double_divide(inverse(double_divide(inverse(double_divide(X4,double_divide(X5,X6))),double_divide(X7,double_divide(X5,X7)))),X6)))))),double_divide(X8,double_divide(X2,X8)))) = double_divide(inverse(inverse(X3)),inverse(double_divide(inverse(X0),double_divide(X9,double_divide(inverse(X1),X9))))) [superposition 3,4]
47. inverse(double_divide(inverse(double_divide(X1,X0)),double_divide(X7,double_divide(inverse(X2),X7)))) = double_divide(inverse(X8),inverse(double_divide(inverse(double_divide(X8,inverse(double_divide(inverse(double_divide(X2,double_divide(inverse(X3),X0))),double_divide(inverse(double_divide(inverse(double_divide(X3,double_divide(X4,X5))),double_divide(X6,double_divide(X4,X6)))),X5))))),double_divide(X9,double_divide(inverse(X1),X9))))) [superposition 3,4]
48. inverse(double_divide(inverse(double_divide(X1,double_divide(inverse(X2),X3))),double_divide(inverse(double_divide(inverse(double_divide(X2,double_divide(inverse(X4),X0))),double_divide(inverse(double_divide(inverse(double_divide(X4,double_divide(X5,X6))),double_divide(X7,double_divide(X5,X7)))),X6))),X0))) = double_divide(inverse(X8),inverse(double_divide(inverse(double_divide(X8,X3)),double_divide(X9,double_divide(inverse(X1),X9))))) [superposition 3,4]
63. double_divide(X2,X3) = double_divide(inverse(inverse(double_divide(X1,double_divide(X2,double_divide(inverse(X1),X0))))),inverse(double_divide(X0,double_divide(X4,double_divide(X3,X4))))) [superposition 1,24]
79. double_divide(X4,double_divide(X3,X4)) = double_divide(inverse(X1),double_divide(inverse(inverse(double_divide(X2,double_divide(X3,double_divide(inverse(X2),X0))))),inverse(double_divide(X0,double_divide(X5,double_divide(inverse(X1),X5)))))) [superposition 21,24]
81. double_divide(X0,double_divide(inverse(X4),inverse(double_divide(inverse(double_divide(X4,X5)),double_divide(X6,double_divide(X0,X6)))))) = X5 [superposition 21,24]
84. double_divide(inverse(X1),double_divide(inverse(X2),inverse(double_divide(inverse(double_divide(X2,X3)),double_divide(inverse(double_divide(inverse(double_divide(X1,double_divide(inverse(X4),X0))),double_divide(inverse(double_divide(inverse(double_divide(X4,double_divide(X5,X6))),double_divide(X7,double_divide(X5,X7)))),X6))),X0))))) = X3 [superposition 21,4]
104. double_divide(X4,double_divide(X3,X4)) = double_divide(inverse(X1),double_divide(X3,inverse(X1))) [forward demodulation 79,63]
119. double_divide(X0,double_divide(X1,X0)) = double_divide(X2,double_divide(X1,X2)) [superposition 104,104]
233. double_divide(X2,double_divide(X3,X2)) = double_divide(double_divide(X1,X3),double_divide(X0,double_divide(X1,X0))) [superposition 119,119]
234. double_divide(X2,double_divide(X3,X2)) = double_divide(double_divide(X1,X3),double_divide(inverse(X0),double_divide(X1,inverse(X0)))) [superposition 119,104]
281. double_divide(inverse(X2),inverse(double_divide(inverse(double_divide(X0,double_divide(X1,X0))),double_divide(X3,double_divide(X1,X3))))) = X2 [superposition 1,119]
293. inverse(double_divide(inverse(double_divide(X1,double_divide(X0,double_divide(inverse(X1),X0)))),double_divide(X3,double_divide(X2,X3)))) = X2 [superposition 24,119]
521. double_divide(X3,inverse(double_divide(X2,X1))) = inverse(double_divide(inverse(double_divide(X0,double_divide(X1,X0))),double_divide(X4,double_divide(double_divide(X3,X2),X4)))) [superposition 28,233]
1334. double_divide(X4,X5) = double_divide(inverse(inverse(double_divide(double_divide(inverse(double_divide(X3,double_divide(X6,X1))),double_divide(X7,double_divide(X6,X7))),double_divide(X4,X8)))),inverse(double_divide(double_divide(inverse(X9),inverse(double_divide(inverse(double_divide(X9,X8)),double_divide(X10,double_divide(double_divide(inverse(X0),inverse(double_divide(inverse(double_divide(X0,X1)),double_divide(X2,double_divide(inverse(X3),X2))))),X10))))),double_divide(X11,double_divide(X5,X11))))) [superposition 22,3]
1521. double_divide(X2,double_divide(X3,double_divide(X0,X3))) = double_divide(X2,double_divide(inverse(X1),double_divide(X0,inverse(X1)))) [superposition 81,28]
1959. double_divide(X0,double_divide(X1,double_divide(X2,X1))) = double_divide(X0,double_divide(X3,double_divide(X2,X3))) [superposition 1521,1521]
3523. double_divide(inverse(X2),double_divide(X0,inverse(double_divide(X1,double_divide(X0,X1))))) = X2 [superposition 281,28]
4043. double_divide(inverse(X3),double_divide(X1,inverse(double_divide(double_divide(X0,X1),double_divide(X2,double_divide(X0,X2)))))) = X3 [superposition 3523,1959]
4170. double_divide(X3,double_divide(inverse(X0),X3)) = double_divide(double_divide(X1,inverse(double_divide(X2,double_divide(X1,X2)))),X0) [superposition 119,3523]
5730. double_divide(X4,X1) = double_divide(inverse(inverse(double_divide(X5,double_divide(X4,X6)))),inverse(double_divide(double_divide(inverse(X7),inverse(double_divide(inverse(double_divide(X7,X6)),double_divide(X8,double_divide(inverse(X5),X8))))),double_divide(X0,double_divide(inverse(double_divide(X1,double_divide(X2,inverse(double_divide(X3,double_divide(X2,X3)))))),X0))))) [superposition 22,4170]
5812. double_divide(X4,X1) = double_divide(X4,inverse(double_divide(X1,double_divide(X2,inverse(double_divide(X3,double_divide(X2,X3))))))) [forward demodulation 5730,22]
6356. double_divide(X2,inverse(double_divide(X3,double_divide(X1,X3)))) = double_divide(X2,inverse(double_divide(X0,double_divide(X1,X0)))) [superposition 5812,119]
6455. inverse(double_divide(X1,double_divide(X3,inverse(double_divide(X4,double_divide(X3,X4)))))) = double_divide(inverse(X2),inverse(double_divide(inverse(double_divide(X2,double_divide(inverse(X0),X1))),double_divide(inverse(double_divide(inverse(double_divide(X0,double_divide(inverse(X5),X6))),double_divide(inverse(double_divide(inverse(double_divide(X5,double_divide(X7,X8))),double_divide(X9,double_divide(X7,X9)))),X8))),X6)))) [superposition 45,5812]
6462. inverse(double_divide(X1,double_divide(X3,inverse(double_divide(X4,double_divide(X3,X4)))))) = X1 [forward demodulation 6455,45]
7240. inverse(double_divide(X3,double_divide(X1,inverse(double_divide(double_divide(X0,X1),double_divide(X2,double_divide(X0,X2))))))) = X3 [superposition 6462,1959]
7256. inverse(double_divide(X3,double_divide(X1,X3))) = inverse(double_divide(double_divide(X0,X1),double_divide(X2,double_divide(X0,X2)))) [superposition 6462,233]
7258. inverse(double_divide(X2,double_divide(X1,X2))) = inverse(double_divide(X0,double_divide(X1,X0))) [superposition 6462,119]
7259. inverse(double_divide(inverse(X0),double_divide(X1,inverse(X0)))) = inverse(double_divide(X2,double_divide(X1,X2))) [superposition 6462,104]
7266. inverse(double_divide(X2,double_divide(X1,X2))) = double_divide(inverse(X0),inverse(double_divide(X0,double_divide(X3,double_divide(X1,X3))))) [superposition 1,6462]
7370. double_divide(inverse(X0),inverse(X1)) = double_divide(inverse(inverse(double_divide(X2,X0))),inverse(double_divide(double_divide(inverse(X6),inverse(double_divide(inverse(double_divide(X6,double_divide(X3,inverse(double_divide(double_divide(X4,X3),double_divide(X5,double_divide(X4,X5))))))),double_divide(X7,double_divide(inverse(X2),X7))))),double_divide(inverse(double_divide(inverse(double_divide(X1,double_divide(X8,X9))),double_divide(X10,double_divide(X8,X10)))),X9)))) [superposition 34,4043]
7870. double_divide(inverse(X0),inverse(X1)) = double_divide(inverse(inverse(double_divide(X2,X0))),inverse(double_divide(double_divide(inverse(X6),inverse(double_divide(X6,double_divide(X7,double_divide(inverse(X2),X7))))),double_divide(inverse(double_divide(inverse(double_divide(X1,double_divide(X8,X9))),double_divide(X10,double_divide(X8,X10)))),X9)))) [forward demodulation 7370,7240]
15681. inverse(double_divide(X3,double_divide(X2,double_divide(inverse(X0),inverse(double_divide(X0,double_divide(X1,double_divide(X2,X1)))))))) = X3 [superposition 7240,7266]
15682. double_divide(inverse(X3),double_divide(X2,double_divide(inverse(X0),inverse(double_divide(X0,double_divide(X1,double_divide(X2,X1))))))) = X3 [superposition 4043,7266]
17202. inverse(double_divide(X1,double_divide(X0,double_divide(inverse(inverse(double_divide(X2,double_divide(X3,double_divide(inverse(X2),X3))))),X0)))) = X1 [superposition 15681,293]
17217. inverse(double_divide(X3,double_divide(X0,double_divide(inverse(double_divide(X0,X1)),inverse(double_divide(X2,double_divide(X1,X2))))))) = X3 [superposition 15681,6356]
17231. inverse(double_divide(X0,double_divide(X3,double_divide(X1,X3)))) = inverse(double_divide(X0,double_divide(X2,double_divide(X1,X2)))) [superposition 24,15681]
20382. double_divide(inverse(X0),X1) = double_divide(inverse(inverse(double_divide(X2,X0))),inverse(double_divide(double_divide(inverse(X6),inverse(double_divide(inverse(double_divide(X6,double_divide(X3,double_divide(inverse(X4),inverse(double_divide(X4,double_divide(X5,double_divide(X3,X5)))))))),double_divide(X7,double_divide(inverse(X2),X7))))),double_divide(X8,double_divide(X1,X8))))) [superposition 22,15682]
20483. double_divide(inverse(X0),X1) = double_divide(inverse(inverse(double_divide(X2,X0))),inverse(double_divide(double_divide(inverse(X6),inverse(double_divide(X6,double_divide(X7,double_divide(inverse(X2),X7))))),double_divide(X8,double_divide(X1,X8))))) [forward demodulation 20382,15681]
23619. double_divide(inverse(X0),inverse(double_divide(X0,X1))) = double_divide(inverse(X2),inverse(double_divide(inverse(double_divide(X2,X1)),double_divide(X3,double_divide(inverse(double_divide(inverse(double_divide(X4,double_divide(X5,X4))),X5)),X3))))) [superposition 10,17217]
23646. inverse(double_divide(X3,double_divide(X2,double_divide(inverse(double_divide(inverse(double_divide(X0,double_divide(X1,X0))),X1)),X2)))) = X3 [superposition 7240,17217]
23737. double_divide(inverse(X0),inverse(double_divide(X0,X1))) = double_divide(inverse(X2),inverse(double_divide(X2,X1))) [forward demodulation 23619,23646]
25291. double_divide(inverse(X3),X3) = double_divide(inverse(X0),inverse(double_divide(X0,double_divide(X1,inverse(double_divide(X2,double_divide(X1,X2))))))) [superposition 5812,23737]
25444. double_divide(inverse(X0),X0) = double_divide(inverse(X3),X3) [forward demodulation 25291,5812]
27255. double_divide(inverse(X1),inverse(double_divide(inverse(X0),X0))) = X1 [superposition 1,25444]
27333. inverse(double_divide(inverse(double_divide(X1,double_divide(X2,double_divide(inverse(X0),X0)))),double_divide(X3,double_divide(X2,X3)))) = X1 [superposition 24,25444]
28090. inverse(double_divide(inverse(double_divide(X1,double_divide(X0,inverse(X2)))),double_divide(X3,double_divide(inverse(inverse(double_divide(X4,double_divide(X5,double_divide(inverse(X4),X5))))),X3)))) = double_divide(inverse(X6),inverse(double_divide(inverse(double_divide(X6,inverse(double_divide(X0,double_divide(inverse(double_divide(inverse(double_divide(X2,double_divide(X7,X8))),double_divide(X9,double_divide(X7,X9)))),X8))))),double_divide(X10,double_divide(inverse(X1),X10))))) [superposition 47,293]
29111. inverse(double_divide(X1,double_divide(X0,inverse(X2)))) = double_divide(inverse(X6),inverse(double_divide(inverse(double_divide(X6,inverse(double_divide(X0,double_divide(inverse(double_divide(inverse(double_divide(X2,double_divide(X7,X8))),double_divide(X9,double_divide(X7,X9)))),X8))))),double_divide(X10,double_divide(inverse(X1),X10))))) [forward demodulation 28090,17202]
29371. inverse(X0) = double_divide(inverse(X1),inverse(double_divide(X1,X0))) [superposition 23737,27255]
29373. double_divide(inverse(X1),X1) = inverse(double_divide(inverse(X0),X0)) [superposition 25444,27255]
29440. double_divide(inverse(X0),inverse(double_divide(X1,inverse(double_divide(X2,double_divide(X1,X2)))))) = X0 [superposition 5812,27255]
29492. double_divide(X1,X2) = double_divide(inverse(inverse(double_divide(X3,double_divide(X1,inverse(double_divide(inverse(X4),X4)))))),inverse(double_divide(double_divide(inverse(inverse(X0)),inverse(double_divide(inverse(X0),double_divide(X5,double_divide(inverse(X3),X5))))),double_divide(X6,double_divide(X2,X6))))) [superposition 22,27255]
29519. double_divide(X1,inverse(X2)) = double_divide(inverse(inverse(double_divide(X3,double_divide(X1,inverse(double_divide(inverse(X4),X4)))))),inverse(double_divide(double_divide(inverse(inverse(X0)),inverse(double_divide(inverse(X0),double_divide(X5,double_divide(inverse(X3),X5))))),double_divide(inverse(double_divide(inverse(double_divide(X2,double_divide(X6,X7))),double_divide(X8,double_divide(X6,X8)))),X7)))) [superposition 34,27255]
29608. double_divide(X1,inverse(X2)) = double_divide(inverse(double_divide(X1,inverse(double_divide(inverse(X4),X4)))),inverse(X2)) [forward demodulation 29519,7870]
29613. double_divide(X1,X2) = double_divide(inverse(double_divide(X1,inverse(double_divide(inverse(X4),X4)))),X2) [forward demodulation 29492,20483]
29795. inverse(double_divide(X0,double_divide(inverse(double_divide(inverse(double_divide(X3,double_divide(inverse(X4),X5))),double_divide(inverse(double_divide(inverse(double_divide(X4,double_divide(X6,X7))),double_divide(X8,double_divide(X6,X8)))),X7))),X5))) = double_divide(inverse(X9),inverse(double_divide(inverse(double_divide(X9,double_divide(X0,inverse(X3)))),double_divide(X10,double_divide(inverse(inverse(double_divide(X1,double_divide(X2,double_divide(inverse(X1),X2))))),X10))))) [superposition 48,293]
31213. inverse(double_divide(X0,double_divide(inverse(double_divide(inverse(double_divide(X3,double_divide(inverse(X4),X5))),double_divide(inverse(double_divide(inverse(double_divide(X4,double_divide(X6,X7))),double_divide(X8,double_divide(X6,X8)))),X7))),X5))) = double_divide(inverse(X9),inverse(double_divide(X9,double_divide(X0,inverse(X3))))) [forward demodulation 29795,17202]
31243. inverse(double_divide(X0,double_divide(inverse(double_divide(inverse(double_divide(X3,double_divide(inverse(X4),X5))),double_divide(inverse(double_divide(inverse(double_divide(X4,double_divide(X6,X7))),double_divide(X8,double_divide(X6,X8)))),X7))),X5))) = inverse(double_divide(X0,inverse(X3))) [forward demodulation 31213,29371]
31249. inverse(X8) = double_divide(double_divide(inverse(X0),inverse(double_divide(inverse(double_divide(X0,X1)),double_divide(inverse(double_divide(inverse(double_divide(X2,double_divide(inverse(X3),X4))),double_divide(inverse(double_divide(inverse(double_divide(X3,double_divide(X5,X6))),double_divide(X7,double_divide(X5,X7)))),X6))),X4)))),inverse(double_divide(double_divide(inverse(double_divide(X2,double_divide(X9,X1))),double_divide(X10,double_divide(X9,X10))),X8))) [superposition 29371,43]
31254. inverse(X4) = double_divide(double_divide(inverse(X0),inverse(double_divide(inverse(double_divide(X0,X1)),double_divide(X2,double_divide(inverse(X3),X2))))),inverse(double_divide(double_divide(inverse(double_divide(X3,double_divide(X5,X1))),double_divide(X6,double_divide(X5,X6))),X4))) [superposition 29371,3]
31291. double_divide(inverse(inverse(X4)),inverse(inverse(double_divide(inverse(double_divide(X0,double_divide(X1,X2))),double_divide(X3,double_divide(X1,X3)))))) = inverse(inverse(double_divide(inverse(double_divide(X4,X2)),double_divide(inverse(double_divide(inverse(double_divide(X0,double_divide(inverse(X5),X6))),double_divide(inverse(double_divide(inverse(double_divide(X5,double_divide(X7,X8))),double_divide(X9,double_divide(X7,X9)))),X8))),X6)))) [superposition 29371,43]
31297. double_divide(inverse(inverse(X1)),inverse(X0)) = inverse(inverse(double_divide(inverse(double_divide(X1,double_divide(X2,X0))),double_divide(X3,double_divide(X2,X3))))) [superposition 29371,1]
31302. double_divide(inverse(inverse(X6)),inverse(inverse(double_divide(inverse(double_divide(X0,double_divide(inverse(X1),X2))),double_divide(inverse(double_divide(inverse(double_divide(X1,double_divide(X3,X4))),double_divide(X5,double_divide(X3,X5)))),X4))))) = inverse(inverse(double_divide(inverse(double_divide(X6,X2)),double_divide(X7,double_divide(inverse(X0),X7))))) [superposition 29371,8]
31304. double_divide(inverse(inverse(X4)),inverse(double_divide(inverse(X0),inverse(double_divide(inverse(double_divide(X0,X1)),double_divide(X2,double_divide(inverse(X3),X2))))))) = inverse(inverse(double_divide(inverse(double_divide(X4,X1)),double_divide(X5,double_divide(inverse(X3),X5))))) [superposition 29371,10]
31311. inverse(inverse(double_divide(X1,X0))) = double_divide(inverse(inverse(X1)),inverse(inverse(X0))) [superposition 29371,29371]
31337. double_divide(inverse(X3),inverse(X0)) = inverse(double_divide(inverse(X1),inverse(double_divide(inverse(double_divide(X1,X0)),double_divide(X2,double_divide(X3,X2)))))) [superposition 29371,81]
31403. inverse(double_divide(X2,X0)) = double_divide(inverse(X1),inverse(double_divide(inverse(double_divide(X1,inverse(X0))),double_divide(inverse(double_divide(inverse(double_divide(X2,double_divide(X3,X4))),double_divide(X5,double_divide(X3,X5)))),X4)))) [superposition 4,29371]
31422. inverse(double_divide(X1,X0)) = inverse(double_divide(inverse(double_divide(X1,double_divide(X2,inverse(X0)))),double_divide(X3,double_divide(X2,X3)))) [superposition 24,29371]
31440. inverse(double_divide(X2,X0)) = double_divide(inverse(X1),inverse(double_divide(inverse(double_divide(X1,inverse(X0))),double_divide(inverse(double_divide(inverse(double_divide(X2,double_divide(inverse(X3),X4))),double_divide(inverse(double_divide(inverse(double_divide(X3,double_divide(inverse(X5),X6))),double_divide(inverse(double_divide(inverse(double_divide(X5,double_divide(X7,X8))),double_divide(X9,double_divide(X7,X9)))),X8))),X6))),X4)))) [superposition 41,29371]
31450. inverse(double_divide(inverse(double_divide(X1,inverse(double_divide(X2,X0)))),double_divide(X3,double_divide(inverse(X4),X3)))) = double_divide(inverse(X5),inverse(double_divide(inverse(double_divide(X5,inverse(double_divide(inverse(double_divide(X4,inverse(X0))),double_divide(inverse(double_divide(inverse(double_divide(X2,double_divide(X6,X7))),double_divide(X8,double_divide(X6,X8)))),X7))))),double_divide(X9,double_divide(inverse(X1),X9))))) [superposition 47,29371]
31472. inverse(double_divide(X1,inverse(double_divide(inverse(X0),X0)))) = X1 [superposition 6462,29371]
31478. inverse(double_divide(X0,X1)) = double_divide(inverse(X1),inverse(double_divide(X2,double_divide(X0,X2)))) [superposition 6356,29371]
31484. inverse(double_divide(X2,X0)) = double_divide(inverse(X1),inverse(double_divide(inverse(double_divide(X1,inverse(X0))),double_divide(X3,double_divide(inverse(X2),X3))))) [superposition 1,29371]
31536. inverse(double_divide(X7,X0)) = double_divide(double_divide(inverse(X1),inverse(double_divide(inverse(double_divide(X1,X2)),double_divide(X3,double_divide(inverse(X4),X3))))),inverse(double_divide(inverse(double_divide(double_divide(inverse(double_divide(X4,double_divide(X5,X2))),double_divide(X6,double_divide(X5,X6))),inverse(X0))),double_divide(X8,double_divide(inverse(X7),X8))))) [superposition 23,29371]
31579. inverse(double_divide(inverse(double_divide(X1,double_divide(X2,inverse(double_divide(X3,X0))))),double_divide(X4,double_divide(X2,X4)))) = double_divide(inverse(inverse(X3)),inverse(double_divide(inverse(inverse(X0)),double_divide(inverse(double_divide(inverse(double_divide(X1,double_divide(inverse(X5),X6))),double_divide(inverse(double_divide(inverse(double_divide(X5,double_divide(X7,X8))),double_divide(X9,double_divide(X7,X9)))),X8))),X6)))) [superposition 43,29371]
31593. inverse(double_divide(X2,X0)) = double_divide(X1,double_divide(inverse(inverse(X2)),inverse(double_divide(inverse(inverse(X0)),double_divide(X3,double_divide(X1,X3)))))) [superposition 81,29371]
31647. inverse(double_divide(inverse(double_divide(X1,double_divide(X2,inverse(double_divide(X3,X0))))),double_divide(X4,double_divide(X2,X4)))) = double_divide(inverse(inverse(X3)),inverse(double_divide(inverse(inverse(X0)),inverse(X1)))) [forward demodulation 31579,31243]
31651. inverse(double_divide(inverse(double_divide(X1,inverse(double_divide(X2,X0)))),double_divide(X3,double_divide(inverse(X4),X3)))) = inverse(double_divide(X1,double_divide(inverse(double_divide(X4,inverse(X0))),inverse(X2)))) [forward demodulation 31450,29111]
31654. inverse(double_divide(X2,X0)) = double_divide(inverse(X1),inverse(double_divide(inverse(double_divide(X1,inverse(X0))),double_divide(inverse(double_divide(inverse(double_divide(X2,double_divide(inverse(X3),X4))),inverse(X3))),X4)))) [forward demodulation 31440,31243]
31682. inverse(inverse(double_divide(inverse(double_divide(X4,X1)),double_divide(X5,double_divide(inverse(X3),X5))))) = double_divide(inverse(inverse(X4)),double_divide(inverse(inverse(X3)),inverse(X1))) [forward demodulation 31304,31337]
31684. inverse(inverse(double_divide(inverse(double_divide(X6,X2)),double_divide(X7,double_divide(inverse(X0),X7))))) = inverse(inverse(double_divide(X6,double_divide(inverse(double_divide(X0,double_divide(inverse(X1),X2))),double_divide(inverse(double_divide(inverse(double_divide(X1,double_divide(X3,X4))),double_divide(X5,double_divide(X3,X5)))),X4))))) [forward demodulation 31302,31311]
31689. double_divide(inverse(inverse(X4)),inverse(inverse(double_divide(inverse(double_divide(X0,double_divide(X1,X2))),double_divide(X3,double_divide(X1,X3)))))) = inverse(inverse(double_divide(inverse(double_divide(X4,X2)),inverse(X0)))) [forward demodulation 31291,31243]
31703. inverse(X8) = double_divide(double_divide(inverse(X0),inverse(double_divide(inverse(double_divide(X0,X1)),inverse(X2)))),inverse(double_divide(double_divide(inverse(double_divide(X2,double_divide(X9,X1))),double_divide(X10,double_divide(X9,X10))),X8))) [forward demodulation 31249,31243]
31704. inverse(double_divide(X1,double_divide(X3,X0))) = double_divide(inverse(inverse(X3)),inverse(double_divide(inverse(inverse(X0)),inverse(X1)))) [forward demodulation 31647,31422]
31714. inverse(inverse(double_divide(X6,double_divide(inverse(double_divide(X0,double_divide(inverse(X1),X2))),double_divide(inverse(double_divide(inverse(double_divide(X1,double_divide(X3,X4))),double_divide(X5,double_divide(X3,X5)))),X4))))) = double_divide(inverse(inverse(X6)),double_divide(inverse(inverse(X0)),inverse(X2))) [forward demodulation 31684,31682]
31718. inverse(inverse(double_divide(X4,double_divide(inverse(double_divide(X0,double_divide(X1,X2))),double_divide(X3,double_divide(X1,X3)))))) = inverse(inverse(double_divide(inverse(double_divide(X4,X2)),inverse(X0)))) [forward demodulation 31689,31311]
31723. inverse(double_divide(inverse(double_divide(X1,X0)),double_divide(X11,double_divide(inverse(X2),X11)))) = double_divide(double_divide(inverse(X12),inverse(double_divide(inverse(double_divide(X12,X13)),double_divide(X14,double_divide(inverse(X15),X14))))),inverse(double_divide(inverse(double_divide(double_divide(inverse(double_divide(X15,double_divide(X16,X13))),double_divide(X17,double_divide(X16,X17))),inverse(double_divide(inverse(double_divide(X2,double_divide(inverse(X3),X0))),double_divide(inverse(double_divide(inverse(double_divide(X3,double_divide(inverse(X4),X5))),double_divide(inverse(double_divide(inverse(double_divide(X4,double_divide(inverse(X6),X7))),double_divide(inverse(double_divide(inverse(double_divide(X6,double_divide(X8,X9))),double_divide(X10,double_divide(X8,X10)))),X9))),X7))),X5))))),double_divide(X18,double_divide(inverse(X1),X18))))) [superposition 11,41]
31820. inverse(double_divide(X0,double_divide(X4,double_divide(X3,X4)))) = double_divide(double_divide(inverse(X5),inverse(double_divide(inverse(double_divide(X5,X6)),double_divide(X7,double_divide(inverse(X8),X7))))),inverse(double_divide(inverse(double_divide(double_divide(inverse(double_divide(X8,double_divide(X9,X6))),double_divide(X10,double_divide(X9,X10))),double_divide(X0,X3))),double_divide(X11,double_divide(inverse(inverse(double_divide(X1,double_divide(X2,double_divide(inverse(X1),X2))))),X11))))) [superposition 11,293]
33601. inverse(double_divide(X0,double_divide(X4,double_divide(X3,X4)))) = double_divide(double_divide(inverse(X5),inverse(double_divide(inverse(double_divide(X5,X6)),double_divide(X7,double_divide(inverse(X8),X7))))),inverse(double_divide(double_divide(inverse(double_divide(X8,double_divide(X9,X6))),double_divide(X10,double_divide(X9,X10))),double_divide(X0,X3)))) [forward demodulation 31820,17202]
33650. inverse(double_divide(inverse(double_divide(X1,X0)),double_divide(X11,double_divide(inverse(X2),X11)))) = inverse(double_divide(X1,double_divide(inverse(double_divide(X2,double_divide(inverse(X3),X0))),double_divide(inverse(double_divide(inverse(double_divide(X3,double_divide(inverse(X4),X5))),double_divide(inverse(double_divide(inverse(double_divide(X4,double_divide(inverse(X6),X7))),double_divide(inverse(double_divide(inverse(double_divide(X6,double_divide(X8,X9))),double_divide(X10,double_divide(X8,X10)))),X9))),X7))),X5)))) [forward demodulation 31723,31536]
33753. inverse(double_divide(X0,double_divide(X4,double_divide(X3,X4)))) = inverse(double_divide(X0,X3)) [forward demodulation 33601,31254]
33775. inverse(double_divide(inverse(double_divide(X1,X0)),double_divide(X11,double_divide(inverse(X2),X11)))) = inverse(double_divide(X1,double_divide(inverse(double_divide(X2,double_divide(inverse(X3),X0))),double_divide(inverse(double_divide(inverse(double_divide(X3,double_divide(inverse(X4),X5))),inverse(X4))),X5)))) [forward demodulation 33650,31243]
33817. inverse(double_divide(X1,double_divide(inverse(double_divide(X2,double_divide(inverse(X3),X0))),double_divide(inverse(double_divide(inverse(double_divide(X3,double_divide(inverse(X4),X5))),inverse(X4))),X5)))) = inverse(double_divide(inverse(double_divide(X1,X0)),inverse(X2))) [forward demodulation 33775,33753]
34129. inverse(double_divide(inverse(double_divide(X1,double_divide(X2,X3))),double_divide(X4,double_divide(X2,X4)))) = double_divide(double_divide(inverse(X5),inverse(double_divide(inverse(double_divide(X5,X6)),double_divide(X7,double_divide(inverse(X8),X7))))),inverse(double_divide(inverse(double_divide(double_divide(inverse(double_divide(X8,double_divide(X9,X6))),double_divide(X10,double_divide(X9,X10))),X3)),double_divide(X1,inverse(double_divide(inverse(X0),X0)))))) [superposition 11,29373]
34131. inverse(double_divide(inverse(double_divide(X1,double_divide(X2,inverse(double_divide(inverse(double_divide(X3,X4)),double_divide(X5,double_divide(inverse(X6),X5))))))),double_divide(X7,double_divide(X2,X7)))) = double_divide(inverse(inverse(X3)),inverse(double_divide(inverse(inverse(double_divide(inverse(double_divide(X6,double_divide(X8,X4))),double_divide(X9,double_divide(X8,X9))))),double_divide(X1,inverse(double_divide(inverse(X0),X0)))))) [superposition 13,29373]
34142. double_divide(inverse(X4),inverse(double_divide(inverse(double_divide(X4,inverse(double_divide(inverse(double_divide(X3,double_divide(X5,X2))),double_divide(X6,double_divide(X5,X6)))))),double_divide(inverse(double_divide(inverse(double_divide(X1,double_divide(X7,X8))),double_divide(X9,double_divide(X7,X9)))),X8)))) = inverse(double_divide(inverse(double_divide(X1,X2)),double_divide(X3,inverse(double_divide(inverse(X0),X0))))) [superposition 32,29373]
34163. double_divide(inverse(inverse(X3)),inverse(double_divide(inverse(X4),double_divide(X9,double_divide(inverse(X1),X9))))) = inverse(double_divide(inverse(double_divide(X1,double_divide(X2,inverse(double_divide(inverse(double_divide(X3,inverse(double_divide(inverse(X0),X0)))),double_divide(inverse(double_divide(inverse(double_divide(X4,double_divide(X5,X6))),double_divide(X7,double_divide(X5,X7)))),X6)))))),double_divide(X8,double_divide(X2,X8)))) [superposition 46,29373]
34165. inverse(double_divide(inverse(double_divide(X1,X2)),double_divide(X3,double_divide(inverse(X4),X3)))) = double_divide(inverse(X5),inverse(double_divide(inverse(double_divide(X5,inverse(double_divide(inverse(double_divide(X4,inverse(double_divide(inverse(X0),X0)))),double_divide(inverse(double_divide(inverse(double_divide(X2,double_divide(X6,X7))),double_divide(X8,double_divide(X6,X8)))),X7))))),double_divide(X9,double_divide(inverse(X1),X9))))) [superposition 47,29373]
34168. double_divide(inverse(X8),inverse(double_divide(inverse(double_divide(X8,X2)),double_divide(X9,double_divide(inverse(X1),X9))))) = inverse(double_divide(inverse(double_divide(X1,inverse(double_divide(inverse(X0),X0)))),double_divide(inverse(double_divide(inverse(double_divide(X2,double_divide(inverse(X3),X4))),double_divide(inverse(double_divide(inverse(double_divide(X3,double_divide(X5,X6))),double_divide(X7,double_divide(X5,X7)))),X6))),X4))) [superposition 48,29373]
34196. inverse(double_divide(double_divide(inverse(X6),inverse(double_divide(inverse(double_divide(X6,X5)),double_divide(X7,double_divide(inverse(X4),X7))))),double_divide(X8,double_divide(X2,X8)))) = double_divide(inverse(X1),inverse(double_divide(inverse(double_divide(X1,inverse(double_divide(inverse(X0),X0)))),double_divide(X3,double_divide(inverse(inverse(double_divide(X4,double_divide(inverse(X2),X5)))),X3))))) [superposition 7,29373]
34197. inverse(double_divide(double_divide(inverse(X6),inverse(double_divide(inverse(double_divide(X6,X2)),double_divide(X7,double_divide(inverse(X5),X7))))),double_divide(X8,double_divide(X3,X8)))) = double_divide(inverse(X1),inverse(double_divide(inverse(double_divide(X1,double_divide(inverse(X2),X3))),double_divide(X4,double_divide(inverse(inverse(double_divide(X5,inverse(double_divide(inverse(X0),X0))))),X4))))) [superposition 7,29373]
34205. inverse(double_divide(inverse(double_divide(X3,double_divide(inverse(X4),X1))),double_divide(inverse(double_divide(inverse(double_divide(X4,X5)),double_divide(X6,double_divide(inverse(X7),X6)))),inverse(double_divide(inverse(double_divide(X7,double_divide(X8,X5))),double_divide(X9,double_divide(X8,X9))))))) = double_divide(inverse(inverse(X1)),inverse(double_divide(inverse(inverse(double_divide(inverse(X0),X0))),double_divide(X2,double_divide(inverse(X3),X2))))) [superposition 9,29373]
34216. inverse(double_divide(inverse(double_divide(X1,double_divide(X2,inverse(double_divide(inverse(double_divide(X3,X4)),double_divide(X5,double_divide(inverse(X6),X5))))))),double_divide(X7,double_divide(X2,X7)))) = double_divide(inverse(inverse(X3)),inverse(double_divide(inverse(inverse(double_divide(inverse(double_divide(X6,inverse(double_divide(inverse(X0),X0)))),double_divide(X8,double_divide(inverse(X4),X8))))),double_divide(X9,double_divide(inverse(X1),X9))))) [superposition 13,29373]
34253. inverse(double_divide(inverse(double_divide(X1,X2)),double_divide(X3,double_divide(inverse(X4),X3)))) = double_divide(inverse(X5),inverse(double_divide(inverse(double_divide(X5,inverse(double_divide(inverse(double_divide(X4,inverse(double_divide(inverse(X0),X0)))),double_divide(X6,double_divide(inverse(X2),X6)))))),double_divide(inverse(double_divide(inverse(double_divide(X1,double_divide(X7,X8))),double_divide(X9,double_divide(X7,X9)))),X8)))) [superposition 32,29373]
34257. inverse(double_divide(inverse(double_divide(X1,X2)),double_divide(X3,double_divide(inverse(X4),X3)))) = double_divide(inverse(X5),inverse(double_divide(inverse(double_divide(X5,inverse(double_divide(inverse(double_divide(X4,double_divide(X6,X2))),double_divide(X7,double_divide(X6,X7)))))),double_divide(inverse(double_divide(inverse(double_divide(X1,double_divide(inverse(X8),X9))),double_divide(X8,inverse(double_divide(inverse(X0),X0))))),X9)))) [superposition 32,29373]
34299. double_divide(X1,double_divide(inverse(inverse(X2)),inverse(double_divide(inverse(inverse(double_divide(inverse(X0),X0))),double_divide(X3,double_divide(X1,X3)))))) = X2 [superposition 81,29373]
34331. inverse(double_divide(X1,double_divide(inverse(X2),X1))) = inverse(double_divide(X2,inverse(double_divide(inverse(X0),X0)))) [superposition 7258,29373]
34332. inverse(double_divide(inverse(X1),double_divide(inverse(X2),inverse(X1)))) = inverse(double_divide(X2,inverse(double_divide(inverse(X0),X0)))) [superposition 7259,29373]
34343. inverse(double_divide(X1,double_divide(X2,inverse(double_divide(inverse(X0),X0))))) = inverse(double_divide(X1,double_divide(X3,double_divide(inverse(X2),X3)))) [superposition 17231,29373]
34437. double_divide(inverse(inverse(X2)),inverse(double_divide(inverse(X4),double_divide(X7,double_divide(inverse(X1),X7))))) = inverse(double_divide(inverse(double_divide(X1,inverse(double_divide(inverse(X0),X0)))),double_divide(X6,double_divide(inverse(inverse(double_divide(inverse(double_divide(X2,double_divide(X3,X4))),double_divide(X5,double_divide(X3,X5))))),X6)))) [superposition 12,29373]
34439. inverse(double_divide(inverse(double_divide(X6,inverse(double_divide(inverse(double_divide(X4,double_divide(X7,X2))),double_divide(X8,double_divide(X7,X8)))))),double_divide(X9,double_divide(inverse(X1),X9)))) = double_divide(inverse(inverse(inverse(double_divide(inverse(double_divide(X1,X2)),double_divide(X3,double_divide(inverse(X4),X3)))))),inverse(double_divide(inverse(inverse(double_divide(inverse(X0),X0))),double_divide(X5,double_divide(inverse(X6),X5))))) [superposition 6,29373]
34452. double_divide(inverse(inverse(inverse(double_divide(inverse(double_divide(X3,double_divide(X4,double_divide(inverse(X3),X5)))),double_divide(X6,double_divide(X4,X6)))))),inverse(double_divide(inverse(X5),double_divide(X8,double_divide(inverse(X1),X8))))) = inverse(double_divide(inverse(double_divide(X1,double_divide(X2,double_divide(inverse(X0),X0)))),double_divide(X7,double_divide(X2,X7)))) [superposition 46,29373]
34496. double_divide(inverse(inverse(X3)),inverse(double_divide(inverse(X5),double_divide(X8,double_divide(inverse(X1),X8))))) = inverse(double_divide(inverse(double_divide(X1,double_divide(X2,inverse(double_divide(inverse(double_divide(X3,double_divide(inverse(X4),X5))),double_divide(double_divide(inverse(X0),X0),X4)))))),double_divide(X7,double_divide(X2,X7)))) [superposition 46,29373]
34497. inverse(double_divide(inverse(double_divide(X1,X2)),double_divide(X3,double_divide(inverse(X4),X3)))) = double_divide(inverse(X5),inverse(double_divide(inverse(double_divide(X5,inverse(double_divide(inverse(double_divide(X4,double_divide(inverse(X6),X2))),double_divide(double_divide(inverse(X0),X0),X6))))),double_divide(X8,double_divide(inverse(X1),X8))))) [superposition 47,29373]
34533. double_divide(inverse(X1),double_divide(inverse(X0),X0)) = X1 [superposition 27255,29373]
34539. inverse(double_divide(double_divide(inverse(X6),inverse(double_divide(inverse(double_divide(X6,X5)),double_divide(X7,double_divide(inverse(X4),X7))))),double_divide(X8,double_divide(X2,X8)))) = double_divide(inverse(inverse(double_divide(X1,X2))),inverse(double_divide(double_divide(inverse(X0),X0),double_divide(X3,double_divide(inverse(inverse(double_divide(X4,double_divide(X1,X5)))),X3))))) [superposition 7,29373]
34611. double_divide(inverse(X1),inverse(double_divide(inverse(double_divide(X1,double_divide(X2,X3))),double_divide(X4,double_divide(inverse(inverse(double_divide(X5,double_divide(X2,X6)))),X4))))) = inverse(double_divide(double_divide(inverse(inverse(X6)),inverse(double_divide(double_divide(inverse(X0),X0),double_divide(X7,double_divide(inverse(X5),X7))))),double_divide(X8,double_divide(X3,X8)))) [superposition 7,29373]
34614. inverse(double_divide(inverse(double_divide(X3,double_divide(inverse(X4),X1))),double_divide(inverse(double_divide(inverse(double_divide(X4,X5)),double_divide(X6,double_divide(inverse(X7),X6)))),inverse(double_divide(inverse(double_divide(X7,double_divide(X8,X5))),double_divide(X9,double_divide(X8,X9))))))) = double_divide(inverse(inverse(X1)),inverse(double_divide(double_divide(inverse(X0),X0),double_divide(X2,double_divide(inverse(X3),X2))))) [superposition 9,29373]
34648. inverse(double_divide(inverse(double_divide(X6,inverse(double_divide(inverse(double_divide(X4,double_divide(X7,X2))),double_divide(X8,double_divide(X7,X8)))))),double_divide(X9,double_divide(inverse(X1),X9)))) = double_divide(inverse(inverse(inverse(double_divide(inverse(double_divide(X1,X2)),double_divide(X3,double_divide(inverse(X4),X3)))))),inverse(double_divide(double_divide(inverse(X0),X0),double_divide(X5,double_divide(inverse(X6),X5))))) [superposition 6,29373]
34656. double_divide(inverse(X1),inverse(double_divide(inverse(double_divide(X1,inverse(double_divide(inverse(double_divide(double_divide(inverse(X2),X2),X3)),double_divide(X4,double_divide(inverse(X5),X4)))))),double_divide(X6,double_divide(inverse(X7),X6))))) = inverse(double_divide(inverse(double_divide(X7,inverse(double_divide(inverse(double_divide(X5,double_divide(X8,X3))),double_divide(X9,double_divide(X8,X9)))))),double_divide(X10,double_divide(double_divide(inverse(X0),X0),X10)))) [superposition 6,29373]
34660. double_divide(inverse(X1),inverse(double_divide(inverse(double_divide(X1,double_divide(X2,X3))),double_divide(X4,double_divide(inverse(inverse(double_divide(double_divide(inverse(X5),X5),double_divide(X2,X6)))),X4))))) = inverse(double_divide(double_divide(inverse(X7),inverse(double_divide(inverse(double_divide(X7,X6)),double_divide(X8,double_divide(double_divide(inverse(X0),X0),X8))))),double_divide(X9,double_divide(X3,X9)))) [superposition 7,29373]
34668. inverse(double_divide(inverse(double_divide(double_divide(inverse(X4),X4),double_divide(inverse(X5),X2))),double_divide(inverse(double_divide(inverse(double_divide(X5,X6)),double_divide(X7,double_divide(inverse(X8),X7)))),inverse(double_divide(inverse(double_divide(X8,double_divide(X9,X6))),double_divide(X10,double_divide(X9,X10))))))) = double_divide(inverse(X1),inverse(double_divide(inverse(double_divide(X1,X2)),double_divide(X3,double_divide(double_divide(inverse(X0),X0),X3))))) [superposition 9,29373]
34674. inverse(double_divide(inverse(double_divide(double_divide(inverse(X1),X1),double_divide(X2,X3))),double_divide(X4,double_divide(X2,X4)))) = double_divide(double_divide(inverse(X5),inverse(double_divide(inverse(double_divide(X5,X6)),double_divide(X7,double_divide(inverse(X8),X7))))),inverse(double_divide(inverse(double_divide(double_divide(inverse(double_divide(X8,double_divide(X9,X6))),double_divide(X10,double_divide(X9,X10))),X3)),double_divide(X11,double_divide(double_divide(inverse(X0),X0),X11))))) [superposition 11,29373]
34676. inverse(double_divide(inverse(double_divide(double_divide(inverse(X1),X1),double_divide(X2,inverse(double_divide(inverse(double_divide(X3,double_divide(X4,X5))),double_divide(X6,double_divide(X4,X6))))))),double_divide(X7,double_divide(X2,X7)))) = double_divide(inverse(inverse(X3)),inverse(double_divide(inverse(X5),double_divide(X8,double_divide(double_divide(inverse(X0),X0),X8))))) [superposition 12,29373]
34680. inverse(double_divide(inverse(double_divide(double_divide(inverse(X1),X1),double_divide(X2,inverse(double_divide(inverse(double_divide(X3,X4)),double_divide(X5,double_divide(inverse(X6),X5))))))),double_divide(X7,double_divide(X2,X7)))) = double_divide(inverse(inverse(X3)),inverse(double_divide(inverse(inverse(double_divide(inverse(double_divide(X6,double_divide(X8,X4))),double_divide(X9,double_divide(X8,X9))))),double_divide(X10,double_divide(double_divide(inverse(X0),X0),X10))))) [superposition 13,29373]
34731. inverse(double_divide(inverse(double_divide(double_divide(inverse(X1),X1),double_divide(X2,inverse(double_divide(inverse(double_divide(X3,double_divide(inverse(X4),X5))),double_divide(inverse(double_divide(inverse(double_divide(X4,double_divide(X6,X7))),double_divide(X8,double_divide(X6,X8)))),X7)))))),double_divide(X9,double_divide(X2,X9)))) = double_divide(inverse(inverse(X3)),inverse(double_divide(inverse(X5),double_divide(X10,double_divide(double_divide(inverse(X0),X0),X10))))) [superposition 46,29373]
34738. inverse(double_divide(inverse(double_divide(double_divide(inverse(X1),X1),double_divide(inverse(X2),X3))),double_divide(inverse(double_divide(inverse(double_divide(X2,double_divide(inverse(X4),X5))),double_divide(inverse(double_divide(inverse(double_divide(X4,double_divide(X6,X7))),double_divide(X8,double_divide(X6,X8)))),X7))),X5))) = double_divide(inverse(X9),inverse(double_divide(inverse(double_divide(X9,X3)),double_divide(X10,double_divide(double_divide(inverse(X0),X0),X10))))) [superposition 48,29373]
34746. inverse(double_divide(inverse(double_divide(double_divide(inverse(X1),X1),double_divide(X2,double_divide(double_divide(inverse(X0),X0),X2)))),double_divide(X3,double_divide(X4,X3)))) = X4 [superposition 293,29373]
34771. inverse(double_divide(inverse(double_divide(double_divide(inverse(X1),X1),double_divide(X2,double_divide(double_divide(inverse(X0),X0),X2)))),X4)) = X4 [forward demodulation 34746,33753]
34777. inverse(double_divide(inverse(double_divide(double_divide(inverse(X1),X1),double_divide(inverse(X2),X3))),double_divide(inverse(double_divide(inverse(double_divide(X2,double_divide(inverse(X4),X5))),double_divide(inverse(double_divide(inverse(double_divide(X4,double_divide(X6,X7))),double_divide(X8,double_divide(X6,X8)))),X7))),X5))) = double_divide(inverse(X9),inverse(double_divide(inverse(double_divide(X9,X3)),double_divide(inverse(X0),X0)))) [forward demodulation 34738,33753]
34784. inverse(double_divide(inverse(double_divide(double_divide(inverse(X1),X1),double_divide(X2,inverse(double_divide(inverse(double_divide(X3,double_divide(inverse(X4),X5))),double_divide(inverse(double_divide(inverse(double_divide(X4,double_divide(X6,X7))),double_divide(X8,double_divide(X6,X8)))),X7)))))),double_divide(X9,double_divide(X2,X9)))) = double_divide(inverse(inverse(X3)),inverse(double_divide(inverse(X5),double_divide(inverse(X0),X0)))) [forward demodulation 34731,33753]
34833. inverse(double_divide(inverse(double_divide(double_divide(inverse(X1),X1),double_divide(X2,inverse(double_divide(inverse(double_divide(X3,X4)),double_divide(X5,double_divide(inverse(X6),X5))))))),double_divide(X7,double_divide(X2,X7)))) = double_divide(inverse(inverse(X3)),inverse(double_divide(inverse(inverse(double_divide(inverse(double_divide(X6,double_divide(X8,X4))),double_divide(X9,double_divide(X8,X9))))),double_divide(inverse(X0),X0)))) [forward demodulation 34680,33753]
34837. inverse(double_divide(inverse(double_divide(double_divide(inverse(X1),X1),double_divide(X2,inverse(double_divide(inverse(double_divide(X3,double_divide(X4,X5))),double_divide(X6,double_divide(X4,X6))))))),double_divide(X7,double_divide(X2,X7)))) = double_divide(inverse(inverse(X3)),inverse(double_divide(inverse(X5),double_divide(inverse(X0),X0)))) [forward demodulation 34676,33753]
34839. inverse(double_divide(inverse(double_divide(double_divide(inverse(X1),X1),double_divide(X2,X3))),double_divide(X4,double_divide(X2,X4)))) = double_divide(double_divide(inverse(X5),inverse(double_divide(inverse(double_divide(X5,X6)),double_divide(X7,double_divide(inverse(X8),X7))))),inverse(double_divide(inverse(double_divide(double_divide(inverse(double_divide(X8,double_divide(X9,X6))),double_divide(X10,double_divide(X9,X10))),X3)),double_divide(inverse(X0),X0)))) [forward demodulation 34674,33753]
34844. inverse(double_divide(inverse(double_divide(double_divide(inverse(X4),X4),double_divide(inverse(X5),X2))),double_divide(inverse(double_divide(inverse(double_divide(X5,X6)),double_divide(X7,double_divide(inverse(X8),X7)))),inverse(double_divide(inverse(double_divide(X8,double_divide(X9,X6))),double_divide(X10,double_divide(X9,X10))))))) = double_divide(inverse(X1),inverse(double_divide(inverse(double_divide(X1,X2)),double_divide(inverse(X0),X0)))) [forward demodulation 34668,33753]
34852. double_divide(inverse(X1),inverse(double_divide(inverse(double_divide(X1,double_divide(X2,X3))),double_divide(X4,double_divide(inverse(inverse(double_divide(double_divide(inverse(X5),X5),double_divide(X2,X6)))),X4))))) = inverse(double_divide(double_divide(inverse(X7),inverse(double_divide(inverse(double_divide(X7,X6)),double_divide(X8,double_divide(double_divide(inverse(X0),X0),X8))))),X3)) [forward demodulation 34660,33753]
34856. double_divide(inverse(X1),inverse(double_divide(inverse(double_divide(X1,inverse(double_divide(inverse(double_divide(double_divide(inverse(X2),X2),X3)),double_divide(X4,double_divide(inverse(X5),X4)))))),double_divide(X6,double_divide(inverse(X7),X6))))) = inverse(double_divide(inverse(double_divide(X7,inverse(double_divide(inverse(double_divide(X5,double_divide(X8,X3))),double_divide(X9,double_divide(X8,X9)))))),double_divide(inverse(X0),X0))) [forward demodulation 34656,33753]
34864. inverse(double_divide(inverse(double_divide(X6,inverse(double_divide(inverse(double_divide(X4,double_divide(X7,X2))),double_divide(X8,double_divide(X7,X8)))))),double_divide(X9,double_divide(inverse(X1),X9)))) = double_divide(inverse(inverse(inverse(double_divide(inverse(double_divide(X1,X2)),double_divide(X3,double_divide(inverse(X4),X3)))))),inverse(double_divide(double_divide(inverse(X0),X0),inverse(X6)))) [forward demodulation 34648,33753]
34895. inverse(double_divide(inverse(double_divide(X3,double_divide(inverse(X4),X1))),double_divide(inverse(double_divide(inverse(double_divide(X4,X5)),double_divide(X6,double_divide(inverse(X7),X6)))),inverse(double_divide(inverse(double_divide(X7,double_divide(X8,X5))),double_divide(X9,double_divide(X8,X9))))))) = double_divide(inverse(inverse(X1)),inverse(double_divide(double_divide(inverse(X0),X0),inverse(X3)))) [forward demodulation 34614,33753]
34898. double_divide(inverse(X1),inverse(double_divide(inverse(double_divide(X1,double_divide(X2,X3))),double_divide(X4,double_divide(inverse(inverse(double_divide(X5,double_divide(X2,X6)))),X4))))) = inverse(double_divide(double_divide(inverse(inverse(X6)),inverse(double_divide(double_divide(inverse(X0),X0),double_divide(X7,double_divide(inverse(X5),X7))))),X3)) [forward demodulation 34611,33753]
34965. inverse(double_divide(double_divide(inverse(X6),inverse(double_divide(inverse(double_divide(X6,X5)),double_divide(X7,double_divide(inverse(X4),X7))))),double_divide(X8,double_divide(X2,X8)))) = double_divide(inverse(inverse(double_divide(X1,X2))),inverse(double_divide(double_divide(inverse(X0),X0),inverse(inverse(double_divide(X4,double_divide(X1,X5))))))) [forward demodulation 34539,33753]
35003. inverse(double_divide(inverse(double_divide(X1,X2)),double_divide(X3,double_divide(inverse(X4),X3)))) = inverse(double_divide(X1,double_divide(inverse(double_divide(X4,double_divide(inverse(X6),X2))),double_divide(double_divide(inverse(X0),X0),X6)))) [forward demodulation 34497,31484]
35004. double_divide(inverse(inverse(X3)),inverse(double_divide(inverse(X5),double_divide(X8,double_divide(inverse(X1),X8))))) = inverse(double_divide(X1,double_divide(inverse(double_divide(X3,double_divide(inverse(X4),X5))),double_divide(double_divide(inverse(X0),X0),X4)))) [forward demodulation 34496,31422]
35041. double_divide(inverse(inverse(inverse(double_divide(inverse(double_divide(X3,double_divide(X4,double_divide(inverse(X3),X5)))),double_divide(X6,double_divide(X4,X6)))))),inverse(double_divide(inverse(X5),double_divide(X8,double_divide(inverse(X1),X8))))) = X1 [forward demodulation 34452,27333]
35054. inverse(double_divide(inverse(double_divide(X6,inverse(double_divide(inverse(double_divide(X4,double_divide(X7,X2))),double_divide(X8,double_divide(X7,X8)))))),double_divide(X9,double_divide(inverse(X1),X9)))) = double_divide(inverse(inverse(inverse(double_divide(inverse(double_divide(X1,X2)),double_divide(X3,double_divide(inverse(X4),X3)))))),inverse(double_divide(inverse(inverse(double_divide(inverse(X0),X0))),inverse(X6)))) [forward demodulation 34439,33753]
35056. double_divide(inverse(inverse(X2)),inverse(double_divide(inverse(X4),double_divide(X7,double_divide(inverse(X1),X7))))) = inverse(double_divide(X1,double_divide(inverse(double_divide(inverse(double_divide(inverse(double_divide(X2,double_divide(X3,X4))),double_divide(X5,double_divide(X3,X5)))),inverse(X0))),inverse(inverse(X0))))) [forward demodulation 34437,31651]
35143. inverse(double_divide(X1,inverse(X2))) = inverse(double_divide(X1,double_divide(X2,inverse(double_divide(inverse(X0),X0))))) [forward demodulation 34343,33753]
35154. inverse(double_divide(inverse(X1),double_divide(inverse(X2),inverse(X1)))) = X2 [forward demodulation 34332,31472]
35155. inverse(double_divide(X1,double_divide(inverse(X2),X1))) = X2 [forward demodulation 34331,31472]
35169. inverse(double_divide(X2,double_divide(inverse(X0),X0))) = X2 [forward demodulation 34299,31593]
35209. inverse(double_divide(inverse(double_divide(X1,X2)),double_divide(X3,double_divide(inverse(X4),X3)))) = double_divide(inverse(X5),inverse(double_divide(inverse(double_divide(X5,inverse(double_divide(inverse(double_divide(X4,double_divide(X6,X2))),X6)))),double_divide(inverse(double_divide(inverse(double_divide(X1,double_divide(inverse(X8),X9))),double_divide(X8,inverse(double_divide(inverse(X0),X0))))),X9)))) [forward demodulation 34257,33753]
35213. inverse(double_divide(inverse(double_divide(X1,X2)),double_divide(X3,double_divide(inverse(X4),X3)))) = inverse(double_divide(X1,double_divide(inverse(double_divide(X4,inverse(double_divide(inverse(X0),X0)))),double_divide(X6,double_divide(inverse(X2),X6))))) [forward demodulation 34253,31403]
35248. inverse(double_divide(inverse(double_divide(X1,double_divide(X2,inverse(double_divide(inverse(double_divide(X3,X4)),double_divide(X5,double_divide(inverse(X6),X5))))))),double_divide(X7,double_divide(X2,X7)))) = double_divide(inverse(inverse(X3)),inverse(double_divide(inverse(inverse(double_divide(inverse(double_divide(X6,inverse(double_divide(inverse(X0),X0)))),double_divide(X8,double_divide(inverse(X4),X8))))),inverse(X1)))) [forward demodulation 34216,33753]
35259. inverse(double_divide(inverse(double_divide(X3,double_divide(inverse(X4),X1))),double_divide(inverse(double_divide(inverse(double_divide(X4,X5)),double_divide(X6,double_divide(inverse(X7),X6)))),inverse(double_divide(inverse(double_divide(X7,double_divide(X8,X5))),double_divide(X9,double_divide(X8,X9))))))) = double_divide(inverse(inverse(X1)),inverse(double_divide(inverse(inverse(double_divide(inverse(X0),X0))),inverse(X3)))) [forward demodulation 34205,33753]
35267. inverse(double_divide(double_divide(inverse(X6),inverse(double_divide(inverse(double_divide(X6,X2)),double_divide(X7,double_divide(inverse(X5),X7))))),double_divide(X8,double_divide(X3,X8)))) = double_divide(inverse(X1),inverse(double_divide(inverse(double_divide(X1,double_divide(inverse(X2),X3))),inverse(inverse(double_divide(X5,inverse(double_divide(inverse(X0),X0)))))))) [forward demodulation 34197,33753]
35268. inverse(double_divide(double_divide(inverse(X6),inverse(double_divide(inverse(double_divide(X6,X5)),double_divide(X7,double_divide(inverse(X4),X7))))),double_divide(X8,double_divide(X2,X8)))) = inverse(double_divide(inverse(double_divide(X4,double_divide(inverse(X2),X5))),double_divide(inverse(X0),X0))) [forward demodulation 34196,31484]
35290. double_divide(inverse(X8),inverse(double_divide(inverse(double_divide(X8,X2)),double_divide(X9,double_divide(inverse(X1),X9))))) = inverse(double_divide(inverse(double_divide(X1,inverse(double_divide(inverse(X0),X0)))),inverse(X2))) [forward demodulation 34168,31243]
35293. inverse(double_divide(inverse(double_divide(X1,X2)),double_divide(X3,double_divide(inverse(X4),X3)))) = inverse(double_divide(X1,double_divide(inverse(double_divide(X4,inverse(double_divide(inverse(X0),X0)))),inverse(X2)))) [forward demodulation 34165,29111]
35295. double_divide(inverse(inverse(X3)),inverse(double_divide(inverse(X4),double_divide(X9,double_divide(inverse(X1),X9))))) = inverse(double_divide(X1,double_divide(inverse(double_divide(X3,inverse(double_divide(inverse(X0),X0)))),double_divide(inverse(double_divide(inverse(double_divide(X4,double_divide(X5,X6))),double_divide(X7,double_divide(X5,X7)))),X6)))) [forward demodulation 34163,31422]
35315. inverse(double_divide(X1,double_divide(inverse(double_divide(X3,double_divide(X5,X2))),double_divide(X6,double_divide(X5,X6))))) = inverse(double_divide(inverse(double_divide(X1,X2)),double_divide(X3,inverse(double_divide(inverse(X0),X0))))) [forward demodulation 34142,31403]
35325. inverse(double_divide(inverse(double_divide(X1,double_divide(X2,inverse(double_divide(inverse(double_divide(X3,X4)),double_divide(X5,double_divide(inverse(X6),X5))))))),double_divide(X7,double_divide(X2,X7)))) = double_divide(inverse(inverse(X3)),inverse(double_divide(double_divide(inverse(inverse(X6)),inverse(X4)),double_divide(X1,inverse(double_divide(inverse(X0),X0)))))) [forward demodulation 34131,31297]
35327. inverse(double_divide(inverse(double_divide(X1,double_divide(X2,X3))),double_divide(X4,double_divide(X2,X4)))) = double_divide(double_divide(inverse(X5),inverse(double_divide(inverse(double_divide(X5,X6)),inverse(X8)))),inverse(double_divide(inverse(double_divide(double_divide(inverse(double_divide(X8,double_divide(X9,X6))),double_divide(X10,double_divide(X9,X10))),X3)),double_divide(X1,inverse(double_divide(inverse(X0),X0)))))) [forward demodulation 34129,33753]
35510. inverse(double_divide(inverse(double_divide(double_divide(inverse(X1),X1),double_divide(inverse(X0),X0))),X4)) = X4 [forward demodulation 34771,33753]
35514. inverse(double_divide(inverse(double_divide(double_divide(inverse(X1),X1),double_divide(inverse(X2),X3))),double_divide(inverse(double_divide(inverse(double_divide(X2,double_divide(inverse(X4),X5))),double_divide(inverse(double_divide(inverse(double_divide(X4,double_divide(X6,X7))),double_divide(X8,double_divide(X6,X8)))),X7))),X5))) = double_divide(inverse(X9),inverse(double_divide(X9,X3))) [forward demodulation 34777,34533]
35521. double_divide(inverse(inverse(X3)),inverse(X5)) = inverse(double_divide(inverse(double_divide(double_divide(inverse(X1),X1),double_divide(X2,inverse(double_divide(inverse(double_divide(X3,double_divide(inverse(X4),X5))),double_divide(inverse(double_divide(inverse(double_divide(X4,double_divide(X6,X7))),double_divide(X8,double_divide(X6,X8)))),X7)))))),double_divide(X9,double_divide(X2,X9)))) [forward demodulation 34784,34533]
35561. inverse(double_divide(inverse(double_divide(double_divide(inverse(X1),X1),double_divide(X2,inverse(double_divide(inverse(double_divide(X3,X4)),double_divide(X5,double_divide(inverse(X6),X5))))))),double_divide(X7,double_divide(X2,X7)))) = double_divide(inverse(inverse(X3)),inverse(inverse(double_divide(inverse(double_divide(X6,double_divide(X8,X4))),double_divide(X9,double_divide(X8,X9)))))) [forward demodulation 34833,34533]
35565. double_divide(inverse(inverse(X3)),inverse(X5)) = inverse(double_divide(inverse(double_divide(double_divide(inverse(X1),X1),double_divide(X2,inverse(double_divide(inverse(double_divide(X3,double_divide(X4,X5))),double_divide(X6,double_divide(X4,X6))))))),double_divide(X7,double_divide(X2,X7)))) [forward demodulation 34837,34533]
35567. inverse(double_divide(inverse(double_divide(double_divide(inverse(X1),X1),double_divide(X2,X3))),double_divide(X4,double_divide(X2,X4)))) = double_divide(double_divide(inverse(X5),inverse(double_divide(inverse(double_divide(X5,X6)),double_divide(X7,double_divide(inverse(X8),X7))))),inverse(double_divide(double_divide(inverse(double_divide(X8,double_divide(X9,X6))),double_divide(X10,double_divide(X9,X10))),X3))) [forward demodulation 34839,34533]
35572. double_divide(inverse(X1),inverse(double_divide(X1,X2))) = inverse(double_divide(inverse(double_divide(double_divide(inverse(X4),X4),double_divide(inverse(X5),X2))),double_divide(inverse(double_divide(inverse(double_divide(X5,X6)),double_divide(X7,double_divide(inverse(X8),X7)))),inverse(double_divide(inverse(double_divide(X8,double_divide(X9,X6))),double_divide(X10,double_divide(X9,X10))))))) [forward demodulation 34844,34533]
35580. double_divide(inverse(X1),inverse(double_divide(inverse(double_divide(X1,double_divide(X2,X3))),double_divide(X4,double_divide(inverse(inverse(double_divide(double_divide(inverse(X5),X5),double_divide(X2,X6)))),X4))))) = inverse(double_divide(double_divide(inverse(X7),inverse(double_divide(inverse(double_divide(X7,X6)),double_divide(inverse(X0),X0)))),X3)) [forward demodulation 34852,33753]
35584. inverse(double_divide(X7,inverse(double_divide(inverse(double_divide(X5,double_divide(X8,X3))),double_divide(X9,double_divide(X8,X9)))))) = double_divide(inverse(X1),inverse(double_divide(inverse(double_divide(X1,inverse(double_divide(inverse(double_divide(double_divide(inverse(X2),X2),X3)),double_divide(X4,double_divide(inverse(X5),X4)))))),double_divide(X6,double_divide(inverse(X7),X6))))) [forward demodulation 34856,34533]
35589. inverse(double_divide(inverse(double_divide(X6,inverse(double_divide(inverse(double_divide(X4,double_divide(X7,X2))),double_divide(X8,double_divide(X7,X8)))))),double_divide(X9,double_divide(inverse(X1),X9)))) = double_divide(inverse(double_divide(inverse(inverse(X1)),double_divide(inverse(inverse(X4)),inverse(X2)))),inverse(double_divide(double_divide(inverse(X0),X0),inverse(X6)))) [forward demodulation 34864,31682]
35615. double_divide(inverse(inverse(X1)),inverse(double_divide(double_divide(inverse(X0),X0),inverse(X3)))) = inverse(double_divide(inverse(double_divide(X3,double_divide(inverse(X4),X1))),double_divide(inverse(double_divide(inverse(double_divide(X4,X5)),double_divide(X6,double_divide(inverse(X7),X6)))),inverse(double_divide(inverse(double_divide(X7,double_divide(X8,X5))),X8))))) [forward demodulation 34895,33753]
35618. double_divide(inverse(X1),inverse(double_divide(inverse(double_divide(X1,double_divide(X2,X3))),double_divide(X4,double_divide(inverse(inverse(double_divide(X5,double_divide(X2,X6)))),X4))))) = inverse(double_divide(double_divide(inverse(inverse(X6)),inverse(double_divide(double_divide(inverse(X0),X0),inverse(X5)))),X3)) [forward demodulation 34898,33753]
35671. double_divide(inverse(inverse(double_divide(X1,X2))),inverse(double_divide(double_divide(inverse(X0),X0),inverse(inverse(double_divide(X4,double_divide(X1,X5))))))) = inverse(double_divide(double_divide(inverse(X6),inverse(double_divide(inverse(double_divide(X6,X5)),double_divide(X7,double_divide(inverse(X4),X7))))),X2)) [forward demodulation 34965,33753]
35692. inverse(double_divide(inverse(double_divide(X1,X2)),inverse(X4))) = inverse(double_divide(X1,double_divide(inverse(double_divide(X4,double_divide(inverse(X6),X2))),double_divide(double_divide(inverse(X0),X0),X6)))) [forward demodulation 35003,33753]
35693. inverse(double_divide(X1,double_divide(inverse(double_divide(X3,double_divide(inverse(X4),X5))),double_divide(double_divide(inverse(X0),X0),X4)))) = double_divide(inverse(inverse(X3)),inverse(double_divide(inverse(X5),inverse(X1)))) [forward demodulation 35004,33753]
35707. double_divide(inverse(inverse(inverse(double_divide(inverse(double_divide(X3,double_divide(X4,double_divide(inverse(X3),X5)))),double_divide(X6,double_divide(X4,X6)))))),inverse(double_divide(inverse(X5),inverse(X1)))) = X1 [forward demodulation 35041,33753]
35716. inverse(double_divide(inverse(double_divide(X6,inverse(double_divide(inverse(double_divide(X4,double_divide(X7,X2))),double_divide(X8,double_divide(X7,X8)))))),double_divide(X9,double_divide(inverse(X1),X9)))) = inverse(double_divide(X6,double_divide(inverse(double_divide(inverse(double_divide(X1,X2)),double_divide(X3,double_divide(inverse(X4),X3)))),double_divide(inverse(X0),X0)))) [forward demodulation 35054,31704]
35718. double_divide(inverse(inverse(X2)),inverse(double_divide(inverse(X4),double_divide(X7,double_divide(inverse(X1),X7))))) = inverse(double_divide(X1,double_divide(inverse(double_divide(inverse(double_divide(inverse(double_divide(X2,double_divide(X3,X4))),X3)),inverse(X0))),inverse(inverse(X0))))) [forward demodulation 35056,33753]
35824. inverse(double_divide(inverse(double_divide(X1,X2)),double_divide(X3,double_divide(inverse(X4),X3)))) = double_divide(inverse(X5),inverse(double_divide(inverse(double_divide(X5,inverse(double_divide(inverse(double_divide(X4,double_divide(X6,X2))),X6)))),double_divide(inverse(double_divide(inverse(double_divide(X1,double_divide(inverse(X8),X9))),inverse(X8))),X9)))) [forward demodulation 35209,35143]
35828. inverse(double_divide(inverse(double_divide(X1,X2)),double_divide(X3,double_divide(inverse(X4),X3)))) = inverse(double_divide(X1,double_divide(X4,double_divide(X6,double_divide(inverse(X2),X6))))) [forward demodulation 35213,29613]
35860. inverse(double_divide(inverse(double_divide(X1,double_divide(X2,inverse(double_divide(inverse(double_divide(X3,X4)),double_divide(X5,double_divide(inverse(X6),X5))))))),double_divide(X7,double_divide(X2,X7)))) = inverse(double_divide(X1,double_divide(X3,double_divide(inverse(double_divide(X6,inverse(double_divide(inverse(X0),X0)))),double_divide(X8,double_divide(inverse(X4),X8)))))) [forward demodulation 35248,31704]
35871. inverse(double_divide(inverse(double_divide(X3,double_divide(inverse(X4),X1))),double_divide(inverse(double_divide(inverse(double_divide(X4,X5)),double_divide(X6,double_divide(inverse(X7),X6)))),inverse(double_divide(inverse(double_divide(X7,double_divide(X8,X5))),double_divide(X9,double_divide(X8,X9))))))) = inverse(double_divide(X3,double_divide(X1,double_divide(inverse(X0),X0)))) [forward demodulation 35259,31704]
35879. inverse(double_divide(double_divide(inverse(X6),inverse(double_divide(inverse(double_divide(X6,X2)),double_divide(X7,double_divide(inverse(X5),X7))))),double_divide(X8,double_divide(X3,X8)))) = double_divide(inverse(X1),inverse(double_divide(inverse(double_divide(X1,double_divide(inverse(X2),X3))),inverse(X5)))) [forward demodulation 35267,31472]
35880. inverse(double_divide(X4,double_divide(inverse(X2),X5))) = inverse(double_divide(double_divide(inverse(X6),inverse(double_divide(inverse(double_divide(X6,X5)),double_divide(X7,double_divide(inverse(X4),X7))))),double_divide(X8,double_divide(X2,X8)))) [forward demodulation 35268,35169]
35896. inverse(double_divide(X1,inverse(X2))) = double_divide(inverse(X8),inverse(double_divide(inverse(double_divide(X8,X2)),double_divide(X9,double_divide(inverse(X1),X9))))) [forward demodulation 35290,29608]
35899. inverse(double_divide(inverse(double_divide(X1,X2)),double_divide(X3,double_divide(inverse(X4),X3)))) = inverse(double_divide(X1,double_divide(X4,inverse(X2)))) [forward demodulation 35293,29608]
35901. double_divide(inverse(inverse(X3)),inverse(double_divide(inverse(X4),double_divide(X9,double_divide(inverse(X1),X9))))) = inverse(double_divide(X1,double_divide(X3,double_divide(inverse(double_divide(inverse(double_divide(X4,double_divide(X5,X6))),double_divide(X7,double_divide(X5,X7)))),X6)))) [forward demodulation 35295,29613]
35914. inverse(double_divide(X1,double_divide(inverse(double_divide(X3,double_divide(X5,X2))),double_divide(X6,double_divide(X5,X6))))) = inverse(double_divide(inverse(double_divide(X1,X2)),inverse(X3))) [forward demodulation 35315,35143]
35922. inverse(double_divide(inverse(double_divide(X1,double_divide(X2,inverse(double_divide(inverse(double_divide(X3,X4)),double_divide(X5,double_divide(inverse(X6),X5))))))),double_divide(X7,double_divide(X2,X7)))) = double_divide(inverse(inverse(X3)),inverse(double_divide(double_divide(inverse(inverse(X6)),inverse(X4)),inverse(X1)))) [forward demodulation 35325,35143]
35924. inverse(double_divide(inverse(double_divide(X1,double_divide(X2,X3))),double_divide(X4,double_divide(X2,X4)))) = double_divide(double_divide(inverse(X5),inverse(double_divide(inverse(double_divide(X5,X6)),inverse(X8)))),inverse(double_divide(inverse(double_divide(double_divide(inverse(double_divide(X8,double_divide(X9,X6))),double_divide(X10,double_divide(X9,X10))),X3)),inverse(X1)))) [forward demodulation 35327,35143]
36015. inverse(double_divide(double_divide(inverse(X1),X1),X4)) = X4 [forward demodulation 35510,35169]
36017. inverse(X3) = inverse(double_divide(inverse(double_divide(double_divide(inverse(X1),X1),double_divide(inverse(X2),X3))),double_divide(inverse(double_divide(inverse(double_divide(X2,double_divide(inverse(X4),X5))),double_divide(inverse(double_divide(inverse(double_divide(X4,double_divide(X6,X7))),double_divide(X8,double_divide(X6,X8)))),X7))),X5))) [forward demodulation 35514,29371]
36023. double_divide(inverse(inverse(X3)),inverse(X5)) = inverse(double_divide(double_divide(inverse(X1),X1),double_divide(inverse(double_divide(X3,double_divide(inverse(X4),X5))),double_divide(inverse(double_divide(inverse(double_divide(X4,double_divide(X6,X7))),double_divide(X8,double_divide(X6,X8)))),X7)))) [forward demodulation 35521,31422]
36040. inverse(double_divide(inverse(double_divide(double_divide(inverse(X1),X1),double_divide(X2,inverse(double_divide(inverse(double_divide(X3,X4)),double_divide(X5,double_divide(inverse(X6),X5))))))),double_divide(X7,double_divide(X2,X7)))) = inverse(inverse(double_divide(X3,double_divide(inverse(double_divide(X6,double_divide(X8,X4))),double_divide(X9,double_divide(X8,X9)))))) [forward demodulation 35561,31311]
36043. double_divide(inverse(inverse(X3)),inverse(X5)) = inverse(double_divide(double_divide(inverse(X1),X1),double_divide(inverse(double_divide(X3,double_divide(X4,X5))),double_divide(X6,double_divide(X4,X6))))) [forward demodulation 35565,31422]
36044. inverse(X3) = inverse(double_divide(inverse(double_divide(double_divide(inverse(X1),X1),double_divide(X2,X3))),double_divide(X4,double_divide(X2,X4)))) [forward demodulation 35567,31254]
36047. double_divide(inverse(X1),inverse(double_divide(X1,X2))) = inverse(double_divide(inverse(double_divide(double_divide(inverse(X4),X4),double_divide(inverse(X5),X2))),double_divide(inverse(double_divide(inverse(double_divide(X5,X6)),double_divide(X7,double_divide(inverse(X8),X7)))),inverse(double_divide(inverse(double_divide(X8,double_divide(X9,X6))),X9))))) [forward demodulation 35572,33753]
36053. double_divide(inverse(X1),inverse(double_divide(inverse(double_divide(X1,double_divide(X2,X3))),double_divide(X4,double_divide(inverse(inverse(double_divide(double_divide(inverse(X5),X5),double_divide(X2,X6)))),X4))))) = inverse(double_divide(double_divide(inverse(X7),inverse(double_divide(X7,X6))),X3)) [forward demodulation 35580,35169]
36057. inverse(double_divide(X7,inverse(double_divide(inverse(double_divide(X5,double_divide(X8,X3))),double_divide(X9,double_divide(X8,X9)))))) = inverse(double_divide(X7,double_divide(inverse(double_divide(double_divide(inverse(X2),X2),X3)),double_divide(X4,double_divide(inverse(X5),X4))))) [forward demodulation 35584,31484]
36060. double_divide(inverse(double_divide(inverse(inverse(X1)),double_divide(inverse(inverse(X4)),inverse(X2)))),inverse(double_divide(double_divide(inverse(X0),X0),inverse(X6)))) = inverse(double_divide(X6,double_divide(inverse(double_divide(X1,inverse(double_divide(X8,double_divide(X7,X8))))),inverse(inverse(double_divide(X4,double_divide(X7,X2))))))) [forward demodulation 35589,31651]
36070. double_divide(inverse(inverse(X1)),inverse(double_divide(double_divide(inverse(X0),X0),inverse(X3)))) = inverse(double_divide(inverse(double_divide(X3,double_divide(inverse(X4),X1))),double_divide(inverse(double_divide(inverse(double_divide(X4,X5)),inverse(X7))),inverse(double_divide(inverse(double_divide(X7,double_divide(X8,X5))),X8))))) [forward demodulation 35615,33753]
36072. inverse(double_divide(double_divide(inverse(inverse(X6)),inverse(double_divide(double_divide(inverse(X0),X0),inverse(X5)))),X3)) = double_divide(inverse(X1),inverse(double_divide(inverse(double_divide(X1,double_divide(X2,X3))),inverse(inverse(double_divide(X5,double_divide(X2,X6))))))) [forward demodulation 35618,33753]
36089. double_divide(inverse(inverse(double_divide(X1,X2))),inverse(double_divide(double_divide(inverse(X0),X0),inverse(inverse(double_divide(X4,double_divide(X1,X5))))))) = inverse(double_divide(double_divide(inverse(X6),inverse(double_divide(inverse(double_divide(X6,X5)),inverse(X4)))),X2)) [forward demodulation 35671,33753]
36097. double_divide(inverse(inverse(X3)),inverse(double_divide(inverse(X5),inverse(X1)))) = inverse(double_divide(inverse(double_divide(X1,X5)),inverse(X3))) [forward demodulation 35693,35692]
36104. double_divide(inverse(double_divide(inverse(inverse(X3)),inverse(double_divide(inverse(X3),X5)))),inverse(double_divide(inverse(X5),inverse(X1)))) = X1 [forward demodulation 35707,31297]
36109. inverse(double_divide(inverse(double_divide(X6,inverse(double_divide(inverse(double_divide(X4,double_divide(X7,X2))),double_divide(X8,double_divide(X7,X8)))))),double_divide(X9,double_divide(inverse(X1),X9)))) = inverse(double_divide(X6,double_divide(inverse(double_divide(X1,X2)),double_divide(X3,double_divide(inverse(X4),X3))))) [forward demodulation 35716,34533]
36111. inverse(double_divide(X1,double_divide(inverse(double_divide(inverse(double_divide(inverse(double_divide(X2,double_divide(X3,X4))),X3)),inverse(X0))),inverse(inverse(X0))))) = double_divide(inverse(inverse(X2)),inverse(double_divide(inverse(X4),inverse(X1)))) [forward demodulation 35718,33753]
36147. inverse(double_divide(inverse(double_divide(X1,X2)),double_divide(X3,double_divide(inverse(X4),X3)))) = inverse(double_divide(X1,double_divide(inverse(double_divide(X4,double_divide(X6,X2))),X6))) [forward demodulation 35824,31654]
36149. inverse(double_divide(inverse(double_divide(X1,X2)),inverse(X4))) = inverse(double_divide(X1,double_divide(X4,double_divide(X6,double_divide(inverse(X2),X6))))) [forward demodulation 35828,33753]
36164. inverse(double_divide(inverse(double_divide(X1,double_divide(X2,inverse(double_divide(inverse(double_divide(X3,X4)),double_divide(X5,double_divide(inverse(X6),X5))))))),double_divide(X7,double_divide(X2,X7)))) = inverse(double_divide(X1,double_divide(X3,double_divide(X6,double_divide(X8,double_divide(inverse(X4),X8)))))) [forward demodulation 35860,29613]
36175. inverse(double_divide(inverse(double_divide(X3,double_divide(inverse(X4),X1))),double_divide(inverse(double_divide(inverse(double_divide(X4,X5)),double_divide(X6,double_divide(inverse(X7),X6)))),inverse(double_divide(inverse(double_divide(X7,double_divide(X8,X5))),X8))))) = inverse(double_divide(X3,double_divide(X1,double_divide(inverse(X0),X0)))) [forward demodulation 35871,33753]
36181. double_divide(inverse(X1),inverse(double_divide(inverse(double_divide(X1,double_divide(inverse(X2),X3))),inverse(X5)))) = inverse(double_divide(double_divide(inverse(X6),inverse(double_divide(inverse(double_divide(X6,X2)),double_divide(X7,double_divide(inverse(X5),X7))))),X3)) [forward demodulation 35879,33753]
36182. inverse(double_divide(X4,double_divide(inverse(X2),X5))) = inverse(double_divide(double_divide(inverse(X6),inverse(double_divide(inverse(double_divide(X6,X5)),double_divide(X7,double_divide(inverse(X4),X7))))),X2)) [forward demodulation 35880,33753]
36190. inverse(double_divide(X1,inverse(X2))) = double_divide(inverse(X8),inverse(double_divide(inverse(double_divide(X8,X2)),inverse(X1)))) [forward demodulation 35896,33753]
36192. inverse(double_divide(inverse(double_divide(X1,X2)),inverse(X4))) = inverse(double_divide(X1,double_divide(X4,inverse(X2)))) [forward demodulation 35899,33753]
36194. double_divide(inverse(inverse(X3)),inverse(double_divide(inverse(X4),double_divide(X9,double_divide(inverse(X1),X9))))) = inverse(double_divide(X1,double_divide(X3,double_divide(inverse(double_divide(inverse(double_divide(X4,double_divide(X5,X6))),X5)),X6)))) [forward demodulation 35901,33753]
36200. inverse(double_divide(X1,double_divide(inverse(double_divide(X3,X4)),double_divide(X5,double_divide(inverse(X6),X5))))) = double_divide(inverse(inverse(X3)),inverse(double_divide(double_divide(inverse(inverse(X6)),inverse(X4)),inverse(X1)))) [forward demodulation 35922,31422]
36202. inverse(double_divide(inverse(double_divide(X1,double_divide(X2,X3))),X2)) = double_divide(double_divide(inverse(X5),inverse(double_divide(inverse(double_divide(X5,X6)),inverse(X8)))),inverse(double_divide(inverse(double_divide(double_divide(inverse(double_divide(X8,double_divide(X9,X6))),double_divide(X10,double_divide(X9,X10))),X3)),inverse(X1)))) [forward demodulation 35924,33753]
36244. inverse(X3) = inverse(double_divide(inverse(double_divide(double_divide(inverse(X1),X1),double_divide(inverse(X2),X3))),inverse(X2))) [forward demodulation 36017,31243]
36249. double_divide(inverse(double_divide(X3,double_divide(inverse(X4),X5))),double_divide(inverse(double_divide(inverse(double_divide(X4,double_divide(X6,X7))),double_divide(X8,double_divide(X6,X8)))),X7)) = double_divide(inverse(inverse(X3)),inverse(X5)) [forward demodulation 36023,36015]
36265. inverse(double_divide(inverse(double_divide(double_divide(inverse(X1),X1),double_divide(X2,inverse(double_divide(inverse(double_divide(X3,X4)),double_divide(X5,double_divide(inverse(X6),X5))))))),double_divide(X7,double_divide(X2,X7)))) = inverse(inverse(double_divide(inverse(double_divide(X3,X4)),inverse(X6)))) [forward demodulation 36040,31718]
36268. double_divide(inverse(double_divide(X3,double_divide(X4,X5))),double_divide(X6,double_divide(X4,X6))) = double_divide(inverse(inverse(X3)),inverse(X5)) [forward demodulation 36043,36015]
36269. inverse(X3) = inverse(double_divide(inverse(double_divide(double_divide(inverse(X1),X1),double_divide(X2,X3))),X2)) [forward demodulation 36044,33753]
36272. double_divide(inverse(X1),inverse(double_divide(X1,X2))) = inverse(double_divide(inverse(double_divide(double_divide(inverse(X4),X4),double_divide(inverse(X5),X2))),double_divide(inverse(double_divide(inverse(double_divide(X5,X6)),inverse(X8))),inverse(double_divide(inverse(double_divide(X8,double_divide(X9,X6))),X9))))) [forward demodulation 36047,33753]
36278. double_divide(inverse(X1),inverse(double_divide(inverse(double_divide(X1,double_divide(X2,X3))),double_divide(X4,double_divide(inverse(inverse(double_divide(double_divide(inverse(X5),X5),double_divide(X2,X6)))),X4))))) = inverse(double_divide(inverse(X6),X3)) [forward demodulation 36053,29371]
36282. inverse(double_divide(X7,inverse(double_divide(inverse(double_divide(X5,double_divide(X8,X3))),double_divide(X9,double_divide(X8,X9)))))) = inverse(double_divide(X7,double_divide(X3,double_divide(X4,double_divide(inverse(X5),X4))))) [forward demodulation 36057,36015]
36285. inverse(double_divide(X6,double_divide(inverse(double_divide(X1,inverse(double_divide(X8,double_divide(X7,X8))))),inverse(inverse(double_divide(X4,double_divide(X7,X2))))))) = double_divide(inverse(double_divide(inverse(inverse(X1)),double_divide(inverse(inverse(X4)),inverse(X2)))),inverse(X6)) [forward demodulation 36060,36015]
36294. double_divide(inverse(inverse(X1)),inverse(X3)) = inverse(double_divide(inverse(double_divide(X3,double_divide(inverse(X4),X1))),double_divide(inverse(double_divide(inverse(double_divide(X4,X5)),inverse(X7))),inverse(double_divide(inverse(double_divide(X7,double_divide(X8,X5))),X8))))) [forward demodulation 36070,36015]
36296. double_divide(inverse(X1),inverse(double_divide(inverse(double_divide(X1,double_divide(X2,X3))),inverse(inverse(double_divide(X5,double_divide(X2,X6))))))) = inverse(double_divide(double_divide(inverse(inverse(X6)),inverse(X5)),X3)) [forward demodulation 36072,36015]
36310. inverse(double_divide(double_divide(inverse(X6),inverse(double_divide(inverse(double_divide(X6,X5)),inverse(X4)))),X2)) = double_divide(inverse(inverse(double_divide(X1,X2))),inverse(inverse(double_divide(X4,double_divide(X1,X5))))) [forward demodulation 36089,36015]
36315. double_divide(inverse(inverse(X5)),inverse(double_divide(inverse(X5),inverse(X1)))) = X1 [forward demodulation 36104,29371]
36318. inverse(double_divide(X6,double_divide(inverse(double_divide(X1,X2)),double_divide(X3,double_divide(inverse(X4),X3))))) = inverse(double_divide(X6,double_divide(inverse(double_divide(X1,inverse(double_divide(X8,double_divide(X7,X8))))),inverse(inverse(double_divide(X4,double_divide(X7,X2))))))) [forward demodulation 36109,31651]
36320. inverse(double_divide(X1,double_divide(inverse(double_divide(inverse(double_divide(inverse(double_divide(X2,double_divide(X3,X4))),X3)),inverse(X0))),inverse(inverse(X0))))) = inverse(double_divide(inverse(double_divide(X1,X4)),inverse(X2))) [forward demodulation 36111,36097]
36333. inverse(double_divide(inverse(double_divide(X1,X2)),inverse(X4))) = inverse(double_divide(X1,double_divide(inverse(double_divide(X4,double_divide(X6,X2))),X6))) [forward demodulation 36147,33753]
36337. inverse(double_divide(X1,double_divide(inverse(double_divide(X3,X4)),double_divide(X5,double_divide(inverse(X6),X5))))) = inverse(double_divide(X1,double_divide(X3,double_divide(X6,double_divide(X8,double_divide(inverse(X4),X8)))))) [forward demodulation 36164,31422]
36342. inverse(double_divide(X3,double_divide(X1,double_divide(inverse(X0),X0)))) = inverse(double_divide(inverse(double_divide(X3,double_divide(inverse(X4),X1))),double_divide(inverse(double_divide(inverse(double_divide(X4,X5)),inverse(X7))),inverse(double_divide(inverse(double_divide(X7,double_divide(X8,X5))),X8))))) [forward demodulation 36175,33753]
36343. double_divide(inverse(X1),inverse(double_divide(inverse(double_divide(X1,double_divide(inverse(X2),X3))),inverse(X5)))) = inverse(double_divide(double_divide(inverse(X6),inverse(double_divide(inverse(double_divide(X6,X2)),inverse(X5)))),X3)) [forward demodulation 36181,33753]
36344. inverse(double_divide(X4,double_divide(inverse(X2),X5))) = inverse(double_divide(double_divide(inverse(X6),inverse(double_divide(inverse(double_divide(X6,X5)),inverse(X4)))),X2)) [forward demodulation 36182,33753]
36351. double_divide(inverse(inverse(X3)),inverse(double_divide(inverse(X4),inverse(X1)))) = inverse(double_divide(X1,double_divide(X3,double_divide(inverse(double_divide(inverse(double_divide(X4,double_divide(X5,X6))),X5)),X6)))) [forward demodulation 36194,33753]
36356. double_divide(inverse(inverse(X3)),inverse(double_divide(double_divide(inverse(inverse(X6)),inverse(X4)),inverse(X1)))) = inverse(double_divide(inverse(double_divide(X1,X6)),inverse(inverse(double_divide(X3,X4))))) [forward demodulation 36200,36149]
36357. inverse(double_divide(inverse(double_divide(X1,double_divide(X2,X3))),X2)) = double_divide(double_divide(inverse(X5),inverse(double_divide(inverse(double_divide(X5,X6)),inverse(X8)))),inverse(double_divide(double_divide(inverse(double_divide(X8,double_divide(X9,X6))),double_divide(X10,double_divide(X9,X10))),double_divide(X1,inverse(X3))))) [forward demodulation 36202,36192]
36383. inverse(X3) = inverse(double_divide(double_divide(inverse(X1),X1),double_divide(X2,inverse(double_divide(inverse(X2),X3))))) [forward demodulation 36244,36192]
36386. double_divide(inverse(inverse(X3)),inverse(X5)) = double_divide(inverse(double_divide(X3,double_divide(inverse(X4),X5))),double_divide(inverse(double_divide(inverse(double_divide(X4,double_divide(X6,X7))),X6)),X7)) [forward demodulation 36249,33753]
36396. inverse(double_divide(inverse(double_divide(double_divide(inverse(X1),X1),double_divide(X2,inverse(double_divide(inverse(double_divide(X3,X4)),double_divide(X5,double_divide(inverse(X6),X5))))))),double_divide(X7,double_divide(X2,X7)))) = inverse(inverse(double_divide(X3,double_divide(X6,inverse(X4))))) [forward demodulation 36265,36192]
36398. inverse(X3) = inverse(double_divide(double_divide(X2,X3),X2)) [forward demodulation 36269,36015]
36401. double_divide(inverse(X1),inverse(double_divide(X1,X2))) = inverse(double_divide(inverse(double_divide(double_divide(inverse(X4),X4),double_divide(inverse(X5),X2))),double_divide(inverse(double_divide(X5,double_divide(X8,inverse(X6)))),inverse(double_divide(inverse(double_divide(X8,double_divide(X9,X6))),X9))))) [forward demodulation 36272,36192]
36407. inverse(double_divide(inverse(X6),X3)) = double_divide(inverse(X1),inverse(double_divide(inverse(double_divide(X1,double_divide(X2,X3))),inverse(inverse(double_divide(double_divide(inverse(X5),X5),double_divide(X2,X6))))))) [forward demodulation 36278,33753]
36411. inverse(double_divide(X7,inverse(double_divide(inverse(double_divide(X5,double_divide(X8,X3))),double_divide(X9,double_divide(X8,X9)))))) = inverse(double_divide(inverse(double_divide(X7,X5)),inverse(X3))) [forward demodulation 36282,36149]
36421. double_divide(inverse(inverse(X1)),inverse(X3)) = inverse(double_divide(inverse(double_divide(X3,double_divide(inverse(X4),X1))),double_divide(inverse(double_divide(X4,double_divide(X7,inverse(X5)))),inverse(double_divide(inverse(double_divide(X7,double_divide(X8,X5))),X8))))) [forward demodulation 36294,36192]
36423. inverse(double_divide(double_divide(inverse(inverse(X6)),inverse(X5)),X3)) = inverse(double_divide(inverse(double_divide(X5,double_divide(X2,X6))),inverse(double_divide(X2,X3)))) [forward demodulation 36296,36190]
36437. inverse(double_divide(double_divide(inverse(X6),inverse(double_divide(inverse(double_divide(X6,X5)),inverse(X4)))),X2)) = inverse(inverse(double_divide(double_divide(X1,X2),double_divide(X4,double_divide(X1,X5))))) [forward demodulation 36310,31311]
36439. inverse(inverse(X1)) = X1 [forward demodulation 36315,29371]
36442. inverse(double_divide(X6,double_divide(inverse(double_divide(X1,X2)),double_divide(X3,double_divide(inverse(X4),X3))))) = double_divide(inverse(double_divide(inverse(inverse(X1)),double_divide(inverse(inverse(X4)),inverse(X2)))),inverse(X6)) [forward demodulation 36318,36285]
36444. inverse(double_divide(X1,double_divide(inverse(double_divide(inverse(double_divide(inverse(double_divide(X2,double_divide(X3,X4))),X3)),inverse(X0))),inverse(inverse(X0))))) = inverse(double_divide(X1,double_divide(X2,inverse(X4)))) [forward demodulation 36320,36192]
36451. inverse(double_divide(X1,double_divide(X4,inverse(X2)))) = inverse(double_divide(X1,double_divide(inverse(double_divide(X4,double_divide(X6,X2))),X6))) [forward demodulation 36333,36192]
36455. inverse(double_divide(X1,double_divide(X3,double_divide(X6,double_divide(X8,double_divide(inverse(X4),X8)))))) = inverse(double_divide(inverse(double_divide(X1,X6)),inverse(inverse(double_divide(X3,X4))))) [forward demodulation 36337,36149]
36459. inverse(double_divide(X3,double_divide(X1,double_divide(inverse(X0),X0)))) = inverse(double_divide(inverse(double_divide(X3,double_divide(inverse(X4),X1))),double_divide(inverse(double_divide(X4,double_divide(X7,inverse(X5)))),inverse(double_divide(inverse(double_divide(X7,double_divide(X8,X5))),X8))))) [forward demodulation 36342,36192]
36460. double_divide(inverse(X1),inverse(double_divide(inverse(double_divide(X1,double_divide(inverse(X2),X3))),inverse(X5)))) = inverse(double_divide(inverse(double_divide(X5,inverse(X2))),X3)) [forward demodulation 36343,36190]
36461. inverse(double_divide(X4,double_divide(inverse(X2),X5))) = inverse(double_divide(inverse(double_divide(X4,inverse(X5))),X2)) [forward demodulation 36344,36190]
36468. inverse(double_divide(X1,double_divide(X3,double_divide(inverse(double_divide(inverse(double_divide(X4,double_divide(X5,X6))),X5)),X6)))) = inverse(double_divide(inverse(double_divide(X1,X4)),inverse(X3))) [forward demodulation 36351,36097]
36471. double_divide(inverse(inverse(X3)),inverse(double_divide(double_divide(inverse(inverse(X6)),inverse(X4)),inverse(X1)))) = inverse(double_divide(X1,double_divide(inverse(double_divide(X3,X4)),inverse(X6)))) [forward demodulation 36356,36192]
36472. inverse(double_divide(X1,inverse(X3))) = inverse(double_divide(inverse(double_divide(X1,double_divide(X2,X3))),X2)) [forward demodulation 36357,31703]
36492. inverse(X3) = double_divide(X2,inverse(double_divide(inverse(X2),X3))) [forward demodulation 36383,36015]
36496. inverse(inverse(double_divide(X3,double_divide(X6,inverse(X4))))) = inverse(double_divide(double_divide(inverse(X1),X1),double_divide(inverse(double_divide(X3,X4)),double_divide(X5,double_divide(inverse(X6),X5))))) [forward demodulation 36396,31422]
36500. double_divide(inverse(X1),inverse(double_divide(X1,X2))) = inverse(double_divide(double_divide(inverse(X5),X2),double_divide(inverse(double_divide(X5,double_divide(X8,inverse(X6)))),inverse(double_divide(inverse(double_divide(X8,double_divide(X9,X6))),X9))))) [forward demodulation 36401,36015]
36502. inverse(double_divide(inverse(X6),X3)) = inverse(double_divide(inverse(double_divide(double_divide(inverse(X5),X5),double_divide(X2,X6))),inverse(double_divide(X2,X3)))) [forward demodulation 36407,36190]
36505. inverse(double_divide(X7,inverse(double_divide(inverse(double_divide(X5,double_divide(X8,X3))),double_divide(X9,double_divide(X8,X9)))))) = inverse(double_divide(X7,double_divide(X3,inverse(X5)))) [forward demodulation 36411,36192]
36509. inverse(double_divide(double_divide(inverse(inverse(X6)),inverse(X5)),X3)) = inverse(double_divide(X5,double_divide(double_divide(X2,X3),inverse(double_divide(X2,X6))))) [forward demodulation 36423,36192]
36519. inverse(inverse(double_divide(double_divide(X1,X2),double_divide(X4,double_divide(X1,X5))))) = inverse(double_divide(inverse(double_divide(X4,inverse(X5))),X2)) [forward demodulation 36437,36190]
36523. inverse(double_divide(X6,double_divide(inverse(double_divide(X1,X2)),double_divide(X3,double_divide(inverse(X4),X3))))) = double_divide(inverse(double_divide(inverse(inverse(X1)),double_divide(X4,inverse(X2)))),inverse(X6)) [forward demodulation 36442,36439]
36525. inverse(double_divide(X1,double_divide(X2,inverse(X4)))) = inverse(double_divide(X1,double_divide(inverse(double_divide(inverse(double_divide(inverse(double_divide(X2,double_divide(X3,X4))),X3)),inverse(X0))),X0))) [forward demodulation 36444,36439]
36533. inverse(double_divide(X1,double_divide(X3,double_divide(X6,double_divide(X8,double_divide(inverse(X4),X8)))))) = inverse(double_divide(X1,double_divide(inverse(double_divide(X3,X4)),inverse(X6)))) [forward demodulation 36455,36192]
36537. double_divide(inverse(inverse(X1)),inverse(X3)) = inverse(double_divide(X3,double_divide(X1,double_divide(inverse(X0),X0)))) [forward demodulation 36459,36421]
36538. inverse(double_divide(inverse(double_divide(X5,inverse(X2))),X3)) = inverse(double_divide(X5,inverse(double_divide(inverse(X2),X3)))) [forward demodulation 36460,36190]
36544. inverse(double_divide(X1,double_divide(X3,inverse(X4)))) = inverse(double_divide(X1,double_divide(X3,double_divide(inverse(double_divide(inverse(double_divide(X4,double_divide(X5,X6))),X5)),X6)))) [forward demodulation 36468,36192]
36546. inverse(double_divide(X1,double_divide(inverse(double_divide(X3,X4)),inverse(X6)))) = double_divide(inverse(inverse(X3)),inverse(double_divide(double_divide(X6,inverse(X4)),inverse(X1)))) [forward demodulation 36471,36439]
36565. double_divide(inverse(double_divide(X3,X4)),double_divide(X5,double_divide(inverse(X6),X5))) = inverse(inverse(double_divide(X3,double_divide(X6,inverse(X4))))) [forward demodulation 36496,36015]
36569. double_divide(inverse(X1),inverse(double_divide(X1,X2))) = inverse(double_divide(double_divide(inverse(X5),X2),double_divide(inverse(double_divide(X5,double_divide(X8,inverse(X6)))),inverse(double_divide(X8,inverse(X6)))))) [forward demodulation 36500,36472]
36570. inverse(double_divide(inverse(X6),X3)) = inverse(double_divide(double_divide(inverse(X5),X5),double_divide(double_divide(X2,X3),inverse(double_divide(X2,X6))))) [forward demodulation 36502,36192]
36572. inverse(double_divide(X7,inverse(double_divide(inverse(double_divide(X5,double_divide(X8,X3))),X8)))) = inverse(double_divide(X7,double_divide(X3,inverse(X5)))) [forward demodulation 36505,33753]
36576. inverse(double_divide(X5,double_divide(double_divide(X2,X3),inverse(double_divide(X2,X6))))) = inverse(double_divide(double_divide(X6,inverse(X5)),X3)) [forward demodulation 36509,36439]
36582. inverse(double_divide(X4,double_divide(inverse(X2),X5))) = inverse(inverse(double_divide(double_divide(X1,X2),double_divide(X4,double_divide(X1,X5))))) [forward demodulation 36519,36461]
36586. inverse(double_divide(X6,double_divide(inverse(double_divide(X1,X2)),double_divide(X3,double_divide(inverse(X4),X3))))) = double_divide(inverse(double_divide(X1,double_divide(X4,inverse(X2)))),inverse(X6)) [forward demodulation 36523,36439]
36588. inverse(double_divide(X1,double_divide(X2,inverse(X4)))) = inverse(double_divide(X1,double_divide(inverse(double_divide(inverse(double_divide(X2,double_divide(X3,X4))),double_divide(X0,inverse(X3)))),X0))) [forward demodulation 36525,36192]
36599. double_divide(X1,inverse(X3)) = inverse(double_divide(X3,double_divide(X1,double_divide(inverse(X0),X0)))) [forward demodulation 36537,36439]
36600. inverse(double_divide(X5,inverse(double_divide(inverse(X2),X3)))) = inverse(double_divide(X5,double_divide(inverse(X3),X2))) [forward demodulation 36538,36461]
36602. inverse(double_divide(X1,double_divide(X3,inverse(X4)))) = inverse(double_divide(X1,double_divide(X3,double_divide(inverse(double_divide(X4,inverse(X6))),X6)))) [forward demodulation 36544,36472]
36603. inverse(double_divide(X1,double_divide(inverse(double_divide(X3,X4)),inverse(X6)))) = double_divide(X3,inverse(double_divide(double_divide(X6,inverse(X4)),inverse(X1)))) [forward demodulation 36546,36439]
36614. double_divide(inverse(double_divide(X3,X4)),double_divide(X5,double_divide(inverse(X6),X5))) = double_divide(X3,double_divide(X6,inverse(X4))) [forward demodulation 36565,36439]
36617. inverse(X2) = inverse(double_divide(double_divide(inverse(X5),X2),double_divide(inverse(double_divide(X5,double_divide(X8,inverse(X6)))),inverse(double_divide(X8,inverse(X6)))))) [forward demodulation 36569,29371]
36618. inverse(double_divide(inverse(X6),X3)) = double_divide(double_divide(X2,X3),inverse(double_divide(X2,X6))) [forward demodulation 36570,36015]
36620. inverse(double_divide(X7,double_divide(X3,inverse(X5)))) = inverse(double_divide(X7,inverse(double_divide(X5,inverse(X3))))) [forward demodulation 36572,36472]
36627. inverse(double_divide(X4,double_divide(inverse(X2),X5))) = double_divide(double_divide(X1,X2),double_divide(X4,double_divide(X1,X5))) [forward demodulation 36582,36439]
36629. double_divide(inverse(double_divide(X1,double_divide(X4,inverse(X2)))),inverse(X6)) = inverse(double_divide(inverse(double_divide(X6,X4)),inverse(inverse(double_divide(X1,X2))))) [forward demodulation 36586,36149]
36631. inverse(double_divide(X1,double_divide(X2,inverse(X4)))) = inverse(double_divide(X1,double_divide(inverse(double_divide(X2,double_divide(X3,X4))),inverse(inverse(X3))))) [forward demodulation 36588,36451]
36647. inverse(X2) = double_divide(X5,inverse(double_divide(double_divide(double_divide(X8,inverse(X6)),inverse(double_divide(X8,inverse(X6)))),inverse(double_divide(inverse(X5),X2))))) [forward demodulation 36617,36603]
36654. double_divide(inverse(double_divide(X1,double_divide(X4,inverse(X2)))),inverse(X6)) = inverse(double_divide(X6,double_divide(inverse(double_divide(X1,X2)),inverse(X4)))) [forward demodulation 36629,36192]
36656. inverse(double_divide(X1,double_divide(X2,inverse(X4)))) = double_divide(X2,inverse(double_divide(double_divide(inverse(X3),inverse(double_divide(X3,X4))),inverse(X1)))) [forward demodulation 36631,36603]
36667. inverse(X2) = double_divide(X5,inverse(double_divide(double_divide(double_divide(X8,inverse(X6)),inverse(double_divide(X8,inverse(X6)))),double_divide(inverse(X2),X5)))) [forward demodulation 36647,36600]
36670. double_divide(inverse(double_divide(X1,double_divide(X4,inverse(X2)))),inverse(X6)) = double_divide(X1,inverse(double_divide(double_divide(X4,inverse(X2)),inverse(X6)))) [forward demodulation 36654,36603]
36672. inverse(double_divide(X1,double_divide(X2,inverse(X4)))) = double_divide(X2,inverse(double_divide(inverse(X4),inverse(X1)))) [forward demodulation 36656,29371]
36676. inverse(X2) = double_divide(X5,inverse(double_divide(inverse(double_divide(inverse(inverse(X6)),inverse(X6))),double_divide(inverse(X2),X5)))) [forward demodulation 36667,36618]
36679. inverse(X2) = double_divide(X5,inverse(double_divide(inverse(inverse(X6)),double_divide(inverse(double_divide(inverse(X2),X5)),X6)))) [forward demodulation 36676,36461]
36681. inverse(X2) = double_divide(X5,inverse(double_divide(X6,double_divide(inverse(double_divide(inverse(X2),X5)),X6)))) [forward demodulation 36679,36439]
36683. inverse(X2) = double_divide(X5,double_divide(inverse(X2),X5)) [forward demodulation 36681,35155]
36726. double_divide(inverse(X15),inverse(double_divide(inverse(double_divide(X15,X13)),double_divide(X16,double_divide(double_divide(inverse(X17),inverse(double_divide(inverse(double_divide(X17,inverse(double_divide(inverse(X4),double_divide(X10,double_divide(inverse(X0),X10)))))),double_divide(X18,double_divide(inverse(X9),X18))))),X16))))) = inverse(double_divide(inverse(double_divide(double_divide(inverse(double_divide(X9,inverse(double_divide(inverse(double_divide(X0,double_divide(X1,inverse(double_divide(inverse(double_divide(X2,double_divide(inverse(X3),X4))),double_divide(inverse(double_divide(inverse(double_divide(X3,double_divide(X5,X6))),double_divide(X7,double_divide(X5,X7)))),X6)))))),double_divide(X8,double_divide(X1,X8)))))),double_divide(X11,double_divide(inverse(inverse(X2)),X11))),double_divide(X12,X13))),double_divide(X14,double_divide(X12,X14)))) [superposition 15,46]
36755. double_divide(inverse(X8),inverse(double_divide(inverse(double_divide(X8,X6)),double_divide(X9,double_divide(double_divide(inverse(X10),inverse(double_divide(inverse(double_divide(X10,inverse(double_divide(double_divide(X2,X1),double_divide(X3,double_divide(X2,X3)))))),double_divide(X11,double_divide(inverse(inverse(X0)),X11))))),X9))))) = inverse(double_divide(inverse(double_divide(double_divide(inverse(X0),double_divide(X4,double_divide(X1,X4))),double_divide(X5,X6))),double_divide(X7,double_divide(X5,X7)))) [superposition 15,4043]
36773. double_divide(inverse(X8),inverse(double_divide(inverse(double_divide(X8,X6)),double_divide(X9,double_divide(double_divide(inverse(X10),inverse(double_divide(inverse(double_divide(X10,double_divide(X2,inverse(X3)))),double_divide(X11,double_divide(inverse(double_divide(X2,X1)),X11))))),X9))))) = inverse(double_divide(inverse(double_divide(double_divide(inverse(double_divide(X0,double_divide(X1,X0))),double_divide(X4,double_divide(inverse(X3),X4))),double_divide(X5,X6))),double_divide(X7,double_divide(X5,X7)))) [superposition 15,234]
36787. inverse(double_divide(inverse(double_divide(double_divide(X0,double_divide(X4,double_divide(X3,X4))),double_divide(X5,X6))),double_divide(X7,double_divide(X5,X7)))) = double_divide(inverse(X8),inverse(double_divide(inverse(double_divide(X8,X6)),double_divide(X9,double_divide(double_divide(inverse(X10),inverse(double_divide(inverse(double_divide(X10,double_divide(X0,X3))),double_divide(X11,double_divide(inverse(inverse(double_divide(X1,double_divide(X2,double_divide(inverse(X1),X2))))),X11))))),X9))))) [superposition 15,293]
36792. double_divide(inverse(X14),inverse(double_divide(inverse(double_divide(X14,X12)),double_divide(X15,double_divide(double_divide(inverse(X16),inverse(double_divide(inverse(double_divide(X16,double_divide(inverse(X1),X9))),double_divide(X17,double_divide(inverse(inverse(double_divide(X8,X3))),X17))))),X15))))) = inverse(double_divide(inverse(double_divide(double_divide(double_divide(inverse(X0),inverse(double_divide(inverse(double_divide(X0,inverse(double_divide(inverse(double_divide(X1,double_divide(inverse(X2),X3))),double_divide(inverse(double_divide(inverse(double_divide(X2,double_divide(X4,X5))),double_divide(X6,double_divide(X4,X6)))),X5))))),double_divide(X7,double_divide(inverse(X8),X7))))),double_divide(X10,double_divide(X9,X10))),double_divide(X11,X12))),double_divide(X13,double_divide(X11,X13)))) [superposition 15,47]
36811. double_divide(inverse(X8),inverse(double_divide(inverse(double_divide(X8,X6)),double_divide(X9,double_divide(double_divide(inverse(X10),inverse(double_divide(inverse(double_divide(X10,double_divide(X2,X3))),double_divide(X11,double_divide(inverse(X0),X11))))),X9))))) = inverse(double_divide(inverse(double_divide(double_divide(inverse(double_divide(X0,double_divide(X1,double_divide(X2,X1)))),double_divide(X4,double_divide(X3,X4))),double_divide(X5,X6))),double_divide(X7,double_divide(X5,X7)))) [superposition 15,17231]
36849. double_divide(inverse(X9),inverse(double_divide(inverse(double_divide(X9,X7)),double_divide(X10,double_divide(double_divide(inverse(X11),inverse(double_divide(inverse(double_divide(X11,X2)),double_divide(X12,double_divide(inverse(X1),X12))))),X10))))) = inverse(double_divide(inverse(double_divide(double_divide(inverse(double_divide(X1,double_divide(inverse(X0),X2))),double_divide(double_divide(X3,inverse(double_divide(double_divide(X4,X3),double_divide(X5,double_divide(X4,X5))))),X0)),double_divide(X6,X7))),double_divide(X8,double_divide(X6,X8)))) [superposition 15,4043]
36909. inverse(double_divide(inverse(double_divide(double_divide(inverse(double_divide(X1,double_divide(X2,X3))),double_divide(X4,double_divide(X2,X4))),X0)),double_divide(X10,double_divide(inverse(X5),X10)))) = double_divide(inverse(X11),inverse(double_divide(inverse(double_divide(X11,inverse(double_divide(inverse(double_divide(X5,double_divide(inverse(X6),X0))),double_divide(double_divide(inverse(X7),inverse(double_divide(inverse(double_divide(X7,X8)),double_divide(X9,double_divide(inverse(X6),X9))))),X8))))),double_divide(X12,double_divide(double_divide(inverse(X13),inverse(double_divide(inverse(double_divide(X13,X3)),double_divide(X14,double_divide(inverse(X1),X14))))),X12))))) [superposition 15,42]
36963. double_divide(inverse(X9),inverse(double_divide(inverse(double_divide(X9,inverse(double_divide(X1,double_divide(X6,inverse(double_divide(X7,double_divide(X6,X7)))))))),double_divide(X10,double_divide(double_divide(inverse(X11),inverse(double_divide(inverse(double_divide(X11,X4)),double_divide(X12,double_divide(inverse(X2),X12))))),X10))))) = inverse(double_divide(inverse(double_divide(double_divide(inverse(double_divide(X2,double_divide(X3,X4))),double_divide(X5,double_divide(X3,X5))),double_divide(X0,X1))),double_divide(X8,double_divide(X0,X8)))) [superposition 15,5812]
36969. double_divide(inverse(X9),inverse(double_divide(inverse(double_divide(X9,X1)),double_divide(X10,double_divide(double_divide(inverse(X11),inverse(double_divide(inverse(double_divide(X11,X4)),double_divide(X12,double_divide(inverse(X2),X12))))),X10))))) = inverse(double_divide(inverse(double_divide(double_divide(inverse(double_divide(X2,double_divide(X3,X4))),double_divide(X5,double_divide(X3,X5))),double_divide(X0,double_divide(inverse(X1),X0)))),double_divide(X8,double_divide(double_divide(X6,inverse(double_divide(X7,double_divide(X6,X7)))),X8)))) [superposition 15,4170]
36974. double_divide(inverse(X7),inverse(double_divide(inverse(double_divide(X7,double_divide(inverse(double_divide(X3,double_divide(X2,X4))),inverse(X5)))),double_divide(X8,double_divide(double_divide(inverse(X9),inverse(double_divide(inverse(double_divide(X9,X4)),double_divide(X10,double_divide(inverse(X3),X10))))),X8))))) = inverse(double_divide(inverse(double_divide(X0,double_divide(double_divide(X1,double_divide(X2,X1)),X0))),double_divide(X6,double_divide(inverse(X5),X6)))) [superposition 15,234]
36986. double_divide(inverse(X7),inverse(double_divide(inverse(double_divide(X7,double_divide(inverse(double_divide(X3,double_divide(X2,X4))),X5))),double_divide(X8,double_divide(double_divide(inverse(X9),inverse(double_divide(inverse(double_divide(X9,X4)),double_divide(X10,double_divide(inverse(X3),X10))))),X8))))) = inverse(double_divide(inverse(double_divide(X0,double_divide(double_divide(X1,double_divide(X2,X1)),X0))),double_divide(X6,double_divide(X5,X6)))) [superposition 15,7256]
36998. double_divide(inverse(X8),inverse(double_divide(inverse(double_divide(X8,double_divide(X5,X6))),double_divide(X9,double_divide(double_divide(inverse(X10),inverse(double_divide(inverse(double_divide(X10,X2)),double_divide(X11,double_divide(inverse(X0),X11))))),X9))))) = inverse(double_divide(inverse(double_divide(double_divide(inverse(double_divide(X0,double_divide(X1,X2))),double_divide(X3,double_divide(X1,X3))),double_divide(X4,double_divide(X5,X4)))),double_divide(X7,double_divide(X6,X7)))) [superposition 15,17231]
37091. double_divide(inverse(X0),inverse(double_divide(inverse(double_divide(X0,X1)),double_divide(X2,double_divide(double_divide(inverse(X3),inverse(double_divide(inverse(double_divide(X3,X4)),double_divide(X5,double_divide(inverse(X6),X5))))),X2))))) = double_divide(inverse(X11),inverse(double_divide(inverse(double_divide(X11,X1)),double_divide(X12,double_divide(double_divide(inverse(X13),inverse(double_divide(inverse(double_divide(X13,X4)),double_divide(X14,double_divide(inverse(X6),X14))))),X12))))) [superposition 15,15]
37153. double_divide(inverse(inverse(X6)),inverse(double_divide(inverse(X0),double_divide(X16,double_divide(double_divide(inverse(X17),inverse(double_divide(inverse(double_divide(X17,X3)),double_divide(X18,double_divide(inverse(X1),X18))))),X16))))) = inverse(double_divide(inverse(double_divide(double_divide(inverse(double_divide(X1,double_divide(X2,X3))),double_divide(X4,double_divide(X2,X4))),double_divide(X5,inverse(double_divide(inverse(double_divide(X6,double_divide(inverse(X7),X0))),double_divide(inverse(double_divide(inverse(double_divide(X7,double_divide(inverse(X8),X9))),double_divide(inverse(double_divide(inverse(double_divide(X8,double_divide(inverse(X10),X11))),double_divide(inverse(double_divide(inverse(double_divide(X10,double_divide(X12,X13))),double_divide(X14,double_divide(X12,X14)))),X13))),X11))),X9)))))),double_divide(X15,double_divide(X5,X15)))) [superposition 15,41]
37193. inverse(double_divide(inverse(double_divide(double_divide(inverse(double_divide(X7,double_divide(X8,X9))),double_divide(X10,double_divide(X8,X10))),double_divide(X11,inverse(double_divide(inverse(X4),double_divide(X12,double_divide(inverse(X0),X12))))))),double_divide(X13,double_divide(X11,X13)))) = double_divide(inverse(inverse(inverse(X2))),inverse(double_divide(inverse(inverse(double_divide(inverse(double_divide(X0,double_divide(X1,inverse(double_divide(inverse(double_divide(X2,double_divide(X3,X4))),double_divide(X5,double_divide(X3,X5))))))),double_divide(X6,double_divide(X1,X6))))),double_divide(X14,double_divide(double_divide(inverse(X15),inverse(double_divide(inverse(double_divide(X15,X9)),double_divide(X16,double_divide(inverse(X7),X16))))),X14))))) [superposition 15,12]
37208. inverse(double_divide(inverse(double_divide(double_divide(inverse(double_divide(X2,double_divide(X3,X4))),double_divide(X5,double_divide(X3,X5))),double_divide(X6,inverse(double_divide(X1,double_divide(X7,inverse(double_divide(X8,double_divide(X7,X8))))))))),double_divide(X9,double_divide(X6,X9)))) = double_divide(inverse(X0),inverse(double_divide(inverse(double_divide(X0,X1)),double_divide(X10,double_divide(double_divide(inverse(X11),inverse(double_divide(inverse(double_divide(X11,X4)),double_divide(X12,double_divide(inverse(X2),X12))))),X10))))) [superposition 15,5812]
37239. inverse(double_divide(inverse(double_divide(double_divide(inverse(double_divide(X2,double_divide(X3,X4))),double_divide(X5,double_divide(X3,X5))),double_divide(X6,double_divide(X1,inverse(X7))))),double_divide(X8,double_divide(X6,X8)))) = double_divide(inverse(inverse(X7)),inverse(double_divide(inverse(double_divide(X0,double_divide(X1,X0))),double_divide(X9,double_divide(double_divide(inverse(X10),inverse(double_divide(inverse(double_divide(X10,X4)),double_divide(X11,double_divide(inverse(X2),X11))))),X9))))) [superposition 15,7259]
37245. inverse(double_divide(inverse(double_divide(double_divide(inverse(double_divide(X3,double_divide(X4,X5))),double_divide(X6,double_divide(X4,X6))),double_divide(X7,double_divide(X2,X8)))),double_divide(X9,double_divide(X7,X9)))) = double_divide(inverse(X8),inverse(double_divide(double_divide(inverse(X0),inverse(double_divide(X0,double_divide(X1,double_divide(X2,X1))))),double_divide(X10,double_divide(double_divide(inverse(X11),inverse(double_divide(inverse(double_divide(X11,X5)),double_divide(X12,double_divide(inverse(X3),X12))))),X10))))) [superposition 15,7266]
37330. double_divide(inverse(X10),inverse(double_divide(inverse(double_divide(X10,X8)),double_divide(X11,double_divide(double_divide(inverse(inverse(X0)),inverse(double_divide(inverse(X0),double_divide(X12,double_divide(inverse(X1),X12))))),X11))))) = inverse(double_divide(inverse(double_divide(double_divide(inverse(double_divide(X1,double_divide(X2,double_divide(X3,double_divide(inverse(X4),inverse(double_divide(X4,double_divide(X5,double_divide(X3,X5))))))))),double_divide(X6,double_divide(X2,X6))),double_divide(X7,X8))),double_divide(X9,double_divide(X7,X9)))) [superposition 15,15682]
37335. inverse(double_divide(inverse(double_divide(double_divide(inverse(double_divide(X9,double_divide(X10,inverse(double_divide(inverse(X4),double_divide(X11,double_divide(inverse(X0),X11))))))),double_divide(X12,double_divide(X10,X12))),double_divide(X13,X14))),double_divide(X15,double_divide(X13,X15)))) = double_divide(inverse(X16),inverse(double_divide(inverse(double_divide(X16,X14)),double_divide(X17,double_divide(double_divide(inverse(inverse(inverse(X2))),inverse(double_divide(inverse(inverse(double_divide(inverse(double_divide(X0,double_divide(X1,inverse(double_divide(inverse(double_divide(X2,double_divide(inverse(X3),X4))),double_divide(inverse(double_divide(inverse(double_divide(X3,double_divide(X5,X6))),double_divide(X7,double_divide(X5,X7)))),X6)))))),double_divide(X8,double_divide(X1,X8))))),double_divide(X18,double_divide(inverse(X9),X18))))),X17))))) [superposition 15,46]
37374. inverse(double_divide(inverse(double_divide(double_divide(inverse(double_divide(X4,double_divide(X5,double_divide(inverse(double_divide(inverse(double_divide(X6,double_divide(X7,X8))),double_divide(X9,double_divide(X7,X9)))),X8)))),double_divide(X10,double_divide(X5,X10))),double_divide(X11,X12))),double_divide(X13,double_divide(X11,X13)))) = double_divide(inverse(X14),inverse(double_divide(inverse(double_divide(X14,X12)),double_divide(X15,double_divide(double_divide(inverse(inverse(double_divide(X3,double_divide(inverse(X6),X1)))),inverse(double_divide(double_divide(inverse(X0),inverse(double_divide(inverse(double_divide(X0,X1)),double_divide(X2,double_divide(inverse(X3),X2))))),double_divide(X16,double_divide(inverse(X4),X16))))),X15))))) [superposition 15,8]
37397. inverse(double_divide(inverse(double_divide(double_divide(inverse(double_divide(X1,double_divide(X2,X3))),double_divide(X4,double_divide(X2,X4))),double_divide(X5,X6))),double_divide(X7,double_divide(X5,X7)))) = double_divide(inverse(X8),inverse(double_divide(inverse(double_divide(X8,X6)),double_divide(X9,double_divide(double_divide(inverse(inverse(X3)),inverse(double_divide(double_divide(inverse(X0),X0),double_divide(X10,double_divide(inverse(X1),X10))))),X9))))) [superposition 15,29373]
37405. inverse(double_divide(inverse(double_divide(double_divide(inverse(double_divide(double_divide(inverse(double_divide(X1,double_divide(X2,double_divide(inverse(X1),X0)))),double_divide(X3,double_divide(X2,X3))),double_divide(X4,X5))),double_divide(X6,double_divide(X4,X6))),double_divide(X7,X8))),double_divide(X9,double_divide(X7,X9)))) = double_divide(inverse(X10),inverse(double_divide(inverse(double_divide(X10,X8)),double_divide(X11,double_divide(double_divide(inverse(X12),inverse(double_divide(inverse(double_divide(X12,X5)),double_divide(X13,double_divide(X0,X13))))),X11))))) [superposition 15,24]
37528. inverse(double_divide(inverse(double_divide(double_divide(inverse(double_divide(X8,double_divide(X9,double_divide(inverse(X8),X1)))),double_divide(X10,double_divide(X9,X10))),double_divide(X11,X12))),double_divide(X13,double_divide(X11,X13)))) = double_divide(inverse(X14),inverse(double_divide(inverse(double_divide(X14,X12)),double_divide(X15,double_divide(double_divide(inverse(X2),double_divide(inverse(X0),inverse(double_divide(inverse(double_divide(X0,X1)),double_divide(inverse(double_divide(inverse(double_divide(X2,double_divide(inverse(X3),X4))),double_divide(inverse(double_divide(inverse(double_divide(X3,double_divide(X5,X6))),double_divide(X7,double_divide(X5,X7)))),X6))),X4))))),X15))))) [superposition 15,43]
37530. inverse(double_divide(inverse(double_divide(double_divide(inverse(double_divide(X2,double_divide(X3,double_divide(inverse(X2),double_divide(X4,double_divide(X0,X4)))))),double_divide(X5,double_divide(X3,X5))),double_divide(X6,X7))),double_divide(X8,double_divide(X6,X8)))) = double_divide(inverse(X9),inverse(double_divide(inverse(double_divide(X9,X7)),double_divide(X10,double_divide(double_divide(inverse(X1),double_divide(X0,inverse(X1))),X10))))) [superposition 15,28]
37532. inverse(double_divide(inverse(double_divide(double_divide(inverse(double_divide(X7,double_divide(X8,double_divide(inverse(X7),inverse(double_divide(inverse(double_divide(X0,X3)),double_divide(X9,double_divide(inverse(X1),X9)))))))),double_divide(X10,double_divide(X8,X10))),double_divide(X11,X12))),double_divide(X13,double_divide(X11,X13)))) = double_divide(inverse(X14),inverse(double_divide(inverse(double_divide(X14,X12)),double_divide(X15,double_divide(double_divide(inverse(X6),double_divide(inverse(inverse(X0)),inverse(double_divide(inverse(inverse(double_divide(inverse(double_divide(X1,double_divide(X2,X3))),double_divide(X4,double_divide(X2,X4))))),double_divide(X5,double_divide(inverse(X6),X5)))))),X15))))) [superposition 15,13]
37538. inverse(double_divide(inverse(double_divide(double_divide(inverse(double_divide(X1,double_divide(X7,inverse(double_divide(inverse(double_divide(X4,double_divide(X8,X2))),double_divide(X9,double_divide(X8,X9))))))),double_divide(X10,double_divide(X7,X10))),double_divide(X11,X12))),double_divide(X13,double_divide(X11,X13)))) = double_divide(inverse(X14),inverse(double_divide(inverse(double_divide(X14,X12)),double_divide(X15,double_divide(double_divide(inverse(X6),double_divide(inverse(X0),inverse(double_divide(inverse(double_divide(X0,inverse(double_divide(inverse(double_divide(X1,X2)),double_divide(X3,double_divide(inverse(X4),X3)))))),double_divide(X5,double_divide(inverse(X6),X5)))))),X15))))) [superposition 15,6]
37543. inverse(double_divide(inverse(double_divide(double_divide(inverse(double_divide(X1,double_divide(X2,double_divide(inverse(X1),X3)))),double_divide(X4,double_divide(X2,X4))),double_divide(X5,X6))),double_divide(X7,double_divide(X5,X7)))) = double_divide(inverse(X8),inverse(double_divide(inverse(double_divide(X8,X6)),double_divide(X9,double_divide(double_divide(inverse(X3),double_divide(inverse(X0),X0)),X9))))) [superposition 15,29373]
37552. inverse(double_divide(inverse(double_divide(double_divide(inverse(double_divide(X0,double_divide(X4,inverse(double_divide(inverse(double_divide(X3,double_divide(X5,X1))),double_divide(X6,double_divide(X5,X6))))))),double_divide(X7,double_divide(X4,X7))),double_divide(X8,X9))),double_divide(X10,double_divide(X8,X10)))) = double_divide(inverse(X11),inverse(double_divide(inverse(double_divide(X11,X9)),double_divide(X12,double_divide(inverse(double_divide(inverse(double_divide(X0,X1)),double_divide(X2,double_divide(inverse(X3),X2)))),X12))))) [superposition 15,26]
37563. inverse(double_divide(inverse(double_divide(double_divide(inverse(double_divide(X4,double_divide(X5,X2))),double_divide(X6,double_divide(X5,X6))),double_divide(X7,X8))),double_divide(X9,double_divide(X7,X9)))) = double_divide(inverse(X10),inverse(double_divide(inverse(double_divide(X10,X8)),double_divide(double_divide(inverse(X11),double_divide(inverse(X1),inverse(X11))),double_divide(X0,double_divide(inverse(double_divide(inverse(double_divide(X1,X2)),double_divide(X3,double_divide(inverse(X4),X3)))),X0)))))) [superposition 15,234]
37592. inverse(double_divide(inverse(double_divide(double_divide(inverse(double_divide(X4,double_divide(X7,X2))),double_divide(X8,double_divide(X7,X8))),double_divide(X9,X10))),double_divide(X11,double_divide(X9,X11)))) = double_divide(inverse(X12),inverse(double_divide(inverse(double_divide(X12,X10)),double_divide(X0,double_divide(inverse(double_divide(double_divide(inverse(X1),inverse(double_divide(inverse(double_divide(X1,X2)),double_divide(X3,double_divide(inverse(X4),X3))))),double_divide(X5,inverse(double_divide(X6,double_divide(X5,X6)))))),X0))))) [superposition 15,4170]
37684. double_divide(inverse(X7),inverse(double_divide(inverse(double_divide(X7,double_divide(inverse(X8),X9))),double_divide(double_divide(inverse(double_divide(inverse(double_divide(X6,double_divide(X10,X4))),double_divide(X11,double_divide(X10,X11)))),double_divide(inverse(X0),inverse(double_divide(inverse(double_divide(X0,X1)),double_divide(X2,double_divide(double_divide(inverse(X3),inverse(double_divide(inverse(double_divide(X3,X4)),double_divide(X5,double_divide(inverse(X6),X5))))),X2)))))),double_divide(inverse(X8),X1))))) = X9 [superposition 42,15]
37711. inverse(double_divide(double_divide(inverse(X0),inverse(double_divide(inverse(double_divide(X0,X1)),double_divide(X2,double_divide(double_divide(inverse(X3),inverse(double_divide(inverse(double_divide(X3,X4)),double_divide(X5,double_divide(inverse(X6),X5))))),X2))))),double_divide(X11,double_divide(X10,X11)))) = double_divide(inverse(X12),inverse(double_divide(inverse(double_divide(X12,double_divide(X9,X10))),double_divide(inverse(double_divide(inverse(double_divide(inverse(double_divide(double_divide(inverse(double_divide(X6,double_divide(X7,X4))),double_divide(X8,double_divide(X7,X8))),double_divide(X9,X1))),double_divide(X13,X14))),double_divide(X15,double_divide(X13,X15)))),X14)))) [superposition 16,15]
37774. double_divide(X7,X8) = double_divide(inverse(inverse(double_divide(X9,double_divide(X7,double_divide(X10,double_divide(X11,X10)))))),inverse(double_divide(double_divide(inverse(inverse(double_divide(double_divide(inverse(double_divide(X6,double_divide(X12,X4))),double_divide(X13,double_divide(X12,X13))),double_divide(X11,X1)))),inverse(double_divide(double_divide(inverse(X0),inverse(double_divide(inverse(double_divide(X0,X1)),double_divide(X2,double_divide(double_divide(inverse(X3),inverse(double_divide(inverse(double_divide(X3,X4)),double_divide(X5,double_divide(inverse(X6),X5))))),X2))))),double_divide(X14,double_divide(inverse(X9),X14))))),double_divide(X15,double_divide(X8,X15))))) [superposition 22,15]
37778. inverse(double_divide(double_divide(inverse(X0),inverse(double_divide(inverse(double_divide(X0,X1)),double_divide(X2,double_divide(double_divide(inverse(X3),inverse(double_divide(inverse(double_divide(X3,X4)),double_divide(X5,double_divide(inverse(X6),X5))))),X2))))),double_divide(X11,double_divide(inverse(X12),X11)))) = double_divide(inverse(X13),inverse(double_divide(inverse(double_divide(X13,inverse(double_divide(inverse(double_divide(X12,double_divide(X14,double_divide(X10,double_divide(X9,X10))))),double_divide(X15,double_divide(X14,X15)))))),double_divide(inverse(double_divide(inverse(double_divide(inverse(double_divide(double_divide(inverse(double_divide(X6,double_divide(X7,X4))),double_divide(X8,double_divide(X7,X8))),double_divide(X9,X1))),double_divide(X16,X17))),double_divide(X18,double_divide(X16,X18)))),X17)))) [superposition 32,15]
37780. double_divide(X7,inverse(X8)) = double_divide(inverse(inverse(double_divide(X9,double_divide(X7,double_divide(X10,double_divide(X11,X10)))))),inverse(double_divide(double_divide(inverse(inverse(double_divide(double_divide(inverse(double_divide(X6,double_divide(X12,X4))),double_divide(X13,double_divide(X12,X13))),double_divide(X11,X1)))),inverse(double_divide(double_divide(inverse(X0),inverse(double_divide(inverse(double_divide(X0,X1)),double_divide(X2,double_divide(double_divide(inverse(X3),inverse(double_divide(inverse(double_divide(X3,X4)),double_divide(X5,double_divide(inverse(X6),X5))))),X2))))),double_divide(X14,double_divide(inverse(X9),X14))))),double_divide(inverse(double_divide(inverse(double_divide(X8,double_divide(X15,X16))),double_divide(X17,double_divide(X15,X17)))),X16)))) [superposition 34,15]
37787. inverse(double_divide(double_divide(inverse(X0),inverse(double_divide(inverse(double_divide(X0,X1)),double_divide(X2,double_divide(double_divide(inverse(X3),inverse(double_divide(inverse(double_divide(X3,X4)),double_divide(X5,double_divide(inverse(X6),X5))))),X2))))),double_divide(X11,double_divide(inverse(X12),X11)))) = double_divide(inverse(X13),inverse(double_divide(inverse(double_divide(X13,inverse(double_divide(inverse(double_divide(X12,double_divide(inverse(X14),double_divide(X10,double_divide(X9,X10))))),double_divide(inverse(double_divide(inverse(double_divide(X14,double_divide(X15,X16))),double_divide(X17,double_divide(X15,X17)))),X16))))),double_divide(X18,double_divide(inverse(inverse(double_divide(double_divide(inverse(double_divide(X6,double_divide(X7,X4))),double_divide(X8,double_divide(X7,X8))),double_divide(X9,X1)))),X18))))) [superposition 47,15]
37808. inverse(double_divide(inverse(double_divide(X7,double_divide(double_divide(inverse(X0),inverse(double_divide(inverse(double_divide(X0,X1)),double_divide(X2,double_divide(double_divide(inverse(X3),inverse(double_divide(inverse(double_divide(X3,X4)),double_divide(X5,double_divide(inverse(X6),X5))))),X2))))),X12))),double_divide(inverse(double_divide(inverse(double_divide(double_divide(inverse(double_divide(double_divide(inverse(double_divide(X6,double_divide(X8,X4))),double_divide(X9,double_divide(X8,X9))),double_divide(X10,X1))),double_divide(X11,double_divide(X10,X11))),double_divide(X13,X14))),double_divide(X15,double_divide(X13,X15)))),X14))) = double_divide(inverse(X16),inverse(double_divide(inverse(double_divide(X16,X12)),double_divide(X17,double_divide(inverse(X7),X17))))) [superposition 8,15]
37898. inverse(double_divide(X7,double_divide(X8,X7))) = double_divide(double_divide(inverse(X0),inverse(double_divide(inverse(double_divide(X0,X1)),double_divide(X2,double_divide(double_divide(inverse(X3),inverse(double_divide(inverse(double_divide(X3,X4)),double_divide(X5,double_divide(inverse(X6),X5))))),X2))))),inverse(double_divide(double_divide(inverse(double_divide(double_divide(inverse(double_divide(X6,double_divide(X9,X4))),double_divide(X10,double_divide(X9,X10))),double_divide(X11,X1))),double_divide(X12,double_divide(X11,X12))),double_divide(X13,double_divide(X8,X13))))) [superposition 7266,15]
37927. double_divide(inverse(X7),inverse(double_divide(inverse(double_divide(X7,X8)),double_divide(X9,double_divide(inverse(X10),X9))))) = double_divide(inverse(X11),inverse(double_divide(inverse(double_divide(X11,X8)),double_divide(inverse(double_divide(inverse(double_divide(X10,X5)),double_divide(X12,double_divide(double_divide(inverse(X13),inverse(double_divide(inverse(double_divide(X13,X2)),double_divide(X14,double_divide(inverse(X0),X14))))),X12)))),inverse(double_divide(inverse(double_divide(double_divide(inverse(double_divide(X0,double_divide(X1,X2))),double_divide(X3,double_divide(X1,X3))),double_divide(X4,X5))),double_divide(X6,double_divide(X4,X6)))))))) [superposition 10,15]
37962. double_divide(inverse(X7),inverse(double_divide(inverse(double_divide(X7,double_divide(inverse(X8),X9))),double_divide(inverse(double_divide(inverse(double_divide(X8,inverse(double_divide(inverse(double_divide(double_divide(inverse(double_divide(X0,double_divide(X1,X2))),double_divide(X3,double_divide(X1,X3))),double_divide(X4,X5))),double_divide(X6,double_divide(X4,X6)))))),double_divide(inverse(double_divide(inverse(double_divide(X10,double_divide(X14,X15))),double_divide(X16,double_divide(X14,X16)))),X15))),inverse(double_divide(inverse(double_divide(X10,X5)),double_divide(X11,double_divide(double_divide(inverse(X12),inverse(double_divide(inverse(double_divide(X12,X2)),double_divide(X13,double_divide(inverse(X0),X13))))),X11)))))))) = X9 [superposition 45,15]
37966. inverse(double_divide(inverse(double_divide(X7,X8)),double_divide(inverse(double_divide(inverse(double_divide(X9,X5)),double_divide(X10,double_divide(double_divide(inverse(X11),inverse(double_divide(inverse(double_divide(X11,X2)),double_divide(X12,double_divide(inverse(X0),X12))))),X10)))),inverse(double_divide(inverse(double_divide(double_divide(inverse(double_divide(X0,double_divide(X1,X2))),double_divide(X3,double_divide(X1,X3))),double_divide(X4,X5))),double_divide(X6,double_divide(X4,X6))))))) = double_divide(inverse(X13),inverse(double_divide(inverse(double_divide(X13,inverse(double_divide(inverse(double_divide(X9,double_divide(inverse(X14),X8))),double_divide(inverse(double_divide(inverse(double_divide(X14,double_divide(X15,X16))),double_divide(X17,double_divide(X15,X17)))),X16))))),double_divide(X18,double_divide(inverse(X7),X18))))) [superposition 47,15]
37970. inverse(double_divide(inverse(double_divide(X7,double_divide(inverse(X8),X9))),double_divide(inverse(double_divide(inverse(double_divide(X8,double_divide(inverse(X10),X11))),double_divide(inverse(double_divide(inverse(double_divide(X10,double_divide(X12,X13))),double_divide(X14,double_divide(X12,X14)))),X13))),X11))) = double_divide(inverse(X15),inverse(double_divide(inverse(double_divide(X15,X9)),double_divide(inverse(double_divide(inverse(double_divide(X7,X5)),double_divide(X16,double_divide(double_divide(inverse(X17),inverse(double_divide(inverse(double_divide(X17,X2)),double_divide(X18,double_divide(inverse(X0),X18))))),X16)))),inverse(double_divide(inverse(double_divide(double_divide(inverse(double_divide(X0,double_divide(X1,X2))),double_divide(X3,double_divide(X1,X3))),double_divide(X4,X5))),double_divide(X6,double_divide(X4,X6)))))))) [superposition 48,15]
37979. double_divide(inverse(inverse(X10)),inverse(double_divide(inverse(X7),double_divide(X13,double_divide(inverse(X9),X13))))) = inverse(double_divide(inverse(double_divide(X9,inverse(double_divide(inverse(double_divide(double_divide(inverse(double_divide(X0,double_divide(X1,X2))),double_divide(X3,double_divide(X1,X3))),double_divide(X4,double_divide(double_divide(inverse(X5),inverse(double_divide(inverse(double_divide(X5,X2)),double_divide(X6,double_divide(inverse(X0),X6))))),X7)))),double_divide(X8,double_divide(X4,X8)))))),double_divide(X12,double_divide(inverse(X10),X12)))) [superposition 12,15]
38019. double_divide(inverse(inverse(X9)),inverse(double_divide(inverse(inverse(double_divide(inverse(double_divide(X12,double_divide(X16,X10))),double_divide(X17,double_divide(X16,X17))))),double_divide(X18,double_divide(inverse(X7),X18))))) = inverse(double_divide(inverse(double_divide(X7,double_divide(inverse(X8),inverse(double_divide(inverse(double_divide(X9,X10)),double_divide(X11,double_divide(inverse(X12),X11))))))),double_divide(inverse(double_divide(inverse(double_divide(X8,X5)),double_divide(X13,double_divide(double_divide(inverse(X14),inverse(double_divide(inverse(double_divide(X14,X2)),double_divide(X15,double_divide(inverse(X0),X15))))),X13)))),inverse(double_divide(inverse(double_divide(double_divide(inverse(double_divide(X0,double_divide(X1,X2))),double_divide(X3,double_divide(X1,X3))),double_divide(X4,X5))),double_divide(X6,double_divide(X4,X6))))))) [superposition 13,15]
38060. inverse(double_divide(inverse(double_divide(X7,double_divide(inverse(X8),X9))),double_divide(inverse(double_divide(inverse(double_divide(X8,double_divide(X10,X11))),double_divide(X12,double_divide(X10,X12)))),X11))) = double_divide(inverse(X13),inverse(double_divide(inverse(double_divide(X13,X9)),double_divide(inverse(double_divide(inverse(double_divide(X7,inverse(double_divide(inverse(double_divide(double_divide(inverse(double_divide(X0,double_divide(X1,X2))),double_divide(X3,double_divide(X1,X3))),double_divide(X4,X5))),double_divide(X6,double_divide(X4,X6)))))),double_divide(X18,double_divide(inverse(X14),X18)))),inverse(double_divide(inverse(double_divide(X14,X5)),double_divide(X15,double_divide(double_divide(inverse(X16),inverse(double_divide(inverse(double_divide(X16,X2)),double_divide(X17,double_divide(inverse(X0),X17))))),X15)))))))) [superposition 33,15]
38092. double_divide(inverse(inverse(X9)),inverse(double_divide(inverse(X11),double_divide(X18,double_divide(inverse(X7),X18))))) = inverse(double_divide(inverse(double_divide(X7,double_divide(inverse(X8),inverse(double_divide(inverse(double_divide(X9,double_divide(inverse(X10),X11))),double_divide(inverse(double_divide(inverse(double_divide(X10,double_divide(X12,X13))),double_divide(X14,double_divide(X12,X14)))),X13)))))),double_divide(inverse(double_divide(inverse(double_divide(X8,X5)),double_divide(X15,double_divide(double_divide(inverse(X16),inverse(double_divide(inverse(double_divide(X16,X2)),double_divide(X17,double_divide(inverse(X0),X17))))),X15)))),inverse(double_divide(inverse(double_divide(double_divide(inverse(double_divide(X0,double_divide(X1,X2))),double_divide(X3,double_divide(X1,X3))),double_divide(X4,X5))),double_divide(X6,double_divide(X4,X6))))))) [superposition 46,15]
38105. double_divide(X7,double_divide(X8,X7)) = double_divide(double_divide(inverse(X9),X8),double_divide(inverse(double_divide(inverse(double_divide(X9,X5)),double_divide(X10,double_divide(double_divide(inverse(X11),inverse(double_divide(inverse(double_divide(X11,X2)),double_divide(X12,double_divide(inverse(X0),X12))))),X10)))),inverse(double_divide(inverse(double_divide(double_divide(inverse(double_divide(X0,double_divide(X1,X2))),double_divide(X3,double_divide(X1,X3))),double_divide(X4,X5))),double_divide(X6,double_divide(X4,X6)))))) [superposition 233,15]
38128. inverse(double_divide(inverse(double_divide(inverse(double_divide(double_divide(inverse(double_divide(X0,double_divide(X1,X2))),double_divide(X3,double_divide(X1,X3))),double_divide(X4,X5))),double_divide(X6,double_divide(X4,X6)))),double_divide(X12,double_divide(inverse(X8),X12)))) = inverse(double_divide(X7,double_divide(inverse(double_divide(inverse(double_divide(X8,X5)),double_divide(X9,double_divide(double_divide(inverse(X10),inverse(double_divide(inverse(double_divide(X10,X2)),double_divide(X11,double_divide(inverse(X0),X11))))),X9)))),X7))) [superposition 7256,15]
38146. double_divide(inverse(inverse(X7)),inverse(inverse(double_divide(inverse(double_divide(double_divide(inverse(double_divide(X0,double_divide(X1,X2))),double_divide(X3,double_divide(X1,X3))),double_divide(X4,X5))),double_divide(X6,double_divide(X4,X6)))))) = inverse(inverse(double_divide(inverse(double_divide(X7,X5)),double_divide(X8,double_divide(double_divide(inverse(X9),inverse(double_divide(inverse(double_divide(X9,X2)),double_divide(X10,double_divide(inverse(X0),X10))))),X8))))) [superposition 29371,15]
38147. double_divide(inverse(double_divide(X7,X5)),double_divide(X8,double_divide(double_divide(inverse(X9),inverse(double_divide(inverse(double_divide(X9,X2)),double_divide(X10,double_divide(inverse(X0),X10))))),X8))) = double_divide(inverse(inverse(X7)),inverse(inverse(double_divide(inverse(double_divide(double_divide(inverse(double_divide(X0,double_divide(X1,X2))),double_divide(X3,double_divide(X1,X3))),double_divide(X4,X5))),double_divide(X6,double_divide(X4,X6)))))) [forward demodulation 38146,36439]
38165. double_divide(inverse(double_divide(X8,X5)),double_divide(X9,double_divide(double_divide(inverse(X10),inverse(double_divide(inverse(double_divide(X10,X2)),double_divide(X11,double_divide(inverse(X0),X11))))),X9))) = inverse(double_divide(inverse(double_divide(inverse(double_divide(double_divide(inverse(double_divide(X0,double_divide(X1,X2))),double_divide(X3,double_divide(X1,X3))),double_divide(X4,X5))),double_divide(X6,double_divide(X4,X6)))),double_divide(X12,double_divide(inverse(X8),X12)))) [forward demodulation 38128,35155]
38188. double_divide(X7,double_divide(X8,X7)) = double_divide(double_divide(inverse(X9),X8),double_divide(inverse(double_divide(inverse(double_divide(X9,X5)),double_divide(X10,double_divide(double_divide(inverse(X11),inverse(double_divide(inverse(double_divide(X11,X2)),double_divide(X12,double_divide(inverse(X0),X12))))),X10)))),inverse(double_divide(inverse(double_divide(double_divide(inverse(double_divide(X0,double_divide(X1,X2))),double_divide(X3,double_divide(X1,X3))),double_divide(X4,X5))),X4)))) [forward demodulation 38105,33753]
38201. double_divide(inverse(inverse(X9)),inverse(double_divide(inverse(X11),double_divide(X18,double_divide(inverse(X7),X18))))) = double_divide(inverse(double_divide(X8,X5)),inverse(double_divide(double_divide(double_divide(inverse(double_divide(double_divide(inverse(double_divide(X0,double_divide(X1,X2))),double_divide(X3,double_divide(X1,X3))),double_divide(X4,X5))),double_divide(X6,double_divide(X4,X6))),inverse(double_divide(X15,double_divide(double_divide(inverse(X16),inverse(double_divide(inverse(double_divide(X16,X2)),double_divide(X17,double_divide(inverse(X0),X17))))),X15)))),inverse(inverse(double_divide(X7,double_divide(inverse(X8),inverse(double_divide(inverse(double_divide(X9,double_divide(inverse(X10),X11))),double_divide(inverse(double_divide(inverse(double_divide(X10,double_divide(X12,X13))),double_divide(X14,double_divide(X12,X14)))),X13)))))))))) [forward demodulation 38092,36603]
38231. inverse(double_divide(inverse(double_divide(X7,double_divide(inverse(X8),X9))),double_divide(inverse(double_divide(inverse(double_divide(X8,double_divide(X10,X11))),double_divide(X12,double_divide(X10,X12)))),X11))) = double_divide(inverse(X13),double_divide(inverse(double_divide(X7,inverse(double_divide(inverse(double_divide(double_divide(inverse(double_divide(X0,double_divide(X1,X2))),double_divide(X3,double_divide(X1,X3))),double_divide(X4,X5))),double_divide(X6,double_divide(X4,X6)))))),inverse(double_divide(double_divide(double_divide(inverse(double_divide(X14,X5)),double_divide(X15,double_divide(double_divide(inverse(X16),inverse(double_divide(inverse(double_divide(X16,X2)),double_divide(X17,double_divide(inverse(X0),X17))))),X15))),inverse(double_divide(X18,double_divide(inverse(X14),X18)))),inverse(inverse(double_divide(X13,X9))))))) [forward demodulation 38060,36603]
38263. double_divide(inverse(inverse(X9)),inverse(double_divide(inverse(inverse(double_divide(inverse(double_divide(X12,double_divide(X16,X10))),double_divide(X17,double_divide(X16,X17))))),double_divide(X18,double_divide(inverse(X7),X18))))) = double_divide(inverse(double_divide(X8,X5)),inverse(double_divide(double_divide(double_divide(inverse(double_divide(double_divide(inverse(double_divide(X0,double_divide(X1,X2))),double_divide(X3,double_divide(X1,X3))),double_divide(X4,X5))),double_divide(X6,double_divide(X4,X6))),inverse(double_divide(X13,double_divide(double_divide(inverse(X14),inverse(double_divide(inverse(double_divide(X14,X2)),double_divide(X15,double_divide(inverse(X0),X15))))),X13)))),inverse(inverse(double_divide(X7,double_divide(inverse(X8),inverse(double_divide(inverse(double_divide(X9,X10)),double_divide(X11,double_divide(inverse(X12),X11))))))))))) [forward demodulation 38019,36603]
38292. double_divide(inverse(inverse(X10)),inverse(double_divide(inverse(X7),double_divide(X13,double_divide(inverse(X9),X13))))) = inverse(double_divide(X9,double_divide(inverse(double_divide(X10,inverse(double_divide(X8,double_divide(X4,X8))))),inverse(inverse(double_divide(double_divide(inverse(double_divide(X0,double_divide(X1,X2))),double_divide(X3,double_divide(X1,X3))),double_divide(X4,double_divide(double_divide(inverse(X5),inverse(double_divide(inverse(double_divide(X5,X2)),double_divide(X6,double_divide(inverse(X0),X6))))),X7)))))))) [forward demodulation 37979,31651]
38301. inverse(double_divide(inverse(double_divide(X7,double_divide(inverse(X8),X9))),double_divide(inverse(double_divide(inverse(double_divide(X8,double_divide(inverse(X10),X11))),double_divide(inverse(double_divide(inverse(double_divide(X10,double_divide(X12,X13))),double_divide(X14,double_divide(X12,X14)))),X13))),X11))) = double_divide(inverse(X15),double_divide(inverse(double_divide(X7,X5)),inverse(double_divide(double_divide(double_divide(inverse(double_divide(double_divide(inverse(double_divide(X0,double_divide(X1,X2))),double_divide(X3,double_divide(X1,X3))),double_divide(X4,X5))),double_divide(X6,double_divide(X4,X6))),inverse(double_divide(X16,double_divide(double_divide(inverse(X17),inverse(double_divide(inverse(double_divide(X17,X2)),double_divide(X18,double_divide(inverse(X0),X18))))),X16)))),inverse(inverse(double_divide(X15,X9))))))) [forward demodulation 37970,36603]
38305. inverse(double_divide(inverse(double_divide(X7,X8)),double_divide(inverse(double_divide(inverse(double_divide(X9,X5)),double_divide(X10,double_divide(double_divide(inverse(X11),inverse(double_divide(inverse(double_divide(X11,X2)),double_divide(X12,double_divide(inverse(X0),X12))))),X10)))),inverse(double_divide(inverse(double_divide(double_divide(inverse(double_divide(X0,double_divide(X1,X2))),double_divide(X3,double_divide(X1,X3))),double_divide(X4,X5))),double_divide(X6,double_divide(X4,X6))))))) = inverse(double_divide(X7,double_divide(inverse(double_divide(X9,double_divide(inverse(X14),X8))),inverse(X14)))) [forward demodulation 37966,29111]
38309. double_divide(inverse(X7),double_divide(inverse(double_divide(X8,inverse(double_divide(inverse(double_divide(double_divide(inverse(double_divide(X0,double_divide(X1,X2))),double_divide(X3,double_divide(X1,X3))),double_divide(X4,X5))),double_divide(X6,double_divide(X4,X6)))))),inverse(double_divide(double_divide(double_divide(inverse(double_divide(X10,X5)),double_divide(X11,double_divide(double_divide(inverse(X12),inverse(double_divide(inverse(double_divide(X12,X2)),double_divide(X13,double_divide(inverse(X0),X13))))),X11))),inverse(double_divide(inverse(double_divide(inverse(double_divide(X10,double_divide(X14,X15))),double_divide(X16,double_divide(X14,X16)))),X15))),inverse(inverse(double_divide(X7,double_divide(inverse(X8),X9)))))))) = X9 [forward demodulation 37962,36603]
38340. double_divide(inverse(X7),inverse(double_divide(inverse(double_divide(X7,X8)),double_divide(X9,double_divide(inverse(X10),X9))))) = double_divide(inverse(X11),double_divide(inverse(double_divide(X10,X5)),inverse(double_divide(double_divide(double_divide(inverse(double_divide(double_divide(inverse(double_divide(X0,double_divide(X1,X2))),double_divide(X3,double_divide(X1,X3))),double_divide(X4,X5))),double_divide(X6,double_divide(X4,X6))),inverse(double_divide(X12,double_divide(double_divide(inverse(X13),inverse(double_divide(inverse(double_divide(X13,X2)),double_divide(X14,double_divide(inverse(X0),X14))))),X12)))),inverse(inverse(double_divide(X11,X8))))))) [forward demodulation 37927,36603]
38362. inverse(double_divide(X7,double_divide(X8,X7))) = double_divide(double_divide(inverse(X0),inverse(double_divide(inverse(double_divide(X0,X1)),double_divide(X2,double_divide(double_divide(inverse(X3),inverse(double_divide(inverse(double_divide(X3,X4)),double_divide(X5,double_divide(inverse(X6),X5))))),X2))))),inverse(double_divide(double_divide(inverse(double_divide(double_divide(inverse(double_divide(X6,double_divide(X9,X4))),double_divide(X10,double_divide(X9,X10))),double_divide(X11,X1))),double_divide(X12,double_divide(X11,X12))),X8))) [forward demodulation 37898,33753]
38444. inverse(double_divide(inverse(double_divide(X7,double_divide(double_divide(inverse(X0),inverse(double_divide(inverse(double_divide(X0,X1)),double_divide(X2,double_divide(double_divide(inverse(X3),inverse(double_divide(inverse(double_divide(X3,X4)),double_divide(X5,double_divide(inverse(X6),X5))))),X2))))),X12))),double_divide(inverse(double_divide(inverse(double_divide(double_divide(inverse(double_divide(double_divide(inverse(double_divide(X6,double_divide(X8,X4))),double_divide(X9,double_divide(X8,X9))),double_divide(X10,X1))),double_divide(X11,double_divide(X10,X11))),double_divide(X13,X14))),double_divide(X15,double_divide(X13,X15)))),X14))) = double_divide(inverse(X16),inverse(double_divide(inverse(double_divide(X16,X12)),inverse(X7)))) [forward demodulation 37808,33753]
38463. inverse(double_divide(double_divide(inverse(X0),inverse(double_divide(inverse(double_divide(X0,X1)),double_divide(X2,double_divide(double_divide(inverse(X3),inverse(double_divide(inverse(double_divide(X3,X4)),double_divide(X5,double_divide(inverse(X6),X5))))),X2))))),double_divide(X11,double_divide(inverse(X12),X11)))) = inverse(double_divide(inverse(double_divide(double_divide(inverse(double_divide(X6,double_divide(X7,X4))),double_divide(X8,double_divide(X7,X8))),double_divide(X9,X1))),double_divide(inverse(double_divide(X12,double_divide(inverse(X14),double_divide(X10,double_divide(X9,X10))))),inverse(X14)))) [forward demodulation 37787,29111]
38470. double_divide(X7,inverse(X8)) = double_divide(inverse(inverse(double_divide(X9,double_divide(X7,double_divide(X10,double_divide(X11,X10)))))),inverse(double_divide(double_divide(inverse(inverse(double_divide(double_divide(inverse(double_divide(X6,double_divide(X12,X4))),double_divide(X13,double_divide(X12,X13))),double_divide(X11,X1)))),inverse(double_divide(double_divide(inverse(X0),inverse(double_divide(inverse(double_divide(X0,X1)),double_divide(X2,double_divide(double_divide(inverse(X3),inverse(double_divide(inverse(double_divide(X3,X4)),double_divide(X5,double_divide(inverse(X6),X5))))),X2))))),double_divide(X14,double_divide(inverse(X9),X14))))),double_divide(inverse(double_divide(inverse(double_divide(X8,double_divide(X15,X16))),X15)),X16)))) [forward demodulation 37780,33753]
38472. inverse(double_divide(double_divide(inverse(X0),inverse(double_divide(inverse(double_divide(X0,X1)),double_divide(X2,double_divide(double_divide(inverse(X3),inverse(double_divide(inverse(double_divide(X3,X4)),double_divide(X5,double_divide(inverse(X6),X5))))),X2))))),double_divide(X11,double_divide(inverse(X12),X11)))) = inverse(double_divide(inverse(double_divide(double_divide(inverse(double_divide(X6,double_divide(X7,X4))),double_divide(X8,double_divide(X7,X8))),double_divide(X9,X1))),double_divide(inverse(double_divide(X12,double_divide(X14,double_divide(X10,double_divide(X9,X10))))),double_divide(X15,double_divide(X14,X15))))) [forward demodulation 37778,31403]
38476. double_divide(X7,X8) = double_divide(inverse(inverse(double_divide(X9,double_divide(X7,double_divide(X10,double_divide(X11,X10)))))),inverse(double_divide(double_divide(inverse(inverse(double_divide(double_divide(inverse(double_divide(X6,double_divide(X12,X4))),double_divide(X13,double_divide(X12,X13))),double_divide(X11,X1)))),inverse(double_divide(double_divide(inverse(X0),inverse(double_divide(inverse(double_divide(X0,X1)),double_divide(X2,double_divide(double_divide(inverse(X3),inverse(double_divide(inverse(double_divide(X3,X4)),double_divide(X5,double_divide(inverse(X6),X5))))),X2))))),double_divide(X14,double_divide(inverse(X9),X14))))),X8))) [forward demodulation 37774,33753]
38538. inverse(double_divide(double_divide(inverse(X0),inverse(double_divide(inverse(double_divide(X0,X1)),double_divide(X2,double_divide(double_divide(inverse(X3),inverse(double_divide(inverse(double_divide(X3,X4)),double_divide(X5,double_divide(inverse(X6),X5))))),X2))))),double_divide(X11,double_divide(X10,X11)))) = double_divide(inverse(X12),inverse(double_divide(inverse(double_divide(X12,double_divide(X9,X10))),double_divide(inverse(double_divide(inverse(double_divide(inverse(double_divide(double_divide(inverse(double_divide(X6,double_divide(X7,X4))),double_divide(X8,double_divide(X7,X8))),double_divide(X9,X1))),double_divide(X13,X14))),X13)),X14)))) [forward demodulation 37711,33753]
38560. double_divide(inverse(X7),inverse(double_divide(inverse(double_divide(X7,double_divide(inverse(X8),X9))),double_divide(double_divide(inverse(double_divide(inverse(double_divide(X6,double_divide(X10,X4))),double_divide(X11,double_divide(X10,X11)))),double_divide(inverse(X0),inverse(double_divide(inverse(double_divide(X0,X1)),double_divide(inverse(X3),inverse(double_divide(inverse(double_divide(X3,X4)),double_divide(X5,double_divide(inverse(X6),X5))))))))),double_divide(inverse(X8),X1))))) = X9 [forward demodulation 37684,33753]
38640. inverse(double_divide(inverse(double_divide(double_divide(inverse(double_divide(X4,double_divide(X7,X2))),double_divide(X8,double_divide(X7,X8))),double_divide(X9,X10))),double_divide(X11,double_divide(X9,X11)))) = double_divide(inverse(X12),inverse(double_divide(inverse(double_divide(X12,X10)),inverse(double_divide(double_divide(inverse(X1),inverse(double_divide(inverse(double_divide(X1,X2)),double_divide(X3,double_divide(inverse(X4),X3))))),double_divide(X5,inverse(double_divide(X6,double_divide(X5,X6))))))))) [forward demodulation 37592,33753]
38662. inverse(double_divide(inverse(double_divide(double_divide(inverse(double_divide(X4,double_divide(X5,X2))),double_divide(X6,double_divide(X5,X6))),double_divide(X7,X8))),double_divide(X9,double_divide(X7,X9)))) = double_divide(inverse(X10),inverse(double_divide(inverse(double_divide(inverse(double_divide(X10,X8)),double_divide(inverse(double_divide(X1,X2)),double_divide(X3,double_divide(inverse(X4),X3))))),inverse(double_divide(inverse(X11),double_divide(inverse(X1),inverse(X11))))))) [forward demodulation 37563,36149]
38671. inverse(double_divide(inverse(double_divide(double_divide(inverse(double_divide(X0,double_divide(X4,inverse(double_divide(inverse(double_divide(X3,double_divide(X5,X1))),double_divide(X6,double_divide(X5,X6))))))),double_divide(X7,double_divide(X4,X7))),double_divide(X8,X9))),double_divide(X10,double_divide(X8,X10)))) = double_divide(inverse(X11),inverse(double_divide(inverse(double_divide(X11,X9)),inverse(double_divide(inverse(double_divide(X0,X1)),double_divide(X2,double_divide(inverse(X3),X2))))))) [forward demodulation 37552,33753]
38676. inverse(double_divide(inverse(double_divide(double_divide(inverse(double_divide(X1,double_divide(X2,double_divide(inverse(X1),X3)))),double_divide(X4,double_divide(X2,X4))),double_divide(X5,X6))),double_divide(X7,double_divide(X5,X7)))) = double_divide(inverse(X8),inverse(double_divide(inverse(double_divide(X8,X6)),double_divide(inverse(X3),double_divide(inverse(X0),X0))))) [forward demodulation 37543,33753]
38679. inverse(double_divide(inverse(double_divide(double_divide(inverse(double_divide(X1,double_divide(X7,inverse(double_divide(inverse(double_divide(X4,double_divide(X8,X2))),double_divide(X9,double_divide(X8,X9))))))),double_divide(X10,double_divide(X7,X10))),double_divide(X11,X12))),double_divide(X13,double_divide(X11,X13)))) = double_divide(inverse(X14),inverse(double_divide(inverse(double_divide(X14,X12)),double_divide(inverse(X6),double_divide(inverse(X0),inverse(double_divide(inverse(double_divide(X0,inverse(double_divide(inverse(double_divide(X1,X2)),double_divide(X3,double_divide(inverse(X4),X3)))))),double_divide(X5,double_divide(inverse(X6),X5))))))))) [forward demodulation 37538,33753]
38684. inverse(double_divide(inverse(double_divide(double_divide(inverse(double_divide(X7,double_divide(X8,double_divide(inverse(X7),inverse(double_divide(inverse(double_divide(X0,X3)),double_divide(X9,double_divide(inverse(X1),X9)))))))),double_divide(X10,double_divide(X8,X10))),double_divide(X11,X12))),double_divide(X13,double_divide(X11,X13)))) = double_divide(inverse(X14),inverse(double_divide(inverse(double_divide(X14,X12)),double_divide(inverse(X6),double_divide(inverse(inverse(X0)),inverse(double_divide(inverse(inverse(double_divide(inverse(double_divide(X1,double_divide(X2,X3))),double_divide(X4,double_divide(X2,X4))))),double_divide(X5,double_divide(inverse(X6),X5))))))))) [forward demodulation 37532,33753]
38686. inverse(double_divide(inverse(double_divide(double_divide(inverse(double_divide(X2,double_divide(X3,double_divide(inverse(X2),double_divide(X4,double_divide(X0,X4)))))),double_divide(X5,double_divide(X3,X5))),double_divide(X6,X7))),double_divide(X8,double_divide(X6,X8)))) = double_divide(inverse(X9),inverse(double_divide(inverse(double_divide(X9,X7)),double_divide(inverse(X1),double_divide(X0,inverse(X1)))))) [forward demodulation 37530,33753]
38687. inverse(double_divide(inverse(double_divide(double_divide(inverse(double_divide(X8,double_divide(X9,double_divide(inverse(X8),X1)))),double_divide(X10,double_divide(X9,X10))),double_divide(X11,X12))),double_divide(X13,double_divide(X11,X13)))) = double_divide(inverse(X14),inverse(double_divide(inverse(double_divide(X14,X12)),double_divide(inverse(X2),double_divide(inverse(X0),inverse(double_divide(inverse(double_divide(X0,X1)),double_divide(inverse(double_divide(inverse(double_divide(X2,double_divide(inverse(X3),X4))),double_divide(inverse(double_divide(inverse(double_divide(X3,double_divide(X5,X6))),double_divide(X7,double_divide(X5,X7)))),X6))),X4)))))))) [forward demodulation 37528,33753]
38795. inverse(double_divide(inverse(double_divide(double_divide(inverse(double_divide(double_divide(inverse(double_divide(X1,double_divide(X2,double_divide(inverse(X1),X0)))),double_divide(X3,double_divide(X2,X3))),double_divide(X4,X5))),double_divide(X6,double_divide(X4,X6))),double_divide(X7,X8))),double_divide(X9,double_divide(X7,X9)))) = double_divide(inverse(X10),inverse(double_divide(inverse(double_divide(X10,X8)),double_divide(inverse(X12),inverse(double_divide(inverse(double_divide(X12,X5)),double_divide(X13,double_divide(X0,X13)))))))) [forward demodulation 37405,33753]
38803. inverse(double_divide(inverse(double_divide(double_divide(inverse(double_divide(X1,double_divide(X2,X3))),double_divide(X4,double_divide(X2,X4))),double_divide(X5,X6))),double_divide(X7,double_divide(X5,X7)))) = double_divide(inverse(X8),inverse(double_divide(inverse(double_divide(X8,X6)),double_divide(inverse(inverse(X3)),inverse(double_divide(double_divide(inverse(X0),X0),double_divide(X10,double_divide(inverse(X1),X10)))))))) [forward demodulation 37397,33753]
38826. inverse(double_divide(inverse(double_divide(double_divide(inverse(double_divide(X4,double_divide(X5,double_divide(inverse(double_divide(inverse(double_divide(X6,double_divide(X7,X8))),double_divide(X9,double_divide(X7,X9)))),X8)))),double_divide(X10,double_divide(X5,X10))),double_divide(X11,X12))),double_divide(X13,double_divide(X11,X13)))) = double_divide(inverse(X14),inverse(double_divide(inverse(double_divide(X14,X12)),double_divide(inverse(inverse(double_divide(X3,double_divide(inverse(X6),X1)))),inverse(double_divide(double_divide(inverse(X0),inverse(double_divide(inverse(double_divide(X0,X1)),double_divide(X2,double_divide(inverse(X3),X2))))),double_divide(X16,double_divide(inverse(X4),X16)))))))) [forward demodulation 37374,33753]
38865. inverse(double_divide(inverse(double_divide(double_divide(inverse(double_divide(X9,double_divide(X10,inverse(double_divide(inverse(X4),double_divide(X11,double_divide(inverse(X0),X11))))))),double_divide(X12,double_divide(X10,X12))),double_divide(X13,X14))),double_divide(X15,double_divide(X13,X15)))) = double_divide(inverse(X16),inverse(double_divide(inverse(double_divide(X16,X14)),double_divide(inverse(inverse(inverse(X2))),inverse(double_divide(inverse(inverse(double_divide(inverse(double_divide(X0,double_divide(X1,inverse(double_divide(inverse(double_divide(X2,double_divide(inverse(X3),X4))),double_divide(inverse(double_divide(inverse(double_divide(X3,double_divide(X5,X6))),double_divide(X7,double_divide(X5,X7)))),X6)))))),double_divide(X8,double_divide(X1,X8))))),double_divide(X18,double_divide(inverse(X9),X18)))))))) [forward demodulation 37335,33753]
38870. double_divide(inverse(X10),inverse(double_divide(inverse(double_divide(X10,X8)),double_divide(X11,double_divide(double_divide(inverse(inverse(X0)),inverse(double_divide(inverse(X0),double_divide(X12,double_divide(inverse(X1),X12))))),X11))))) = inverse(double_divide(inverse(double_divide(double_divide(inverse(double_divide(X1,double_divide(X2,double_divide(X3,double_divide(inverse(X4),inverse(double_divide(X4,double_divide(X5,double_divide(X3,X5))))))))),double_divide(X6,double_divide(X2,X6))),double_divide(X7,X8))),X7)) [forward demodulation 37330,33753]
38951. inverse(double_divide(inverse(double_divide(double_divide(inverse(double_divide(X3,double_divide(X4,X5))),double_divide(X6,double_divide(X4,X6))),double_divide(X7,double_divide(X2,X8)))),double_divide(X9,double_divide(X7,X9)))) = double_divide(inverse(X8),inverse(double_divide(double_divide(inverse(X0),inverse(double_divide(X0,double_divide(X1,double_divide(X2,X1))))),double_divide(inverse(X11),inverse(double_divide(inverse(double_divide(X11,X5)),double_divide(X12,double_divide(inverse(X3),X12)))))))) [forward demodulation 37245,33753]
38957. inverse(double_divide(inverse(double_divide(double_divide(inverse(double_divide(X2,double_divide(X3,X4))),double_divide(X5,double_divide(X3,X5))),double_divide(X6,double_divide(X1,inverse(X7))))),double_divide(X8,double_divide(X6,X8)))) = double_divide(inverse(inverse(X7)),double_divide(inverse(X10),inverse(double_divide(inverse(double_divide(inverse(double_divide(X10,X4)),double_divide(X11,double_divide(inverse(X2),X11)))),X1)))) [forward demodulation 37239,521]
38988. inverse(double_divide(inverse(double_divide(double_divide(inverse(double_divide(X2,double_divide(X3,X4))),double_divide(X5,double_divide(X3,X5))),double_divide(X6,inverse(double_divide(X1,double_divide(X7,inverse(double_divide(X8,double_divide(X7,X8))))))))),double_divide(X9,double_divide(X6,X9)))) = double_divide(inverse(X0),inverse(double_divide(inverse(double_divide(X0,X1)),double_divide(inverse(X11),inverse(double_divide(inverse(double_divide(X11,X4)),double_divide(X12,double_divide(inverse(X2),X12)))))))) [forward demodulation 37208,33753]
39003. inverse(double_divide(inverse(double_divide(double_divide(inverse(double_divide(X7,double_divide(X8,X9))),double_divide(X10,double_divide(X8,X10))),double_divide(X11,inverse(double_divide(inverse(X4),double_divide(X12,double_divide(inverse(X0),X12))))))),double_divide(X13,double_divide(X11,X13)))) = double_divide(inverse(inverse(inverse(X2))),inverse(double_divide(inverse(inverse(double_divide(inverse(double_divide(X0,double_divide(X1,inverse(double_divide(inverse(double_divide(X2,double_divide(X3,X4))),double_divide(X5,double_divide(X3,X5))))))),double_divide(X6,double_divide(X1,X6))))),double_divide(inverse(X15),inverse(double_divide(inverse(double_divide(X15,X9)),double_divide(X16,double_divide(inverse(X7),X16)))))))) [forward demodulation 37193,33753]
39041. double_divide(inverse(inverse(X6)),inverse(double_divide(inverse(X0),double_divide(X16,double_divide(double_divide(inverse(X17),inverse(double_divide(inverse(double_divide(X17,X3)),double_divide(X18,double_divide(inverse(X1),X18))))),X16))))) = inverse(double_divide(double_divide(inverse(double_divide(X1,double_divide(X2,X3))),double_divide(X4,double_divide(X2,X4))),double_divide(inverse(double_divide(X6,double_divide(inverse(X7),X0))),double_divide(inverse(double_divide(inverse(double_divide(X7,double_divide(inverse(X8),X9))),double_divide(inverse(double_divide(inverse(double_divide(X8,double_divide(inverse(X10),X11))),double_divide(inverse(double_divide(inverse(double_divide(X10,double_divide(X12,X13))),double_divide(X14,double_divide(X12,X14)))),X13))),X11))),X9)))) [forward demodulation 37153,31422]
39097. double_divide(inverse(X0),inverse(double_divide(inverse(double_divide(X0,X1)),double_divide(X2,double_divide(double_divide(inverse(X3),inverse(double_divide(inverse(double_divide(X3,X4)),double_divide(X5,double_divide(inverse(X6),X5))))),X2))))) = double_divide(inverse(X11),inverse(double_divide(inverse(double_divide(X11,X1)),double_divide(inverse(X13),inverse(double_divide(inverse(double_divide(X13,X4)),double_divide(X14,double_divide(inverse(X6),X14)))))))) [forward demodulation 37091,33753]
39175. double_divide(inverse(X8),inverse(double_divide(inverse(double_divide(X8,double_divide(X5,X6))),double_divide(X9,double_divide(double_divide(inverse(X10),inverse(double_divide(inverse(double_divide(X10,X2)),double_divide(X11,double_divide(inverse(X0),X11))))),X9))))) = inverse(double_divide(inverse(double_divide(double_divide(inverse(double_divide(X0,double_divide(X1,X2))),double_divide(X3,double_divide(X1,X3))),double_divide(X4,double_divide(X5,X4)))),X6)) [forward demodulation 36998,33753]
39187. double_divide(inverse(X7),inverse(double_divide(inverse(double_divide(X7,double_divide(inverse(double_divide(X3,double_divide(X2,X4))),X5))),double_divide(X8,double_divide(double_divide(inverse(X9),inverse(double_divide(inverse(double_divide(X9,X4)),double_divide(X10,double_divide(inverse(X3),X10))))),X8))))) = inverse(double_divide(inverse(double_divide(X0,double_divide(double_divide(X1,double_divide(X2,X1)),X0))),X5)) [forward demodulation 36986,33753]
39199. double_divide(inverse(X7),inverse(double_divide(inverse(double_divide(X7,double_divide(inverse(double_divide(X3,double_divide(X2,X4))),inverse(X5)))),double_divide(X8,double_divide(double_divide(inverse(X9),inverse(double_divide(inverse(double_divide(X9,X4)),double_divide(X10,double_divide(inverse(X3),X10))))),X8))))) = inverse(double_divide(inverse(double_divide(X0,double_divide(double_divide(X1,double_divide(X2,X1)),X0))),inverse(X5))) [forward demodulation 36974,33753]
39204. double_divide(inverse(X9),inverse(double_divide(inverse(double_divide(X9,X1)),double_divide(X10,double_divide(double_divide(inverse(X11),inverse(double_divide(inverse(double_divide(X11,X4)),double_divide(X12,double_divide(inverse(X2),X12))))),X10))))) = inverse(double_divide(inverse(double_divide(double_divide(inverse(double_divide(X2,double_divide(X3,X4))),double_divide(X5,double_divide(X3,X5))),double_divide(X0,double_divide(inverse(X1),X0)))),double_divide(X6,inverse(double_divide(X7,double_divide(X6,X7)))))) [forward demodulation 36969,33753]
39210. double_divide(inverse(X9),inverse(double_divide(inverse(double_divide(X9,inverse(double_divide(X1,double_divide(X6,inverse(double_divide(X7,double_divide(X6,X7)))))))),double_divide(X10,double_divide(double_divide(inverse(X11),inverse(double_divide(inverse(double_divide(X11,X4)),double_divide(X12,double_divide(inverse(X2),X12))))),X10))))) = inverse(double_divide(inverse(double_divide(double_divide(inverse(double_divide(X2,double_divide(X3,X4))),double_divide(X5,double_divide(X3,X5))),double_divide(X0,X1))),X0)) [forward demodulation 36963,33753]
39262. inverse(double_divide(inverse(double_divide(double_divide(inverse(double_divide(X1,double_divide(X2,X3))),double_divide(X4,double_divide(X2,X4))),X0)),double_divide(X10,double_divide(inverse(X5),X10)))) = double_divide(inverse(X11),inverse(double_divide(X11,double_divide(inverse(double_divide(X12,double_divide(double_divide(inverse(X13),inverse(double_divide(inverse(double_divide(X13,X3)),double_divide(X14,double_divide(inverse(X1),X14))))),X12))),double_divide(inverse(double_divide(X5,double_divide(inverse(X6),X0))),double_divide(double_divide(inverse(X7),inverse(double_divide(inverse(double_divide(X7,X8)),double_divide(X9,double_divide(inverse(X6),X9))))),X8)))))) [forward demodulation 36909,36461]
39309. double_divide(inverse(X9),inverse(double_divide(inverse(double_divide(X9,X7)),double_divide(X10,double_divide(double_divide(inverse(X11),inverse(double_divide(inverse(double_divide(X11,X2)),double_divide(X12,double_divide(inverse(X1),X12))))),X10))))) = inverse(double_divide(inverse(double_divide(double_divide(inverse(double_divide(X1,double_divide(inverse(X0),X2))),double_divide(double_divide(X3,inverse(double_divide(double_divide(X4,X3),double_divide(X5,double_divide(X4,X5))))),X0)),double_divide(X6,X7))),X6)) [forward demodulation 36849,33753]
39344. double_divide(inverse(X8),inverse(double_divide(inverse(double_divide(X8,X6)),double_divide(X9,double_divide(double_divide(inverse(X10),inverse(double_divide(inverse(double_divide(X10,double_divide(X2,X3))),double_divide(X11,double_divide(inverse(X0),X11))))),X9))))) = inverse(double_divide(inverse(double_divide(double_divide(inverse(double_divide(X0,double_divide(X1,double_divide(X2,X1)))),double_divide(X4,double_divide(X3,X4))),double_divide(X5,X6))),X5)) [forward demodulation 36811,33753]
39363. double_divide(inverse(X14),inverse(double_divide(inverse(double_divide(X14,X12)),double_divide(X15,double_divide(double_divide(inverse(X16),inverse(double_divide(inverse(double_divide(X16,double_divide(inverse(X1),X9))),double_divide(X17,double_divide(inverse(inverse(double_divide(X8,X3))),X17))))),X15))))) = inverse(double_divide(inverse(double_divide(double_divide(double_divide(inverse(X0),inverse(double_divide(inverse(double_divide(X0,inverse(double_divide(inverse(double_divide(X1,double_divide(inverse(X2),X3))),double_divide(inverse(double_divide(inverse(double_divide(X2,double_divide(X4,X5))),double_divide(X6,double_divide(X4,X6)))),X5))))),double_divide(X7,double_divide(inverse(X8),X7))))),double_divide(X10,double_divide(X9,X10))),double_divide(X11,X12))),X11)) [forward demodulation 36792,33753]
39368. inverse(double_divide(inverse(double_divide(double_divide(X0,double_divide(X4,double_divide(X3,X4))),double_divide(X5,X6))),double_divide(X7,double_divide(X5,X7)))) = double_divide(inverse(X8),inverse(double_divide(inverse(double_divide(X8,X6)),double_divide(inverse(X10),inverse(double_divide(inverse(double_divide(X10,double_divide(X0,X3))),double_divide(X11,double_divide(inverse(inverse(double_divide(X1,double_divide(X2,double_divide(inverse(X1),X2))))),X11)))))))) [forward demodulation 36787,33753]
39381. double_divide(inverse(X8),inverse(double_divide(inverse(double_divide(X8,X6)),double_divide(X9,double_divide(double_divide(inverse(X10),inverse(double_divide(inverse(double_divide(X10,double_divide(X2,inverse(X3)))),double_divide(X11,double_divide(inverse(double_divide(X2,X1)),X11))))),X9))))) = inverse(double_divide(inverse(double_divide(double_divide(inverse(double_divide(X0,double_divide(X1,X0))),double_divide(X4,double_divide(inverse(X3),X4))),double_divide(X5,X6))),X5)) [forward demodulation 36773,33753]
39399. double_divide(inverse(X8),inverse(double_divide(inverse(double_divide(X8,X6)),double_divide(X9,double_divide(double_divide(inverse(X10),inverse(double_divide(inverse(double_divide(X10,inverse(double_divide(double_divide(X2,X1),double_divide(X3,double_divide(X2,X3)))))),double_divide(X11,double_divide(inverse(inverse(X0)),X11))))),X9))))) = inverse(double_divide(inverse(double_divide(double_divide(inverse(X0),double_divide(X4,double_divide(X1,X4))),double_divide(X5,X6))),X5)) [forward demodulation 36755,33753]
39428. double_divide(inverse(X15),inverse(double_divide(inverse(double_divide(X15,X13)),double_divide(X16,double_divide(double_divide(inverse(X17),inverse(double_divide(inverse(double_divide(X17,inverse(double_divide(inverse(X4),double_divide(X10,double_divide(inverse(X0),X10)))))),double_divide(X18,double_divide(inverse(X9),X18))))),X16))))) = inverse(double_divide(inverse(double_divide(double_divide(inverse(double_divide(X9,inverse(double_divide(inverse(double_divide(X0,double_divide(X1,inverse(double_divide(inverse(double_divide(X2,double_divide(inverse(X3),X4))),double_divide(inverse(double_divide(inverse(double_divide(X3,double_divide(X5,X6))),double_divide(X7,double_divide(X5,X7)))),X6)))))),double_divide(X8,double_divide(X1,X8)))))),double_divide(X11,double_divide(inverse(inverse(X2)),X11))),double_divide(X12,X13))),X12)) [forward demodulation 36726,33753]
39468. double_divide(inverse(double_divide(X7,X5)),double_divide(X8,double_divide(double_divide(inverse(X9),inverse(double_divide(inverse(double_divide(X9,X2)),double_divide(X10,double_divide(inverse(X0),X10))))),X8))) = inverse(inverse(double_divide(X7,double_divide(inverse(double_divide(double_divide(inverse(double_divide(X0,double_divide(X1,X2))),double_divide(X3,double_divide(X1,X3))),double_divide(X4,X5))),double_divide(X6,double_divide(X4,X6)))))) [forward demodulation 38147,31311]
39486. double_divide(inverse(double_divide(X8,X5)),double_divide(X9,double_divide(double_divide(inverse(X10),inverse(double_divide(inverse(double_divide(X10,X2)),double_divide(X11,double_divide(inverse(X0),X11))))),X9))) = inverse(double_divide(inverse(double_divide(inverse(double_divide(double_divide(inverse(double_divide(X0,double_divide(X1,X2))),double_divide(X3,double_divide(X1,X3))),double_divide(X4,X5))),double_divide(X6,double_divide(X4,X6)))),inverse(X8))) [forward demodulation 38165,33753]
39509. double_divide(X7,double_divide(X8,X7)) = double_divide(double_divide(inverse(X9),X8),double_divide(inverse(double_divide(inverse(double_divide(X9,X5)),double_divide(X10,double_divide(double_divide(inverse(X11),inverse(double_divide(inverse(double_divide(X11,X2)),double_divide(X12,double_divide(inverse(X0),X12))))),X10)))),inverse(double_divide(double_divide(inverse(double_divide(X0,double_divide(X1,X2))),double_divide(X3,double_divide(X1,X3))),inverse(X5))))) [forward demodulation 38188,36472]
39521. double_divide(inverse(inverse(X9)),inverse(double_divide(inverse(X11),double_divide(X18,double_divide(inverse(X7),X18))))) = double_divide(inverse(double_divide(X8,X5)),inverse(double_divide(double_divide(double_divide(inverse(double_divide(double_divide(inverse(double_divide(X0,double_divide(X1,X2))),double_divide(X3,double_divide(X1,X3))),double_divide(X4,X5))),double_divide(X6,double_divide(X4,X6))),inverse(double_divide(X15,double_divide(double_divide(inverse(X16),inverse(double_divide(inverse(double_divide(X16,X2)),double_divide(X17,double_divide(inverse(X0),X17))))),X15)))),double_divide(X7,double_divide(inverse(X8),inverse(double_divide(inverse(double_divide(X9,double_divide(inverse(X10),X11))),double_divide(inverse(double_divide(inverse(double_divide(X10,double_divide(X12,X13))),double_divide(X14,double_divide(X12,X14)))),X13)))))))) [forward demodulation 38201,36439]
39551. inverse(double_divide(inverse(double_divide(X7,double_divide(inverse(X8),X9))),double_divide(inverse(double_divide(inverse(double_divide(X8,double_divide(X10,X11))),double_divide(X12,double_divide(X10,X12)))),X11))) = double_divide(inverse(X13),double_divide(inverse(double_divide(X7,inverse(double_divide(inverse(double_divide(double_divide(inverse(double_divide(X0,double_divide(X1,X2))),double_divide(X3,double_divide(X1,X3))),double_divide(X4,X5))),double_divide(X6,double_divide(X4,X6)))))),inverse(double_divide(double_divide(double_divide(inverse(double_divide(X14,X5)),double_divide(X15,double_divide(double_divide(inverse(X16),inverse(double_divide(inverse(double_divide(X16,X2)),double_divide(X17,double_divide(inverse(X0),X17))))),X15))),inverse(double_divide(X18,double_divide(inverse(X14),X18)))),double_divide(X13,X9))))) [forward demodulation 38231,36439]
39581. double_divide(inverse(inverse(X9)),inverse(double_divide(inverse(inverse(double_divide(inverse(double_divide(X12,double_divide(X16,X10))),double_divide(X17,double_divide(X16,X17))))),double_divide(X18,double_divide(inverse(X7),X18))))) = double_divide(inverse(double_divide(X8,X5)),inverse(double_divide(double_divide(double_divide(inverse(double_divide(double_divide(inverse(double_divide(X0,double_divide(X1,X2))),double_divide(X3,double_divide(X1,X3))),double_divide(X4,X5))),double_divide(X6,double_divide(X4,X6))),inverse(double_divide(X13,double_divide(double_divide(inverse(X14),inverse(double_divide(inverse(double_divide(X14,X2)),double_divide(X15,double_divide(inverse(X0),X15))))),X13)))),double_divide(X7,double_divide(inverse(X8),inverse(double_divide(inverse(double_divide(X9,X10)),double_divide(X11,double_divide(inverse(X12),X11))))))))) [forward demodulation 38263,36439]
39610. double_divide(inverse(inverse(X10)),inverse(double_divide(inverse(X7),double_divide(X13,double_divide(inverse(X9),X13))))) = double_divide(X10,inverse(double_divide(double_divide(inverse(double_divide(double_divide(inverse(double_divide(X0,double_divide(X1,X2))),double_divide(X3,double_divide(X1,X3))),double_divide(X4,double_divide(double_divide(inverse(X5),inverse(double_divide(inverse(double_divide(X5,X2)),double_divide(X6,double_divide(inverse(X0),X6))))),X7)))),inverse(inverse(double_divide(X8,double_divide(X4,X8))))),inverse(X9)))) [forward demodulation 38292,36603]
39618. inverse(double_divide(inverse(double_divide(X7,double_divide(inverse(X8),X9))),double_divide(inverse(double_divide(inverse(double_divide(X8,double_divide(inverse(X10),X11))),double_divide(inverse(double_divide(inverse(double_divide(X10,double_divide(X12,X13))),double_divide(X14,double_divide(X12,X14)))),X13))),X11))) = double_divide(inverse(X15),double_divide(inverse(double_divide(X7,X5)),inverse(double_divide(double_divide(double_divide(inverse(double_divide(double_divide(inverse(double_divide(X0,double_divide(X1,X2))),double_divide(X3,double_divide(X1,X3))),double_divide(X4,X5))),double_divide(X6,double_divide(X4,X6))),inverse(double_divide(X16,double_divide(double_divide(inverse(X17),inverse(double_divide(inverse(double_divide(X17,X2)),double_divide(X18,double_divide(inverse(X0),X18))))),X16)))),double_divide(X15,X9))))) [forward demodulation 38301,36439]
39622. inverse(double_divide(inverse(double_divide(X7,X8)),double_divide(inverse(double_divide(inverse(double_divide(X9,X5)),double_divide(X10,double_divide(double_divide(inverse(X11),inverse(double_divide(inverse(double_divide(X11,X2)),double_divide(X12,double_divide(inverse(X0),X12))))),X10)))),inverse(double_divide(inverse(double_divide(double_divide(inverse(double_divide(X0,double_divide(X1,X2))),double_divide(X3,double_divide(X1,X3))),double_divide(X4,X5))),double_divide(X6,double_divide(X4,X6))))))) = inverse(double_divide(X7,double_divide(X9,inverse(X8)))) [forward demodulation 38305,36451]
39626. double_divide(inverse(X7),double_divide(inverse(double_divide(X8,inverse(double_divide(inverse(double_divide(double_divide(inverse(double_divide(X0,double_divide(X1,X2))),double_divide(X3,double_divide(X1,X3))),double_divide(X4,X5))),double_divide(X6,double_divide(X4,X6)))))),inverse(double_divide(double_divide(double_divide(inverse(double_divide(X10,X5)),double_divide(X11,double_divide(double_divide(inverse(X12),inverse(double_divide(inverse(double_divide(X12,X2)),double_divide(X13,double_divide(inverse(X0),X13))))),X11))),inverse(double_divide(inverse(double_divide(inverse(double_divide(X10,double_divide(X14,X15))),double_divide(X16,double_divide(X14,X16)))),X15))),double_divide(X7,double_divide(inverse(X8),X9)))))) = X9 [forward demodulation 38309,36439]
39653. double_divide(inverse(X7),inverse(double_divide(inverse(double_divide(X7,X8)),double_divide(X9,double_divide(inverse(X10),X9))))) = double_divide(inverse(X11),double_divide(inverse(double_divide(X10,X5)),inverse(double_divide(double_divide(double_divide(inverse(double_divide(double_divide(inverse(double_divide(X0,double_divide(X1,X2))),double_divide(X3,double_divide(X1,X3))),double_divide(X4,X5))),double_divide(X6,double_divide(X4,X6))),inverse(double_divide(X12,double_divide(double_divide(inverse(X13),inverse(double_divide(inverse(double_divide(X13,X2)),double_divide(X14,double_divide(inverse(X0),X14))))),X12)))),double_divide(X11,X8))))) [forward demodulation 38340,36439]
39675. inverse(double_divide(X7,double_divide(X8,X7))) = double_divide(double_divide(inverse(X0),inverse(double_divide(inverse(double_divide(X0,X1)),double_divide(X2,double_divide(double_divide(inverse(X3),inverse(double_divide(inverse(double_divide(X3,X4)),double_divide(X5,double_divide(inverse(X6),X5))))),X2))))),inverse(double_divide(double_divide(inverse(inverse(double_divide(inverse(double_divide(X6,double_divide(X9,X4))),double_divide(X10,double_divide(X9,X10))))),inverse(X1)),X8))) [forward demodulation 38362,36268]
39757. inverse(double_divide(inverse(double_divide(X7,double_divide(double_divide(inverse(X0),inverse(double_divide(inverse(double_divide(X0,X1)),double_divide(X2,double_divide(double_divide(inverse(X3),inverse(double_divide(inverse(double_divide(X3,X4)),double_divide(X5,double_divide(inverse(X6),X5))))),X2))))),X12))),double_divide(inverse(double_divide(inverse(double_divide(double_divide(inverse(double_divide(double_divide(inverse(double_divide(X6,double_divide(X8,X4))),double_divide(X9,double_divide(X8,X9))),double_divide(X10,X1))),double_divide(X11,double_divide(X10,X11))),double_divide(X13,X14))),double_divide(X15,double_divide(X13,X15)))),X14))) = inverse(double_divide(X7,inverse(X12))) [forward demodulation 38444,36190]
39774. inverse(double_divide(double_divide(inverse(X0),inverse(double_divide(inverse(double_divide(X0,X1)),double_divide(X2,double_divide(double_divide(inverse(X3),inverse(double_divide(inverse(double_divide(X3,X4)),double_divide(X5,double_divide(inverse(X6),X5))))),X2))))),double_divide(X11,double_divide(inverse(X12),X11)))) = inverse(double_divide(inverse(double_divide(double_divide(inverse(double_divide(X6,double_divide(X7,X4))),double_divide(X8,double_divide(X7,X8))),double_divide(X9,X1))),double_divide(X12,inverse(double_divide(X10,double_divide(X9,X10)))))) [forward demodulation 38463,36451]
39780. double_divide(X7,inverse(X8)) = double_divide(inverse(inverse(double_divide(X9,double_divide(X7,double_divide(X10,double_divide(X11,X10)))))),inverse(double_divide(double_divide(inverse(inverse(double_divide(double_divide(inverse(double_divide(X6,double_divide(X12,X4))),double_divide(X13,double_divide(X12,X13))),double_divide(X11,X1)))),inverse(double_divide(double_divide(inverse(X0),inverse(double_divide(inverse(double_divide(X0,X1)),double_divide(X2,double_divide(double_divide(inverse(X3),inverse(double_divide(inverse(double_divide(X3,X4)),double_divide(X5,double_divide(inverse(X6),X5))))),X2))))),double_divide(X14,double_divide(inverse(X9),X14))))),double_divide(inverse(double_divide(X8,inverse(X16))),X16)))) [forward demodulation 38470,36472]
39781. inverse(double_divide(double_divide(inverse(X0),inverse(double_divide(inverse(double_divide(X0,X1)),double_divide(X2,double_divide(double_divide(inverse(X3),inverse(double_divide(inverse(double_divide(X3,X4)),double_divide(X5,double_divide(inverse(X6),X5))))),X2))))),double_divide(X11,double_divide(inverse(X12),X11)))) = inverse(double_divide(inverse(double_divide(inverse(double_divide(double_divide(inverse(double_divide(X6,double_divide(X7,X4))),double_divide(X8,double_divide(X7,X8))),double_divide(X9,X1))),double_divide(X10,double_divide(X9,X10)))),inverse(X12))) [forward demodulation 38472,35914]
39785. double_divide(X7,X8) = double_divide(inverse(inverse(double_divide(X9,double_divide(X7,double_divide(X10,double_divide(X11,X10)))))),inverse(double_divide(double_divide(X11,inverse(X9)),X8))) [forward demodulation 38476,1334]
39840. inverse(double_divide(double_divide(inverse(X0),inverse(double_divide(inverse(double_divide(X0,X1)),double_divide(X2,double_divide(double_divide(inverse(X3),inverse(double_divide(inverse(double_divide(X3,X4)),double_divide(X5,double_divide(inverse(X6),X5))))),X2))))),double_divide(X11,double_divide(X10,X11)))) = double_divide(inverse(X12),inverse(double_divide(inverse(double_divide(X12,double_divide(X9,X10))),double_divide(inverse(double_divide(inverse(double_divide(double_divide(inverse(double_divide(X6,double_divide(X7,X4))),double_divide(X8,double_divide(X7,X8))),double_divide(X9,X1))),inverse(X14))),X14)))) [forward demodulation 38538,36472]
39861. double_divide(inverse(X7),inverse(double_divide(inverse(double_divide(X7,double_divide(inverse(X8),X9))),double_divide(double_divide(inverse(double_divide(inverse(double_divide(X6,double_divide(X10,X4))),double_divide(X11,double_divide(X10,X11)))),double_divide(inverse(X0),inverse(double_divide(inverse(double_divide(X0,X1)),double_divide(inverse(X3),inverse(double_divide(inverse(double_divide(X3,X4)),inverse(X6)))))))),double_divide(inverse(X8),X1))))) = X9 [forward demodulation 38560,33753]
39925. inverse(double_divide(inverse(double_divide(double_divide(inverse(double_divide(X4,double_divide(X7,X2))),double_divide(X8,double_divide(X7,X8))),double_divide(X9,X10))),double_divide(X11,double_divide(X9,X11)))) = inverse(double_divide(double_divide(double_divide(inverse(X1),inverse(double_divide(inverse(double_divide(X1,X2)),double_divide(X3,double_divide(inverse(X4),X3))))),double_divide(X5,inverse(double_divide(X6,double_divide(X5,X6))))),inverse(X10))) [forward demodulation 38640,36190]
39947. inverse(double_divide(inverse(double_divide(double_divide(inverse(double_divide(X4,double_divide(X5,X2))),double_divide(X6,double_divide(X5,X6))),double_divide(X7,X8))),double_divide(X9,double_divide(X7,X9)))) = inverse(double_divide(double_divide(inverse(X11),double_divide(inverse(X1),inverse(X11))),double_divide(inverse(X10),inverse(double_divide(inverse(double_divide(X10,X8)),double_divide(inverse(double_divide(X1,X2)),double_divide(X3,double_divide(inverse(X4),X3)))))))) [forward demodulation 38662,36672]
39956. inverse(double_divide(inverse(double_divide(double_divide(inverse(double_divide(X0,double_divide(X4,inverse(double_divide(inverse(double_divide(X3,double_divide(X5,X1))),double_divide(X6,double_divide(X5,X6))))))),double_divide(X7,double_divide(X4,X7))),double_divide(X8,X9))),double_divide(X10,double_divide(X8,X10)))) = inverse(double_divide(double_divide(inverse(double_divide(X0,X1)),double_divide(X2,double_divide(inverse(X3),X2))),inverse(X9))) [forward demodulation 38671,36190]
39961. inverse(double_divide(inverse(double_divide(double_divide(inverse(double_divide(X1,double_divide(X2,double_divide(inverse(X1),X3)))),double_divide(X4,double_divide(X2,X4))),double_divide(X5,X6))),double_divide(X7,double_divide(X5,X7)))) = double_divide(inverse(X8),double_divide(inverse(X3),inverse(inverse(double_divide(X8,X6))))) [forward demodulation 38676,36599]
39964. inverse(double_divide(inverse(double_divide(double_divide(inverse(double_divide(X1,double_divide(X7,inverse(double_divide(inverse(double_divide(X4,double_divide(X8,X2))),double_divide(X9,double_divide(X8,X9))))))),double_divide(X10,double_divide(X7,X10))),double_divide(X11,X12))),double_divide(X13,double_divide(X11,X13)))) = double_divide(inverse(X14),inverse(double_divide(inverse(double_divide(X14,X12)),inverse(double_divide(inverse(double_divide(X1,X2)),double_divide(X3,double_divide(inverse(X4),X3))))))) [forward demodulation 38679,21]
39969. inverse(double_divide(inverse(double_divide(double_divide(inverse(double_divide(X7,double_divide(X8,double_divide(inverse(X7),inverse(double_divide(inverse(double_divide(X0,X3)),double_divide(X9,double_divide(inverse(X1),X9)))))))),double_divide(X10,double_divide(X8,X10))),double_divide(X11,X12))),double_divide(X13,double_divide(X11,X13)))) = double_divide(inverse(X14),inverse(double_divide(inverse(double_divide(X14,X12)),inverse(double_divide(X0,double_divide(inverse(double_divide(X1,double_divide(X2,X3))),double_divide(X4,double_divide(X2,X4)))))))) [forward demodulation 38684,31593]
39971. inverse(double_divide(inverse(double_divide(double_divide(inverse(double_divide(X2,double_divide(X3,double_divide(inverse(X2),double_divide(X4,double_divide(X0,X4)))))),double_divide(X5,double_divide(X3,X5))),double_divide(X6,X7))),double_divide(X8,double_divide(X6,X8)))) = double_divide(inverse(X9),inverse(double_divide(inverse(double_divide(X9,X7)),X0))) [forward demodulation 38686,33753]
39972. inverse(double_divide(inverse(double_divide(double_divide(inverse(double_divide(X8,double_divide(X9,double_divide(inverse(X8),X1)))),double_divide(X10,double_divide(X9,X10))),double_divide(X11,X12))),double_divide(X13,double_divide(X11,X13)))) = double_divide(inverse(X14),inverse(double_divide(inverse(double_divide(X14,X12)),X1))) [forward demodulation 38687,84]
40080. inverse(double_divide(inverse(double_divide(double_divide(inverse(double_divide(double_divide(inverse(double_divide(X1,double_divide(X2,double_divide(inverse(X1),X0)))),double_divide(X3,double_divide(X2,X3))),double_divide(X4,X5))),double_divide(X6,double_divide(X4,X6))),double_divide(X7,X8))),double_divide(X9,double_divide(X7,X9)))) = double_divide(inverse(X10),inverse(double_divide(inverse(double_divide(X10,X8)),double_divide(inverse(X12),inverse(double_divide(inverse(double_divide(X12,X5)),X0)))))) [forward demodulation 38795,33753]
40088. inverse(double_divide(inverse(double_divide(double_divide(inverse(double_divide(X1,double_divide(X2,X3))),double_divide(X4,double_divide(X2,X4))),double_divide(X5,X6))),double_divide(X7,double_divide(X5,X7)))) = double_divide(inverse(X8),inverse(double_divide(inverse(double_divide(X8,X6)),double_divide(inverse(inverse(X3)),double_divide(X10,double_divide(inverse(X1),X10)))))) [forward demodulation 38803,36015]
40111. inverse(double_divide(inverse(double_divide(double_divide(inverse(double_divide(X4,double_divide(X5,double_divide(inverse(double_divide(inverse(double_divide(X6,double_divide(X7,X8))),double_divide(X9,double_divide(X7,X9)))),X8)))),double_divide(X10,double_divide(X5,X10))),double_divide(X11,X12))),double_divide(X13,double_divide(X11,X13)))) = double_divide(inverse(X14),inverse(double_divide(inverse(double_divide(X14,X12)),double_divide(inverse(X6),inverse(X4))))) [forward demodulation 38826,22]
40150. inverse(double_divide(inverse(double_divide(double_divide(inverse(double_divide(X9,double_divide(X10,inverse(double_divide(inverse(X4),double_divide(X11,double_divide(inverse(X0),X11))))))),double_divide(X12,double_divide(X10,X12))),double_divide(X13,X14))),double_divide(X15,double_divide(X13,X15)))) = double_divide(inverse(X16),inverse(double_divide(inverse(double_divide(X16,X14)),double_divide(inverse(inverse(inverse(X2))),inverse(double_divide(inverse(inverse(double_divide(inverse(double_divide(X0,double_divide(X1,inverse(double_divide(inverse(double_divide(X2,double_divide(inverse(X3),X4))),double_divide(inverse(double_divide(inverse(double_divide(X3,double_divide(X5,X6))),double_divide(X7,double_divide(X5,X7)))),X6)))))),double_divide(X8,double_divide(X1,X8))))),inverse(X9))))))) [forward demodulation 38865,33753]
40155. double_divide(inverse(X10),inverse(double_divide(inverse(double_divide(X10,X8)),double_divide(X11,double_divide(double_divide(inverse(inverse(X0)),inverse(double_divide(inverse(X0),double_divide(X12,double_divide(inverse(X1),X12))))),X11))))) = inverse(double_divide(double_divide(inverse(double_divide(X1,double_divide(X2,double_divide(X3,double_divide(inverse(X4),inverse(double_divide(X4,double_divide(X5,double_divide(X3,X5))))))))),double_divide(X6,double_divide(X2,X6))),inverse(X8))) [forward demodulation 38870,36472]
40236. inverse(double_divide(inverse(double_divide(double_divide(inverse(double_divide(X3,double_divide(X4,X5))),double_divide(X6,double_divide(X4,X6))),double_divide(X7,double_divide(X2,X8)))),double_divide(X9,double_divide(X7,X9)))) = double_divide(inverse(X8),inverse(double_divide(double_divide(inverse(X0),inverse(double_divide(X0,double_divide(X1,double_divide(X2,X1))))),double_divide(inverse(X11),inverse(double_divide(inverse(double_divide(X11,X5)),inverse(X3))))))) [forward demodulation 38951,33753]
40242. inverse(double_divide(inverse(double_divide(double_divide(inverse(double_divide(X2,double_divide(X3,X4))),double_divide(X5,double_divide(X3,X5))),double_divide(X6,double_divide(X1,inverse(X7))))),double_divide(X8,double_divide(X6,X8)))) = double_divide(inverse(inverse(X7)),double_divide(inverse(X10),inverse(double_divide(inverse(double_divide(inverse(double_divide(X10,X4)),inverse(X2))),X1)))) [forward demodulation 38957,33753]
40273. inverse(double_divide(inverse(double_divide(double_divide(inverse(double_divide(X2,double_divide(X3,X4))),double_divide(X5,double_divide(X3,X5))),double_divide(X6,inverse(double_divide(X1,double_divide(X7,inverse(double_divide(X8,double_divide(X7,X8))))))))),double_divide(X9,double_divide(X6,X9)))) = double_divide(inverse(X0),inverse(double_divide(inverse(double_divide(X0,X1)),double_divide(inverse(X11),inverse(double_divide(inverse(double_divide(X11,X4)),inverse(X2))))))) [forward demodulation 38988,33753]
40288. inverse(double_divide(inverse(double_divide(double_divide(inverse(double_divide(X7,double_divide(X8,X9))),double_divide(X10,double_divide(X8,X10))),double_divide(X11,inverse(double_divide(inverse(X4),double_divide(X12,double_divide(inverse(X0),X12))))))),double_divide(X13,double_divide(X11,X13)))) = double_divide(inverse(inverse(inverse(X2))),inverse(double_divide(inverse(inverse(double_divide(inverse(double_divide(X0,double_divide(X1,inverse(double_divide(inverse(double_divide(X2,double_divide(X3,X4))),double_divide(X5,double_divide(X3,X5))))))),double_divide(X6,double_divide(X1,X6))))),double_divide(inverse(X15),inverse(double_divide(inverse(double_divide(X15,X9)),inverse(X7))))))) [forward demodulation 39003,33753]
40326. double_divide(inverse(inverse(X6)),inverse(double_divide(inverse(X0),double_divide(X16,double_divide(double_divide(inverse(X17),inverse(double_divide(inverse(double_divide(X17,X3)),double_divide(X18,double_divide(inverse(X1),X18))))),X16))))) = inverse(double_divide(double_divide(inverse(double_divide(X1,double_divide(X2,X3))),double_divide(X4,double_divide(X2,X4))),double_divide(inverse(double_divide(X6,double_divide(inverse(X7),X0))),double_divide(inverse(double_divide(inverse(double_divide(X7,double_divide(inverse(X8),X9))),inverse(X8))),X9)))) [forward demodulation 39041,31243]
40381. double_divide(inverse(X0),inverse(double_divide(inverse(double_divide(X0,X1)),double_divide(X2,double_divide(double_divide(inverse(X3),inverse(double_divide(inverse(double_divide(X3,X4)),double_divide(X5,double_divide(inverse(X6),X5))))),X2))))) = double_divide(inverse(X11),inverse(double_divide(inverse(double_divide(X11,X1)),double_divide(inverse(X13),inverse(double_divide(inverse(double_divide(X13,X4)),inverse(X6))))))) [forward demodulation 39097,33753]
40458. double_divide(inverse(X8),inverse(double_divide(inverse(double_divide(X8,double_divide(X5,X6))),double_divide(X9,double_divide(double_divide(inverse(X10),inverse(double_divide(inverse(double_divide(X10,X2)),double_divide(X11,double_divide(inverse(X0),X11))))),X9))))) = inverse(double_divide(inverse(double_divide(double_divide(inverse(double_divide(X0,double_divide(X1,X2))),double_divide(X3,double_divide(X1,X3))),X5)),X6)) [forward demodulation 39175,33753]
40470. inverse(double_divide(inverse(double_divide(X0,double_divide(double_divide(X1,double_divide(X2,X1)),X0))),X5)) = double_divide(inverse(X7),inverse(double_divide(inverse(double_divide(X7,double_divide(inverse(double_divide(X3,double_divide(X2,X4))),X5))),double_divide(inverse(X9),inverse(double_divide(inverse(double_divide(X9,X4)),double_divide(X10,double_divide(inverse(X3),X10)))))))) [forward demodulation 39187,33753]
40482. double_divide(inverse(X7),inverse(double_divide(inverse(double_divide(X7,double_divide(inverse(double_divide(X3,double_divide(X2,X4))),inverse(X5)))),double_divide(X8,double_divide(double_divide(inverse(X9),inverse(double_divide(inverse(double_divide(X9,X4)),double_divide(X10,double_divide(inverse(X3),X10))))),X8))))) = inverse(double_divide(X0,double_divide(X5,inverse(double_divide(double_divide(X1,double_divide(X2,X1)),X0))))) [forward demodulation 39199,36192]
40487. double_divide(inverse(X9),inverse(double_divide(inverse(double_divide(X9,X1)),double_divide(X10,double_divide(double_divide(inverse(X11),inverse(double_divide(inverse(double_divide(X11,X4)),double_divide(X12,double_divide(inverse(X2),X12))))),X10))))) = inverse(double_divide(double_divide(inverse(double_divide(X2,double_divide(X3,X4))),double_divide(X5,double_divide(X3,X5))),double_divide(X0,double_divide(inverse(X1),X0)))) [forward demodulation 39204,6462]
40493. double_divide(inverse(X9),inverse(double_divide(inverse(double_divide(X9,inverse(double_divide(X1,double_divide(X6,inverse(double_divide(X7,double_divide(X6,X7)))))))),double_divide(X10,double_divide(double_divide(inverse(X11),inverse(double_divide(inverse(double_divide(X11,X4)),double_divide(X12,double_divide(inverse(X2),X12))))),X10))))) = inverse(double_divide(double_divide(inverse(double_divide(X2,double_divide(X3,X4))),double_divide(X5,double_divide(X3,X5))),inverse(X1))) [forward demodulation 39210,36472]
40545. inverse(double_divide(inverse(double_divide(double_divide(inverse(double_divide(X1,double_divide(X2,X3))),double_divide(X4,double_divide(X2,X4))),X0)),double_divide(X10,double_divide(inverse(X5),X10)))) = inverse(double_divide(inverse(double_divide(X12,double_divide(double_divide(inverse(X13),inverse(double_divide(inverse(double_divide(X13,X3)),double_divide(X14,double_divide(inverse(X1),X14))))),X12))),double_divide(inverse(double_divide(X5,double_divide(inverse(X6),X0))),double_divide(double_divide(inverse(X7),inverse(double_divide(inverse(double_divide(X7,X8)),double_divide(X9,double_divide(inverse(X6),X9))))),X8)))) [forward demodulation 39262,29371]
40592. double_divide(inverse(X9),inverse(double_divide(inverse(double_divide(X9,X7)),double_divide(X10,double_divide(double_divide(inverse(X11),inverse(double_divide(inverse(double_divide(X11,X2)),double_divide(X12,double_divide(inverse(X1),X12))))),X10))))) = inverse(double_divide(double_divide(inverse(double_divide(X1,double_divide(inverse(X0),X2))),double_divide(double_divide(X3,inverse(double_divide(double_divide(X4,X3),double_divide(X5,double_divide(X4,X5))))),X0)),inverse(X7))) [forward demodulation 39309,36472]
40627. double_divide(inverse(X8),inverse(double_divide(inverse(double_divide(X8,X6)),double_divide(X9,double_divide(double_divide(inverse(X10),inverse(double_divide(inverse(double_divide(X10,double_divide(X2,X3))),double_divide(X11,double_divide(inverse(X0),X11))))),X9))))) = inverse(double_divide(double_divide(inverse(double_divide(X0,double_divide(X1,double_divide(X2,X1)))),double_divide(X4,double_divide(X3,X4))),inverse(X6))) [forward demodulation 39344,36472]
40646. double_divide(inverse(X14),inverse(double_divide(inverse(double_divide(X14,X12)),double_divide(X15,double_divide(double_divide(inverse(X16),inverse(double_divide(inverse(double_divide(X16,double_divide(inverse(X1),X9))),double_divide(X17,double_divide(inverse(inverse(double_divide(X8,X3))),X17))))),X15))))) = inverse(double_divide(double_divide(double_divide(inverse(X0),inverse(double_divide(inverse(double_divide(X0,inverse(double_divide(inverse(double_divide(X1,double_divide(inverse(X2),X3))),double_divide(inverse(double_divide(inverse(double_divide(X2,double_divide(X4,X5))),double_divide(X6,double_divide(X4,X6)))),X5))))),double_divide(X7,double_divide(inverse(X8),X7))))),double_divide(X10,double_divide(X9,X10))),inverse(X12))) [forward demodulation 39363,36472]
40651. inverse(double_divide(inverse(double_divide(double_divide(X0,double_divide(X4,double_divide(X3,X4))),double_divide(X5,X6))),double_divide(X7,double_divide(X5,X7)))) = double_divide(inverse(X8),inverse(double_divide(inverse(double_divide(X8,X6)),double_divide(inverse(X10),inverse(double_divide(X10,double_divide(X0,X3))))))) [forward demodulation 39368,17202]
40664. double_divide(inverse(X8),inverse(double_divide(inverse(double_divide(X8,X6)),double_divide(X9,double_divide(double_divide(inverse(X10),inverse(double_divide(inverse(double_divide(X10,double_divide(X2,inverse(X3)))),double_divide(X11,double_divide(inverse(double_divide(X2,X1)),X11))))),X9))))) = inverse(double_divide(double_divide(inverse(double_divide(X0,double_divide(X1,X0))),double_divide(X4,double_divide(inverse(X3),X4))),inverse(X6))) [forward demodulation 39381,36472]
40682. double_divide(inverse(X8),inverse(double_divide(inverse(double_divide(X8,X6)),double_divide(X9,double_divide(double_divide(inverse(X10),inverse(double_divide(inverse(double_divide(X10,inverse(double_divide(double_divide(X2,X1),double_divide(X3,double_divide(X2,X3)))))),double_divide(X11,double_divide(inverse(inverse(X0)),X11))))),X9))))) = inverse(double_divide(double_divide(inverse(X0),double_divide(X4,double_divide(X1,X4))),inverse(X6))) [forward demodulation 39399,36472]
40711. double_divide(inverse(X15),inverse(double_divide(inverse(double_divide(X15,X13)),double_divide(X16,double_divide(double_divide(inverse(X17),inverse(double_divide(inverse(double_divide(X17,inverse(double_divide(inverse(X4),double_divide(X10,double_divide(inverse(X0),X10)))))),double_divide(X18,double_divide(inverse(X9),X18))))),X16))))) = inverse(double_divide(double_divide(inverse(double_divide(X9,inverse(double_divide(inverse(double_divide(X0,double_divide(X1,inverse(double_divide(inverse(double_divide(X2,double_divide(inverse(X3),X4))),double_divide(inverse(double_divide(inverse(double_divide(X3,double_divide(X5,X6))),double_divide(X7,double_divide(X5,X7)))),X6)))))),double_divide(X8,double_divide(X1,X8)))))),double_divide(X11,double_divide(inverse(inverse(X2)),X11))),inverse(X13))) [forward demodulation 39428,36472]
40751. double_divide(inverse(double_divide(X7,X5)),double_divide(X8,double_divide(double_divide(inverse(X9),inverse(double_divide(inverse(double_divide(X9,X2)),double_divide(X10,double_divide(inverse(X0),X10))))),X8))) = inverse(inverse(double_divide(inverse(double_divide(X7,X5)),inverse(double_divide(inverse(double_divide(X0,double_divide(X1,X2))),double_divide(X3,double_divide(X1,X3))))))) [forward demodulation 39468,31718]
40769. double_divide(inverse(double_divide(X8,X5)),double_divide(X9,double_divide(double_divide(inverse(X10),inverse(double_divide(inverse(double_divide(X10,X2)),double_divide(X11,double_divide(inverse(X0),X11))))),X9))) = inverse(double_divide(inverse(double_divide(double_divide(inverse(double_divide(X0,double_divide(X1,X2))),double_divide(X3,double_divide(X1,X3))),double_divide(X4,X5))),double_divide(X8,inverse(double_divide(X6,double_divide(X4,X6)))))) [forward demodulation 39486,36192]
40792. double_divide(X7,double_divide(X8,X7)) = double_divide(double_divide(inverse(X9),X8),double_divide(inverse(double_divide(inverse(double_divide(X9,X5)),double_divide(X10,double_divide(double_divide(inverse(X11),inverse(double_divide(inverse(double_divide(X11,X2)),double_divide(X12,double_divide(inverse(X0),X12))))),X10)))),inverse(double_divide(double_divide(inverse(inverse(X0)),inverse(X2)),inverse(X5))))) [forward demodulation 39509,36268]
40804. double_divide(inverse(inverse(X9)),inverse(double_divide(inverse(X11),double_divide(X18,double_divide(inverse(X7),X18))))) = double_divide(inverse(double_divide(X8,X5)),inverse(double_divide(double_divide(double_divide(inverse(double_divide(double_divide(inverse(double_divide(X0,double_divide(X1,X2))),double_divide(X3,double_divide(X1,X3))),double_divide(X4,X5))),double_divide(X6,double_divide(X4,X6))),inverse(double_divide(X15,double_divide(double_divide(inverse(X16),inverse(double_divide(inverse(double_divide(X16,X2)),double_divide(X17,double_divide(inverse(X0),X17))))),X15)))),double_divide(X7,double_divide(inverse(X8),inverse(double_divide(inverse(double_divide(X9,double_divide(inverse(X10),X11))),double_divide(inverse(double_divide(inverse(double_divide(X10,double_divide(X12,X13))),X12)),X13)))))))) [forward demodulation 39521,33753]
40834. inverse(double_divide(inverse(double_divide(X7,double_divide(inverse(X8),X9))),double_divide(inverse(double_divide(inverse(double_divide(X8,double_divide(X10,X11))),double_divide(X12,double_divide(X10,X12)))),X11))) = double_divide(inverse(X13),double_divide(inverse(double_divide(X7,inverse(double_divide(inverse(double_divide(double_divide(inverse(double_divide(X0,double_divide(X1,X2))),double_divide(X3,double_divide(X1,X3))),double_divide(X4,X5))),double_divide(X6,double_divide(X4,X6)))))),inverse(double_divide(double_divide(double_divide(inverse(double_divide(X14,X5)),double_divide(X15,double_divide(double_divide(inverse(X16),inverse(double_divide(inverse(double_divide(X16,X2)),double_divide(X17,double_divide(inverse(X0),X17))))),X15))),X14),double_divide(X13,X9))))) [forward demodulation 39551,35155]
40864. double_divide(inverse(inverse(X9)),inverse(double_divide(inverse(inverse(double_divide(inverse(double_divide(X12,double_divide(X16,X10))),double_divide(X17,double_divide(X16,X17))))),double_divide(X18,double_divide(inverse(X7),X18))))) = double_divide(inverse(double_divide(X8,X5)),inverse(double_divide(double_divide(double_divide(inverse(double_divide(double_divide(inverse(double_divide(X0,double_divide(X1,X2))),double_divide(X3,double_divide(X1,X3))),double_divide(X4,X5))),double_divide(X6,double_divide(X4,X6))),inverse(double_divide(X13,double_divide(double_divide(inverse(X14),inverse(double_divide(inverse(double_divide(X14,X2)),double_divide(X15,double_divide(inverse(X0),X15))))),X13)))),double_divide(X7,double_divide(inverse(X8),inverse(double_divide(inverse(double_divide(X9,X10)),inverse(X12)))))))) [forward demodulation 39581,33753]
40893. double_divide(inverse(inverse(X10)),inverse(double_divide(inverse(X7),double_divide(X13,double_divide(inverse(X9),X13))))) = double_divide(X10,inverse(double_divide(double_divide(inverse(double_divide(double_divide(inverse(double_divide(X0,double_divide(X1,X2))),double_divide(X3,double_divide(X1,X3))),double_divide(X4,double_divide(double_divide(inverse(X5),inverse(double_divide(inverse(double_divide(X5,X2)),double_divide(X6,double_divide(inverse(X0),X6))))),X7)))),double_divide(X8,double_divide(X4,X8))),inverse(X9)))) [forward demodulation 39610,36439]
40901. inverse(double_divide(inverse(double_divide(X7,double_divide(inverse(X8),X9))),double_divide(inverse(double_divide(inverse(double_divide(X8,double_divide(inverse(X10),X11))),double_divide(inverse(double_divide(inverse(double_divide(X10,double_divide(X12,X13))),double_divide(X14,double_divide(X12,X14)))),X13))),X11))) = double_divide(inverse(X15),double_divide(inverse(double_divide(X7,X5)),inverse(double_divide(double_divide(double_divide(inverse(double_divide(double_divide(inverse(double_divide(X0,double_divide(X1,X2))),double_divide(X3,double_divide(X1,X3))),double_divide(X4,X5))),double_divide(X6,double_divide(X4,X6))),inverse(double_divide(X16,double_divide(double_divide(inverse(X17),inverse(double_divide(inverse(double_divide(X17,X2)),inverse(X0)))),X16)))),double_divide(X15,X9))))) [forward demodulation 39618,33753]
40905. double_divide(inverse(double_divide(X9,X5)),inverse(double_divide(double_divide(double_divide(inverse(double_divide(double_divide(inverse(double_divide(X0,double_divide(X1,X2))),double_divide(X3,double_divide(X1,X3))),double_divide(X4,X5))),double_divide(X6,double_divide(X4,X6))),inverse(double_divide(X10,double_divide(double_divide(inverse(X11),inverse(double_divide(inverse(double_divide(X11,X2)),double_divide(X12,double_divide(inverse(X0),X12))))),X10)))),inverse(inverse(double_divide(X7,X8)))))) = inverse(double_divide(X7,double_divide(X9,inverse(X8)))) [forward demodulation 39622,36603]
40909. double_divide(inverse(X7),double_divide(inverse(double_divide(X8,inverse(double_divide(inverse(double_divide(double_divide(inverse(double_divide(X0,double_divide(X1,X2))),double_divide(X3,double_divide(X1,X3))),double_divide(X4,X5))),double_divide(X6,double_divide(X4,X6)))))),inverse(double_divide(double_divide(double_divide(inverse(double_divide(X10,X5)),double_divide(X11,double_divide(double_divide(inverse(X12),inverse(double_divide(inverse(double_divide(X12,X2)),double_divide(X13,double_divide(inverse(X0),X13))))),X11))),inverse(double_divide(inverse(double_divide(inverse(double_divide(X10,double_divide(X14,X15))),X14)),X15))),double_divide(X7,double_divide(inverse(X8),X9)))))) = X9 [forward demodulation 39626,33753]
40936. double_divide(inverse(X7),inverse(double_divide(inverse(double_divide(X7,X8)),double_divide(X9,double_divide(inverse(X10),X9))))) = double_divide(inverse(X11),double_divide(inverse(double_divide(X10,X5)),inverse(double_divide(double_divide(double_divide(inverse(double_divide(double_divide(inverse(double_divide(X0,double_divide(X1,X2))),double_divide(X3,double_divide(X1,X3))),double_divide(X4,X5))),double_divide(X6,double_divide(X4,X6))),inverse(double_divide(X12,double_divide(double_divide(inverse(X13),inverse(double_divide(inverse(double_divide(X13,X2)),inverse(X0)))),X12)))),double_divide(X11,X8))))) [forward demodulation 39653,33753]
40958. inverse(double_divide(X7,double_divide(X8,X7))) = double_divide(double_divide(inverse(X0),inverse(double_divide(inverse(double_divide(X0,X1)),double_divide(X2,double_divide(double_divide(inverse(X3),inverse(double_divide(inverse(double_divide(X3,X4)),double_divide(X5,double_divide(inverse(X6),X5))))),X2))))),inverse(double_divide(double_divide(double_divide(inverse(inverse(X6)),inverse(X4)),inverse(X1)),X8))) [forward demodulation 39675,31297]
41040. inverse(double_divide(inverse(double_divide(X7,double_divide(double_divide(inverse(X0),inverse(double_divide(inverse(double_divide(X0,X1)),double_divide(X2,double_divide(double_divide(inverse(X3),inverse(double_divide(inverse(double_divide(X3,X4)),double_divide(X5,double_divide(inverse(X6),X5))))),X2))))),X12))),double_divide(inverse(double_divide(inverse(double_divide(double_divide(inverse(double_divide(double_divide(inverse(double_divide(X6,double_divide(X8,X4))),double_divide(X9,double_divide(X8,X9))),double_divide(X10,X1))),double_divide(X11,double_divide(X10,X11))),double_divide(X13,X14))),X13)),X14))) = inverse(double_divide(X7,inverse(X12))) [forward demodulation 39757,33753]
41057. inverse(double_divide(double_divide(inverse(X0),inverse(double_divide(inverse(double_divide(X0,X1)),double_divide(X2,double_divide(double_divide(inverse(X3),inverse(double_divide(inverse(double_divide(X3,X4)),double_divide(X5,double_divide(inverse(X6),X5))))),X2))))),double_divide(X11,double_divide(inverse(X12),X11)))) = inverse(double_divide(inverse(double_divide(double_divide(inverse(inverse(X6)),inverse(X4)),double_divide(X9,X1))),double_divide(X12,inverse(double_divide(X10,double_divide(X9,X10)))))) [forward demodulation 39774,36268]
41063. double_divide(X7,inverse(X8)) = double_divide(inverse(inverse(double_divide(X9,double_divide(X7,double_divide(X10,double_divide(X11,X10)))))),inverse(double_divide(double_divide(X11,inverse(X9)),double_divide(inverse(double_divide(X8,inverse(X16))),X16)))) [forward demodulation 39780,1334]
41064. inverse(double_divide(double_divide(inverse(X0),inverse(double_divide(inverse(double_divide(X0,X1)),double_divide(X2,double_divide(double_divide(inverse(X3),inverse(double_divide(inverse(double_divide(X3,X4)),double_divide(X5,double_divide(inverse(X6),X5))))),X2))))),double_divide(X11,double_divide(inverse(X12),X11)))) = inverse(double_divide(inverse(double_divide(double_divide(inverse(double_divide(X6,double_divide(X7,X4))),double_divide(X8,double_divide(X7,X8))),double_divide(X9,X1))),double_divide(X12,inverse(double_divide(X10,double_divide(X9,X10)))))) [forward demodulation 39781,36192]
41068. double_divide(X7,X8) = double_divide(double_divide(X9,double_divide(X7,double_divide(X10,double_divide(X11,X10)))),inverse(double_divide(double_divide(X11,inverse(X9)),X8))) [forward demodulation 39785,36439]
41123. inverse(double_divide(double_divide(inverse(X0),inverse(double_divide(inverse(double_divide(X0,X1)),double_divide(X2,double_divide(double_divide(inverse(X3),inverse(double_divide(inverse(double_divide(X3,X4)),double_divide(X5,double_divide(inverse(X6),X5))))),X2))))),double_divide(X11,double_divide(X10,X11)))) = double_divide(inverse(X12),inverse(double_divide(inverse(double_divide(X12,double_divide(X9,X10))),double_divide(inverse(double_divide(double_divide(inverse(double_divide(X6,double_divide(X7,X4))),double_divide(X8,double_divide(X7,X8))),double_divide(X14,inverse(double_divide(X9,X1))))),X14)))) [forward demodulation 39840,36192]
41144. double_divide(inverse(X7),inverse(double_divide(inverse(double_divide(X7,double_divide(inverse(X8),X9))),double_divide(double_divide(inverse(double_divide(inverse(double_divide(X6,double_divide(X10,X4))),double_divide(X11,double_divide(X10,X11)))),double_divide(inverse(X0),inverse(double_divide(inverse(double_divide(X0,X1)),inverse(double_divide(X6,inverse(X4))))))),double_divide(inverse(X8),X1))))) = X9 [forward demodulation 39861,36190]
41208. inverse(double_divide(inverse(double_divide(double_divide(inverse(double_divide(X4,double_divide(X7,X2))),double_divide(X8,double_divide(X7,X8))),double_divide(X9,X10))),double_divide(X11,double_divide(X9,X11)))) = inverse(double_divide(double_divide(double_divide(inverse(X1),inverse(double_divide(inverse(double_divide(X1,X2)),inverse(X4)))),double_divide(X5,inverse(double_divide(X6,double_divide(X5,X6))))),inverse(X10))) [forward demodulation 39925,33753]
41230. inverse(double_divide(inverse(double_divide(double_divide(inverse(double_divide(X4,double_divide(X5,X2))),double_divide(X6,double_divide(X5,X6))),double_divide(X7,X8))),double_divide(X9,double_divide(X7,X9)))) = inverse(double_divide(double_divide(inverse(X11),double_divide(inverse(X1),inverse(X11))),double_divide(inverse(X10),inverse(double_divide(inverse(double_divide(inverse(double_divide(X10,X8)),X4)),inverse(inverse(double_divide(X1,X2)))))))) [forward demodulation 39947,36149]
41239. inverse(double_divide(inverse(double_divide(double_divide(inverse(double_divide(X0,double_divide(X4,inverse(double_divide(inverse(double_divide(X3,double_divide(X5,X1))),double_divide(X6,double_divide(X5,X6))))))),double_divide(X7,double_divide(X4,X7))),double_divide(X8,X9))),double_divide(X10,double_divide(X8,X10)))) = inverse(double_divide(double_divide(X0,double_divide(X3,inverse(X1))),inverse(X9))) [forward demodulation 39956,36614]
41244. inverse(double_divide(inverse(double_divide(double_divide(inverse(double_divide(X1,double_divide(X2,double_divide(inverse(X1),X3)))),double_divide(X4,double_divide(X2,X4))),double_divide(X5,X6))),double_divide(X7,double_divide(X5,X7)))) = double_divide(inverse(X8),double_divide(inverse(X3),double_divide(X8,X6))) [forward demodulation 39961,36439]
41247. inverse(double_divide(inverse(double_divide(double_divide(inverse(double_divide(X1,double_divide(X7,inverse(double_divide(inverse(double_divide(X4,double_divide(X8,X2))),double_divide(X9,double_divide(X8,X9))))))),double_divide(X10,double_divide(X7,X10))),double_divide(X11,X12))),double_divide(X13,double_divide(X11,X13)))) = inverse(double_divide(double_divide(inverse(double_divide(X1,X2)),double_divide(X3,double_divide(inverse(X4),X3))),inverse(X12))) [forward demodulation 39964,36190]
41252. inverse(double_divide(inverse(double_divide(double_divide(inverse(double_divide(X7,double_divide(X8,double_divide(inverse(X7),inverse(double_divide(inverse(double_divide(X0,X3)),double_divide(X9,double_divide(inverse(X1),X9)))))))),double_divide(X10,double_divide(X8,X10))),double_divide(X11,X12))),double_divide(X13,double_divide(X11,X13)))) = inverse(double_divide(double_divide(X0,double_divide(inverse(double_divide(X1,double_divide(X2,X3))),double_divide(X4,double_divide(X2,X4)))),inverse(X12))) [forward demodulation 39969,36190]
41254. double_divide(inverse(X9),inverse(double_divide(inverse(double_divide(X9,X7)),X0))) = inverse(double_divide(inverse(double_divide(double_divide(inverse(double_divide(X2,double_divide(X3,double_divide(inverse(X2),double_divide(X4,double_divide(X0,X4)))))),double_divide(X5,double_divide(X3,X5))),double_divide(X6,X7))),X6)) [forward demodulation 39971,33753]
41255. double_divide(inverse(X14),inverse(double_divide(inverse(double_divide(X14,X12)),X1))) = inverse(double_divide(inverse(double_divide(double_divide(inverse(double_divide(X8,double_divide(X9,double_divide(inverse(X8),X1)))),double_divide(X10,double_divide(X9,X10))),double_divide(X11,X12))),X11)) [forward demodulation 39972,33753]
41363. double_divide(inverse(X10),inverse(double_divide(inverse(double_divide(X10,X8)),double_divide(inverse(X12),inverse(double_divide(inverse(double_divide(X12,X5)),X0)))))) = inverse(double_divide(inverse(double_divide(double_divide(inverse(double_divide(double_divide(inverse(double_divide(X1,double_divide(X2,double_divide(inverse(X1),X0)))),double_divide(X3,double_divide(X2,X3))),double_divide(X4,X5))),double_divide(X6,double_divide(X4,X6))),double_divide(X7,X8))),X7)) [forward demodulation 40080,33753]
41371. inverse(double_divide(inverse(double_divide(double_divide(inverse(double_divide(X1,double_divide(X2,X3))),double_divide(X4,double_divide(X2,X4))),double_divide(X5,X6))),double_divide(X7,double_divide(X5,X7)))) = double_divide(inverse(X8),inverse(double_divide(inverse(double_divide(inverse(double_divide(X8,X6)),X1)),inverse(inverse(inverse(X3)))))) [forward demodulation 40088,36149]
41394. double_divide(inverse(X14),inverse(double_divide(inverse(double_divide(X14,X12)),double_divide(inverse(X6),inverse(X4))))) = inverse(double_divide(inverse(double_divide(double_divide(inverse(double_divide(X4,double_divide(X5,double_divide(inverse(double_divide(inverse(double_divide(X6,double_divide(X7,X8))),double_divide(X9,double_divide(X7,X9)))),X8)))),double_divide(X10,double_divide(X5,X10))),double_divide(X11,X12))),X11)) [forward demodulation 40111,33753]
41433. inverse(double_divide(inverse(double_divide(double_divide(inverse(double_divide(X9,double_divide(X10,inverse(double_divide(inverse(X4),double_divide(X11,double_divide(inverse(X0),X11))))))),double_divide(X12,double_divide(X10,X12))),double_divide(X13,X14))),double_divide(X15,double_divide(X13,X15)))) = double_divide(inverse(X16),inverse(double_divide(inverse(double_divide(X16,X14)),inverse(double_divide(X9,double_divide(inverse(X2),double_divide(inverse(double_divide(X0,double_divide(X1,inverse(double_divide(inverse(double_divide(X2,double_divide(inverse(X3),X4))),double_divide(inverse(double_divide(inverse(double_divide(X3,double_divide(X5,X6))),double_divide(X7,double_divide(X5,X7)))),X6)))))),double_divide(X8,double_divide(X1,X8))))))))) [forward demodulation 40150,31704]
41438. double_divide(inverse(X10),inverse(double_divide(inverse(double_divide(X10,X8)),double_divide(X11,double_divide(double_divide(inverse(inverse(X0)),inverse(double_divide(inverse(X0),double_divide(X12,double_divide(inverse(X1),X12))))),X11))))) = inverse(double_divide(double_divide(inverse(inverse(X1)),inverse(double_divide(X3,double_divide(inverse(X4),inverse(double_divide(X4,double_divide(X5,double_divide(X3,X5)))))))),inverse(X8))) [forward demodulation 40155,36268]
41519. inverse(double_divide(inverse(double_divide(double_divide(inverse(double_divide(X3,double_divide(X4,X5))),double_divide(X6,double_divide(X4,X6))),double_divide(X7,double_divide(X2,X8)))),double_divide(X9,double_divide(X7,X9)))) = double_divide(inverse(X8),inverse(double_divide(double_divide(inverse(X0),inverse(double_divide(X0,double_divide(X1,double_divide(X2,X1))))),inverse(double_divide(X3,inverse(X5)))))) [forward demodulation 40236,36190]
41525. inverse(double_divide(inverse(double_divide(double_divide(inverse(double_divide(X2,double_divide(X3,X4))),double_divide(X5,double_divide(X3,X5))),double_divide(X6,double_divide(X1,inverse(X7))))),double_divide(X8,double_divide(X6,X8)))) = double_divide(inverse(inverse(X7)),double_divide(inverse(X10),inverse(double_divide(inverse(double_divide(X10,X4)),double_divide(inverse(X1),X2))))) [forward demodulation 40242,36461]
41555. inverse(double_divide(inverse(double_divide(double_divide(inverse(double_divide(X2,double_divide(X3,X4))),double_divide(X5,double_divide(X3,X5))),double_divide(X6,inverse(double_divide(X1,double_divide(X7,inverse(double_divide(X8,double_divide(X7,X8))))))))),double_divide(X9,double_divide(X6,X9)))) = double_divide(inverse(X0),inverse(double_divide(inverse(double_divide(X0,X1)),inverse(double_divide(X2,inverse(X4)))))) [forward demodulation 40273,36190]
41569. inverse(double_divide(inverse(double_divide(double_divide(inverse(double_divide(X7,double_divide(X8,X9))),double_divide(X10,double_divide(X8,X10))),double_divide(X11,inverse(double_divide(inverse(X4),double_divide(X12,double_divide(inverse(X0),X12))))))),double_divide(X13,double_divide(X11,X13)))) = double_divide(inverse(inverse(inverse(X2))),inverse(double_divide(inverse(inverse(double_divide(inverse(double_divide(X0,double_divide(X1,inverse(double_divide(inverse(double_divide(X2,double_divide(X3,X4))),double_divide(X5,double_divide(X3,X5))))))),double_divide(X6,double_divide(X1,X6))))),inverse(double_divide(X7,inverse(X9)))))) [forward demodulation 40288,36190]
41607. double_divide(inverse(inverse(X6)),inverse(double_divide(inverse(X0),double_divide(X16,double_divide(double_divide(inverse(X17),inverse(double_divide(inverse(double_divide(X17,X3)),double_divide(X18,double_divide(inverse(X1),X18))))),X16))))) = inverse(double_divide(inverse(double_divide(double_divide(inverse(double_divide(X1,double_divide(X2,X3))),double_divide(X4,double_divide(X2,X4))),X0)),inverse(X6))) [forward demodulation 40326,33817]
41662. double_divide(inverse(X0),inverse(double_divide(inverse(double_divide(X0,X1)),double_divide(X2,double_divide(double_divide(inverse(X3),inverse(double_divide(inverse(double_divide(X3,X4)),double_divide(X5,double_divide(inverse(X6),X5))))),X2))))) = double_divide(inverse(X11),inverse(double_divide(inverse(double_divide(X11,X1)),inverse(double_divide(X6,inverse(X4)))))) [forward demodulation 40381,36190]
41739. double_divide(inverse(X8),inverse(double_divide(inverse(double_divide(X8,double_divide(X5,X6))),double_divide(X9,double_divide(double_divide(inverse(X10),inverse(double_divide(inverse(double_divide(X10,X2)),double_divide(X11,double_divide(inverse(X0),X11))))),X9))))) = inverse(double_divide(inverse(double_divide(double_divide(inverse(inverse(X0)),inverse(X2)),X5)),X6)) [forward demodulation 40458,36268]
41751. inverse(double_divide(inverse(double_divide(X0,double_divide(double_divide(X1,double_divide(X2,X1)),X0))),X5)) = double_divide(inverse(X7),inverse(double_divide(inverse(double_divide(X7,double_divide(inverse(double_divide(X3,double_divide(X2,X4))),X5))),double_divide(inverse(X9),inverse(double_divide(inverse(double_divide(X9,X4)),inverse(X3))))))) [forward demodulation 40470,33753]
41763. inverse(double_divide(X0,double_divide(X5,inverse(double_divide(double_divide(X1,double_divide(X2,X1)),X0))))) = double_divide(inverse(X7),inverse(double_divide(inverse(double_divide(X7,double_divide(inverse(double_divide(X3,double_divide(X2,X4))),inverse(X5)))),double_divide(inverse(X9),inverse(double_divide(inverse(double_divide(X9,X4)),double_divide(X10,double_divide(inverse(X3),X10)))))))) [forward demodulation 40482,33753]
41768. double_divide(inverse(X9),inverse(double_divide(inverse(double_divide(X9,X1)),double_divide(X10,double_divide(double_divide(inverse(X11),inverse(double_divide(inverse(double_divide(X11,X4)),double_divide(X12,double_divide(inverse(X2),X12))))),X10))))) = inverse(double_divide(double_divide(inverse(double_divide(X2,double_divide(X3,X4))),double_divide(X5,double_divide(X3,X5))),inverse(X1))) [forward demodulation 40487,33753]
41774. double_divide(inverse(X9),inverse(double_divide(inverse(double_divide(X9,inverse(double_divide(X1,double_divide(X6,inverse(double_divide(X7,double_divide(X6,X7)))))))),double_divide(X10,double_divide(double_divide(inverse(X11),inverse(double_divide(inverse(double_divide(X11,X4)),double_divide(X12,double_divide(inverse(X2),X12))))),X10))))) = inverse(double_divide(double_divide(inverse(inverse(X2)),inverse(X4)),inverse(X1))) [forward demodulation 40493,36268]
41823. inverse(double_divide(inverse(double_divide(double_divide(inverse(double_divide(X1,double_divide(X2,X3))),double_divide(X4,double_divide(X2,X4))),X0)),double_divide(X10,double_divide(inverse(X5),X10)))) = inverse(double_divide(inverse(double_divide(X12,double_divide(double_divide(inverse(X13),inverse(double_divide(inverse(double_divide(X13,X3)),double_divide(X14,double_divide(inverse(X1),X14))))),X12))),double_divide(inverse(double_divide(X5,double_divide(inverse(X6),X0))),double_divide(double_divide(inverse(X7),inverse(double_divide(inverse(double_divide(X7,X8)),inverse(X6)))),X8)))) [forward demodulation 40545,33753]
41870. double_divide(inverse(X9),inverse(double_divide(inverse(double_divide(X9,X7)),double_divide(X10,double_divide(double_divide(inverse(X11),inverse(double_divide(inverse(double_divide(X11,X2)),double_divide(X12,double_divide(inverse(X1),X12))))),X10))))) = inverse(double_divide(double_divide(inverse(double_divide(X1,double_divide(inverse(X0),X2))),double_divide(double_divide(X3,inverse(double_divide(double_divide(X4,X3),X4))),X0)),inverse(X7))) [forward demodulation 40592,33753]
41905. double_divide(inverse(X8),inverse(double_divide(inverse(double_divide(X8,X6)),double_divide(X9,double_divide(double_divide(inverse(X10),inverse(double_divide(inverse(double_divide(X10,double_divide(X2,X3))),double_divide(X11,double_divide(inverse(X0),X11))))),X9))))) = inverse(double_divide(double_divide(inverse(double_divide(X0,X2)),double_divide(X4,double_divide(X3,X4))),inverse(X6))) [forward demodulation 40627,33753]
41924. double_divide(inverse(X14),inverse(double_divide(inverse(double_divide(X14,X12)),double_divide(X15,double_divide(double_divide(inverse(X16),inverse(double_divide(inverse(double_divide(X16,double_divide(inverse(X1),X9))),double_divide(X17,double_divide(inverse(inverse(double_divide(X8,X3))),X17))))),X15))))) = inverse(double_divide(double_divide(inverse(double_divide(X8,double_divide(inverse(double_divide(X1,double_divide(inverse(X2),X3))),inverse(X2)))),double_divide(X10,double_divide(X9,X10))),inverse(X12))) [forward demodulation 40646,29111]
41929. inverse(double_divide(inverse(double_divide(double_divide(X0,double_divide(X4,double_divide(X3,X4))),double_divide(X5,X6))),double_divide(X7,double_divide(X5,X7)))) = double_divide(inverse(X8),inverse(double_divide(inverse(double_divide(X8,X6)),inverse(double_divide(X0,X3))))) [forward demodulation 40651,29371]
41942. double_divide(inverse(X8),inverse(double_divide(inverse(double_divide(X8,X6)),double_divide(X9,double_divide(double_divide(inverse(X10),inverse(double_divide(inverse(double_divide(X10,double_divide(X2,inverse(X3)))),double_divide(X11,double_divide(inverse(double_divide(X2,X1)),X11))))),X9))))) = inverse(double_divide(double_divide(X0,double_divide(X3,inverse(double_divide(X1,X0)))),inverse(X6))) [forward demodulation 40664,36614]
41960. inverse(double_divide(double_divide(inverse(X0),double_divide(X4,double_divide(X1,X4))),inverse(X6))) = double_divide(inverse(X8),inverse(double_divide(inverse(double_divide(X8,X6)),double_divide(inverse(X10),inverse(double_divide(inverse(double_divide(X10,inverse(double_divide(double_divide(X2,X1),double_divide(X3,double_divide(X2,X3)))))),double_divide(X11,double_divide(inverse(inverse(X0)),X11)))))))) [forward demodulation 40682,33753]
41989. double_divide(inverse(X15),inverse(double_divide(inverse(double_divide(X15,X13)),double_divide(X16,double_divide(double_divide(inverse(X17),inverse(double_divide(inverse(double_divide(X17,inverse(double_divide(inverse(X4),double_divide(X10,double_divide(inverse(X0),X10)))))),double_divide(X18,double_divide(inverse(X9),X18))))),X16))))) = inverse(double_divide(double_divide(X9,double_divide(inverse(X2),inverse(inverse(double_divide(inverse(double_divide(X0,double_divide(X1,inverse(double_divide(inverse(double_divide(X2,double_divide(inverse(X3),X4))),double_divide(inverse(double_divide(inverse(double_divide(X3,double_divide(X5,X6))),double_divide(X7,double_divide(X5,X7)))),X6)))))),double_divide(X8,double_divide(X1,X8))))))),inverse(X13))) [forward demodulation 40711,36614]
42029. double_divide(inverse(double_divide(X7,X5)),double_divide(X8,double_divide(double_divide(inverse(X9),inverse(double_divide(inverse(double_divide(X9,X2)),double_divide(X10,double_divide(inverse(X0),X10))))),X8))) = double_divide(inverse(double_divide(X7,X5)),inverse(double_divide(inverse(double_divide(X0,double_divide(X1,X2))),double_divide(X3,double_divide(X1,X3))))) [forward demodulation 40751,36439]
42047. double_divide(inverse(double_divide(X8,X5)),double_divide(X9,double_divide(double_divide(inverse(X10),inverse(double_divide(inverse(double_divide(X10,X2)),double_divide(X11,double_divide(inverse(X0),X11))))),X9))) = inverse(double_divide(inverse(double_divide(double_divide(inverse(inverse(X0)),inverse(X2)),double_divide(X4,X5))),double_divide(X8,inverse(double_divide(X6,double_divide(X4,X6)))))) [forward demodulation 40769,36268]
42070. double_divide(X7,double_divide(X8,X7)) = double_divide(double_divide(inverse(X9),X8),double_divide(inverse(double_divide(inverse(double_divide(X9,X5)),double_divide(X10,double_divide(double_divide(inverse(X11),inverse(double_divide(inverse(double_divide(X11,X2)),double_divide(X12,double_divide(inverse(X0),X12))))),X10)))),inverse(double_divide(double_divide(X0,inverse(X2)),inverse(X5))))) [forward demodulation 40792,36439]
42082. double_divide(inverse(inverse(X9)),inverse(double_divide(inverse(X11),double_divide(X18,double_divide(inverse(X7),X18))))) = double_divide(inverse(double_divide(X8,X5)),inverse(double_divide(double_divide(double_divide(inverse(double_divide(double_divide(inverse(double_divide(X0,double_divide(X1,X2))),double_divide(X3,double_divide(X1,X3))),double_divide(X4,X5))),double_divide(X6,double_divide(X4,X6))),inverse(double_divide(X15,double_divide(double_divide(inverse(X16),inverse(double_divide(inverse(double_divide(X16,X2)),double_divide(X17,double_divide(inverse(X0),X17))))),X15)))),double_divide(X7,double_divide(inverse(X8),inverse(double_divide(inverse(inverse(X9)),inverse(X11)))))))) [forward demodulation 40804,36386]
42112. inverse(double_divide(inverse(double_divide(X7,double_divide(inverse(X8),X9))),double_divide(inverse(double_divide(inverse(double_divide(X8,double_divide(X10,X11))),double_divide(X12,double_divide(X10,X12)))),X11))) = double_divide(inverse(X13),double_divide(inverse(double_divide(X7,inverse(double_divide(inverse(double_divide(double_divide(inverse(double_divide(X0,double_divide(X1,X2))),double_divide(X3,double_divide(X1,X3))),double_divide(X4,X5))),double_divide(X6,double_divide(X4,X6)))))),inverse(double_divide(double_divide(double_divide(inverse(double_divide(X14,X5)),double_divide(X15,double_divide(double_divide(inverse(X16),inverse(double_divide(inverse(double_divide(X16,X2)),inverse(X0)))),X15))),X14),double_divide(X13,X9))))) [forward demodulation 40834,33753]
42142. double_divide(inverse(inverse(X9)),inverse(double_divide(inverse(inverse(double_divide(inverse(double_divide(X12,double_divide(X16,X10))),double_divide(X17,double_divide(X16,X17))))),double_divide(X18,double_divide(inverse(X7),X18))))) = double_divide(inverse(double_divide(X8,X5)),inverse(double_divide(double_divide(double_divide(inverse(double_divide(double_divide(inverse(double_divide(X0,double_divide(X1,X2))),double_divide(X3,double_divide(X1,X3))),double_divide(X4,X5))),double_divide(X6,double_divide(X4,X6))),inverse(double_divide(X13,double_divide(double_divide(inverse(X14),inverse(double_divide(inverse(double_divide(X14,X2)),double_divide(X15,double_divide(inverse(X0),X15))))),X13)))),double_divide(X7,inverse(double_divide(X12,double_divide(inverse(X8),inverse(double_divide(X9,X10))))))))) [forward demodulation 40864,36672]
42171. double_divide(inverse(inverse(X10)),inverse(double_divide(inverse(X7),double_divide(X13,double_divide(inverse(X9),X13))))) = double_divide(X10,inverse(double_divide(double_divide(inverse(inverse(double_divide(inverse(double_divide(X0,double_divide(X1,X2))),double_divide(X3,double_divide(X1,X3))))),inverse(double_divide(double_divide(inverse(X5),inverse(double_divide(inverse(double_divide(X5,X2)),double_divide(X6,double_divide(inverse(X0),X6))))),X7))),inverse(X9)))) [forward demodulation 40893,36268]
42179. inverse(double_divide(inverse(double_divide(X7,double_divide(inverse(X8),X9))),double_divide(inverse(double_divide(inverse(double_divide(X8,double_divide(inverse(X10),X11))),double_divide(inverse(double_divide(inverse(double_divide(X10,double_divide(X12,X13))),double_divide(X14,double_divide(X12,X14)))),X13))),X11))) = double_divide(inverse(X15),double_divide(inverse(double_divide(X7,X5)),inverse(double_divide(double_divide(double_divide(inverse(double_divide(double_divide(inverse(double_divide(X0,double_divide(X1,X2))),double_divide(X3,double_divide(X1,X3))),double_divide(X4,X5))),double_divide(X6,double_divide(X4,X6))),inverse(double_divide(X16,double_divide(inverse(double_divide(X0,inverse(X2))),X16)))),double_divide(X15,X9))))) [forward demodulation 40901,36190]
42183. inverse(double_divide(X7,double_divide(X9,inverse(X8)))) = double_divide(inverse(double_divide(X9,X5)),inverse(double_divide(double_divide(double_divide(inverse(double_divide(double_divide(inverse(double_divide(X0,double_divide(X1,X2))),double_divide(X3,double_divide(X1,X3))),double_divide(X4,X5))),double_divide(X6,double_divide(X4,X6))),inverse(double_divide(X10,double_divide(double_divide(inverse(X11),inverse(double_divide(inverse(double_divide(X11,X2)),double_divide(X12,double_divide(inverse(X0),X12))))),X10)))),double_divide(X7,X8)))) [forward demodulation 40905,36439]
42187. double_divide(inverse(X7),double_divide(inverse(double_divide(X8,inverse(double_divide(inverse(double_divide(double_divide(inverse(double_divide(X0,double_divide(X1,X2))),double_divide(X3,double_divide(X1,X3))),double_divide(X4,X5))),double_divide(X6,double_divide(X4,X6)))))),inverse(double_divide(double_divide(double_divide(inverse(double_divide(X10,X5)),double_divide(X11,double_divide(double_divide(inverse(X12),inverse(double_divide(inverse(double_divide(X12,X2)),double_divide(X13,double_divide(inverse(X0),X13))))),X11))),inverse(double_divide(inverse(double_divide(X10,inverse(X15))),X15))),double_divide(X7,double_divide(inverse(X8),X9)))))) = X9 [forward demodulation 40909,36472]
42214. double_divide(inverse(X7),inverse(double_divide(inverse(double_divide(X7,X8)),double_divide(X9,double_divide(inverse(X10),X9))))) = double_divide(inverse(X11),double_divide(inverse(double_divide(X10,X5)),inverse(double_divide(double_divide(double_divide(inverse(double_divide(double_divide(inverse(double_divide(X0,double_divide(X1,X2))),double_divide(X3,double_divide(X1,X3))),double_divide(X4,X5))),double_divide(X6,double_divide(X4,X6))),inverse(double_divide(X12,double_divide(inverse(double_divide(X0,inverse(X2))),X12)))),double_divide(X11,X8))))) [forward demodulation 40936,36190]
42236. inverse(double_divide(X7,double_divide(X8,X7))) = double_divide(double_divide(inverse(X0),inverse(double_divide(inverse(double_divide(X0,X1)),double_divide(X2,double_divide(double_divide(inverse(X3),inverse(double_divide(inverse(double_divide(X3,X4)),double_divide(X5,double_divide(inverse(X6),X5))))),X2))))),inverse(double_divide(double_divide(double_divide(X6,inverse(X4)),inverse(X1)),X8))) [forward demodulation 40958,36439]
42318. inverse(double_divide(X7,inverse(X12))) = inverse(double_divide(inverse(double_divide(X7,double_divide(double_divide(inverse(X0),inverse(double_divide(inverse(double_divide(X0,X1)),double_divide(X2,double_divide(double_divide(inverse(X3),inverse(double_divide(inverse(double_divide(X3,X4)),double_divide(X5,double_divide(inverse(X6),X5))))),X2))))),X12))),double_divide(inverse(double_divide(double_divide(inverse(double_divide(double_divide(inverse(double_divide(X6,double_divide(X8,X4))),double_divide(X9,double_divide(X8,X9))),double_divide(X10,X1))),double_divide(X11,double_divide(X10,X11))),inverse(X14))),X14))) [forward demodulation 41040,36472]
42335. inverse(double_divide(double_divide(inverse(X0),inverse(double_divide(inverse(double_divide(X0,X1)),double_divide(X2,double_divide(double_divide(inverse(X3),inverse(double_divide(inverse(double_divide(X3,X4)),double_divide(X5,double_divide(inverse(X6),X5))))),X2))))),double_divide(X11,double_divide(inverse(X12),X11)))) = inverse(double_divide(inverse(double_divide(double_divide(X6,inverse(X4)),double_divide(X9,X1))),double_divide(X12,inverse(double_divide(X10,double_divide(X9,X10)))))) [forward demodulation 41057,36439]
42340. double_divide(X7,inverse(X8)) = double_divide(double_divide(X9,double_divide(X7,double_divide(X10,double_divide(X11,X10)))),inverse(double_divide(double_divide(X11,inverse(X9)),double_divide(inverse(double_divide(X8,inverse(X16))),X16)))) [forward demodulation 41063,36439]
42341. inverse(double_divide(double_divide(inverse(X0),inverse(double_divide(inverse(double_divide(X0,X1)),double_divide(X2,double_divide(double_divide(inverse(X3),inverse(double_divide(inverse(double_divide(X3,X4)),double_divide(X5,double_divide(inverse(X6),X5))))),X2))))),double_divide(X11,double_divide(inverse(X12),X11)))) = inverse(double_divide(inverse(double_divide(double_divide(inverse(inverse(X6)),inverse(X4)),double_divide(X9,X1))),double_divide(X12,inverse(double_divide(X10,double_divide(X9,X10)))))) [forward demodulation 41064,36268]
42399. inverse(double_divide(double_divide(inverse(X0),inverse(double_divide(inverse(double_divide(X0,X1)),double_divide(X2,double_divide(double_divide(inverse(X3),inverse(double_divide(inverse(double_divide(X3,X4)),double_divide(X5,double_divide(inverse(X6),X5))))),X2))))),double_divide(X11,double_divide(X10,X11)))) = double_divide(inverse(X12),inverse(double_divide(inverse(double_divide(X12,double_divide(X9,X10))),double_divide(double_divide(inverse(double_divide(X6,double_divide(X7,X4))),double_divide(X8,double_divide(X7,X8))),inverse(inverse(double_divide(X9,X1))))))) [forward demodulation 41123,36451]
42420. double_divide(inverse(X7),inverse(double_divide(inverse(double_divide(X7,double_divide(inverse(X8),X9))),double_divide(double_divide(inverse(double_divide(inverse(double_divide(X6,double_divide(X10,X4))),double_divide(X11,double_divide(X10,X11)))),inverse(double_divide(double_divide(X6,inverse(X4)),inverse(X1)))),double_divide(inverse(X8),X1))))) = X9 [forward demodulation 41144,36190]
42484. inverse(double_divide(inverse(double_divide(double_divide(inverse(double_divide(X4,double_divide(X7,X2))),double_divide(X8,double_divide(X7,X8))),double_divide(X9,X10))),double_divide(X11,double_divide(X9,X11)))) = inverse(double_divide(double_divide(inverse(double_divide(X4,inverse(X2))),double_divide(X5,inverse(double_divide(X6,double_divide(X5,X6))))),inverse(X10))) [forward demodulation 41208,36190]
42506. inverse(double_divide(inverse(double_divide(double_divide(inverse(double_divide(X4,double_divide(X5,X2))),double_divide(X6,double_divide(X5,X6))),double_divide(X7,X8))),double_divide(X9,double_divide(X7,X9)))) = inverse(double_divide(double_divide(inverse(X11),double_divide(inverse(X1),inverse(X11))),inverse(double_divide(inverse(double_divide(X1,X2)),double_divide(inverse(X10),inverse(double_divide(inverse(double_divide(X10,X8)),X4))))))) [forward demodulation 41230,36672]
42515. inverse(double_divide(double_divide(X0,double_divide(X3,inverse(X1))),inverse(X9))) = inverse(double_divide(inverse(double_divide(double_divide(inverse(double_divide(X0,double_divide(X4,inverse(double_divide(inverse(double_divide(X3,double_divide(X5,X1))),double_divide(X6,double_divide(X5,X6))))))),double_divide(X7,double_divide(X4,X7))),double_divide(X8,X9))),X8)) [forward demodulation 41239,33753]
42520. double_divide(inverse(X8),double_divide(inverse(X3),double_divide(X8,X6))) = inverse(double_divide(inverse(double_divide(double_divide(inverse(double_divide(X1,double_divide(X2,double_divide(inverse(X1),X3)))),double_divide(X4,double_divide(X2,X4))),double_divide(X5,X6))),X5)) [forward demodulation 41244,33753]
42523. inverse(double_divide(inverse(double_divide(double_divide(inverse(double_divide(X1,double_divide(X7,inverse(double_divide(inverse(double_divide(X4,double_divide(X8,X2))),double_divide(X9,double_divide(X8,X9))))))),double_divide(X10,double_divide(X7,X10))),double_divide(X11,X12))),double_divide(X13,double_divide(X11,X13)))) = inverse(double_divide(double_divide(X1,double_divide(X4,inverse(X2))),inverse(X12))) [forward demodulation 41247,36614]
42528. inverse(double_divide(inverse(double_divide(double_divide(inverse(double_divide(X7,double_divide(X8,double_divide(inverse(X7),inverse(double_divide(inverse(double_divide(X0,X3)),double_divide(X9,double_divide(inverse(X1),X9)))))))),double_divide(X10,double_divide(X8,X10))),double_divide(X11,X12))),double_divide(X13,double_divide(X11,X13)))) = inverse(double_divide(double_divide(X0,double_divide(inverse(inverse(X1)),inverse(X3))),inverse(X12))) [forward demodulation 41252,36268]
42530. double_divide(inverse(X9),inverse(double_divide(inverse(double_divide(X9,X7)),X0))) = inverse(double_divide(double_divide(inverse(double_divide(X2,double_divide(X3,double_divide(inverse(X2),double_divide(X4,double_divide(X0,X4)))))),double_divide(X5,double_divide(X3,X5))),inverse(X7))) [forward demodulation 41254,36472]
42531. double_divide(inverse(X14),inverse(double_divide(inverse(double_divide(X14,X12)),X1))) = inverse(double_divide(double_divide(inverse(double_divide(X8,double_divide(X9,double_divide(inverse(X8),X1)))),double_divide(X10,double_divide(X9,X10))),inverse(X12))) [forward demodulation 41255,36472]
42639. double_divide(inverse(X10),inverse(double_divide(inverse(double_divide(X10,X8)),double_divide(inverse(X12),inverse(double_divide(inverse(double_divide(X12,X5)),X0)))))) = inverse(double_divide(double_divide(inverse(double_divide(double_divide(inverse(double_divide(X1,double_divide(X2,double_divide(inverse(X1),X0)))),double_divide(X3,double_divide(X2,X3))),double_divide(X4,X5))),double_divide(X6,double_divide(X4,X6))),inverse(X8))) [forward demodulation 41363,36472]
42647. inverse(double_divide(inverse(double_divide(double_divide(inverse(double_divide(X1,double_divide(X2,X3))),double_divide(X4,double_divide(X2,X4))),double_divide(X5,X6))),double_divide(X7,double_divide(X5,X7)))) = inverse(double_divide(inverse(inverse(X3)),double_divide(inverse(X8),inverse(double_divide(inverse(double_divide(X8,X6)),X1))))) [forward demodulation 41371,36672]
42670. double_divide(inverse(X14),inverse(double_divide(inverse(double_divide(X14,X12)),double_divide(inverse(X6),inverse(X4))))) = inverse(double_divide(double_divide(inverse(double_divide(X4,double_divide(X5,double_divide(inverse(double_divide(inverse(double_divide(X6,double_divide(X7,X8))),double_divide(X9,double_divide(X7,X9)))),X8)))),double_divide(X10,double_divide(X5,X10))),inverse(X12))) [forward demodulation 41394,36472]
42709. inverse(double_divide(inverse(double_divide(double_divide(inverse(double_divide(X9,double_divide(X10,inverse(double_divide(inverse(X4),double_divide(X11,double_divide(inverse(X0),X11))))))),double_divide(X12,double_divide(X10,X12))),double_divide(X13,X14))),double_divide(X15,double_divide(X13,X15)))) = inverse(double_divide(double_divide(X9,double_divide(inverse(X2),double_divide(inverse(double_divide(X0,double_divide(X1,inverse(double_divide(inverse(double_divide(X2,double_divide(inverse(X3),X4))),double_divide(inverse(double_divide(inverse(double_divide(X3,double_divide(X5,X6))),double_divide(X7,double_divide(X5,X7)))),X6)))))),double_divide(X8,double_divide(X1,X8))))),inverse(X14))) [forward demodulation 41433,36190]
42714. double_divide(inverse(X10),inverse(double_divide(inverse(double_divide(X10,X8)),double_divide(X11,double_divide(double_divide(inverse(inverse(X0)),inverse(double_divide(inverse(X0),double_divide(X12,double_divide(inverse(X1),X12))))),X11))))) = inverse(double_divide(double_divide(inverse(inverse(X1)),inverse(double_divide(X3,inverse(double_divide(X5,double_divide(X3,X5)))))),inverse(X8))) [forward demodulation 41438,29371]
42795. inverse(double_divide(inverse(double_divide(double_divide(inverse(double_divide(X3,double_divide(X4,X5))),double_divide(X6,double_divide(X4,X6))),double_divide(X7,double_divide(X2,X8)))),double_divide(X9,double_divide(X7,X9)))) = double_divide(inverse(X8),inverse(double_divide(double_divide(inverse(X0),inverse(double_divide(X0,double_divide(X1,double_divide(X2,X1))))),double_divide(X5,inverse(X3))))) [forward demodulation 41519,36620]
42801. inverse(double_divide(inverse(double_divide(double_divide(inverse(double_divide(X2,double_divide(X3,X4))),double_divide(X5,double_divide(X3,X5))),double_divide(X6,double_divide(X1,inverse(X7))))),double_divide(X8,double_divide(X6,X8)))) = double_divide(X7,double_divide(inverse(X10),inverse(double_divide(inverse(double_divide(X10,X4)),double_divide(inverse(X1),X2))))) [forward demodulation 41525,36439]
42831. inverse(double_divide(inverse(double_divide(double_divide(inverse(double_divide(X2,double_divide(X3,X4))),double_divide(X5,double_divide(X3,X5))),double_divide(X6,inverse(double_divide(X1,double_divide(X7,inverse(double_divide(X8,double_divide(X7,X8))))))))),double_divide(X9,double_divide(X6,X9)))) = inverse(double_divide(double_divide(X2,inverse(X4)),inverse(X1))) [forward demodulation 41555,36190]
42845. inverse(double_divide(inverse(double_divide(double_divide(inverse(double_divide(X7,double_divide(X8,X9))),double_divide(X10,double_divide(X8,X10))),double_divide(X11,inverse(double_divide(inverse(X4),double_divide(X12,double_divide(inverse(X0),X12))))))),double_divide(X13,double_divide(X11,X13)))) = inverse(double_divide(double_divide(X7,inverse(X9)),double_divide(inverse(X2),double_divide(inverse(double_divide(X0,double_divide(X1,inverse(double_divide(inverse(double_divide(X2,double_divide(X3,X4))),double_divide(X5,double_divide(X3,X5))))))),double_divide(X6,double_divide(X1,X6)))))) [forward demodulation 41569,31704]
42883. double_divide(inverse(inverse(X6)),inverse(double_divide(inverse(X0),double_divide(X16,double_divide(double_divide(inverse(X17),inverse(double_divide(inverse(double_divide(X17,X3)),double_divide(X18,double_divide(inverse(X1),X18))))),X16))))) = inverse(double_divide(double_divide(inverse(double_divide(X1,double_divide(X2,X3))),double_divide(X4,double_divide(X2,X4))),double_divide(X6,inverse(X0)))) [forward demodulation 41607,36192]
42938. double_divide(inverse(X0),inverse(double_divide(inverse(double_divide(X0,X1)),double_divide(X2,double_divide(double_divide(inverse(X3),inverse(double_divide(inverse(double_divide(X3,X4)),double_divide(X5,double_divide(inverse(X6),X5))))),X2))))) = inverse(double_divide(double_divide(X6,inverse(X4)),inverse(X1))) [forward demodulation 41662,36190]
43015. double_divide(inverse(X8),inverse(double_divide(inverse(double_divide(X8,double_divide(X5,X6))),double_divide(X9,double_divide(double_divide(inverse(X10),inverse(double_divide(inverse(double_divide(X10,X2)),double_divide(X11,double_divide(inverse(X0),X11))))),X9))))) = inverse(double_divide(inverse(double_divide(double_divide(X0,inverse(X2)),X5)),X6)) [forward demodulation 41739,36439]
43027. inverse(double_divide(inverse(double_divide(X0,double_divide(double_divide(X1,double_divide(X2,X1)),X0))),X5)) = double_divide(inverse(X7),inverse(double_divide(inverse(double_divide(X7,double_divide(inverse(double_divide(X3,double_divide(X2,X4))),X5))),inverse(double_divide(X3,inverse(X4)))))) [forward demodulation 41751,36190]
43039. inverse(double_divide(X0,double_divide(X5,inverse(double_divide(double_divide(X1,double_divide(X2,X1)),X0))))) = double_divide(inverse(X7),inverse(double_divide(inverse(double_divide(X7,double_divide(inverse(double_divide(X3,double_divide(X2,X4))),inverse(X5)))),double_divide(inverse(X9),inverse(double_divide(inverse(double_divide(X9,X4)),inverse(X3))))))) [forward demodulation 41763,33753]
43044. double_divide(inverse(X9),inverse(double_divide(inverse(double_divide(X9,X1)),double_divide(X10,double_divide(double_divide(inverse(X11),inverse(double_divide(inverse(double_divide(X11,X4)),double_divide(X12,double_divide(inverse(X2),X12))))),X10))))) = inverse(double_divide(double_divide(inverse(inverse(X2)),inverse(X4)),inverse(X1))) [forward demodulation 41768,36268]
43050. double_divide(inverse(X9),inverse(double_divide(inverse(double_divide(X9,inverse(double_divide(X1,double_divide(X6,inverse(double_divide(X7,double_divide(X6,X7)))))))),double_divide(X10,double_divide(double_divide(inverse(X11),inverse(double_divide(inverse(double_divide(X11,X4)),double_divide(X12,double_divide(inverse(X2),X12))))),X10))))) = inverse(double_divide(double_divide(X2,inverse(X4)),inverse(X1))) [forward demodulation 41774,36439]
43099. inverse(double_divide(inverse(double_divide(double_divide(inverse(double_divide(X1,double_divide(X2,X3))),double_divide(X4,double_divide(X2,X4))),X0)),double_divide(X10,double_divide(inverse(X5),X10)))) = inverse(double_divide(inverse(double_divide(X12,double_divide(double_divide(inverse(X13),inverse(double_divide(inverse(double_divide(X13,X3)),double_divide(X14,double_divide(inverse(X1),X14))))),X12))),double_divide(inverse(double_divide(X5,double_divide(inverse(X6),X0))),double_divide(inverse(double_divide(X6,inverse(X8))),X8)))) [forward demodulation 41823,36190]
43146. double_divide(inverse(X9),inverse(double_divide(inverse(double_divide(X9,X7)),double_divide(X10,double_divide(double_divide(inverse(X11),inverse(double_divide(inverse(double_divide(X11,X2)),double_divide(X12,double_divide(inverse(X1),X12))))),X10))))) = inverse(double_divide(double_divide(inverse(double_divide(X1,double_divide(inverse(X0),X2))),double_divide(double_divide(X3,inverse(X3)),X0)),inverse(X7))) [forward demodulation 41870,36398]
43181. inverse(double_divide(double_divide(inverse(double_divide(X0,X2)),double_divide(X4,double_divide(X3,X4))),inverse(X6))) = double_divide(inverse(X8),inverse(double_divide(inverse(double_divide(X8,X6)),double_divide(inverse(X10),inverse(double_divide(inverse(double_divide(X10,double_divide(X2,X3))),double_divide(X11,double_divide(inverse(X0),X11)))))))) [forward demodulation 41905,33753]
43200. double_divide(inverse(X14),inverse(double_divide(inverse(double_divide(X14,X12)),double_divide(X15,double_divide(double_divide(inverse(X16),inverse(double_divide(inverse(double_divide(X16,double_divide(inverse(X1),X9))),double_divide(X17,double_divide(inverse(inverse(double_divide(X8,X3))),X17))))),X15))))) = inverse(double_divide(double_divide(inverse(double_divide(X8,double_divide(X1,inverse(X3)))),double_divide(X10,double_divide(X9,X10))),inverse(X12))) [forward demodulation 41924,36451]
43205. inverse(double_divide(inverse(double_divide(double_divide(X0,double_divide(X4,double_divide(X3,X4))),double_divide(X5,X6))),double_divide(X7,double_divide(X5,X7)))) = inverse(double_divide(double_divide(X0,X3),inverse(X6))) [forward demodulation 41929,36190]
43218. inverse(double_divide(double_divide(X0,double_divide(X3,inverse(double_divide(X1,X0)))),inverse(X6))) = double_divide(inverse(X8),inverse(double_divide(inverse(double_divide(X8,X6)),double_divide(inverse(X10),inverse(double_divide(inverse(double_divide(X10,double_divide(X2,inverse(X3)))),double_divide(X11,double_divide(inverse(double_divide(X2,X1)),X11)))))))) [forward demodulation 41942,33753]
43236. inverse(double_divide(double_divide(inverse(X0),double_divide(X4,double_divide(X1,X4))),inverse(X6))) = double_divide(inverse(X8),inverse(double_divide(inverse(double_divide(X8,X6)),inverse(double_divide(inverse(X0),double_divide(double_divide(X2,X1),double_divide(X3,double_divide(X2,X3)))))))) [forward demodulation 41960,31484]
43265. double_divide(inverse(X15),inverse(double_divide(inverse(double_divide(X15,X13)),double_divide(X16,double_divide(double_divide(inverse(X17),inverse(double_divide(inverse(double_divide(X17,inverse(double_divide(inverse(X4),double_divide(X10,double_divide(inverse(X0),X10)))))),double_divide(X18,double_divide(inverse(X9),X18))))),X16))))) = inverse(double_divide(double_divide(X9,double_divide(inverse(X2),double_divide(inverse(inverse(X0)),inverse(inverse(double_divide(inverse(double_divide(X2,double_divide(inverse(X3),X4))),double_divide(inverse(double_divide(inverse(double_divide(X3,double_divide(X5,X6))),double_divide(X7,double_divide(X5,X7)))),X6))))))),inverse(X13))) [forward demodulation 41989,31297]
43305. double_divide(inverse(double_divide(X7,X5)),double_divide(X8,double_divide(double_divide(inverse(X9),inverse(double_divide(inverse(double_divide(X9,X2)),double_divide(X10,double_divide(inverse(X0),X10))))),X8))) = double_divide(inverse(double_divide(X7,X5)),inverse(double_divide(inverse(double_divide(X0,double_divide(X1,X2))),X1))) [forward demodulation 42029,33753]
43323. double_divide(inverse(double_divide(X8,X5)),double_divide(X9,double_divide(double_divide(inverse(X10),inverse(double_divide(inverse(double_divide(X10,X2)),double_divide(X11,double_divide(inverse(X0),X11))))),X9))) = inverse(double_divide(inverse(double_divide(double_divide(X0,inverse(X2)),double_divide(X4,X5))),double_divide(X8,inverse(double_divide(X6,double_divide(X4,X6)))))) [forward demodulation 42047,36439]
43346. double_divide(X7,double_divide(X8,X7)) = double_divide(double_divide(inverse(X9),X8),double_divide(inverse(double_divide(inverse(double_divide(X9,X5)),double_divide(inverse(X11),inverse(double_divide(inverse(double_divide(X11,X2)),double_divide(X12,double_divide(inverse(X0),X12))))))),inverse(double_divide(double_divide(X0,inverse(X2)),inverse(X5))))) [forward demodulation 42070,33753]
43358. double_divide(inverse(inverse(X9)),inverse(double_divide(inverse(X11),double_divide(X18,double_divide(inverse(X7),X18))))) = double_divide(inverse(double_divide(X8,X5)),inverse(double_divide(double_divide(double_divide(inverse(double_divide(double_divide(inverse(double_divide(X0,double_divide(X1,X2))),double_divide(X3,double_divide(X1,X3))),double_divide(X4,X5))),double_divide(X6,double_divide(X4,X6))),inverse(double_divide(X15,double_divide(double_divide(inverse(X16),inverse(double_divide(inverse(double_divide(X16,X2)),double_divide(X17,double_divide(inverse(X0),X17))))),X15)))),double_divide(X7,inverse(double_divide(X11,double_divide(inverse(X8),inverse(inverse(X9))))))))) [forward demodulation 42082,36672]
43388. inverse(double_divide(inverse(double_divide(X7,double_divide(inverse(X8),X9))),double_divide(inverse(double_divide(inverse(double_divide(X8,double_divide(X10,X11))),double_divide(X12,double_divide(X10,X12)))),X11))) = double_divide(inverse(X13),double_divide(inverse(double_divide(X7,inverse(double_divide(inverse(double_divide(double_divide(inverse(double_divide(X0,double_divide(X1,X2))),double_divide(X3,double_divide(X1,X3))),double_divide(X4,X5))),double_divide(X6,double_divide(X4,X6)))))),inverse(double_divide(double_divide(double_divide(inverse(double_divide(X14,X5)),double_divide(X15,double_divide(inverse(double_divide(X0,inverse(X2))),X15))),X14),double_divide(X13,X9))))) [forward demodulation 42112,36190]
43418. double_divide(inverse(inverse(X9)),inverse(double_divide(inverse(inverse(double_divide(inverse(double_divide(X12,double_divide(X16,X10))),double_divide(X17,double_divide(X16,X17))))),double_divide(X18,double_divide(inverse(X7),X18))))) = double_divide(inverse(double_divide(X8,X5)),inverse(double_divide(double_divide(double_divide(inverse(double_divide(double_divide(inverse(double_divide(X0,double_divide(X1,X2))),double_divide(X3,double_divide(X1,X3))),double_divide(X4,X5))),double_divide(X6,double_divide(X4,X6))),inverse(double_divide(X13,double_divide(double_divide(inverse(X14),inverse(double_divide(inverse(double_divide(X14,X2)),inverse(X0)))),X13)))),double_divide(X7,inverse(double_divide(X12,double_divide(inverse(X8),inverse(double_divide(X9,X10))))))))) [forward demodulation 42142,33753]
43447. double_divide(inverse(inverse(X10)),inverse(double_divide(inverse(X7),double_divide(X13,double_divide(inverse(X9),X13))))) = double_divide(X10,inverse(double_divide(double_divide(inverse(inverse(double_divide(inverse(double_divide(X0,double_divide(X1,X2))),double_divide(X3,double_divide(X1,X3))))),inverse(double_divide(double_divide(inverse(X5),inverse(double_divide(inverse(double_divide(X5,X2)),inverse(X0)))),X7))),inverse(X9)))) [forward demodulation 42171,33753]
43455. inverse(double_divide(inverse(double_divide(X7,double_divide(inverse(X8),X9))),double_divide(inverse(double_divide(inverse(double_divide(X8,double_divide(inverse(X10),X11))),double_divide(inverse(double_divide(inverse(double_divide(X10,double_divide(X12,X13))),double_divide(X14,double_divide(X12,X14)))),X13))),X11))) = double_divide(inverse(X15),double_divide(inverse(double_divide(X7,X5)),inverse(double_divide(double_divide(double_divide(inverse(double_divide(double_divide(inverse(double_divide(X0,double_divide(X1,X2))),double_divide(X3,double_divide(X1,X3))),double_divide(X4,X5))),double_divide(X6,double_divide(X4,X6))),double_divide(X0,inverse(X2))),double_divide(X15,X9))))) [forward demodulation 42179,35155]
43459. inverse(double_divide(X7,double_divide(X9,inverse(X8)))) = double_divide(inverse(double_divide(X9,X5)),inverse(double_divide(double_divide(double_divide(inverse(double_divide(double_divide(inverse(double_divide(X0,double_divide(X1,X2))),double_divide(X3,double_divide(X1,X3))),double_divide(X4,X5))),double_divide(X6,double_divide(X4,X6))),inverse(double_divide(X10,double_divide(double_divide(inverse(X11),inverse(double_divide(inverse(double_divide(X11,X2)),inverse(X0)))),X10)))),double_divide(X7,X8)))) [forward demodulation 42183,33753]
43463. double_divide(inverse(X7),double_divide(inverse(double_divide(X8,inverse(double_divide(inverse(double_divide(double_divide(inverse(double_divide(X0,double_divide(X1,X2))),double_divide(X3,double_divide(X1,X3))),double_divide(X4,X5))),double_divide(X6,double_divide(X4,X6)))))),inverse(double_divide(double_divide(double_divide(inverse(double_divide(X10,X5)),double_divide(X11,double_divide(double_divide(inverse(X12),inverse(double_divide(inverse(double_divide(X12,X2)),double_divide(X13,double_divide(inverse(X0),X13))))),X11))),inverse(double_divide(X10,double_divide(inverse(X15),X15)))),double_divide(X7,double_divide(inverse(X8),X9)))))) = X9 [forward demodulation 42187,36461]
43490. double_divide(inverse(X7),inverse(double_divide(inverse(double_divide(X7,X8)),double_divide(X9,double_divide(inverse(X10),X9))))) = double_divide(inverse(X11),double_divide(inverse(double_divide(X10,X5)),inverse(double_divide(double_divide(double_divide(inverse(double_divide(double_divide(inverse(double_divide(X0,double_divide(X1,X2))),double_divide(X3,double_divide(X1,X3))),double_divide(X4,X5))),double_divide(X6,double_divide(X4,X6))),double_divide(X0,inverse(X2))),double_divide(X11,X8))))) [forward demodulation 42214,35155]
43512. inverse(double_divide(X7,double_divide(X8,X7))) = double_divide(double_divide(inverse(X0),inverse(double_divide(inverse(double_divide(X0,X1)),double_divide(inverse(X3),inverse(double_divide(inverse(double_divide(X3,X4)),double_divide(X5,double_divide(inverse(X6),X5)))))))),inverse(double_divide(double_divide(double_divide(X6,inverse(X4)),inverse(X1)),X8))) [forward demodulation 42236,33753]
43594. inverse(double_divide(X7,inverse(X12))) = inverse(double_divide(inverse(double_divide(X7,double_divide(double_divide(inverse(X0),inverse(double_divide(inverse(double_divide(X0,X1)),double_divide(X2,double_divide(double_divide(inverse(X3),inverse(double_divide(inverse(double_divide(X3,X4)),double_divide(X5,double_divide(inverse(X6),X5))))),X2))))),X12))),double_divide(inverse(double_divide(double_divide(inverse(inverse(double_divide(inverse(double_divide(X6,double_divide(X8,X4))),double_divide(X9,double_divide(X8,X9))))),inverse(X1)),inverse(X14))),X14))) [forward demodulation 42318,36268]
43611. inverse(double_divide(double_divide(inverse(X0),inverse(double_divide(inverse(double_divide(X0,X1)),double_divide(X2,double_divide(double_divide(inverse(X3),inverse(double_divide(inverse(double_divide(X3,X4)),double_divide(X5,double_divide(inverse(X6),X5))))),X2))))),inverse(X12))) = inverse(double_divide(inverse(double_divide(double_divide(X6,inverse(X4)),double_divide(X9,X1))),double_divide(X12,inverse(double_divide(X10,double_divide(X9,X10)))))) [forward demodulation 42335,33753]
43616. double_divide(X7,inverse(X8)) = double_divide(X7,double_divide(inverse(double_divide(X8,inverse(X16))),X16)) [forward demodulation 42340,41068]
43617. inverse(double_divide(double_divide(inverse(X0),inverse(double_divide(inverse(double_divide(X0,X1)),double_divide(X2,double_divide(double_divide(inverse(X3),inverse(double_divide(inverse(double_divide(X3,X4)),double_divide(X5,double_divide(inverse(X6),X5))))),X2))))),double_divide(X11,double_divide(inverse(X12),X11)))) = inverse(double_divide(inverse(double_divide(double_divide(X6,inverse(X4)),double_divide(X9,X1))),double_divide(X12,inverse(double_divide(X10,double_divide(X9,X10)))))) [forward demodulation 42341,36439]
43675. inverse(double_divide(double_divide(inverse(X0),inverse(double_divide(inverse(double_divide(X0,X1)),double_divide(X2,double_divide(double_divide(inverse(X3),inverse(double_divide(inverse(double_divide(X3,X4)),double_divide(X5,double_divide(inverse(X6),X5))))),X2))))),double_divide(X11,double_divide(X10,X11)))) = double_divide(inverse(X12),inverse(double_divide(inverse(double_divide(X12,double_divide(X9,X10))),double_divide(double_divide(inverse(double_divide(X6,double_divide(X7,X4))),double_divide(X8,double_divide(X7,X8))),double_divide(X9,X1))))) [forward demodulation 42399,36439]
43696. double_divide(inverse(X7),inverse(double_divide(inverse(double_divide(X7,double_divide(inverse(X8),X9))),double_divide(double_divide(inverse(double_divide(inverse(double_divide(X6,double_divide(X10,X4))),X10)),inverse(double_divide(double_divide(X6,inverse(X4)),inverse(X1)))),double_divide(inverse(X8),X1))))) = X9 [forward demodulation 42420,33753]
43758. inverse(double_divide(inverse(double_divide(double_divide(inverse(double_divide(X4,double_divide(X7,X2))),double_divide(X8,double_divide(X7,X8))),double_divide(X9,X10))),double_divide(X11,double_divide(X9,X11)))) = inverse(double_divide(double_divide(X4,inverse(X2)),inverse(X10))) [forward demodulation 42484,3523]
43780. inverse(double_divide(inverse(double_divide(double_divide(inverse(double_divide(X4,double_divide(X5,X2))),double_divide(X6,double_divide(X5,X6))),double_divide(X7,X8))),double_divide(X9,double_divide(X7,X9)))) = inverse(double_divide(double_divide(inverse(X11),double_divide(inverse(X1),inverse(X11))),double_divide(inverse(double_divide(inverse(X10),inverse(double_divide(inverse(double_divide(X10,X8)),X4)))),double_divide(X1,X2)))) [forward demodulation 42506,36600]
43789. inverse(double_divide(double_divide(X0,double_divide(X3,inverse(X1))),inverse(X9))) = inverse(double_divide(double_divide(inverse(double_divide(X0,double_divide(X4,inverse(double_divide(inverse(double_divide(X3,double_divide(X5,X1))),double_divide(X6,double_divide(X5,X6))))))),double_divide(X7,double_divide(X4,X7))),inverse(X9))) [forward demodulation 42515,36472]
43794. double_divide(inverse(X8),double_divide(inverse(X3),double_divide(X8,X6))) = inverse(double_divide(double_divide(inverse(double_divide(X1,double_divide(X2,double_divide(inverse(X1),X3)))),double_divide(X4,double_divide(X2,X4))),inverse(X6))) [forward demodulation 42520,36472]
43797. inverse(double_divide(double_divide(X1,double_divide(X4,inverse(X2))),inverse(X12))) = inverse(double_divide(inverse(double_divide(double_divide(inverse(double_divide(X1,double_divide(X7,inverse(double_divide(inverse(double_divide(X4,double_divide(X8,X2))),double_divide(X9,double_divide(X8,X9))))))),double_divide(X10,double_divide(X7,X10))),double_divide(X11,X12))),X11)) [forward demodulation 42523,33753]
43802. inverse(double_divide(inverse(double_divide(double_divide(inverse(double_divide(X7,double_divide(X8,double_divide(inverse(X7),inverse(double_divide(inverse(double_divide(X0,X3)),double_divide(X9,double_divide(inverse(X1),X9)))))))),double_divide(X10,double_divide(X8,X10))),double_divide(X11,X12))),double_divide(X13,double_divide(X11,X13)))) = inverse(double_divide(double_divide(X0,double_divide(X1,inverse(X3))),inverse(X12))) [forward demodulation 42528,36439]
43804. double_divide(inverse(X9),inverse(double_divide(inverse(double_divide(X9,X7)),X0))) = inverse(double_divide(double_divide(inverse(inverse(X2)),inverse(double_divide(inverse(X2),double_divide(X4,double_divide(X0,X4))))),inverse(X7))) [forward demodulation 42530,36268]
43805. double_divide(inverse(X14),inverse(double_divide(inverse(double_divide(X14,X12)),X1))) = inverse(double_divide(double_divide(inverse(inverse(X8)),inverse(double_divide(inverse(X8),X1))),inverse(X12))) [forward demodulation 42531,36268]
43913. double_divide(inverse(X10),inverse(double_divide(inverse(double_divide(X10,X8)),double_divide(inverse(X12),inverse(double_divide(inverse(double_divide(X12,X5)),X0)))))) = inverse(double_divide(double_divide(inverse(inverse(double_divide(inverse(double_divide(X1,double_divide(X2,double_divide(inverse(X1),X0)))),double_divide(X3,double_divide(X2,X3))))),inverse(X5)),inverse(X8))) [forward demodulation 42639,36268]
43921. inverse(double_divide(inverse(double_divide(double_divide(inverse(double_divide(X1,double_divide(X2,X3))),double_divide(X4,double_divide(X2,X4))),double_divide(X5,X6))),double_divide(X7,double_divide(X5,X7)))) = inverse(double_divide(X3,double_divide(inverse(X8),inverse(double_divide(inverse(double_divide(X8,X6)),X1))))) [forward demodulation 42647,36439]
43944. double_divide(inverse(X14),inverse(double_divide(inverse(double_divide(X14,X12)),double_divide(inverse(X6),inverse(X4))))) = inverse(double_divide(double_divide(inverse(inverse(X4)),inverse(double_divide(inverse(double_divide(inverse(double_divide(X6,double_divide(X7,X8))),double_divide(X9,double_divide(X7,X9)))),X8))),inverse(X12))) [forward demodulation 42670,36268]
43983. inverse(double_divide(inverse(double_divide(double_divide(inverse(double_divide(X9,double_divide(X10,inverse(double_divide(inverse(X4),double_divide(X11,double_divide(inverse(X0),X11))))))),double_divide(X12,double_divide(X10,X12))),double_divide(X13,X14))),double_divide(X15,double_divide(X13,X15)))) = inverse(double_divide(double_divide(X9,double_divide(inverse(X2),double_divide(inverse(inverse(X0)),inverse(inverse(double_divide(inverse(double_divide(X2,double_divide(inverse(X3),X4))),double_divide(inverse(double_divide(inverse(double_divide(X3,double_divide(X5,X6))),double_divide(X7,double_divide(X5,X7)))),X6))))))),inverse(X14))) [forward demodulation 42709,36268]
43988. double_divide(inverse(X10),inverse(double_divide(inverse(double_divide(X10,X8)),double_divide(X11,double_divide(double_divide(inverse(inverse(X0)),inverse(double_divide(inverse(X0),double_divide(X12,double_divide(inverse(X1),X12))))),X11))))) = inverse(double_divide(inverse(X1),inverse(X8))) [forward demodulation 42714,29440]
44069. inverse(double_divide(inverse(double_divide(double_divide(inverse(double_divide(X3,double_divide(X4,X5))),double_divide(X6,double_divide(X4,X6))),double_divide(X7,double_divide(X2,X8)))),double_divide(X9,double_divide(X7,X9)))) = double_divide(inverse(X8),inverse(double_divide(inverse(double_divide(X1,double_divide(X2,X1))),double_divide(X5,inverse(X3))))) [forward demodulation 42795,29371]
44075. double_divide(X7,double_divide(inverse(X10),inverse(double_divide(inverse(double_divide(X10,X4)),double_divide(inverse(X1),X2))))) = inverse(double_divide(inverse(double_divide(double_divide(inverse(double_divide(X2,double_divide(X3,X4))),double_divide(X5,double_divide(X3,X5))),double_divide(X6,double_divide(X1,inverse(X7))))),X6)) [forward demodulation 42801,33753]
44105. inverse(double_divide(double_divide(X2,inverse(X4)),inverse(X1))) = inverse(double_divide(double_divide(inverse(double_divide(X2,double_divide(X3,X4))),double_divide(X5,double_divide(X3,X5))),double_divide(X1,double_divide(X7,inverse(double_divide(X8,double_divide(X7,X8))))))) [forward demodulation 42831,31422]
44119. inverse(double_divide(inverse(double_divide(double_divide(inverse(double_divide(X7,double_divide(X8,X9))),double_divide(X10,double_divide(X8,X10))),double_divide(X11,inverse(double_divide(inverse(X4),double_divide(X12,double_divide(inverse(X0),X12))))))),double_divide(X13,double_divide(X11,X13)))) = inverse(double_divide(double_divide(X7,inverse(X9)),double_divide(inverse(X2),double_divide(inverse(inverse(X0)),inverse(inverse(double_divide(inverse(double_divide(X2,double_divide(X3,X4))),double_divide(X5,double_divide(X3,X5))))))))) [forward demodulation 42845,36268]
44157. double_divide(inverse(inverse(X6)),inverse(double_divide(inverse(X0),double_divide(X16,double_divide(double_divide(inverse(X17),inverse(double_divide(inverse(double_divide(X17,X3)),double_divide(X18,double_divide(inverse(X1),X18))))),X16))))) = inverse(double_divide(double_divide(inverse(inverse(X1)),inverse(X3)),double_divide(X6,inverse(X0)))) [forward demodulation 42883,36268]
44212. inverse(double_divide(double_divide(X6,inverse(X4)),inverse(X1))) = double_divide(inverse(X0),inverse(double_divide(inverse(double_divide(X0,X1)),double_divide(inverse(X3),inverse(double_divide(inverse(double_divide(X3,X4)),double_divide(X5,double_divide(inverse(X6),X5)))))))) [forward demodulation 42938,33753]
44289. inverse(double_divide(inverse(double_divide(double_divide(X0,inverse(X2)),X5)),X6)) = double_divide(inverse(X8),inverse(double_divide(inverse(double_divide(X8,double_divide(X5,X6))),double_divide(inverse(X10),inverse(double_divide(inverse(double_divide(X10,X2)),double_divide(X11,double_divide(inverse(X0),X11)))))))) [forward demodulation 43015,33753]
44301. inverse(double_divide(inverse(double_divide(X0,double_divide(double_divide(X1,double_divide(X2,X1)),X0))),X5)) = inverse(double_divide(double_divide(X3,inverse(X4)),inverse(double_divide(inverse(double_divide(X3,double_divide(X2,X4))),X5)))) [forward demodulation 43027,36190]
44313. inverse(double_divide(X0,double_divide(X5,inverse(double_divide(double_divide(X1,double_divide(X2,X1)),X0))))) = double_divide(inverse(X7),inverse(double_divide(inverse(double_divide(X7,double_divide(inverse(double_divide(X3,double_divide(X2,X4))),inverse(X5)))),inverse(double_divide(X3,inverse(X4)))))) [forward demodulation 43039,36190]
44318. double_divide(inverse(X9),inverse(double_divide(inverse(double_divide(X9,X1)),double_divide(X10,double_divide(double_divide(inverse(X11),inverse(double_divide(inverse(double_divide(X11,X4)),double_divide(X12,double_divide(inverse(X2),X12))))),X10))))) = inverse(double_divide(double_divide(X2,inverse(X4)),inverse(X1))) [forward demodulation 43044,36439]
44324. inverse(double_divide(double_divide(X2,inverse(X4)),inverse(X1))) = double_divide(inverse(X9),inverse(double_divide(X9,double_divide(inverse(double_divide(X10,double_divide(double_divide(inverse(X11),inverse(double_divide(inverse(double_divide(X11,X4)),double_divide(X12,double_divide(inverse(X2),X12))))),X10))),double_divide(X1,double_divide(X6,inverse(double_divide(X7,double_divide(X6,X7))))))))) [forward demodulation 43050,36461]
44373. inverse(double_divide(inverse(double_divide(double_divide(inverse(double_divide(X1,double_divide(X2,X3))),double_divide(X4,double_divide(X2,X4))),X0)),double_divide(X10,double_divide(inverse(X5),X10)))) = inverse(double_divide(inverse(double_divide(X12,double_divide(double_divide(inverse(X13),inverse(double_divide(inverse(double_divide(X13,X3)),double_divide(X14,double_divide(inverse(X1),X14))))),X12))),double_divide(inverse(double_divide(X5,double_divide(inverse(X6),X0))),inverse(X6)))) [forward demodulation 43099,36602]
44420. double_divide(inverse(X9),inverse(double_divide(inverse(double_divide(X9,X7)),double_divide(inverse(X11),inverse(double_divide(inverse(double_divide(X11,X2)),double_divide(X12,double_divide(inverse(X1),X12)))))))) = inverse(double_divide(double_divide(inverse(double_divide(X1,double_divide(inverse(X0),X2))),double_divide(double_divide(X3,inverse(X3)),X0)),inverse(X7))) [forward demodulation 43146,33753]
44455. inverse(double_divide(double_divide(inverse(double_divide(X0,X2)),double_divide(X4,double_divide(X3,X4))),inverse(X6))) = double_divide(inverse(X8),inverse(double_divide(inverse(double_divide(X8,X6)),double_divide(inverse(X10),inverse(double_divide(inverse(double_divide(X10,double_divide(X2,X3))),inverse(X0))))))) [forward demodulation 43181,33753]
44474. inverse(double_divide(double_divide(inverse(double_divide(X8,double_divide(X1,inverse(X3)))),double_divide(X10,double_divide(X9,X10))),inverse(X12))) = double_divide(inverse(X14),inverse(double_divide(inverse(double_divide(X14,X12)),double_divide(inverse(X16),inverse(double_divide(inverse(double_divide(X16,double_divide(inverse(X1),X9))),double_divide(X17,double_divide(inverse(inverse(double_divide(X8,X3))),X17)))))))) [forward demodulation 43200,33753]
44479. inverse(double_divide(inverse(double_divide(double_divide(X0,double_divide(X4,double_divide(X3,X4))),double_divide(X5,X6))),X5)) = inverse(double_divide(double_divide(X0,X3),inverse(X6))) [forward demodulation 43205,33753]
44492. inverse(double_divide(double_divide(X0,double_divide(X3,inverse(double_divide(X1,X0)))),inverse(X6))) = double_divide(inverse(X8),inverse(double_divide(inverse(double_divide(X8,X6)),double_divide(inverse(X10),inverse(double_divide(inverse(double_divide(X10,double_divide(X2,inverse(X3)))),inverse(double_divide(X2,X1)))))))) [forward demodulation 43218,33753]
44510. inverse(double_divide(double_divide(inverse(X0),double_divide(X4,double_divide(X1,X4))),inverse(X6))) = inverse(double_divide(double_divide(inverse(X0),double_divide(double_divide(X2,X1),double_divide(X3,double_divide(X2,X3)))),inverse(X6))) [forward demodulation 43236,36190]
44539. double_divide(inverse(X15),inverse(double_divide(inverse(double_divide(X15,X13)),double_divide(X16,double_divide(double_divide(inverse(X17),inverse(double_divide(inverse(double_divide(X17,inverse(double_divide(inverse(X4),double_divide(X10,double_divide(inverse(X0),X10)))))),double_divide(X18,double_divide(inverse(X9),X18))))),X16))))) = inverse(double_divide(double_divide(X9,double_divide(inverse(X2),inverse(inverse(double_divide(X0,double_divide(inverse(double_divide(X2,double_divide(inverse(X3),X4))),double_divide(inverse(double_divide(inverse(double_divide(X3,double_divide(X5,X6))),double_divide(X7,double_divide(X5,X7)))),X6))))))),inverse(X13))) [forward demodulation 43265,31311]
44579. double_divide(inverse(double_divide(X7,X5)),double_divide(X8,double_divide(double_divide(inverse(X9),inverse(double_divide(inverse(double_divide(X9,X2)),double_divide(X10,double_divide(inverse(X0),X10))))),X8))) = double_divide(inverse(double_divide(X7,X5)),inverse(double_divide(X0,inverse(X2)))) [forward demodulation 43305,36472]
44597. double_divide(inverse(double_divide(X8,X5)),double_divide(X9,double_divide(double_divide(inverse(X10),inverse(double_divide(inverse(double_divide(X10,X2)),inverse(X0)))),X9))) = inverse(double_divide(inverse(double_divide(double_divide(X0,inverse(X2)),double_divide(X4,X5))),double_divide(X8,inverse(double_divide(X6,double_divide(X4,X6)))))) [forward demodulation 43323,33753]
44620. double_divide(X7,double_divide(X8,X7)) = double_divide(double_divide(inverse(X9),X8),double_divide(inverse(double_divide(X9,X5)),inverse(double_divide(double_divide(inverse(X11),inverse(double_divide(inverse(double_divide(X11,X2)),double_divide(X12,double_divide(inverse(X0),X12))))),inverse(double_divide(double_divide(X0,inverse(X2)),inverse(X5))))))) [forward demodulation 43346,36670]
44632. double_divide(X9,inverse(double_divide(inverse(X11),double_divide(X18,double_divide(inverse(X7),X18))))) = double_divide(inverse(double_divide(X8,X5)),inverse(double_divide(double_divide(double_divide(inverse(double_divide(double_divide(inverse(double_divide(X0,double_divide(X1,X2))),double_divide(X3,double_divide(X1,X3))),double_divide(X4,X5))),double_divide(X6,double_divide(X4,X6))),inverse(double_divide(X15,double_divide(double_divide(inverse(X16),inverse(double_divide(inverse(double_divide(X16,X2)),double_divide(X17,double_divide(inverse(X0),X17))))),X15)))),double_divide(X7,inverse(double_divide(X11,double_divide(inverse(X8),X9))))))) [forward demodulation 43358,36439]
44662. inverse(double_divide(inverse(double_divide(X7,double_divide(inverse(X8),X9))),double_divide(inverse(double_divide(inverse(double_divide(X8,double_divide(X10,X11))),double_divide(X12,double_divide(X10,X12)))),X11))) = double_divide(inverse(X13),double_divide(inverse(double_divide(X7,inverse(double_divide(inverse(double_divide(double_divide(inverse(double_divide(X0,double_divide(X1,X2))),double_divide(X3,double_divide(X1,X3))),double_divide(X4,X5))),double_divide(X6,double_divide(X4,X6)))))),inverse(double_divide(double_divide(double_divide(X14,double_divide(double_divide(X0,inverse(X2)),inverse(X5))),X14),double_divide(X13,X9))))) [forward demodulation 43388,36614]
44692. double_divide(inverse(inverse(X9)),inverse(double_divide(inverse(inverse(double_divide(inverse(double_divide(X12,double_divide(X16,X10))),double_divide(X17,double_divide(X16,X17))))),double_divide(X18,double_divide(inverse(X7),X18))))) = double_divide(inverse(double_divide(X8,X5)),inverse(double_divide(double_divide(double_divide(inverse(double_divide(double_divide(inverse(double_divide(X0,double_divide(X1,X2))),double_divide(X3,double_divide(X1,X3))),double_divide(X4,X5))),double_divide(X6,double_divide(X4,X6))),inverse(double_divide(X13,double_divide(inverse(double_divide(X0,inverse(X2))),X13)))),double_divide(X7,inverse(double_divide(X12,double_divide(inverse(X8),inverse(double_divide(X9,X10))))))))) [forward demodulation 43418,36190]
44721. double_divide(inverse(inverse(X10)),inverse(double_divide(inverse(X7),double_divide(X13,double_divide(inverse(X9),X13))))) = double_divide(X10,inverse(double_divide(double_divide(inverse(inverse(double_divide(inverse(double_divide(X0,double_divide(X1,X2))),double_divide(X3,double_divide(X1,X3))))),inverse(double_divide(inverse(double_divide(X0,inverse(X2))),X7))),inverse(X9)))) [forward demodulation 43447,36190]
44729. inverse(double_divide(inverse(double_divide(X7,double_divide(inverse(X8),X9))),double_divide(inverse(double_divide(inverse(double_divide(X8,double_divide(inverse(X10),X11))),double_divide(inverse(double_divide(inverse(double_divide(X10,double_divide(X12,X13))),double_divide(X14,double_divide(X12,X14)))),X13))),X11))) = double_divide(inverse(X15),double_divide(inverse(double_divide(X7,X5)),inverse(double_divide(double_divide(double_divide(inverse(inverse(double_divide(inverse(double_divide(X0,double_divide(X1,X2))),double_divide(X3,double_divide(X1,X3))))),inverse(X5)),double_divide(X0,inverse(X2))),double_divide(X15,X9))))) [forward demodulation 43455,36268]
44733. inverse(double_divide(X7,double_divide(X9,inverse(X8)))) = double_divide(inverse(double_divide(X9,X5)),inverse(double_divide(double_divide(double_divide(inverse(double_divide(double_divide(inverse(double_divide(X0,double_divide(X1,X2))),double_divide(X3,double_divide(X1,X3))),double_divide(X4,X5))),double_divide(X6,double_divide(X4,X6))),inverse(double_divide(X10,double_divide(inverse(double_divide(X0,inverse(X2))),X10)))),double_divide(X7,X8)))) [forward demodulation 43459,36190]
44737. double_divide(inverse(X7),double_divide(inverse(double_divide(X8,inverse(double_divide(inverse(double_divide(double_divide(inverse(double_divide(X0,double_divide(X1,X2))),double_divide(X3,double_divide(X1,X3))),double_divide(X4,X5))),double_divide(X6,double_divide(X4,X6)))))),inverse(double_divide(double_divide(double_divide(inverse(double_divide(X10,X5)),double_divide(X11,double_divide(double_divide(inverse(X12),inverse(double_divide(inverse(double_divide(X12,X2)),double_divide(X13,double_divide(inverse(X0),X13))))),X11))),X10),double_divide(X7,double_divide(inverse(X8),X9)))))) = X9 [forward demodulation 43463,35169]
44764. double_divide(inverse(X7),inverse(double_divide(inverse(double_divide(X7,X8)),double_divide(X9,double_divide(inverse(X10),X9))))) = double_divide(inverse(X11),double_divide(inverse(double_divide(X10,X5)),inverse(double_divide(double_divide(double_divide(inverse(inverse(double_divide(inverse(double_divide(X0,double_divide(X1,X2))),double_divide(X3,double_divide(X1,X3))))),inverse(X5)),double_divide(X0,inverse(X2))),double_divide(X11,X8))))) [forward demodulation 43490,36268]
44786. inverse(double_divide(X7,double_divide(X8,X7))) = double_divide(double_divide(inverse(X0),inverse(double_divide(inverse(double_divide(X0,X1)),double_divide(inverse(X3),inverse(double_divide(inverse(double_divide(X3,X4)),inverse(X6))))))),inverse(double_divide(double_divide(double_divide(X6,inverse(X4)),inverse(X1)),X8))) [forward demodulation 43512,33753]
44868. inverse(double_divide(X7,inverse(X12))) = inverse(double_divide(inverse(double_divide(X7,double_divide(double_divide(inverse(X0),inverse(double_divide(inverse(double_divide(X0,X1)),double_divide(X2,double_divide(double_divide(inverse(X3),inverse(double_divide(inverse(double_divide(X3,X4)),double_divide(X5,double_divide(inverse(X6),X5))))),X2))))),X12))),double_divide(inverse(double_divide(double_divide(double_divide(inverse(inverse(X6)),inverse(X4)),inverse(X1)),inverse(X14))),X14))) [forward demodulation 43594,31297]
44885. inverse(double_divide(double_divide(inverse(X0),inverse(double_divide(inverse(double_divide(X0,X1)),double_divide(inverse(X3),inverse(double_divide(inverse(double_divide(X3,X4)),double_divide(X5,double_divide(inverse(X6),X5)))))))),inverse(X12))) = inverse(double_divide(inverse(double_divide(double_divide(X6,inverse(X4)),double_divide(X9,X1))),double_divide(X12,inverse(double_divide(X10,double_divide(X9,X10)))))) [forward demodulation 43611,33753]
44890. inverse(double_divide(double_divide(inverse(X0),inverse(double_divide(inverse(double_divide(X0,X1)),double_divide(X2,double_divide(double_divide(inverse(X3),inverse(double_divide(inverse(double_divide(X3,X4)),double_divide(X5,double_divide(inverse(X6),X5))))),X2))))),inverse(X12))) = inverse(double_divide(inverse(double_divide(double_divide(X6,inverse(X4)),double_divide(X9,X1))),double_divide(X12,inverse(double_divide(X10,double_divide(X9,X10)))))) [forward demodulation 43617,33753]
44948. inverse(double_divide(double_divide(inverse(X0),inverse(double_divide(inverse(double_divide(X0,X1)),double_divide(X2,double_divide(double_divide(inverse(X3),inverse(double_divide(inverse(double_divide(X3,X4)),double_divide(X5,double_divide(inverse(X6),X5))))),X2))))),double_divide(X11,double_divide(X10,X11)))) = double_divide(inverse(X12),inverse(double_divide(inverse(double_divide(X12,double_divide(X9,X10))),double_divide(double_divide(inverse(inverse(X6)),inverse(X4)),double_divide(X9,X1))))) [forward demodulation 43675,36268]
44969. double_divide(inverse(X7),inverse(double_divide(inverse(double_divide(X7,double_divide(inverse(X8),X9))),double_divide(double_divide(inverse(double_divide(X6,inverse(X4))),inverse(double_divide(double_divide(X6,inverse(X4)),inverse(X1)))),double_divide(inverse(X8),X1))))) = X9 [forward demodulation 43696,36472]
45031. inverse(double_divide(double_divide(X4,inverse(X2)),inverse(X10))) = inverse(double_divide(inverse(double_divide(double_divide(inverse(double_divide(X4,double_divide(X7,X2))),double_divide(X8,double_divide(X7,X8))),double_divide(X9,X10))),X9)) [forward demodulation 43758,33753]
45053. inverse(double_divide(inverse(double_divide(double_divide(inverse(double_divide(X4,double_divide(X5,X2))),double_divide(X6,double_divide(X5,X6))),double_divide(X7,X8))),double_divide(X9,double_divide(X7,X9)))) = inverse(double_divide(double_divide(inverse(X11),double_divide(inverse(X1),inverse(X11))),double_divide(inverse(double_divide(inverse(X10),double_divide(inverse(X4),double_divide(X10,X8)))),double_divide(X1,X2)))) [forward demodulation 43780,36600]
45062. inverse(double_divide(double_divide(X0,double_divide(X3,inverse(X1))),inverse(X9))) = inverse(double_divide(double_divide(inverse(inverse(X0)),inverse(inverse(double_divide(inverse(double_divide(X3,double_divide(X5,X1))),double_divide(X6,double_divide(X5,X6)))))),inverse(X9))) [forward demodulation 43789,36268]
45067. double_divide(inverse(X8),double_divide(inverse(X3),double_divide(X8,X6))) = inverse(double_divide(double_divide(inverse(inverse(X1)),inverse(double_divide(inverse(X1),X3))),inverse(X6))) [forward demodulation 43794,36268]
45070. inverse(double_divide(double_divide(X1,double_divide(X4,inverse(X2))),inverse(X12))) = inverse(double_divide(double_divide(inverse(double_divide(X1,double_divide(X7,inverse(double_divide(inverse(double_divide(X4,double_divide(X8,X2))),double_divide(X9,double_divide(X8,X9))))))),double_divide(X10,double_divide(X7,X10))),inverse(X12))) [forward demodulation 43797,36472]
45075. inverse(double_divide(double_divide(X0,double_divide(X1,inverse(X3))),inverse(X12))) = inverse(double_divide(inverse(double_divide(double_divide(inverse(double_divide(X7,double_divide(X8,double_divide(inverse(X7),inverse(double_divide(inverse(double_divide(X0,X3)),double_divide(X9,double_divide(inverse(X1),X9)))))))),double_divide(X10,double_divide(X8,X10))),double_divide(X11,X12))),X11)) [forward demodulation 43802,33753]
45077. double_divide(inverse(X9),inverse(double_divide(inverse(double_divide(X9,X7)),X0))) = inverse(double_divide(inverse(double_divide(X4,double_divide(X0,X4))),inverse(X7))) [forward demodulation 43804,29371]
45078. double_divide(inverse(X14),inverse(double_divide(inverse(double_divide(X14,X12)),X1))) = inverse(double_divide(inverse(X1),inverse(X12))) [forward demodulation 43805,29371]
45178. double_divide(inverse(X10),inverse(double_divide(inverse(double_divide(X10,X8)),double_divide(inverse(X12),inverse(double_divide(inverse(double_divide(X12,X5)),X0)))))) = inverse(double_divide(double_divide(double_divide(inverse(inverse(X1)),inverse(double_divide(inverse(X1),X0))),inverse(X5)),inverse(X8))) [forward demodulation 43913,31297]
45186. inverse(double_divide(inverse(double_divide(double_divide(inverse(double_divide(X1,double_divide(X2,X3))),double_divide(X4,double_divide(X2,X4))),double_divide(X5,X6))),X5)) = inverse(double_divide(X3,double_divide(inverse(X8),inverse(double_divide(inverse(double_divide(X8,X6)),X1))))) [forward demodulation 43921,33753]
45209. double_divide(inverse(X14),inverse(double_divide(inverse(double_divide(X14,X12)),double_divide(inverse(X6),inverse(X4))))) = inverse(double_divide(double_divide(inverse(inverse(X4)),inverse(double_divide(inverse(double_divide(inverse(double_divide(X6,double_divide(X7,X8))),X7)),X8))),inverse(X12))) [forward demodulation 43944,33753]
45248. inverse(double_divide(inverse(double_divide(double_divide(inverse(double_divide(X9,double_divide(X10,inverse(double_divide(inverse(X4),double_divide(X11,double_divide(inverse(X0),X11))))))),double_divide(X12,double_divide(X10,X12))),double_divide(X13,X14))),double_divide(X15,double_divide(X13,X15)))) = inverse(double_divide(double_divide(X9,double_divide(inverse(X2),inverse(inverse(double_divide(X0,double_divide(inverse(double_divide(X2,double_divide(inverse(X3),X4))),double_divide(inverse(double_divide(inverse(double_divide(X3,double_divide(X5,X6))),double_divide(X7,double_divide(X5,X7)))),X6))))))),inverse(X14))) [forward demodulation 43983,31311]
45253. double_divide(inverse(X10),inverse(double_divide(inverse(double_divide(X10,X8)),double_divide(inverse(inverse(X0)),inverse(double_divide(inverse(X0),double_divide(X12,double_divide(inverse(X1),X12)))))))) = inverse(double_divide(inverse(X1),inverse(X8))) [forward demodulation 43988,33753]
45332. double_divide(inverse(X8),inverse(double_divide(inverse(double_divide(X1,double_divide(X2,X1))),double_divide(X5,inverse(X3))))) = inverse(double_divide(inverse(double_divide(double_divide(inverse(double_divide(X3,double_divide(X4,X5))),double_divide(X6,double_divide(X4,X6))),double_divide(X7,double_divide(X2,X8)))),X7)) [forward demodulation 44069,33753]
45336. double_divide(X7,double_divide(inverse(X10),inverse(double_divide(inverse(double_divide(X10,X4)),double_divide(inverse(X1),X2))))) = inverse(double_divide(double_divide(inverse(double_divide(X2,double_divide(X3,X4))),double_divide(X5,double_divide(X3,X5))),inverse(double_divide(X1,inverse(X7))))) [forward demodulation 44075,36472]
45342. inverse(double_divide(double_divide(X2,inverse(X4)),inverse(X1))) = inverse(double_divide(double_divide(inverse(inverse(X2)),inverse(X4)),double_divide(X1,double_divide(X7,inverse(double_divide(X8,double_divide(X7,X8))))))) [forward demodulation 44105,36268]
45353. inverse(double_divide(inverse(double_divide(double_divide(inverse(double_divide(X7,double_divide(X8,X9))),double_divide(X10,double_divide(X8,X10))),double_divide(X11,inverse(double_divide(inverse(X4),double_divide(X12,double_divide(inverse(X0),X12))))))),double_divide(X13,double_divide(X11,X13)))) = inverse(double_divide(double_divide(X7,inverse(X9)),double_divide(inverse(X2),inverse(inverse(double_divide(X0,double_divide(inverse(double_divide(X2,double_divide(X3,X4))),double_divide(X5,double_divide(X3,X5))))))))) [forward demodulation 44119,31311]
45391. double_divide(inverse(inverse(X6)),inverse(double_divide(inverse(X0),double_divide(X16,double_divide(double_divide(inverse(X17),inverse(double_divide(inverse(double_divide(X17,X3)),double_divide(X18,double_divide(inverse(X1),X18))))),X16))))) = inverse(double_divide(double_divide(X1,inverse(X3)),double_divide(X6,inverse(X0)))) [forward demodulation 44157,36439]
45446. inverse(double_divide(double_divide(X6,inverse(X4)),inverse(X1))) = double_divide(inverse(X0),inverse(double_divide(inverse(double_divide(X0,X1)),double_divide(inverse(X3),inverse(double_divide(inverse(double_divide(X3,X4)),inverse(X6))))))) [forward demodulation 44212,33753]
45523. inverse(double_divide(inverse(double_divide(double_divide(X0,inverse(X2)),X5)),X6)) = double_divide(inverse(X8),inverse(double_divide(inverse(double_divide(X8,double_divide(X5,X6))),double_divide(inverse(X10),inverse(double_divide(inverse(double_divide(X10,X2)),inverse(X0))))))) [forward demodulation 44289,33753]
45535. inverse(double_divide(inverse(double_divide(X0,double_divide(double_divide(X1,double_divide(X2,X1)),X0))),X5)) = inverse(double_divide(double_divide(X3,inverse(X4)),double_divide(inverse(X5),double_divide(X3,double_divide(X2,X4))))) [forward demodulation 44301,36600]
45547. inverse(double_divide(X0,double_divide(X5,inverse(double_divide(double_divide(X1,double_divide(X2,X1)),X0))))) = inverse(double_divide(double_divide(X3,inverse(X4)),inverse(double_divide(inverse(double_divide(X3,double_divide(X2,X4))),inverse(X5))))) [forward demodulation 44313,36190]
45552. inverse(double_divide(double_divide(X2,inverse(X4)),inverse(X1))) = double_divide(inverse(X9),inverse(double_divide(inverse(double_divide(X9,X1)),double_divide(inverse(X11),inverse(double_divide(inverse(double_divide(X11,X4)),double_divide(X12,double_divide(inverse(X2),X12)))))))) [forward demodulation 44318,33753]
45555. inverse(double_divide(double_divide(X2,inverse(X4)),inverse(X1))) = inverse(double_divide(inverse(double_divide(X10,double_divide(double_divide(inverse(X11),inverse(double_divide(inverse(double_divide(X11,X4)),double_divide(X12,double_divide(inverse(X2),X12))))),X10))),double_divide(X1,double_divide(X6,inverse(double_divide(X7,double_divide(X6,X7))))))) [forward demodulation 44324,29371]
45603. inverse(double_divide(inverse(double_divide(double_divide(inverse(double_divide(X1,double_divide(X2,X3))),double_divide(X4,double_divide(X2,X4))),X0)),double_divide(X10,double_divide(inverse(X5),X10)))) = inverse(double_divide(inverse(double_divide(X12,double_divide(double_divide(inverse(X13),inverse(double_divide(inverse(double_divide(X13,X3)),double_divide(X14,double_divide(inverse(X1),X14))))),X12))),double_divide(X5,inverse(X0)))) [forward demodulation 44373,36451]
45648. inverse(double_divide(double_divide(inverse(double_divide(X1,double_divide(inverse(X0),X2))),double_divide(double_divide(X3,inverse(X3)),X0)),inverse(X7))) = double_divide(inverse(X9),inverse(double_divide(inverse(double_divide(X9,X7)),double_divide(inverse(X11),inverse(double_divide(inverse(double_divide(X11,X2)),inverse(X1))))))) [forward demodulation 44420,33753]
45683. inverse(double_divide(double_divide(inverse(double_divide(X0,X2)),double_divide(X4,double_divide(X3,X4))),inverse(X6))) = double_divide(inverse(X8),inverse(double_divide(inverse(double_divide(X8,X6)),inverse(double_divide(X0,inverse(double_divide(X2,X3))))))) [forward demodulation 44455,36190]
45700. inverse(double_divide(double_divide(inverse(double_divide(X8,double_divide(X1,inverse(X3)))),double_divide(X10,double_divide(X9,X10))),inverse(X12))) = double_divide(inverse(X14),inverse(double_divide(inverse(double_divide(X14,X12)),double_divide(inverse(X16),inverse(double_divide(inverse(double_divide(X16,double_divide(inverse(X1),X9))),inverse(inverse(double_divide(X8,X3))))))))) [forward demodulation 44474,33753]
45705. inverse(double_divide(double_divide(X0,double_divide(X4,double_divide(X3,X4))),inverse(X6))) = inverse(double_divide(double_divide(X0,X3),inverse(X6))) [forward demodulation 44479,36472]
45718. inverse(double_divide(double_divide(X0,double_divide(X3,inverse(double_divide(X1,X0)))),inverse(X6))) = double_divide(inverse(X8),inverse(double_divide(inverse(double_divide(X8,X6)),inverse(double_divide(double_divide(X2,X1),inverse(double_divide(X2,inverse(X3)))))))) [forward demodulation 44492,36190]
45735. inverse(double_divide(double_divide(inverse(X0),double_divide(X4,double_divide(X1,X4))),inverse(X6))) = inverse(double_divide(double_divide(inverse(X0),inverse(double_divide(X3,double_divide(inverse(X1),X3)))),inverse(X6))) [forward demodulation 44510,36627]
45760. double_divide(inverse(X15),inverse(double_divide(inverse(double_divide(X15,X13)),double_divide(X16,double_divide(double_divide(inverse(X17),inverse(double_divide(inverse(double_divide(X17,inverse(double_divide(inverse(X4),double_divide(X10,double_divide(inverse(X0),X10)))))),double_divide(X18,double_divide(inverse(X9),X18))))),X16))))) = inverse(double_divide(double_divide(X9,double_divide(inverse(X2),double_divide(inverse(inverse(X0)),double_divide(inverse(inverse(X2)),inverse(X4))))),inverse(X13))) [forward demodulation 44539,31714]
45800. double_divide(inverse(double_divide(X7,X5)),double_divide(X8,double_divide(double_divide(inverse(X9),inverse(double_divide(inverse(double_divide(X9,X2)),inverse(X0)))),X8))) = double_divide(inverse(double_divide(X7,X5)),inverse(double_divide(X0,inverse(X2)))) [forward demodulation 44579,33753]
45818. double_divide(inverse(double_divide(X8,X5)),double_divide(X9,double_divide(inverse(double_divide(X0,inverse(X2))),X9))) = inverse(double_divide(inverse(double_divide(double_divide(X0,inverse(X2)),double_divide(X4,X5))),double_divide(X8,inverse(double_divide(X6,double_divide(X4,X6)))))) [forward demodulation 44597,36190]
45841. double_divide(X7,double_divide(X8,X7)) = double_divide(double_divide(inverse(X9),X8),double_divide(inverse(double_divide(X9,X5)),inverse(double_divide(double_divide(inverse(X11),inverse(double_divide(inverse(double_divide(X11,X2)),double_divide(X12,double_divide(inverse(X0),X12))))),double_divide(X5,inverse(double_divide(X0,inverse(X2)))))))) [forward demodulation 44620,36620]
45853. double_divide(X9,inverse(double_divide(inverse(X11),double_divide(X18,double_divide(inverse(X7),X18))))) = double_divide(inverse(double_divide(X8,X5)),inverse(double_divide(double_divide(double_divide(inverse(double_divide(double_divide(inverse(double_divide(X0,double_divide(X1,X2))),double_divide(X3,double_divide(X1,X3))),double_divide(X4,X5))),double_divide(X6,double_divide(X4,X6))),inverse(double_divide(X15,double_divide(double_divide(inverse(X16),inverse(double_divide(inverse(double_divide(X16,X2)),inverse(X0)))),X15)))),double_divide(X7,inverse(double_divide(X11,double_divide(inverse(X8),X9))))))) [forward demodulation 44632,33753]
45883. inverse(double_divide(inverse(double_divide(X7,double_divide(inverse(X8),X9))),double_divide(inverse(double_divide(inverse(double_divide(X8,double_divide(X10,X11))),double_divide(X12,double_divide(X10,X12)))),X11))) = double_divide(inverse(X13),double_divide(inverse(double_divide(X7,double_divide(inverse(double_divide(X6,double_divide(X4,X6))),double_divide(double_divide(inverse(double_divide(X0,double_divide(X1,X2))),double_divide(X3,double_divide(X1,X3))),double_divide(X4,X5))))),inverse(double_divide(double_divide(double_divide(X14,double_divide(double_divide(X0,inverse(X2)),inverse(X5))),X14),double_divide(X13,X9))))) [forward demodulation 44662,36600]
45913. double_divide(inverse(inverse(X9)),inverse(double_divide(inverse(inverse(double_divide(inverse(double_divide(X12,double_divide(X16,X10))),double_divide(X17,double_divide(X16,X17))))),double_divide(X18,double_divide(inverse(X7),X18))))) = double_divide(inverse(double_divide(X8,X5)),inverse(double_divide(double_divide(double_divide(inverse(double_divide(double_divide(inverse(double_divide(X0,double_divide(X1,X2))),double_divide(X3,double_divide(X1,X3))),double_divide(X4,X5))),double_divide(X6,double_divide(X4,X6))),double_divide(X0,inverse(X2))),double_divide(X7,inverse(double_divide(X12,double_divide(inverse(X8),inverse(double_divide(X9,X10))))))))) [forward demodulation 44692,35155]
45942. double_divide(inverse(inverse(X10)),inverse(double_divide(inverse(X7),double_divide(X13,double_divide(inverse(X9),X13))))) = double_divide(X10,inverse(double_divide(double_divide(inverse(inverse(double_divide(inverse(double_divide(X0,double_divide(X1,X2))),double_divide(X3,double_divide(X1,X3))))),inverse(double_divide(X0,double_divide(inverse(X7),X2)))),inverse(X9)))) [forward demodulation 44721,36461]
45950. inverse(double_divide(inverse(double_divide(X7,double_divide(inverse(X8),X9))),double_divide(inverse(double_divide(inverse(double_divide(X8,double_divide(inverse(X10),X11))),double_divide(inverse(double_divide(inverse(double_divide(X10,double_divide(X12,X13))),double_divide(X14,double_divide(X12,X14)))),X13))),X11))) = double_divide(inverse(X15),double_divide(inverse(double_divide(X7,X5)),inverse(double_divide(double_divide(double_divide(double_divide(inverse(inverse(X0)),inverse(X2)),inverse(X5)),double_divide(X0,inverse(X2))),double_divide(X15,X9))))) [forward demodulation 44729,31297]
45954. inverse(double_divide(X7,double_divide(X9,inverse(X8)))) = double_divide(inverse(double_divide(X9,X5)),inverse(double_divide(double_divide(double_divide(inverse(double_divide(double_divide(inverse(double_divide(X0,double_divide(X1,X2))),double_divide(X3,double_divide(X1,X3))),double_divide(X4,X5))),double_divide(X6,double_divide(X4,X6))),double_divide(X0,inverse(X2))),double_divide(X7,X8)))) [forward demodulation 44733,35155]
45958. double_divide(inverse(X7),double_divide(inverse(double_divide(X8,inverse(double_divide(inverse(double_divide(double_divide(inverse(double_divide(X0,double_divide(X1,X2))),double_divide(X3,double_divide(X1,X3))),double_divide(X4,X5))),double_divide(X6,double_divide(X4,X6)))))),inverse(double_divide(double_divide(double_divide(inverse(double_divide(X10,X5)),double_divide(X11,double_divide(double_divide(inverse(X12),inverse(double_divide(inverse(double_divide(X12,X2)),inverse(X0)))),X11))),X10),double_divide(X7,double_divide(inverse(X8),X9)))))) = X9 [forward demodulation 44737,33753]
45985. double_divide(inverse(X7),inverse(double_divide(inverse(double_divide(X7,X8)),double_divide(X9,double_divide(inverse(X10),X9))))) = double_divide(inverse(X11),double_divide(inverse(double_divide(X10,X5)),inverse(double_divide(double_divide(double_divide(double_divide(inverse(inverse(X0)),inverse(X2)),inverse(X5)),double_divide(X0,inverse(X2))),double_divide(X11,X8))))) [forward demodulation 44764,31297]
46007. inverse(double_divide(X7,double_divide(X8,X7))) = double_divide(double_divide(inverse(X0),inverse(double_divide(inverse(double_divide(X0,X1)),inverse(double_divide(X6,inverse(X4)))))),inverse(double_divide(double_divide(double_divide(X6,inverse(X4)),inverse(X1)),X8))) [forward demodulation 44786,36190]
46089. inverse(double_divide(X7,inverse(X12))) = inverse(double_divide(inverse(double_divide(X7,double_divide(double_divide(inverse(X0),inverse(double_divide(inverse(double_divide(X0,X1)),double_divide(X2,double_divide(double_divide(inverse(X3),inverse(double_divide(inverse(double_divide(X3,X4)),double_divide(X5,double_divide(inverse(X6),X5))))),X2))))),X12))),inverse(double_divide(double_divide(inverse(inverse(X6)),inverse(X4)),inverse(X1))))) [forward demodulation 44868,43616]
46106. inverse(double_divide(double_divide(inverse(X0),inverse(double_divide(inverse(double_divide(X0,X1)),double_divide(inverse(X3),inverse(double_divide(inverse(double_divide(X3,X4)),inverse(X6))))))),inverse(X12))) = inverse(double_divide(inverse(double_divide(double_divide(X6,inverse(X4)),double_divide(X9,X1))),double_divide(X12,inverse(double_divide(X10,double_divide(X9,X10)))))) [forward demodulation 44885,33753]
46111. inverse(double_divide(double_divide(inverse(X0),inverse(double_divide(inverse(double_divide(X0,X1)),double_divide(inverse(X3),inverse(double_divide(inverse(double_divide(X3,X4)),double_divide(X5,double_divide(inverse(X6),X5)))))))),inverse(X12))) = inverse(double_divide(inverse(double_divide(double_divide(X6,inverse(X4)),double_divide(X9,X1))),double_divide(X12,inverse(double_divide(X10,double_divide(X9,X10)))))) [forward demodulation 44890,33753]
46167. inverse(double_divide(double_divide(inverse(X0),inverse(double_divide(inverse(double_divide(X0,X1)),double_divide(X2,double_divide(double_divide(inverse(X3),inverse(double_divide(inverse(double_divide(X3,X4)),double_divide(X5,double_divide(inverse(X6),X5))))),X2))))),double_divide(X11,double_divide(X10,X11)))) = double_divide(inverse(X12),inverse(double_divide(inverse(double_divide(X12,double_divide(X9,X10))),double_divide(double_divide(X6,inverse(X4)),double_divide(X9,X1))))) [forward demodulation 44948,36439]
46188. double_divide(inverse(X7),inverse(double_divide(inverse(double_divide(X7,double_divide(inverse(X8),X9))),double_divide(inverse(inverse(X1)),double_divide(inverse(X8),X1))))) = X9 [forward demodulation 44969,29371]
46250. inverse(double_divide(double_divide(X4,inverse(X2)),inverse(X10))) = inverse(double_divide(double_divide(inverse(double_divide(X4,double_divide(X7,X2))),double_divide(X8,double_divide(X7,X8))),inverse(X10))) [forward demodulation 45031,36472]
46267. inverse(double_divide(inverse(double_divide(double_divide(inverse(double_divide(X4,double_divide(X5,X2))),double_divide(X6,double_divide(X5,X6))),double_divide(X7,X8))),double_divide(X9,double_divide(X7,X9)))) = inverse(double_divide(inverse(X1),double_divide(inverse(double_divide(inverse(X10),double_divide(inverse(X4),double_divide(X10,X8)))),double_divide(X1,X2)))) [forward demodulation 45053,36683]
46276. inverse(double_divide(double_divide(X0,double_divide(X3,inverse(X1))),inverse(X9))) = inverse(double_divide(inverse(inverse(double_divide(X0,double_divide(inverse(double_divide(X3,double_divide(X5,X1))),double_divide(X6,double_divide(X5,X6)))))),inverse(X9))) [forward demodulation 45062,31311]
46281. double_divide(inverse(X8),double_divide(inverse(X3),double_divide(X8,X6))) = inverse(double_divide(inverse(X3),inverse(X6))) [forward demodulation 45067,29371]
46284. inverse(double_divide(double_divide(X1,double_divide(X4,inverse(X2))),inverse(X12))) = inverse(double_divide(double_divide(inverse(inverse(X1)),inverse(inverse(double_divide(inverse(double_divide(X4,double_divide(X8,X2))),double_divide(X9,double_divide(X8,X9)))))),inverse(X12))) [forward demodulation 45070,36268]
46289. inverse(double_divide(double_divide(X0,double_divide(X1,inverse(X3))),inverse(X12))) = inverse(double_divide(double_divide(inverse(double_divide(X7,double_divide(X8,double_divide(inverse(X7),inverse(double_divide(inverse(double_divide(X0,X3)),double_divide(X9,double_divide(inverse(X1),X9)))))))),double_divide(X10,double_divide(X8,X10))),inverse(X12))) [forward demodulation 45075,36472]
46291. double_divide(inverse(X9),inverse(double_divide(inverse(double_divide(X9,X7)),X0))) = inverse(double_divide(X4,double_divide(X7,inverse(double_divide(X0,X4))))) [forward demodulation 45077,36192]
46381. double_divide(inverse(X10),inverse(double_divide(inverse(double_divide(X10,X8)),double_divide(inverse(X12),inverse(double_divide(inverse(double_divide(X12,X5)),X0)))))) = inverse(double_divide(double_divide(inverse(X0),inverse(X5)),inverse(X8))) [forward demodulation 45178,29371]
46389. inverse(double_divide(inverse(double_divide(double_divide(inverse(double_divide(X1,double_divide(X2,X3))),double_divide(X4,double_divide(X2,X4))),double_divide(X5,X6))),X5)) = inverse(double_divide(X3,inverse(double_divide(inverse(X1),inverse(X6))))) [forward demodulation 45186,45078]
46405. double_divide(inverse(X14),inverse(double_divide(inverse(double_divide(X14,X12)),double_divide(inverse(X6),inverse(X4))))) = inverse(double_divide(double_divide(inverse(inverse(X4)),inverse(double_divide(inverse(double_divide(X6,inverse(X8))),X8))),inverse(X12))) [forward demodulation 45209,36472]
46428. inverse(double_divide(inverse(double_divide(double_divide(inverse(double_divide(X9,double_divide(X10,inverse(double_divide(inverse(X4),double_divide(X11,double_divide(inverse(X0),X11))))))),double_divide(X12,double_divide(X10,X12))),double_divide(X13,X14))),double_divide(X15,double_divide(X13,X15)))) = inverse(double_divide(double_divide(X9,double_divide(inverse(X2),double_divide(inverse(inverse(X0)),double_divide(inverse(inverse(X2)),inverse(X4))))),inverse(X14))) [forward demodulation 45248,31714]
46433. inverse(double_divide(inverse(X1),inverse(X8))) = inverse(double_divide(inverse(double_divide(inverse(inverse(X0)),inverse(double_divide(inverse(X0),double_divide(X12,double_divide(inverse(X1),X12)))))),inverse(X8))) [forward demodulation 45253,45078]
46512. double_divide(inverse(X8),inverse(double_divide(inverse(double_divide(X1,double_divide(X2,X1))),double_divide(X5,inverse(X3))))) = inverse(double_divide(double_divide(inverse(double_divide(X3,double_divide(X4,X5))),double_divide(X6,double_divide(X4,X6))),inverse(double_divide(X2,X8)))) [forward demodulation 45332,36472]
46516. double_divide(X7,double_divide(inverse(X10),inverse(double_divide(inverse(double_divide(X10,X4)),double_divide(inverse(X1),X2))))) = inverse(double_divide(double_divide(inverse(double_divide(X2,double_divide(X3,X4))),double_divide(X5,double_divide(X3,X5))),double_divide(X7,inverse(X1)))) [forward demodulation 45336,36620]
46522. inverse(double_divide(double_divide(X2,inverse(X4)),inverse(X1))) = inverse(double_divide(double_divide(X2,inverse(X4)),double_divide(X1,double_divide(X7,inverse(double_divide(X8,double_divide(X7,X8))))))) [forward demodulation 45342,36439]
46533. inverse(double_divide(inverse(double_divide(double_divide(inverse(double_divide(X7,double_divide(X8,X9))),double_divide(X10,double_divide(X8,X10))),double_divide(X11,inverse(double_divide(inverse(X4),double_divide(X12,double_divide(inverse(X0),X12))))))),double_divide(X13,double_divide(X11,X13)))) = inverse(double_divide(double_divide(X7,inverse(X9)),double_divide(inverse(X2),inverse(inverse(double_divide(inverse(double_divide(X0,X4)),inverse(X2))))))) [forward demodulation 45353,31718]
46569. double_divide(inverse(inverse(X6)),inverse(double_divide(inverse(X0),double_divide(inverse(X17),inverse(double_divide(inverse(double_divide(X17,X3)),double_divide(X18,double_divide(inverse(X1),X18)))))))) = inverse(double_divide(double_divide(X1,inverse(X3)),double_divide(X6,inverse(X0)))) [forward demodulation 45391,33753]
46624. inverse(double_divide(double_divide(X6,inverse(X4)),inverse(X1))) = inverse(double_divide(inverse(double_divide(inverse(X3),inverse(double_divide(inverse(double_divide(X3,X4)),inverse(X6))))),inverse(X1))) [forward demodulation 45446,45078]
46688. inverse(double_divide(inverse(double_divide(double_divide(X0,inverse(X2)),X5)),X6)) = inverse(double_divide(inverse(double_divide(inverse(X10),inverse(double_divide(inverse(double_divide(X10,X2)),inverse(X0))))),inverse(double_divide(X5,X6)))) [forward demodulation 45523,45078]
46700. inverse(double_divide(inverse(double_divide(X0,double_divide(double_divide(X1,double_divide(X2,X1)),X0))),X5)) = inverse(inverse(double_divide(inverse(X5),double_divide(inverse(inverse(X4)),double_divide(X2,X4))))) [forward demodulation 45535,36627]
46712. inverse(double_divide(X0,double_divide(X5,inverse(double_divide(double_divide(X1,double_divide(X2,X1)),X0))))) = inverse(double_divide(double_divide(X3,inverse(X4)),double_divide(inverse(inverse(X5)),double_divide(X3,double_divide(X2,X4))))) [forward demodulation 45547,36600]
46717. inverse(double_divide(double_divide(X2,inverse(X4)),inverse(X1))) = inverse(double_divide(inverse(double_divide(inverse(X11),inverse(double_divide(inverse(double_divide(X11,X4)),double_divide(X12,double_divide(inverse(X2),X12)))))),inverse(X1))) [forward demodulation 45552,45078]
46720. inverse(double_divide(double_divide(X2,inverse(X4)),inverse(X1))) = inverse(double_divide(inverse(double_divide(X10,double_divide(inverse(double_divide(inverse(double_divide(X12,double_divide(inverse(X2),X12))),inverse(X4))),X10))),double_divide(X1,double_divide(X6,inverse(double_divide(X7,double_divide(X6,X7))))))) [forward demodulation 45555,45078]
46768. inverse(double_divide(inverse(double_divide(double_divide(inverse(double_divide(X1,double_divide(X2,X3))),double_divide(X4,double_divide(X2,X4))),X0)),double_divide(X10,double_divide(inverse(X5),X10)))) = inverse(double_divide(inverse(double_divide(X12,double_divide(inverse(double_divide(inverse(double_divide(X14,double_divide(inverse(X1),X14))),inverse(X3))),X12))),double_divide(X5,inverse(X0)))) [forward demodulation 45603,45078]
46798. inverse(double_divide(double_divide(inverse(double_divide(X1,double_divide(inverse(X0),X2))),double_divide(double_divide(X3,inverse(X3)),X0)),inverse(X7))) = inverse(double_divide(inverse(double_divide(inverse(X11),inverse(double_divide(inverse(double_divide(X11,X2)),inverse(X1))))),inverse(X7))) [forward demodulation 45648,45078]
46829. inverse(double_divide(double_divide(inverse(double_divide(X0,X2)),double_divide(X4,double_divide(X3,X4))),inverse(X6))) = inverse(double_divide(double_divide(X0,inverse(double_divide(X2,X3))),inverse(X6))) [forward demodulation 45683,36190]
46842. inverse(double_divide(double_divide(inverse(double_divide(X8,double_divide(X1,inverse(X3)))),double_divide(X10,double_divide(X9,X10))),inverse(X12))) = inverse(double_divide(inverse(double_divide(inverse(X16),inverse(double_divide(inverse(double_divide(X16,double_divide(inverse(X1),X9))),inverse(inverse(double_divide(X8,X3))))))),inverse(X12))) [forward demodulation 45700,45078]
46858. inverse(double_divide(double_divide(X0,double_divide(X3,inverse(double_divide(X1,X0)))),inverse(X6))) = inverse(double_divide(double_divide(double_divide(X2,X1),inverse(double_divide(X2,inverse(X3)))),inverse(X6))) [forward demodulation 45718,36190]
46870. inverse(double_divide(double_divide(inverse(X0),double_divide(X4,double_divide(X1,X4))),inverse(X6))) = inverse(double_divide(inverse(double_divide(inverse(X1),X0)),inverse(X6))) [forward demodulation 45735,31478]
46892. double_divide(inverse(X15),inverse(double_divide(inverse(double_divide(X15,X13)),double_divide(X16,double_divide(double_divide(inverse(X17),inverse(double_divide(inverse(double_divide(X17,inverse(double_divide(inverse(X4),double_divide(X10,double_divide(inverse(X0),X10)))))),double_divide(X18,double_divide(inverse(X9),X18))))),X16))))) = inverse(double_divide(double_divide(X9,double_divide(inverse(X2),double_divide(inverse(inverse(X0)),double_divide(X2,inverse(X4))))),inverse(X13))) [forward demodulation 45760,36439]
46930. double_divide(inverse(double_divide(X7,X5)),double_divide(X8,double_divide(inverse(double_divide(X0,inverse(X2))),X8))) = double_divide(inverse(double_divide(X7,X5)),inverse(double_divide(X0,inverse(X2)))) [forward demodulation 45800,36190]
46948. double_divide(X8,double_divide(double_divide(X0,inverse(X2)),inverse(X5))) = inverse(double_divide(inverse(double_divide(double_divide(X0,inverse(X2)),double_divide(X4,X5))),double_divide(X8,inverse(double_divide(X6,double_divide(X4,X6)))))) [forward demodulation 45818,36614]
46970. double_divide(X7,double_divide(X8,X7)) = double_divide(double_divide(inverse(X9),X8),double_divide(inverse(double_divide(X9,X5)),inverse(double_divide(inverse(double_divide(inverse(double_divide(X12,double_divide(inverse(X0),X12))),inverse(X2))),double_divide(X5,inverse(double_divide(X0,inverse(X2)))))))) [forward demodulation 45841,45078]
46982. double_divide(X9,inverse(double_divide(inverse(X11),double_divide(X18,double_divide(inverse(X7),X18))))) = double_divide(inverse(double_divide(X8,X5)),inverse(double_divide(double_divide(double_divide(inverse(double_divide(double_divide(inverse(double_divide(X0,double_divide(X1,X2))),double_divide(X3,double_divide(X1,X3))),double_divide(X4,X5))),double_divide(X6,double_divide(X4,X6))),inverse(double_divide(X15,double_divide(inverse(double_divide(X0,inverse(X2))),X15)))),double_divide(X7,inverse(double_divide(X11,double_divide(inverse(X8),X9))))))) [forward demodulation 45853,36190]
47012. inverse(double_divide(inverse(double_divide(X7,double_divide(inverse(X8),X9))),double_divide(inverse(double_divide(inverse(double_divide(X8,double_divide(X10,X11))),double_divide(X12,double_divide(X10,X12)))),X11))) = double_divide(inverse(X13),double_divide(inverse(double_divide(X7,double_divide(inverse(double_divide(X6,double_divide(X4,X6))),double_divide(double_divide(inverse(inverse(X0)),inverse(X2)),double_divide(X4,X5))))),inverse(double_divide(double_divide(double_divide(X14,double_divide(double_divide(X0,inverse(X2)),inverse(X5))),X14),double_divide(X13,X9))))) [forward demodulation 45883,36268]
47042. double_divide(inverse(inverse(X9)),inverse(double_divide(inverse(inverse(double_divide(inverse(double_divide(X12,double_divide(X16,X10))),double_divide(X17,double_divide(X16,X17))))),double_divide(X18,double_divide(inverse(X7),X18))))) = double_divide(inverse(double_divide(X8,X5)),inverse(double_divide(double_divide(double_divide(inverse(inverse(double_divide(inverse(double_divide(X0,double_divide(X1,X2))),double_divide(X3,double_divide(X1,X3))))),inverse(X5)),double_divide(X0,inverse(X2))),double_divide(X7,inverse(double_divide(X12,double_divide(inverse(X8),inverse(double_divide(X9,X10))))))))) [forward demodulation 45913,36268]
47071. double_divide(inverse(inverse(X10)),inverse(double_divide(inverse(X7),double_divide(X13,double_divide(inverse(X9),X13))))) = double_divide(X10,inverse(double_divide(double_divide(double_divide(inverse(inverse(X0)),inverse(X2)),inverse(double_divide(X0,double_divide(inverse(X7),X2)))),inverse(X9)))) [forward demodulation 45942,31297]
47079. inverse(double_divide(inverse(double_divide(X7,double_divide(inverse(X8),X9))),double_divide(inverse(double_divide(inverse(double_divide(X8,double_divide(inverse(X10),X11))),double_divide(inverse(double_divide(inverse(double_divide(X10,double_divide(X12,X13))),double_divide(X14,double_divide(X12,X14)))),X13))),X11))) = double_divide(inverse(X15),double_divide(inverse(double_divide(X7,X5)),inverse(double_divide(double_divide(double_divide(double_divide(X0,inverse(X2)),inverse(X5)),double_divide(X0,inverse(X2))),double_divide(X15,X9))))) [forward demodulation 45950,36439]
47083. inverse(double_divide(X7,double_divide(X9,inverse(X8)))) = double_divide(inverse(double_divide(X9,X5)),inverse(double_divide(double_divide(double_divide(inverse(inverse(double_divide(inverse(double_divide(X0,double_divide(X1,X2))),double_divide(X3,double_divide(X1,X3))))),inverse(X5)),double_divide(X0,inverse(X2))),double_divide(X7,X8)))) [forward demodulation 45954,36268]
47087. double_divide(inverse(X7),double_divide(inverse(double_divide(X8,inverse(double_divide(inverse(double_divide(double_divide(inverse(double_divide(X0,double_divide(X1,X2))),double_divide(X3,double_divide(X1,X3))),double_divide(X4,X5))),double_divide(X6,double_divide(X4,X6)))))),inverse(double_divide(double_divide(double_divide(inverse(double_divide(X10,X5)),double_divide(X11,double_divide(inverse(double_divide(X0,inverse(X2))),X11))),X10),double_divide(X7,double_divide(inverse(X8),X9)))))) = X9 [forward demodulation 45958,36190]
47114. double_divide(inverse(X7),inverse(double_divide(inverse(double_divide(X7,X8)),double_divide(X9,double_divide(inverse(X10),X9))))) = double_divide(inverse(X11),double_divide(inverse(double_divide(X10,X5)),inverse(double_divide(double_divide(double_divide(double_divide(X0,inverse(X2)),inverse(X5)),double_divide(X0,inverse(X2))),double_divide(X11,X8))))) [forward demodulation 45985,36439]
47129. inverse(double_divide(X7,double_divide(X8,X7))) = double_divide(inverse(double_divide(double_divide(X6,inverse(X4)),inverse(X1))),inverse(double_divide(double_divide(double_divide(X6,inverse(X4)),inverse(X1)),X8))) [forward demodulation 46007,36190]
47210. inverse(double_divide(X7,inverse(X12))) = inverse(double_divide(X7,double_divide(double_divide(double_divide(inverse(inverse(X6)),inverse(X4)),inverse(X1)),inverse(double_divide(double_divide(inverse(X0),inverse(double_divide(inverse(double_divide(X0,X1)),double_divide(X2,double_divide(double_divide(inverse(X3),inverse(double_divide(inverse(double_divide(X3,X4)),double_divide(X5,double_divide(inverse(X6),X5))))),X2))))),X12))))) [forward demodulation 46089,36192]
47227. inverse(double_divide(inverse(double_divide(double_divide(X6,inverse(X4)),double_divide(X9,X1))),double_divide(X12,inverse(double_divide(X10,double_divide(X9,X10)))))) = inverse(double_divide(inverse(double_divide(inverse(double_divide(inverse(X3),inverse(double_divide(inverse(double_divide(X3,X4)),inverse(X6))))),inverse(X1))),inverse(X12))) [forward demodulation 46106,45078]
47232. inverse(double_divide(inverse(double_divide(double_divide(X6,inverse(X4)),double_divide(X9,X1))),double_divide(X12,inverse(double_divide(X10,double_divide(X9,X10)))))) = inverse(double_divide(inverse(double_divide(inverse(double_divide(inverse(X3),inverse(double_divide(inverse(double_divide(X3,X4)),double_divide(X5,double_divide(inverse(X6),X5)))))),inverse(X1))),inverse(X12))) [forward demodulation 46111,45078]
47288. inverse(double_divide(double_divide(inverse(X0),inverse(double_divide(inverse(double_divide(X0,X1)),double_divide(X2,double_divide(double_divide(inverse(X3),inverse(double_divide(inverse(double_divide(X3,X4)),double_divide(X5,double_divide(inverse(X6),X5))))),X2))))),double_divide(X11,double_divide(X10,X11)))) = inverse(double_divide(inverse(double_divide(double_divide(X6,inverse(X4)),double_divide(X9,X1))),inverse(double_divide(X9,X10)))) [forward demodulation 46167,45078]
47307. inverse(double_divide(inverse(double_divide(inverse(inverse(X1)),double_divide(inverse(X8),X1))),inverse(double_divide(inverse(X8),X9)))) = X9 [forward demodulation 46188,45078]
47361. inverse(double_divide(double_divide(X4,inverse(X2)),inverse(X10))) = inverse(double_divide(double_divide(inverse(double_divide(X4,double_divide(X7,X2))),X7),inverse(X10))) [forward demodulation 46250,45705]
47378. inverse(double_divide(inverse(double_divide(double_divide(inverse(double_divide(X4,double_divide(X5,X2))),double_divide(X6,double_divide(X5,X6))),double_divide(X7,X8))),X7)) = inverse(double_divide(inverse(X1),double_divide(inverse(double_divide(inverse(X10),double_divide(inverse(X4),double_divide(X10,X8)))),double_divide(X1,X2)))) [forward demodulation 46267,33753]
47387. inverse(double_divide(double_divide(X0,double_divide(X3,inverse(X1))),inverse(X9))) = inverse(double_divide(inverse(inverse(double_divide(inverse(double_divide(X0,X1)),inverse(X3)))),inverse(X9))) [forward demodulation 46276,31718]
47393. inverse(double_divide(double_divide(X1,double_divide(X4,inverse(X2))),inverse(X12))) = inverse(double_divide(inverse(inverse(double_divide(X1,double_divide(inverse(double_divide(X4,double_divide(X8,X2))),double_divide(X9,double_divide(X8,X9)))))),inverse(X12))) [forward demodulation 46284,31311]
47398. inverse(double_divide(double_divide(X0,double_divide(X1,inverse(X3))),inverse(X12))) = inverse(double_divide(double_divide(inverse(double_divide(X7,double_divide(X8,double_divide(inverse(X7),inverse(double_divide(inverse(double_divide(X0,X3)),double_divide(X9,double_divide(inverse(X1),X9)))))))),X8),inverse(X12))) [forward demodulation 46289,45705]
47400. inverse(double_divide(X4,double_divide(X7,inverse(double_divide(X0,X4))))) = inverse(double_divide(inverse(X0),inverse(X7))) [forward demodulation 46291,45078]
47489. inverse(double_divide(double_divide(inverse(X0),inverse(X5)),inverse(X8))) = inverse(double_divide(inverse(double_divide(inverse(X12),inverse(double_divide(inverse(double_divide(X12,X5)),X0)))),inverse(X8))) [forward demodulation 46381,45078]
47497. inverse(double_divide(inverse(double_divide(double_divide(inverse(double_divide(X1,double_divide(X2,X3))),double_divide(X4,double_divide(X2,X4))),double_divide(X5,X6))),X5)) = inverse(double_divide(X3,double_divide(inverse(inverse(X6)),X1))) [forward demodulation 46389,36600]
47510. double_divide(inverse(X14),inverse(double_divide(inverse(double_divide(X14,X12)),double_divide(inverse(X6),inverse(X4))))) = inverse(double_divide(double_divide(inverse(inverse(X4)),inverse(double_divide(X6,double_divide(inverse(X8),X8)))),inverse(X12))) [forward demodulation 46405,36461]
47533. inverse(double_divide(inverse(double_divide(double_divide(inverse(double_divide(X9,double_divide(X10,inverse(double_divide(inverse(X4),double_divide(X11,double_divide(inverse(X0),X11))))))),double_divide(X12,double_divide(X10,X12))),double_divide(X13,X14))),double_divide(X15,double_divide(X13,X15)))) = inverse(double_divide(double_divide(X9,double_divide(inverse(X2),double_divide(inverse(inverse(X0)),double_divide(X2,inverse(X4))))),inverse(X14))) [forward demodulation 46428,36439]
47538. inverse(double_divide(inverse(X1),inverse(X8))) = inverse(double_divide(inverse(inverse(X0)),double_divide(inverse(inverse(X8)),double_divide(inverse(X0),double_divide(X12,double_divide(inverse(X1),X12)))))) [forward demodulation 46433,36461]
47613. double_divide(inverse(X8),inverse(double_divide(inverse(double_divide(X1,double_divide(X2,X1))),double_divide(X5,inverse(X3))))) = inverse(double_divide(double_divide(inverse(double_divide(X3,double_divide(X4,X5))),X4),inverse(double_divide(X2,X8)))) [forward demodulation 46512,45705]
47617. double_divide(X7,double_divide(inverse(X10),inverse(double_divide(inverse(double_divide(X10,X4)),double_divide(inverse(X1),X2))))) = inverse(double_divide(double_divide(inverse(inverse(X2)),inverse(X4)),double_divide(X7,inverse(X1)))) [forward demodulation 46516,36268]
47633. inverse(double_divide(inverse(double_divide(double_divide(inverse(double_divide(X7,double_divide(X8,X9))),double_divide(X10,double_divide(X8,X10))),double_divide(X11,inverse(double_divide(inverse(X4),double_divide(X12,double_divide(inverse(X0),X12))))))),double_divide(X13,double_divide(X11,X13)))) = inverse(double_divide(double_divide(X7,inverse(X9)),double_divide(inverse(X2),double_divide(inverse(double_divide(X0,X4)),inverse(X2))))) [forward demodulation 46533,36439]
47667. inverse(double_divide(double_divide(X1,inverse(X3)),double_divide(X6,inverse(X0)))) = double_divide(inverse(inverse(X6)),inverse(double_divide(inverse(X0),inverse(double_divide(inverse(double_divide(X18,double_divide(inverse(X1),X18))),inverse(X3)))))) [forward demodulation 46569,45078]
47717. inverse(double_divide(double_divide(X6,inverse(X4)),inverse(X1))) = inverse(double_divide(inverse(X3),double_divide(inverse(inverse(X1)),double_divide(inverse(double_divide(X3,X4)),inverse(X6))))) [forward demodulation 46624,36461]
47779. inverse(double_divide(inverse(double_divide(double_divide(X0,inverse(X2)),X5)),X6)) = inverse(double_divide(inverse(X10),double_divide(inverse(inverse(double_divide(X5,X6))),double_divide(inverse(double_divide(X10,X2)),inverse(X0))))) [forward demodulation 46688,36461]
47791. inverse(double_divide(inverse(double_divide(X0,double_divide(double_divide(X1,double_divide(X2,X1)),X0))),X5)) = double_divide(inverse(X5),double_divide(inverse(inverse(X4)),double_divide(X2,X4))) [forward demodulation 46700,36439]
47802. inverse(double_divide(X0,double_divide(X5,inverse(double_divide(double_divide(X1,double_divide(X2,X1)),X0))))) = inverse(inverse(double_divide(inverse(inverse(X5)),double_divide(inverse(inverse(X4)),double_divide(X2,X4))))) [forward demodulation 46712,36627]
47807. inverse(double_divide(double_divide(X2,inverse(X4)),inverse(X1))) = inverse(double_divide(inverse(X11),double_divide(inverse(inverse(X1)),double_divide(inverse(double_divide(X11,X4)),double_divide(X12,double_divide(inverse(X2),X12)))))) [forward demodulation 46717,36461]
47810. inverse(double_divide(double_divide(X2,inverse(X4)),inverse(X1))) = inverse(double_divide(double_divide(inverse(double_divide(X12,double_divide(inverse(X2),X12))),inverse(X4)),double_divide(X1,double_divide(X6,inverse(double_divide(X7,double_divide(X6,X7))))))) [forward demodulation 46720,35155]
47857. inverse(double_divide(inverse(double_divide(double_divide(inverse(double_divide(X1,double_divide(X2,X3))),double_divide(X4,double_divide(X2,X4))),X0)),double_divide(X10,double_divide(inverse(X5),X10)))) = inverse(double_divide(double_divide(inverse(double_divide(X14,double_divide(inverse(X1),X14))),inverse(X3)),double_divide(X5,inverse(X0)))) [forward demodulation 46768,35155]
47885. inverse(double_divide(double_divide(inverse(double_divide(X1,double_divide(inverse(X0),X2))),double_divide(double_divide(X3,inverse(X3)),X0)),inverse(X7))) = inverse(double_divide(inverse(X11),double_divide(inverse(inverse(X7)),double_divide(inverse(double_divide(X11,X2)),inverse(X1))))) [forward demodulation 46798,36461]
47913. inverse(double_divide(double_divide(X0,inverse(double_divide(X2,X3))),inverse(X6))) = inverse(double_divide(double_divide(inverse(double_divide(X0,X2)),X3),inverse(X6))) [forward demodulation 46829,45705]
47925. inverse(double_divide(double_divide(inverse(double_divide(X8,double_divide(X1,inverse(X3)))),double_divide(X10,double_divide(X9,X10))),inverse(X12))) = inverse(double_divide(inverse(X16),double_divide(inverse(inverse(X12)),double_divide(inverse(double_divide(X16,double_divide(inverse(X1),X9))),inverse(inverse(double_divide(X8,X3))))))) [forward demodulation 46842,36461]
47940. inverse(double_divide(double_divide(X0,double_divide(X3,inverse(double_divide(X1,X0)))),inverse(X6))) = inverse(double_divide(inverse(double_divide(inverse(inverse(X3)),X1)),inverse(X6))) [forward demodulation 46858,36618]
47948. inverse(double_divide(double_divide(inverse(X0),double_divide(X4,double_divide(X1,X4))),inverse(X6))) = inverse(double_divide(inverse(X1),double_divide(X6,inverse(X0)))) [forward demodulation 46870,36192]
47968. double_divide(inverse(X15),inverse(double_divide(inverse(double_divide(X15,X13)),double_divide(X16,double_divide(double_divide(inverse(X17),inverse(double_divide(inverse(double_divide(X17,inverse(double_divide(inverse(X4),double_divide(X10,double_divide(inverse(X0),X10)))))),double_divide(X18,double_divide(inverse(X9),X18))))),X16))))) = inverse(double_divide(double_divide(X9,inverse(double_divide(inverse(inverse(X0)),inverse(inverse(X4))))),inverse(X13))) [forward demodulation 46892,46281]
47998. double_divide(inverse(double_divide(X7,X5)),inverse(double_divide(X0,inverse(X2)))) = double_divide(X7,double_divide(double_divide(X0,inverse(X2)),inverse(X5))) [forward demodulation 46930,36614]
48027. double_divide(X7,double_divide(X8,X7)) = double_divide(double_divide(inverse(X9),X8),double_divide(inverse(double_divide(X9,X5)),inverse(double_divide(inverse(double_divide(X12,double_divide(inverse(X0),X12))),double_divide(inverse(double_divide(X5,inverse(double_divide(X0,inverse(X2))))),X2))))) [forward demodulation 46970,36461]
48037. double_divide(X9,inverse(double_divide(inverse(X11),double_divide(X18,double_divide(inverse(X7),X18))))) = double_divide(inverse(double_divide(X8,X5)),inverse(double_divide(double_divide(double_divide(inverse(double_divide(double_divide(inverse(double_divide(X0,double_divide(X1,X2))),double_divide(X3,double_divide(X1,X3))),double_divide(X4,X5))),double_divide(X6,double_divide(X4,X6))),double_divide(X0,inverse(X2))),double_divide(X7,inverse(double_divide(X11,double_divide(inverse(X8),X9))))))) [forward demodulation 46982,35155]
48067. inverse(double_divide(inverse(double_divide(X7,double_divide(inverse(X8),X9))),double_divide(inverse(double_divide(inverse(double_divide(X8,double_divide(X10,X11))),double_divide(X12,double_divide(X10,X12)))),X11))) = double_divide(inverse(X13),double_divide(inverse(double_divide(X7,double_divide(inverse(double_divide(X6,double_divide(X4,X6))),double_divide(double_divide(X0,inverse(X2)),double_divide(X4,X5))))),inverse(double_divide(double_divide(double_divide(X14,double_divide(double_divide(X0,inverse(X2)),inverse(X5))),X14),double_divide(X13,X9))))) [forward demodulation 47012,36439]
48095. double_divide(inverse(inverse(X9)),inverse(double_divide(inverse(inverse(double_divide(inverse(double_divide(X12,double_divide(X16,X10))),double_divide(X17,double_divide(X16,X17))))),double_divide(X18,double_divide(inverse(X7),X18))))) = double_divide(inverse(double_divide(X8,X5)),inverse(double_divide(double_divide(double_divide(double_divide(inverse(inverse(X0)),inverse(X2)),inverse(X5)),double_divide(X0,inverse(X2))),double_divide(X7,inverse(double_divide(X12,double_divide(inverse(X8),inverse(double_divide(X9,X10))))))))) [forward demodulation 47042,31297]
48123. double_divide(inverse(inverse(X10)),inverse(double_divide(inverse(X7),double_divide(X13,double_divide(inverse(X9),X13))))) = double_divide(X10,inverse(double_divide(double_divide(double_divide(X0,inverse(X2)),inverse(double_divide(X0,double_divide(inverse(X7),X2)))),inverse(X9)))) [forward demodulation 47071,36439]
48131. inverse(double_divide(inverse(double_divide(X7,double_divide(inverse(X8),X9))),inverse(X8))) = double_divide(inverse(X15),double_divide(inverse(double_divide(X7,X5)),inverse(double_divide(double_divide(double_divide(double_divide(X0,inverse(X2)),inverse(X5)),double_divide(X0,inverse(X2))),double_divide(X15,X9))))) [forward demodulation 47079,31243]
48135. inverse(double_divide(X7,double_divide(X9,inverse(X8)))) = double_divide(inverse(double_divide(X9,X5)),inverse(double_divide(double_divide(double_divide(double_divide(inverse(inverse(X0)),inverse(X2)),inverse(X5)),double_divide(X0,inverse(X2))),double_divide(X7,X8)))) [forward demodulation 47083,31297]
48139. double_divide(inverse(X7),double_divide(inverse(double_divide(X8,inverse(double_divide(inverse(double_divide(double_divide(inverse(double_divide(X0,double_divide(X1,X2))),double_divide(X3,double_divide(X1,X3))),double_divide(X4,X5))),double_divide(X6,double_divide(X4,X6)))))),inverse(double_divide(double_divide(double_divide(X10,double_divide(double_divide(X0,inverse(X2)),inverse(X5))),X10),double_divide(X7,double_divide(inverse(X8),X9)))))) = X9 [forward demodulation 47087,36614]
48165. double_divide(inverse(X11),double_divide(inverse(double_divide(X10,X5)),inverse(double_divide(double_divide(double_divide(double_divide(X0,inverse(X2)),inverse(X5)),double_divide(X0,inverse(X2))),double_divide(X11,X8))))) = inverse(double_divide(inverse(double_divide(X9,double_divide(inverse(X10),X9))),inverse(X8))) [forward demodulation 47114,45078]
48178. inverse(X8) = inverse(double_divide(X7,double_divide(X8,X7))) [forward demodulation 47129,29371]
48258. inverse(double_divide(X7,inverse(X12))) = inverse(double_divide(X7,double_divide(double_divide(double_divide(inverse(inverse(X6)),inverse(X4)),inverse(X1)),inverse(double_divide(inverse(double_divide(inverse(double_divide(X2,double_divide(double_divide(inverse(X3),inverse(double_divide(inverse(double_divide(X3,X4)),double_divide(X5,double_divide(inverse(X6),X5))))),X2))),inverse(X1))),X12))))) [forward demodulation 47210,45078]
48273. inverse(double_divide(inverse(double_divide(double_divide(X6,inverse(X4)),double_divide(X9,X1))),double_divide(X12,inverse(double_divide(X10,double_divide(X9,X10)))))) = inverse(double_divide(inverse(double_divide(inverse(X3),inverse(double_divide(inverse(double_divide(X3,X4)),inverse(X6))))),double_divide(inverse(inverse(X12)),X1))) [forward demodulation 47227,36461]
48278. inverse(double_divide(inverse(double_divide(double_divide(X6,inverse(X4)),double_divide(X9,X1))),double_divide(X12,inverse(double_divide(X10,double_divide(X9,X10)))))) = inverse(double_divide(inverse(double_divide(inverse(X3),inverse(double_divide(inverse(double_divide(X3,X4)),double_divide(X5,double_divide(inverse(X6),X5)))))),double_divide(inverse(inverse(X12)),X1))) [forward demodulation 47232,36461]
48334. inverse(double_divide(double_divide(inverse(X0),inverse(double_divide(inverse(double_divide(X0,X1)),double_divide(X2,double_divide(double_divide(inverse(X3),inverse(double_divide(inverse(double_divide(X3,X4)),double_divide(X5,double_divide(inverse(X6),X5))))),X2))))),double_divide(X11,double_divide(X10,X11)))) = inverse(double_divide(double_divide(X6,inverse(X4)),double_divide(double_divide(X9,X10),inverse(double_divide(X9,X1))))) [forward demodulation 47288,36192]
48351. inverse(double_divide(inverse(inverse(X1)),double_divide(double_divide(inverse(X8),X9),inverse(double_divide(inverse(X8),X1))))) = X9 [forward demodulation 47307,36192]
48413. inverse(double_divide(inverse(double_divide(double_divide(inverse(double_divide(X4,double_divide(X5,X2))),double_divide(X6,double_divide(X5,X6))),double_divide(X7,X8))),X7)) = inverse(inverse(double_divide(inverse(double_divide(inverse(X10),double_divide(inverse(X4),double_divide(X10,X8)))),inverse(X2)))) [forward demodulation 47378,46281]
48422. inverse(double_divide(double_divide(X0,double_divide(X3,inverse(X1))),inverse(X9))) = inverse(double_divide(double_divide(inverse(double_divide(X0,X1)),inverse(X3)),inverse(X9))) [forward demodulation 47387,36439]
48427. inverse(double_divide(double_divide(X1,double_divide(X4,inverse(X2))),inverse(X12))) = inverse(double_divide(inverse(inverse(double_divide(inverse(double_divide(X1,X2)),inverse(X4)))),inverse(X12))) [forward demodulation 47393,31718]
48430. inverse(double_divide(double_divide(X0,double_divide(X1,inverse(X3))),inverse(X12))) = inverse(double_divide(double_divide(X7,inverse(double_divide(inverse(X7),inverse(double_divide(inverse(double_divide(X0,X3)),double_divide(X9,double_divide(inverse(X1),X9))))))),inverse(X12))) [forward demodulation 47398,47361]
48516. inverse(double_divide(double_divide(inverse(X0),inverse(X5)),inverse(X8))) = inverse(double_divide(inverse(X12),double_divide(inverse(inverse(X8)),double_divide(inverse(double_divide(X12,X5)),X0)))) [forward demodulation 47489,36461]
48524. inverse(double_divide(X3,double_divide(X6,X1))) = inverse(double_divide(inverse(double_divide(double_divide(inverse(double_divide(X1,double_divide(X2,X3))),double_divide(X4,double_divide(X2,X4))),double_divide(X5,X6))),X5)) [forward demodulation 47497,36439]
48532. double_divide(inverse(X14),inverse(double_divide(inverse(double_divide(X14,X12)),double_divide(inverse(X6),inverse(X4))))) = inverse(double_divide(double_divide(inverse(inverse(X4)),X6),inverse(X12))) [forward demodulation 47510,35169]
48547. inverse(double_divide(inverse(double_divide(double_divide(inverse(double_divide(X9,double_divide(X10,inverse(double_divide(inverse(X4),double_divide(X11,double_divide(inverse(X0),X11))))))),double_divide(X12,double_divide(X10,X12))),double_divide(X13,X14))),double_divide(X15,double_divide(X13,X15)))) = inverse(double_divide(double_divide(X9,inverse(double_divide(inverse(inverse(X0)),inverse(inverse(X4))))),inverse(X14))) [forward demodulation 47533,46281]
48549. inverse(double_divide(inverse(X1),inverse(X8))) = inverse(double_divide(inverse(inverse(X0)),double_divide(inverse(double_divide(inverse(inverse(X8)),X1)),inverse(inverse(X0))))) [forward demodulation 47538,36533]
48599. double_divide(inverse(X8),inverse(double_divide(inverse(double_divide(X1,double_divide(X2,X1))),double_divide(X5,inverse(X3))))) = inverse(double_divide(double_divide(X3,inverse(X5)),inverse(double_divide(X2,X8)))) [forward demodulation 47613,47361]
48603. double_divide(X7,double_divide(inverse(X10),inverse(double_divide(inverse(double_divide(X10,X4)),double_divide(inverse(X1),X2))))) = inverse(double_divide(double_divide(X2,inverse(X4)),double_divide(X7,inverse(X1)))) [forward demodulation 47617,36439]
48617. inverse(double_divide(inverse(double_divide(double_divide(inverse(double_divide(X7,double_divide(X8,X9))),double_divide(X10,double_divide(X8,X10))),double_divide(X11,inverse(double_divide(inverse(X4),double_divide(X12,double_divide(inverse(X0),X12))))))),double_divide(X13,double_divide(X11,X13)))) = inverse(double_divide(double_divide(X7,inverse(X9)),inverse(double_divide(X0,X4)))) [forward demodulation 47633,33753]
48648. inverse(double_divide(double_divide(X1,inverse(X3)),double_divide(X6,inverse(X0)))) = inverse(double_divide(inverse(double_divide(double_divide(inverse(double_divide(X18,double_divide(inverse(X1),X18))),inverse(X3)),X0)),inverse(X6))) [forward demodulation 47667,36097]
48678. inverse(double_divide(double_divide(X6,inverse(X4)),inverse(X1))) = inverse(double_divide(inverse(X3),double_divide(X1,double_divide(inverse(double_divide(X3,X4)),inverse(X6))))) [forward demodulation 47717,36439]
48737. inverse(double_divide(inverse(double_divide(double_divide(X0,inverse(X2)),X5)),X6)) = inverse(double_divide(inverse(X10),double_divide(double_divide(X5,X6),double_divide(inverse(double_divide(X10,X2)),inverse(X0))))) [forward demodulation 47779,36439]
48748. inverse(double_divide(inverse(double_divide(X0,double_divide(double_divide(X1,double_divide(X2,X1)),X0))),X5)) = double_divide(inverse(X5),double_divide(X4,double_divide(X2,X4))) [forward demodulation 47791,36439]
48759. inverse(double_divide(X0,double_divide(X5,inverse(double_divide(double_divide(X1,double_divide(X2,X1)),X0))))) = double_divide(inverse(inverse(X5)),double_divide(inverse(inverse(X4)),double_divide(X2,X4))) [forward demodulation 47802,36439]
48764. inverse(double_divide(double_divide(X2,inverse(X4)),inverse(X1))) = inverse(double_divide(inverse(X11),double_divide(inverse(double_divide(inverse(inverse(X1)),X2)),inverse(inverse(double_divide(X11,X4)))))) [forward demodulation 47807,36533]
48767. inverse(double_divide(double_divide(X2,inverse(X4)),inverse(X1))) = inverse(double_divide(double_divide(inverse(double_divide(X12,double_divide(inverse(X2),X12))),inverse(X4)),inverse(X1))) [forward demodulation 47810,46522]
48813. inverse(double_divide(inverse(double_divide(double_divide(inverse(double_divide(X1,double_divide(X2,X3))),double_divide(X4,double_divide(X2,X4))),X0)),double_divide(X10,double_divide(inverse(X5),X10)))) = inverse(double_divide(double_divide(X1,inverse(X3)),double_divide(X5,inverse(X0)))) [forward demodulation 47857,35155]
48841. inverse(double_divide(double_divide(inverse(double_divide(X1,double_divide(inverse(X0),X2))),double_divide(double_divide(X3,inverse(X3)),X0)),inverse(X7))) = inverse(double_divide(inverse(X11),double_divide(X7,double_divide(inverse(double_divide(X11,X2)),inverse(X1))))) [forward demodulation 47885,36439]
48878. inverse(double_divide(double_divide(inverse(double_divide(X8,double_divide(X1,inverse(X3)))),double_divide(X10,double_divide(X9,X10))),inverse(X12))) = inverse(double_divide(inverse(X16),double_divide(inverse(inverse(X12)),double_divide(inverse(double_divide(X16,double_divide(inverse(X1),X9))),double_divide(X8,X3))))) [forward demodulation 47925,36439]
48893. inverse(double_divide(double_divide(X0,double_divide(X3,inverse(double_divide(X1,X0)))),inverse(X6))) = inverse(double_divide(inverse(inverse(X3)),double_divide(X6,inverse(X1)))) [forward demodulation 47940,36192]
48896. inverse(double_divide(inverse(X1),double_divide(X6,inverse(X0)))) = inverse(double_divide(double_divide(inverse(X0),X1),inverse(X6))) [forward demodulation 47948,45705]
48912. double_divide(inverse(X15),inverse(double_divide(inverse(double_divide(X15,X13)),double_divide(X16,double_divide(double_divide(inverse(X17),inverse(double_divide(inverse(double_divide(X17,inverse(double_divide(inverse(X4),double_divide(X10,double_divide(inverse(X0),X10)))))),double_divide(X18,double_divide(inverse(X9),X18))))),X16))))) = inverse(double_divide(inverse(double_divide(inverse(X4),double_divide(X9,inverse(inverse(X0))))),inverse(X13))) [forward demodulation 47968,36672]
48962. double_divide(X7,double_divide(X8,X7)) = double_divide(double_divide(inverse(X9),X8),double_divide(inverse(double_divide(X9,X5)),inverse(double_divide(inverse(double_divide(X12,double_divide(inverse(X0),X12))),double_divide(inverse(double_divide(X5,double_divide(X2,inverse(X0)))),X2))))) [forward demodulation 48027,36620]
48972. double_divide(X9,inverse(double_divide(inverse(X11),double_divide(X18,double_divide(inverse(X7),X18))))) = double_divide(inverse(double_divide(X8,X5)),inverse(double_divide(double_divide(double_divide(inverse(inverse(double_divide(inverse(double_divide(X0,double_divide(X1,X2))),double_divide(X3,double_divide(X1,X3))))),inverse(X5)),double_divide(X0,inverse(X2))),double_divide(X7,inverse(double_divide(X11,double_divide(inverse(X8),X9))))))) [forward demodulation 48037,36268]
49002. inverse(double_divide(inverse(double_divide(X7,double_divide(inverse(X8),X9))),double_divide(inverse(double_divide(inverse(double_divide(X8,double_divide(X10,X11))),X10)),X11))) = double_divide(inverse(X13),double_divide(inverse(double_divide(X7,double_divide(inverse(double_divide(X6,double_divide(X4,X6))),double_divide(double_divide(X0,inverse(X2)),double_divide(X4,X5))))),inverse(double_divide(double_divide(double_divide(X14,double_divide(double_divide(X0,inverse(X2)),inverse(X5))),X14),double_divide(X13,X9))))) [forward demodulation 48067,33753]
49030. double_divide(inverse(inverse(X9)),inverse(double_divide(inverse(inverse(double_divide(inverse(double_divide(X12,double_divide(X16,X10))),double_divide(X17,double_divide(X16,X17))))),double_divide(X18,double_divide(inverse(X7),X18))))) = double_divide(inverse(double_divide(X8,X5)),inverse(double_divide(double_divide(double_divide(double_divide(X0,inverse(X2)),inverse(X5)),double_divide(X0,inverse(X2))),double_divide(X7,inverse(double_divide(X12,double_divide(inverse(X8),inverse(double_divide(X9,X10))))))))) [forward demodulation 48095,36439]
49058. double_divide(inverse(inverse(X10)),inverse(double_divide(inverse(X7),double_divide(X13,double_divide(inverse(X9),X13))))) = double_divide(X10,inverse(double_divide(inverse(double_divide(inverse(double_divide(inverse(X7),X2)),inverse(X2))),inverse(X9)))) [forward demodulation 48123,36618]
49065. inverse(double_divide(X7,inverse(X9))) = double_divide(inverse(X15),double_divide(inverse(double_divide(X7,X5)),inverse(double_divide(double_divide(double_divide(double_divide(X0,inverse(X2)),inverse(X5)),double_divide(X0,inverse(X2))),double_divide(X15,X9))))) [forward demodulation 48131,36472]
49068. inverse(double_divide(X7,double_divide(X9,inverse(X8)))) = double_divide(inverse(double_divide(X9,X5)),inverse(double_divide(double_divide(double_divide(double_divide(X0,inverse(X2)),inverse(X5)),double_divide(X0,inverse(X2))),double_divide(X7,X8)))) [forward demodulation 48135,36439]
49072. double_divide(inverse(X7),double_divide(inverse(double_divide(X8,double_divide(inverse(double_divide(X6,double_divide(X4,X6))),double_divide(double_divide(inverse(double_divide(X0,double_divide(X1,X2))),double_divide(X3,double_divide(X1,X3))),double_divide(X4,X5))))),inverse(double_divide(double_divide(double_divide(X10,double_divide(double_divide(X0,inverse(X2)),inverse(X5))),X10),double_divide(X7,double_divide(inverse(X8),X9)))))) = X9 [forward demodulation 48139,36600]
49098. double_divide(inverse(X11),double_divide(inverse(double_divide(X10,X5)),inverse(double_divide(double_divide(double_divide(double_divide(X0,inverse(X2)),inverse(X5)),double_divide(X0,inverse(X2))),double_divide(X11,X8))))) = inverse(double_divide(X9,double_divide(X8,inverse(double_divide(inverse(X10),X9))))) [forward demodulation 48165,36192]
49186. inverse(double_divide(X7,inverse(X12))) = inverse(double_divide(X7,double_divide(double_divide(double_divide(inverse(inverse(X6)),inverse(X4)),inverse(X1)),inverse(double_divide(inverse(double_divide(X2,double_divide(double_divide(inverse(X3),inverse(double_divide(inverse(double_divide(X3,X4)),double_divide(X5,double_divide(inverse(X6),X5))))),X2))),double_divide(inverse(X12),X1)))))) [forward demodulation 48258,36461]
49198. inverse(double_divide(inverse(double_divide(double_divide(X6,inverse(X4)),double_divide(X9,X1))),double_divide(X12,inverse(double_divide(X10,double_divide(X9,X10)))))) = inverse(double_divide(inverse(X3),double_divide(inverse(double_divide(inverse(inverse(X12)),X1)),double_divide(inverse(double_divide(X3,X4)),inverse(X6))))) [forward demodulation 48273,36461]
49203. inverse(double_divide(inverse(double_divide(double_divide(X6,inverse(X4)),double_divide(X9,X1))),double_divide(X12,inverse(double_divide(X10,double_divide(X9,X10)))))) = inverse(double_divide(inverse(X3),double_divide(inverse(double_divide(inverse(inverse(X12)),X1)),double_divide(inverse(double_divide(X3,X4)),double_divide(X5,double_divide(inverse(X6),X5)))))) [forward demodulation 48278,36461]
49257. inverse(double_divide(double_divide(inverse(X0),inverse(double_divide(inverse(double_divide(X0,X1)),double_divide(X2,double_divide(double_divide(inverse(X3),inverse(double_divide(inverse(double_divide(X3,X4)),double_divide(X5,double_divide(inverse(X6),X5))))),X2))))),double_divide(X11,double_divide(X10,X11)))) = inverse(double_divide(double_divide(X1,inverse(double_divide(X6,inverse(X4)))),X10)) [forward demodulation 48334,36576]
49269. inverse(double_divide(double_divide(X1,inverse(inverse(inverse(X1)))),X9)) = X9 [forward demodulation 48351,36576]
49327. inverse(double_divide(inverse(double_divide(double_divide(inverse(double_divide(X4,double_divide(X5,X2))),double_divide(X6,double_divide(X5,X6))),double_divide(X7,X8))),X7)) = double_divide(inverse(double_divide(inverse(X10),double_divide(inverse(X4),double_divide(X10,X8)))),inverse(X2)) [forward demodulation 48413,36439]
49334. inverse(double_divide(double_divide(X0,double_divide(X3,inverse(X1))),inverse(X9))) = inverse(double_divide(double_divide(X0,inverse(double_divide(X1,inverse(X3)))),inverse(X9))) [forward demodulation 48422,47913]
49339. inverse(double_divide(double_divide(X1,double_divide(X4,inverse(X2))),inverse(X12))) = inverse(double_divide(double_divide(inverse(double_divide(X1,X2)),inverse(X4)),inverse(X12))) [forward demodulation 48427,36439]
49341. inverse(double_divide(double_divide(X0,double_divide(X1,inverse(X3))),inverse(X12))) = inverse(double_divide(inverse(inverse(double_divide(inverse(double_divide(X0,X3)),double_divide(X9,double_divide(inverse(X1),X9))))),inverse(X12))) [forward demodulation 48430,36492]
49408. inverse(double_divide(double_divide(inverse(X0),inverse(X5)),inverse(X8))) = inverse(double_divide(inverse(X12),double_divide(X8,double_divide(inverse(double_divide(X12,X5)),X0)))) [forward demodulation 48516,36439]
49416. inverse(double_divide(X3,double_divide(X6,X1))) = inverse(double_divide(double_divide(inverse(double_divide(X1,double_divide(X2,X3))),double_divide(X4,double_divide(X2,X4))),inverse(X6))) [forward demodulation 48524,36472]
49421. double_divide(inverse(X14),inverse(double_divide(inverse(double_divide(X14,X12)),double_divide(inverse(X6),inverse(X4))))) = inverse(double_divide(double_divide(X4,X6),inverse(X12))) [forward demodulation 48532,36439]
49434. inverse(double_divide(inverse(double_divide(double_divide(inverse(double_divide(X9,double_divide(X10,inverse(double_divide(inverse(X4),double_divide(X11,double_divide(inverse(X0),X11))))))),double_divide(X12,double_divide(X10,X12))),double_divide(X13,X14))),double_divide(X15,double_divide(X13,X15)))) = inverse(double_divide(inverse(double_divide(inverse(X4),double_divide(X9,inverse(inverse(X0))))),inverse(X14))) [forward demodulation 48547,36672]
49436. inverse(double_divide(inverse(X1),inverse(X8))) = double_divide(inverse(inverse(X8)),X1) [forward demodulation 48549,35154]
49477. inverse(double_divide(double_divide(X3,inverse(X5)),inverse(double_divide(X2,X8)))) = double_divide(inverse(X8),inverse(double_divide(inverse(X2),double_divide(X5,inverse(X3))))) [forward demodulation 48599,48178]
49480. inverse(double_divide(double_divide(X2,inverse(X4)),double_divide(X7,inverse(X1)))) = double_divide(X7,inverse(double_divide(inverse(double_divide(inverse(X1),X2)),inverse(X4)))) [forward demodulation 48603,45078]
49488. inverse(double_divide(double_divide(X7,inverse(X9)),inverse(double_divide(X0,X4)))) = inverse(double_divide(double_divide(inverse(double_divide(X7,double_divide(X8,X9))),double_divide(X10,double_divide(X8,X10))),double_divide(inverse(X4),double_divide(X12,double_divide(inverse(X0),X12))))) [forward demodulation 48617,31422]
49516. inverse(double_divide(double_divide(X1,inverse(X3)),double_divide(X6,inverse(X0)))) = inverse(double_divide(double_divide(inverse(double_divide(X18,double_divide(inverse(X1),X18))),inverse(X3)),double_divide(X6,inverse(X0)))) [forward demodulation 48648,36192]
49595. inverse(double_divide(inverse(double_divide(double_divide(X0,inverse(X2)),X5)),X6)) = inverse(double_divide(double_divide(X0,inverse(X2)),inverse(double_divide(X5,X6)))) [forward demodulation 48737,48678]
49601. double_divide(inverse(X5),double_divide(X4,double_divide(X2,X4))) = inverse(double_divide(inverse(double_divide(X1,double_divide(X2,X1))),X5)) [forward demodulation 48748,48178]
49609. inverse(double_divide(X0,double_divide(X5,inverse(double_divide(double_divide(X1,double_divide(X2,X1)),X0))))) = double_divide(inverse(inverse(X5)),double_divide(X4,double_divide(X2,X4))) [forward demodulation 48759,36439]
49614. inverse(double_divide(double_divide(X2,inverse(X4)),inverse(X1))) = double_divide(inverse(inverse(X1)),inverse(double_divide(double_divide(inverse(double_divide(X11,X4)),inverse(X2)),inverse(inverse(X11))))) [forward demodulation 48764,36603]
49617. inverse(double_divide(double_divide(X2,inverse(X4)),inverse(X1))) = inverse(double_divide(double_divide(X12,inverse(double_divide(double_divide(inverse(X2),X12),inverse(X4)))),inverse(X1))) [forward demodulation 48767,47913]
49659. inverse(double_divide(inverse(double_divide(double_divide(inverse(double_divide(X1,double_divide(X2,X3))),double_divide(X4,double_divide(X2,X4))),X0)),inverse(X5))) = inverse(double_divide(double_divide(X1,inverse(X3)),double_divide(X5,inverse(X0)))) [forward demodulation 48813,33753]
49687. inverse(double_divide(double_divide(inverse(double_divide(X1,double_divide(inverse(X0),X2))),double_divide(double_divide(X3,inverse(X3)),X0)),inverse(X7))) = inverse(double_divide(double_divide(X1,inverse(X2)),inverse(X7))) [forward demodulation 48841,48678]
49723. inverse(double_divide(double_divide(inverse(double_divide(X8,double_divide(X1,inverse(X3)))),double_divide(X10,double_divide(X9,X10))),inverse(X12))) = inverse(double_divide(inverse(X16),double_divide(X12,double_divide(inverse(double_divide(X16,double_divide(inverse(X1),X9))),double_divide(X8,X3))))) [forward demodulation 48878,36439]
49738. inverse(double_divide(double_divide(X0,double_divide(X3,inverse(double_divide(X1,X0)))),inverse(X6))) = inverse(double_divide(X3,double_divide(X6,inverse(X1)))) [forward demodulation 48893,36439]
49755. double_divide(inverse(X15),inverse(double_divide(inverse(double_divide(X15,X13)),double_divide(X16,double_divide(double_divide(inverse(X17),inverse(double_divide(inverse(double_divide(X17,inverse(double_divide(inverse(X4),double_divide(X10,double_divide(inverse(X0),X10)))))),double_divide(X18,double_divide(inverse(X9),X18))))),X16))))) = inverse(double_divide(inverse(X4),double_divide(X13,inverse(double_divide(X9,inverse(inverse(X0))))))) [forward demodulation 48912,36192]
49797. double_divide(X7,double_divide(X8,X7)) = double_divide(double_divide(inverse(X9),X8),double_divide(inverse(double_divide(X9,X5)),inverse(double_divide(inverse(double_divide(X12,double_divide(inverse(X0),X12))),double_divide(X5,inverse(inverse(X0))))))) [forward demodulation 48962,36451]
49807. double_divide(X9,inverse(double_divide(inverse(X11),double_divide(X18,double_divide(inverse(X7),X18))))) = double_divide(inverse(double_divide(X8,X5)),inverse(double_divide(double_divide(double_divide(double_divide(inverse(inverse(X0)),inverse(X2)),inverse(X5)),double_divide(X0,inverse(X2))),double_divide(X7,inverse(double_divide(X11,double_divide(inverse(X8),X9))))))) [forward demodulation 48972,31297]
49835. inverse(double_divide(inverse(double_divide(X7,double_divide(inverse(X8),X9))),double_divide(inverse(double_divide(inverse(double_divide(X8,double_divide(X10,X11))),X10)),X11))) = double_divide(inverse(X13),double_divide(inverse(double_divide(X7,double_divide(inverse(X4),double_divide(double_divide(X0,inverse(X2)),double_divide(X4,X5))))),inverse(double_divide(double_divide(double_divide(X14,double_divide(double_divide(X0,inverse(X2)),inverse(X5))),X14),double_divide(X13,X9))))) [forward demodulation 49002,48178]
49861. double_divide(inverse(double_divide(X8,X5)),inverse(double_divide(double_divide(double_divide(double_divide(X0,inverse(X2)),inverse(X5)),double_divide(X0,inverse(X2))),double_divide(X7,inverse(double_divide(X12,double_divide(inverse(X8),inverse(double_divide(X9,X10))))))))) = double_divide(inverse(inverse(X9)),inverse(double_divide(inverse(inverse(double_divide(inverse(double_divide(X12,double_divide(X16,X10))),double_divide(X17,double_divide(X16,X17))))),inverse(X7)))) [forward demodulation 49030,33753]
49888. double_divide(inverse(inverse(X10)),inverse(double_divide(inverse(X7),double_divide(X13,double_divide(inverse(X9),X13))))) = inverse(double_divide(X9,double_divide(X10,inverse(double_divide(inverse(double_divide(inverse(X7),X2)),inverse(X2)))))) [forward demodulation 49058,36672]
49900. double_divide(inverse(X7),double_divide(inverse(double_divide(X8,double_divide(inverse(double_divide(X6,double_divide(X4,X6))),double_divide(double_divide(inverse(inverse(X0)),inverse(X2)),double_divide(X4,X5))))),inverse(double_divide(double_divide(double_divide(X10,double_divide(double_divide(X0,inverse(X2)),inverse(X5))),X10),double_divide(X7,double_divide(inverse(X8),X9)))))) = X9 [forward demodulation 49072,36268]
49925. inverse(double_divide(inverse(inverse(X10)),inverse(X8))) = double_divide(inverse(X11),double_divide(inverse(double_divide(X10,X5)),inverse(double_divide(double_divide(double_divide(double_divide(X0,inverse(X2)),inverse(X5)),double_divide(X0,inverse(X2))),double_divide(X11,X8))))) [forward demodulation 49098,47400]
50005. inverse(double_divide(X7,inverse(X12))) = inverse(double_divide(X7,double_divide(double_divide(double_divide(inverse(inverse(X6)),inverse(X4)),inverse(X1)),inverse(double_divide(inverse(double_divide(inverse(X3),inverse(double_divide(inverse(double_divide(X3,X4)),double_divide(X5,double_divide(inverse(X6),X5)))))),double_divide(inverse(X12),X1)))))) [forward demodulation 49186,48178]
50016. inverse(double_divide(inverse(double_divide(double_divide(X6,inverse(X4)),double_divide(X9,X1))),double_divide(X12,inverse(double_divide(X10,double_divide(X9,X10)))))) = inverse(double_divide(double_divide(X6,inverse(X4)),inverse(inverse(double_divide(inverse(inverse(X12)),X1))))) [forward demodulation 49198,48678]
50021. inverse(double_divide(inverse(double_divide(double_divide(X6,inverse(X4)),double_divide(X9,X1))),double_divide(X12,inverse(double_divide(X10,double_divide(X9,X10)))))) = inverse(double_divide(inverse(X3),double_divide(inverse(double_divide(inverse(double_divide(inverse(inverse(X12)),X1)),X6)),inverse(inverse(double_divide(X3,X4)))))) [forward demodulation 49203,36533]
50074. inverse(double_divide(double_divide(X1,inverse(double_divide(X6,inverse(X4)))),X10)) = inverse(double_divide(double_divide(inverse(X0),inverse(double_divide(inverse(double_divide(X0,X1)),double_divide(X2,double_divide(double_divide(inverse(X3),inverse(double_divide(inverse(double_divide(X3,X4)),double_divide(X5,double_divide(inverse(X6),X5))))),X2))))),X10)) [forward demodulation 49257,33753]
50085. inverse(double_divide(double_divide(X1,inverse(X1)),X9)) = X9 [forward demodulation 49269,36439]
50133. inverse(double_divide(inverse(double_divide(double_divide(inverse(double_divide(X4,double_divide(X5,X2))),double_divide(X6,double_divide(X5,X6))),double_divide(X7,X8))),X7)) = double_divide(inverse(inverse(double_divide(inverse(X4),inverse(X8)))),inverse(X2)) [forward demodulation 49327,46281]
50143. inverse(double_divide(double_divide(X1,double_divide(X4,inverse(X2))),inverse(X12))) = inverse(double_divide(inverse(inverse(X4)),double_divide(X12,inverse(double_divide(X1,X2))))) [forward demodulation 49339,48896]
50145. inverse(double_divide(double_divide(X0,double_divide(X1,inverse(X3))),inverse(X12))) = inverse(double_divide(double_divide(inverse(inverse(X0)),double_divide(inverse(inverse(X1)),inverse(X3))),inverse(X12))) [forward demodulation 49341,31682]
50198. inverse(double_divide(inverse(X12),double_divide(X8,double_divide(inverse(double_divide(X12,X5)),X0)))) = inverse(double_divide(inverse(inverse(X5)),double_divide(X8,inverse(X0)))) [forward demodulation 49408,48896]
50206. inverse(double_divide(X3,double_divide(X6,X1))) = inverse(double_divide(inverse(double_divide(X4,double_divide(X2,X4))),double_divide(X6,inverse(double_divide(X1,double_divide(X2,X3)))))) [forward demodulation 49416,48896]
50210. inverse(double_divide(double_divide(X4,X6),inverse(X12))) = inverse(double_divide(inverse(double_divide(inverse(X6),inverse(X4))),inverse(X12))) [forward demodulation 49421,45078]
50220. inverse(double_divide(inverse(double_divide(double_divide(inverse(double_divide(X9,double_divide(X10,inverse(double_divide(inverse(X4),double_divide(X11,double_divide(inverse(X0),X11))))))),double_divide(X12,double_divide(X10,X12))),double_divide(X13,X14))),double_divide(X15,double_divide(X13,X15)))) = inverse(double_divide(inverse(X4),double_divide(X14,inverse(double_divide(X9,inverse(inverse(X0))))))) [forward demodulation 49434,36192]
50222. double_divide(X8,X1) = inverse(double_divide(inverse(X1),inverse(X8))) [forward demodulation 49436,36439]
50261. inverse(double_divide(double_divide(X2,inverse(X4)),double_divide(X7,inverse(X1)))) = inverse(double_divide(X4,double_divide(X7,inverse(double_divide(inverse(X1),X2))))) [forward demodulation 49480,36672]
50267. inverse(double_divide(double_divide(X7,inverse(X9)),inverse(double_divide(X0,X4)))) = inverse(double_divide(inverse(double_divide(double_divide(inverse(double_divide(X7,double_divide(X8,X9))),double_divide(X10,double_divide(X8,X10))),X0)),inverse(inverse(X4)))) [forward demodulation 49488,36149]
50294. inverse(double_divide(double_divide(X1,inverse(X3)),double_divide(X6,inverse(X0)))) = inverse(double_divide(double_divide(inverse(inverse(X1)),inverse(X3)),double_divide(X6,inverse(X0)))) [forward demodulation 49516,48178]
50365. inverse(double_divide(inverse(X2),X5)) = double_divide(inverse(X5),double_divide(X4,double_divide(X2,X4))) [forward demodulation 49601,48178]
50370. double_divide(X5,double_divide(X4,double_divide(X2,X4))) = inverse(double_divide(X0,double_divide(X5,inverse(double_divide(double_divide(X1,double_divide(X2,X1)),X0))))) [forward demodulation 49609,36439]
50375. inverse(double_divide(double_divide(X2,inverse(X4)),inverse(X1))) = double_divide(inverse(inverse(X1)),inverse(double_divide(inverse(inverse(X2)),double_divide(inverse(X11),inverse(double_divide(X11,X4)))))) [forward demodulation 49614,48896]
50376. inverse(double_divide(double_divide(X2,inverse(X4)),inverse(X1))) = inverse(double_divide(double_divide(X12,double_divide(X4,inverse(double_divide(inverse(X2),X12)))),inverse(X1))) [forward demodulation 49617,49334]
50412. inverse(double_divide(double_divide(inverse(double_divide(X1,double_divide(X2,X3))),double_divide(X4,double_divide(X2,X4))),double_divide(X5,inverse(X0)))) = inverse(double_divide(double_divide(X1,inverse(X3)),double_divide(X5,inverse(X0)))) [forward demodulation 49659,36192]
50439. inverse(double_divide(double_divide(X1,inverse(X2)),inverse(X7))) = inverse(double_divide(inverse(double_divide(double_divide(X3,inverse(X3)),X0)),double_divide(X7,inverse(double_divide(X1,double_divide(inverse(X0),X2)))))) [forward demodulation 49687,48896]
50474. inverse(double_divide(inverse(X16),double_divide(X12,double_divide(inverse(double_divide(X16,double_divide(inverse(X1),X9))),double_divide(X8,X3))))) = inverse(double_divide(inverse(double_divide(X10,double_divide(X9,X10))),double_divide(X12,inverse(double_divide(X8,double_divide(X1,inverse(X3))))))) [forward demodulation 49723,48896]
50502. double_divide(inverse(X15),inverse(double_divide(inverse(double_divide(X15,X13)),double_divide(X16,double_divide(double_divide(inverse(X17),inverse(double_divide(inverse(double_divide(X17,inverse(double_divide(inverse(X4),double_divide(X10,double_divide(inverse(X0),X10)))))),double_divide(X18,double_divide(inverse(X9),X18))))),X16))))) = inverse(double_divide(inverse(X4),double_divide(X13,inverse(double_divide(X9,X0))))) [forward demodulation 49755,36439]
50539. double_divide(X7,double_divide(X8,X7)) = double_divide(double_divide(inverse(X9),X8),inverse(double_divide(double_divide(inverse(X0),inverse(X5)),inverse(double_divide(double_divide(X12,double_divide(inverse(X0),X12)),double_divide(X9,X5)))))) [forward demodulation 49797,49477]
50549. double_divide(X9,inverse(double_divide(inverse(X11),double_divide(X18,double_divide(inverse(X7),X18))))) = double_divide(inverse(double_divide(X8,X5)),inverse(double_divide(double_divide(double_divide(double_divide(X0,inverse(X2)),inverse(X5)),double_divide(X0,inverse(X2))),double_divide(X7,inverse(double_divide(X11,double_divide(inverse(X8),X9))))))) [forward demodulation 49807,36439]
50576. inverse(double_divide(inverse(inverse(X7)),inverse(X9))) = double_divide(inverse(X13),double_divide(inverse(double_divide(X7,double_divide(inverse(X4),double_divide(double_divide(X0,inverse(X2)),double_divide(X4,X5))))),inverse(double_divide(double_divide(double_divide(X14,double_divide(double_divide(X0,inverse(X2)),inverse(X5))),X14),double_divide(X13,X9))))) [forward demodulation 49835,36386]
50602. double_divide(inverse(double_divide(X8,X5)),inverse(double_divide(double_divide(double_divide(double_divide(X0,inverse(X2)),inverse(X5)),double_divide(X0,inverse(X2))),double_divide(X7,inverse(double_divide(X12,double_divide(inverse(X8),inverse(double_divide(X9,X10))))))))) = inverse(double_divide(X7,double_divide(X9,double_divide(inverse(double_divide(X12,double_divide(X16,X10))),double_divide(X17,double_divide(X16,X17)))))) [forward demodulation 49861,31704]
50627. double_divide(inverse(inverse(X10)),inverse(double_divide(inverse(X7),double_divide(X13,double_divide(inverse(X9),X13))))) = inverse(double_divide(X9,inverse(double_divide(X2,double_divide(X10,inverse(double_divide(inverse(X7),X2))))))) [forward demodulation 49888,36672]
50639. double_divide(inverse(X7),double_divide(inverse(double_divide(X8,double_divide(inverse(double_divide(X6,double_divide(X4,X6))),double_divide(double_divide(X0,inverse(X2)),double_divide(X4,X5))))),inverse(double_divide(double_divide(double_divide(X10,double_divide(double_divide(X0,inverse(X2)),inverse(X5))),X10),double_divide(X7,double_divide(inverse(X8),X9)))))) = X9 [forward demodulation 49900,36439]
50662. inverse(double_divide(inverse(inverse(X10)),inverse(X8))) = inverse(double_divide(X10,inverse(X8))) [forward demodulation 49925,49065]
50737. inverse(double_divide(X7,inverse(X12))) = inverse(double_divide(X7,double_divide(double_divide(double_divide(inverse(inverse(X6)),inverse(X4)),inverse(X1)),inverse(double_divide(inverse(X3),double_divide(inverse(double_divide(inverse(X12),X1)),double_divide(inverse(double_divide(X3,X4)),double_divide(X5,double_divide(inverse(X6),X5))))))))) [forward demodulation 50005,36461]
50747. inverse(double_divide(inverse(double_divide(double_divide(X6,inverse(X4)),double_divide(X9,X1))),double_divide(X12,inverse(double_divide(X10,double_divide(X9,X10)))))) = inverse(double_divide(double_divide(X6,inverse(X4)),double_divide(inverse(inverse(X12)),X1))) [forward demodulation 50016,36439]
50751. inverse(double_divide(inverse(double_divide(double_divide(X6,inverse(X4)),double_divide(X9,X1))),double_divide(X12,inverse(double_divide(X10,double_divide(X9,X10)))))) = double_divide(inverse(double_divide(inverse(inverse(X12)),X1)),inverse(double_divide(double_divide(inverse(double_divide(X3,X4)),inverse(X6)),inverse(inverse(X3))))) [forward demodulation 50021,36603]
50800. inverse(double_divide(double_divide(X1,inverse(double_divide(X6,inverse(X4)))),X10)) = inverse(double_divide(inverse(double_divide(inverse(double_divide(X2,double_divide(double_divide(inverse(X3),inverse(double_divide(inverse(double_divide(X3,X4)),double_divide(X5,double_divide(inverse(X6),X5))))),X2))),inverse(X1))),X10)) [forward demodulation 50074,45078]
50852. inverse(double_divide(inverse(double_divide(double_divide(inverse(double_divide(X4,double_divide(X5,X2))),double_divide(X6,double_divide(X5,X6))),double_divide(X7,X8))),X7)) = double_divide(double_divide(inverse(X4),inverse(X8)),inverse(X2)) [forward demodulation 50133,36439]
50859. inverse(double_divide(double_divide(X1,double_divide(X4,inverse(X2))),inverse(X12))) = inverse(double_divide(X4,double_divide(X12,inverse(double_divide(X1,X2))))) [forward demodulation 50143,36439]
50861. inverse(double_divide(double_divide(X0,double_divide(X1,inverse(X3))),inverse(X12))) = inverse(double_divide(inverse(double_divide(inverse(inverse(X1)),inverse(X3))),double_divide(X12,inverse(inverse(X0))))) [forward demodulation 50145,48896]
50907. inverse(double_divide(inverse(X12),double_divide(X8,double_divide(inverse(double_divide(X12,X5)),X0)))) = inverse(double_divide(X5,double_divide(X8,inverse(X0)))) [forward demodulation 50198,36439]
50911. inverse(double_divide(X3,double_divide(X6,X1))) = inverse(double_divide(inverse(X2),double_divide(X6,inverse(double_divide(X1,double_divide(X2,X3)))))) [forward demodulation 50206,48178]
50915. inverse(double_divide(double_divide(X4,X6),inverse(X12))) = inverse(double_divide(inverse(X6),double_divide(inverse(inverse(X12)),X4))) [forward demodulation 50210,36461]
50924. inverse(double_divide(inverse(double_divide(double_divide(inverse(double_divide(X9,double_divide(X10,inverse(double_divide(inverse(X4),double_divide(X11,double_divide(inverse(X0),X11))))))),double_divide(X12,double_divide(X10,X12))),double_divide(X13,X14))),double_divide(X15,double_divide(X13,X15)))) = inverse(double_divide(inverse(X4),double_divide(X14,inverse(double_divide(X9,X0))))) [forward demodulation 50220,36439]
50965. inverse(double_divide(double_divide(X7,inverse(X9)),inverse(double_divide(X0,X4)))) = inverse(double_divide(double_divide(inverse(double_divide(X7,double_divide(X8,X9))),double_divide(X10,double_divide(X8,X10))),double_divide(inverse(X4),inverse(X0)))) [forward demodulation 50267,36192]
50990. inverse(double_divide(double_divide(X1,inverse(X3)),double_divide(X6,inverse(X0)))) = inverse(double_divide(X3,double_divide(X6,inverse(double_divide(inverse(X0),inverse(inverse(X1))))))) [forward demodulation 50294,50261]
51062. double_divide(X5,double_divide(X4,double_divide(X2,X4))) = inverse(double_divide(inverse(double_divide(X1,double_divide(X2,X1))),inverse(X5))) [forward demodulation 50370,47400]
51065. inverse(double_divide(double_divide(X2,inverse(X4)),inverse(X1))) = inverse(double_divide(double_divide(double_divide(X11,X4),inverse(inverse(X11))),inverse(double_divide(inverse(X2),inverse(X1))))) [forward demodulation 50375,49477]
51066. inverse(double_divide(double_divide(X2,inverse(X4)),inverse(X1))) = inverse(double_divide(X4,double_divide(X1,inverse(inverse(X2))))) [forward demodulation 50376,49738]
51100. inverse(double_divide(double_divide(inverse(double_divide(X1,double_divide(X2,X3))),double_divide(X4,double_divide(X2,X4))),double_divide(X5,inverse(X0)))) = inverse(double_divide(X3,double_divide(X5,inverse(double_divide(inverse(X0),X1))))) [forward demodulation 50412,50261]
51126. inverse(double_divide(double_divide(X1,inverse(X2)),inverse(X7))) = inverse(double_divide(double_divide(X3,inverse(X3)),inverse(double_divide(X0,double_divide(X7,inverse(double_divide(X1,double_divide(inverse(X0),X2)))))))) [forward demodulation 50439,49595]
51161. inverse(double_divide(inverse(X16),double_divide(X12,double_divide(inverse(double_divide(X16,double_divide(inverse(X1),X9))),double_divide(X8,X3))))) = inverse(double_divide(inverse(X9),double_divide(X12,inverse(double_divide(X8,double_divide(X1,inverse(X3))))))) [forward demodulation 50474,48178]
51189. inverse(double_divide(inverse(X4),double_divide(X13,inverse(double_divide(X9,X0))))) = inverse(double_divide(inverse(double_divide(X16,double_divide(double_divide(inverse(X17),inverse(double_divide(inverse(double_divide(X17,inverse(double_divide(inverse(X4),double_divide(X10,double_divide(inverse(X0),X10)))))),double_divide(X18,double_divide(inverse(X9),X18))))),X16))),inverse(X13))) [forward demodulation 50502,45078]
51219. double_divide(X7,double_divide(X8,X7)) = double_divide(double_divide(inverse(X9),X8),inverse(double_divide(inverse(inverse(X5)),double_divide(double_divide(double_divide(X12,double_divide(inverse(X0),X12)),double_divide(X9,X5)),inverse(X0))))) [forward demodulation 50539,48896]
51229. double_divide(X9,inverse(double_divide(inverse(X11),double_divide(X18,double_divide(inverse(X7),X18))))) = inverse(double_divide(X7,double_divide(X8,inverse(inverse(double_divide(X11,double_divide(inverse(X8),X9))))))) [forward demodulation 50549,49068]
51255. double_divide(X9,inverse(X7)) = double_divide(inverse(X13),double_divide(inverse(double_divide(X7,double_divide(inverse(X4),double_divide(double_divide(X0,inverse(X2)),double_divide(X4,X5))))),inverse(double_divide(double_divide(double_divide(X14,double_divide(double_divide(X0,inverse(X2)),inverse(X5))),X14),double_divide(X13,X9))))) [forward demodulation 50576,50222]
51278. double_divide(inverse(double_divide(X8,X5)),inverse(double_divide(double_divide(double_divide(double_divide(X0,inverse(X2)),inverse(X5)),double_divide(X0,inverse(X2))),double_divide(X7,inverse(double_divide(X12,double_divide(inverse(X8),inverse(double_divide(X9,X10))))))))) = inverse(double_divide(X7,double_divide(X9,inverse(double_divide(inverse(X16),double_divide(X12,double_divide(X16,X10))))))) [forward demodulation 50602,50365]
51303. double_divide(inverse(inverse(X10)),inverse(double_divide(inverse(X7),double_divide(X13,double_divide(inverse(X9),X13))))) = inverse(double_divide(X9,inverse(double_divide(inverse(inverse(X7)),inverse(X10))))) [forward demodulation 50627,47400]
51315. double_divide(inverse(X7),double_divide(inverse(double_divide(X8,double_divide(inverse(X4),double_divide(double_divide(X0,inverse(X2)),double_divide(X4,X5))))),inverse(double_divide(double_divide(double_divide(X10,double_divide(double_divide(X0,inverse(X2)),inverse(X5))),X10),double_divide(X7,double_divide(inverse(X8),X9)))))) = X9 [forward demodulation 50639,48178]
51337. double_divide(X8,inverse(X10)) = inverse(double_divide(X10,inverse(X8))) [forward demodulation 50662,50222]
51409. inverse(double_divide(X7,inverse(X12))) = inverse(double_divide(X7,double_divide(double_divide(double_divide(inverse(inverse(X6)),inverse(X4)),inverse(X1)),inverse(double_divide(inverse(X3),double_divide(inverse(double_divide(inverse(double_divide(inverse(X12),X1)),X6)),inverse(inverse(double_divide(X3,X4))))))))) [forward demodulation 50737,36533]
51418. inverse(double_divide(inverse(double_divide(double_divide(X6,inverse(X4)),double_divide(X9,X1))),double_divide(X12,inverse(double_divide(X10,double_divide(X9,X10)))))) = inverse(double_divide(double_divide(X6,inverse(X4)),double_divide(X12,X1))) [forward demodulation 50747,36439]
51422. inverse(double_divide(inverse(double_divide(double_divide(X6,inverse(X4)),double_divide(X9,X1))),double_divide(X12,inverse(double_divide(X10,double_divide(X9,X10)))))) = double_divide(inverse(inverse(X12)),double_divide(double_divide(double_divide(inverse(double_divide(X3,X4)),inverse(X6)),inverse(inverse(X3))),inverse(X1))) [forward demodulation 50751,47998]
51467. inverse(double_divide(double_divide(X1,inverse(double_divide(X6,inverse(X4)))),X10)) = inverse(double_divide(inverse(double_divide(X2,double_divide(double_divide(inverse(X3),inverse(double_divide(inverse(double_divide(X3,X4)),double_divide(X5,double_divide(inverse(X6),X5))))),X2))),double_divide(inverse(X10),X1))) [forward demodulation 50800,36461]
51511. double_divide(double_divide(inverse(X4),inverse(X8)),inverse(X2)) = inverse(double_divide(double_divide(inverse(double_divide(X4,double_divide(X5,X2))),double_divide(X6,double_divide(X5,X6))),inverse(X8))) [forward demodulation 50852,36472]
51516. inverse(double_divide(double_divide(X0,double_divide(X1,inverse(X3))),inverse(X12))) = inverse(double_divide(inverse(inverse(X1)),double_divide(inverse(double_divide(X12,inverse(inverse(X0)))),X3))) [forward demodulation 50861,36461]
51564. inverse(double_divide(double_divide(X4,X6),inverse(X12))) = inverse(double_divide(inverse(X6),double_divide(X12,X4))) [forward demodulation 50915,36439]
51573. inverse(double_divide(inverse(X4),double_divide(X14,inverse(double_divide(X9,X0))))) = inverse(double_divide(inverse(double_divide(double_divide(inverse(double_divide(X9,double_divide(X10,inverse(double_divide(inverse(X4),double_divide(X11,double_divide(inverse(X0),X11))))))),double_divide(X12,double_divide(X10,X12))),double_divide(X13,X14))),X13)) [forward demodulation 50924,33753]
51611. inverse(double_divide(double_divide(X7,inverse(X9)),inverse(double_divide(X0,X4)))) = inverse(double_divide(inverse(double_divide(inverse(X8),double_divide(X7,double_divide(X8,X9)))),double_divide(inverse(X4),inverse(X0)))) [forward demodulation 50965,50365]
51636. inverse(double_divide(double_divide(X1,inverse(X3)),double_divide(X6,inverse(X0)))) = inverse(double_divide(X3,inverse(double_divide(inverse(X1),double_divide(X6,inverse(X0)))))) [forward demodulation 50990,36672]
51701. double_divide(X5,double_divide(X4,double_divide(X2,X4))) = inverse(double_divide(X1,double_divide(X5,inverse(double_divide(X2,X1))))) [forward demodulation 51062,36192]
51704. inverse(double_divide(double_divide(X2,inverse(X4)),inverse(X1))) = inverse(double_divide(double_divide(double_divide(X11,X4),inverse(inverse(X11))),double_divide(inverse(inverse(X1)),X2))) [forward demodulation 51065,36600]
51705. inverse(double_divide(double_divide(X2,inverse(X4)),inverse(X1))) = inverse(double_divide(X4,double_divide(X1,X2))) [forward demodulation 51066,36439]
51738. inverse(double_divide(X3,double_divide(X5,inverse(double_divide(inverse(X0),X1))))) = inverse(double_divide(inverse(double_divide(inverse(X2),double_divide(X1,double_divide(X2,X3)))),double_divide(X5,inverse(X0)))) [forward demodulation 51100,50365]
51762. inverse(double_divide(double_divide(X1,inverse(X2)),inverse(X7))) = inverse(double_divide(X0,double_divide(X7,inverse(double_divide(X1,double_divide(inverse(X0),X2)))))) [forward demodulation 51126,50085]
51797. inverse(double_divide(inverse(X9),double_divide(X12,inverse(double_divide(X8,double_divide(X1,inverse(X3))))))) = inverse(double_divide(double_divide(inverse(X1),X9),double_divide(X12,inverse(double_divide(X8,X3))))) [forward demodulation 51161,50907]
51824. inverse(double_divide(inverse(X4),double_divide(X13,inverse(double_divide(X9,X0))))) = inverse(double_divide(X16,double_divide(X13,inverse(double_divide(double_divide(inverse(X17),inverse(double_divide(inverse(double_divide(X17,inverse(double_divide(inverse(X4),double_divide(X10,double_divide(inverse(X0),X10)))))),double_divide(X18,double_divide(inverse(X9),X18))))),X16))))) [forward demodulation 51189,36192]
51853. double_divide(X7,double_divide(X8,X7)) = double_divide(double_divide(inverse(X9),X8),inverse(double_divide(inverse(inverse(X5)),double_divide(double_divide(inverse(X0),double_divide(X9,X5)),inverse(X0))))) [forward demodulation 51219,36683]
51862. double_divide(X9,inverse(double_divide(inverse(X11),double_divide(X18,double_divide(inverse(X7),X18))))) = inverse(double_divide(X7,double_divide(X8,double_divide(X11,double_divide(inverse(X8),X9))))) [forward demodulation 51229,36439]
51906. inverse(double_divide(X7,double_divide(X9,inverse(double_divide(inverse(X16),double_divide(X12,double_divide(X16,X10))))))) = inverse(double_divide(X7,double_divide(X8,inverse(inverse(double_divide(X12,double_divide(inverse(X8),inverse(double_divide(X9,X10))))))))) [forward demodulation 51278,49068]
51931. double_divide(inverse(inverse(X10)),inverse(double_divide(inverse(X7),double_divide(X13,double_divide(inverse(X9),X13))))) = inverse(double_divide(X9,double_divide(inverse(inverse(X10)),inverse(X7)))) [forward demodulation 51303,36600]
51941. double_divide(double_divide(inverse(X8),X9),inverse(X8)) = X9 [forward demodulation 51315,51255]
52028. inverse(double_divide(X7,inverse(X12))) = inverse(double_divide(X7,double_divide(double_divide(double_divide(inverse(inverse(X6)),inverse(X4)),inverse(X1)),double_divide(inverse(double_divide(inverse(X12),X1)),inverse(double_divide(double_divide(inverse(double_divide(X3,X4)),inverse(X6)),inverse(inverse(X3)))))))) [forward demodulation 51409,36603]
52037. inverse(double_divide(double_divide(X6,inverse(X4)),double_divide(X12,X1))) = double_divide(X12,double_divide(double_divide(X6,inverse(X4)),inverse(X1))) [forward demodulation 51418,46948]
52041. inverse(double_divide(inverse(double_divide(double_divide(X6,inverse(X4)),double_divide(X9,X1))),double_divide(X12,inverse(double_divide(X10,double_divide(X9,X10)))))) = double_divide(inverse(inverse(X12)),double_divide(double_divide(double_divide(inverse(double_divide(X3,X4)),inverse(X6)),X3),inverse(X1))) [forward demodulation 51422,36439]
52081. inverse(double_divide(double_divide(X1,inverse(double_divide(X6,inverse(X4)))),X10)) = inverse(double_divide(inverse(double_divide(inverse(X3),inverse(double_divide(inverse(double_divide(X3,X4)),double_divide(X5,double_divide(inverse(X6),X5)))))),double_divide(inverse(X10),X1))) [forward demodulation 51467,48178]
52122. double_divide(double_divide(inverse(X4),inverse(X8)),inverse(X2)) = inverse(double_divide(inverse(double_divide(X6,double_divide(X5,X6))),double_divide(X8,inverse(double_divide(X4,double_divide(X5,X2)))))) [forward demodulation 51511,48896]
52127. inverse(double_divide(double_divide(X0,double_divide(X1,inverse(X3))),inverse(X12))) = inverse(double_divide(inverse(inverse(X1)),double_divide(double_divide(inverse(X0),inverse(X12)),X3))) [forward demodulation 51516,51337]
52174. inverse(double_divide(inverse(X6),double_divide(X12,X4))) = double_divide(X12,inverse(double_divide(X4,X6))) [forward demodulation 51564,51337]
52183. inverse(double_divide(inverse(X4),double_divide(X14,inverse(double_divide(X9,X0))))) = inverse(double_divide(double_divide(inverse(double_divide(X9,double_divide(X10,inverse(double_divide(inverse(X4),double_divide(X11,double_divide(inverse(X0),X11))))))),double_divide(X12,double_divide(X10,X12))),inverse(X14))) [forward demodulation 51573,36472]
52218. inverse(double_divide(inverse(double_divide(inverse(X8),double_divide(X7,double_divide(X8,X9)))),double_divide(inverse(X4),inverse(X0)))) = double_divide(double_divide(X0,X4),inverse(double_divide(X7,inverse(X9)))) [forward demodulation 51611,51337]
52243. inverse(double_divide(double_divide(X1,inverse(X3)),double_divide(X6,inverse(X0)))) = inverse(double_divide(X3,double_divide(inverse(double_divide(X6,inverse(X0))),X1))) [forward demodulation 51636,36600]
52304. double_divide(X5,double_divide(X4,double_divide(X2,X4))) = inverse(double_divide(inverse(X2),inverse(X5))) [forward demodulation 51701,47400]
52307. inverse(double_divide(double_divide(X2,inverse(X4)),inverse(X1))) = inverse(double_divide(double_divide(double_divide(X11,X4),inverse(inverse(X11))),double_divide(X1,X2))) [forward demodulation 51704,36439]
52308. double_divide(X1,inverse(double_divide(X2,inverse(X4)))) = inverse(double_divide(X4,double_divide(X1,X2))) [forward demodulation 51705,51337]
52363. inverse(double_divide(X0,double_divide(X7,inverse(double_divide(X1,double_divide(inverse(X0),X2)))))) = double_divide(X7,inverse(double_divide(X1,inverse(X2)))) [forward demodulation 51762,51337]
52423. inverse(double_divide(inverse(X4),double_divide(X13,inverse(double_divide(X9,X0))))) = inverse(double_divide(inverse(double_divide(inverse(X17),inverse(double_divide(inverse(double_divide(X17,inverse(double_divide(inverse(X4),double_divide(X10,double_divide(inverse(X0),X10)))))),double_divide(X18,double_divide(inverse(X9),X18)))))),inverse(X13))) [forward demodulation 51824,47400]
52452. double_divide(X7,double_divide(X8,X7)) = double_divide(double_divide(inverse(X9),X8),inverse(double_divide(X5,double_divide(double_divide(inverse(X0),double_divide(X9,X5)),inverse(X0))))) [forward demodulation 51853,36439]
52459. inverse(double_divide(X7,double_divide(X8,double_divide(X11,double_divide(inverse(X8),X9))))) = double_divide(X9,inverse(double_divide(inverse(X11),inverse(X7)))) [forward demodulation 51862,33753]
52497. inverse(double_divide(X7,double_divide(X9,inverse(double_divide(inverse(X16),double_divide(X12,double_divide(X16,X10))))))) = inverse(double_divide(X7,double_divide(X8,double_divide(X12,double_divide(inverse(X8),inverse(double_divide(X9,X10))))))) [forward demodulation 51906,36439]
52520. double_divide(X10,inverse(double_divide(inverse(X7),double_divide(X13,double_divide(inverse(X9),X13))))) = inverse(double_divide(X9,double_divide(X10,inverse(X7)))) [forward demodulation 51931,36439]
52600. inverse(double_divide(X7,inverse(X12))) = inverse(double_divide(X7,double_divide(double_divide(double_divide(inverse(inverse(X6)),inverse(X4)),inverse(X1)),double_divide(inverse(X12),double_divide(double_divide(double_divide(inverse(double_divide(X3,X4)),inverse(X6)),inverse(inverse(X3))),inverse(X1)))))) [forward demodulation 52028,47998]
52612. inverse(double_divide(inverse(double_divide(double_divide(X6,inverse(X4)),double_divide(X9,X1))),double_divide(X12,inverse(double_divide(X10,double_divide(X9,X10)))))) = double_divide(X12,double_divide(double_divide(double_divide(inverse(double_divide(X3,X4)),inverse(X6)),X3),inverse(X1))) [forward demodulation 52041,36439]
52647. inverse(double_divide(double_divide(X1,inverse(double_divide(X6,inverse(X4)))),X10)) = inverse(double_divide(inverse(X3),double_divide(inverse(double_divide(inverse(X10),X1)),double_divide(inverse(double_divide(X3,X4)),double_divide(X5,double_divide(inverse(X6),X5)))))) [forward demodulation 52081,36461]
52679. double_divide(double_divide(inverse(X4),inverse(X8)),inverse(X2)) = inverse(double_divide(inverse(X5),double_divide(X8,inverse(double_divide(X4,double_divide(X5,X2)))))) [forward demodulation 52122,48178]
52684. inverse(double_divide(double_divide(X0,double_divide(X1,inverse(X3))),inverse(X12))) = inverse(double_divide(X1,double_divide(double_divide(inverse(X0),inverse(X12)),X3))) [forward demodulation 52127,36439]
52738. inverse(double_divide(inverse(X4),double_divide(X14,inverse(double_divide(X9,X0))))) = inverse(double_divide(inverse(double_divide(X12,double_divide(X10,X12))),double_divide(X14,inverse(double_divide(X9,double_divide(X10,inverse(double_divide(inverse(X4),double_divide(X11,double_divide(inverse(X0),X11)))))))))) [forward demodulation 52183,48896]
52773. inverse(double_divide(inverse(double_divide(inverse(X8),double_divide(X7,double_divide(X8,X9)))),double_divide(inverse(X4),inverse(X0)))) = double_divide(double_divide(X0,X4),double_divide(X9,inverse(X7))) [forward demodulation 52218,51337]
52798. inverse(double_divide(double_divide(X1,inverse(X3)),double_divide(X6,inverse(X0)))) = inverse(double_divide(X3,double_divide(double_divide(X0,inverse(X6)),X1))) [forward demodulation 52243,51337]
52857. double_divide(X5,X2) = double_divide(X5,double_divide(X4,double_divide(X2,X4))) [forward demodulation 52304,50222]
52860. inverse(double_divide(double_divide(X2,inverse(X4)),inverse(X1))) = double_divide(X1,double_divide(double_divide(double_divide(X11,X4),inverse(inverse(X11))),inverse(X2))) [forward demodulation 52307,52037]
52861. double_divide(X1,double_divide(X4,inverse(X2))) = inverse(double_divide(X4,double_divide(X1,X2))) [forward demodulation 52308,51337]
52916. inverse(double_divide(X0,double_divide(X7,inverse(double_divide(X1,double_divide(inverse(X0),X2)))))) = double_divide(X7,double_divide(X2,inverse(X1))) [forward demodulation 52363,51337]
52975. inverse(double_divide(inverse(X4),double_divide(X13,inverse(double_divide(X9,X0))))) = inverse(double_divide(inverse(X17),double_divide(inverse(inverse(X13)),double_divide(inverse(double_divide(X17,inverse(double_divide(inverse(X4),double_divide(X10,double_divide(inverse(X0),X10)))))),double_divide(X18,double_divide(inverse(X9),X18)))))) [forward demodulation 52423,36461]
53003. double_divide(X7,double_divide(X8,X7)) = double_divide(double_divide(inverse(X9),X8),inverse(double_divide(X5,double_divide(X9,X5)))) [forward demodulation 52452,51941]
53009. inverse(double_divide(X7,double_divide(X9,inverse(X11)))) = inverse(double_divide(X7,double_divide(X8,double_divide(X11,double_divide(inverse(X8),X9))))) [forward demodulation 52459,36672]
53042. inverse(double_divide(X7,double_divide(X8,double_divide(X12,double_divide(inverse(X8),inverse(double_divide(X9,X10))))))) = inverse(double_divide(X7,double_divide(X9,double_divide(X12,inverse(double_divide(double_divide(X16,X10),X16)))))) [forward demodulation 52497,52174]
53064. inverse(double_divide(X9,double_divide(X10,inverse(X7)))) = double_divide(X10,double_divide(X13,inverse(double_divide(double_divide(inverse(X9),X13),X7)))) [forward demodulation 52520,52174]
53135. inverse(double_divide(X7,inverse(X12))) = inverse(double_divide(X7,double_divide(double_divide(double_divide(inverse(inverse(X6)),inverse(X4)),inverse(X1)),double_divide(inverse(X12),double_divide(double_divide(double_divide(inverse(double_divide(X3,X4)),inverse(X6)),X3),inverse(X1)))))) [forward demodulation 52600,36439]
53147. double_divide(X12,double_divide(double_divide(X6,inverse(X4)),inverse(X1))) = double_divide(X12,double_divide(double_divide(double_divide(inverse(double_divide(X3,X4)),inverse(X6)),X3),inverse(X1))) [forward demodulation 52612,46948]
53182. inverse(double_divide(double_divide(X1,inverse(double_divide(X6,inverse(X4)))),X10)) = inverse(double_divide(X4,double_divide(inverse(double_divide(inverse(X10),X1)),inverse(double_divide(X5,double_divide(inverse(X6),X5)))))) [forward demodulation 52647,50907]
53199. inverse(double_divide(X2,double_divide(X8,X4))) = double_divide(double_divide(inverse(X4),inverse(X8)),inverse(X2)) [forward demodulation 52679,50911]
53204. inverse(double_divide(X1,double_divide(double_divide(inverse(X0),inverse(X12)),X3))) = inverse(double_divide(X1,double_divide(X12,inverse(double_divide(X0,X3))))) [forward demodulation 52684,50859]
53257. inverse(double_divide(inverse(X4),double_divide(X14,inverse(double_divide(X9,X0))))) = inverse(double_divide(double_divide(inverse(X10),double_divide(X12,double_divide(X10,X12))),double_divide(X14,inverse(double_divide(X9,double_divide(inverse(X4),double_divide(X11,double_divide(inverse(X0),X11)))))))) [forward demodulation 52738,51797]
53291. double_divide(double_divide(X0,X4),double_divide(X9,inverse(X7))) = inverse(double_divide(X9,double_divide(inverse(X4),inverse(double_divide(inverse(X0),X7))))) [forward demodulation 52773,51738]
53314. inverse(double_divide(X3,double_divide(double_divide(X0,inverse(X6)),X1))) = double_divide(X6,double_divide(double_divide(X1,inverse(X3)),inverse(inverse(X0)))) [forward demodulation 52798,52037]
53374. inverse(double_divide(double_divide(X2,inverse(X4)),inverse(X1))) = double_divide(X1,double_divide(double_divide(double_divide(X11,X4),X11),inverse(X2))) [forward demodulation 52860,36439]
53429. double_divide(X7,double_divide(X2,inverse(X1))) = double_divide(X7,double_divide(X0,inverse(inverse(double_divide(X1,double_divide(inverse(X0),X2)))))) [forward demodulation 52916,52861]
53488. inverse(double_divide(inverse(X4),double_divide(X13,inverse(double_divide(X9,X0))))) = inverse(double_divide(inverse(double_divide(inverse(X4),double_divide(X10,double_divide(inverse(X0),X10)))),double_divide(inverse(inverse(X13)),inverse(double_divide(X18,double_divide(inverse(X9),X18)))))) [forward demodulation 52975,50907]
53516. double_divide(X7,double_divide(X8,X7)) = double_divide(double_divide(inverse(X9),X8),inverse(X9)) [forward demodulation 53003,48178]
53521. inverse(double_divide(X7,double_divide(X9,inverse(X11)))) = double_divide(X8,double_divide(X7,inverse(double_divide(X11,double_divide(inverse(X8),X9))))) [forward demodulation 53009,52861]
53550. inverse(double_divide(X7,double_divide(X8,double_divide(X12,double_divide(inverse(X8),inverse(double_divide(X9,X10))))))) = double_divide(X9,double_divide(X7,inverse(double_divide(X12,inverse(double_divide(double_divide(X16,X10),X16)))))) [forward demodulation 53042,52861]
53572. double_divide(X10,double_divide(X13,inverse(double_divide(double_divide(inverse(X9),X13),X7)))) = double_divide(X10,double_divide(X9,inverse(inverse(X7)))) [forward demodulation 53064,52861]
53638. inverse(double_divide(X7,inverse(X12))) = double_divide(double_divide(double_divide(inverse(inverse(X6)),inverse(X4)),inverse(X1)),double_divide(X7,inverse(double_divide(inverse(X12),double_divide(double_divide(double_divide(inverse(double_divide(X3,X4)),inverse(X6)),X3),inverse(X1)))))) [forward demodulation 53135,52861]
53682. inverse(double_divide(double_divide(X1,inverse(double_divide(X6,inverse(X4)))),X10)) = double_divide(inverse(double_divide(inverse(X10),X1)),double_divide(X4,inverse(inverse(double_divide(X5,double_divide(inverse(X6),X5)))))) [forward demodulation 53182,52861]
53699. double_divide(X8,double_divide(X2,inverse(X4))) = double_divide(double_divide(inverse(X4),inverse(X8)),inverse(X2)) [forward demodulation 53199,52861]
53703. inverse(double_divide(X1,double_divide(double_divide(inverse(X0),inverse(X12)),X3))) = double_divide(X12,double_divide(X1,inverse(inverse(double_divide(X0,X3))))) [forward demodulation 53204,52861]
53753. inverse(double_divide(inverse(X4),double_divide(X14,inverse(double_divide(X9,X0))))) = double_divide(X14,double_divide(double_divide(inverse(X10),double_divide(X12,double_divide(X10,X12))),inverse(inverse(double_divide(X9,double_divide(inverse(X4),double_divide(X11,double_divide(inverse(X0),X11)))))))) [forward demodulation 53257,52861]
53787. double_divide(double_divide(X0,X4),double_divide(X9,inverse(X7))) = double_divide(inverse(X4),double_divide(X9,inverse(inverse(double_divide(inverse(X0),X7))))) [forward demodulation 53291,52861]
53809. inverse(double_divide(X3,double_divide(double_divide(X0,inverse(X6)),X1))) = double_divide(X6,double_divide(double_divide(X1,inverse(X3)),X0)) [forward demodulation 53314,36439]
53869. double_divide(X1,inverse(double_divide(X2,inverse(X4)))) = double_divide(X1,double_divide(double_divide(double_divide(X11,X4),X11),inverse(X2))) [forward demodulation 53374,51337]
53924. double_divide(X7,double_divide(X2,inverse(X1))) = double_divide(X7,double_divide(X0,double_divide(X1,double_divide(inverse(X0),X2)))) [forward demodulation 53429,36439]
53981. inverse(double_divide(inverse(X4),double_divide(X13,inverse(double_divide(X9,X0))))) = double_divide(inverse(inverse(X13)),inverse(double_divide(inverse(double_divide(X18,double_divide(inverse(X9),X18))),double_divide(inverse(X4),double_divide(X10,double_divide(inverse(X0),X10)))))) [forward demodulation 53488,52174]
54007. double_divide(X7,double_divide(X8,X7)) = X8 [forward demodulation 53516,51941]
54009. inverse(double_divide(X7,double_divide(X9,inverse(X11)))) = double_divide(X8,double_divide(X7,double_divide(inverse(X8),double_divide(X11,inverse(X9))))) [forward demodulation 53521,52861]
54037. inverse(double_divide(X7,double_divide(X8,double_divide(X12,double_divide(inverse(X8),inverse(double_divide(X9,X10))))))) = double_divide(X9,double_divide(X7,double_divide(double_divide(double_divide(X16,X10),X16),inverse(X12)))) [forward demodulation 53550,51337]
54057. double_divide(X10,double_divide(X13,inverse(double_divide(double_divide(inverse(X9),X13),X7)))) = double_divide(X10,double_divide(X9,X7)) [forward demodulation 53572,36439]
54122. inverse(double_divide(X7,inverse(X12))) = double_divide(double_divide(double_divide(inverse(inverse(X6)),inverse(X4)),inverse(X1)),double_divide(X7,double_divide(double_divide(double_divide(inverse(double_divide(X3,X4)),inverse(X6)),X3),inverse(double_divide(inverse(X1),X12))))) [forward demodulation 53638,52174]
54162. inverse(double_divide(double_divide(X1,inverse(double_divide(X6,inverse(X4)))),X10)) = double_divide(inverse(double_divide(inverse(X10),X1)),double_divide(X4,double_divide(X5,double_divide(inverse(X6),X5)))) [forward demodulation 53682,36439]
54180. inverse(double_divide(X1,double_divide(double_divide(inverse(X0),inverse(X12)),X3))) = double_divide(X12,double_divide(X1,double_divide(X0,X3))) [forward demodulation 53703,36439]
54227. inverse(double_divide(inverse(X4),double_divide(X14,inverse(double_divide(X9,X0))))) = double_divide(X14,double_divide(double_divide(inverse(X10),double_divide(X12,double_divide(X10,X12))),double_divide(X9,double_divide(inverse(X4),double_divide(X11,double_divide(inverse(X0),X11)))))) [forward demodulation 53753,36439]
54261. double_divide(double_divide(X0,X4),double_divide(X9,inverse(X7))) = double_divide(inverse(X4),double_divide(X9,double_divide(inverse(X0),X7))) [forward demodulation 53787,36439]
54282. double_divide(X6,double_divide(double_divide(X1,inverse(X3)),X0)) = double_divide(double_divide(X0,inverse(X6)),double_divide(X3,inverse(X1))) [forward demodulation 53809,52861]
54341. double_divide(X1,double_divide(X4,inverse(X2))) = double_divide(X1,double_divide(double_divide(double_divide(X11,X4),X11),inverse(X2))) [forward demodulation 53869,51337]
54449. inverse(double_divide(inverse(X4),double_divide(X13,inverse(double_divide(X9,X0))))) = double_divide(inverse(inverse(X13)),double_divide(inverse(X4),inverse(double_divide(double_divide(X10,double_divide(inverse(X0),X10)),double_divide(X18,double_divide(inverse(X9),X18)))))) [forward demodulation 53981,52174]
54475. double_divide(X8,double_divide(X7,double_divide(inverse(X8),double_divide(X11,inverse(X9))))) = double_divide(X9,double_divide(X7,inverse(inverse(X11)))) [forward demodulation 54009,52861]
54502. double_divide(X9,double_divide(X7,double_divide(double_divide(double_divide(X16,X10),X16),inverse(X12)))) = double_divide(X8,double_divide(X7,inverse(double_divide(X12,double_divide(inverse(X8),inverse(double_divide(X9,X10))))))) [forward demodulation 54037,52861]
54577. inverse(double_divide(X7,inverse(X12))) = double_divide(double_divide(double_divide(inverse(inverse(X6)),inverse(X4)),inverse(X1)),double_divide(X7,double_divide(double_divide(X6,inverse(X4)),inverse(double_divide(inverse(X1),X12))))) [forward demodulation 54122,53147]
54614. inverse(double_divide(double_divide(X1,inverse(double_divide(X6,inverse(X4)))),X10)) = double_divide(inverse(double_divide(inverse(X10),X1)),double_divide(X4,inverse(X6))) [forward demodulation 54162,52857]
54630. double_divide(X12,double_divide(X1,double_divide(X0,X3))) = double_divide(double_divide(inverse(X0),inverse(X12)),double_divide(X1,inverse(X3))) [forward demodulation 54180,52861]
54673. inverse(double_divide(inverse(X4),double_divide(X14,inverse(double_divide(X9,X0))))) = double_divide(X14,double_divide(double_divide(inverse(X10),double_divide(X12,double_divide(X10,X12))),double_divide(X9,inverse(double_divide(inverse(inverse(X0)),X4))))) [forward demodulation 54227,50365]
54880. inverse(double_divide(inverse(X4),double_divide(X13,inverse(double_divide(X9,X0))))) = double_divide(inverse(inverse(X13)),double_divide(inverse(X4),inverse(double_divide(double_divide(X10,double_divide(inverse(X0),X10)),inverse(X9))))) [forward demodulation 54449,33753]
54903. double_divide(X8,double_divide(X7,double_divide(inverse(X8),double_divide(X11,inverse(X9))))) = double_divide(X9,double_divide(X7,X11)) [forward demodulation 54475,36439]
54930. double_divide(X9,double_divide(X7,double_divide(double_divide(double_divide(X16,X10),X16),inverse(X12)))) = double_divide(X8,double_divide(X7,double_divide(inverse(X8),double_divide(X12,inverse(inverse(double_divide(X9,X10))))))) [forward demodulation 54502,52861]
55003. inverse(double_divide(X7,inverse(X12))) = double_divide(double_divide(X4,double_divide(X1,inverse(inverse(X6)))),double_divide(X7,double_divide(double_divide(X6,inverse(X4)),inverse(double_divide(inverse(X1),X12))))) [forward demodulation 54577,53699]
55037. inverse(double_divide(double_divide(X1,double_divide(X4,inverse(X6))),X10)) = double_divide(inverse(double_divide(inverse(X10),X1)),double_divide(X4,inverse(X6))) [forward demodulation 54614,51337]
55051. double_divide(X12,double_divide(X1,double_divide(X0,X3))) = double_divide(X12,double_divide(double_divide(X3,inverse(X1)),inverse(X0))) [forward demodulation 54630,54282]
55094. inverse(double_divide(inverse(X4),double_divide(X14,inverse(double_divide(X9,X0))))) = double_divide(X14,double_divide(double_divide(inverse(X10),double_divide(X12,double_divide(X10,X12))),double_divide(X9,inverse(double_divide(X0,X4))))) [forward demodulation 54673,36439]
55276. inverse(double_divide(inverse(X4),double_divide(X13,inverse(double_divide(X9,X0))))) = double_divide(inverse(inverse(X13)),double_divide(inverse(X4),double_divide(X9,inverse(double_divide(X10,double_divide(inverse(X0),X10)))))) [forward demodulation 54880,51337]
55319. double_divide(X9,double_divide(X7,double_divide(double_divide(double_divide(X16,X10),X16),inverse(X12)))) = double_divide(inverse(double_divide(X9,X10)),double_divide(X7,X12)) [forward demodulation 54930,54903]
55390. inverse(double_divide(X7,inverse(X12))) = double_divide(double_divide(X4,double_divide(X1,X6)),double_divide(X7,double_divide(double_divide(X6,inverse(X4)),inverse(double_divide(inverse(X1),X12))))) [forward demodulation 55003,36439]
55468. inverse(double_divide(inverse(X4),double_divide(X14,inverse(double_divide(X9,X0))))) = double_divide(X14,double_divide(inverse(double_divide(inverse(X10),X10)),double_divide(X9,inverse(double_divide(X0,X4))))) [forward demodulation 55094,50365]
55629. inverse(double_divide(inverse(X4),double_divide(X13,inverse(double_divide(X9,X0))))) = double_divide(inverse(inverse(X13)),double_divide(inverse(X4),double_divide(X9,inverse(inverse(X0))))) [forward demodulation 55276,48178]
55669. double_divide(inverse(double_divide(X9,X10)),double_divide(X7,X12)) = double_divide(X9,double_divide(X7,double_divide(X10,inverse(X12)))) [forward demodulation 55319,54341]
55737. inverse(double_divide(X7,inverse(X12))) = double_divide(double_divide(X4,double_divide(X1,X6)),double_divide(X7,double_divide(X4,double_divide(double_divide(inverse(X1),X12),X6)))) [forward demodulation 55390,55051]
55803. inverse(double_divide(inverse(X4),double_divide(X14,inverse(double_divide(X9,X0))))) = double_divide(X14,inverse(double_divide(double_divide(X10,double_divide(X9,inverse(double_divide(X0,X4)))),X10))) [forward demodulation 55468,55037]
55950. inverse(double_divide(inverse(X4),double_divide(X13,inverse(double_divide(X9,X0))))) = double_divide(inverse(inverse(X13)),double_divide(inverse(X4),double_divide(X9,X0))) [forward demodulation 55629,36439]
56042. inverse(double_divide(X7,inverse(X12))) = inverse(double_divide(X7,double_divide(inverse(double_divide(X1,X6)),double_divide(double_divide(inverse(X1),X12),X6)))) [forward demodulation 55737,36627]
56097. inverse(double_divide(inverse(X4),double_divide(X14,inverse(double_divide(X9,X0))))) = double_divide(X14,inverse(double_divide(X9,inverse(double_divide(X0,X4))))) [forward demodulation 55803,36398]
56235. inverse(double_divide(inverse(X4),double_divide(X13,inverse(double_divide(X9,X0))))) = double_divide(X13,double_divide(inverse(X4),double_divide(X9,X0))) [forward demodulation 55950,36439]
56319. inverse(double_divide(X7,inverse(X12))) = double_divide(inverse(double_divide(X1,X6)),double_divide(X7,inverse(double_divide(double_divide(inverse(X1),X12),X6)))) [forward demodulation 56042,52861]
56368. inverse(double_divide(inverse(X4),double_divide(X14,inverse(double_divide(X9,X0))))) = double_divide(X14,double_divide(double_divide(X0,X4),inverse(X9))) [forward demodulation 56097,51337]
56491. double_divide(X13,double_divide(inverse(X4),double_divide(X9,X0))) = double_divide(X13,inverse(double_divide(inverse(double_divide(X9,X0)),X4))) [forward demodulation 56235,52174]
56570. inverse(double_divide(X7,inverse(X12))) = double_divide(X1,double_divide(X7,double_divide(X6,inverse(inverse(double_divide(double_divide(inverse(X1),X12),X6)))))) [forward demodulation 56319,55669]
56612. double_divide(X14,double_divide(double_divide(X0,X4),inverse(X9))) = double_divide(X14,inverse(double_divide(inverse(double_divide(X9,X0)),X4))) [forward demodulation 56368,52174]
56793. inverse(double_divide(X7,inverse(X12))) = double_divide(X1,double_divide(X7,double_divide(X6,double_divide(double_divide(inverse(X1),X12),X6)))) [forward demodulation 56570,36439]
56830. double_divide(X14,double_divide(double_divide(X0,X4),inverse(X9))) = double_divide(X14,double_divide(inverse(X4),double_divide(X9,X0))) [forward demodulation 56612,56491]
56999. inverse(double_divide(X7,inverse(X12))) = double_divide(X1,double_divide(X7,double_divide(inverse(X1),X12))) [forward demodulation 56793,52857]
57185. double_divide(X12,inverse(X7)) = double_divide(X1,double_divide(X7,double_divide(inverse(X1),X12))) [forward demodulation 56999,51337]
58546. inverse(double_divide(inverse(double_divide(X1,double_divide(X2,inverse(double_divide(inverse(double_divide(inverse(X0),double_divide(X3,X4))),double_divide(X5,double_divide(X3,X5))))))),double_divide(X6,double_divide(X2,X6)))) = double_divide(inverse(X0),inverse(double_divide(inverse(X4),double_divide(X7,double_divide(inverse(X1),X7))))) [superposition 12,36439]
58548. inverse(double_divide(inverse(double_divide(X1,double_divide(X2,inverse(double_divide(inverse(double_divide(inverse(X0),X3)),double_divide(X4,double_divide(inverse(X5),X4))))))),double_divide(X6,double_divide(X2,X6)))) = double_divide(inverse(X0),inverse(double_divide(inverse(inverse(double_divide(inverse(double_divide(X5,double_divide(X7,X3))),double_divide(X8,double_divide(X7,X8))))),double_divide(X9,double_divide(inverse(X1),X9))))) [superposition 13,36439]
58569. inverse(double_divide(inverse(double_divide(X1,X2)),double_divide(X3,double_divide(X0,X3)))) = double_divide(inverse(X4),inverse(double_divide(inverse(double_divide(X4,inverse(double_divide(inverse(double_divide(inverse(X0),double_divide(X5,X2))),double_divide(X6,double_divide(X5,X6)))))),double_divide(inverse(double_divide(inverse(double_divide(X1,double_divide(X7,X8))),double_divide(X9,double_divide(X7,X9)))),X8)))) [superposition 32,36439]
58621. inverse(X0) = double_divide(X0,double_divide(X1,inverse(double_divide(X2,double_divide(X1,X2))))) [superposition 3523,36439]
58647. inverse(X0) = double_divide(X0,double_divide(X1,inverse(X1))) [forward demodulation 58621,48178]
58694. inverse(double_divide(inverse(double_divide(X1,X2)),double_divide(X3,double_divide(X0,X3)))) = inverse(double_divide(X1,double_divide(inverse(double_divide(inverse(X0),double_divide(X5,X2))),double_divide(X6,double_divide(X5,X6))))) [forward demodulation 58569,31403]
58714. inverse(double_divide(inverse(double_divide(X1,double_divide(X2,inverse(double_divide(inverse(double_divide(inverse(X0),X3)),double_divide(X4,double_divide(inverse(X5),X4))))))),double_divide(X6,double_divide(X2,X6)))) = double_divide(inverse(X0),double_divide(X9,inverse(double_divide(double_divide(inverse(X1),X9),inverse(double_divide(inverse(double_divide(X5,double_divide(X7,X3))),double_divide(X8,double_divide(X7,X8)))))))) [forward demodulation 58548,52174]
58716. inverse(double_divide(inverse(double_divide(X1,double_divide(X2,inverse(double_divide(inverse(double_divide(inverse(X0),double_divide(X3,X4))),double_divide(X5,double_divide(X3,X5))))))),double_divide(X6,double_divide(X2,X6)))) = double_divide(inverse(X0),double_divide(X7,inverse(double_divide(double_divide(inverse(X1),X7),X4)))) [forward demodulation 58546,52174]
58839. inverse(double_divide(inverse(double_divide(X1,X2)),double_divide(X3,double_divide(X0,X3)))) = double_divide(inverse(double_divide(inverse(X0),double_divide(X5,X2))),double_divide(X1,inverse(double_divide(X6,double_divide(X5,X6))))) [forward demodulation 58694,52861]
58859. inverse(double_divide(inverse(double_divide(X1,double_divide(X2,inverse(double_divide(inverse(double_divide(inverse(X0),X3)),double_divide(X4,double_divide(inverse(X5),X4))))))),double_divide(X6,double_divide(X2,X6)))) = double_divide(inverse(X0),double_divide(X1,inverse(double_divide(inverse(double_divide(X5,double_divide(X7,X3))),double_divide(X8,double_divide(X7,X8)))))) [forward demodulation 58714,54057]
58861. inverse(double_divide(inverse(double_divide(X1,double_divide(X2,inverse(double_divide(inverse(double_divide(inverse(X0),double_divide(X3,X4))),double_divide(X5,double_divide(X3,X5))))))),double_divide(X6,double_divide(X2,X6)))) = double_divide(inverse(X0),double_divide(X1,X4)) [forward demodulation 58716,54057]
58975. inverse(double_divide(inverse(double_divide(X1,X2)),double_divide(X3,double_divide(X0,X3)))) = inverse(double_divide(double_divide(double_divide(X5,X2),double_divide(X1,inverse(double_divide(X6,double_divide(X5,X6))))),X0)) [forward demodulation 58839,55037]
58995. inverse(double_divide(inverse(double_divide(X1,double_divide(X2,inverse(double_divide(inverse(double_divide(inverse(X0),X3)),double_divide(X4,double_divide(inverse(X5),X4))))))),double_divide(X6,double_divide(X2,X6)))) = double_divide(inverse(X0),double_divide(X1,double_divide(inverse(double_divide(X8,double_divide(X7,X8))),double_divide(X5,double_divide(X7,X3))))) [forward demodulation 58859,56491]
58997. double_divide(inverse(X0),double_divide(X1,X4)) = inverse(double_divide(X1,double_divide(inverse(double_divide(inverse(X0),double_divide(X3,X4))),double_divide(X5,double_divide(X3,X5))))) [forward demodulation 58861,31422]
59105. inverse(double_divide(inverse(double_divide(X1,X2)),double_divide(X3,double_divide(X0,X3)))) = inverse(double_divide(double_divide(double_divide(X5,X2),double_divide(X1,inverse(X5))),X0)) [forward demodulation 58975,48178]
59125. inverse(double_divide(inverse(double_divide(X1,double_divide(X2,inverse(double_divide(inverse(double_divide(inverse(X0),X3)),double_divide(X4,double_divide(inverse(X5),X4))))))),double_divide(X6,double_divide(X2,X6)))) = double_divide(double_divide(double_divide(X8,double_divide(X7,X8)),X0),double_divide(X1,inverse(double_divide(X5,double_divide(X7,X3))))) [forward demodulation 58995,54261]
59127. double_divide(inverse(X0),double_divide(X1,X4)) = double_divide(inverse(double_divide(inverse(X0),double_divide(X3,X4))),double_divide(X1,inverse(double_divide(X5,double_divide(X3,X5))))) [forward demodulation 58997,52861]
59229. inverse(double_divide(double_divide(double_divide(X5,X2),double_divide(X1,inverse(X5))),X0)) = double_divide(X3,inverse(double_divide(double_divide(X0,X3),double_divide(X1,X2)))) [forward demodulation 59105,52174]
59248. inverse(double_divide(inverse(double_divide(X1,double_divide(X2,inverse(double_divide(inverse(double_divide(inverse(X0),X3)),double_divide(X4,double_divide(inverse(X5),X4))))))),double_divide(X6,double_divide(X2,X6)))) = double_divide(double_divide(double_divide(X8,double_divide(X7,X8)),X0),double_divide(X1,double_divide(X7,double_divide(X5,inverse(X3))))) [forward demodulation 59125,52861]
59250. double_divide(inverse(X0),double_divide(X1,X4)) = inverse(double_divide(double_divide(double_divide(X3,X4),double_divide(X1,inverse(double_divide(X5,double_divide(X3,X5))))),X0)) [forward demodulation 59127,55037]
59346. inverse(double_divide(double_divide(double_divide(X5,X2),double_divide(X1,inverse(X5))),X0)) = double_divide(X3,double_divide(X1,double_divide(double_divide(X0,X3),inverse(X2)))) [forward demodulation 59229,52861]
59364. inverse(double_divide(inverse(double_divide(X1,double_divide(X2,inverse(double_divide(inverse(double_divide(inverse(X0),X3)),double_divide(X4,double_divide(inverse(X5),X4))))))),double_divide(X6,double_divide(X2,X6)))) = double_divide(double_divide(X7,X0),double_divide(X1,double_divide(X7,double_divide(X5,inverse(X3))))) [forward demodulation 59248,54007]
59366. double_divide(inverse(X0),double_divide(X1,X4)) = inverse(double_divide(double_divide(double_divide(X3,X4),double_divide(X1,inverse(X3))),X0)) [forward demodulation 59250,48178]
59459. inverse(double_divide(double_divide(double_divide(X5,X2),double_divide(X1,inverse(X5))),X0)) = double_divide(X3,double_divide(X1,double_divide(inverse(X3),double_divide(X2,X0)))) [forward demodulation 59346,56830]
59477. inverse(double_divide(inverse(double_divide(X1,double_divide(X2,inverse(double_divide(inverse(double_divide(inverse(X0),X3)),double_divide(X4,double_divide(inverse(X5),X4))))))),double_divide(X6,double_divide(X2,X6)))) = inverse(double_divide(X1,double_divide(inverse(X0),double_divide(X5,inverse(X3))))) [forward demodulation 59364,36627]
59570. inverse(double_divide(double_divide(double_divide(X5,X2),double_divide(X1,inverse(X5))),X0)) = double_divide(double_divide(X2,X0),inverse(X1)) [forward demodulation 59459,57185]
59588. inverse(double_divide(inverse(double_divide(X1,double_divide(X2,inverse(double_divide(inverse(double_divide(inverse(X0),X3)),double_divide(X4,double_divide(inverse(X5),X4))))))),double_divide(X6,double_divide(X2,X6)))) = double_divide(inverse(X0),double_divide(X1,inverse(double_divide(X5,inverse(X3))))) [forward demodulation 59477,52861]
59679. double_divide(inverse(X0),double_divide(X1,X2)) = double_divide(double_divide(X2,X0),inverse(X1)) [forward demodulation 59570,59366]
59697. inverse(double_divide(inverse(double_divide(X1,double_divide(X2,inverse(double_divide(inverse(double_divide(inverse(X0),X3)),double_divide(X4,double_divide(inverse(X5),X4))))))),double_divide(X6,double_divide(X2,X6)))) = double_divide(inverse(X0),double_divide(X1,double_divide(X3,inverse(X5)))) [forward demodulation 59588,51337]
59801. double_divide(inverse(X0),double_divide(X1,double_divide(X3,inverse(X5)))) = inverse(double_divide(X1,double_divide(inverse(double_divide(inverse(X0),X3)),double_divide(X4,double_divide(inverse(X5),X4))))) [forward demodulation 59697,31422]
59900. double_divide(inverse(X0),double_divide(X1,double_divide(X3,inverse(X5)))) = inverse(double_divide(inverse(double_divide(X1,X5)),inverse(inverse(double_divide(inverse(X0),X3))))) [forward demodulation 59801,36149]
59994. double_divide(inverse(X0),double_divide(X1,double_divide(X3,inverse(X5)))) = inverse(double_divide(X1,double_divide(inverse(double_divide(inverse(X0),X3)),inverse(X5)))) [forward demodulation 59900,36192]
60080. double_divide(inverse(X0),double_divide(X1,double_divide(X3,inverse(X5)))) = double_divide(inverse(double_divide(inverse(X0),X3)),double_divide(X1,inverse(inverse(X5)))) [forward demodulation 59994,52861]
60163. double_divide(inverse(X0),double_divide(X1,double_divide(X3,inverse(X5)))) = inverse(double_divide(double_divide(X3,double_divide(X1,inverse(inverse(X5)))),X0)) [forward demodulation 60080,55037]
60241. double_divide(inverse(X0),double_divide(X1,double_divide(X3,inverse(X5)))) = inverse(double_divide(double_divide(X3,double_divide(X1,X5)),X0)) [forward demodulation 60163,36439]
106510. double_divide(inverse(X1),inverse(double_divide(inverse(double_divide(X1,double_divide(X0,X2))),double_divide(X3,double_divide(inverse(X4),X3))))) = double_divide(inverse(X2),inverse(double_divide(inverse(X0),double_divide(X5,double_divide(inverse(X4),X5))))) [superposition 10,54007]
106660. inverse(double_divide(X0,X1)) = double_divide(inverse(X1),inverse(X0)) [superposition 29371,54007]
107026. double_divide(inverse(X1),inverse(double_divide(inverse(double_divide(X1,double_divide(X0,X2))),double_divide(X3,double_divide(inverse(X4),X3))))) = inverse(double_divide(double_divide(inverse(X0),double_divide(X5,double_divide(inverse(X4),X5))),X2)) [forward demodulation 106510,106660]
107544. double_divide(inverse(X1),inverse(double_divide(inverse(double_divide(X1,double_divide(X0,X2))),double_divide(X3,double_divide(inverse(X4),X3))))) = inverse(double_divide(double_divide(double_divide(X4,X0),double_divide(X5,inverse(X5))),X2)) [forward demodulation 107026,54261]
108009. inverse(double_divide(inverse(double_divide(X4,X0)),X2)) = double_divide(inverse(X1),inverse(double_divide(inverse(double_divide(X1,double_divide(X0,X2))),double_divide(X3,double_divide(inverse(X4),X3))))) [forward demodulation 107544,58647]
108455. inverse(double_divide(inverse(double_divide(X4,X0)),X2)) = inverse(double_divide(inverse(double_divide(X3,double_divide(inverse(X4),X3))),inverse(double_divide(X0,X2)))) [forward demodulation 108009,45078]
108875. inverse(double_divide(inverse(double_divide(X4,X0)),X2)) = inverse(double_divide(X3,double_divide(double_divide(X0,X2),inverse(double_divide(inverse(X4),X3))))) [forward demodulation 108455,36192]
109270. inverse(double_divide(inverse(double_divide(X4,X0)),X2)) = inverse(double_divide(inverse(inverse(X4)),inverse(double_divide(X0,X2)))) [forward demodulation 108875,47400]
109642. inverse(double_divide(inverse(double_divide(X4,X0)),X2)) = double_divide(double_divide(X0,X2),inverse(X4)) [forward demodulation 109270,50222]
110006. inverse(double_divide(inverse(double_divide(X4,X0)),X2)) = double_divide(inverse(X2),double_divide(X4,X0)) [forward demodulation 109642,59679]
156059. double_divide(inverse(X3),X0) = inverse(double_divide(inverse(double_divide(X1,double_divide(X2,double_divide(inverse(X1),X2)))),double_divide(inverse(X3),X0))) [superposition 293,51941]
156118. double_divide(inverse(X3),X0) = double_divide(inverse(double_divide(inverse(X3),X0)),double_divide(X1,double_divide(X2,double_divide(inverse(X1),X2)))) [forward demodulation 156059,110006]
156178. double_divide(inverse(X3),X0) = double_divide(inverse(X3),double_divide(X1,double_divide(X0,inverse(double_divide(X2,double_divide(inverse(X1),X2)))))) [forward demodulation 156118,55669]
156214. double_divide(inverse(X3),X0) = inverse(double_divide(double_divide(X0,double_divide(X1,double_divide(X2,double_divide(inverse(X1),X2)))),X3)) [forward demodulation 156178,60241]
156243. double_divide(inverse(X3),X0) = inverse(double_divide(double_divide(X0,double_divide(X2,inverse(X2))),X3)) [forward demodulation 156214,53924]
156263. double_divide(inverse(X3),X0) = inverse(double_divide(inverse(X0),X3)) [forward demodulation 156243,58647]
188501. inverse(double_divide(c3,inverse(double_divide(b3,a3)))) != double_divide(inverse(a3),double_divide(c3,b3)) [superposition 2,156263]
188745. double_divide(inverse(a3),double_divide(c3,b3)) != double_divide(double_divide(b3,a3),inverse(c3)) [forward demodulation 188501,51337]
188915. $false [forward subsumption resolution 188745,59679]
% SZS output end Proof for GRP501-1_clausified
% ------------------------------
% Version: Vampire 5.0.0 (Release build, commit 2e2c9b7b8 on 2026-01-17 12:24:14 +0100)
% Linked with Z3 4.14.0.0 3c47fd96cf5645d0c42b2c819d9e9a84380aa721 z3-4.8.4-9178-g3c47fd96c
% CaDiCaL version: 2.1.3
% Termination reason: Refutation
% Time elapsed: 3.392 s
% Peak memory usage: 125 MB
% Instructions burned: 12499 (million)
% ------------------------------
% ------------------------------
