% Running in auto input_syntax mode. Trying TPTP
% Refutation found. Thanks to Tanya!
% SZS status Unsatisfiable for GRP587-1_clausified
% SZS output start Proof for GRP587-1_clausified
1. double_divide(X0,inverse(double_divide(inverse(double_divide(double_divide(X0,X1),inverse(X2))),X1))) = X2 [input(axiom)]
2. inverse(double_divide(c3,inverse(double_divide(b3,a3)))) != inverse(double_divide(inverse(double_divide(c3,b3)),a3)) [input(negated conjecture)]
3. double_divide(X1,inverse(double_divide(inverse(double_divide(X0,inverse(X3))),inverse(double_divide(inverse(double_divide(double_divide(X1,X2),inverse(X0))),X2))))) = X3 [superposition 1,1]
4. double_divide(inverse(double_divide(double_divide(double_divide(X1,X2),X3),inverse(X0))),X3) = double_divide(X1,inverse(double_divide(inverse(X0),X2))) [superposition 1,1]
5. double_divide(X1,inverse(double_divide(inverse(X4),inverse(double_divide(inverse(double_divide(double_divide(X1,X2),inverse(X0))),X2))))) = double_divide(inverse(double_divide(double_divide(X0,X3),inverse(X4))),X3) [superposition 4,1]
6. double_divide(inverse(double_divide(double_divide(double_divide(X0,X2),X3),inverse(X1))),inverse(double_divide(inverse(X5),X3))) = double_divide(inverse(double_divide(double_divide(double_divide(X0,inverse(double_divide(inverse(X1),X2))),X4),inverse(X5))),X4) [superposition 4,4]
7. double_divide(X1,inverse(double_divide(inverse(X4),X2))) = double_divide(inverse(double_divide(X0,inverse(X4))),inverse(double_divide(inverse(double_divide(double_divide(double_divide(X1,X2),X3),inverse(X0))),X3))) [superposition 4,1]
9. double_divide(double_divide(X0,X2),inverse(double_divide(X0,inverse(double_divide(inverse(X1),X2))))) = X1 [superposition 1,4]
10. double_divide(inverse(double_divide(double_divide(double_divide(X0,X2),X3),inverse(X1))),inverse(double_divide(inverse(double_divide(double_divide(X0,inverse(double_divide(inverse(X1),X2))),inverse(X4))),X3))) = X4 [superposition 1,4]
12. double_divide(X1,inverse(double_divide(inverse(X4),X2))) = double_divide(inverse(double_divide(X0,inverse(X4))),inverse(double_divide(X1,inverse(double_divide(inverse(X0),X2))))) [forward demodulation 7,4]
13. double_divide(inverse(double_divide(double_divide(double_divide(X0,X2),X3),inverse(X1))),inverse(double_divide(inverse(X5),X3))) = double_divide(X0,inverse(double_divide(inverse(X5),inverse(double_divide(inverse(X1),X2))))) [forward demodulation 6,4]
15. double_divide(inverse(double_divide(X3,inverse(X0))),inverse(double_divide(inverse(double_divide(double_divide(X2,X4),inverse(X3))),X4))) = double_divide(X1,inverse(double_divide(inverse(X0),inverse(double_divide(inverse(double_divide(double_divide(X1,X5),inverse(X2))),X5))))) [superposition 3,3]
23. double_divide(inverse(double_divide(X0,inverse(X1))),inverse(X0)) = X1 [superposition 3,1]
24. double_divide(X1,inverse(double_divide(inverse(X5),inverse(double_divide(inverse(double_divide(X2,inverse(X0))),inverse(double_divide(inverse(double_divide(double_divide(X1,X3),inverse(X2))),X3))))))) = double_divide(inverse(double_divide(double_divide(X0,X4),inverse(X5))),X4) [superposition 4,3]
25. double_divide(X1,inverse(double_divide(inverse(double_divide(X0,inverse(X4))),inverse(double_divide(inverse(double_divide(X2,inverse(X0))),inverse(double_divide(inverse(double_divide(double_divide(X1,X3),inverse(X2))),X3))))))) = X4 [superposition 1,3]
38. double_divide(inverse(double_divide(double_divide(X1,X2),inverse(X0))),X2) = double_divide(inverse(X0),inverse(X1)) [superposition 23,1]
39. double_divide(inverse(double_divide(X2,inverse(X0))),inverse(double_divide(inverse(double_divide(double_divide(X1,X3),inverse(X2))),X3))) = double_divide(inverse(X0),inverse(X1)) [superposition 23,3]
40. double_divide(inverse(X0),inverse(inverse(double_divide(X1,inverse(X0))))) = X1 [superposition 23,23]
51. double_divide(double_divide(double_divide(X0,X2),X4),inverse(X1)) = double_divide(double_divide(X3,X4),inverse(double_divide(X3,inverse(double_divide(X0,inverse(double_divide(inverse(X1),X2))))))) [superposition 9,4]
52. double_divide(X2,inverse(X0)) = double_divide(double_divide(X1,inverse(X2)),inverse(double_divide(X1,inverse(X0)))) [superposition 9,23]
56. double_divide(double_divide(inverse(double_divide(double_divide(inverse(X1),X2),inverse(X0))),X2),inverse(X0)) = X1 [superposition 9,23]
64. double_divide(X1,inverse(double_divide(inverse(X0),X2))) = double_divide(inverse(X0),inverse(double_divide(X1,X2))) [superposition 23,9]
73. double_divide(double_divide(inverse(X0),inverse(inverse(X1))),inverse(X0)) = X1 [forward demodulation 56,38]
85. inverse(double_divide(double_divide(double_divide(X0,X2),inverse(X3)),inverse(X1))) = double_divide(inverse(X3),inverse(inverse(double_divide(X0,inverse(double_divide(inverse(X1),X2)))))) [superposition 40,4]
87. double_divide(X1,X2) = double_divide(inverse(double_divide(X1,inverse(double_divide(inverse(X0),X2)))),inverse(inverse(X0))) [superposition 40,9]
89. inverse(double_divide(X0,inverse(X1))) = double_divide(inverse(X0),inverse(inverse(X1))) [superposition 23,40]
90. inverse(double_divide(X0,inverse(X2))) = double_divide(X1,inverse(double_divide(inverse(X0),inverse(double_divide(inverse(double_divide(double_divide(X1,X3),inverse(inverse(X2)))),X3))))) [superposition 3,40]
96. inverse(double_divide(X0,inverse(X2))) = double_divide(X1,inverse(double_divide(inverse(X0),inverse(double_divide(inverse(inverse(X2)),inverse(X1)))))) [forward demodulation 90,38]
98. double_divide(X1,X2) = inverse(double_divide(double_divide(X1,inverse(double_divide(inverse(X0),X2))),inverse(X0))) [forward demodulation 87,89]
100. inverse(double_divide(double_divide(double_divide(X0,X2),inverse(X3)),inverse(X1))) = inverse(double_divide(X3,inverse(double_divide(X0,inverse(double_divide(inverse(X1),X2)))))) [forward demodulation 85,89]
117. double_divide(X1,inverse(double_divide(inverse(X2),inverse(inverse(double_divide(X0,inverse(X3))))))) = double_divide(inverse(double_divide(X3,inverse(X2))),inverse(double_divide(X1,inverse(X0)))) [superposition 12,40]
153. double_divide(inverse(double_divide(X3,inverse(X2))),inverse(double_divide(X1,inverse(X0)))) = double_divide(X1,inverse(inverse(double_divide(X2,inverse(double_divide(X0,inverse(X3))))))) [forward demodulation 117,89]
173. double_divide(X0,inverse(double_divide(inverse(X1),inverse(X0)))) = X1 [superposition 73,23]
177. double_divide(inverse(double_divide(X0,inverse(X2))),inverse(X1)) = double_divide(inverse(X1),inverse(double_divide(inverse(X2),inverse(inverse(X0))))) [superposition 4,73]
196. double_divide(inverse(double_divide(X0,inverse(X2))),inverse(X1)) = double_divide(inverse(X1),inverse(inverse(double_divide(X2,inverse(X0))))) [forward demodulation 177,89]
202. double_divide(inverse(double_divide(X0,inverse(X2))),inverse(X1)) = inverse(double_divide(X1,inverse(double_divide(X2,inverse(X0))))) [forward demodulation 196,89]
227. double_divide(inverse(double_divide(double_divide(X1,X6),inverse(X4))),X6) = double_divide(X3,inverse(double_divide(inverse(X4),inverse(double_divide(X0,inverse(double_divide(inverse(X1),inverse(double_divide(inverse(double_divide(double_divide(X0,X2),inverse(X3))),X2))))))))) [superposition 5,5]
239. double_divide(X1,inverse(double_divide(inverse(X2),inverse(double_divide(inverse(double_divide(double_divide(X1,X3),inverse(X4))),X3))))) = double_divide(inverse(double_divide(X0,inverse(X2))),inverse(double_divide(inverse(double_divide(X5,inverse(X0))),inverse(double_divide(inverse(double_divide(double_divide(X4,X6),inverse(X5))),X6))))) [superposition 5,3]
241. double_divide(X3,inverse(double_divide(inverse(X4),inverse(double_divide(inverse(double_divide(double_divide(X3,X5),inverse(inverse(double_divide(double_divide(double_divide(X0,X2),X6),inverse(X1)))))),X5))))) = double_divide(inverse(double_divide(double_divide(X0,inverse(double_divide(inverse(X1),X2))),inverse(X4))),X6) [superposition 5,4]
245. double_divide(X1,inverse(double_divide(inverse(X2),inverse(double_divide(inverse(double_divide(double_divide(X1,X3),inverse(inverse(X4)))),X3))))) = double_divide(inverse(double_divide(X0,inverse(X2))),inverse(inverse(double_divide(X0,inverse(X4))))) [superposition 5,40]
274. double_divide(double_divide(X3,inverse(double_divide(inverse(X2),inverse(double_divide(inverse(double_divide(double_divide(inverse(X4),X5),inverse(X0))),X5))))),inverse(double_divide(X3,inverse(double_divide(inverse(double_divide(double_divide(X0,X1),inverse(X2))),X1))))) = X4 [superposition 9,5]
307. double_divide(double_divide(inverse(X2),inverse(double_divide(inverse(double_divide(double_divide(inverse(X4),X5),inverse(X0))),X5))),inverse(double_divide(inverse(double_divide(double_divide(X0,X1),inverse(X2))),X1))) = X4 [forward demodulation 274,52]
334. double_divide(X1,inverse(double_divide(inverse(X2),inverse(double_divide(inverse(double_divide(double_divide(X1,X3),inverse(inverse(X4)))),X3))))) = inverse(double_divide(double_divide(X0,inverse(X2)),inverse(double_divide(X0,inverse(X4))))) [forward demodulation 245,89]
338. double_divide(inverse(double_divide(double_divide(X0,inverse(double_divide(inverse(X1),X2))),inverse(X4))),X6) = double_divide(X3,inverse(double_divide(inverse(X4),inverse(double_divide(inverse(inverse(double_divide(double_divide(double_divide(X0,X2),X6),inverse(X1)))),inverse(X3)))))) [forward demodulation 241,38]
340. double_divide(X1,inverse(double_divide(inverse(X2),inverse(double_divide(inverse(double_divide(double_divide(X1,X3),inverse(X4))),X3))))) = double_divide(inverse(double_divide(X0,inverse(X2))),inverse(double_divide(inverse(X0),inverse(X4)))) [forward demodulation 239,39]
350. double_divide(inverse(double_divide(double_divide(X1,X6),inverse(X4))),X6) = double_divide(X3,inverse(double_divide(double_divide(double_divide(X0,inverse(double_divide(inverse(double_divide(double_divide(X0,X2),inverse(X3))),X2))),inverse(inverse(X4))),inverse(X1)))) [forward demodulation 227,100]
379. double_divide(double_divide(inverse(X2),inverse(double_divide(inverse(double_divide(double_divide(inverse(X4),X5),inverse(X0))),X5))),inverse(double_divide(inverse(X2),inverse(X0)))) = X4 [forward demodulation 307,38]
403. double_divide(X1,inverse(double_divide(inverse(X2),inverse(double_divide(inverse(double_divide(double_divide(X1,X3),inverse(inverse(X4)))),X3))))) = double_divide(inverse(double_divide(X4,inverse(X0))),inverse(double_divide(X0,inverse(X2)))) [forward demodulation 334,202]
407. double_divide(inverse(double_divide(double_divide(X0,inverse(double_divide(inverse(X1),X2))),inverse(X4))),X6) = inverse(double_divide(X4,inverse(double_divide(double_divide(double_divide(X0,X2),X6),inverse(X1))))) [forward demodulation 338,96]
409. double_divide(X1,inverse(double_divide(inverse(X2),inverse(double_divide(inverse(double_divide(double_divide(X1,X3),inverse(X4))),X3))))) = double_divide(inverse(X0),inverse(double_divide(inverse(double_divide(X0,inverse(X2))),inverse(X4)))) [forward demodulation 340,64]
415. double_divide(inverse(double_divide(double_divide(X1,X6),inverse(X4))),X6) = double_divide(X3,inverse(double_divide(double_divide(X3,inverse(inverse(X4))),inverse(X1)))) [forward demodulation 350,1]
435. double_divide(inverse(X2),inverse(double_divide(double_divide(inverse(X2),inverse(double_divide(inverse(double_divide(double_divide(inverse(X4),X5),inverse(X0))),X5))),inverse(X0)))) = X4 [forward demodulation 379,64]
454. double_divide(X1,inverse(double_divide(inverse(X2),inverse(double_divide(inverse(double_divide(double_divide(X1,X3),inverse(inverse(X4)))),X3))))) = double_divide(X0,inverse(inverse(double_divide(X0,inverse(double_divide(X2,inverse(X4))))))) [forward demodulation 403,153]
457. double_divide(inverse(double_divide(double_divide(X0,inverse(double_divide(inverse(X1),X2))),inverse(X4))),X6) = double_divide(inverse(double_divide(X1,inverse(double_divide(double_divide(X0,X2),X6)))),inverse(X4)) [forward demodulation 407,202]
459. double_divide(inverse(X0),inverse(double_divide(inverse(double_divide(X0,inverse(X2))),inverse(X4)))) = double_divide(X1,inverse(double_divide(inverse(X2),inverse(double_divide(inverse(X4),inverse(X1)))))) [forward demodulation 409,38]
462. double_divide(X3,inverse(double_divide(double_divide(X3,inverse(inverse(X4))),inverse(X1)))) = double_divide(inverse(X4),inverse(X1)) [forward demodulation 415,38]
475. double_divide(inverse(X2),inverse(double_divide(double_divide(inverse(X2),inverse(double_divide(inverse(X0),inverse(inverse(X4))))),inverse(X0)))) = X4 [forward demodulation 435,38]
489. double_divide(X1,inverse(double_divide(inverse(X2),inverse(double_divide(inverse(double_divide(double_divide(X1,X3),inverse(inverse(X4)))),X3))))) = double_divide(X0,inverse(double_divide(inverse(double_divide(X4,inverse(X2))),inverse(X0)))) [forward demodulation 454,202]
493. double_divide(inverse(X0),inverse(double_divide(inverse(double_divide(X0,inverse(X2))),inverse(X4)))) = double_divide(X1,double_divide(inverse(double_divide(X1,inverse(inverse(X4)))),inverse(inverse(X2)))) [forward demodulation 459,202]
502. double_divide(inverse(X2),double_divide(inverse(X2),inverse(inverse(X4)))) = X4 [forward demodulation 475,98]
511. double_divide(X4,inverse(X2)) = double_divide(X1,inverse(double_divide(inverse(X2),inverse(double_divide(inverse(double_divide(double_divide(X1,X3),inverse(inverse(X4)))),X3))))) [forward demodulation 489,173]
515. double_divide(inverse(X0),inverse(double_divide(inverse(double_divide(X0,inverse(X2))),inverse(X4)))) = double_divide(X1,inverse(double_divide(double_divide(X1,inverse(inverse(X4))),inverse(X2)))) [forward demodulation 493,89]
520. double_divide(inverse(X2),inverse(double_divide(X2,inverse(X4)))) = X4 [forward demodulation 502,89]
528. double_divide(X4,inverse(X2)) = double_divide(X1,inverse(double_divide(inverse(X2),inverse(double_divide(inverse(inverse(X4)),inverse(X1)))))) [forward demodulation 511,38]
532. double_divide(inverse(X0),inverse(double_divide(inverse(double_divide(X0,inverse(X2))),inverse(X4)))) = double_divide(inverse(X4),inverse(X2)) [forward demodulation 515,462]
534. double_divide(X2,inverse(double_divide(inverse(X2),inverse(X4)))) = X4 [forward demodulation 520,64]
538. double_divide(X4,inverse(X2)) = double_divide(X1,double_divide(inverse(double_divide(X1,inverse(inverse(inverse(X4))))),inverse(inverse(X2)))) [forward demodulation 528,202]
544. double_divide(X4,inverse(X2)) = double_divide(X1,inverse(double_divide(double_divide(X1,inverse(inverse(inverse(X4)))),inverse(X2)))) [forward demodulation 538,89]
547. double_divide(X4,inverse(X2)) = double_divide(inverse(inverse(X4)),inverse(X2)) [forward demodulation 544,462]
555. inverse(double_divide(X0,inverse(X1))) = double_divide(X1,inverse(X0)) [superposition 534,40]
558. double_divide(inverse(X2),inverse(double_divide(inverse(double_divide(double_divide(inverse(X3),X4),inverse(X0))),X4))) = double_divide(X3,inverse(double_divide(inverse(double_divide(double_divide(X0,X1),inverse(X2))),X1))) [superposition 534,5]
565. double_divide(inverse(double_divide(X1,inverse(X2))),inverse(X0)) = double_divide(X1,inverse(double_divide(inverse(X2),inverse(X0)))) [superposition 12,534]
566. double_divide(double_divide(X1,inverse(X0)),inverse(X0)) = X1 [superposition 9,534]
568. double_divide(inverse(double_divide(inverse(X1),inverse(X0))),inverse(inverse(X0))) = X1 [superposition 40,534]
571. double_divide(X1,inverse(double_divide(inverse(X2),inverse(double_divide(inverse(double_divide(double_divide(X1,X3),inverse(X4))),X3))))) = double_divide(inverse(double_divide(X0,inverse(X2))),inverse(double_divide(inverse(X4),inverse(X0)))) [superposition 5,534]
575. double_divide(inverse(double_divide(double_divide(X0,X2),inverse(X3))),X2) = double_divide(X1,inverse(double_divide(inverse(X3),inverse(double_divide(inverse(X1),inverse(X0)))))) [superposition 4,534]
578. double_divide(X1,inverse(double_divide(inverse(X2),inverse(double_divide(inverse(X0),X3))))) = double_divide(inverse(double_divide(double_divide(double_divide(inverse(double_divide(X1,X3)),inverse(X0)),X4),inverse(X2))),X4) [superposition 5,534]
580. double_divide(X1,inverse(double_divide(inverse(X0),X2))) = double_divide(inverse(double_divide(X1,X2)),inverse(X0)) [superposition 1,534]
585. double_divide(double_divide(X1,inverse(double_divide(inverse(inverse(X2)),inverse(X0)))),inverse(double_divide(X1,inverse(X0)))) = X2 [superposition 9,534]
586. double_divide(double_divide(inverse(inverse(X2)),inverse(X0)),inverse(X0)) = X2 [forward demodulation 585,52]
591. double_divide(X1,inverse(double_divide(inverse(X2),inverse(double_divide(inverse(X0),X3))))) = double_divide(inverse(double_divide(X1,X3)),inverse(double_divide(inverse(X2),inverse(X0)))) [forward demodulation 578,4]
594. double_divide(inverse(double_divide(double_divide(X0,X2),inverse(X3))),X2) = double_divide(X1,double_divide(inverse(double_divide(X0,inverse(inverse(X1)))),inverse(inverse(X3)))) [forward demodulation 575,202]
598. double_divide(X1,inverse(double_divide(inverse(X2),inverse(double_divide(inverse(double_divide(double_divide(X1,X3),inverse(X4))),X3))))) = double_divide(X0,inverse(double_divide(inverse(double_divide(inverse(X4),inverse(X0))),inverse(X2)))) [forward demodulation 571,580]
600. double_divide(inverse(X1),inverse(double_divide(inverse(inverse(X0)),inverse(X0)))) = X1 [forward demodulation 568,580]
601. double_divide(X1,inverse(double_divide(inverse(X2),inverse(X0)))) = double_divide(X1,inverse(double_divide(inverse(X0),inverse(X2)))) [forward demodulation 565,580]
607. double_divide(inverse(X2),inverse(double_divide(inverse(double_divide(double_divide(inverse(X3),X4),inverse(X0))),X4))) = double_divide(X3,inverse(double_divide(inverse(X2),inverse(X0)))) [forward demodulation 558,38]
613. inverse(inverse(X2)) = X2 [forward demodulation 586,566]
618. double_divide(X1,inverse(double_divide(inverse(X2),inverse(double_divide(inverse(X0),X3))))) = double_divide(X1,inverse(double_divide(inverse(double_divide(inverse(X2),inverse(X0))),X3))) [forward demodulation 591,580]
621. double_divide(inverse(double_divide(double_divide(X0,X2),inverse(X3))),X2) = double_divide(X1,double_divide(X0,inverse(double_divide(inverse(inverse(X3)),inverse(inverse(X1)))))) [forward demodulation 594,580]
625. double_divide(X1,inverse(double_divide(inverse(X2),inverse(double_divide(inverse(double_divide(double_divide(X1,X3),inverse(X4))),X3))))) = double_divide(X0,double_divide(X2,inverse(inverse(double_divide(inverse(X4),inverse(X0)))))) [forward demodulation 598,555]
627. double_divide(inverse(X1),double_divide(X0,inverse(inverse(inverse(X0))))) = X1 [forward demodulation 600,555]
628. double_divide(X1,inverse(double_divide(inverse(X2),inverse(X0)))) = double_divide(X1,double_divide(X2,inverse(inverse(X0)))) [forward demodulation 601,555]
630. double_divide(inverse(X2),inverse(double_divide(inverse(double_divide(double_divide(inverse(X3),X4),inverse(X0))),X4))) = double_divide(X3,double_divide(X0,inverse(inverse(X2)))) [forward demodulation 607,555]
635. double_divide(X1,inverse(double_divide(inverse(X2),inverse(double_divide(inverse(X0),X3))))) = double_divide(X1,inverse(double_divide(double_divide(X0,inverse(inverse(X2))),X3))) [forward demodulation 618,555]
638. double_divide(inverse(double_divide(double_divide(X0,X2),inverse(X3))),X2) = double_divide(X1,double_divide(X0,double_divide(inverse(X1),inverse(inverse(inverse(X3)))))) [forward demodulation 621,555]
642. double_divide(X1,inverse(double_divide(inverse(X2),inverse(double_divide(inverse(double_divide(double_divide(X1,X3),inverse(X4))),X3))))) = double_divide(X0,double_divide(X2,double_divide(inverse(X4),inverse(X0)))) [forward demodulation 625,613]
644. double_divide(inverse(X1),double_divide(X0,inverse(X0))) = X1 [forward demodulation 627,613]
645. double_divide(X1,inverse(double_divide(inverse(X2),inverse(X0)))) = double_divide(X1,double_divide(X2,X0)) [forward demodulation 628,613]
647. double_divide(inverse(X2),inverse(double_divide(inverse(double_divide(double_divide(inverse(X3),X4),inverse(X0))),X4))) = double_divide(X3,double_divide(X0,X2)) [forward demodulation 630,613]
651. double_divide(X1,inverse(double_divide(inverse(X2),inverse(double_divide(inverse(X0),X3))))) = double_divide(X1,inverse(double_divide(double_divide(X0,X2),X3))) [forward demodulation 635,613]
654. double_divide(inverse(double_divide(double_divide(X0,X2),inverse(X3))),X2) = double_divide(X1,double_divide(X0,inverse(double_divide(X1,inverse(inverse(X3)))))) [forward demodulation 638,89]
658. double_divide(X0,double_divide(X2,double_divide(inverse(X4),inverse(X0)))) = double_divide(X1,double_divide(double_divide(inverse(double_divide(double_divide(X1,X3),inverse(X4))),X3),inverse(inverse(X2)))) [forward demodulation 642,555]
660. double_divide(X1,double_divide(X2,X0)) = double_divide(X1,double_divide(X0,inverse(inverse(X2)))) [forward demodulation 645,555]
661. double_divide(inverse(X2),inverse(double_divide(inverse(X0),inverse(inverse(X3))))) = double_divide(X3,double_divide(X0,X2)) [forward demodulation 647,38]
665. double_divide(X1,inverse(double_divide(double_divide(X0,X2),X3))) = double_divide(X1,double_divide(double_divide(inverse(X0),X3),inverse(inverse(X2)))) [forward demodulation 651,555]
668. double_divide(inverse(double_divide(double_divide(X0,X2),inverse(X3))),X2) = double_divide(X1,double_divide(X0,double_divide(inverse(X3),inverse(X1)))) [forward demodulation 654,555]
672. double_divide(X0,double_divide(X2,double_divide(inverse(X4),inverse(X0)))) = double_divide(X1,double_divide(double_divide(inverse(double_divide(double_divide(X1,X3),inverse(X4))),X3),X2)) [forward demodulation 658,613]
674. double_divide(X1,double_divide(X2,X0)) = double_divide(X1,double_divide(X0,X2)) [forward demodulation 660,613]
675. double_divide(X3,double_divide(X0,X2)) = double_divide(inverse(X2),double_divide(inverse(X3),inverse(inverse(X0)))) [forward demodulation 661,555]
679. double_divide(X1,inverse(double_divide(double_divide(X0,X2),X3))) = double_divide(X1,double_divide(double_divide(inverse(X0),X3),X2)) [forward demodulation 665,613]
682. double_divide(inverse(X3),inverse(X0)) = double_divide(X1,double_divide(X0,double_divide(inverse(X3),inverse(X1)))) [forward demodulation 668,38]
685. double_divide(X0,double_divide(X2,double_divide(inverse(X4),inverse(X0)))) = double_divide(X1,double_divide(double_divide(inverse(X4),inverse(X1)),X2)) [forward demodulation 672,38]
687. double_divide(X3,double_divide(X0,X2)) = double_divide(inverse(X2),inverse(double_divide(X3,inverse(X0)))) [forward demodulation 675,89]
693. double_divide(inverse(X4),inverse(X2)) = double_divide(X1,double_divide(double_divide(inverse(X4),inverse(X1)),X2)) [forward demodulation 685,682]
694. double_divide(X3,double_divide(X0,X2)) = double_divide(inverse(X2),double_divide(X0,inverse(X3))) [forward demodulation 687,555]
723. double_divide(inverse(X0),inverse(double_divide(inverse(double_divide(double_divide(X1,inverse(double_divide(inverse(double_divide(inverse(double_divide(double_divide(double_divide(double_divide(X1,X2),X3),X4),inverse(X0))),X4)),X2))),inverse(X5))),X3))) = X5 [superposition 10,1]
751. double_divide(inverse(X2),inverse(double_divide(inverse(double_divide(double_divide(double_divide(X3,inverse(double_divide(inverse(X6),X4))),X7),inverse(X0))),X7))) = double_divide(inverse(double_divide(double_divide(double_divide(X3,X4),X5),inverse(X6))),inverse(double_divide(inverse(double_divide(inverse(double_divide(double_divide(X0,X1),inverse(X2))),X1)),X5))) [superposition 10,5]
778. double_divide(X1,inverse(double_divide(inverse(X2),inverse(double_divide(inverse(double_divide(double_divide(X1,X3),inverse(inverse(double_divide(double_divide(double_divide(X4,X5),X6),inverse(X7)))))),X3))))) = double_divide(inverse(double_divide(X0,inverse(X2))),inverse(double_divide(inverse(double_divide(double_divide(X4,inverse(double_divide(inverse(X7),X5))),inverse(X0))),X6))) [superposition 5,10]
781. double_divide(X1,inverse(double_divide(inverse(X2),inverse(double_divide(inverse(double_divide(double_divide(X1,X3),inverse(inverse(double_divide(double_divide(double_divide(X4,X5),X6),inverse(X7)))))),X3))))) = double_divide(X0,inverse(double_divide(inverse(double_divide(inverse(double_divide(double_divide(X4,inverse(double_divide(inverse(X7),X5))),inverse(X0))),X6)),inverse(X2)))) [forward demodulation 778,580]
805. double_divide(inverse(X2),inverse(double_divide(inverse(double_divide(double_divide(double_divide(X3,inverse(double_divide(inverse(X6),X4))),X7),inverse(X0))),X7))) = double_divide(X3,inverse(double_divide(inverse(double_divide(inverse(double_divide(double_divide(X0,X1),inverse(X2))),X1)),inverse(double_divide(inverse(X6),X4))))) [forward demodulation 751,13]
832. double_divide(inverse(X0),inverse(double_divide(inverse(double_divide(double_divide(inverse(double_divide(double_divide(double_divide(double_divide(X1,X2),X3),X4),inverse(X0))),X4),inverse(double_divide(double_divide(X1,X2),X3)))),inverse(X5)))) = X5 [forward demodulation 723,457]
853. double_divide(X1,inverse(double_divide(inverse(X2),inverse(double_divide(inverse(double_divide(double_divide(X1,X3),inverse(inverse(double_divide(double_divide(double_divide(X4,X5),X6),inverse(X7)))))),X3))))) = double_divide(X0,double_divide(X2,inverse(inverse(double_divide(inverse(double_divide(double_divide(X4,inverse(double_divide(inverse(X7),X5))),inverse(X0))),X6))))) [forward demodulation 781,555]
874. double_divide(inverse(X2),inverse(double_divide(inverse(double_divide(double_divide(double_divide(X3,inverse(double_divide(inverse(X6),X4))),X7),inverse(X0))),X7))) = double_divide(X3,double_divide(double_divide(inverse(X6),X4),inverse(inverse(double_divide(inverse(double_divide(double_divide(X0,X1),inverse(X2))),X1))))) [forward demodulation 805,555]
895. double_divide(inverse(X0),double_divide(X5,inverse(inverse(double_divide(double_divide(inverse(double_divide(double_divide(double_divide(double_divide(X1,X2),X3),X4),inverse(X0))),X4),inverse(double_divide(double_divide(X1,X2),X3))))))) = X5 [forward demodulation 832,555]
916. double_divide(X1,inverse(double_divide(inverse(X2),inverse(double_divide(inverse(double_divide(double_divide(X1,X3),inverse(inverse(double_divide(double_divide(double_divide(X4,X5),X6),inverse(X7)))))),X3))))) = double_divide(X0,double_divide(X2,double_divide(inverse(double_divide(double_divide(X4,inverse(double_divide(inverse(X7),X5))),inverse(X0))),X6))) [forward demodulation 853,613]
934. double_divide(inverse(X2),inverse(double_divide(inverse(double_divide(double_divide(double_divide(X3,inverse(double_divide(inverse(X6),X4))),X7),inverse(X0))),X7))) = double_divide(X3,double_divide(double_divide(inverse(X6),X4),double_divide(inverse(double_divide(double_divide(X0,X1),inverse(X2))),X1))) [forward demodulation 874,613]
954. double_divide(inverse(double_divide(double_divide(inverse(double_divide(double_divide(double_divide(double_divide(X1,X2),X3),X4),inverse(X0))),X4),inverse(double_divide(double_divide(X1,X2),X3)))),double_divide(X5,X0)) = X5 [forward demodulation 895,694]
975. double_divide(X1,inverse(double_divide(inverse(X2),inverse(double_divide(inverse(double_divide(double_divide(X1,X3),inverse(inverse(double_divide(double_divide(double_divide(X4,X5),X6),inverse(X7)))))),X3))))) = double_divide(X0,double_divide(X2,double_divide(inverse(double_divide(X7,inverse(double_divide(double_divide(X4,X5),X6)))),inverse(X0)))) [forward demodulation 916,457]
990. double_divide(inverse(X2),inverse(double_divide(inverse(double_divide(double_divide(double_divide(X3,inverse(double_divide(inverse(X6),X4))),X7),inverse(X0))),X7))) = double_divide(X3,double_divide(double_divide(inverse(X6),X4),double_divide(X1,inverse(double_divide(double_divide(X0,X1),inverse(X2)))))) [forward demodulation 934,674]
1010. double_divide(double_divide(double_divide(double_divide(X1,X2),X3),inverse(double_divide(inverse(double_divide(double_divide(double_divide(double_divide(X1,X2),X3),X4),inverse(X0))),X4))),double_divide(X5,X0)) = X5 [forward demodulation 954,555]
1031. double_divide(X1,inverse(double_divide(inverse(X2),inverse(double_divide(inverse(double_divide(double_divide(X1,X3),inverse(inverse(double_divide(double_divide(double_divide(X4,X5),X6),inverse(X7)))))),X3))))) = double_divide(inverse(double_divide(X7,inverse(double_divide(double_divide(X4,X5),X6)))),inverse(X2)) [forward demodulation 975,682]
1046. double_divide(inverse(X2),inverse(double_divide(inverse(double_divide(double_divide(double_divide(X3,inverse(double_divide(inverse(X6),X4))),X7),inverse(X0))),X7))) = double_divide(X3,double_divide(double_divide(inverse(X6),X4),double_divide(X1,double_divide(double_divide(inverse(X0),inverse(X2)),X1)))) [forward demodulation 990,679]
1066. double_divide(X0,double_divide(X5,X0)) = X5 [forward demodulation 1010,1]
1087. double_divide(X1,inverse(double_divide(inverse(X2),inverse(double_divide(inverse(double_divide(double_divide(X1,X3),inverse(inverse(double_divide(double_divide(double_divide(X4,X5),X6),inverse(X7)))))),X3))))) = double_divide(X7,inverse(double_divide(inverse(X2),inverse(double_divide(double_divide(X4,X5),X6))))) [forward demodulation 1031,580]
1101. double_divide(X3,double_divide(double_divide(inverse(X6),X4),double_divide(X1,double_divide(double_divide(inverse(X0),inverse(X2)),X1)))) = double_divide(inverse(X2),inverse(double_divide(X3,inverse(double_divide(inverse(X0),inverse(double_divide(inverse(X6),X4))))))) [forward demodulation 1046,4]
1138. double_divide(X1,inverse(double_divide(inverse(X2),inverse(double_divide(inverse(double_divide(double_divide(X1,X3),inverse(inverse(double_divide(double_divide(double_divide(X4,X5),X6),inverse(X7)))))),X3))))) = double_divide(X7,double_divide(double_divide(double_divide(X4,X5),X6),inverse(inverse(X2)))) [forward demodulation 1087,555]
1151. double_divide(X3,double_divide(double_divide(inverse(X6),X4),double_divide(X1,double_divide(double_divide(inverse(X0),inverse(X2)),X1)))) = double_divide(inverse(X2),inverse(double_divide(double_divide(double_divide(inverse(X0),X4),inverse(X3)),inverse(X6)))) [forward demodulation 1101,100]
1183. double_divide(X1,inverse(double_divide(inverse(X2),inverse(double_divide(inverse(double_divide(double_divide(X1,X3),inverse(inverse(double_divide(double_divide(double_divide(X4,X5),X6),inverse(X7)))))),X3))))) = double_divide(X7,double_divide(double_divide(double_divide(X4,X5),X6),X2)) [forward demodulation 1138,613]
1195. double_divide(X3,double_divide(double_divide(inverse(X6),X4),double_divide(X1,double_divide(double_divide(inverse(X0),inverse(X2)),X1)))) = double_divide(inverse(X2),double_divide(double_divide(inverse(double_divide(inverse(X0),X4)),inverse(X6)),inverse(X3))) [forward demodulation 1151,679]
1226. double_divide(X7,double_divide(double_divide(double_divide(X4,X5),X6),X2)) = double_divide(X1,double_divide(double_divide(inverse(double_divide(double_divide(X1,X3),inverse(inverse(double_divide(double_divide(double_divide(X4,X5),X6),inverse(X7)))))),X3),inverse(inverse(X2)))) [forward demodulation 1183,555]
1238. double_divide(X3,double_divide(double_divide(inverse(X6),X4),double_divide(X1,double_divide(double_divide(inverse(X0),inverse(X2)),X1)))) = double_divide(X3,double_divide(double_divide(inverse(double_divide(inverse(X0),X4)),inverse(X6)),X2)) [forward demodulation 1195,694]
1255. double_divide(X7,double_divide(double_divide(double_divide(X4,X5),X6),X2)) = double_divide(X1,double_divide(double_divide(inverse(double_divide(double_divide(X1,X3),inverse(inverse(double_divide(double_divide(double_divide(X4,X5),X6),inverse(X7)))))),X3),X2)) [forward demodulation 1226,613]
1265. double_divide(X3,double_divide(double_divide(inverse(X6),X4),double_divide(X1,double_divide(double_divide(inverse(X0),inverse(X2)),X1)))) = double_divide(X3,double_divide(double_divide(inverse(X0),inverse(double_divide(inverse(X6),X4))),X2)) [forward demodulation 1238,580]
1280. double_divide(X7,double_divide(double_divide(double_divide(X4,X5),X6),X2)) = double_divide(X1,double_divide(double_divide(inverse(inverse(double_divide(double_divide(double_divide(X4,X5),X6),inverse(X7)))),inverse(X1)),X2)) [forward demodulation 1255,38]
1288. double_divide(X3,double_divide(double_divide(inverse(X0),inverse(double_divide(inverse(X6),X4))),X2)) = double_divide(X3,double_divide(double_divide(inverse(X6),X4),double_divide(inverse(X0),inverse(X2)))) [forward demodulation 1265,1066]
1297. double_divide(X7,double_divide(double_divide(double_divide(X4,X5),X6),X2)) = double_divide(inverse(inverse(double_divide(double_divide(double_divide(X4,X5),X6),inverse(X7)))),inverse(X2)) [forward demodulation 1280,693]
1306. double_divide(X7,double_divide(double_divide(double_divide(X4,X5),X6),X2)) = double_divide(double_divide(double_divide(double_divide(X4,X5),X6),inverse(X7)),inverse(X2)) [forward demodulation 1297,547]
1330. double_divide(X1,inverse(double_divide(X0,X2))) = double_divide(inverse(double_divide(double_divide(double_divide(X1,X2),X3),X0)),X3) [superposition 4,613]
1331. double_divide(inverse(double_divide(double_divide(inverse(X0),X4),inverse(X2))),X4) = double_divide(X1,inverse(double_divide(inverse(X2),inverse(double_divide(inverse(double_divide(double_divide(X1,X3),X0)),X3))))) [superposition 5,613]
1332. double_divide(X1,inverse(double_divide(X0,inverse(double_divide(inverse(double_divide(double_divide(X1,X2),inverse(X3))),X2))))) = double_divide(inverse(double_divide(double_divide(X3,X4),X0)),X4) [superposition 5,613]
1336. double_divide(X1,inverse(double_divide(inverse(X2),X3))) = double_divide(inverse(double_divide(inverse(X0),inverse(X2))),inverse(double_divide(X1,inverse(double_divide(X0,X3))))) [superposition 12,613]
1338. double_divide(inverse(double_divide(inverse(X0),inverse(X1))),X0) = X1 [superposition 23,613]
1349. double_divide(double_divide(X1,inverse(inverse(X0))),X0) = X1 [forward demodulation 1338,555]
1351. double_divide(X1,inverse(double_divide(inverse(X2),X3))) = double_divide(inverse(X0),inverse(double_divide(inverse(double_divide(X1,inverse(double_divide(X0,X3)))),inverse(X2)))) [forward demodulation 1336,580]
1355. double_divide(inverse(double_divide(double_divide(X3,X4),X0)),X4) = double_divide(X1,double_divide(double_divide(inverse(double_divide(double_divide(X1,X2),inverse(X3))),X2),inverse(X0))) [forward demodulation 1332,555]
1356. double_divide(inverse(double_divide(double_divide(inverse(X0),X4),inverse(X2))),X4) = double_divide(X1,double_divide(double_divide(inverse(double_divide(double_divide(X1,X3),X0)),X3),inverse(inverse(X2)))) [forward demodulation 1331,555]
1359. double_divide(double_divide(X1,X0),X0) = X1 [forward demodulation 1349,613]
1361. double_divide(X1,inverse(double_divide(inverse(X2),X3))) = double_divide(inverse(X0),double_divide(X2,inverse(inverse(double_divide(X1,inverse(double_divide(X0,X3))))))) [forward demodulation 1351,555]
1363. double_divide(inverse(double_divide(double_divide(X3,X4),X0)),X4) = double_divide(X1,double_divide(double_divide(inverse(X3),inverse(X1)),inverse(X0))) [forward demodulation 1355,38]
1364. double_divide(inverse(double_divide(double_divide(inverse(X0),X4),inverse(X2))),X4) = double_divide(X1,double_divide(double_divide(inverse(double_divide(double_divide(X1,X3),X0)),X3),X2)) [forward demodulation 1356,613]
1368. double_divide(X1,inverse(double_divide(inverse(X2),X3))) = double_divide(inverse(double_divide(X1,inverse(double_divide(X0,X3)))),double_divide(X2,X0)) [forward demodulation 1361,694]
1370. double_divide(inverse(X3),inverse(inverse(X0))) = double_divide(inverse(double_divide(double_divide(X3,X4),X0)),X4) [forward demodulation 1363,693]
1371. double_divide(inverse(X2),inverse(inverse(X0))) = double_divide(X1,double_divide(double_divide(inverse(double_divide(double_divide(X1,X3),X0)),X3),X2)) [forward demodulation 1364,38]
1373. double_divide(X1,inverse(double_divide(inverse(X2),X3))) = double_divide(double_divide(double_divide(X0,X3),inverse(X1)),double_divide(X2,X0)) [forward demodulation 1368,555]
1374. inverse(double_divide(X3,inverse(X0))) = double_divide(inverse(double_divide(double_divide(X3,X4),X0)),X4) [forward demodulation 1370,89]
1375. inverse(double_divide(X2,inverse(X0))) = double_divide(X1,double_divide(double_divide(inverse(double_divide(double_divide(X1,X3),X0)),X3),X2)) [forward demodulation 1371,89]
1377. double_divide(X0,inverse(X3)) = double_divide(inverse(double_divide(double_divide(X3,X4),X0)),X4) [forward demodulation 1374,555]
1378. double_divide(X0,inverse(X2)) = double_divide(X1,double_divide(double_divide(inverse(double_divide(double_divide(X1,X3),X0)),X3),X2)) [forward demodulation 1375,555]
1380. double_divide(X0,inverse(X2)) = double_divide(X1,double_divide(double_divide(X0,inverse(X1)),X2)) [forward demodulation 1378,1377]
1384. double_divide(X1,inverse(double_divide(inverse(X4),inverse(double_divide(inverse(X3),inverse(double_divide(inverse(X1),inverse(X0)))))))) = double_divide(inverse(double_divide(double_divide(X0,X2),inverse(X3))),inverse(double_divide(inverse(X4),X2))) [superposition 13,534]
1394. double_divide(X1,inverse(double_divide(inverse(X4),inverse(double_divide(inverse(X3),X2))))) = double_divide(inverse(double_divide(X0,inverse(X3))),inverse(double_divide(inverse(X4),inverse(double_divide(X1,inverse(double_divide(inverse(X0),X2))))))) [superposition 13,9]
1412. double_divide(X4,inverse(double_divide(inverse(double_divide(double_divide(X3,X6),inverse(X1))),inverse(double_divide(inverse(X7),X5))))) = double_divide(inverse(double_divide(double_divide(double_divide(X4,X5),X6),inverse(X7))),inverse(double_divide(X0,inverse(double_divide(inverse(X1),inverse(double_divide(inverse(double_divide(double_divide(X0,X2),inverse(X3))),X2))))))) [superposition 13,5]
1417. double_divide(X1,inverse(double_divide(inverse(X3),inverse(double_divide(inverse(X4),X2))))) = double_divide(inverse(double_divide(double_divide(double_divide(X1,X2),inverse(double_divide(inverse(inverse(X3)),inverse(X0)))),inverse(X4))),inverse(X0)) [superposition 13,534]
1442. double_divide(X4,inverse(double_divide(inverse(X5),inverse(double_divide(inverse(double_divide(double_divide(X4,X6),inverse(inverse(double_divide(double_divide(double_divide(X0,X3),X7),inverse(X2)))))),X6))))) = double_divide(inverse(double_divide(double_divide(X0,inverse(double_divide(inverse(X1),inverse(double_divide(inverse(X2),X3))))),inverse(X5))),inverse(double_divide(inverse(X1),X7))) [superposition 5,13]
1447. double_divide(X4,inverse(double_divide(inverse(X5),inverse(double_divide(inverse(double_divide(double_divide(X4,X6),inverse(inverse(double_divide(double_divide(double_divide(X0,X3),X7),inverse(X2)))))),X6))))) = double_divide(inverse(X1),inverse(double_divide(inverse(double_divide(double_divide(X0,inverse(double_divide(inverse(X1),inverse(double_divide(inverse(X2),X3))))),inverse(X5))),X7))) [forward demodulation 1442,64]
1470. double_divide(X1,inverse(double_divide(inverse(X3),inverse(double_divide(inverse(X4),X2))))) = double_divide(inverse(double_divide(inverse(X3),inverse(double_divide(double_divide(double_divide(X1,X2),inverse(X0)),inverse(X0))))),inverse(X4)) [forward demodulation 1417,457]
1475. double_divide(X4,inverse(double_divide(inverse(double_divide(double_divide(X3,X6),inverse(X1))),inverse(double_divide(inverse(X7),X5))))) = double_divide(double_divide(double_divide(X4,X5),X6),inverse(double_divide(inverse(double_divide(X0,inverse(double_divide(inverse(X1),inverse(double_divide(inverse(double_divide(double_divide(X0,X2),inverse(X3))),X2)))))),inverse(X7)))) [forward demodulation 1412,580]
1493. double_divide(X1,inverse(double_divide(inverse(X4),inverse(double_divide(inverse(X3),X2))))) = double_divide(X0,inverse(double_divide(inverse(double_divide(inverse(X4),inverse(double_divide(X1,inverse(double_divide(inverse(X0),X2)))))),inverse(X3)))) [forward demodulation 1394,580]
1503. double_divide(X1,inverse(double_divide(inverse(X4),inverse(double_divide(inverse(X3),inverse(double_divide(inverse(X1),inverse(X0)))))))) = double_divide(double_divide(X0,X2),inverse(double_divide(inverse(double_divide(inverse(X4),X2)),inverse(X3)))) [forward demodulation 1384,580]
1509. double_divide(X4,inverse(double_divide(inverse(X5),inverse(double_divide(inverse(double_divide(double_divide(X4,X6),inverse(inverse(double_divide(double_divide(double_divide(X0,X3),X7),inverse(X2)))))),X6))))) = double_divide(inverse(X1),inverse(double_divide(inverse(double_divide(X1,inverse(double_divide(double_divide(X0,inverse(double_divide(inverse(X2),X3))),X7)))),inverse(X5)))) [forward demodulation 1447,457]
1530. double_divide(X1,inverse(double_divide(inverse(X3),inverse(double_divide(inverse(X4),X2))))) = double_divide(inverse(X3),inverse(double_divide(inverse(X4),inverse(double_divide(double_divide(double_divide(X1,X2),inverse(X0)),inverse(X0)))))) [forward demodulation 1470,580]
1535. double_divide(X4,inverse(double_divide(inverse(double_divide(double_divide(X3,X6),inverse(X1))),inverse(double_divide(inverse(X7),X5))))) = double_divide(double_divide(double_divide(X4,X5),X6),double_divide(X7,inverse(inverse(double_divide(X0,inverse(double_divide(inverse(X1),inverse(double_divide(inverse(double_divide(double_divide(X0,X2),inverse(X3))),X2))))))))) [forward demodulation 1475,555]
1553. double_divide(X1,inverse(double_divide(inverse(X4),inverse(double_divide(inverse(X3),X2))))) = double_divide(X0,double_divide(X3,inverse(inverse(double_divide(inverse(X4),inverse(double_divide(X1,inverse(double_divide(inverse(X0),X2))))))))) [forward demodulation 1493,555]
1563. double_divide(X1,inverse(double_divide(inverse(X4),inverse(double_divide(inverse(X3),inverse(double_divide(inverse(X1),inverse(X0)))))))) = double_divide(double_divide(X0,X2),double_divide(X3,inverse(inverse(double_divide(inverse(X4),X2))))) [forward demodulation 1503,555]
1569. double_divide(X4,inverse(double_divide(inverse(X5),inverse(double_divide(inverse(double_divide(double_divide(X4,X6),inverse(inverse(double_divide(double_divide(double_divide(X0,X3),X7),inverse(X2)))))),X6))))) = double_divide(inverse(X5),inverse(double_divide(double_divide(X0,inverse(double_divide(inverse(X2),X3))),X7))) [forward demodulation 1509,532]
1590. double_divide(X1,inverse(double_divide(inverse(X3),inverse(double_divide(inverse(X4),X2))))) = double_divide(inverse(X3),double_divide(inverse(double_divide(X0,inverse(double_divide(double_divide(X1,X2),inverse(X0))))),inverse(inverse(X4)))) [forward demodulation 1530,202]
1595. double_divide(X4,inverse(double_divide(inverse(double_divide(double_divide(X3,X6),inverse(X1))),inverse(double_divide(inverse(X7),X5))))) = double_divide(double_divide(double_divide(X4,X5),X6),double_divide(X7,double_divide(X0,inverse(double_divide(inverse(X1),inverse(double_divide(inverse(double_divide(double_divide(X0,X2),inverse(X3))),X2))))))) [forward demodulation 1535,613]
1613. double_divide(X1,inverse(double_divide(inverse(X4),inverse(double_divide(inverse(X3),X2))))) = double_divide(X0,double_divide(X3,double_divide(inverse(X4),inverse(double_divide(X1,inverse(double_divide(inverse(X0),X2))))))) [forward demodulation 1553,613]
1623. double_divide(X1,inverse(double_divide(inverse(X4),inverse(double_divide(inverse(X3),inverse(double_divide(inverse(X1),inverse(X0)))))))) = double_divide(double_divide(X0,X2),double_divide(X3,double_divide(inverse(X4),X2))) [forward demodulation 1563,613]
1629. double_divide(X4,inverse(double_divide(inverse(X5),inverse(double_divide(inverse(double_divide(double_divide(X4,X6),inverse(inverse(double_divide(double_divide(double_divide(X0,X3),X7),inverse(X2)))))),X6))))) = double_divide(inverse(X5),double_divide(double_divide(inverse(X0),X7),inverse(double_divide(inverse(X2),X3)))) [forward demodulation 1569,679]
1647. double_divide(X1,inverse(double_divide(inverse(X3),inverse(double_divide(inverse(X4),X2))))) = double_divide(inverse(X4),double_divide(inverse(double_divide(X0,inverse(double_divide(double_divide(X1,X2),inverse(X0))))),X3)) [forward demodulation 1590,694]
1652. double_divide(X4,inverse(double_divide(inverse(double_divide(double_divide(X3,X6),inverse(X1))),inverse(double_divide(inverse(X7),X5))))) = double_divide(double_divide(double_divide(X4,X5),X6),double_divide(X7,double_divide(X0,double_divide(double_divide(inverse(double_divide(double_divide(X0,X2),inverse(X3))),X2),inverse(inverse(X1)))))) [forward demodulation 1595,555]
1669. double_divide(X1,inverse(double_divide(inverse(X4),inverse(double_divide(inverse(X3),X2))))) = double_divide(X0,double_divide(X3,double_divide(inverse(X4),double_divide(double_divide(inverse(X0),X2),inverse(X1))))) [forward demodulation 1613,555]
1679. double_divide(double_divide(X0,X2),double_divide(X3,double_divide(inverse(X4),X2))) = double_divide(X1,inverse(double_divide(double_divide(double_divide(inverse(X3),inverse(X0)),inverse(inverse(X4))),inverse(X1)))) [forward demodulation 1623,100]
1685. double_divide(X4,inverse(double_divide(inverse(X5),inverse(double_divide(inverse(double_divide(double_divide(X4,X6),inverse(inverse(double_divide(double_divide(double_divide(X0,X3),X7),inverse(X2)))))),X6))))) = double_divide(double_divide(inverse(X2),X3),double_divide(double_divide(inverse(X0),X7),X5)) [forward demodulation 1629,694]
1701. double_divide(X1,inverse(double_divide(inverse(X3),inverse(double_divide(inverse(X4),X2))))) = double_divide(inverse(X4),double_divide(double_divide(inverse(double_divide(X0,inverse(double_divide(X1,X2)))),inverse(X0)),X3)) [forward demodulation 1647,202]
1706. double_divide(X4,inverse(double_divide(inverse(double_divide(double_divide(X3,X6),inverse(X1))),inverse(double_divide(inverse(X7),X5))))) = double_divide(double_divide(double_divide(X4,X5),X6),double_divide(X7,double_divide(X0,double_divide(double_divide(inverse(double_divide(double_divide(X0,X2),inverse(X3))),X2),X1)))) [forward demodulation 1652,613]
1720. double_divide(X1,inverse(double_divide(inverse(X4),inverse(double_divide(inverse(X3),X2))))) = double_divide(X0,double_divide(X3,double_divide(X1,double_divide(double_divide(inverse(X0),X2),X4)))) [forward demodulation 1669,694]
1730. double_divide(double_divide(X0,X2),double_divide(X3,double_divide(inverse(X4),X2))) = double_divide(X1,double_divide(double_divide(inverse(double_divide(inverse(X3),inverse(X0))),inverse(X1)),inverse(inverse(X4)))) [forward demodulation 1679,679]
1736. double_divide(double_divide(inverse(X2),X3),double_divide(double_divide(inverse(X0),X7),X5)) = double_divide(X4,double_divide(double_divide(inverse(double_divide(double_divide(X4,X6),inverse(inverse(double_divide(double_divide(double_divide(X0,X3),X7),inverse(X2)))))),X6),inverse(inverse(X5)))) [forward demodulation 1685,555]
1752. double_divide(X1,inverse(double_divide(inverse(X3),inverse(double_divide(inverse(X4),X2))))) = double_divide(inverse(X4),double_divide(double_divide(X1,X2),X3)) [forward demodulation 1701,23]
1757. double_divide(X4,inverse(double_divide(inverse(double_divide(double_divide(X3,X6),inverse(X1))),inverse(double_divide(inverse(X7),X5))))) = double_divide(double_divide(double_divide(X4,X5),X6),double_divide(X7,double_divide(X0,double_divide(double_divide(inverse(X3),inverse(X0)),X1)))) [forward demodulation 1706,38]
1769. double_divide(X0,double_divide(X3,double_divide(X1,double_divide(double_divide(inverse(X0),X2),X4)))) = double_divide(X1,double_divide(double_divide(inverse(X3),X2),inverse(inverse(X4)))) [forward demodulation 1720,555]
1779. double_divide(double_divide(X0,X2),double_divide(X3,double_divide(inverse(X4),X2))) = double_divide(inverse(double_divide(inverse(X3),inverse(X0))),inverse(inverse(inverse(X4)))) [forward demodulation 1730,693]
1785. double_divide(double_divide(inverse(X2),X3),double_divide(double_divide(inverse(X0),X7),X5)) = double_divide(X4,double_divide(double_divide(inverse(double_divide(double_divide(X4,X6),inverse(inverse(double_divide(double_divide(double_divide(X0,X3),X7),inverse(X2)))))),X6),X5)) [forward demodulation 1736,613]
1800. double_divide(inverse(X4),double_divide(double_divide(X1,X2),X3)) = double_divide(X1,double_divide(double_divide(inverse(X4),X2),inverse(inverse(X3)))) [forward demodulation 1752,555]
1805. double_divide(X4,inverse(double_divide(inverse(double_divide(double_divide(X3,X6),inverse(X1))),inverse(double_divide(inverse(X7),X5))))) = double_divide(double_divide(double_divide(X4,X5),X6),double_divide(X7,double_divide(inverse(X3),inverse(X1)))) [forward demodulation 1757,693]
1817. double_divide(X0,double_divide(X3,double_divide(X1,double_divide(double_divide(inverse(X0),X2),X4)))) = double_divide(X1,double_divide(double_divide(inverse(X3),X2),X4)) [forward demodulation 1769,613]
1827. double_divide(double_divide(X0,X2),double_divide(X3,double_divide(inverse(X4),X2))) = double_divide(inverse(X3),inverse(double_divide(inverse(inverse(inverse(X4))),inverse(X0)))) [forward demodulation 1779,580]
1833. double_divide(double_divide(inverse(X2),X3),double_divide(double_divide(inverse(X0),X7),X5)) = double_divide(X4,double_divide(double_divide(inverse(inverse(double_divide(double_divide(double_divide(X0,X3),X7),inverse(X2)))),inverse(X4)),X5)) [forward demodulation 1785,38]
1848. double_divide(inverse(X4),double_divide(double_divide(X1,X2),X3)) = double_divide(X1,double_divide(double_divide(inverse(X4),X2),X3)) [forward demodulation 1800,613]
1853. double_divide(double_divide(double_divide(X4,X5),X6),double_divide(X7,double_divide(inverse(X3),inverse(X1)))) = double_divide(X4,double_divide(double_divide(inverse(X7),X5),inverse(inverse(double_divide(double_divide(X3,X6),inverse(X1)))))) [forward demodulation 1805,555]
1872. double_divide(double_divide(X0,X2),double_divide(X3,double_divide(inverse(X4),X2))) = double_divide(inverse(X3),double_divide(X0,inverse(inverse(inverse(inverse(X4)))))) [forward demodulation 1827,555]
1877. double_divide(double_divide(inverse(X2),X3),double_divide(double_divide(inverse(X0),X7),X5)) = double_divide(inverse(inverse(double_divide(double_divide(double_divide(X0,X3),X7),inverse(X2)))),inverse(X5)) [forward demodulation 1833,693]
1892. double_divide(double_divide(double_divide(X4,X5),X6),double_divide(X7,double_divide(inverse(X3),inverse(X1)))) = double_divide(X4,double_divide(double_divide(inverse(X7),X5),double_divide(double_divide(X3,X6),inverse(X1)))) [forward demodulation 1853,613]
1908. double_divide(double_divide(X0,X2),double_divide(X3,double_divide(inverse(X4),X2))) = double_divide(inverse(inverse(inverse(X4))),double_divide(X0,X3)) [forward demodulation 1872,694]
1913. double_divide(double_divide(inverse(X2),X3),double_divide(double_divide(inverse(X0),X7),X5)) = double_divide(double_divide(double_divide(double_divide(X0,X3),X7),inverse(X2)),inverse(X5)) [forward demodulation 1877,547]
1941. double_divide(double_divide(X0,X2),double_divide(X3,double_divide(inverse(X4),X2))) = double_divide(inverse(X4),double_divide(X0,X3)) [forward demodulation 1908,613]
1946. double_divide(double_divide(inverse(X2),X3),double_divide(double_divide(inverse(X0),X7),X5)) = double_divide(X2,double_divide(double_divide(double_divide(X0,X3),X7),X5)) [forward demodulation 1913,1306]
2027. inverse(double_divide(double_divide(double_divide(X0,X2),X3),inverse(X1))) = double_divide(X3,double_divide(X0,inverse(double_divide(inverse(X1),X2)))) [superposition 1066,4]
2028. inverse(double_divide(X1,inverse(X0))) = double_divide(inverse(X1),X0) [superposition 1066,23]
2032. inverse(double_divide(double_divide(X3,X4),inverse(X1))) = double_divide(X4,double_divide(X0,inverse(double_divide(inverse(X1),inverse(double_divide(inverse(double_divide(double_divide(X0,X2),inverse(X3))),X2)))))) [superposition 1066,5]
2040. double_divide(X1,inverse(double_divide(inverse(X2),inverse(double_divide(inverse(double_divide(double_divide(X1,X3),inverse(X4))),X3))))) = double_divide(inverse(double_divide(X0,inverse(X2))),double_divide(X0,X4)) [superposition 5,1066]
2050. double_divide(inverse(double_divide(X3,inverse(X2))),inverse(double_divide(X1,inverse(X0)))) = double_divide(X1,inverse(double_divide(inverse(X2),double_divide(X0,inverse(X3))))) [superposition 12,1066]
2053. double_divide(inverse(double_divide(X3,inverse(X2))),inverse(double_divide(X1,inverse(X0)))) = double_divide(X1,inverse(double_divide(X3,double_divide(X0,X2)))) [forward demodulation 2050,694]
2063. double_divide(X1,inverse(double_divide(inverse(X2),inverse(double_divide(inverse(double_divide(double_divide(X1,X3),inverse(X4))),X3))))) = double_divide(double_divide(X2,inverse(X0)),double_divide(X0,X4)) [forward demodulation 2040,555]
2070. inverse(double_divide(double_divide(X3,X4),inverse(X1))) = double_divide(X4,double_divide(X0,double_divide(double_divide(inverse(double_divide(double_divide(X0,X2),inverse(X3))),X2),inverse(inverse(X1))))) [forward demodulation 2032,555]
2074. double_divide(X1,inverse(double_divide(double_divide(X0,X2),X3))) = double_divide(X3,double_divide(X0,inverse(double_divide(inverse(X1),X2)))) [forward demodulation 2027,555]
2079. double_divide(X3,inverse(double_divide(inverse(double_divide(X1,inverse(X0))),inverse(X2)))) = double_divide(X1,inverse(double_divide(X3,double_divide(X0,X2)))) [forward demodulation 2053,580]
2088. double_divide(X1,double_divide(double_divide(inverse(double_divide(double_divide(X1,X3),inverse(X4))),X3),inverse(inverse(X2)))) = double_divide(double_divide(X2,inverse(X0)),double_divide(X0,X4)) [forward demodulation 2063,555]
2092. inverse(double_divide(double_divide(X3,X4),inverse(X1))) = double_divide(X4,double_divide(X0,double_divide(double_divide(inverse(double_divide(double_divide(X0,X2),inverse(X3))),X2),X1))) [forward demodulation 2070,613]
2096. double_divide(X1,double_divide(double_divide(inverse(X0),X3),X2)) = double_divide(X3,double_divide(X0,inverse(double_divide(inverse(X1),X2)))) [forward demodulation 2074,679]
2101. double_divide(X3,double_divide(X2,inverse(inverse(double_divide(X1,inverse(X0)))))) = double_divide(X1,inverse(double_divide(X3,double_divide(X0,X2)))) [forward demodulation 2079,555]
2109. double_divide(X1,double_divide(double_divide(inverse(double_divide(double_divide(X1,X3),inverse(X4))),X3),X2)) = double_divide(double_divide(X2,inverse(X0)),double_divide(X0,X4)) [forward demodulation 2088,613]
2113. inverse(double_divide(double_divide(X3,X4),inverse(X1))) = double_divide(X4,double_divide(X0,double_divide(double_divide(inverse(X3),inverse(X0)),X1))) [forward demodulation 2092,38]
2119. double_divide(X3,double_divide(X2,double_divide(X1,inverse(X0)))) = double_divide(X1,inverse(double_divide(X3,double_divide(X0,X2)))) [forward demodulation 2101,613]
2127. double_divide(X1,double_divide(double_divide(inverse(X4),inverse(X1)),X2)) = double_divide(double_divide(X2,inverse(X0)),double_divide(X0,X4)) [forward demodulation 2109,38]
2129. inverse(double_divide(double_divide(X3,X4),inverse(X1))) = double_divide(X4,double_divide(inverse(X3),inverse(X1))) [forward demodulation 2113,693]
2138. double_divide(inverse(X4),inverse(X2)) = double_divide(double_divide(X2,inverse(X0)),double_divide(X0,X4)) [forward demodulation 2127,693]
2139. double_divide(X4,double_divide(inverse(X3),inverse(X1))) = double_divide(X1,inverse(double_divide(X3,X4))) [forward demodulation 2129,555]
2166. double_divide(inverse(X2),inverse(X0)) = double_divide(X1,inverse(double_divide(inverse(X0),inverse(double_divide(inverse(double_divide(X3,inverse(X2))),inverse(double_divide(inverse(double_divide(double_divide(X1,X4),inverse(X3))),X4))))))) [superposition 25,534]
2170. double_divide(inverse(X1),X5) = double_divide(X4,inverse(double_divide(inverse(double_divide(X0,inverse(double_divide(inverse(X1),inverse(double_divide(inverse(X2),X3)))))),inverse(double_divide(inverse(double_divide(X6,inverse(inverse(double_divide(double_divide(double_divide(X0,X3),X5),inverse(X2)))))),inverse(double_divide(inverse(double_divide(double_divide(X4,X7),inverse(X6))),X7))))))) [superposition 25,13]
2225. double_divide(inverse(double_divide(X2,inverse(X3))),inverse(double_divide(inverse(double_divide(double_divide(X0,X1),inverse(double_divide(X0,inverse(X2))))),X1))) = X3 [superposition 25,5]
2249. double_divide(X1,inverse(double_divide(inverse(X7),inverse(double_divide(inverse(X6),X2))))) = double_divide(inverse(double_divide(X0,inverse(X6))),inverse(double_divide(inverse(X7),inverse(double_divide(inverse(double_divide(X3,inverse(X0))),inverse(double_divide(inverse(double_divide(X4,inverse(X3))),inverse(double_divide(inverse(double_divide(double_divide(double_divide(X1,X2),X5),inverse(X4))),X5))))))))) [superposition 13,25]
2252. double_divide(inverse(double_divide(double_divide(double_divide(X1,X2),X3),inverse(X4))),inverse(double_divide(inverse(X0),X3))) = double_divide(inverse(double_divide(X5,inverse(X0))),inverse(double_divide(inverse(double_divide(X6,inverse(X5))),inverse(double_divide(inverse(double_divide(double_divide(double_divide(X1,inverse(double_divide(inverse(X4),X2))),X7),inverse(X6))),X7))))) [superposition 10,25]
2273. double_divide(inverse(double_divide(double_divide(double_divide(X1,X2),X3),inverse(X4))),inverse(double_divide(inverse(X0),X3))) = double_divide(X5,inverse(double_divide(inverse(double_divide(inverse(double_divide(X6,inverse(X5))),inverse(double_divide(inverse(double_divide(double_divide(double_divide(X1,inverse(double_divide(inverse(X4),X2))),X7),inverse(X6))),X7)))),inverse(X0)))) [forward demodulation 2252,580]
2276. double_divide(X1,inverse(double_divide(inverse(X7),inverse(double_divide(inverse(X6),X2))))) = double_divide(X0,inverse(double_divide(inverse(double_divide(inverse(X7),inverse(double_divide(inverse(double_divide(X3,inverse(X0))),inverse(double_divide(inverse(double_divide(X4,inverse(X3))),inverse(double_divide(inverse(double_divide(double_divide(double_divide(X1,X2),X5),inverse(X4))),X5)))))))),inverse(X6)))) [forward demodulation 2249,580]
2297. double_divide(X2,inverse(double_divide(inverse(double_divide(inverse(double_divide(double_divide(X0,X1),inverse(double_divide(X0,inverse(X2))))),X1)),inverse(X3)))) = X3 [forward demodulation 2225,580]
2348. double_divide(inverse(X1),X5) = double_divide(X4,inverse(double_divide(double_divide(double_divide(inverse(double_divide(X6,inverse(inverse(double_divide(double_divide(double_divide(X0,X3),X5),inverse(X2)))))),X7),inverse(inverse(double_divide(X0,inverse(double_divide(inverse(X1),inverse(double_divide(inverse(X2),X3)))))))),inverse(double_divide(double_divide(X4,X7),inverse(X6)))))) [forward demodulation 2170,100]
2352. double_divide(inverse(X2),inverse(X0)) = double_divide(X1,inverse(double_divide(double_divide(double_divide(inverse(double_divide(X3,inverse(X2))),X4),inverse(inverse(X0))),inverse(double_divide(double_divide(X1,X4),inverse(X3)))))) [forward demodulation 2166,100]
2367. double_divide(inverse(double_divide(double_divide(double_divide(X1,X2),X3),inverse(X4))),inverse(double_divide(inverse(X0),X3))) = double_divide(X5,double_divide(X0,inverse(inverse(double_divide(inverse(double_divide(X6,inverse(X5))),inverse(double_divide(inverse(double_divide(double_divide(double_divide(X1,inverse(double_divide(inverse(X4),X2))),X7),inverse(X6))),X7))))))) [forward demodulation 2273,555]
2370. double_divide(X1,inverse(double_divide(inverse(X7),inverse(double_divide(inverse(X6),X2))))) = double_divide(X0,double_divide(X6,inverse(inverse(double_divide(inverse(X7),inverse(double_divide(inverse(double_divide(X3,inverse(X0))),inverse(double_divide(inverse(double_divide(X4,inverse(X3))),inverse(double_divide(inverse(double_divide(double_divide(double_divide(X1,X2),X5),inverse(X4))),X5))))))))))) [forward demodulation 2276,555]
2390. double_divide(X2,double_divide(X3,inverse(inverse(double_divide(inverse(double_divide(double_divide(X0,X1),inverse(double_divide(X0,inverse(X2))))),X1))))) = X3 [forward demodulation 2297,555]
2441. double_divide(inverse(X1),X5) = double_divide(X4,double_divide(double_divide(inverse(double_divide(inverse(double_divide(X6,inverse(inverse(double_divide(double_divide(double_divide(X0,X3),X5),inverse(X2)))))),X7)),inverse(double_divide(double_divide(X4,X7),inverse(X6)))),inverse(inverse(double_divide(X0,inverse(double_divide(inverse(X1),inverse(double_divide(inverse(X2),X3))))))))) [forward demodulation 2348,679]
2445. double_divide(inverse(X2),inverse(X0)) = double_divide(X1,double_divide(double_divide(inverse(double_divide(inverse(double_divide(X3,inverse(X2))),X4)),inverse(double_divide(double_divide(X1,X4),inverse(X3)))),inverse(inverse(X0)))) [forward demodulation 2352,679]
2460. double_divide(inverse(double_divide(double_divide(double_divide(X1,X2),X3),inverse(X4))),inverse(double_divide(inverse(X0),X3))) = double_divide(X5,double_divide(X0,double_divide(inverse(double_divide(X6,inverse(X5))),inverse(double_divide(inverse(double_divide(double_divide(double_divide(X1,inverse(double_divide(inverse(X4),X2))),X7),inverse(X6))),X7))))) [forward demodulation 2367,613]
2463. double_divide(X1,inverse(double_divide(inverse(X7),inverse(double_divide(inverse(X6),X2))))) = double_divide(X0,double_divide(X6,double_divide(inverse(X7),inverse(double_divide(inverse(double_divide(X3,inverse(X0))),inverse(double_divide(inverse(double_divide(X4,inverse(X3))),inverse(double_divide(inverse(double_divide(double_divide(double_divide(X1,X2),X5),inverse(X4))),X5))))))))) [forward demodulation 2370,613]
2481. double_divide(X2,double_divide(X3,double_divide(inverse(double_divide(double_divide(X0,X1),inverse(double_divide(X0,inverse(X2))))),X1))) = X3 [forward demodulation 2390,613]
2532. double_divide(inverse(X1),X5) = double_divide(X4,double_divide(inverse(double_divide(double_divide(inverse(X2),X3),inverse(X0))),inverse(double_divide(double_divide(inverse(double_divide(inverse(double_divide(X6,inverse(inverse(double_divide(double_divide(double_divide(X0,X3),X5),inverse(X2)))))),X7)),inverse(double_divide(double_divide(X4,X7),inverse(X6)))),inverse(inverse(X1)))))) [forward demodulation 2441,153]
2536. double_divide(inverse(X2),inverse(X0)) = double_divide(X1,double_divide(double_divide(inverse(double_divide(inverse(double_divide(X3,inverse(X2))),X4)),inverse(double_divide(double_divide(X1,X4),inverse(X3)))),X0)) [forward demodulation 2445,613]
2551. double_divide(inverse(double_divide(double_divide(double_divide(X1,X2),X3),inverse(X4))),inverse(double_divide(inverse(X0),X3))) = double_divide(X5,double_divide(double_divide(inverse(double_divide(double_divide(double_divide(X1,inverse(double_divide(inverse(X4),X2))),X7),inverse(X6))),X7),inverse(double_divide(double_divide(X6,inverse(X5)),X0)))) [forward demodulation 2460,2139]
2554. double_divide(X1,inverse(double_divide(inverse(X7),inverse(double_divide(inverse(X6),X2))))) = double_divide(X0,double_divide(double_divide(inverse(double_divide(X3,inverse(X0))),inverse(double_divide(inverse(double_divide(X4,inverse(X3))),inverse(double_divide(inverse(double_divide(double_divide(double_divide(X1,X2),X5),inverse(X4))),X5))))),inverse(double_divide(X7,X6)))) [forward demodulation 2463,2139]
2572. double_divide(X2,double_divide(X3,double_divide(X1,inverse(double_divide(double_divide(X0,X1),inverse(double_divide(X0,inverse(X2)))))))) = X3 [forward demodulation 2481,674]
2623. double_divide(inverse(X1),X5) = double_divide(double_divide(double_divide(inverse(double_divide(inverse(double_divide(X6,inverse(inverse(double_divide(double_divide(double_divide(X0,X3),X5),inverse(X2)))))),X7)),inverse(double_divide(double_divide(X4,X7),inverse(X6)))),inverse(inverse(X1))),inverse(double_divide(double_divide(double_divide(inverse(X2),X3),inverse(X0)),X4))) [forward demodulation 2532,2139]
2627. double_divide(inverse(X2),inverse(X0)) = double_divide(X1,double_divide(double_divide(inverse(double_divide(inverse(double_divide(X3,inverse(X2))),X4)),double_divide(double_divide(inverse(X1),inverse(X3)),X4)),X0)) [forward demodulation 2536,679]
2642. double_divide(inverse(double_divide(double_divide(double_divide(X1,X2),X3),inverse(X4))),inverse(double_divide(inverse(X0),X3))) = double_divide(X5,double_divide(double_divide(inverse(double_divide(double_divide(double_divide(X1,inverse(double_divide(inverse(X4),X2))),X7),inverse(X6))),X7),double_divide(double_divide(inverse(X6),X0),inverse(X5)))) [forward demodulation 2551,679]
2645. double_divide(X1,inverse(double_divide(inverse(X7),inverse(double_divide(inverse(X6),X2))))) = double_divide(X0,double_divide(double_divide(inverse(double_divide(X4,inverse(X3))),inverse(double_divide(inverse(double_divide(double_divide(double_divide(X1,X2),X5),inverse(X4))),X5))),double_divide(inverse(double_divide(X3,inverse(X0))),inverse(inverse(double_divide(X7,X6)))))) [forward demodulation 2554,1288]
2663. double_divide(X2,double_divide(X3,double_divide(X1,double_divide(double_divide(inverse(X0),inverse(double_divide(X0,inverse(X2)))),X1)))) = X3 [forward demodulation 2572,679]
2714. double_divide(inverse(X1),X5) = double_divide(double_divide(double_divide(inverse(double_divide(inverse(double_divide(X6,inverse(inverse(double_divide(double_divide(double_divide(X0,X3),X5),inverse(X2)))))),X7)),inverse(double_divide(double_divide(X4,X7),inverse(X6)))),inverse(inverse(X1))),double_divide(double_divide(inverse(double_divide(inverse(X2),X3)),X4),inverse(X0))) [forward demodulation 2623,679]
2718. double_divide(inverse(X2),inverse(X0)) = double_divide(X1,double_divide(double_divide(inverse(double_divide(double_divide(X2,inverse(X3)),X4)),double_divide(double_divide(inverse(X1),inverse(X3)),X4)),X0)) [forward demodulation 2627,555]
2733. double_divide(inverse(double_divide(double_divide(double_divide(X1,X2),X3),inverse(X4))),inverse(double_divide(inverse(X0),X3))) = double_divide(X5,double_divide(inverse(X6),double_divide(double_divide(double_divide(inverse(double_divide(double_divide(double_divide(X1,inverse(double_divide(inverse(X4),X2))),X7),inverse(X6))),X7),X0),inverse(X5)))) [forward demodulation 2642,1848]
2736. double_divide(X1,inverse(double_divide(inverse(X7),inverse(double_divide(inverse(X6),X2))))) = double_divide(X0,double_divide(double_divide(inverse(double_divide(double_divide(double_divide(X1,X2),X5),inverse(X4))),X5),double_divide(inverse(double_divide(X4,inverse(X3))),inverse(double_divide(inverse(double_divide(X3,inverse(X0))),inverse(inverse(double_divide(X7,X6)))))))) [forward demodulation 2645,1288]
2754. double_divide(X2,double_divide(X3,double_divide(inverse(X0),inverse(double_divide(X0,inverse(X2)))))) = X3 [forward demodulation 2663,1066]
2803. double_divide(inverse(X1),X5) = double_divide(inverse(double_divide(inverse(X2),X3)),double_divide(double_divide(double_divide(double_divide(inverse(double_divide(inverse(double_divide(X6,inverse(inverse(double_divide(double_divide(double_divide(X0,X3),X5),inverse(X2)))))),X7)),inverse(double_divide(double_divide(X4,X7),inverse(X6)))),inverse(inverse(X1))),X4),inverse(X0))) [forward demodulation 2714,1848]
2821. double_divide(inverse(double_divide(double_divide(double_divide(X1,X2),X3),inverse(X4))),inverse(double_divide(inverse(X0),X3))) = double_divide(X5,double_divide(X5,double_divide(double_divide(double_divide(inverse(double_divide(double_divide(double_divide(X1,inverse(double_divide(inverse(X4),X2))),X7),inverse(X6))),X7),X0),X6))) [forward demodulation 2733,694]
2824. double_divide(X1,inverse(double_divide(inverse(X7),inverse(double_divide(inverse(X6),X2))))) = double_divide(X0,double_divide(double_divide(inverse(double_divide(X3,inverse(X0))),inverse(inverse(double_divide(X7,X6)))),inverse(double_divide(double_divide(X4,inverse(X3)),double_divide(inverse(double_divide(double_divide(double_divide(X1,X2),X5),inverse(X4))),X5))))) [forward demodulation 2736,2139]
2842. double_divide(X2,double_divide(double_divide(X0,inverse(X2)),inverse(double_divide(X0,X3)))) = X3 [forward demodulation 2754,2139]
2889. double_divide(inverse(X1),X5) = double_divide(inverse(double_divide(inverse(X2),X3)),double_divide(inverse(X0),double_divide(double_divide(double_divide(inverse(double_divide(inverse(double_divide(X6,inverse(inverse(double_divide(double_divide(double_divide(X0,X3),X5),inverse(X2)))))),X7)),inverse(double_divide(double_divide(X4,X7),inverse(X6)))),inverse(inverse(X1))),X4))) [forward demodulation 2803,674]
2907. double_divide(inverse(double_divide(double_divide(double_divide(X1,X2),X3),inverse(X4))),inverse(double_divide(inverse(X0),X3))) = double_divide(X5,double_divide(X5,double_divide(X6,double_divide(double_divide(inverse(double_divide(double_divide(double_divide(X1,inverse(double_divide(inverse(X4),X2))),X7),inverse(X6))),X7),X0)))) [forward demodulation 2821,674]
2910. double_divide(X1,inverse(double_divide(inverse(X7),inverse(double_divide(inverse(X6),X2))))) = double_divide(X0,double_divide(double_divide(inverse(double_divide(X3,inverse(X0))),inverse(inverse(double_divide(X7,X6)))),double_divide(double_divide(inverse(X4),double_divide(inverse(double_divide(double_divide(double_divide(X1,X2),X5),inverse(X4))),X5)),inverse(X3)))) [forward demodulation 2824,679]
2927. double_divide(X0,inverse(inverse(double_divide(X0,X3)))) = X3 [forward demodulation 2842,1380]
2971. double_divide(inverse(X1),X5) = double_divide(inverse(double_divide(inverse(X2),X3)),double_divide(inverse(X0),double_divide(X4,double_divide(double_divide(inverse(double_divide(inverse(double_divide(X6,inverse(inverse(double_divide(double_divide(double_divide(X0,X3),X5),inverse(X2)))))),X7)),inverse(double_divide(double_divide(X4,X7),inverse(X6)))),inverse(inverse(X1)))))) [forward demodulation 2889,674]
2987. double_divide(inverse(double_divide(double_divide(double_divide(X1,X2),X3),inverse(X4))),inverse(double_divide(inverse(X0),X3))) = double_divide(X5,double_divide(X5,double_divide(X6,double_divide(double_divide(X1,inverse(double_divide(inverse(X6),inverse(double_divide(inverse(X4),X2))))),X0)))) [forward demodulation 2907,4]
2990. double_divide(X1,inverse(double_divide(inverse(X7),inverse(double_divide(inverse(X6),X2))))) = double_divide(X0,double_divide(double_divide(X3,inverse(X0)),double_divide(double_divide(double_divide(X4,inverse(inverse(double_divide(X7,X6)))),double_divide(inverse(double_divide(double_divide(double_divide(X1,X2),X5),inverse(X4))),X5)),inverse(X3)))) [forward demodulation 2910,1946]
3006. double_divide(X0,double_divide(X0,X3)) = X3 [forward demodulation 2927,613]
3048. double_divide(inverse(X1),X5) = double_divide(inverse(double_divide(inverse(X2),X3)),double_divide(inverse(X0),double_divide(X4,double_divide(double_divide(inverse(double_divide(inverse(double_divide(X6,inverse(inverse(double_divide(double_divide(double_divide(X0,X3),X5),inverse(X2)))))),X7)),inverse(double_divide(double_divide(X4,X7),inverse(X6)))),X1)))) [forward demodulation 2971,613]
3063. double_divide(inverse(double_divide(double_divide(double_divide(X1,X2),X3),inverse(X4))),inverse(double_divide(inverse(X0),X3))) = double_divide(X5,double_divide(X5,double_divide(X6,double_divide(double_divide(X1,double_divide(double_divide(inverse(X4),X2),inverse(inverse(X6)))),X0)))) [forward demodulation 2987,555]
3066. double_divide(X1,inverse(double_divide(inverse(X7),inverse(double_divide(inverse(X6),X2))))) = double_divide(X3,inverse(double_divide(double_divide(double_divide(X4,inverse(inverse(double_divide(X7,X6)))),double_divide(inverse(double_divide(double_divide(double_divide(X1,X2),X5),inverse(X4))),X5)),inverse(X3)))) [forward demodulation 2990,1380]
3113. double_divide(inverse(X1),X5) = double_divide(inverse(double_divide(inverse(X2),X3)),double_divide(inverse(X0),double_divide(X4,double_divide(double_divide(inverse(double_divide(inverse(double_divide(X6,inverse(inverse(double_divide(double_divide(double_divide(X0,X3),X5),inverse(X2)))))),X7)),double_divide(double_divide(inverse(X4),inverse(X6)),X7)),X1)))) [forward demodulation 3048,679]
3127. double_divide(inverse(double_divide(double_divide(double_divide(X1,X2),X3),inverse(X4))),inverse(double_divide(inverse(X0),X3))) = double_divide(X6,double_divide(double_divide(X1,double_divide(double_divide(inverse(X4),X2),inverse(inverse(X6)))),X0)) [forward demodulation 3063,3006]
3130. double_divide(X1,inverse(double_divide(inverse(X7),inverse(double_divide(inverse(X6),X2))))) = double_divide(X3,double_divide(double_divide(inverse(double_divide(X4,inverse(inverse(double_divide(X7,X6))))),inverse(X3)),double_divide(inverse(double_divide(double_divide(double_divide(X1,X2),X5),inverse(X4))),X5))) [forward demodulation 3066,679]
3173. double_divide(inverse(X1),X5) = double_divide(inverse(double_divide(inverse(X2),X3)),double_divide(inverse(X0),double_divide(X4,double_divide(double_divide(inverse(double_divide(double_divide(inverse(double_divide(double_divide(double_divide(X0,X3),X5),inverse(X2))),inverse(X6)),X7)),double_divide(double_divide(inverse(X4),inverse(X6)),X7)),X1)))) [forward demodulation 3113,555]
3186. double_divide(inverse(double_divide(double_divide(double_divide(X1,X2),X3),inverse(X4))),inverse(double_divide(inverse(X0),X3))) = double_divide(X6,double_divide(double_divide(X1,double_divide(double_divide(inverse(X4),X2),X6)),X0)) [forward demodulation 3127,613]
3189. double_divide(X1,inverse(double_divide(inverse(X7),inverse(double_divide(inverse(X6),X2))))) = double_divide(inverse(double_divide(X4,inverse(inverse(double_divide(X7,X6))))),inverse(double_divide(inverse(double_divide(double_divide(double_divide(X1,X2),X5),inverse(X4))),X5))) [forward demodulation 3130,693]
3227. double_divide(inverse(X1),X5) = double_divide(inverse(double_divide(inverse(X2),X3)),double_divide(inverse(X0),double_divide(inverse(inverse(double_divide(double_divide(double_divide(X0,X3),X5),inverse(X2)))),inverse(X1)))) [forward demodulation 3173,2718]
3238. double_divide(X1,inverse(double_divide(inverse(X0),inverse(double_divide(inverse(X4),X2))))) = double_divide(X6,double_divide(double_divide(X1,double_divide(double_divide(inverse(X4),X2),X6)),X0)) [forward demodulation 3186,13]
3241. double_divide(X1,inverse(double_divide(inverse(X7),inverse(double_divide(inverse(X6),X2))))) = double_divide(inverse(inverse(double_divide(X7,X6))),inverse(double_divide(X1,X2))) [forward demodulation 3189,39]
3275. double_divide(inverse(X1),X5) = double_divide(inverse(double_divide(inverse(X2),X3)),double_divide(X1,inverse(double_divide(inverse(double_divide(double_divide(double_divide(X0,X3),X5),inverse(X2))),inverse(X0))))) [forward demodulation 3227,2139]
3283. double_divide(X6,double_divide(double_divide(X1,double_divide(double_divide(inverse(X4),X2),X6)),X0)) = double_divide(X1,double_divide(double_divide(inverse(X4),X2),inverse(inverse(X0)))) [forward demodulation 3238,555]
3286. double_divide(X1,inverse(double_divide(inverse(X7),inverse(double_divide(inverse(X6),X2))))) = double_divide(double_divide(X7,X6),inverse(double_divide(X1,X2))) [forward demodulation 3241,547]
3312. double_divide(inverse(X1),X5) = double_divide(double_divide(double_divide(double_divide(X0,X3),X5),inverse(X2)),double_divide(double_divide(inverse(X1),inverse(double_divide(inverse(X2),X3))),inverse(X0))) [forward demodulation 3275,2096]
3319. double_divide(X1,double_divide(double_divide(inverse(X4),X2),X0)) = double_divide(X6,double_divide(double_divide(X1,double_divide(double_divide(inverse(X4),X2),X6)),X0)) [forward demodulation 3283,613]
3322. double_divide(double_divide(X7,X6),inverse(double_divide(X1,X2))) = double_divide(X1,double_divide(double_divide(inverse(X6),X2),inverse(inverse(X7)))) [forward demodulation 3286,555]
3346. double_divide(inverse(X1),X5) = double_divide(double_divide(double_divide(double_divide(X0,X3),X5),inverse(X2)),double_divide(double_divide(inverse(X2),X3),double_divide(inverse(X1),inverse(inverse(X0))))) [forward demodulation 3312,1288]
3354. double_divide(double_divide(X7,X6),inverse(double_divide(X1,X2))) = double_divide(X1,double_divide(double_divide(inverse(X6),X2),X7)) [forward demodulation 3322,613]
3372. double_divide(inverse(X1),X5) = double_divide(inverse(X2),double_divide(double_divide(double_divide(double_divide(double_divide(X0,X3),X5),inverse(X2)),X3),double_divide(inverse(X1),inverse(inverse(X0))))) [forward demodulation 3346,1848]
3391. double_divide(inverse(X1),X5) = double_divide(inverse(X2),double_divide(inverse(X0),inverse(double_divide(X1,double_divide(double_divide(double_divide(double_divide(X0,X3),X5),inverse(X2)),X3))))) [forward demodulation 3372,2139]
3404. double_divide(inverse(X1),X5) = double_divide(double_divide(X1,double_divide(double_divide(double_divide(double_divide(X0,X3),X5),inverse(X2)),X3)),inverse(double_divide(X0,inverse(X2)))) [forward demodulation 3391,2139]
3412. double_divide(inverse(X1),X5) = double_divide(X0,double_divide(double_divide(inverse(double_divide(double_divide(double_divide(double_divide(X0,X3),X5),inverse(X2)),X3)),inverse(X2)),X1)) [forward demodulation 3404,3354]
3419. double_divide(inverse(X1),X5) = double_divide(X0,double_divide(double_divide(double_divide(X0,X3),inverse(double_divide(X3,X5))),X1)) [forward demodulation 3412,1330]
3426. double_divide(inverse(X1),X5) = double_divide(X0,double_divide(double_divide(X3,double_divide(double_divide(inverse(X3),X5),X0)),X1)) [forward demodulation 3419,3354]
3431. double_divide(inverse(X1),X5) = double_divide(X3,double_divide(double_divide(inverse(X3),X5),X1)) [forward demodulation 3426,3319]
3440. inverse(double_divide(inverse(X2),inverse(double_divide(inverse(double_divide(double_divide(X3,X4),inverse(X0))),X4)))) = double_divide(X3,double_divide(inverse(double_divide(double_divide(X0,X1),inverse(X2))),X1)) [superposition 3006,5]
3442. double_divide(X0,X1) = double_divide(X1,X0) [superposition 3006,1066]
3445. inverse(double_divide(X0,inverse(double_divide(inverse(X3),X2)))) = double_divide(inverse(double_divide(X3,inverse(X1))),double_divide(X0,inverse(double_divide(inverse(X1),X2)))) [superposition 3006,12]
3450. inverse(double_divide(X1,inverse(double_divide(inverse(X0),X2)))) = double_divide(double_divide(X1,X2),X0) [superposition 3006,9]
3455. double_divide(inverse(double_divide(double_divide(X3,X4),inverse(X2))),X4) = double_divide(X1,inverse(double_divide(inverse(X2),inverse(double_divide(inverse(double_divide(X0,inverse(X3))),double_divide(X1,X0)))))) [superposition 5,3006]
3459. double_divide(inverse(double_divide(double_divide(X0,X2),inverse(X3))),inverse(double_divide(inverse(X4),X2))) = double_divide(X1,inverse(double_divide(inverse(X4),inverse(double_divide(inverse(X3),double_divide(X1,X0)))))) [superposition 13,3006]
3462. double_divide(X1,inverse(double_divide(inverse(X4),inverse(double_divide(inverse(X3),X2))))) = double_divide(inverse(double_divide(X0,inverse(X3))),inverse(double_divide(inverse(X4),double_divide(double_divide(X1,X2),X0)))) [superposition 13,3006]
3477. double_divide(X1,inverse(double_divide(inverse(X4),inverse(double_divide(inverse(X3),X2))))) = double_divide(X0,inverse(double_divide(inverse(double_divide(inverse(X4),double_divide(double_divide(X1,X2),X0))),inverse(X3)))) [forward demodulation 3462,580]
3479. double_divide(inverse(double_divide(double_divide(X0,X2),inverse(X3))),inverse(double_divide(inverse(X4),X2))) = double_divide(X1,double_divide(double_divide(inverse(X3),double_divide(X1,X0)),inverse(inverse(X4)))) [forward demodulation 3459,555]
3483. double_divide(inverse(double_divide(double_divide(X3,X4),inverse(X2))),X4) = double_divide(X1,double_divide(double_divide(inverse(double_divide(X0,inverse(X3))),double_divide(X1,X0)),inverse(inverse(X2)))) [forward demodulation 3455,555]
3488. double_divide(double_divide(X1,X2),X0) = double_divide(double_divide(inverse(X0),X2),inverse(X1)) [forward demodulation 3450,555]
3493. inverse(double_divide(X0,inverse(double_divide(inverse(X3),X2)))) = double_divide(X1,double_divide(double_divide(inverse(X0),inverse(double_divide(X3,inverse(X1)))),X2)) [forward demodulation 3445,2096]
3497. inverse(double_divide(inverse(X2),inverse(double_divide(inverse(double_divide(double_divide(X3,X4),inverse(X0))),X4)))) = double_divide(X3,double_divide(X1,inverse(double_divide(double_divide(X0,X1),inverse(X2))))) [forward demodulation 3440,674]
3507. double_divide(X1,inverse(double_divide(inverse(X4),inverse(double_divide(inverse(X3),X2))))) = double_divide(X0,double_divide(X3,inverse(inverse(double_divide(inverse(X4),double_divide(double_divide(X1,X2),X0)))))) [forward demodulation 3477,555]
3509. double_divide(inverse(double_divide(double_divide(X0,X2),inverse(X3))),inverse(double_divide(inverse(X4),X2))) = double_divide(X1,double_divide(double_divide(inverse(X3),double_divide(X1,X0)),X4)) [forward demodulation 3479,613]
3513. double_divide(inverse(double_divide(double_divide(X3,X4),inverse(X2))),X4) = double_divide(X1,double_divide(double_divide(inverse(double_divide(X0,inverse(X3))),double_divide(X1,X0)),X2)) [forward demodulation 3483,613]
3520. inverse(double_divide(X0,inverse(double_divide(inverse(X3),X2)))) = double_divide(X1,double_divide(double_divide(inverse(X0),double_divide(X1,inverse(X3))),X2)) [forward demodulation 3493,555]
3523. inverse(double_divide(inverse(X2),inverse(double_divide(inverse(double_divide(double_divide(X3,X4),inverse(X0))),X4)))) = double_divide(X3,double_divide(X1,double_divide(double_divide(inverse(X0),inverse(X2)),X1))) [forward demodulation 3497,679]
3533. double_divide(X1,inverse(double_divide(inverse(X4),inverse(double_divide(inverse(X3),X2))))) = double_divide(X0,double_divide(X3,double_divide(inverse(X4),double_divide(double_divide(X1,X2),X0)))) [forward demodulation 3507,613]
3535. double_divide(double_divide(X0,X2),inverse(double_divide(inverse(double_divide(inverse(X4),X2)),inverse(X3)))) = double_divide(X1,double_divide(double_divide(inverse(X3),double_divide(X1,X0)),X4)) [forward demodulation 3509,580]
3538. double_divide(inverse(double_divide(double_divide(X3,X4),inverse(X2))),X4) = double_divide(X1,double_divide(double_divide(double_divide(X3,inverse(X0)),double_divide(X1,X0)),X2)) [forward demodulation 3513,555]
3545. inverse(double_divide(X0,inverse(double_divide(inverse(X3),X2)))) = double_divide(X1,double_divide(double_divide(X3,double_divide(X1,X0)),X2)) [forward demodulation 3520,694]
3547. inverse(double_divide(inverse(X2),inverse(double_divide(inverse(double_divide(double_divide(X3,X4),inverse(X0))),X4)))) = double_divide(X3,double_divide(inverse(X0),inverse(X2))) [forward demodulation 3523,1066]
3555. double_divide(X1,double_divide(double_divide(inverse(X3),X2),inverse(inverse(X4)))) = double_divide(X0,double_divide(X3,double_divide(inverse(X4),double_divide(double_divide(X1,X2),X0)))) [forward demodulation 3533,555]
3557. double_divide(double_divide(X0,X2),double_divide(X3,inverse(inverse(double_divide(inverse(X4),X2))))) = double_divide(X1,double_divide(double_divide(inverse(X3),double_divide(X1,X0)),X4)) [forward demodulation 3535,555]
3560. double_divide(X1,double_divide(double_divide(double_divide(X3,inverse(X0)),double_divide(X1,X0)),X2)) = double_divide(X4,inverse(double_divide(double_divide(X3,X4),inverse(X2)))) [forward demodulation 3538,3442]
3564. double_divide(double_divide(inverse(X3),X2),inverse(X0)) = double_divide(X1,double_divide(double_divide(X3,double_divide(X1,X0)),X2)) [forward demodulation 3545,555]
3566. inverse(double_divide(inverse(X2),inverse(double_divide(inverse(double_divide(double_divide(X3,X4),inverse(X0))),X4)))) = double_divide(X2,inverse(double_divide(X0,X3))) [forward demodulation 3547,2139]
3573. double_divide(X1,double_divide(double_divide(inverse(X4),X2),X3)) = double_divide(X0,double_divide(X3,double_divide(inverse(X4),double_divide(double_divide(X1,X2),X0)))) [forward demodulation 3555,3488]
3575. double_divide(double_divide(X0,X2),double_divide(X3,double_divide(inverse(X4),X2))) = double_divide(X1,double_divide(double_divide(inverse(X3),double_divide(X1,X0)),X4)) [forward demodulation 3557,613]
3578. double_divide(X1,double_divide(double_divide(double_divide(X3,inverse(X0)),double_divide(X1,X0)),X2)) = double_divide(X4,double_divide(double_divide(inverse(X3),inverse(X2)),X4)) [forward demodulation 3560,679]
3582. double_divide(double_divide(X0,X2),X3) = double_divide(X1,double_divide(double_divide(X3,double_divide(X1,X0)),X2)) [forward demodulation 3564,3488]
3584. double_divide(X2,inverse(double_divide(X0,X3))) = double_divide(double_divide(inverse(double_divide(double_divide(X3,X4),inverse(X0))),X4),inverse(inverse(X2))) [forward demodulation 3566,555]
3592. double_divide(inverse(X4),double_divide(X0,X3)) = double_divide(X1,double_divide(double_divide(inverse(X3),double_divide(X1,X0)),X4)) [forward demodulation 3575,1941]
3595. double_divide(inverse(X3),inverse(X2)) = double_divide(X1,double_divide(double_divide(double_divide(X3,inverse(X0)),double_divide(X1,X0)),X2)) [forward demodulation 3578,1066]
3599. double_divide(X2,inverse(double_divide(X0,X3))) = double_divide(double_divide(inverse(X2),X4),double_divide(double_divide(X3,X4),inverse(X0))) [forward demodulation 3584,3488]
3605. double_divide(double_divide(X0,X4),inverse(X3)) = double_divide(inverse(X4),double_divide(X0,X3)) [forward demodulation 3592,3582]
3607. double_divide(inverse(X3),inverse(X2)) = double_divide(double_divide(X0,X2),double_divide(X3,inverse(X0))) [forward demodulation 3595,3582]
3662. double_divide(X4,inverse(double_divide(inverse(X1),inverse(double_divide(inverse(double_divide(double_divide(X4,X5),inverse(X2))),X5))))) = double_divide(inverse(X0),inverse(double_divide(inverse(double_divide(double_divide(X2,X3),inverse(double_divide(inverse(X1),inverse(inverse(X0)))))),X3))) [superposition 15,73]
3669. double_divide(X4,inverse(double_divide(inverse(X2),inverse(double_divide(inverse(double_divide(double_divide(X4,X5),inverse(X3))),X5))))) = double_divide(inverse(double_divide(X1,inverse(X2))),inverse(double_divide(inverse(double_divide(X0,inverse(X1))),double_divide(X0,X3)))) [superposition 15,1066]
3671. double_divide(X6,inverse(double_divide(inverse(X4),inverse(double_divide(inverse(double_divide(double_divide(X6,X7),inverse(inverse(double_divide(double_divide(double_divide(X0,X2),X5),inverse(X1)))))),X7))))) = double_divide(inverse(double_divide(X3,inverse(X4))),inverse(double_divide(inverse(double_divide(double_divide(X0,inverse(double_divide(inverse(X1),X2))),inverse(X3))),X5))) [superposition 15,4]
3673. double_divide(X6,inverse(double_divide(inverse(X4),inverse(double_divide(inverse(double_divide(double_divide(X6,X7),inverse(inverse(double_divide(X5,inverse(X1)))))),X7))))) = double_divide(inverse(double_divide(X3,inverse(X4))),inverse(double_divide(inverse(double_divide(double_divide(X0,inverse(double_divide(inverse(X1),X2))),inverse(X3))),inverse(double_divide(X0,inverse(double_divide(inverse(X5),X2))))))) [superposition 15,12]
3674. double_divide(X8,inverse(double_divide(inverse(X5),inverse(double_divide(inverse(double_divide(double_divide(X8,X9),inverse(inverse(double_divide(X6,inverse(X1)))))),X9))))) = double_divide(inverse(double_divide(X4,inverse(X5))),inverse(double_divide(inverse(double_divide(double_divide(X0,inverse(double_divide(inverse(X1),inverse(double_divide(inverse(double_divide(double_divide(X0,X2),inverse(X3))),X2))))),inverse(X4))),inverse(double_divide(inverse(double_divide(double_divide(X3,X7),inverse(X6))),X7))))) [superposition 15,15]
3677. double_divide(X7,inverse(double_divide(inverse(X5),inverse(double_divide(inverse(double_divide(double_divide(X7,X8),inverse(inverse(double_divide(double_divide(X3,X6),inverse(X1)))))),X8))))) = double_divide(inverse(double_divide(X4,inverse(X5))),inverse(double_divide(inverse(double_divide(double_divide(X0,inverse(double_divide(inverse(X1),inverse(double_divide(inverse(double_divide(double_divide(X0,X2),inverse(X3))),X2))))),inverse(X4))),X6))) [superposition 15,5]
3726. double_divide(X3,inverse(double_divide(inverse(X2),inverse(double_divide(inverse(X0),X4))))) = double_divide(inverse(double_divide(X1,inverse(X2))),inverse(double_divide(inverse(double_divide(double_divide(double_divide(inverse(double_divide(X3,X4)),inverse(X0)),X5),inverse(X1))),X5))) [superposition 15,534]
3757. double_divide(X6,inverse(X1)) = double_divide(double_divide(X4,inverse(double_divide(inverse(double_divide(double_divide(X3,X5),inverse(X6))),X5))),inverse(double_divide(X4,inverse(double_divide(X0,inverse(double_divide(inverse(X1),inverse(double_divide(inverse(double_divide(double_divide(X0,X2),inverse(X3))),X2))))))))) [superposition 9,15]
3760. double_divide(inverse(double_divide(X4,inverse(X1))),inverse(double_divide(inverse(X5),X6))) = double_divide(inverse(double_divide(double_divide(double_divide(X3,X6),inverse(X4)),inverse(X5))),inverse(double_divide(X0,inverse(double_divide(inverse(X1),inverse(double_divide(inverse(double_divide(double_divide(X0,X2),inverse(X3))),X2))))))) [superposition 12,15]
3816. double_divide(inverse(double_divide(inverse(double_divide(X0,inverse(X1))),inverse(double_divide(inverse(double_divide(double_divide(X2,X3),inverse(X0))),X3)))),X6) = double_divide(X4,inverse(double_divide(inverse(double_divide(inverse(X1),inverse(double_divide(inverse(double_divide(double_divide(double_divide(double_divide(X4,X5),X6),X7),inverse(X2))),X7)))),X5))) [superposition 4,15]
3820. double_divide(inverse(double_divide(double_divide(double_divide(X4,X5),inverse(double_divide(inverse(X1),inverse(double_divide(inverse(double_divide(double_divide(inverse(double_divide(double_divide(X4,inverse(double_divide(inverse(X6),X5))),inverse(X7))),X8),inverse(X2))),X8))))),inverse(X6))),inverse(double_divide(inverse(double_divide(X0,inverse(X1))),inverse(double_divide(inverse(double_divide(double_divide(X2,X3),inverse(X0))),X3))))) = X7 [superposition 10,15]
3833. double_divide(inverse(double_divide(X1,inverse(double_divide(double_divide(double_divide(X4,X5),inverse(double_divide(inverse(double_divide(double_divide(inverse(double_divide(double_divide(X4,inverse(double_divide(inverse(X6),X5))),inverse(X7))),X8),inverse(X2))),X8))),inverse(double_divide(inverse(double_divide(X0,inverse(X1))),inverse(double_divide(inverse(double_divide(double_divide(X2,X3),inverse(X0))),X3)))))))),inverse(X6)) = X7 [forward demodulation 3820,457]
3837. double_divide(inverse(double_divide(inverse(double_divide(X0,inverse(X1))),inverse(double_divide(inverse(double_divide(double_divide(X2,X3),inverse(X0))),X3)))),X6) = double_divide(X4,inverse(double_divide(X5,inverse(double_divide(inverse(X1),inverse(double_divide(inverse(double_divide(double_divide(double_divide(double_divide(X4,X5),X6),X7),inverse(X2))),X7))))))) [forward demodulation 3816,3442]
3893. double_divide(inverse(double_divide(X4,inverse(X1))),inverse(double_divide(inverse(X5),X6))) = double_divide(double_divide(double_divide(X3,X6),inverse(X4)),inverse(double_divide(inverse(double_divide(X0,inverse(double_divide(inverse(X1),inverse(double_divide(inverse(double_divide(double_divide(X0,X2),inverse(X3))),X2)))))),inverse(X5)))) [forward demodulation 3760,580]
3895. double_divide(X6,inverse(X1)) = double_divide(double_divide(double_divide(X0,inverse(double_divide(inverse(double_divide(double_divide(X0,X2),inverse(X3))),X2))),inverse(double_divide(inverse(double_divide(double_divide(X3,X5),inverse(X6))),X5))),inverse(X1)) [forward demodulation 3757,51]
3925. double_divide(X3,inverse(double_divide(inverse(X2),inverse(double_divide(inverse(X0),X4))))) = double_divide(inverse(X2),inverse(double_divide(inverse(double_divide(X3,X4)),inverse(X0)))) [forward demodulation 3726,39]
3972. double_divide(X7,inverse(double_divide(inverse(X5),inverse(double_divide(inverse(double_divide(double_divide(X7,X8),inverse(inverse(double_divide(double_divide(X3,X6),inverse(X1)))))),X8))))) = double_divide(X4,inverse(double_divide(inverse(double_divide(inverse(double_divide(double_divide(X0,inverse(double_divide(inverse(X1),inverse(double_divide(inverse(double_divide(double_divide(X0,X2),inverse(X3))),X2))))),inverse(X4))),X6)),inverse(X5)))) [forward demodulation 3677,580]
3975. double_divide(X8,inverse(double_divide(inverse(X5),inverse(double_divide(inverse(double_divide(double_divide(X8,X9),inverse(inverse(double_divide(X6,inverse(X1)))))),X9))))) = double_divide(X4,inverse(double_divide(inverse(double_divide(inverse(double_divide(double_divide(X0,inverse(double_divide(inverse(X1),inverse(double_divide(inverse(double_divide(double_divide(X0,X2),inverse(X3))),X2))))),inverse(X4))),inverse(double_divide(inverse(double_divide(double_divide(X3,X7),inverse(X6))),X7)))),inverse(X5)))) [forward demodulation 3674,580]
3976. double_divide(X6,inverse(double_divide(inverse(X4),inverse(double_divide(inverse(double_divide(double_divide(X6,X7),inverse(inverse(double_divide(X5,inverse(X1)))))),X7))))) = double_divide(X3,inverse(double_divide(inverse(double_divide(inverse(double_divide(double_divide(X0,inverse(double_divide(inverse(X1),X2))),inverse(X3))),inverse(double_divide(X0,inverse(double_divide(inverse(X5),X2)))))),inverse(X4)))) [forward demodulation 3673,580]
3978. double_divide(X6,inverse(double_divide(inverse(X4),inverse(double_divide(inverse(double_divide(double_divide(X6,X7),inverse(inverse(double_divide(double_divide(double_divide(X0,X2),X5),inverse(X1)))))),X7))))) = double_divide(X3,inverse(double_divide(inverse(double_divide(inverse(double_divide(double_divide(X0,inverse(double_divide(inverse(X1),X2))),inverse(X3))),X5)),inverse(X4)))) [forward demodulation 3671,580]
3980. double_divide(X4,inverse(double_divide(inverse(X2),inverse(double_divide(inverse(double_divide(double_divide(X4,X5),inverse(X3))),X5))))) = double_divide(X1,inverse(double_divide(inverse(double_divide(inverse(double_divide(X0,inverse(X1))),double_divide(X0,X3))),inverse(X2)))) [forward demodulation 3669,580]
3987. double_divide(X4,inverse(double_divide(inverse(X1),inverse(double_divide(inverse(double_divide(double_divide(X4,X5),inverse(X2))),X5))))) = double_divide(inverse(X0),inverse(double_divide(X3,inverse(double_divide(double_divide(X2,X3),inverse(double_divide(inverse(X1),inverse(inverse(X0))))))))) [forward demodulation 3662,3442]
4009. double_divide(inverse(X6),inverse(double_divide(X1,inverse(double_divide(double_divide(double_divide(X4,X5),inverse(double_divide(inverse(double_divide(double_divide(inverse(double_divide(double_divide(X4,inverse(double_divide(inverse(X6),X5))),inverse(X7))),X8),inverse(X2))),X8))),inverse(double_divide(inverse(double_divide(X0,inverse(X1))),inverse(double_divide(inverse(double_divide(double_divide(X2,X3),inverse(X0))),X3))))))))) = X7 [forward demodulation 3833,3442]
4013. double_divide(inverse(double_divide(inverse(double_divide(X0,inverse(X1))),inverse(double_divide(inverse(double_divide(double_divide(X2,X3),inverse(X0))),X3)))),X6) = double_divide(X4,inverse(double_divide(double_divide(double_divide(inverse(X1),X7),inverse(X5)),inverse(double_divide(double_divide(double_divide(double_divide(X4,X5),X6),X7),inverse(X2)))))) [forward demodulation 3837,100]
4068. double_divide(inverse(double_divide(X4,inverse(X1))),inverse(double_divide(inverse(X5),X6))) = double_divide(inverse(inverse(X4)),double_divide(double_divide(X3,X6),double_divide(inverse(double_divide(X0,inverse(double_divide(inverse(X1),inverse(double_divide(inverse(double_divide(double_divide(X0,X2),inverse(X3))),X2)))))),inverse(X5)))) [forward demodulation 3893,3605]
4070. double_divide(X6,inverse(X1)) = double_divide(inverse(inverse(double_divide(inverse(double_divide(double_divide(X3,X5),inverse(X6))),X5))),double_divide(double_divide(X0,inverse(double_divide(inverse(double_divide(double_divide(X0,X2),inverse(X3))),X2))),X1)) [forward demodulation 3895,3605]
4094. double_divide(X3,inverse(double_divide(inverse(X2),inverse(double_divide(inverse(X0),X4))))) = double_divide(inverse(X2),double_divide(X0,inverse(inverse(double_divide(X3,X4))))) [forward demodulation 3925,555]
4140. double_divide(X7,inverse(double_divide(inverse(X5),inverse(double_divide(inverse(double_divide(double_divide(X7,X8),inverse(inverse(double_divide(double_divide(X3,X6),inverse(X1)))))),X8))))) = double_divide(X4,double_divide(X5,inverse(inverse(double_divide(inverse(double_divide(double_divide(X0,inverse(double_divide(inverse(X1),inverse(double_divide(inverse(double_divide(double_divide(X0,X2),inverse(X3))),X2))))),inverse(X4))),X6))))) [forward demodulation 3972,555]
4143. double_divide(X8,inverse(double_divide(inverse(X5),inverse(double_divide(inverse(double_divide(double_divide(X8,X9),inverse(inverse(double_divide(X6,inverse(X1)))))),X9))))) = double_divide(X4,double_divide(X5,inverse(inverse(double_divide(inverse(double_divide(double_divide(X0,inverse(double_divide(inverse(X1),inverse(double_divide(inverse(double_divide(double_divide(X0,X2),inverse(X3))),X2))))),inverse(X4))),inverse(double_divide(inverse(double_divide(double_divide(X3,X7),inverse(X6))),X7))))))) [forward demodulation 3975,555]
4144. double_divide(X6,inverse(double_divide(inverse(X4),inverse(double_divide(inverse(double_divide(double_divide(X6,X7),inverse(inverse(double_divide(X5,inverse(X1)))))),X7))))) = double_divide(X3,double_divide(X4,inverse(inverse(double_divide(inverse(double_divide(double_divide(X0,inverse(double_divide(inverse(X1),X2))),inverse(X3))),inverse(double_divide(X0,inverse(double_divide(inverse(X5),X2))))))))) [forward demodulation 3976,555]
4146. double_divide(X6,inverse(double_divide(inverse(X4),inverse(double_divide(inverse(double_divide(double_divide(X6,X7),inverse(inverse(double_divide(double_divide(double_divide(X0,X2),X5),inverse(X1)))))),X7))))) = double_divide(X3,double_divide(X4,inverse(inverse(double_divide(inverse(double_divide(double_divide(X0,inverse(double_divide(inverse(X1),X2))),inverse(X3))),X5))))) [forward demodulation 3978,555]
4148. double_divide(X4,inverse(double_divide(inverse(X2),inverse(double_divide(inverse(double_divide(double_divide(X4,X5),inverse(X3))),X5))))) = double_divide(X1,double_divide(X2,inverse(inverse(double_divide(inverse(double_divide(X0,inverse(X1))),double_divide(X0,X3)))))) [forward demodulation 3980,555]
4155. double_divide(X4,inverse(double_divide(inverse(X1),inverse(double_divide(inverse(double_divide(double_divide(X4,X5),inverse(X2))),X5))))) = double_divide(inverse(X0),inverse(double_divide(double_divide(double_divide(double_divide(X2,X3),inverse(inverse(X0))),inverse(X3)),inverse(X1)))) [forward demodulation 3987,100]
4177. double_divide(inverse(X6),inverse(double_divide(double_divide(double_divide(double_divide(double_divide(X4,X5),inverse(double_divide(inverse(double_divide(double_divide(inverse(double_divide(double_divide(X4,inverse(double_divide(inverse(X6),X5))),inverse(X7))),X8),inverse(X2))),X8))),inverse(double_divide(inverse(double_divide(double_divide(X2,X3),inverse(X0))),X3))),inverse(X1)),inverse(double_divide(X0,inverse(X1)))))) = X7 [forward demodulation 4009,100]
4181. double_divide(inverse(double_divide(inverse(double_divide(X0,inverse(X1))),inverse(double_divide(inverse(double_divide(double_divide(X2,X3),inverse(X0))),X3)))),X6) = double_divide(X4,double_divide(double_divide(inverse(double_divide(inverse(X1),X7)),inverse(double_divide(double_divide(double_divide(double_divide(X4,X5),X6),X7),inverse(X2)))),inverse(X5))) [forward demodulation 4013,679]
4235. double_divide(inverse(double_divide(X4,inverse(X1))),inverse(double_divide(inverse(X5),X6))) = double_divide(inverse(inverse(X4)),double_divide(X5,inverse(double_divide(double_divide(X0,inverse(double_divide(inverse(X1),inverse(double_divide(inverse(double_divide(double_divide(X0,X2),inverse(X3))),X2))))),double_divide(X3,X6))))) [forward demodulation 4068,2139]
4237. double_divide(X6,inverse(X1)) = double_divide(inverse(inverse(double_divide(inverse(double_divide(double_divide(X3,X5),inverse(X6))),X5))),double_divide(X3,X1)) [forward demodulation 4070,1]
4260. double_divide(X3,inverse(double_divide(inverse(X2),inverse(double_divide(inverse(X0),X4))))) = double_divide(inverse(double_divide(X3,X4)),double_divide(X0,X2)) [forward demodulation 4094,694]
4306. double_divide(X7,inverse(double_divide(inverse(X5),inverse(double_divide(inverse(double_divide(double_divide(X7,X8),inverse(inverse(double_divide(double_divide(X3,X6),inverse(X1)))))),X8))))) = double_divide(X4,double_divide(X5,double_divide(inverse(double_divide(double_divide(X0,inverse(double_divide(inverse(X1),inverse(double_divide(inverse(double_divide(double_divide(X0,X2),inverse(X3))),X2))))),inverse(X4))),X6))) [forward demodulation 4140,613]
4309. double_divide(X8,inverse(double_divide(inverse(X5),inverse(double_divide(inverse(double_divide(double_divide(X8,X9),inverse(inverse(double_divide(X6,inverse(X1)))))),X9))))) = double_divide(X4,double_divide(X5,double_divide(inverse(double_divide(double_divide(X0,inverse(double_divide(inverse(X1),inverse(double_divide(inverse(double_divide(double_divide(X0,X2),inverse(X3))),X2))))),inverse(X4))),inverse(double_divide(inverse(double_divide(double_divide(X3,X7),inverse(X6))),X7))))) [forward demodulation 4143,613]
4310. double_divide(X6,inverse(double_divide(inverse(X4),inverse(double_divide(inverse(double_divide(double_divide(X6,X7),inverse(inverse(double_divide(X5,inverse(X1)))))),X7))))) = double_divide(X3,double_divide(X4,double_divide(inverse(double_divide(double_divide(X0,inverse(double_divide(inverse(X1),X2))),inverse(X3))),inverse(double_divide(X0,inverse(double_divide(inverse(X5),X2))))))) [forward demodulation 4144,613]
4312. double_divide(X6,inverse(double_divide(inverse(X4),inverse(double_divide(inverse(double_divide(double_divide(X6,X7),inverse(inverse(double_divide(double_divide(double_divide(X0,X2),X5),inverse(X1)))))),X7))))) = double_divide(X3,double_divide(X4,double_divide(inverse(double_divide(double_divide(X0,inverse(double_divide(inverse(X1),X2))),inverse(X3))),X5))) [forward demodulation 4146,613]
4314. double_divide(X4,inverse(double_divide(inverse(X2),inverse(double_divide(inverse(double_divide(double_divide(X4,X5),inverse(X3))),X5))))) = double_divide(X1,double_divide(X2,double_divide(inverse(double_divide(X0,inverse(X1))),double_divide(X0,X3)))) [forward demodulation 4148,613]
4321. double_divide(X4,inverse(double_divide(inverse(X1),inverse(double_divide(inverse(double_divide(double_divide(X4,X5),inverse(X2))),X5))))) = double_divide(inverse(X0),double_divide(double_divide(inverse(double_divide(double_divide(X2,X3),inverse(inverse(X0)))),inverse(X1)),inverse(X3))) [forward demodulation 4155,679]
4343. double_divide(inverse(X6),double_divide(double_divide(inverse(double_divide(double_divide(double_divide(X4,X5),inverse(double_divide(inverse(double_divide(double_divide(inverse(double_divide(double_divide(X4,inverse(double_divide(inverse(X6),X5))),inverse(X7))),X8),inverse(X2))),X8))),inverse(double_divide(inverse(double_divide(double_divide(X2,X3),inverse(X0))),X3)))),inverse(double_divide(X0,inverse(X1)))),inverse(X1))) = X7 [forward demodulation 4177,679]
4347. double_divide(inverse(double_divide(inverse(double_divide(X0,inverse(X1))),inverse(double_divide(inverse(double_divide(double_divide(X2,X3),inverse(X0))),X3)))),X6) = double_divide(X4,double_divide(inverse(X5),double_divide(inverse(double_divide(inverse(X1),X7)),inverse(double_divide(double_divide(double_divide(double_divide(X4,X5),X6),X7),inverse(X2)))))) [forward demodulation 4181,674]
4400. double_divide(inverse(double_divide(X4,inverse(X1))),inverse(double_divide(inverse(X5),X6))) = double_divide(double_divide(double_divide(X0,inverse(double_divide(inverse(X1),inverse(double_divide(inverse(double_divide(double_divide(X0,X2),inverse(X3))),X2))))),double_divide(X3,X6)),double_divide(X5,inverse(X4))) [forward demodulation 4235,694]
4402. double_divide(X6,inverse(X1)) = double_divide(double_divide(inverse(double_divide(double_divide(X3,X5),inverse(X6))),X5),double_divide(X3,X1)) [forward demodulation 4237,613]
4425. double_divide(X3,double_divide(double_divide(inverse(X0),X4),inverse(inverse(X2)))) = double_divide(inverse(double_divide(X3,X4)),double_divide(X0,X2)) [forward demodulation 4260,555]
4471. double_divide(X7,inverse(double_divide(inverse(X5),inverse(double_divide(inverse(double_divide(double_divide(X7,X8),inverse(inverse(double_divide(double_divide(X3,X6),inverse(X1)))))),X8))))) = double_divide(X4,double_divide(X5,double_divide(inverse(double_divide(X1,inverse(double_divide(double_divide(X0,inverse(double_divide(inverse(double_divide(double_divide(X0,X2),inverse(X3))),X2))),X6)))),inverse(X4)))) [forward demodulation 4306,457]
4474. double_divide(X8,inverse(double_divide(inverse(X5),inverse(double_divide(inverse(double_divide(double_divide(X8,X9),inverse(inverse(double_divide(X6,inverse(X1)))))),X9))))) = double_divide(X4,double_divide(double_divide(inverse(double_divide(double_divide(X3,X7),inverse(X6))),X7),inverse(double_divide(double_divide(double_divide(X0,inverse(double_divide(inverse(X1),inverse(double_divide(inverse(double_divide(double_divide(X0,X2),inverse(X3))),X2))))),inverse(X4)),X5)))) [forward demodulation 4309,2139]
4475. double_divide(X6,inverse(double_divide(inverse(X4),inverse(double_divide(inverse(double_divide(double_divide(X6,X7),inverse(inverse(double_divide(X5,inverse(X1)))))),X7))))) = double_divide(X3,double_divide(double_divide(X0,inverse(double_divide(inverse(X5),X2))),inverse(double_divide(double_divide(double_divide(X0,inverse(double_divide(inverse(X1),X2))),inverse(X3)),X4)))) [forward demodulation 4310,2139]
4477. double_divide(X6,inverse(double_divide(inverse(X4),inverse(double_divide(inverse(double_divide(double_divide(X6,X7),inverse(inverse(double_divide(double_divide(double_divide(X0,X2),X5),inverse(X1)))))),X7))))) = double_divide(X3,double_divide(X4,double_divide(inverse(double_divide(X1,inverse(double_divide(double_divide(X0,X2),X5)))),inverse(X3)))) [forward demodulation 4312,457]
4479. double_divide(X4,inverse(double_divide(inverse(X2),inverse(double_divide(inverse(double_divide(double_divide(X4,X5),inverse(X3))),X5))))) = double_divide(X1,double_divide(X2,double_divide(double_divide(X1,inverse(X0)),double_divide(X0,X3)))) [forward demodulation 4314,555]
4486. double_divide(X4,inverse(double_divide(inverse(X1),inverse(double_divide(inverse(double_divide(double_divide(X4,X5),inverse(X2))),X5))))) = double_divide(inverse(X0),double_divide(inverse(X3),double_divide(inverse(double_divide(double_divide(X2,X3),inverse(inverse(X0)))),inverse(X1)))) [forward demodulation 4321,674]
4508. double_divide(inverse(X6),double_divide(inverse(X1),double_divide(inverse(double_divide(double_divide(double_divide(X4,X5),inverse(double_divide(inverse(double_divide(double_divide(inverse(double_divide(double_divide(X4,inverse(double_divide(inverse(X6),X5))),inverse(X7))),X8),inverse(X2))),X8))),inverse(double_divide(inverse(double_divide(double_divide(X2,X3),inverse(X0))),X3)))),inverse(double_divide(X0,inverse(X1)))))) = X7 [forward demodulation 4343,674]
4512. double_divide(inverse(double_divide(inverse(double_divide(X0,inverse(X1))),inverse(double_divide(inverse(double_divide(double_divide(X2,X3),inverse(X0))),X3)))),X6) = double_divide(X4,double_divide(double_divide(double_divide(double_divide(double_divide(X4,X5),X6),X7),inverse(X2)),inverse(double_divide(double_divide(inverse(X1),X7),inverse(X5))))) [forward demodulation 4347,2139]
4565. double_divide(inverse(double_divide(X4,inverse(X1))),inverse(double_divide(inverse(X5),X6))) = double_divide(double_divide(double_divide(X0,double_divide(double_divide(inverse(double_divide(double_divide(X0,X2),inverse(X3))),X2),inverse(inverse(X1)))),double_divide(X3,X6)),double_divide(X5,inverse(X4))) [forward demodulation 4400,555]
4567. double_divide(X6,inverse(X1)) = double_divide(double_divide(X5,inverse(double_divide(double_divide(X3,X5),inverse(X6)))),double_divide(X3,X1)) [forward demodulation 4402,3442]
4590. double_divide(X3,double_divide(inverse(X4),double_divide(inverse(X0),inverse(X2)))) = double_divide(inverse(double_divide(X3,X4)),double_divide(X0,X2)) [forward demodulation 4425,3605]
4635. double_divide(X7,inverse(double_divide(inverse(X5),inverse(double_divide(inverse(double_divide(double_divide(X7,X8),inverse(inverse(double_divide(double_divide(X3,X6),inverse(X1)))))),X8))))) = double_divide(inverse(double_divide(X1,inverse(double_divide(double_divide(X0,inverse(double_divide(inverse(double_divide(double_divide(X0,X2),inverse(X3))),X2))),X6)))),inverse(X5)) [forward demodulation 4471,682]
4638. double_divide(X8,inverse(double_divide(inverse(X5),inverse(double_divide(inverse(double_divide(double_divide(X8,X9),inverse(inverse(double_divide(X6,inverse(X1)))))),X9))))) = double_divide(X4,double_divide(double_divide(inverse(double_divide(double_divide(X3,X7),inverse(X6))),X7),double_divide(double_divide(inverse(double_divide(X0,inverse(double_divide(inverse(X1),inverse(double_divide(inverse(double_divide(double_divide(X0,X2),inverse(X3))),X2)))))),X5),inverse(X4)))) [forward demodulation 4474,679]
4639. double_divide(X6,inverse(double_divide(inverse(X4),inverse(double_divide(inverse(double_divide(double_divide(X6,X7),inverse(inverse(double_divide(X5,inverse(X1)))))),X7))))) = double_divide(X3,double_divide(double_divide(X0,inverse(double_divide(inverse(X5),X2))),double_divide(double_divide(inverse(double_divide(X0,inverse(double_divide(inverse(X1),X2)))),X4),inverse(X3)))) [forward demodulation 4475,679]
4641. double_divide(X6,inverse(double_divide(inverse(X4),inverse(double_divide(inverse(double_divide(double_divide(X6,X7),inverse(inverse(double_divide(double_divide(double_divide(X0,X2),X5),inverse(X1)))))),X7))))) = double_divide(inverse(double_divide(X1,inverse(double_divide(double_divide(X0,X2),X5)))),inverse(X4)) [forward demodulation 4477,682]
4643. double_divide(X4,inverse(double_divide(inverse(X2),inverse(double_divide(inverse(double_divide(double_divide(X4,X5),inverse(X3))),X5))))) = double_divide(X1,double_divide(X2,double_divide(inverse(X3),inverse(X1)))) [forward demodulation 4479,2138]
4650. double_divide(X4,inverse(double_divide(inverse(X1),inverse(double_divide(inverse(double_divide(double_divide(X4,X5),inverse(X2))),X5))))) = double_divide(inverse(X0),double_divide(X1,inverse(double_divide(double_divide(double_divide(X2,X3),inverse(inverse(X0))),inverse(X3))))) [forward demodulation 4486,2139]
4672. double_divide(inverse(X6),double_divide(double_divide(X0,inverse(X1)),inverse(double_divide(double_divide(double_divide(double_divide(X4,X5),inverse(double_divide(inverse(double_divide(double_divide(inverse(double_divide(double_divide(X4,inverse(double_divide(inverse(X6),X5))),inverse(X7))),X8),inverse(X2))),X8))),inverse(double_divide(inverse(double_divide(double_divide(X2,X3),inverse(X0))),X3))),inverse(X1))))) = X7 [forward demodulation 4508,2139]
4676. double_divide(inverse(double_divide(inverse(double_divide(X0,inverse(X1))),inverse(double_divide(inverse(double_divide(double_divide(X2,X3),inverse(X0))),X3)))),X6) = double_divide(X4,double_divide(double_divide(double_divide(double_divide(double_divide(X4,X5),X6),X7),inverse(X2)),double_divide(double_divide(inverse(inverse(X1)),inverse(X5)),X7))) [forward demodulation 4512,679]
4729. double_divide(inverse(double_divide(X4,inverse(X1))),inverse(double_divide(inverse(X5),X6))) = double_divide(double_divide(double_divide(X0,double_divide(inverse(X2),double_divide(inverse(double_divide(double_divide(X0,X2),inverse(X3))),inverse(X1)))),double_divide(X3,X6)),double_divide(X5,inverse(X4))) [forward demodulation 4565,3605]
4731. double_divide(X6,inverse(X1)) = double_divide(double_divide(X5,double_divide(double_divide(inverse(X3),inverse(X6)),X5)),double_divide(X3,X1)) [forward demodulation 4567,679]
4753. double_divide(inverse(double_divide(X3,X4)),double_divide(X0,X2)) = double_divide(X3,double_divide(X2,inverse(double_divide(X0,inverse(X4))))) [forward demodulation 4590,2139]
4797. double_divide(X7,inverse(double_divide(inverse(X5),inverse(double_divide(inverse(double_divide(double_divide(X7,X8),inverse(inverse(double_divide(double_divide(X3,X6),inverse(X1)))))),X8))))) = double_divide(X1,inverse(double_divide(inverse(X5),inverse(double_divide(double_divide(X0,inverse(double_divide(inverse(double_divide(double_divide(X0,X2),inverse(X3))),X2))),X6))))) [forward demodulation 4635,580]
4800. double_divide(X8,inverse(double_divide(inverse(X5),inverse(double_divide(inverse(double_divide(double_divide(X8,X9),inverse(inverse(double_divide(X6,inverse(X1)))))),X9))))) = double_divide(X4,double_divide(double_divide(double_divide(X3,X7),inverse(X6)),double_divide(double_divide(double_divide(double_divide(X0,inverse(double_divide(inverse(X1),inverse(double_divide(inverse(double_divide(double_divide(X0,X2),inverse(X3))),X2))))),X7),X5),inverse(X4)))) [forward demodulation 4638,1946]
4801. double_divide(X6,inverse(double_divide(inverse(X4),inverse(double_divide(inverse(double_divide(double_divide(X6,X7),inverse(inverse(double_divide(X5,inverse(X1)))))),X7))))) = double_divide(X3,double_divide(double_divide(X0,inverse(double_divide(inverse(X5),X2))),double_divide(inverse(X4),double_divide(inverse(double_divide(X0,inverse(double_divide(inverse(X1),X2)))),X3)))) [forward demodulation 4639,3605]
4803. double_divide(X6,inverse(double_divide(inverse(X4),inverse(double_divide(inverse(double_divide(double_divide(X6,X7),inverse(inverse(double_divide(double_divide(double_divide(X0,X2),X5),inverse(X1)))))),X7))))) = double_divide(X1,inverse(double_divide(inverse(X4),inverse(double_divide(double_divide(X0,X2),X5))))) [forward demodulation 4641,580]
4805. double_divide(inverse(X3),inverse(X2)) = double_divide(X4,inverse(double_divide(inverse(X2),inverse(double_divide(inverse(double_divide(double_divide(X4,X5),inverse(X3))),X5))))) [forward demodulation 4643,682]
4812. double_divide(X4,inverse(double_divide(inverse(X1),inverse(double_divide(inverse(double_divide(double_divide(X4,X5),inverse(X2))),X5))))) = double_divide(double_divide(double_divide(double_divide(X2,X3),inverse(inverse(X0))),inverse(X3)),double_divide(X1,X0)) [forward demodulation 4650,694]
4834. double_divide(double_divide(double_divide(double_divide(double_divide(X4,X5),inverse(double_divide(inverse(double_divide(double_divide(inverse(double_divide(double_divide(X4,inverse(double_divide(inverse(X6),X5))),inverse(X7))),X8),inverse(X2))),X8))),inverse(double_divide(inverse(double_divide(double_divide(X2,X3),inverse(X0))),X3))),inverse(X1)),double_divide(double_divide(X0,inverse(X1)),X6)) = X7 [forward demodulation 4672,694]
4838. double_divide(inverse(double_divide(inverse(double_divide(X0,inverse(X1))),inverse(double_divide(inverse(double_divide(double_divide(X2,X3),inverse(X0))),X3)))),X6) = double_divide(X4,double_divide(double_divide(double_divide(double_divide(double_divide(X4,X5),X6),X7),inverse(X2)),double_divide(double_divide(X1,inverse(X5)),X7))) [forward demodulation 4676,547]
4891. double_divide(inverse(double_divide(X4,inverse(X1))),inverse(double_divide(inverse(X5),X6))) = double_divide(double_divide(double_divide(X0,double_divide(X1,inverse(double_divide(double_divide(double_divide(X0,X2),inverse(X3)),inverse(X2))))),double_divide(X3,X6)),double_divide(X5,inverse(X4))) [forward demodulation 4729,2139]
4893. double_divide(X6,inverse(X1)) = double_divide(double_divide(inverse(X3),inverse(X6)),double_divide(X3,X1)) [forward demodulation 4731,1066]
4915. double_divide(inverse(double_divide(X3,X4)),double_divide(X0,X2)) = double_divide(X3,double_divide(X2,double_divide(X4,inverse(X0)))) [forward demodulation 4753,555]
4959. double_divide(X7,inverse(double_divide(inverse(X5),inverse(double_divide(inverse(double_divide(double_divide(X7,X8),inverse(inverse(double_divide(double_divide(X3,X6),inverse(X1)))))),X8))))) = double_divide(X1,double_divide(double_divide(double_divide(X0,inverse(double_divide(inverse(double_divide(double_divide(X0,X2),inverse(X3))),X2))),X6),inverse(inverse(X5)))) [forward demodulation 4797,555]
4962. double_divide(X8,inverse(double_divide(inverse(X5),inverse(double_divide(inverse(double_divide(double_divide(X8,X9),inverse(inverse(double_divide(X6,inverse(X1)))))),X9))))) = double_divide(X4,double_divide(double_divide(double_divide(X3,X7),inverse(X6)),double_divide(inverse(X5),double_divide(double_divide(double_divide(X0,inverse(double_divide(inverse(X1),inverse(double_divide(inverse(double_divide(double_divide(X0,X2),inverse(X3))),X2))))),X7),X4)))) [forward demodulation 4800,3605]
4963. double_divide(X6,inverse(double_divide(inverse(X4),inverse(double_divide(inverse(double_divide(double_divide(X6,X7),inverse(inverse(double_divide(X5,inverse(X1)))))),X7))))) = double_divide(X3,double_divide(double_divide(X0,inverse(double_divide(inverse(X5),X2))),double_divide(inverse(X4),double_divide(double_divide(double_divide(inverse(X1),X2),inverse(X0)),X3)))) [forward demodulation 4801,555]
4965. double_divide(X6,inverse(double_divide(inverse(X4),inverse(double_divide(inverse(double_divide(double_divide(X6,X7),inverse(inverse(double_divide(double_divide(double_divide(X0,X2),X5),inverse(X1)))))),X7))))) = double_divide(X1,double_divide(double_divide(double_divide(X0,X2),X5),inverse(inverse(X4)))) [forward demodulation 4803,555]
4967. double_divide(inverse(X3),inverse(X2)) = double_divide(X4,double_divide(double_divide(inverse(double_divide(double_divide(X4,X5),inverse(X3))),X5),inverse(inverse(X2)))) [forward demodulation 4805,555]
4974. double_divide(X4,inverse(double_divide(inverse(X1),inverse(double_divide(inverse(double_divide(double_divide(X4,X5),inverse(X2))),X5))))) = double_divide(double_divide(inverse(X3),double_divide(double_divide(X2,X3),inverse(inverse(X0)))),double_divide(X1,X0)) [forward demodulation 4812,3442]
4996. double_divide(double_divide(double_divide(X0,inverse(X1)),X6),double_divide(double_divide(double_divide(double_divide(X4,X5),inverse(double_divide(inverse(double_divide(double_divide(inverse(double_divide(double_divide(X4,inverse(double_divide(inverse(X6),X5))),inverse(X7))),X8),inverse(X2))),X8))),inverse(double_divide(inverse(double_divide(double_divide(X2,X3),inverse(X0))),X3))),inverse(X1))) = X7 [forward demodulation 4834,3442]
5000. double_divide(inverse(double_divide(inverse(double_divide(X0,inverse(X1))),inverse(double_divide(inverse(double_divide(double_divide(X2,X3),inverse(X0))),X3)))),X6) = double_divide(X4,double_divide(double_divide(inverse(X7),double_divide(double_divide(double_divide(X4,X5),X6),X2)),double_divide(double_divide(X1,inverse(X5)),X7))) [forward demodulation 4838,3605]
5053. double_divide(inverse(double_divide(X4,inverse(X1))),inverse(double_divide(inverse(X5),X6))) = double_divide(double_divide(double_divide(X0,double_divide(X1,double_divide(double_divide(inverse(double_divide(X0,X2)),inverse(X2)),inverse(X3)))),double_divide(X3,X6)),double_divide(X5,inverse(X4))) [forward demodulation 4891,679]
5115. double_divide(X7,inverse(double_divide(inverse(X5),inverse(double_divide(inverse(double_divide(double_divide(X7,X8),inverse(inverse(double_divide(double_divide(X3,X6),inverse(X1)))))),X8))))) = double_divide(X1,double_divide(inverse(X6),double_divide(double_divide(X0,inverse(double_divide(inverse(double_divide(double_divide(X0,X2),inverse(X3))),X2))),inverse(X5)))) [forward demodulation 4959,3605]
5118. double_divide(X8,inverse(double_divide(inverse(X5),inverse(double_divide(inverse(double_divide(double_divide(X8,X9),inverse(inverse(double_divide(X6,inverse(X1)))))),X9))))) = double_divide(double_divide(X0,inverse(double_divide(inverse(X1),inverse(double_divide(inverse(double_divide(double_divide(X0,X2),inverse(X3))),X2))))),double_divide(double_divide(inverse(X5),X7),double_divide(double_divide(X3,X7),inverse(X6)))) [forward demodulation 4962,3573]
5119. double_divide(X6,inverse(double_divide(inverse(X4),inverse(double_divide(inverse(double_divide(double_divide(X6,X7),inverse(inverse(double_divide(X5,inverse(X1)))))),X7))))) = double_divide(double_divide(inverse(X1),X2),double_divide(double_divide(inverse(X4),inverse(X0)),double_divide(X0,inverse(double_divide(inverse(X5),X2))))) [forward demodulation 4963,3573]
5121. double_divide(X6,inverse(double_divide(inverse(X4),inverse(double_divide(inverse(double_divide(double_divide(X6,X7),inverse(inverse(double_divide(double_divide(double_divide(X0,X2),X5),inverse(X1)))))),X7))))) = double_divide(X1,double_divide(inverse(X5),double_divide(double_divide(X0,X2),inverse(X4)))) [forward demodulation 4965,3605]
5123. double_divide(inverse(X3),inverse(X2)) = double_divide(X4,double_divide(inverse(X5),double_divide(inverse(double_divide(double_divide(X4,X5),inverse(X3))),inverse(X2)))) [forward demodulation 4967,3605]
5130. double_divide(X4,inverse(double_divide(inverse(X1),inverse(double_divide(inverse(double_divide(double_divide(X4,X5),inverse(X2))),X5))))) = double_divide(double_divide(inverse(X0),double_divide(double_divide(X2,X3),X3)),double_divide(X1,X0)) [forward demodulation 4974,694]
5152. double_divide(double_divide(double_divide(X0,inverse(X1)),X6),double_divide(inverse(inverse(double_divide(inverse(double_divide(double_divide(X2,X3),inverse(X0))),X3))),double_divide(double_divide(double_divide(X4,X5),inverse(double_divide(inverse(double_divide(double_divide(inverse(double_divide(double_divide(X4,inverse(double_divide(inverse(X6),X5))),inverse(X7))),X8),inverse(X2))),X8))),X1))) = X7 [forward demodulation 4996,3605]
5156. double_divide(X4,double_divide(double_divide(inverse(X7),double_divide(double_divide(double_divide(X4,X5),X6),X2)),double_divide(double_divide(X1,inverse(X5)),X7))) = double_divide(double_divide(double_divide(inverse(double_divide(double_divide(X2,X3),inverse(X0))),X3),inverse(inverse(double_divide(X0,inverse(X1))))),X6) [forward demodulation 5000,555]
5209. double_divide(inverse(double_divide(X4,inverse(X1))),inverse(double_divide(inverse(X5),X6))) = double_divide(double_divide(double_divide(X0,double_divide(X1,double_divide(inverse(inverse(X2)),double_divide(inverse(double_divide(X0,X2)),X3)))),double_divide(X3,X6)),double_divide(X5,inverse(X4))) [forward demodulation 5053,3605]
5268. double_divide(X7,inverse(double_divide(inverse(X5),inverse(double_divide(inverse(double_divide(double_divide(X7,X8),inverse(inverse(double_divide(double_divide(X3,X6),inverse(X1)))))),X8))))) = double_divide(X1,double_divide(X5,double_divide(double_divide(X0,inverse(double_divide(inverse(double_divide(double_divide(X0,X2),inverse(X3))),X2))),X6))) [forward demodulation 5115,694]
5271. double_divide(X8,inverse(double_divide(inverse(X5),inverse(double_divide(inverse(double_divide(double_divide(X8,X9),inverse(inverse(double_divide(X6,inverse(X1)))))),X9))))) = double_divide(double_divide(X0,inverse(double_divide(inverse(X1),inverse(double_divide(inverse(double_divide(double_divide(X0,X2),inverse(X3))),X2))))),double_divide(X5,inverse(double_divide(X6,X3)))) [forward demodulation 5118,3599]
5272. double_divide(X6,inverse(double_divide(inverse(X4),inverse(double_divide(inverse(double_divide(double_divide(X6,X7),inverse(inverse(double_divide(X5,inverse(X1)))))),X7))))) = double_divide(X1,double_divide(double_divide(double_divide(X4,X2),inverse(X0)),double_divide(X0,inverse(double_divide(inverse(X5),X2))))) [forward demodulation 5119,1946]
5274. double_divide(X6,inverse(double_divide(inverse(X4),inverse(double_divide(inverse(double_divide(double_divide(X6,X7),inverse(inverse(double_divide(double_divide(double_divide(X0,X2),X5),inverse(X1)))))),X7))))) = double_divide(X1,double_divide(X4,double_divide(double_divide(X0,X2),X5))) [forward demodulation 5121,694]
5276. double_divide(inverse(X3),inverse(X2)) = double_divide(X4,double_divide(X2,inverse(double_divide(double_divide(double_divide(X4,X5),inverse(X3)),inverse(X5))))) [forward demodulation 5123,2139]
5283. double_divide(X4,inverse(double_divide(inverse(X1),inverse(double_divide(inverse(double_divide(double_divide(X4,X5),inverse(X2))),X5))))) = double_divide(double_divide(inverse(X0),double_divide(X3,double_divide(X2,X3))),double_divide(X1,X0)) [forward demodulation 5130,674]
5305. double_divide(double_divide(double_divide(X0,inverse(X1)),X6),double_divide(inverse(inverse(double_divide(inverse(double_divide(double_divide(X2,X3),inverse(X0))),X3))),double_divide(double_divide(inverse(X5),double_divide(X4,double_divide(inverse(double_divide(double_divide(inverse(double_divide(double_divide(X4,inverse(double_divide(inverse(X6),X5))),inverse(X7))),X8),inverse(X2))),X8))),X1))) = X7 [forward demodulation 5152,3605]
5309. double_divide(X4,double_divide(double_divide(inverse(X7),double_divide(double_divide(double_divide(X4,X5),X6),X2)),double_divide(double_divide(X1,inverse(X5)),X7))) = double_divide(double_divide(inverse(X3),double_divide(inverse(double_divide(double_divide(X2,X3),inverse(X0))),inverse(double_divide(X0,inverse(X1))))),X6) [forward demodulation 5156,3605]
5361. double_divide(inverse(double_divide(X4,inverse(X1))),inverse(double_divide(inverse(X5),X6))) = double_divide(double_divide(double_divide(X0,double_divide(X1,double_divide(X2,double_divide(inverse(double_divide(X0,X2)),X3)))),double_divide(X3,X6)),double_divide(X5,inverse(X4))) [forward demodulation 5209,613]
5415. double_divide(X7,inverse(double_divide(inverse(X5),inverse(double_divide(inverse(double_divide(double_divide(X7,X8),inverse(inverse(double_divide(double_divide(X3,X6),inverse(X1)))))),X8))))) = double_divide(X1,double_divide(X5,double_divide(X3,X6))) [forward demodulation 5268,1]
5418. double_divide(X8,inverse(double_divide(inverse(X5),inverse(double_divide(inverse(double_divide(double_divide(X8,X9),inverse(inverse(double_divide(X6,inverse(X1)))))),X9))))) = double_divide(double_divide(X0,double_divide(double_divide(inverse(double_divide(double_divide(X0,X2),inverse(X3))),X2),inverse(inverse(X1)))),double_divide(X5,inverse(double_divide(X6,X3)))) [forward demodulation 5271,555]
5419. double_divide(X6,inverse(double_divide(inverse(X4),inverse(double_divide(inverse(double_divide(double_divide(X6,X7),inverse(inverse(double_divide(X5,inverse(X1)))))),X7))))) = double_divide(X1,double_divide(X5,double_divide(double_divide(inverse(X0),double_divide(double_divide(X4,X2),inverse(X0))),X2))) [forward demodulation 5272,2096]
5421. double_divide(X1,double_divide(X4,double_divide(double_divide(X0,X2),X5))) = double_divide(X6,double_divide(double_divide(inverse(double_divide(double_divide(X6,X7),inverse(inverse(double_divide(double_divide(double_divide(X0,X2),X5),inverse(X1)))))),X7),inverse(inverse(X4)))) [forward demodulation 5274,555]
5423. double_divide(inverse(X3),inverse(X2)) = double_divide(X4,double_divide(X2,double_divide(double_divide(inverse(double_divide(X4,X5)),inverse(X5)),inverse(X3)))) [forward demodulation 5276,679]
5430. double_divide(X4,inverse(double_divide(inverse(X1),inverse(double_divide(inverse(double_divide(double_divide(X4,X5),inverse(X2))),X5))))) = double_divide(double_divide(inverse(X0),X2),double_divide(X1,X0)) [forward demodulation 5283,1066]
5452. double_divide(double_divide(double_divide(X0,inverse(X1)),X6),double_divide(inverse(inverse(double_divide(inverse(double_divide(double_divide(X2,X3),inverse(X0))),X3))),double_divide(double_divide(inverse(X5),double_divide(X4,double_divide(X8,inverse(double_divide(double_divide(inverse(double_divide(double_divide(X4,inverse(double_divide(inverse(X6),X5))),inverse(X7))),X8),inverse(X2)))))),X1))) = X7 [forward demodulation 5305,674]
5456. double_divide(X4,double_divide(double_divide(inverse(X7),double_divide(double_divide(double_divide(X4,X5),X6),X2)),double_divide(double_divide(X1,inverse(X5)),X7))) = double_divide(double_divide(double_divide(X0,inverse(X1)),inverse(double_divide(double_divide(double_divide(X2,X3),inverse(X0)),inverse(X3)))),X6) [forward demodulation 5309,2139]
5507. double_divide(double_divide(double_divide(X0,double_divide(X1,double_divide(X2,double_divide(inverse(double_divide(X0,X2)),X3)))),double_divide(X3,X6)),double_divide(X5,inverse(X4))) = double_divide(X4,inverse(double_divide(inverse(double_divide(inverse(X5),X6)),inverse(X1)))) [forward demodulation 5361,580]
5558. double_divide(X1,double_divide(X5,double_divide(X3,X6))) = double_divide(X7,double_divide(double_divide(inverse(double_divide(double_divide(X7,X8),inverse(inverse(double_divide(double_divide(X3,X6),inverse(X1)))))),X8),inverse(inverse(X5)))) [forward demodulation 5415,555]
5561. double_divide(X8,inverse(double_divide(inverse(X5),inverse(double_divide(inverse(double_divide(double_divide(X8,X9),inverse(inverse(double_divide(X6,inverse(X1)))))),X9))))) = double_divide(double_divide(X0,double_divide(inverse(X2),double_divide(inverse(double_divide(double_divide(X0,X2),inverse(X3))),inverse(X1)))),double_divide(X5,inverse(double_divide(X6,X3)))) [forward demodulation 5418,3605]
5562. double_divide(X6,inverse(double_divide(inverse(X4),inverse(double_divide(inverse(double_divide(double_divide(X6,X7),inverse(inverse(double_divide(X5,inverse(X1)))))),X7))))) = double_divide(X1,double_divide(X5,double_divide(X2,double_divide(inverse(X0),double_divide(double_divide(X4,X2),inverse(X0)))))) [forward demodulation 5419,674]
5564. double_divide(X1,double_divide(X4,double_divide(double_divide(X0,X2),X5))) = double_divide(X6,double_divide(inverse(X7),double_divide(inverse(double_divide(double_divide(X6,X7),inverse(inverse(double_divide(double_divide(double_divide(X0,X2),X5),inverse(X1)))))),inverse(X4)))) [forward demodulation 5421,3605]
5566. double_divide(inverse(X3),inverse(X2)) = double_divide(X4,double_divide(X2,double_divide(inverse(inverse(X5)),double_divide(inverse(double_divide(X4,X5)),X3)))) [forward demodulation 5423,3605]
5573. double_divide(X4,double_divide(double_divide(inverse(double_divide(double_divide(X4,X5),inverse(X2))),X5),inverse(inverse(X1)))) = double_divide(double_divide(inverse(X0),X2),double_divide(X1,X0)) [forward demodulation 5430,555]
5595. double_divide(double_divide(double_divide(X0,inverse(X1)),X6),double_divide(inverse(inverse(double_divide(inverse(double_divide(double_divide(X2,X3),inverse(X0))),X3))),double_divide(double_divide(inverse(X5),double_divide(X4,double_divide(X8,double_divide(double_divide(inverse(inverse(double_divide(double_divide(X4,inverse(double_divide(inverse(X6),X5))),inverse(X7)))),inverse(X2)),X8)))),X1))) = X7 [forward demodulation 5452,679]
5599. double_divide(X4,double_divide(double_divide(inverse(X7),double_divide(double_divide(double_divide(X4,X5),X6),X2)),double_divide(double_divide(X1,inverse(X5)),X7))) = double_divide(double_divide(double_divide(X0,inverse(X1)),double_divide(double_divide(inverse(double_divide(X2,X3)),inverse(X3)),inverse(X0))),X6) [forward demodulation 5456,679]
5649. double_divide(double_divide(double_divide(X0,double_divide(X1,double_divide(X2,double_divide(inverse(double_divide(X0,X2)),X3)))),double_divide(X3,X6)),double_divide(X5,inverse(X4))) = double_divide(X4,double_divide(X1,inverse(inverse(double_divide(inverse(X5),X6))))) [forward demodulation 5507,555]
5692. double_divide(X1,double_divide(X5,double_divide(X3,X6))) = double_divide(X7,double_divide(inverse(X8),double_divide(inverse(double_divide(double_divide(X7,X8),inverse(inverse(double_divide(double_divide(X3,X6),inverse(X1)))))),inverse(X5)))) [forward demodulation 5558,3605]
5695. double_divide(X8,inverse(double_divide(inverse(X5),inverse(double_divide(inverse(double_divide(double_divide(X8,X9),inverse(inverse(double_divide(X6,inverse(X1)))))),X9))))) = double_divide(double_divide(X0,double_divide(X1,inverse(double_divide(double_divide(double_divide(X0,X2),inverse(X3)),inverse(X2))))),double_divide(X5,inverse(double_divide(X6,X3)))) [forward demodulation 5561,2139]
5696. double_divide(X6,inverse(double_divide(inverse(X4),inverse(double_divide(inverse(double_divide(double_divide(X6,X7),inverse(inverse(double_divide(X5,inverse(X1)))))),X7))))) = double_divide(X1,double_divide(X5,double_divide(X2,double_divide(X4,X2)))) [forward demodulation 5562,1066]
5698. double_divide(X1,double_divide(X4,double_divide(double_divide(X0,X2),X5))) = double_divide(X6,double_divide(X4,inverse(double_divide(double_divide(double_divide(X6,X7),inverse(inverse(double_divide(double_divide(double_divide(X0,X2),X5),inverse(X1))))),inverse(X7))))) [forward demodulation 5564,2139]
5700. double_divide(inverse(X3),inverse(X2)) = double_divide(X4,double_divide(X2,double_divide(X5,double_divide(inverse(double_divide(X4,X5)),X3)))) [forward demodulation 5566,613]
5707. double_divide(X4,double_divide(inverse(X5),double_divide(inverse(double_divide(double_divide(X4,X5),inverse(X2))),inverse(X1)))) = double_divide(double_divide(inverse(X0),X2),double_divide(X1,X0)) [forward demodulation 5573,3605]
5729. double_divide(double_divide(double_divide(X0,inverse(X1)),X6),double_divide(inverse(inverse(double_divide(inverse(double_divide(double_divide(X2,X3),inverse(X0))),X3))),double_divide(double_divide(inverse(X5),double_divide(X4,double_divide(inverse(inverse(double_divide(double_divide(X4,inverse(double_divide(inverse(X6),X5))),inverse(X7)))),inverse(X2)))),X1))) = X7 [forward demodulation 5595,1066]
5733. double_divide(X4,double_divide(double_divide(inverse(X7),double_divide(double_divide(double_divide(X4,X5),X6),X2)),double_divide(double_divide(X1,inverse(X5)),X7))) = double_divide(double_divide(inverse(double_divide(inverse(double_divide(X2,X3)),inverse(X3))),inverse(inverse(X1))),X6) [forward demodulation 5599,3607]
5782. double_divide(double_divide(double_divide(X0,double_divide(X1,double_divide(X2,double_divide(inverse(double_divide(X0,X2)),X3)))),double_divide(X3,X6)),double_divide(X5,inverse(X4))) = double_divide(X4,double_divide(X1,double_divide(inverse(X5),X6))) [forward demodulation 5649,613]
5822. double_divide(X1,double_divide(X5,double_divide(X3,X6))) = double_divide(X7,double_divide(X5,inverse(double_divide(double_divide(double_divide(X7,X8),inverse(inverse(double_divide(double_divide(X3,X6),inverse(X1))))),inverse(X8))))) [forward demodulation 5692,2139]
5825. double_divide(X8,inverse(double_divide(inverse(X5),inverse(double_divide(inverse(double_divide(double_divide(X8,X9),inverse(inverse(double_divide(X6,inverse(X1)))))),X9))))) = double_divide(double_divide(X0,double_divide(X1,double_divide(double_divide(inverse(double_divide(X0,X2)),inverse(X2)),inverse(X3)))),double_divide(X5,inverse(double_divide(X6,X3)))) [forward demodulation 5695,679]
5826. double_divide(X6,inverse(double_divide(inverse(X4),inverse(double_divide(inverse(double_divide(double_divide(X6,X7),inverse(inverse(double_divide(X5,inverse(X1)))))),X7))))) = double_divide(X1,double_divide(X5,X4)) [forward demodulation 5696,1066]
5828. double_divide(X1,double_divide(X4,double_divide(double_divide(X0,X2),X5))) = double_divide(X6,double_divide(X4,double_divide(double_divide(inverse(double_divide(X6,X7)),inverse(X7)),inverse(inverse(double_divide(double_divide(double_divide(X0,X2),X5),inverse(X1))))))) [forward demodulation 5698,679]
5836. double_divide(X4,double_divide(X1,inverse(double_divide(double_divide(double_divide(X4,X5),inverse(X2)),inverse(X5))))) = double_divide(double_divide(inverse(X0),X2),double_divide(X1,X0)) [forward demodulation 5707,2139]
5858. double_divide(double_divide(double_divide(X0,inverse(X1)),X6),double_divide(inverse(inverse(double_divide(inverse(double_divide(double_divide(X2,X3),inverse(X0))),X3))),double_divide(double_divide(inverse(X5),double_divide(X2,inverse(double_divide(inverse(double_divide(double_divide(X4,inverse(double_divide(inverse(X6),X5))),inverse(X7))),X4)))),X1))) = X7 [forward demodulation 5729,2139]
5862. double_divide(X4,double_divide(double_divide(inverse(X7),double_divide(double_divide(double_divide(X4,X5),X6),X2)),double_divide(double_divide(X1,inverse(X5)),X7))) = double_divide(double_divide(inverse(double_divide(X2,X3)),inverse(double_divide(inverse(inverse(X1)),inverse(X3)))),X6) [forward demodulation 5733,580]
5911. double_divide(X4,double_divide(X1,double_divide(inverse(X5),X6))) = double_divide(double_divide(double_divide(inverse(X3),inverse(X1)),double_divide(X3,X6)),double_divide(X5,inverse(X4))) [forward demodulation 5782,5700]
5949. double_divide(X1,double_divide(X5,double_divide(X3,X6))) = double_divide(X7,double_divide(X5,double_divide(double_divide(inverse(double_divide(X7,X8)),inverse(X8)),inverse(inverse(double_divide(double_divide(X3,X6),inverse(X1))))))) [forward demodulation 5822,679]
5952. double_divide(X8,inverse(double_divide(inverse(X5),inverse(double_divide(inverse(double_divide(double_divide(X8,X9),inverse(inverse(double_divide(X6,inverse(X1)))))),X9))))) = double_divide(double_divide(X0,double_divide(X1,double_divide(inverse(inverse(X2)),double_divide(inverse(double_divide(X0,X2)),X3)))),double_divide(X5,inverse(double_divide(X6,X3)))) [forward demodulation 5825,3605]
5953. double_divide(X1,double_divide(X5,X4)) = double_divide(X6,double_divide(double_divide(inverse(double_divide(double_divide(X6,X7),inverse(inverse(double_divide(X5,inverse(X1)))))),X7),inverse(inverse(X4)))) [forward demodulation 5826,555]
5955. double_divide(X1,double_divide(X4,double_divide(double_divide(X0,X2),X5))) = double_divide(X6,double_divide(X4,double_divide(inverse(inverse(X7)),double_divide(inverse(double_divide(X6,X7)),inverse(double_divide(double_divide(double_divide(X0,X2),X5),inverse(X1))))))) [forward demodulation 5828,3605]
5962. double_divide(X4,double_divide(X1,double_divide(double_divide(inverse(double_divide(X4,X5)),inverse(X5)),inverse(X2)))) = double_divide(double_divide(inverse(X0),X2),double_divide(X1,X0)) [forward demodulation 5836,679]
5984. double_divide(double_divide(double_divide(X0,inverse(X1)),X6),double_divide(inverse(inverse(double_divide(inverse(double_divide(double_divide(X2,X3),inverse(X0))),X3))),double_divide(double_divide(double_divide(double_divide(X4,inverse(double_divide(inverse(X6),X5))),inverse(X7)),double_divide(double_divide(inverse(X2),inverse(X5)),X4)),X1))) = X7 [forward demodulation 5858,2096]
5988. double_divide(X4,double_divide(double_divide(inverse(X7),double_divide(double_divide(double_divide(X4,X5),X6),X2)),double_divide(double_divide(X1,inverse(X5)),X7))) = double_divide(double_divide(X2,inverse(double_divide(inverse(double_divide(inverse(inverse(X1)),inverse(X3))),X3))),X6) [forward demodulation 5862,580]
6035. double_divide(X4,double_divide(X1,double_divide(inverse(X5),X6))) = double_divide(double_divide(X1,inverse(X6)),double_divide(X5,inverse(X4))) [forward demodulation 5911,4893]
6070. double_divide(X1,double_divide(X5,double_divide(X3,X6))) = double_divide(X7,double_divide(X5,double_divide(inverse(inverse(X8)),double_divide(inverse(double_divide(X7,X8)),inverse(double_divide(double_divide(X3,X6),inverse(X1))))))) [forward demodulation 5949,3605]
6073. double_divide(X8,inverse(double_divide(inverse(X5),inverse(double_divide(inverse(double_divide(double_divide(X8,X9),inverse(inverse(double_divide(X6,inverse(X1)))))),X9))))) = double_divide(double_divide(X0,double_divide(X1,double_divide(X2,double_divide(inverse(double_divide(X0,X2)),X3)))),double_divide(X5,inverse(double_divide(X6,X3)))) [forward demodulation 5952,613]
6074. double_divide(X1,double_divide(X5,X4)) = double_divide(X6,double_divide(inverse(X7),double_divide(inverse(double_divide(double_divide(X6,X7),inverse(inverse(double_divide(X5,inverse(X1)))))),inverse(X4)))) [forward demodulation 5953,3605]
6076. double_divide(X1,double_divide(X4,double_divide(double_divide(X0,X2),X5))) = double_divide(X6,double_divide(X4,double_divide(double_divide(double_divide(double_divide(X0,X2),X5),inverse(X1)),inverse(double_divide(double_divide(X6,X7),inverse(inverse(X7))))))) [forward demodulation 5955,2139]
6083. double_divide(double_divide(inverse(X0),X2),double_divide(X1,X0)) = double_divide(X4,double_divide(X1,double_divide(inverse(inverse(X5)),double_divide(inverse(double_divide(X4,X5)),X2)))) [forward demodulation 5962,3605]
6105. double_divide(double_divide(double_divide(X0,inverse(X1)),X6),double_divide(inverse(inverse(double_divide(inverse(double_divide(double_divide(X2,X3),inverse(X0))),X3))),double_divide(double_divide(X7,inverse(double_divide(inverse(double_divide(inverse(X2),inverse(X5))),inverse(double_divide(inverse(X6),X5))))),X1))) = X7 [forward demodulation 5984,1373]
6109. double_divide(X4,double_divide(double_divide(inverse(X7),double_divide(double_divide(double_divide(X4,X5),X6),X2)),double_divide(double_divide(X1,inverse(X5)),X7))) = double_divide(double_divide(X2,inverse(double_divide(X3,inverse(double_divide(inverse(inverse(X1)),inverse(X3)))))),X6) [forward demodulation 5988,3442]
6188. double_divide(X1,double_divide(X5,double_divide(X3,X6))) = double_divide(X7,double_divide(X5,double_divide(double_divide(double_divide(X3,X6),inverse(X1)),inverse(double_divide(double_divide(X7,X8),inverse(inverse(X8))))))) [forward demodulation 6070,2139]
6191. double_divide(X8,inverse(double_divide(inverse(X5),inverse(double_divide(inverse(double_divide(double_divide(X8,X9),inverse(inverse(double_divide(X6,inverse(X1)))))),X9))))) = double_divide(double_divide(inverse(X3),inverse(X1)),double_divide(X5,inverse(double_divide(X6,X3)))) [forward demodulation 6073,5700]
6192. double_divide(X1,double_divide(X5,X4)) = double_divide(X6,double_divide(X4,inverse(double_divide(double_divide(double_divide(X6,X7),inverse(inverse(double_divide(X5,inverse(X1))))),inverse(X7))))) [forward demodulation 6074,2139]
6194. double_divide(X1,double_divide(X4,double_divide(double_divide(X0,X2),X5))) = double_divide(X6,double_divide(X4,double_divide(double_divide(double_divide(double_divide(X0,X2),X5),inverse(X1)),double_divide(double_divide(inverse(X6),inverse(inverse(X7))),X7)))) [forward demodulation 6076,679]
6201. double_divide(double_divide(inverse(X0),X2),double_divide(X1,X0)) = double_divide(X4,double_divide(X1,double_divide(X5,double_divide(inverse(double_divide(X4,X5)),X2)))) [forward demodulation 6083,613]
6220. double_divide(double_divide(double_divide(X0,inverse(X1)),X6),double_divide(inverse(inverse(double_divide(inverse(double_divide(double_divide(X2,X3),inverse(X0))),X3))),double_divide(double_divide(X7,double_divide(double_divide(inverse(X6),X5),inverse(inverse(double_divide(inverse(X2),inverse(X5)))))),X1))) = X7 [forward demodulation 6105,555]
6224. double_divide(X4,double_divide(double_divide(inverse(X7),double_divide(double_divide(double_divide(X4,X5),X6),X2)),double_divide(double_divide(X1,inverse(X5)),X7))) = double_divide(double_divide(X2,double_divide(inverse(double_divide(X3,inverse(inverse(inverse(X1))))),inverse(X3))),X6) [forward demodulation 6109,202]
6297. double_divide(X1,double_divide(X5,double_divide(X3,X6))) = double_divide(X7,double_divide(X5,double_divide(double_divide(double_divide(X3,X6),inverse(X1)),double_divide(double_divide(inverse(X7),inverse(inverse(X8))),X8)))) [forward demodulation 6188,679]
6300. double_divide(X8,inverse(double_divide(inverse(X5),inverse(double_divide(inverse(double_divide(double_divide(X8,X9),inverse(inverse(double_divide(X6,inverse(X1)))))),X9))))) = double_divide(double_divide(X6,X3),double_divide(inverse(X3),double_divide(inverse(X5),X1))) [forward demodulation 6191,6035]
6301. double_divide(X1,double_divide(X5,X4)) = double_divide(X6,double_divide(X4,double_divide(double_divide(inverse(double_divide(X6,X7)),inverse(X7)),inverse(inverse(double_divide(X5,inverse(X1))))))) [forward demodulation 6192,679]
6303. double_divide(X1,double_divide(X4,double_divide(double_divide(X0,X2),X5))) = double_divide(double_divide(double_divide(double_divide(X0,X2),X5),inverse(X1)),double_divide(double_divide(inverse(X4),inverse(inverse(X7))),X7)) [forward demodulation 6194,1817]
6309. double_divide(inverse(X2),inverse(X1)) = double_divide(double_divide(inverse(X0),X2),double_divide(X1,X0)) [forward demodulation 6201,5700]
6326. double_divide(double_divide(double_divide(X0,inverse(X1)),X6),double_divide(inverse(inverse(double_divide(inverse(double_divide(double_divide(X2,X3),inverse(X0))),X3))),double_divide(double_divide(X7,double_divide(inverse(X5),double_divide(inverse(X6),inverse(double_divide(inverse(X2),inverse(X5)))))),X1))) = X7 [forward demodulation 6220,3605]
6329. double_divide(X4,double_divide(double_divide(inverse(X7),double_divide(double_divide(double_divide(X4,X5),X6),X2)),double_divide(double_divide(X1,inverse(X5)),X7))) = double_divide(double_divide(X3,inverse(double_divide(double_divide(X3,inverse(inverse(inverse(X1)))),X2))),X6) [forward demodulation 6224,2139]
6401. double_divide(X1,double_divide(X5,double_divide(X3,X6))) = double_divide(double_divide(double_divide(X3,X6),inverse(X1)),double_divide(double_divide(inverse(X5),inverse(inverse(X8))),X8)) [forward demodulation 6297,1817]
6404. double_divide(double_divide(X6,X3),double_divide(inverse(X3),double_divide(inverse(X5),X1))) = double_divide(X8,double_divide(double_divide(inverse(double_divide(double_divide(X8,X9),inverse(inverse(double_divide(X6,inverse(X1)))))),X9),inverse(inverse(X5)))) [forward demodulation 6300,555]
6405. double_divide(X1,double_divide(X5,X4)) = double_divide(X6,double_divide(X4,double_divide(inverse(inverse(X7)),double_divide(inverse(double_divide(X6,X7)),inverse(double_divide(X5,inverse(X1))))))) [forward demodulation 6301,3605]
6407. double_divide(X1,double_divide(X4,double_divide(double_divide(X0,X2),X5))) = double_divide(double_divide(double_divide(double_divide(X0,X2),X5),inverse(X1)),double_divide(X7,double_divide(inverse(X4),inverse(inverse(X7))))) [forward demodulation 6303,674]
6425. double_divide(double_divide(double_divide(X0,inverse(X1)),X6),double_divide(inverse(inverse(double_divide(inverse(double_divide(double_divide(X2,X3),inverse(X0))),X3))),double_divide(double_divide(X7,double_divide(double_divide(inverse(X2),inverse(X5)),inverse(double_divide(X6,inverse(X5))))),X1))) = X7 [forward demodulation 6326,2139]
6427. double_divide(X4,double_divide(double_divide(inverse(X7),double_divide(double_divide(double_divide(X4,X5),X6),X2)),double_divide(double_divide(X1,inverse(X5)),X7))) = double_divide(double_divide(X3,double_divide(double_divide(inverse(X3),X2),inverse(inverse(inverse(X1))))),X6) [forward demodulation 6329,679]
6496. double_divide(X1,double_divide(X5,double_divide(X3,X6))) = double_divide(double_divide(double_divide(X3,X6),inverse(X1)),double_divide(X8,double_divide(inverse(X5),inverse(inverse(X8))))) [forward demodulation 6401,674]
6499. double_divide(double_divide(X6,X3),double_divide(inverse(X3),double_divide(inverse(X5),X1))) = double_divide(X8,double_divide(inverse(X9),double_divide(inverse(double_divide(double_divide(X8,X9),inverse(inverse(double_divide(X6,inverse(X1)))))),inverse(X5)))) [forward demodulation 6404,3605]
6500. double_divide(X1,double_divide(X5,X4)) = double_divide(X6,double_divide(X4,double_divide(double_divide(X5,inverse(X1)),inverse(double_divide(double_divide(X6,X7),inverse(inverse(X7))))))) [forward demodulation 6405,2139]
6502. double_divide(X1,double_divide(X4,double_divide(double_divide(X0,X2),X5))) = double_divide(double_divide(X0,X2),double_divide(double_divide(inverse(X7),X5),double_divide(double_divide(X4,inverse(X1)),inverse(inverse(X7))))) [forward demodulation 6407,1892]
6520. double_divide(double_divide(double_divide(X0,inverse(X1)),X6),double_divide(inverse(inverse(double_divide(inverse(double_divide(double_divide(X2,X3),inverse(X0))),X3))),double_divide(double_divide(X7,double_divide(inverse(inverse(X5)),double_divide(inverse(X2),double_divide(X6,inverse(X5))))),X1))) = X7 [forward demodulation 6425,3605]
6522. double_divide(X4,double_divide(double_divide(inverse(X7),double_divide(double_divide(double_divide(X4,X5),X6),X2)),double_divide(double_divide(X1,inverse(X5)),X7))) = double_divide(double_divide(inverse(inverse(inverse(inverse(X1)))),X2),X6) [forward demodulation 6427,3431]
6586. double_divide(X1,double_divide(X5,double_divide(X3,X6))) = double_divide(X3,double_divide(double_divide(inverse(X8),X6),double_divide(double_divide(X5,inverse(X1)),inverse(inverse(X8))))) [forward demodulation 6496,1892]
6589. double_divide(double_divide(X6,X3),double_divide(inverse(X3),double_divide(inverse(X5),X1))) = double_divide(X8,double_divide(X5,inverse(double_divide(double_divide(double_divide(X8,X9),inverse(inverse(double_divide(X6,inverse(X1))))),inverse(X9))))) [forward demodulation 6499,2139]
6590. double_divide(X1,double_divide(X5,X4)) = double_divide(X6,double_divide(X4,double_divide(double_divide(X5,inverse(X1)),double_divide(double_divide(inverse(X6),inverse(inverse(X7))),X7)))) [forward demodulation 6500,679]
6591. double_divide(X1,double_divide(X4,double_divide(double_divide(X0,X2),X5))) = double_divide(double_divide(X0,X2),double_divide(inverse(double_divide(X4,inverse(X1))),inverse(X5))) [forward demodulation 6502,3607]
6607. double_divide(double_divide(double_divide(X0,inverse(X1)),X6),double_divide(inverse(inverse(double_divide(inverse(double_divide(double_divide(X2,X3),inverse(X0))),X3))),double_divide(double_divide(X7,double_divide(inverse(inverse(X5)),double_divide(X5,double_divide(X6,X2)))),X1))) = X7 [forward demodulation 6520,694]
6609. double_divide(X4,double_divide(double_divide(inverse(X7),double_divide(double_divide(double_divide(X4,X5),X6),X2)),double_divide(double_divide(X1,inverse(X5)),X7))) = double_divide(double_divide(inverse(inverse(X1)),X2),X6) [forward demodulation 6522,613]
6671. double_divide(X1,double_divide(X5,double_divide(X3,X6))) = double_divide(X3,double_divide(inverse(double_divide(X5,inverse(X1))),inverse(X6))) [forward demodulation 6586,3607]
6674. double_divide(double_divide(X6,X3),double_divide(inverse(X3),double_divide(inverse(X5),X1))) = double_divide(X8,double_divide(X5,double_divide(double_divide(inverse(double_divide(X8,X9)),inverse(X9)),inverse(inverse(double_divide(X6,inverse(X1))))))) [forward demodulation 6589,679]
6675. double_divide(double_divide(X5,inverse(X1)),double_divide(double_divide(inverse(X4),inverse(inverse(X7))),X7)) = double_divide(X1,double_divide(X5,X4)) [forward demodulation 6590,1817]
6676. double_divide(X1,double_divide(X4,double_divide(double_divide(X0,X2),X5))) = double_divide(X5,inverse(double_divide(double_divide(X4,inverse(X1)),double_divide(X0,X2)))) [forward demodulation 6591,2139]
6692. double_divide(double_divide(double_divide(X0,inverse(X1)),X6),double_divide(inverse(inverse(double_divide(inverse(double_divide(double_divide(X2,X3),inverse(X0))),X3))),double_divide(double_divide(X7,double_divide(X5,double_divide(X5,double_divide(X6,X2)))),X1))) = X7 [forward demodulation 6607,613]
6694. double_divide(double_divide(X1,X2),X6) = double_divide(X4,double_divide(double_divide(inverse(X7),double_divide(double_divide(double_divide(X4,X5),X6),X2)),double_divide(double_divide(X1,inverse(X5)),X7))) [forward demodulation 6609,613]
6756. double_divide(X1,double_divide(X5,double_divide(X3,X6))) = double_divide(X6,inverse(double_divide(double_divide(X5,inverse(X1)),X3))) [forward demodulation 6671,2139]
6759. double_divide(double_divide(X6,X3),double_divide(inverse(X3),double_divide(inverse(X5),X1))) = double_divide(X8,double_divide(X5,double_divide(inverse(inverse(X9)),double_divide(inverse(double_divide(X8,X9)),inverse(double_divide(X6,inverse(X1))))))) [forward demodulation 6674,3605]
6760. double_divide(X1,double_divide(X5,X4)) = double_divide(double_divide(X5,inverse(X1)),double_divide(X7,double_divide(inverse(X4),inverse(inverse(X7))))) [forward demodulation 6675,674]
6761. double_divide(X1,double_divide(X4,double_divide(double_divide(X0,X2),X5))) = double_divide(X5,double_divide(double_divide(inverse(X4),double_divide(X0,X2)),inverse(X1))) [forward demodulation 6676,679]
6776. double_divide(double_divide(double_divide(X0,inverse(X1)),X6),double_divide(inverse(inverse(double_divide(inverse(double_divide(double_divide(X2,X3),inverse(X0))),X3))),double_divide(double_divide(X7,double_divide(X6,X2)),X1))) = X7 [forward demodulation 6692,3006]
6778. double_divide(double_divide(X1,X2),X6) = double_divide(X4,double_divide(inverse(double_divide(double_divide(double_divide(X4,X5),X6),X2)),inverse(double_divide(X1,inverse(X5))))) [forward demodulation 6694,6309]
6834. double_divide(X1,double_divide(X5,double_divide(X3,X6))) = double_divide(X6,double_divide(double_divide(inverse(X5),X3),inverse(X1))) [forward demodulation 6756,679]
6837. double_divide(double_divide(X6,X3),double_divide(inverse(X3),double_divide(inverse(X5),X1))) = double_divide(X8,double_divide(X5,double_divide(double_divide(X6,inverse(X1)),inverse(double_divide(double_divide(X8,X9),inverse(inverse(X9))))))) [forward demodulation 6759,2139]
6838. double_divide(X1,double_divide(X5,X4)) = double_divide(double_divide(X5,inverse(X1)),double_divide(inverse(X7),inverse(double_divide(X4,X7)))) [forward demodulation 6760,2139]
6839. double_divide(X1,double_divide(X4,double_divide(double_divide(X0,X2),X5))) = double_divide(X5,double_divide(inverse(double_divide(X0,X2)),double_divide(inverse(X4),X1))) [forward demodulation 6761,3605]
6852. double_divide(double_divide(double_divide(X0,inverse(X1)),X6),double_divide(double_divide(inverse(double_divide(double_divide(X2,X3),inverse(X0))),X3),double_divide(double_divide(X7,double_divide(X6,X2)),X1))) = X7 [forward demodulation 6776,613]
6854. double_divide(double_divide(X1,X2),X6) = double_divide(double_divide(X1,inverse(X5)),inverse(double_divide(double_divide(double_divide(double_divide(X4,X5),X6),X2),X4))) [forward demodulation 6778,2139]
6904. double_divide(X1,double_divide(X5,double_divide(X3,X6))) = double_divide(X6,double_divide(inverse(X3),double_divide(inverse(X5),X1))) [forward demodulation 6834,3605]
6907. double_divide(double_divide(X6,X3),double_divide(inverse(X3),double_divide(inverse(X5),X1))) = double_divide(X8,double_divide(X5,double_divide(double_divide(X6,inverse(X1)),double_divide(double_divide(inverse(X8),inverse(inverse(X9))),X9)))) [forward demodulation 6837,679]
6908. double_divide(X1,double_divide(X5,X4)) = double_divide(double_divide(X4,X7),inverse(double_divide(X7,double_divide(X5,inverse(X1))))) [forward demodulation 6838,2139]
6909. double_divide(X1,double_divide(X4,double_divide(double_divide(X0,X2),X5))) = double_divide(X5,double_divide(X0,double_divide(X1,double_divide(X2,inverse(inverse(X4)))))) [forward demodulation 6839,4915]
6921. double_divide(double_divide(double_divide(X0,inverse(X1)),X6),double_divide(double_divide(X3,inverse(double_divide(double_divide(X2,X3),inverse(X0)))),double_divide(double_divide(X7,double_divide(X6,X2)),X1))) = X7 [forward demodulation 6852,3442]
6923. double_divide(double_divide(X1,X2),X6) = double_divide(double_divide(X1,inverse(X5)),double_divide(double_divide(inverse(double_divide(double_divide(X4,X5),X6)),X4),X2)) [forward demodulation 6854,679]
6967. double_divide(double_divide(X6,X3),double_divide(inverse(X3),double_divide(inverse(X5),X1))) = double_divide(double_divide(X6,inverse(X1)),double_divide(double_divide(inverse(X5),inverse(inverse(X9))),X9)) [forward demodulation 6907,1817]
6968. double_divide(X1,double_divide(X5,X4)) = double_divide(X7,double_divide(inverse(X1),double_divide(double_divide(X4,X7),inverse(X5)))) [forward demodulation 6908,2119]
6969. double_divide(X1,double_divide(X4,double_divide(double_divide(X0,X2),X5))) = double_divide(X5,double_divide(X0,double_divide(X1,double_divide(X2,X4)))) [forward demodulation 6909,613]
6981. double_divide(double_divide(double_divide(X0,inverse(X1)),X6),double_divide(double_divide(X3,double_divide(double_divide(inverse(X2),inverse(X0)),X3)),double_divide(double_divide(X7,double_divide(X6,X2)),X1))) = X7 [forward demodulation 6921,679]
6983. double_divide(double_divide(X1,X2),X6) = double_divide(double_divide(X1,inverse(X5)),double_divide(double_divide(X4,inverse(double_divide(double_divide(X4,X5),X6))),X2)) [forward demodulation 6923,3442]
7021. double_divide(double_divide(X6,X3),double_divide(inverse(X3),double_divide(inverse(X5),X1))) = double_divide(double_divide(X6,inverse(X1)),double_divide(X9,double_divide(inverse(X5),inverse(inverse(X9))))) [forward demodulation 6967,674]
7022. double_divide(X1,double_divide(X5,X4)) = double_divide(X7,double_divide(X5,double_divide(double_divide(X4,X7),X1))) [forward demodulation 6968,694]
7033. double_divide(X1,double_divide(X7,double_divide(double_divide(double_divide(X0,inverse(X1)),X6),double_divide(double_divide(X6,X2),double_divide(X3,double_divide(double_divide(inverse(X2),inverse(X0)),X3)))))) = X7 [forward demodulation 6981,6969]
7035. double_divide(double_divide(X1,X2),X6) = double_divide(double_divide(X1,inverse(X5)),double_divide(double_divide(X4,double_divide(double_divide(inverse(X4),X6),X5)),X2)) [forward demodulation 6983,679]
7069. double_divide(double_divide(X6,X3),double_divide(inverse(X3),double_divide(inverse(X5),X1))) = double_divide(double_divide(X6,inverse(X1)),double_divide(inverse(X9),inverse(double_divide(X5,X9)))) [forward demodulation 7021,2139]
7079. double_divide(X1,double_divide(X7,double_divide(double_divide(double_divide(X0,inverse(X1)),X6),double_divide(double_divide(X6,X2),double_divide(inverse(X2),inverse(X0)))))) = X7 [forward demodulation 7033,1066]
7081. double_divide(double_divide(X1,X2),X6) = double_divide(double_divide(X1,inverse(X5)),double_divide(double_divide(inverse(X5),X6),X2)) [forward demodulation 7035,3431]
7111. double_divide(double_divide(X6,X3),double_divide(inverse(X3),double_divide(inverse(X5),X1))) = double_divide(double_divide(X5,X9),inverse(double_divide(X9,double_divide(X6,inverse(X1))))) [forward demodulation 7069,2139]
7121. double_divide(X1,double_divide(X7,double_divide(X0,double_divide(double_divide(inverse(double_divide(X6,X2)),inverse(X1)),double_divide(double_divide(X2,X6),inverse(X0)))))) = X7 [forward demodulation 7079,1892]
7123. double_divide(double_divide(X1,X2),X6) = double_divide(inverse(X5),double_divide(double_divide(double_divide(X1,inverse(X5)),X6),X2)) [forward demodulation 7081,1848]
7150. double_divide(double_divide(X6,X3),double_divide(inverse(X3),double_divide(inverse(X5),X1))) = double_divide(X9,double_divide(inverse(X1),double_divide(double_divide(X5,X9),inverse(X6)))) [forward demodulation 7111,2119]
7159. double_divide(X1,double_divide(X7,double_divide(X0,double_divide(X0,double_divide(inverse(double_divide(X6,X2)),double_divide(inverse(double_divide(X2,X6)),X1)))))) = X7 [forward demodulation 7121,6035]
7180. double_divide(double_divide(X6,X3),double_divide(inverse(X3),double_divide(inverse(X5),X1))) = double_divide(inverse(X6),double_divide(inverse(X1),X5)) [forward demodulation 7150,7022]
7189. double_divide(X1,double_divide(X7,double_divide(inverse(double_divide(X6,X2)),double_divide(inverse(double_divide(X2,X6)),X1)))) = X7 [forward demodulation 7159,3006]
7208. double_divide(inverse(X6),double_divide(inverse(X1),X5)) = double_divide(X1,double_divide(X5,double_divide(X3,double_divide(X6,X3)))) [forward demodulation 7180,6904]
7215. double_divide(X1,double_divide(X1,double_divide(double_divide(X2,X6),double_divide(double_divide(X6,X2),X7)))) = X7 [forward demodulation 7189,6904]
7229. double_divide(inverse(X6),double_divide(inverse(X1),X5)) = double_divide(X1,double_divide(X5,X6)) [forward demodulation 7208,1066]
7236. double_divide(double_divide(X2,X6),double_divide(double_divide(X6,X2),X7)) = X7 [forward demodulation 7215,3006]
7373. double_divide(X2,inverse(double_divide(inverse(X1),inverse(double_divide(inverse(X4),X3))))) = double_divide(inverse(double_divide(double_divide(double_divide(X2,X3),X0),inverse(X4))),inverse(double_divide(X0,inverse(X1)))) [superposition 13,3442]
7432. double_divide(X0,inverse(double_divide(inverse(X3),X2))) = double_divide(inverse(double_divide(X0,inverse(double_divide(inverse(X1),X2)))),inverse(double_divide(X1,inverse(X3)))) [superposition 12,3442]
7454. double_divide(X0,inverse(double_divide(inverse(X3),X2))) = double_divide(X1,inverse(inverse(double_divide(double_divide(inverse(X1),X2),inverse(double_divide(X3,inverse(X0))))))) [forward demodulation 7432,153]
7510. double_divide(X2,inverse(double_divide(inverse(X1),inverse(double_divide(inverse(X4),X3))))) = double_divide(X0,inverse(inverse(double_divide(X4,inverse(double_divide(X1,inverse(double_divide(double_divide(X2,X3),X0)))))))) [forward demodulation 7373,153]
7587. double_divide(X0,inverse(double_divide(inverse(X3),X2))) = double_divide(X1,double_divide(double_divide(inverse(X1),X2),inverse(double_divide(X3,inverse(X0))))) [forward demodulation 7454,613]
7642. double_divide(X2,inverse(double_divide(inverse(X1),inverse(double_divide(inverse(X4),X3))))) = double_divide(X0,double_divide(X4,inverse(double_divide(X1,inverse(double_divide(double_divide(X2,X3),X0)))))) [forward demodulation 7510,613]
7714. double_divide(X0,inverse(double_divide(inverse(X3),X2))) = double_divide(inverse(inverse(double_divide(X3,inverse(X0)))),X2) [forward demodulation 7587,3431]
7763. double_divide(X2,inverse(double_divide(inverse(X1),inverse(double_divide(inverse(X4),X3))))) = double_divide(X0,double_divide(X4,double_divide(double_divide(double_divide(X2,X3),X0),inverse(X1)))) [forward demodulation 7642,555]
7825. double_divide(X0,inverse(double_divide(inverse(X3),X2))) = double_divide(double_divide(X3,inverse(X0)),X2) [forward demodulation 7714,613]
7869. double_divide(X2,inverse(double_divide(inverse(X1),inverse(double_divide(inverse(X4),X3))))) = double_divide(inverse(X1),double_divide(X4,double_divide(X2,X3))) [forward demodulation 7763,7022]
7966. double_divide(inverse(X1),double_divide(X4,double_divide(X2,X3))) = double_divide(double_divide(X1,inverse(X2)),inverse(double_divide(inverse(X4),X3))) [forward demodulation 7869,7825]
8052. double_divide(inverse(X1),double_divide(X4,double_divide(X2,X3))) = double_divide(double_divide(X4,inverse(double_divide(X1,inverse(X2)))),X3) [forward demodulation 7966,7825]
8124. double_divide(inverse(X1),double_divide(X4,double_divide(X2,X3))) = double_divide(double_divide(X4,double_divide(X2,inverse(X1))),X3) [forward demodulation 8052,555]
17668. double_divide(inverse(double_divide(double_divide(double_divide(inverse(X3),inverse(X0)),X5),inverse(X2))),X5) = double_divide(X1,inverse(double_divide(inverse(X2),inverse(double_divide(inverse(X0),inverse(double_divide(inverse(double_divide(double_divide(X1,X4),inverse(X3))),X4))))))) [superposition 24,534]
17813. double_divide(inverse(double_divide(inverse(double_divide(double_divide(X0,X1),inverse(X2))),X1)),inverse(X3)) = double_divide(inverse(X2),inverse(double_divide(inverse(double_divide(X4,inverse(X0))),inverse(double_divide(inverse(double_divide(double_divide(X3,X5),inverse(X4))),X5))))) [superposition 23,24]
18032. double_divide(inverse(double_divide(inverse(double_divide(double_divide(X0,X1),inverse(X2))),X1)),inverse(X3)) = double_divide(double_divide(double_divide(X4,inverse(X0)),inverse(inverse(X2))),inverse(double_divide(inverse(double_divide(double_divide(X3,X5),inverse(X4))),X5))) [forward demodulation 17813,7825]
18173. double_divide(inverse(double_divide(double_divide(double_divide(inverse(X3),inverse(X0)),X5),inverse(X2))),X5) = double_divide(double_divide(X2,inverse(X1)),inverse(double_divide(inverse(X0),inverse(double_divide(inverse(double_divide(double_divide(X1,X4),inverse(X3))),X4))))) [forward demodulation 17668,7825]
18291. double_divide(inverse(double_divide(inverse(double_divide(double_divide(X0,X1),inverse(X2))),X1)),inverse(X3)) = double_divide(double_divide(double_divide(double_divide(X3,X5),inverse(X4)),inverse(double_divide(double_divide(X4,inverse(X0)),inverse(inverse(X2))))),X5) [forward demodulation 18032,7825]
18432. double_divide(inverse(double_divide(double_divide(double_divide(inverse(X3),inverse(X0)),X5),inverse(X2))),X5) = double_divide(double_divide(X0,inverse(double_divide(X2,inverse(X1)))),inverse(double_divide(inverse(double_divide(double_divide(X1,X4),inverse(X3))),X4))) [forward demodulation 18173,7825]
18550. double_divide(inverse(double_divide(inverse(double_divide(double_divide(X0,X1),inverse(X2))),X1)),inverse(X3)) = double_divide(X5,double_divide(double_divide(double_divide(X3,X5),inverse(X4)),inverse(double_divide(double_divide(X4,inverse(X0)),inverse(inverse(X2)))))) [forward demodulation 18291,3442]
18691. double_divide(inverse(double_divide(double_divide(double_divide(inverse(X3),inverse(X0)),X5),inverse(X2))),X5) = double_divide(double_divide(double_divide(double_divide(X1,X4),inverse(X3)),inverse(double_divide(X0,inverse(double_divide(X2,inverse(X1)))))),X4) [forward demodulation 18432,7825]
18809. double_divide(inverse(double_divide(inverse(double_divide(double_divide(X0,X1),inverse(X2))),X1)),inverse(X3)) = double_divide(X5,double_divide(double_divide(double_divide(X3,X5),inverse(X4)),double_divide(double_divide(inverse(X4),inverse(inverse(X2))),inverse(X0)))) [forward demodulation 18550,679]
18948. double_divide(inverse(double_divide(double_divide(double_divide(inverse(X3),inverse(X0)),X5),inverse(X2))),X5) = double_divide(X4,double_divide(double_divide(double_divide(X1,X4),inverse(X3)),inverse(double_divide(X0,inverse(double_divide(X2,inverse(X1))))))) [forward demodulation 18691,3442]
19066. double_divide(inverse(double_divide(inverse(double_divide(double_divide(X0,X1),inverse(X2))),X1)),inverse(X3)) = double_divide(X5,double_divide(inverse(X4),double_divide(double_divide(double_divide(double_divide(X3,X5),inverse(X4)),inverse(inverse(X2))),inverse(X0)))) [forward demodulation 18809,1848]
19203. double_divide(inverse(double_divide(double_divide(double_divide(inverse(X3),inverse(X0)),X5),inverse(X2))),X5) = double_divide(X4,double_divide(inverse(inverse(X3)),double_divide(double_divide(X1,X4),double_divide(X0,inverse(double_divide(X2,inverse(X1))))))) [forward demodulation 18948,3605]
19321. double_divide(inverse(double_divide(inverse(double_divide(double_divide(X0,X1),inverse(X2))),X1)),inverse(X3)) = double_divide(X5,double_divide(double_divide(double_divide(X3,X5),inverse(X0)),inverse(inverse(X2)))) [forward demodulation 19066,7123]
19458. double_divide(inverse(double_divide(double_divide(double_divide(inverse(X3),inverse(X0)),X5),inverse(X2))),X5) = double_divide(double_divide(X0,inverse(double_divide(X2,inverse(X1)))),double_divide(inverse(inverse(X3)),X1)) [forward demodulation 19203,7022]
19576. double_divide(inverse(double_divide(inverse(double_divide(double_divide(X0,X1),inverse(X2))),X1)),inverse(X3)) = double_divide(X5,double_divide(inverse(inverse(X0)),double_divide(double_divide(X3,X5),inverse(X2)))) [forward demodulation 19321,3605]
19712. double_divide(inverse(double_divide(double_divide(double_divide(inverse(X3),inverse(X0)),X5),inverse(X2))),X5) = double_divide(double_divide(X0,inverse(double_divide(X2,inverse(X1)))),double_divide(X3,X1)) [forward demodulation 19458,613]
19830. double_divide(inverse(double_divide(inverse(double_divide(double_divide(X0,X1),inverse(X2))),X1)),inverse(X3)) = double_divide(inverse(X2),double_divide(inverse(inverse(X0)),X3)) [forward demodulation 19576,7022]
19965. double_divide(inverse(double_divide(double_divide(double_divide(inverse(X3),inverse(X0)),X5),inverse(X2))),X5) = double_divide(double_divide(X0,double_divide(X1,inverse(X2))),double_divide(X3,X1)) [forward demodulation 19712,555]
20083. double_divide(inverse(double_divide(inverse(double_divide(double_divide(X0,X1),inverse(X2))),X1)),inverse(X3)) = double_divide(inverse(X0),double_divide(X3,X2)) [forward demodulation 19830,7229]
20215. double_divide(inverse(double_divide(double_divide(double_divide(inverse(X3),inverse(X0)),X5),inverse(X2))),X5) = double_divide(inverse(X2),double_divide(X0,double_divide(X1,double_divide(X3,X1)))) [forward demodulation 19965,8124]
20333. double_divide(inverse(X0),double_divide(X3,X2)) = double_divide(inverse(double_divide(double_divide(X0,X1),inverse(X2))),inverse(double_divide(inverse(X3),X1))) [forward demodulation 20083,580]
20464. double_divide(inverse(X2),double_divide(X0,X3)) = double_divide(inverse(double_divide(double_divide(double_divide(inverse(X3),inverse(X0)),X5),inverse(X2))),X5) [forward demodulation 20215,1066]
20582. double_divide(inverse(X0),double_divide(X3,X2)) = double_divide(double_divide(X3,inverse(inverse(double_divide(double_divide(X0,X1),inverse(X2))))),X1) [forward demodulation 20333,7825]
20713. double_divide(inverse(X2),double_divide(X0,X3)) = double_divide(X5,inverse(double_divide(double_divide(double_divide(inverse(X3),inverse(X0)),X5),inverse(X2)))) [forward demodulation 20464,3442]
20830. double_divide(inverse(X0),double_divide(X3,X2)) = double_divide(X1,double_divide(X3,inverse(inverse(double_divide(double_divide(X0,X1),inverse(X2)))))) [forward demodulation 20582,3442]
20958. double_divide(inverse(X2),double_divide(X0,X3)) = double_divide(X5,double_divide(double_divide(inverse(double_divide(inverse(X3),inverse(X0))),inverse(X2)),X5)) [forward demodulation 20713,679]
21072. double_divide(inverse(X0),double_divide(X3,X2)) = double_divide(X1,double_divide(X3,double_divide(double_divide(X0,X1),inverse(X2)))) [forward demodulation 20830,613]
21195. double_divide(inverse(X2),double_divide(X0,X3)) = double_divide(inverse(double_divide(inverse(X3),inverse(X0))),inverse(X2)) [forward demodulation 20958,1066]
21306. double_divide(inverse(X0),double_divide(X3,X2)) = double_divide(inverse(X2),double_divide(X3,X0)) [forward demodulation 21072,7022]
21417. double_divide(inverse(X2),double_divide(X0,X3)) = double_divide(inverse(X3),inverse(double_divide(inverse(X2),inverse(X0)))) [forward demodulation 21195,580]
21621. double_divide(inverse(X2),double_divide(X0,X3)) = double_divide(double_divide(X2,inverse(inverse(X3))),inverse(X0)) [forward demodulation 21417,7825]
21817. double_divide(inverse(X2),double_divide(X0,X3)) = double_divide(inverse(inverse(inverse(X3))),double_divide(X2,X0)) [forward demodulation 21621,3605]
22010. double_divide(inverse(X2),double_divide(X0,X3)) = double_divide(inverse(X3),double_divide(X2,X0)) [forward demodulation 21817,613]
33764. inverse(X0) = double_divide(X0,double_divide(X1,inverse(X1))) [superposition 1359,644]
48390. inverse(double_divide(X0,X1)) = inverse(double_divide(X1,X0)) [superposition 7236,33764]
51371. inverse(double_divide(c3,inverse(double_divide(b3,a3)))) != inverse(double_divide(a3,inverse(double_divide(c3,b3)))) [superposition 2,48390]
51490. inverse(double_divide(c3,inverse(double_divide(b3,a3)))) != double_divide(double_divide(c3,b3),inverse(a3)) [forward demodulation 51371,555]
51731. inverse(double_divide(c3,inverse(double_divide(b3,a3)))) != double_divide(inverse(a3),double_divide(c3,b3)) [forward demodulation 51490,3442]
51943. inverse(double_divide(c3,inverse(double_divide(b3,a3)))) != double_divide(inverse(b3),double_divide(c3,a3)) [forward demodulation 51731,21306]
52141. inverse(double_divide(c3,inverse(double_divide(b3,a3)))) != double_divide(inverse(c3),double_divide(a3,b3)) [forward demodulation 51943,22010]
52320. inverse(double_divide(c3,inverse(double_divide(b3,a3)))) != double_divide(inverse(c3),double_divide(b3,a3)) [forward demodulation 52141,674]
52484. $false [forward subsumption resolution 52320,2028]
% SZS output end Proof for GRP587-1_clausified
% ------------------------------
% Version: Vampire 5.0.0 (Release build, commit 2e2c9b7b8 on 2026-01-17 12:24:14 +0100)
% Linked with Z3 4.14.0.0 3c47fd96cf5645d0c42b2c819d9e9a84380aa721 z3-4.8.4-9178-g3c47fd96c
% CaDiCaL version: 2.1.3
% Termination reason: Refutation
% Time elapsed: 0.652 s
% Peak memory usage: 60 MB
% Instructions burned: 2029 (million)
% ------------------------------
% ------------------------------
