% Running in auto input_syntax mode. Trying TPTP
% Refutation found. Thanks to Tanya!
% SZS status Unsatisfiable for GRP438-1_clausified
% SZS output start Proof for GRP438-1_clausified
1. multiply(X0,inverse(multiply(X1,multiply(X2,multiply(multiply(inverse(X2),inverse(multiply(X3,X1))),X0))))) = X3 [input(axiom)]
2. multiply(multiply(a3,b3),c3) != multiply(a3,multiply(b3,c3)) [input(negated conjecture)]
3. multiply(X1,inverse(multiply(inverse(multiply(X2,multiply(X3,multiply(multiply(inverse(X3),inverse(multiply(X0,X2))),X4)))),multiply(X5,multiply(multiply(inverse(X5),inverse(X0)),X1))))) = X4 [superposition 1,1]
4. multiply(X1,inverse(multiply(multiply(X2,multiply(multiply(inverse(X2),inverse(multiply(X0,X3))),inverse(X4))),multiply(X4,multiply(X0,X1))))) = X3 [superposition 1,1]
5. multiply(inverse(multiply(X1,multiply(X2,multiply(multiply(inverse(X2),inverse(multiply(X0,X1))),multiply(inverse(X3),inverse(multiply(X4,X5))))))),inverse(multiply(X5,multiply(X3,X0)))) = X4 [superposition 1,1]
6. inverse(multiply(X4,multiply(X5,multiply(multiply(inverse(X5),inverse(multiply(X0,X4))),X3)))) = multiply(X1,inverse(multiply(multiply(X2,multiply(multiply(inverse(X2),inverse(X0)),inverse(X6))),multiply(X6,multiply(X3,X1))))) [superposition 4,1]
7. inverse(multiply(multiply(X4,multiply(multiply(inverse(X4),inverse(multiply(X5,X0))),inverse(X6))),multiply(X6,multiply(X5,X3)))) = multiply(X1,inverse(multiply(multiply(X2,multiply(multiply(inverse(X2),inverse(X0)),inverse(X7))),multiply(X7,multiply(X3,X1))))) [superposition 4,4]
9. multiply(X5,multiply(X4,inverse(X2))) = multiply(X1,inverse(multiply(multiply(X2,multiply(X0,inverse(X6))),multiply(X6,multiply(multiply(X3,multiply(multiply(inverse(X3),inverse(multiply(X4,X0))),inverse(X5))),X1))))) [superposition 4,4]
12. multiply(inverse(multiply(X1,multiply(X2,multiply(multiply(inverse(X2),inverse(multiply(X0,X1))),X3)))),inverse(multiply(multiply(X4,multiply(multiply(inverse(X4),inverse(multiply(X3,X5))),inverse(X6))),multiply(X6,X0)))) = X5 [superposition 4,1]
13. multiply(inverse(multiply(multiply(X1,multiply(multiply(inverse(X1),inverse(multiply(X2,X0))),inverse(X3))),multiply(X3,multiply(X2,X4)))),inverse(multiply(multiply(X5,multiply(multiply(inverse(X5),inverse(multiply(X4,X6))),inverse(X7))),multiply(X7,X0)))) = X6 [superposition 4,4]
15. multiply(X5,multiply(multiply(inverse(X5),inverse(multiply(X3,X0))),inverse(X2))) = multiply(X1,inverse(multiply(multiply(X2,multiply(X3,inverse(X4))),multiply(X4,multiply(X0,X1))))) [superposition 1,4]
22. multiply(X1,inverse(multiply(inverse(multiply(multiply(X2,multiply(multiply(inverse(X2),inverse(X3)),inverse(X4))),multiply(X4,multiply(X0,X7)))),multiply(X8,multiply(multiply(inverse(X8),inverse(inverse(multiply(X5,multiply(X6,multiply(multiply(inverse(X6),inverse(multiply(X3,X5))),X0)))))),X1))))) = X7 [superposition 3,3]
23. inverse(multiply(X5,multiply(X6,multiply(multiply(inverse(X6),inverse(multiply(X0,X5))),multiply(inverse(X3),inverse(multiply(X4,X2))))))) = multiply(X1,inverse(multiply(inverse(multiply(X2,multiply(X3,X0))),multiply(X7,multiply(multiply(inverse(X7),inverse(X4)),X1))))) [superposition 3,1]
24. inverse(multiply(multiply(X5,multiply(multiply(inverse(X5),inverse(multiply(X6,X0))),inverse(X7))),multiply(X7,multiply(X6,multiply(inverse(X3),inverse(multiply(X4,X2))))))) = multiply(X1,inverse(multiply(inverse(multiply(X2,multiply(X3,X0))),multiply(X8,multiply(multiply(inverse(X8),inverse(X4)),X1))))) [superposition 3,4]
29. multiply(inverse(multiply(X1,multiply(X2,multiply(multiply(inverse(X2),inverse(multiply(X0,X1))),multiply(inverse(X3),inverse(X4)))))),inverse(multiply(inverse(multiply(X5,multiply(X6,multiply(multiply(inverse(X6),inverse(multiply(X4,X5))),X7)))),multiply(X3,X0)))) = X7 [superposition 3,1]
30. multiply(inverse(multiply(multiply(X1,multiply(multiply(inverse(X1),inverse(multiply(X2,X0))),inverse(X3))),multiply(X3,multiply(X2,multiply(inverse(X4),inverse(X5)))))),inverse(multiply(inverse(multiply(X6,multiply(X7,multiply(multiply(inverse(X7),inverse(multiply(X5,X6))),X8)))),multiply(X4,X0)))) = X8 [superposition 3,4]
33. inverse(multiply(inverse(multiply(X4,multiply(X5,multiply(multiply(inverse(X5),inverse(multiply(X6,X4))),X0)))),multiply(X7,multiply(multiply(inverse(X7),inverse(X6)),X3)))) = multiply(X1,inverse(multiply(multiply(X2,multiply(multiply(inverse(X2),inverse(X0)),inverse(X8))),multiply(X8,multiply(X3,X1))))) [superposition 4,3]
35. multiply(X6,multiply(multiply(inverse(X6),inverse(X5)),inverse(X2))) = multiply(X1,inverse(multiply(multiply(X2,multiply(X0,inverse(X7))),multiply(X7,multiply(inverse(multiply(X3,multiply(X4,multiply(multiply(inverse(X4),inverse(multiply(X5,X3))),X0)))),X1))))) [superposition 4,3]
69. multiply(inverse(X1),inverse(multiply(X4,multiply(X0,inverse(multiply(multiply(X1,multiply(X2,inverse(X3))),multiply(X3,multiply(X4,X0)))))))) = X2 [superposition 1,15]
79. multiply(X0,multiply(multiply(inverse(X0),inverse(multiply(multiply(inverse(X1),inverse(multiply(X2,X3))),X2))),inverse(X1))) = X3 [superposition 4,15]
94. multiply(inverse(multiply(inverse(multiply(multiply(X1,multiply(multiply(inverse(X1),inverse(multiply(X2,X0))),inverse(X3))),multiply(X3,multiply(X2,X4)))),multiply(X5,multiply(multiply(inverse(X5),inverse(X0)),multiply(inverse(X6),inverse(multiply(X7,X8))))))),inverse(multiply(X8,multiply(X6,X4)))) = X7 [superposition 5,4]
105. multiply(inverse(multiply(X1,multiply(X2,multiply(multiply(inverse(X2),inverse(multiply(X3,X1))),multiply(inverse(X4),inverse(X0)))))),inverse(multiply(inverse(multiply(multiply(X6,multiply(multiply(inverse(X6),inverse(multiply(X7,X0))),inverse(X8))),multiply(X8,multiply(X7,X5)))),multiply(X4,X3)))) = X5 [superposition 5,4]
115. multiply(inverse(multiply(X1,multiply(X2,multiply(multiply(inverse(X2),inverse(multiply(inverse(multiply(X3,multiply(X4,multiply(multiply(inverse(X4),inverse(multiply(X0,X3))),X5)))),X1))),multiply(inverse(X5),inverse(multiply(X6,X7))))))),inverse(multiply(X7,X0))) = X6 [superposition 5,1]
145. multiply(X6,multiply(multiply(inverse(X6),inverse(X5)),inverse(X2))) = multiply(X1,multiply(multiply(inverse(X1),inverse(multiply(X0,inverse(multiply(X3,multiply(X4,multiply(multiply(inverse(X4),inverse(multiply(X5,X3))),X0))))))),inverse(X2))) [superposition 79,3]
168. multiply(X6,multiply(multiply(inverse(X6),inverse(X5)),inverse(X2))) = multiply(X1,multiply(multiply(inverse(X1),inverse(X5)),inverse(X2))) [forward demodulation 145,1]
307. multiply(multiply(inverse(X5),inverse(X1)),inverse(X2)) = multiply(X3,inverse(multiply(multiply(X4,multiply(multiply(inverse(X4),inverse(multiply(X0,multiply(multiply(inverse(X0),inverse(X1)),inverse(X2))))),inverse(X6))),multiply(X6,multiply(X5,X3))))) [superposition 4,168]
437. multiply(inverse(X1),inverse(multiply(multiply(inverse(X2),inverse(multiply(X0,multiply(X1,multiply(X3,inverse(X2)))))),X0))) = X3 [superposition 69,1]
492. multiply(X8,inverse(multiply(multiply(X9,multiply(multiply(inverse(X9),inverse(multiply(X6,multiply(multiply(inverse(X6),inverse(X2)),inverse(X4))))),inverse(X10))),multiply(X10,multiply(X7,X8))))) = inverse(multiply(multiply(X4,multiply(X3,inverse(X5))),multiply(X5,multiply(inverse(multiply(X0,multiply(X1,multiply(multiply(inverse(X1),inverse(multiply(X2,X0))),X3)))),X7)))) [superposition 6,6]
558. multiply(X4,multiply(X0,inverse(multiply(multiply(X1,multiply(multiply(inverse(X1),inverse(X2)),inverse(X3))),multiply(X3,multiply(X4,X0)))))) = X2 [superposition 1,6]
597. inverse(multiply(X0,multiply(X1,multiply(multiply(inverse(X1),inverse(multiply(multiply(X2,X3),X0))),X2)))) = X3 [superposition 4,6]
645. inverse(multiply(multiply(X4,multiply(X3,inverse(X5))),multiply(X5,multiply(inverse(multiply(X0,multiply(X1,multiply(multiply(inverse(X1),inverse(multiply(X2,X0))),X3)))),X7)))) = multiply(multiply(inverse(X7),inverse(X2)),inverse(X4)) [forward demodulation 492,307]
676. multiply(multiply(inverse(X4),inverse(multiply(X2,X0))),inverse(X1)) = inverse(multiply(multiply(X1,multiply(X2,inverse(X3))),multiply(X3,multiply(X0,X4)))) [superposition 597,4]
727. multiply(X1,multiply(multiply(inverse(X1),inverse(multiply(multiply(X0,inverse(multiply(X5,X6))),X5))),X0)) = X6 [superposition 79,597]
728. multiply(X1,multiply(multiply(inverse(X1),inverse(X2)),X0)) = multiply(X6,multiply(multiply(inverse(X6),inverse(X2)),X0)) [superposition 168,597]
730. multiply(X1,multiply(multiply(inverse(X1),X0),inverse(X5))) = multiply(X6,multiply(multiply(inverse(X6),X0),inverse(X5))) [superposition 168,597]
1408. multiply(X1,multiply(multiply(inverse(X1),X0),X5)) = multiply(X6,multiply(multiply(inverse(X6),X0),X5)) [superposition 728,597]
3296. multiply(inverse(X1),inverse(multiply(multiply(X0,inverse(multiply(X5,multiply(X1,multiply(X6,X0))))),X5))) = X6 [superposition 437,597]
3652. multiply(inverse(multiply(X5,multiply(X6,multiply(multiply(inverse(X6),inverse(multiply(multiply(X7,X4),X5))),X7)))),multiply(X0,inverse(multiply(multiply(X1,multiply(multiply(inverse(X1),inverse(X2)),inverse(X3))),multiply(X3,multiply(X4,X0)))))) = X2 [superposition 12,7]
4009. multiply(inverse(multiply(X5,multiply(X6,multiply(multiply(inverse(X6),inverse(multiply(multiply(X7,X4),X5))),X7)))),multiply(X0,multiply(multiply(inverse(X0),inverse(multiply(multiply(inverse(X1),inverse(X2)),X4))),inverse(X1)))) = X2 [forward demodulation 3652,676]
4282. multiply(X4,multiply(X0,multiply(multiply(inverse(X0),inverse(multiply(multiply(inverse(X1),inverse(X2)),X4))),inverse(X1)))) = X2 [forward demodulation 4009,597]
4531. multiply(X1,inverse(multiply(X2,multiply(X3,multiply(X0,X1))))) = multiply(X4,inverse(multiply(X2,multiply(X3,multiply(X0,X4))))) [superposition 1,3296]
5377. multiply(X1,multiply(X2,multiply(multiply(inverse(X2),inverse(multiply(multiply(X0,inverse(X6)),X1))),X0))) = X6 [superposition 4282,597]
9908. inverse(multiply(X1,multiply(X2,multiply(X3,multiply(inverse(X10),inverse(multiply(X8,X9))))))) = multiply(inverse(multiply(X4,multiply(X5,multiply(multiply(inverse(X5),inverse(multiply(X6,X4))),multiply(inverse(X7),inverse(X8)))))),inverse(multiply(inverse(multiply(X9,multiply(X10,multiply(X0,inverse(multiply(X1,multiply(X2,multiply(X3,X0)))))))),multiply(X7,X6)))) [superposition 29,4531]
10900. multiply(multiply(inverse(X1),inverse(multiply(X0,multiply(X2,multiply(multiply(inverse(X2),inverse(X3)),inverse(X1)))))),X0) = X3 [superposition 558,1]
12028. multiply(multiply(X0,inverse(multiply(X1,multiply(X2,multiply(multiply(inverse(X2),inverse(X3)),X0))))),X1) = X3 [superposition 10900,4531]
12053. multiply(X1,inverse(multiply(multiply(X2,multiply(multiply(inverse(X2),inverse(X0)),inverse(X3))),multiply(X3,X0)))) = X1 [superposition 1,10900]
12064. multiply(X1,multiply(inverse(X1),inverse(X2))) = multiply(X3,inverse(multiply(multiply(X2,multiply(multiply(X4,multiply(multiply(inverse(X4),inverse(X0)),inverse(X5))),inverse(X6))),multiply(X6,multiply(multiply(X5,X0),X3))))) [superposition 9,10900]
12224. multiply(X1,multiply(inverse(X1),inverse(X2))) = multiply(X3,multiply(multiply(inverse(X3),inverse(multiply(multiply(X4,multiply(multiply(inverse(X4),inverse(X0)),inverse(X5))),multiply(X5,X0)))),inverse(X2))) [forward demodulation 12064,676]
12258. multiply(X1,multiply(inverse(X1),inverse(X2))) = multiply(X3,multiply(inverse(X3),inverse(X2))) [forward demodulation 12224,12053]
12985. multiply(X1,multiply(inverse(X1),X0)) = multiply(X5,multiply(inverse(X5),X0)) [superposition 12258,597]
15730. multiply(multiply(X1,inverse(multiply(X2,X0))),X2) = multiply(multiply(X1,inverse(multiply(X4,X0))),X4) [superposition 12028,727]
17215. multiply(multiply(X1,inverse(multiply(X2,inverse(multiply(X3,multiply(X4,multiply(multiply(inverse(X4),inverse(multiply(X0,X3))),X5))))))),X2) = multiply(multiply(X1,inverse(X0)),X5) [superposition 15730,1]
17524. multiply(X3,inverse(multiply(X2,multiply(X0,multiply(multiply(inverse(X0),inverse(multiply(X1,X2))),X1))))) = X3 [superposition 1,15730]
19015. multiply(multiply(X1,inverse(X0)),X0) = multiply(multiply(X1,inverse(multiply(X2,inverse(multiply(X3,multiply(X4,multiply(multiply(inverse(X4),inverse(multiply(X5,X3))),X5))))))),X2) [superposition 15730,17524]
19096. multiply(X4,multiply(inverse(X4),inverse(multiply(X1,multiply(X2,multiply(multiply(inverse(X2),inverse(multiply(X3,X1))),X3)))))) = multiply(X0,inverse(X0)) [superposition 12985,17524]
19201. multiply(X4,inverse(X4)) = multiply(X0,inverse(X0)) [forward demodulation 19096,17524]
19253. multiply(multiply(X1,inverse(X0)),X0) = multiply(multiply(X1,inverse(X5)),X5) [forward demodulation 19015,17215]
20894. multiply(X1,multiply(multiply(inverse(X1),inverse(multiply(multiply(X0,inverse(X0)),X2))),multiply(X2,X3))) = X3 [superposition 727,19201]
20978. inverse(X3) = inverse(multiply(X1,multiply(X2,multiply(multiply(inverse(X2),inverse(multiply(multiply(X0,inverse(X0)),X1))),X3)))) [superposition 597,19201]
22769. multiply(multiply(X0,inverse(X0)),X1) = multiply(multiply(X1,inverse(X2)),X2) [superposition 19253,19201]
25376. multiply(X2,inverse(multiply(X3,multiply(X4,multiply(multiply(inverse(X4),inverse(multiply(multiply(X0,inverse(X0)),X1))),multiply(X1,inverse(X3))))))) = X2 [superposition 17524,22769]
25442. multiply(X2,inverse(multiply(X3,inverse(X3)))) = X2 [forward demodulation 25376,20894]
27925. multiply(X0,X1) = multiply(multiply(X0,inverse(multiply(X2,inverse(X1)))),X2) [superposition 15730,25442]
27926. inverse(X2) = multiply(X1,multiply(multiply(inverse(X1),inverse(multiply(X0,X2))),X0)) [superposition 727,25442]
32537. multiply(multiply(X4,inverse(multiply(X0,inverse(multiply(X1,multiply(X2,multiply(X3,X0))))))),X5) = multiply(X4,multiply(X1,multiply(X2,multiply(X3,X5)))) [superposition 27925,4531]
32538. multiply(multiply(X1,inverse(X0)),X5) = multiply(X1,multiply(multiply(X2,multiply(multiply(inverse(X2),inverse(multiply(X3,X0))),inverse(X4))),multiply(X4,multiply(X3,X5)))) [superposition 27925,4]
32682. multiply(X0,multiply(inverse(X0),X1)) = multiply(X3,multiply(multiply(inverse(X3),inverse(multiply(inverse(X2),inverse(X1)))),inverse(X2))) [superposition 730,27925]
32916. inverse(inverse(X1)) = multiply(X0,multiply(inverse(X0),X1)) [forward demodulation 32682,27926]
33008. multiply(X9,inverse(multiply(multiply(X10,multiply(multiply(inverse(X10),inverse(X6)),inverse(X11))),multiply(X11,multiply(X8,X9))))) = inverse(multiply(inverse(multiply(inverse(multiply(X1,multiply(X2,multiply(X3,X4)))),multiply(X5,multiply(multiply(inverse(X5),inverse(multiply(X0,inverse(multiply(X1,multiply(X2,multiply(X3,X0))))))),X6)))),multiply(X7,multiply(multiply(inverse(X7),inverse(X4)),X8)))) [superposition 33,4531]
33098. multiply(X7,inverse(multiply(multiply(X8,multiply(multiply(inverse(X8),inverse(X4)),inverse(X9))),multiply(X9,multiply(X6,X7))))) = inverse(multiply(inverse(multiply(X1,multiply(X2,multiply(X0,X4)))),multiply(X5,multiply(multiply(inverse(X5),inverse(multiply(X3,inverse(multiply(X1,multiply(X2,multiply(X0,X3))))))),X6)))) [superposition 33,3296]
33266. multiply(X6,inverse(multiply(multiply(X7,multiply(multiply(inverse(X7),inverse(X4)),inverse(X8))),multiply(X8,multiply(X5,X6))))) = inverse(multiply(inverse(multiply(X1,multiply(X2,multiply(multiply(inverse(X2),inverse(multiply(multiply(X3,inverse(X3)),X1))),X4)))),multiply(X0,multiply(inverse(X0),X5)))) [superposition 33,25442]
34819. multiply(X6,inverse(multiply(multiply(X7,multiply(multiply(inverse(X7),inverse(X4)),inverse(X8))),multiply(X8,multiply(X5,X6))))) = inverse(multiply(inverse(multiply(X1,multiply(X2,multiply(multiply(inverse(X2),inverse(multiply(multiply(X3,inverse(X3)),X1))),X4)))),inverse(inverse(X5)))) [forward demodulation 33266,32916]
34966. multiply(X7,inverse(multiply(multiply(X8,multiply(multiply(inverse(X8),inverse(X4)),inverse(X9))),multiply(X9,multiply(X6,X7))))) = inverse(multiply(inverse(multiply(X1,multiply(X2,multiply(X0,X4)))),multiply(X5,multiply(inverse(X5),multiply(X1,multiply(X2,multiply(X0,X6))))))) [forward demodulation 33098,32537]
35055. multiply(X9,inverse(multiply(multiply(X10,multiply(multiply(inverse(X10),inverse(X6)),inverse(X11))),multiply(X11,multiply(X8,X9))))) = inverse(multiply(inverse(multiply(inverse(multiply(X1,multiply(X2,multiply(X3,X4)))),multiply(X5,multiply(inverse(X5),multiply(X1,multiply(X2,multiply(X3,X6))))))),multiply(X7,multiply(multiply(inverse(X7),inverse(X4)),X8)))) [forward demodulation 33008,32537]
35354. multiply(X6,inverse(multiply(multiply(X7,multiply(multiply(inverse(X7),inverse(X4)),inverse(X8))),multiply(X8,multiply(X5,X6))))) = inverse(multiply(inverse(X4),inverse(inverse(X5)))) [forward demodulation 34819,20978]
35423. multiply(X7,inverse(multiply(multiply(X8,multiply(multiply(inverse(X8),inverse(X4)),inverse(X9))),multiply(X9,multiply(X6,X7))))) = inverse(multiply(inverse(multiply(X1,multiply(X2,multiply(X0,X4)))),inverse(inverse(multiply(X1,multiply(X2,multiply(X0,X6))))))) [forward demodulation 34966,32916]
35466. multiply(X9,inverse(multiply(multiply(X10,multiply(multiply(inverse(X10),inverse(X6)),inverse(X11))),multiply(X11,multiply(X8,X9))))) = inverse(multiply(inverse(multiply(inverse(multiply(X1,multiply(X2,multiply(X3,X4)))),inverse(inverse(multiply(X1,multiply(X2,multiply(X3,X6))))))),multiply(X7,multiply(multiply(inverse(X7),inverse(X4)),X8)))) [forward demodulation 35055,32916]
35554. multiply(X6,multiply(multiply(inverse(X6),inverse(multiply(multiply(inverse(X7),inverse(X4)),X5))),inverse(X7))) = inverse(multiply(inverse(X4),inverse(inverse(X5)))) [forward demodulation 35354,676]
35569. multiply(X7,multiply(multiply(inverse(X7),inverse(multiply(multiply(inverse(X8),inverse(X4)),X6))),inverse(X8))) = inverse(multiply(inverse(multiply(X1,multiply(X2,multiply(X0,X4)))),inverse(inverse(multiply(X1,multiply(X2,multiply(X0,X6))))))) [forward demodulation 35423,676]
35582. multiply(X9,multiply(multiply(inverse(X9),inverse(multiply(multiply(inverse(X10),inverse(X6)),X8))),inverse(X10))) = inverse(multiply(inverse(multiply(inverse(multiply(X1,multiply(X2,multiply(X3,X4)))),inverse(inverse(multiply(X1,multiply(X2,multiply(X3,X6))))))),multiply(X7,multiply(multiply(inverse(X7),inverse(X4)),X8)))) [forward demodulation 35466,676]
35627. inverse(multiply(inverse(multiply(X1,multiply(X2,multiply(X0,X4)))),inverse(inverse(multiply(X1,multiply(X2,multiply(X0,X6))))))) = inverse(multiply(inverse(X4),inverse(inverse(X6)))) [forward demodulation 35569,35554]
35637. inverse(multiply(inverse(multiply(inverse(multiply(X1,multiply(X2,multiply(X3,X4)))),inverse(inverse(multiply(X1,multiply(X2,multiply(X3,X6))))))),multiply(X7,multiply(multiply(inverse(X7),inverse(X4)),X8)))) = inverse(multiply(inverse(X6),inverse(inverse(X8)))) [forward demodulation 35582,35554]
35660. inverse(multiply(inverse(X6),inverse(inverse(X8)))) = inverse(multiply(inverse(multiply(inverse(X4),inverse(inverse(X6)))),multiply(X7,multiply(multiply(inverse(X7),inverse(X4)),X8)))) [forward demodulation 35637,35627]
35689. multiply(X4,multiply(X0,inverse(multiply(X1,multiply(X2,multiply(X3,X0)))))) = inverse(inverse(inverse(multiply(X1,multiply(X2,multiply(X3,inverse(X4))))))) [superposition 32916,4531]
35705. multiply(X8,X0) = inverse(inverse(inverse(multiply(inverse(multiply(multiply(X1,multiply(multiply(inverse(X1),inverse(X2)),inverse(X3))),multiply(X3,multiply(X4,X0)))),multiply(X5,multiply(multiply(inverse(X5),inverse(inverse(multiply(X6,multiply(X7,multiply(multiply(inverse(X7),inverse(multiply(X2,X6))),X4)))))),inverse(X8))))))) [superposition 32916,22]
35710. multiply(X7,inverse(multiply(X0,multiply(X1,multiply(multiply(inverse(X1),inverse(multiply(X2,X0))),multiply(inverse(X3),inverse(multiply(X4,X5)))))))) = inverse(inverse(inverse(multiply(inverse(multiply(X5,multiply(X3,X2))),multiply(X6,multiply(multiply(inverse(X6),inverse(X4)),inverse(X7))))))) [superposition 32916,23]
35714. multiply(X1,multiply(X0,inverse(X0))) = inverse(inverse(inverse(inverse(X1)))) [superposition 32916,19201]
35724. multiply(X3,multiply(X0,multiply(multiply(inverse(X0),X1),X2))) = inverse(inverse(multiply(multiply(inverse(inverse(X3)),X1),X2))) [superposition 32916,1408]
35726. multiply(X3,multiply(X0,multiply(multiply(inverse(X0),X1),inverse(X2)))) = inverse(inverse(multiply(multiply(inverse(inverse(X3)),X1),inverse(X2)))) [superposition 32916,730]
35732. inverse(inverse(multiply(inverse(inverse(X1)),X0))) = multiply(X1,inverse(inverse(X0))) [superposition 32916,32916]
35758. multiply(X3,inverse(multiply(multiply(X4,multiply(multiply(inverse(X4),inverse(X1)),inverse(X5))),multiply(X5,multiply(X2,X3))))) = inverse(inverse(inverse(multiply(multiply(inverse(inverse(X0)),inverse(multiply(X1,X0))),X2)))) [superposition 6,32916]
35787. multiply(X6,inverse(multiply(inverse(multiply(X2,multiply(X0,X5))),multiply(X7,multiply(multiply(inverse(X7),inverse(X1)),X6))))) = inverse(multiply(multiply(X3,multiply(multiply(inverse(X3),inverse(multiply(inverse(X4),X5))),inverse(X4))),inverse(inverse(multiply(inverse(X0),inverse(multiply(X1,X2))))))) [superposition 24,32916]
35795. multiply(X0,inverse(multiply(multiply(X1,multiply(multiply(inverse(X1),inverse(multiply(inverse(X2),X3))),inverse(X2))),inverse(inverse(X0))))) = X3 [superposition 4,32916]
35838. multiply(X4,inverse(multiply(multiply(X5,multiply(multiply(inverse(X5),inverse(X1)),inverse(X6))),multiply(X6,multiply(X3,X4))))) = inverse(multiply(multiply(inverse(X1),X0),multiply(X2,multiply(multiply(inverse(X2),inverse(inverse(inverse(X0)))),X3)))) [superposition 6,32916]
35893. multiply(X1,multiply(multiply(inverse(X1),inverse(X2)),inverse(X3))) = multiply(X4,inverse(multiply(multiply(X3,multiply(X5,inverse(X6))),multiply(X6,multiply(inverse(multiply(multiply(inverse(X2),X0),multiply(X7,multiply(multiply(inverse(X7),inverse(inverse(inverse(X0)))),X5)))),X4))))) [superposition 35,32916]
35920. multiply(inverse(X3),X0) = inverse(multiply(X1,multiply(X2,multiply(multiply(inverse(X2),inverse(multiply(inverse(inverse(X0)),X1))),X3)))) [superposition 597,32916]
36045. multiply(X1,multiply(multiply(inverse(X1),inverse(X2)),inverse(X3))) = multiply(X4,multiply(multiply(inverse(X4),inverse(multiply(X5,inverse(multiply(multiply(inverse(X2),X0),multiply(X7,multiply(multiply(inverse(X7),inverse(inverse(inverse(X0)))),X5))))))),inverse(X3))) [forward demodulation 35893,676]
36074. multiply(X4,multiply(multiply(inverse(X4),inverse(multiply(multiply(inverse(X5),inverse(X1)),X3))),inverse(X5))) = inverse(multiply(multiply(inverse(X1),X0),multiply(X2,multiply(multiply(inverse(X2),inverse(inverse(inverse(X0)))),X3)))) [forward demodulation 35838,676]
36096. multiply(X0,inverse(multiply(inverse(X3),inverse(inverse(X0))))) = X3 [forward demodulation 35795,27926]
36102. multiply(X6,inverse(multiply(inverse(multiply(X2,multiply(X0,X5))),multiply(X7,multiply(multiply(inverse(X7),inverse(X1)),X6))))) = inverse(multiply(inverse(X5),inverse(inverse(multiply(inverse(X0),inverse(multiply(X1,X2))))))) [forward demodulation 35787,27926]
36109. multiply(X3,multiply(multiply(inverse(X3),inverse(multiply(multiply(inverse(X4),inverse(X1)),X2))),inverse(X4))) = inverse(inverse(inverse(multiply(multiply(inverse(inverse(X0)),inverse(multiply(X1,X0))),X2)))) [forward demodulation 35758,676]
36120. multiply(X7,inverse(multiply(X0,multiply(X1,multiply(multiply(inverse(X1),inverse(multiply(X2,X0))),multiply(inverse(X3),inverse(multiply(X4,X5)))))))) = inverse(inverse(inverse(inverse(inverse(multiply(multiply(inverse(inverse(inverse(multiply(X5,multiply(X3,X2))))),inverse(X4)),inverse(X7))))))) [forward demodulation 35710,35726]
36125. multiply(X8,X0) = inverse(inverse(inverse(inverse(inverse(multiply(multiply(inverse(inverse(inverse(multiply(multiply(X1,multiply(multiply(inverse(X1),inverse(X2)),inverse(X3))),multiply(X3,multiply(X4,X0)))))),inverse(inverse(multiply(X6,multiply(X7,multiply(multiply(inverse(X7),inverse(multiply(X2,X6))),X4)))))),inverse(X8))))))) [forward demodulation 35705,35726]
36172. multiply(X1,multiply(multiply(inverse(X1),inverse(X2)),inverse(X3))) = multiply(X4,multiply(inverse(X4),multiply(multiply(inverse(X2),X0),multiply(X7,multiply(multiply(inverse(X7),inverse(inverse(inverse(X0)))),inverse(X3)))))) [forward demodulation 36045,32537]
36191. multiply(X4,multiply(multiply(inverse(X4),inverse(multiply(multiply(inverse(X5),inverse(X1)),X3))),inverse(X5))) = inverse(inverse(inverse(multiply(multiply(inverse(inverse(multiply(inverse(X1),X0))),inverse(inverse(inverse(X0)))),X3)))) [forward demodulation 36074,35724]
36199. inverse(multiply(inverse(X5),inverse(inverse(multiply(inverse(X0),inverse(multiply(X1,X2))))))) = multiply(X6,inverse(inverse(inverse(multiply(multiply(inverse(inverse(inverse(multiply(X2,multiply(X0,X5))))),inverse(X1)),X6))))) [forward demodulation 36102,35724]
36203. inverse(multiply(inverse(X1),inverse(inverse(X2)))) = inverse(inverse(inverse(multiply(multiply(inverse(inverse(X0)),inverse(multiply(X1,X0))),X2)))) [forward demodulation 36109,35554]
36204. inverse(inverse(inverse(inverse(inverse(multiply(multiply(inverse(inverse(inverse(multiply(X5,multiply(X3,X2))))),inverse(X4)),inverse(X7))))))) = multiply(X7,inverse(inverse(inverse(multiply(multiply(inverse(inverse(X0)),inverse(multiply(X2,X0))),multiply(inverse(X3),inverse(multiply(X4,X5)))))))) [forward demodulation 36120,35724]
36209. multiply(X8,X0) = inverse(inverse(inverse(inverse(inverse(multiply(multiply(inverse(inverse(inverse(multiply(multiply(X1,multiply(multiply(inverse(X1),inverse(X2)),inverse(X3))),multiply(X3,multiply(X4,X0)))))),inverse(inverse(inverse(inverse(multiply(multiply(inverse(inverse(X6)),inverse(multiply(X2,X6))),X4)))))),inverse(X8))))))) [forward demodulation 36125,35724]
36228. multiply(X1,multiply(multiply(inverse(X1),inverse(X2)),inverse(X3))) = inverse(inverse(multiply(multiply(inverse(X2),X0),multiply(X7,multiply(multiply(inverse(X7),inverse(inverse(inverse(X0)))),inverse(X3)))))) [forward demodulation 36172,32916]
36234. inverse(multiply(inverse(X1),inverse(inverse(X3)))) = inverse(inverse(inverse(multiply(multiply(inverse(inverse(multiply(inverse(X1),X0))),inverse(inverse(inverse(X0)))),X3)))) [forward demodulation 36191,35554]
36236. inverse(inverse(inverse(inverse(inverse(multiply(multiply(inverse(inverse(inverse(multiply(X5,multiply(X3,X2))))),inverse(X4)),inverse(X7))))))) = multiply(X7,inverse(multiply(inverse(X2),inverse(inverse(multiply(inverse(X3),inverse(multiply(X4,X5)))))))) [forward demodulation 36204,36203]
36238. multiply(X8,X0) = inverse(inverse(inverse(inverse(inverse(multiply(multiply(inverse(inverse(inverse(multiply(multiply(X1,multiply(multiply(inverse(X1),inverse(X2)),inverse(X3))),multiply(X3,multiply(X4,X0)))))),inverse(inverse(multiply(inverse(X2),inverse(inverse(X4)))))),inverse(X8))))))) [forward demodulation 36209,36203]
36250. multiply(X1,multiply(multiply(inverse(X1),inverse(X2)),inverse(X3))) = inverse(inverse(inverse(inverse(multiply(multiply(inverse(inverse(multiply(inverse(X2),X0))),inverse(inverse(inverse(X0)))),inverse(X3)))))) [forward demodulation 36228,35726]
36252. multiply(X8,X0) = multiply(X8,inverse(multiply(inverse(multiply(X4,X0)),inverse(inverse(multiply(inverse(X3),inverse(multiply(inverse(multiply(inverse(X2),inverse(inverse(X4)))),multiply(X1,multiply(multiply(inverse(X1),inverse(X2)),inverse(X3))))))))))) [forward demodulation 36238,36236]
36254. multiply(X1,multiply(multiply(inverse(X1),inverse(X2)),inverse(X3))) = inverse(inverse(multiply(inverse(X2),inverse(inverse(inverse(X3)))))) [forward demodulation 36250,36234]
36256. multiply(X8,X0) = multiply(X8,inverse(multiply(inverse(multiply(X4,X0)),inverse(inverse(multiply(inverse(X3),inverse(multiply(inverse(X4),inverse(inverse(inverse(X3))))))))))) [forward demodulation 36252,35660]
36257. multiply(X8,X0) = multiply(X8,inverse(multiply(inverse(multiply(X4,X0)),inverse(inverse(X4))))) [forward demodulation 36256,36096]
36663. inverse(multiply(X8,multiply(X9,multiply(multiply(inverse(X9),inverse(multiply(X10,X8))),multiply(inverse(X11),inverse(multiply(X0,X12))))))) = multiply(inverse(multiply(inverse(multiply(multiply(X1,multiply(multiply(inverse(X1),inverse(multiply(X2,X3))),inverse(X4))),multiply(X4,multiply(X2,X5)))),multiply(X6,multiply(multiply(inverse(X6),inverse(X3)),multiply(inverse(X7),inverse(X0)))))),inverse(multiply(inverse(multiply(X12,multiply(X11,X10))),multiply(X7,X5)))) [superposition 94,5]
36889. multiply(X1,inverse(multiply(inverse(multiply(multiply(X2,X3),multiply(multiply(inverse(multiply(multiply(X4,multiply(multiply(inverse(X4),inverse(multiply(X5,X6))),inverse(X7))),multiply(X7,multiply(X5,X3)))),multiply(X8,multiply(multiply(inverse(X8),inverse(X6)),multiply(inverse(X2),inverse(multiply(X0,X9)))))),multiply(X0,X10)))),multiply(X11,multiply(multiply(inverse(X11),inverse(X9)),X1))))) = X10 [superposition 3,94]
36914. inverse(multiply(multiply(X1,multiply(multiply(inverse(X1),inverse(multiply(X2,X3))),inverse(X4))),multiply(X4,multiply(X2,X0)))) = multiply(X13,inverse(multiply(inverse(multiply(multiply(X11,X9),multiply(multiply(inverse(multiply(multiply(X5,multiply(multiply(inverse(X5),inverse(multiply(X6,X7))),inverse(X8))),multiply(X8,multiply(X6,X9)))),multiply(X10,multiply(multiply(inverse(X10),inverse(X7)),multiply(inverse(X11),inverse(multiply(X0,X12)))))),X3))),multiply(X14,multiply(multiply(inverse(X14),inverse(X12)),X13))))) [superposition 24,94]
37050. inverse(multiply(multiply(X1,multiply(multiply(inverse(X1),inverse(multiply(X2,X3))),inverse(X4))),multiply(X4,multiply(X2,multiply(inverse(X5),inverse(X0)))))) = multiply(X14,inverse(multiply(inverse(multiply(inverse(multiply(X13,multiply(X12,X10))),multiply(X5,X3))),multiply(X15,multiply(multiply(inverse(X15),inverse(inverse(multiply(inverse(multiply(multiply(X6,multiply(multiply(inverse(X6),inverse(multiply(X7,X8))),inverse(X9))),multiply(X9,multiply(X7,X10)))),multiply(X11,multiply(multiply(inverse(X11),inverse(X8)),multiply(inverse(X12),inverse(multiply(X0,X13))))))))),X14))))) [superposition 24,94]
37157. inverse(multiply(multiply(X1,multiply(multiply(inverse(X1),inverse(multiply(X2,X3))),inverse(X4))),multiply(X4,multiply(X2,multiply(inverse(X5),inverse(X0)))))) = multiply(X14,inverse(inverse(inverse(multiply(multiply(inverse(inverse(inverse(multiply(inverse(multiply(X13,multiply(X12,X10))),multiply(X5,X3))))),inverse(inverse(multiply(inverse(multiply(multiply(X6,multiply(multiply(inverse(X6),inverse(multiply(X7,X8))),inverse(X9))),multiply(X9,multiply(X7,X10)))),multiply(X11,multiply(multiply(inverse(X11),inverse(X8)),multiply(inverse(X12),inverse(multiply(X0,X13))))))))),X14))))) [forward demodulation 37050,35724]
37292. inverse(multiply(multiply(X1,multiply(multiply(inverse(X1),inverse(multiply(X2,X3))),inverse(X4))),multiply(X4,multiply(X2,X0)))) = multiply(X13,inverse(inverse(inverse(multiply(multiply(inverse(inverse(inverse(multiply(multiply(X11,X9),multiply(multiply(inverse(multiply(multiply(X5,multiply(multiply(inverse(X5),inverse(multiply(X6,X7))),inverse(X8))),multiply(X8,multiply(X6,X9)))),multiply(X10,multiply(multiply(inverse(X10),inverse(X7)),multiply(inverse(X11),inverse(multiply(X0,X12)))))),X3))))),inverse(X12)),X13))))) [forward demodulation 36914,35724]
37317. multiply(X1,inverse(inverse(inverse(multiply(multiply(inverse(inverse(inverse(multiply(multiply(X2,X3),multiply(multiply(inverse(multiply(multiply(X4,multiply(multiply(inverse(X4),inverse(multiply(X5,X6))),inverse(X7))),multiply(X7,multiply(X5,X3)))),multiply(X8,multiply(multiply(inverse(X8),inverse(X6)),multiply(inverse(X2),inverse(multiply(X0,X9)))))),multiply(X0,X10)))))),inverse(X9)),X1))))) = X10 [forward demodulation 36889,35724]
37537. inverse(multiply(X8,multiply(X9,multiply(multiply(inverse(X9),inverse(multiply(X10,X8))),multiply(inverse(X11),inverse(multiply(X0,X12))))))) = multiply(inverse(inverse(inverse(multiply(multiply(inverse(inverse(inverse(multiply(multiply(X1,multiply(multiply(inverse(X1),inverse(multiply(X2,X3))),inverse(X4))),multiply(X4,multiply(X2,X5)))))),inverse(X3)),multiply(inverse(X7),inverse(X0)))))),inverse(multiply(inverse(multiply(X12,multiply(X11,X10))),multiply(X7,X5)))) [forward demodulation 36663,35724]
37965. inverse(multiply(multiply(X1,multiply(multiply(inverse(X1),inverse(multiply(X2,X3))),inverse(X4))),multiply(X4,multiply(X2,multiply(inverse(X5),inverse(X0)))))) = inverse(multiply(inverse(X3),inverse(inverse(multiply(inverse(X5),inverse(multiply(inverse(multiply(inverse(multiply(multiply(X6,multiply(multiply(inverse(X6),inverse(multiply(X7,X8))),inverse(X9))),multiply(X9,multiply(X7,X10)))),multiply(X11,multiply(multiply(inverse(X11),inverse(X8)),multiply(inverse(X12),inverse(multiply(X0,X13))))))),inverse(multiply(X13,multiply(X12,X10)))))))))) [forward demodulation 37157,36199]
38100. inverse(multiply(multiply(X1,multiply(multiply(inverse(X1),inverse(multiply(X2,X3))),inverse(X4))),multiply(X4,multiply(X2,X0)))) = inverse(multiply(inverse(X3),inverse(inverse(multiply(inverse(multiply(inverse(multiply(multiply(X5,multiply(multiply(inverse(X5),inverse(multiply(X6,X7))),inverse(X8))),multiply(X8,multiply(X6,X9)))),multiply(X10,multiply(multiply(inverse(X10),inverse(X7)),multiply(inverse(X11),inverse(multiply(X0,X12))))))),inverse(multiply(X12,multiply(X11,X9)))))))) [forward demodulation 37292,36199]
38125. inverse(multiply(inverse(multiply(X0,X10)),inverse(inverse(multiply(inverse(multiply(inverse(multiply(multiply(X4,multiply(multiply(inverse(X4),inverse(multiply(X5,X6))),inverse(X7))),multiply(X7,multiply(X5,X3)))),multiply(X8,multiply(multiply(inverse(X8),inverse(X6)),multiply(inverse(X2),inverse(multiply(X0,X9))))))),inverse(multiply(X9,multiply(X2,X3)))))))) = X10 [forward demodulation 37317,36199]
38332. inverse(multiply(X8,multiply(X9,multiply(multiply(inverse(X9),inverse(multiply(X10,X8))),multiply(inverse(X11),inverse(multiply(X0,X12))))))) = multiply(inverse(inverse(inverse(multiply(multiply(inverse(inverse(multiply(multiply(inverse(X5),inverse(multiply(multiply(inverse(X1),inverse(multiply(X2,X3))),X2))),inverse(X1)))),inverse(X3)),multiply(inverse(X7),inverse(X0)))))),inverse(multiply(inverse(multiply(X12,multiply(X11,X10))),multiply(X7,X5)))) [forward demodulation 37537,676]
38746. inverse(multiply(multiply(X1,multiply(multiply(inverse(X1),inverse(multiply(X2,X3))),inverse(X4))),multiply(X4,multiply(X2,multiply(inverse(X5),inverse(X0)))))) = inverse(multiply(inverse(X3),inverse(inverse(multiply(inverse(X5),inverse(X0)))))) [forward demodulation 37965,94]
38858. inverse(multiply(multiply(X1,multiply(multiply(inverse(X1),inverse(multiply(X2,X3))),inverse(X4))),multiply(X4,multiply(X2,X0)))) = inverse(multiply(inverse(X3),inverse(inverse(X0)))) [forward demodulation 38100,94]
38880. inverse(multiply(inverse(multiply(X0,X10)),inverse(inverse(X0)))) = X10 [forward demodulation 38125,94]
39027. multiply(inverse(inverse(inverse(multiply(multiply(inverse(inverse(multiply(multiply(inverse(X5),inverse(multiply(multiply(inverse(X1),inverse(multiply(X2,X3))),X2))),inverse(X1)))),inverse(X3)),multiply(inverse(X7),inverse(X0)))))),inverse(multiply(inverse(multiply(X12,multiply(X11,X10))),multiply(X7,X5)))) = inverse(inverse(inverse(multiply(multiply(inverse(inverse(X8)),inverse(multiply(X10,X8))),multiply(inverse(X11),inverse(multiply(X0,X12))))))) [forward demodulation 38332,35724]
39355. multiply(multiply(inverse(multiply(inverse(X5),inverse(X0))),inverse(multiply(multiply(inverse(X1),inverse(multiply(X2,X3))),X2))),inverse(X1)) = inverse(multiply(inverse(X3),inverse(inverse(multiply(inverse(X5),inverse(X0)))))) [forward demodulation 38746,676]
39426. multiply(multiply(inverse(X0),inverse(multiply(multiply(inverse(X1),inverse(multiply(X2,X3))),X2))),inverse(X1)) = inverse(multiply(inverse(X3),inverse(inverse(X0)))) [forward demodulation 38858,676]
39551. multiply(inverse(inverse(inverse(multiply(multiply(inverse(inverse(multiply(multiply(inverse(X5),inverse(multiply(multiply(inverse(X1),inverse(multiply(X2,X3))),X2))),inverse(X1)))),inverse(X3)),multiply(inverse(X7),inverse(X0)))))),inverse(multiply(inverse(multiply(X12,multiply(X11,X10))),multiply(X7,X5)))) = inverse(multiply(inverse(X10),inverse(inverse(multiply(inverse(X11),inverse(multiply(X0,X12))))))) [forward demodulation 39027,36203]
39922. inverse(multiply(inverse(X10),inverse(inverse(multiply(inverse(X11),inverse(multiply(X0,X12))))))) = multiply(inverse(inverse(inverse(multiply(multiply(inverse(inverse(inverse(multiply(inverse(X3),inverse(inverse(X5)))))),inverse(X3)),multiply(inverse(X7),inverse(X0)))))),inverse(multiply(inverse(multiply(X12,multiply(X11,X10))),multiply(X7,X5)))) [forward demodulation 39551,39426]
40510. inverse(multiply(X1,multiply(X2,multiply(X3,X4)))) = inverse(multiply(inverse(multiply(X0,inverse(multiply(X1,multiply(X2,multiply(X3,X0)))))),inverse(inverse(X4)))) [superposition 38880,4531]
40516. inverse(multiply(multiply(X6,multiply(multiply(inverse(X6),inverse(X2)),inverse(X7))),multiply(X7,multiply(X4,X5)))) = inverse(multiply(inverse(inverse(multiply(multiply(X0,multiply(multiply(inverse(X0),inverse(multiply(X1,X2))),inverse(X3))),multiply(X3,multiply(X1,X4))))),inverse(inverse(X5)))) [superposition 38880,7]
40541. multiply(multiply(inverse(X1),inverse(multiply(multiply(X2,inverse(multiply(X3,X0))),X3))),X2) = inverse(multiply(inverse(X0),inverse(inverse(X1)))) [superposition 38880,727]
40561. inverse(multiply(multiply(X6,multiply(multiply(inverse(X6),inverse(multiply(X5,X0))),inverse(X7))),multiply(X7,X3))) = inverse(multiply(inverse(X0),inverse(inverse(inverse(multiply(multiply(X1,multiply(multiply(inverse(X1),inverse(multiply(X2,X3))),inverse(X4))),multiply(X4,multiply(X2,X5)))))))) [superposition 38880,13]
40574. inverse(multiply(inverse(X0),inverse(inverse(multiply(X1,inverse(multiply(X2,multiply(X3,multiply(multiply(inverse(X3),inverse(X0)),X1))))))))) = X2 [superposition 38880,12028]
40586. multiply(X2,multiply(multiply(inverse(X2),inverse(multiply(multiply(X3,X0),X1))),X3)) = inverse(multiply(X0,inverse(inverse(X1)))) [superposition 38880,597]
40590. inverse(inverse(X1)) = inverse(multiply(X0,inverse(inverse(inverse(multiply(X1,X0)))))) [superposition 38880,38880]
40599. multiply(X1,inverse(X2)) = multiply(multiply(X1,X0),inverse(multiply(X2,X0))) [superposition 27925,38880]
40637. multiply(X1,multiply(multiply(inverse(X1),inverse(inverse(multiply(X2,X0)))),inverse(X3))) = multiply(X4,inverse(multiply(multiply(X3,multiply(X5,inverse(X6))),multiply(X6,multiply(inverse(multiply(inverse(inverse(X2)),multiply(X7,multiply(multiply(inverse(X7),X0),X5)))),X4))))) [superposition 35,38880]
40672. inverse(multiply(multiply(X1,multiply(multiply(inverse(X1),inverse(multiply(X2,X3))),inverse(X4))),multiply(X4,multiply(X2,X5)))) = multiply(X6,inverse(multiply(multiply(multiply(inverse(multiply(X7,X0)),inverse(inverse(X7))),multiply(multiply(X0,inverse(X3)),inverse(X8))),multiply(X8,multiply(X5,X6))))) [superposition 7,38880]
40758. multiply(X1,multiply(multiply(inverse(X1),inverse(X2)),X0)) = multiply(X4,inverse(multiply(multiply(multiply(inverse(multiply(X3,X0)),inverse(inverse(X3))),multiply(X5,inverse(X6))),multiply(X6,multiply(inverse(multiply(X7,multiply(X8,multiply(multiply(inverse(X8),inverse(multiply(X2,X7))),X5)))),X4))))) [superposition 35,38880]
40759. multiply(X1,multiply(multiply(inverse(X1),X0),inverse(X3))) = multiply(X4,inverse(multiply(multiply(X3,multiply(X5,inverse(X6))),multiply(X6,multiply(inverse(multiply(X7,multiply(X8,multiply(multiply(inverse(X8),inverse(multiply(multiply(inverse(multiply(X2,X0)),inverse(inverse(X2))),X7))),X5)))),X4))))) [superposition 35,38880]
40884. multiply(X1,multiply(multiply(inverse(X1),X0),inverse(X3))) = multiply(X4,multiply(multiply(inverse(X4),inverse(multiply(inverse(multiply(X2,X0)),inverse(inverse(X2))))),inverse(X3))) [forward demodulation 40759,645]
40885. multiply(X1,multiply(multiply(inverse(X1),inverse(X2)),X0)) = multiply(X4,multiply(multiply(inverse(X4),inverse(X2)),inverse(multiply(inverse(multiply(X3,X0)),inverse(inverse(X3)))))) [forward demodulation 40758,645]
40967. inverse(multiply(multiply(X1,multiply(multiply(inverse(X1),inverse(multiply(X2,X3))),inverse(X4))),multiply(X4,multiply(X2,X5)))) = multiply(X6,multiply(multiply(inverse(X6),inverse(multiply(multiply(X0,inverse(X3)),X5))),inverse(multiply(inverse(multiply(X7,X0)),inverse(inverse(X7)))))) [forward demodulation 40672,676]
40997. multiply(X1,multiply(multiply(inverse(X1),inverse(inverse(multiply(X2,X0)))),inverse(X3))) = multiply(X4,multiply(multiply(inverse(X4),inverse(multiply(X5,inverse(multiply(inverse(inverse(X2)),multiply(X7,multiply(multiply(inverse(X7),X0),X5))))))),inverse(X3))) [forward demodulation 40637,676]
41046. inverse(multiply(inverse(X0),inverse(inverse(multiply(X1,inverse(inverse(inverse(multiply(multiply(inverse(inverse(X2)),inverse(X0)),X1))))))))) = X2 [forward demodulation 40574,35724]
41055. inverse(multiply(multiply(X6,multiply(multiply(inverse(X6),inverse(multiply(X5,X0))),inverse(X7))),multiply(X7,X3))) = inverse(multiply(inverse(X0),inverse(inverse(multiply(multiply(inverse(X5),inverse(multiply(multiply(inverse(X1),inverse(multiply(X2,X3))),X2))),inverse(X1)))))) [forward demodulation 40561,676]
41083. inverse(multiply(multiply(X6,multiply(multiply(inverse(X6),inverse(X2)),inverse(X7))),multiply(X7,multiply(X4,X5)))) = inverse(multiply(inverse(multiply(multiply(inverse(X4),inverse(multiply(multiply(inverse(X0),inverse(multiply(X1,X2))),X1))),inverse(X0))),inverse(inverse(X5)))) [forward demodulation 40516,676]
41118. multiply(X1,multiply(multiply(inverse(X1),X0),inverse(X3))) = inverse(inverse(multiply(inverse(multiply(inverse(multiply(X2,X0)),inverse(inverse(X2)))),inverse(inverse(inverse(X3)))))) [forward demodulation 40884,36254]
41119. multiply(X1,multiply(multiply(inverse(X1),inverse(X2)),X0)) = inverse(inverse(multiply(inverse(X2),inverse(inverse(inverse(multiply(inverse(multiply(X3,X0)),inverse(inverse(X3))))))))) [forward demodulation 40885,36254]
41196. inverse(multiply(multiply(X1,multiply(multiply(inverse(X1),inverse(multiply(X2,X3))),inverse(X4))),multiply(X4,multiply(X2,X5)))) = inverse(inverse(multiply(inverse(multiply(multiply(X0,inverse(X3)),X5)),inverse(inverse(inverse(multiply(inverse(multiply(X7,X0)),inverse(inverse(X7))))))))) [forward demodulation 40967,36254]
41222. multiply(X1,multiply(multiply(inverse(X1),inverse(inverse(multiply(X2,X0)))),inverse(X3))) = inverse(inverse(multiply(inverse(multiply(X5,inverse(multiply(inverse(inverse(X2)),multiply(X7,multiply(multiply(inverse(X7),X0),X5)))))),inverse(inverse(inverse(X3)))))) [forward demodulation 40997,36254]
41264. inverse(multiply(inverse(X0),inverse(inverse(inverse(multiply(inverse(inverse(X2)),inverse(X0))))))) = X2 [forward demodulation 41046,40590]
41273. inverse(multiply(multiply(X6,multiply(multiply(inverse(X6),inverse(multiply(X5,X0))),inverse(X7))),multiply(X7,X3))) = inverse(multiply(inverse(X0),inverse(inverse(inverse(multiply(inverse(X3),inverse(inverse(X5)))))))) [forward demodulation 41055,39426]
41291. inverse(multiply(multiply(X6,multiply(multiply(inverse(X6),inverse(X2)),inverse(X7))),multiply(X7,multiply(X4,X5)))) = inverse(multiply(inverse(inverse(multiply(inverse(X2),inverse(inverse(X4))))),inverse(inverse(X5)))) [forward demodulation 41083,39426]
41311. multiply(X1,multiply(multiply(inverse(X1),X0),inverse(X3))) = inverse(inverse(multiply(X0,inverse(inverse(inverse(X3)))))) [forward demodulation 41118,38880]
41312. multiply(X1,multiply(multiply(inverse(X1),inverse(X2)),X0)) = inverse(inverse(multiply(inverse(X2),inverse(inverse(X0))))) [forward demodulation 41119,38880]
41367. inverse(multiply(multiply(X1,multiply(multiply(inverse(X1),inverse(multiply(X2,X3))),inverse(X4))),multiply(X4,multiply(X2,X5)))) = inverse(inverse(multiply(inverse(multiply(multiply(X0,inverse(X3)),X5)),inverse(inverse(X0))))) [forward demodulation 41196,38880]
41385. multiply(X1,multiply(multiply(inverse(X1),inverse(inverse(multiply(X2,X0)))),inverse(X3))) = inverse(inverse(multiply(inverse(inverse(X2)),multiply(X7,multiply(multiply(inverse(X7),X0),inverse(X3)))))) [forward demodulation 41222,40510]
41420. inverse(inverse(inverse(inverse(X2)))) = X2 [forward demodulation 41264,40590]
41426. inverse(multiply(inverse(X0),inverse(inverse(inverse(multiply(inverse(X3),inverse(inverse(X5)))))))) = inverse(multiply(inverse(inverse(multiply(inverse(multiply(X5,X0)),inverse(inverse(inverse(X7)))))),multiply(X7,X3))) [forward demodulation 41273,36254]
41442. multiply(multiply(inverse(X5),inverse(multiply(multiply(inverse(X6),inverse(X2)),X4))),inverse(X6)) = inverse(multiply(inverse(inverse(multiply(inverse(X2),inverse(inverse(X4))))),inverse(inverse(X5)))) [forward demodulation 41291,676]
41500. multiply(multiply(inverse(X5),inverse(multiply(multiply(inverse(X1),inverse(multiply(X2,X3))),X2))),inverse(X1)) = inverse(inverse(multiply(inverse(multiply(multiply(X0,inverse(X3)),X5)),inverse(inverse(X0))))) [forward demodulation 41367,676]
41508. multiply(X1,multiply(multiply(inverse(X1),inverse(inverse(multiply(X2,X0)))),inverse(X3))) = multiply(X2,inverse(inverse(multiply(X7,multiply(multiply(inverse(X7),X0),inverse(X3)))))) [forward demodulation 41385,35732]
41565. inverse(multiply(inverse(X3),inverse(inverse(X5)))) = inverse(inverse(multiply(inverse(multiply(multiply(X0,inverse(X3)),X5)),inverse(inverse(X0))))) [forward demodulation 41500,39426]
41569. multiply(X1,multiply(multiply(inverse(X1),inverse(inverse(multiply(X2,X0)))),inverse(X3))) = multiply(X2,inverse(inverse(inverse(inverse(multiply(X0,inverse(inverse(inverse(X3))))))))) [forward demodulation 41508,41311]
41604. multiply(X1,multiply(multiply(inverse(X1),inverse(inverse(multiply(X2,X0)))),inverse(X3))) = multiply(X2,multiply(X0,inverse(inverse(inverse(X3))))) [forward demodulation 41569,41420]
41618. multiply(X2,multiply(X0,inverse(inverse(inverse(X3))))) = inverse(inverse(multiply(inverse(inverse(multiply(X2,X0))),inverse(inverse(inverse(X3)))))) [forward demodulation 41604,36254]
41623. multiply(X2,multiply(X0,inverse(inverse(inverse(X3))))) = multiply(multiply(X2,X0),inverse(inverse(inverse(inverse(inverse(X3)))))) [forward demodulation 41618,35732]
41626. multiply(X2,multiply(X0,inverse(inverse(inverse(X3))))) = multiply(multiply(X2,X0),inverse(X3)) [forward demodulation 41623,41420]
47163. multiply(X5,multiply(X6,multiply(multiply(inverse(X6),inverse(multiply(X2,X5))),X4))) = inverse(inverse(inverse(multiply(X0,inverse(multiply(multiply(X1,multiply(multiply(inverse(X1),inverse(X2)),inverse(X3))),multiply(X3,multiply(X4,X0)))))))) [superposition 41420,6]
47169. inverse(inverse(inverse(X0))) = multiply(inverse(multiply(X1,X0)),inverse(inverse(X1))) [superposition 41420,38880]
47180. inverse(multiply(X1,multiply(X2,multiply(multiply(inverse(X2),inverse(multiply(inverse(inverse(inverse(X0))),X1))),X3)))) = multiply(X4,inverse(multiply(multiply(X5,multiply(multiply(inverse(X5),X0),inverse(X6))),multiply(X6,multiply(X3,X4))))) [superposition 6,41420]
47183. inverse(multiply(multiply(X1,multiply(multiply(inverse(X1),inverse(multiply(X2,X3))),inverse(X4))),multiply(X4,multiply(X2,X5)))) = multiply(X6,inverse(multiply(multiply(inverse(inverse(inverse(X0))),multiply(multiply(X0,inverse(X3)),inverse(X7))),multiply(X7,multiply(X5,X6))))) [superposition 7,41420]
47270. multiply(X3,inverse(multiply(multiply(X2,multiply(X4,inverse(X5))),multiply(X5,multiply(inverse(multiply(X6,multiply(X7,multiply(multiply(inverse(X7),inverse(multiply(inverse(inverse(inverse(X0))),X6))),X4)))),X3))))) = multiply(X1,multiply(multiply(inverse(X1),X0),inverse(X2))) [superposition 35,41420]
47357. multiply(multiply(X1,inverse(multiply(X2,X0))),X2) = multiply(X1,inverse(inverse(inverse(X0)))) [superposition 27925,41420]
47415. multiply(X3,inverse(multiply(multiply(X2,multiply(X4,inverse(X5))),multiply(X5,multiply(inverse(multiply(X6,multiply(X7,multiply(multiply(inverse(X7),inverse(multiply(inverse(inverse(inverse(X0))),X6))),X4)))),X3))))) = inverse(inverse(multiply(X0,inverse(inverse(inverse(X2)))))) [forward demodulation 47270,41311]
47500. inverse(multiply(multiply(X1,multiply(multiply(inverse(X1),inverse(multiply(X2,X3))),inverse(X4))),multiply(X4,multiply(X2,X5)))) = multiply(X6,multiply(multiply(inverse(X6),inverse(multiply(multiply(X0,inverse(X3)),X5))),inverse(inverse(inverse(inverse(X0)))))) [forward demodulation 47183,676]
47503. inverse(multiply(X1,multiply(X2,multiply(multiply(inverse(X2),inverse(multiply(inverse(inverse(inverse(X0))),X1))),X3)))) = multiply(X4,multiply(multiply(inverse(X4),inverse(multiply(multiply(inverse(X5),X0),X3))),inverse(X5))) [forward demodulation 47180,676]
47516. multiply(X5,multiply(X6,multiply(multiply(inverse(X6),inverse(multiply(X2,X5))),X4))) = inverse(inverse(inverse(multiply(X0,multiply(multiply(inverse(X0),inverse(multiply(multiply(inverse(X1),inverse(X2)),X4))),inverse(X1)))))) [forward demodulation 47163,676]
47556. multiply(X3,multiply(multiply(inverse(X3),inverse(inverse(inverse(inverse(X0))))),inverse(X2))) = inverse(inverse(multiply(X0,inverse(inverse(inverse(X2)))))) [forward demodulation 47415,645]
47635. inverse(multiply(multiply(X1,multiply(multiply(inverse(X1),inverse(multiply(X2,X3))),inverse(X4))),multiply(X4,multiply(X2,X5)))) = inverse(inverse(multiply(inverse(multiply(multiply(X0,inverse(X3)),X5)),inverse(inverse(inverse(inverse(inverse(inverse(X0))))))))) [forward demodulation 47500,36254]
47638. inverse(multiply(X0,inverse(inverse(X3)))) = inverse(multiply(X1,multiply(X2,multiply(multiply(inverse(X2),inverse(multiply(inverse(inverse(inverse(X0))),X1))),X3)))) [forward demodulation 47503,40586]
47649. multiply(X5,multiply(X6,multiply(multiply(inverse(X6),inverse(multiply(X2,X5))),X4))) = inverse(inverse(inverse(inverse(multiply(inverse(X2),inverse(inverse(X4))))))) [forward demodulation 47516,35554]
47671. inverse(inverse(multiply(X0,inverse(inverse(inverse(X2)))))) = inverse(inverse(multiply(inverse(inverse(inverse(inverse(X0)))),inverse(inverse(inverse(X2)))))) [forward demodulation 47556,36254]
47733. inverse(multiply(multiply(X1,multiply(multiply(inverse(X1),inverse(multiply(X2,X3))),inverse(X4))),multiply(X4,multiply(X2,X5)))) = inverse(inverse(multiply(inverse(multiply(multiply(X0,inverse(X3)),X5)),inverse(inverse(X0))))) [forward demodulation 47635,41420]
47735. multiply(inverse(X3),inverse(X0)) = inverse(multiply(X0,inverse(inverse(X3)))) [forward demodulation 47638,35920]
47743. multiply(X5,multiply(X6,multiply(multiply(inverse(X6),inverse(multiply(X2,X5))),X4))) = multiply(inverse(X2),inverse(inverse(X4))) [forward demodulation 47649,41420]
47757. inverse(inverse(multiply(X0,inverse(inverse(inverse(X2)))))) = multiply(inverse(inverse(X0)),inverse(inverse(inverse(inverse(inverse(X2)))))) [forward demodulation 47671,35732]
47800. inverse(multiply(multiply(X1,multiply(multiply(inverse(X1),inverse(multiply(X2,X3))),inverse(X4))),multiply(X4,multiply(X2,X5)))) = inverse(multiply(inverse(X3),inverse(inverse(X5)))) [forward demodulation 47733,41565]
47807. multiply(inverse(X2),inverse(inverse(X4))) = inverse(inverse(multiply(multiply(inverse(inverse(X5)),inverse(multiply(X2,X5))),X4))) [forward demodulation 47743,35724]
47816. multiply(inverse(inverse(X0)),inverse(X2)) = inverse(inverse(multiply(X0,inverse(inverse(inverse(X2)))))) [forward demodulation 47757,41420]
47850. inverse(multiply(multiply(X1,multiply(multiply(inverse(X1),inverse(multiply(X2,X3))),inverse(X4))),multiply(X4,multiply(X2,X5)))) = multiply(inverse(X5),inverse(inverse(X3))) [forward demodulation 47800,47735]
47858. multiply(inverse(inverse(X0)),inverse(X2)) = inverse(multiply(inverse(inverse(X2)),inverse(X0))) [forward demodulation 47816,47735]
47883. multiply(multiply(inverse(X5),inverse(multiply(multiply(inverse(X1),inverse(multiply(X2,X3))),X2))),inverse(X1)) = multiply(inverse(X5),inverse(inverse(X3))) [forward demodulation 47850,676]
47907. multiply(inverse(X5),inverse(inverse(X3))) = inverse(multiply(inverse(inverse(multiply(inverse(multiply(X2,X3)),inverse(inverse(X2))))),inverse(inverse(X5)))) [forward demodulation 47883,41442]
47924. multiply(inverse(X5),inverse(inverse(X3))) = multiply(inverse(X5),inverse(inverse(inverse(multiply(inverse(multiply(X2,X3)),inverse(inverse(X2))))))) [forward demodulation 47907,47735]
47934. multiply(inverse(X5),inverse(inverse(X3))) = multiply(inverse(X5),inverse(inverse(multiply(inverse(X2),inverse(inverse(multiply(X2,X3))))))) [forward demodulation 47924,47735]
47941. multiply(inverse(X5),inverse(inverse(X3))) = multiply(inverse(X5),inverse(multiply(inverse(multiply(X2,X3)),inverse(inverse(X2))))) [forward demodulation 47934,47735]
47945. multiply(inverse(X5),X3) = multiply(inverse(X5),inverse(inverse(X3))) [forward demodulation 47941,36257]
48386. inverse(multiply(X1,multiply(X2,multiply(X3,X10)))) = multiply(inverse(multiply(X4,multiply(X5,multiply(multiply(inverse(X5),inverse(multiply(X6,X4))),multiply(inverse(X7),inverse(X8)))))),inverse(multiply(inverse(multiply(multiply(X9,multiply(multiply(inverse(X9),inverse(multiply(X10,X8))),inverse(X11))),multiply(X11,multiply(X0,inverse(multiply(X1,multiply(X2,multiply(X3,X0)))))))),multiply(X7,X6)))) [superposition 105,4531]
48425. multiply(inverse(multiply(X1,multiply(X2,multiply(multiply(inverse(X2),inverse(multiply(X3,X1))),multiply(inverse(X4),inverse(X5)))))),inverse(multiply(inverse(multiply(multiply(X6,multiply(multiply(inverse(X6),inverse(multiply(X7,X5))),inverse(X8))),multiply(X8,X0))),multiply(X4,X3)))) = multiply(X9,multiply(multiply(inverse(X9),inverse(multiply(multiply(X10,inverse(X0)),X7))),X10)) [superposition 105,5377]
48439. inverse(multiply(inverse(multiply(X14,multiply(X15,multiply(multiply(inverse(X15),inverse(multiply(X12,X14))),X0)))),multiply(X11,X9))) = multiply(inverse(multiply(X1,multiply(X2,multiply(multiply(inverse(X2),inverse(multiply(X3,X1))),multiply(inverse(X4),inverse(X5)))))),inverse(multiply(inverse(multiply(multiply(X6,multiply(multiply(inverse(X6),inverse(multiply(inverse(multiply(multiply(X7,multiply(multiply(inverse(X7),inverse(multiply(X8,X9))),inverse(X10))),multiply(X10,multiply(X8,multiply(inverse(X11),inverse(X12)))))),X5))),inverse(X13))),multiply(X13,X0))),multiply(X4,X3)))) [superposition 105,30]
48523. multiply(inverse(multiply(X1,multiply(X2,multiply(multiply(inverse(X2),inverse(multiply(inverse(X3),X1))),multiply(inverse(X3),inverse(X4)))))),inverse(multiply(inverse(multiply(multiply(X5,multiply(multiply(inverse(X5),inverse(multiply(X6,X4))),inverse(X7))),multiply(X7,multiply(X6,X8)))),multiply(X0,inverse(X0))))) = X8 [superposition 105,19201]
48579. multiply(inverse(multiply(X1,multiply(X2,multiply(multiply(inverse(X2),inverse(multiply(X3,X1))),multiply(inverse(multiply(inverse(inverse(multiply(multiply(X4,multiply(multiply(inverse(X4),inverse(multiply(X5,X6))),inverse(X7))),multiply(X7,multiply(X5,X8))))),inverse(multiply(multiply(X3,inverse(multiply(X9,X0))),X9)))),inverse(X6)))))),inverse(X0)) = X8 [superposition 105,727]
48601. multiply(X1,inverse(multiply(inverse(multiply(multiply(X2,X3),multiply(multiply(X4,multiply(X5,multiply(multiply(inverse(X5),inverse(multiply(X3,X4))),multiply(inverse(X2),inverse(X6))))),multiply(X0,X10)))),multiply(X11,multiply(multiply(inverse(X11),inverse(inverse(multiply(multiply(X7,multiply(multiply(inverse(X7),inverse(multiply(X8,X6))),inverse(X9))),multiply(X9,multiply(X8,X0)))))),X1))))) = X10 [superposition 3,105]
48693. multiply(X10,multiply(multiply(inverse(X10),inverse(multiply(inverse(multiply(multiply(X6,multiply(multiply(inverse(X6),inverse(multiply(X7,X5))),inverse(X8))),multiply(X8,multiply(X7,X0)))),multiply(X4,X3)))),X9)) = multiply(multiply(X1,multiply(X2,multiply(multiply(inverse(X2),inverse(multiply(X3,X1))),multiply(inverse(X4),inverse(X5))))),multiply(X0,X9)) [superposition 1408,105]
48696. inverse(inverse(inverse(multiply(inverse(multiply(multiply(X1,multiply(multiply(inverse(X1),inverse(multiply(X2,X3))),inverse(X4))),multiply(X4,multiply(X2,X0)))),multiply(X5,X6))))) = multiply(multiply(X7,multiply(X8,multiply(multiply(inverse(X8),inverse(multiply(X6,X7))),multiply(inverse(X5),inverse(X3))))),X0) [superposition 32916,105]
48703. multiply(X0,inverse(multiply(multiply(X6,multiply(multiply(inverse(X6),inverse(multiply(X7,X5))),inverse(X8))),multiply(X8,multiply(X7,X0))))) = multiply(multiply(inverse(multiply(X1,multiply(X2,multiply(multiply(inverse(X2),inverse(multiply(X3,X1))),multiply(inverse(X4),inverse(X5)))))),inverse(multiply(X9,multiply(X4,X3)))),X9) [superposition 15730,105]
48793. inverse(multiply(X8,multiply(X9,multiply(multiply(inverse(X9),inverse(multiply(X10,X8))),multiply(inverse(X11),inverse(X12)))))) = multiply(inverse(multiply(inverse(multiply(multiply(X1,multiply(multiply(inverse(X1),inverse(multiply(X2,X3))),inverse(X4))),multiply(X4,multiply(X2,X5)))),multiply(X6,multiply(multiply(inverse(X6),inverse(X3)),multiply(inverse(X7),inverse(X0)))))),inverse(multiply(inverse(multiply(inverse(multiply(multiply(X13,multiply(multiply(inverse(X13),inverse(multiply(X14,X12))),inverse(X15))),multiply(X15,multiply(X14,X0)))),multiply(X11,X10))),multiply(X7,X5)))) [superposition 94,105]
48807. inverse(multiply(X7,multiply(X8,multiply(multiply(inverse(X8),inverse(multiply(X9,X7))),multiply(inverse(X10),inverse(X11)))))) = multiply(inverse(multiply(X1,multiply(X2,multiply(multiply(inverse(X2),inverse(multiply(inverse(multiply(X3,multiply(X4,multiply(multiply(inverse(X4),inverse(multiply(X5,X3))),X6)))),X1))),multiply(inverse(X6),inverse(X0)))))),inverse(multiply(inverse(multiply(inverse(multiply(multiply(X12,multiply(multiply(inverse(X12),inverse(multiply(X13,X11))),inverse(X14))),multiply(X14,multiply(X13,X0)))),multiply(X10,X9))),X5))) [superposition 115,105]
48840. inverse(multiply(X7,multiply(X8,multiply(multiply(inverse(X8),inverse(multiply(X9,X7))),multiply(inverse(X10),inverse(X11)))))) = multiply(inverse(multiply(X1,multiply(X2,multiply(multiply(inverse(X2),inverse(multiply(inverse(multiply(X3,multiply(X4,multiply(multiply(inverse(X4),inverse(multiply(X5,X3))),X6)))),X1))),multiply(inverse(X6),inverse(X0)))))),inverse(multiply(inverse(multiply(multiply(multiply(inverse(X0),inverse(multiply(multiply(inverse(X12),inverse(multiply(X13,X11))),X13))),inverse(X12)),multiply(X10,X9))),X5))) [forward demodulation 48807,676]
48854. inverse(multiply(X8,multiply(X9,multiply(multiply(inverse(X9),inverse(multiply(X10,X8))),multiply(inverse(X11),inverse(X12)))))) = multiply(inverse(multiply(inverse(multiply(multiply(X1,multiply(multiply(inverse(X1),inverse(multiply(X2,X3))),inverse(X4))),multiply(X4,multiply(X2,X5)))),multiply(X6,multiply(multiply(inverse(X6),inverse(X3)),multiply(inverse(X7),inverse(X0)))))),inverse(multiply(inverse(multiply(multiply(multiply(inverse(X0),inverse(multiply(multiply(inverse(X13),inverse(multiply(X14,X12))),X14))),inverse(X13)),multiply(X11,X10))),multiply(X7,X5)))) [forward demodulation 48793,676]
48944. multiply(X0,inverse(multiply(multiply(X6,multiply(multiply(inverse(X6),inverse(multiply(X7,X5))),inverse(X8))),multiply(X8,multiply(X7,X0))))) = multiply(inverse(multiply(X1,multiply(X2,multiply(multiply(inverse(X2),inverse(multiply(X3,X1))),multiply(inverse(X4),inverse(X5)))))),inverse(inverse(inverse(multiply(X4,X3))))) [forward demodulation 48703,47357]
48951. multiply(inverse(inverse(multiply(multiply(inverse(inverse(X7)),inverse(multiply(X6,X7))),multiply(inverse(X5),inverse(X3))))),X0) = inverse(inverse(inverse(multiply(inverse(multiply(multiply(X1,multiply(multiply(inverse(X1),inverse(multiply(X2,X3))),inverse(X4))),multiply(X4,multiply(X2,X0)))),multiply(X5,X6))))) [forward demodulation 48696,35724]
48954. multiply(X10,multiply(multiply(inverse(X10),inverse(multiply(inverse(multiply(multiply(X6,multiply(multiply(inverse(X6),inverse(multiply(X7,X5))),inverse(X8))),multiply(X8,multiply(X7,X0)))),multiply(X4,X3)))),X9)) = multiply(inverse(inverse(multiply(multiply(inverse(inverse(X1)),inverse(multiply(X3,X1))),multiply(inverse(X4),inverse(X5))))),multiply(X0,X9)) [forward demodulation 48693,35724]
49046. multiply(X1,inverse(inverse(inverse(multiply(multiply(inverse(inverse(inverse(multiply(multiply(X2,X3),multiply(multiply(X4,multiply(X5,multiply(multiply(inverse(X5),inverse(multiply(X3,X4))),multiply(inverse(X2),inverse(X6))))),multiply(X0,X10)))))),inverse(inverse(multiply(multiply(X7,multiply(multiply(inverse(X7),inverse(multiply(X8,X6))),inverse(X9))),multiply(X9,multiply(X8,X0)))))),X1))))) = X10 [forward demodulation 48601,35724]
49067. multiply(inverse(inverse(inverse(multiply(multiply(inverse(inverse(X1)),inverse(multiply(X3,X1))),multiply(inverse(multiply(inverse(inverse(multiply(multiply(X4,multiply(multiply(inverse(X4),inverse(multiply(X5,X6))),inverse(X7))),multiply(X7,multiply(X5,X8))))),inverse(multiply(multiply(X3,inverse(multiply(X9,X0))),X9)))),inverse(X6)))))),inverse(X0)) = X8 [forward demodulation 48579,35724]
49123. multiply(inverse(multiply(X1,multiply(X2,multiply(multiply(inverse(X2),inverse(multiply(inverse(X3),X1))),multiply(inverse(X3),inverse(X4)))))),inverse(inverse(inverse(inverse(inverse(inverse(multiply(multiply(X5,multiply(multiply(inverse(X5),inverse(multiply(X6,X4))),inverse(X7))),multiply(X7,multiply(X6,X8)))))))))) = X8 [forward demodulation 48523,35714]
49198. inverse(multiply(inverse(multiply(X14,multiply(X15,multiply(multiply(inverse(X15),inverse(multiply(X12,X14))),X0)))),multiply(X11,X9))) = multiply(inverse(multiply(X1,multiply(X2,multiply(multiply(inverse(X2),inverse(multiply(X3,X1))),multiply(inverse(X4),inverse(X5)))))),inverse(multiply(inverse(multiply(inverse(inverse(multiply(inverse(multiply(inverse(multiply(multiply(X7,multiply(multiply(inverse(X7),inverse(multiply(X8,X9))),inverse(X10))),multiply(X10,multiply(X8,multiply(inverse(X11),inverse(X12)))))),X5)),inverse(inverse(inverse(X13)))))),multiply(X13,X0))),multiply(X4,X3)))) [forward demodulation 48439,36254]
49212. inverse(multiply(inverse(X0),inverse(inverse(X7)))) = multiply(inverse(multiply(X1,multiply(X2,multiply(multiply(inverse(X2),inverse(multiply(X3,X1))),multiply(inverse(X4),inverse(X5)))))),inverse(multiply(inverse(multiply(multiply(X6,multiply(multiply(inverse(X6),inverse(multiply(X7,X5))),inverse(X8))),multiply(X8,X0))),multiply(X4,X3)))) [forward demodulation 48425,40586]
49249. inverse(multiply(X1,multiply(X2,multiply(X3,X10)))) = inverse(multiply(X1,multiply(X2,multiply(X3,multiply(inverse(X11),inverse(multiply(X8,multiply(X9,multiply(multiply(inverse(X9),inverse(multiply(X10,X8))),inverse(X11)))))))))) [forward demodulation 48386,9908]
49669. inverse(multiply(X7,multiply(X8,multiply(multiply(inverse(X8),inverse(multiply(X9,X7))),multiply(inverse(X10),inverse(X11)))))) = multiply(inverse(multiply(X1,multiply(X2,multiply(multiply(inverse(X2),inverse(multiply(inverse(multiply(X3,multiply(X4,multiply(multiply(inverse(X4),inverse(multiply(X5,X3))),X6)))),X1))),multiply(inverse(X6),inverse(X0)))))),inverse(multiply(inverse(multiply(inverse(multiply(inverse(X11),inverse(inverse(X0)))),multiply(X10,X9))),X5))) [forward demodulation 48840,39426]
49683. inverse(multiply(X8,multiply(X9,multiply(multiply(inverse(X9),inverse(multiply(X10,X8))),multiply(inverse(X11),inverse(X12)))))) = multiply(inverse(multiply(inverse(multiply(multiply(X1,multiply(multiply(inverse(X1),inverse(multiply(X2,X3))),inverse(X4))),multiply(X4,multiply(X2,X5)))),multiply(X6,multiply(multiply(inverse(X6),inverse(X3)),multiply(inverse(X7),inverse(X0)))))),inverse(multiply(inverse(multiply(inverse(multiply(inverse(X12),inverse(inverse(X0)))),multiply(X11,X10))),multiply(X7,X5)))) [forward demodulation 48854,39426]
49773. multiply(X0,inverse(multiply(multiply(X6,multiply(multiply(inverse(X6),inverse(multiply(X7,X5))),inverse(X8))),multiply(X8,multiply(X7,X0))))) = multiply(inverse(multiply(X1,multiply(X2,multiply(multiply(inverse(X2),inverse(multiply(X3,X1))),multiply(inverse(X4),inverse(X5)))))),inverse(multiply(X4,X3))) [forward demodulation 48944,47945]
49779. multiply(inverse(inverse(multiply(multiply(inverse(inverse(X7)),inverse(multiply(X6,X7))),multiply(inverse(X5),inverse(X3))))),X0) = inverse(inverse(inverse(multiply(multiply(multiply(inverse(X0),inverse(multiply(multiply(inverse(X1),inverse(multiply(X2,X3))),X2))),inverse(X1)),multiply(X5,X6))))) [forward demodulation 48951,676]
49782. multiply(X10,multiply(multiply(inverse(X10),inverse(multiply(inverse(multiply(multiply(X6,multiply(multiply(inverse(X6),inverse(multiply(X7,X5))),inverse(X8))),multiply(X8,multiply(X7,X0)))),multiply(X4,X3)))),X9)) = multiply(multiply(inverse(X3),inverse(inverse(multiply(inverse(X4),inverse(X5))))),multiply(X0,X9)) [forward demodulation 48954,47807]
49873. inverse(multiply(inverse(multiply(X0,X10)),inverse(inverse(multiply(inverse(multiply(X4,multiply(X5,multiply(multiply(inverse(X5),inverse(multiply(X3,X4))),multiply(inverse(X2),inverse(X6)))))),inverse(multiply(inverse(multiply(multiply(X7,multiply(multiply(inverse(X7),inverse(multiply(X8,X6))),inverse(X9))),multiply(X9,multiply(X8,X0)))),multiply(X2,X3)))))))) = X10 [forward demodulation 49046,36199]
49894. multiply(inverse(multiply(inverse(X3),inverse(inverse(multiply(inverse(multiply(inverse(inverse(multiply(multiply(X4,multiply(multiply(inverse(X4),inverse(multiply(X5,X6))),inverse(X7))),multiply(X7,multiply(X5,X8))))),inverse(multiply(multiply(X3,inverse(multiply(X9,X0))),X9)))),inverse(X6)))))),inverse(X0)) = X8 [forward demodulation 49067,36203]
49950. multiply(inverse(multiply(X1,multiply(X2,multiply(multiply(inverse(X2),inverse(multiply(inverse(X3),X1))),multiply(inverse(X3),inverse(X4)))))),inverse(inverse(inverse(inverse(multiply(multiply(X5,multiply(multiply(inverse(X5),inverse(multiply(X6,X4))),inverse(X7))),multiply(X7,multiply(X6,X8)))))))) = X8 [forward demodulation 49123,47945]
50019. inverse(multiply(inverse(multiply(X14,multiply(X15,multiply(multiply(inverse(X15),inverse(multiply(X12,X14))),X0)))),multiply(X11,X9))) = multiply(inverse(multiply(X1,multiply(X2,multiply(multiply(inverse(X2),inverse(multiply(X3,X1))),multiply(inverse(X4),inverse(X5)))))),inverse(multiply(inverse(multiply(inverse(X5),inverse(inverse(inverse(multiply(inverse(X0),inverse(inverse(inverse(multiply(multiply(X7,multiply(multiply(inverse(X7),inverse(multiply(X8,X9))),inverse(X10))),multiply(X10,multiply(X8,multiply(inverse(X11),inverse(X12)))))))))))))),multiply(X4,X3)))) [forward demodulation 49198,41426]
50028. inverse(multiply(inverse(X0),inverse(inverse(X7)))) = multiply(inverse(multiply(X1,multiply(X2,multiply(multiply(inverse(X2),inverse(multiply(X3,X1))),multiply(inverse(X4),inverse(X5)))))),inverse(multiply(inverse(multiply(inverse(inverse(multiply(inverse(multiply(X7,X5)),inverse(inverse(inverse(X8)))))),multiply(X8,X0))),multiply(X4,X3)))) [forward demodulation 49212,36254]
50051. inverse(multiply(X1,multiply(X2,multiply(X3,X10)))) = inverse(multiply(X1,multiply(X2,inverse(inverse(inverse(multiply(X8,multiply(X9,multiply(multiply(inverse(X9),inverse(multiply(X10,X8))),inverse(X3)))))))))) [forward demodulation 49249,35689]
50458. inverse(multiply(X7,multiply(X8,multiply(multiply(inverse(X8),inverse(multiply(X9,X7))),multiply(inverse(X10),inverse(X11)))))) = multiply(inverse(multiply(X1,multiply(X2,multiply(multiply(inverse(X2),inverse(multiply(inverse(multiply(X3,multiply(X4,multiply(multiply(inverse(X4),inverse(multiply(X5,X3))),X6)))),X1))),multiply(inverse(X6),inverse(X0)))))),inverse(multiply(inverse(multiply(multiply(inverse(X0),inverse(inverse(X11))),multiply(X10,X9))),X5))) [forward demodulation 49669,47735]
50472. inverse(multiply(X8,multiply(X9,multiply(multiply(inverse(X9),inverse(multiply(X10,X8))),multiply(inverse(X11),inverse(X12)))))) = multiply(inverse(multiply(inverse(multiply(multiply(X1,multiply(multiply(inverse(X1),inverse(multiply(X2,X3))),inverse(X4))),multiply(X4,multiply(X2,X5)))),multiply(X6,multiply(multiply(inverse(X6),inverse(X3)),multiply(inverse(X7),inverse(X0)))))),inverse(multiply(inverse(multiply(multiply(inverse(X0),inverse(inverse(X12))),multiply(X11,X10))),multiply(X7,X5)))) [forward demodulation 49683,47735]
50561. multiply(X0,inverse(multiply(multiply(X6,multiply(multiply(inverse(X6),inverse(multiply(X7,X5))),inverse(X8))),multiply(X8,multiply(X7,X0))))) = multiply(inverse(inverse(inverse(multiply(multiply(inverse(inverse(X1)),inverse(multiply(X3,X1))),multiply(inverse(X4),inverse(X5)))))),inverse(multiply(X4,X3))) [forward demodulation 49773,35724]
50565. multiply(inverse(inverse(multiply(multiply(inverse(inverse(X7)),inverse(multiply(X6,X7))),multiply(inverse(X5),inverse(X3))))),X0) = inverse(inverse(inverse(multiply(inverse(multiply(inverse(X3),inverse(inverse(X0)))),multiply(X5,X6))))) [forward demodulation 49779,39426]
50568. multiply(X10,multiply(multiply(inverse(X10),inverse(multiply(inverse(multiply(multiply(X6,multiply(multiply(inverse(X6),inverse(multiply(X7,X5))),inverse(X8))),multiply(X8,multiply(X7,X0)))),multiply(X4,X3)))),X9)) = multiply(multiply(inverse(X3),multiply(inverse(X4),inverse(X5))),multiply(X0,X9)) [forward demodulation 49782,47945]
50659. multiply(inverse(multiply(inverse(multiply(X4,multiply(X5,multiply(multiply(inverse(X5),inverse(multiply(X3,X4))),multiply(inverse(X2),inverse(X6)))))),inverse(multiply(inverse(multiply(multiply(X7,multiply(multiply(inverse(X7),inverse(multiply(X8,X6))),inverse(X9))),multiply(X9,multiply(X8,X0)))),multiply(X2,X3))))),inverse(inverse(multiply(X0,X10)))) = X10 [forward demodulation 49873,47735]
50679. multiply(multiply(inverse(multiply(inverse(multiply(inverse(inverse(multiply(multiply(X4,multiply(multiply(inverse(X4),inverse(multiply(X5,X6))),inverse(X7))),multiply(X7,multiply(X5,X8))))),inverse(multiply(multiply(X3,inverse(multiply(X9,X0))),X9)))),inverse(X6))),inverse(inverse(X3))),inverse(X0)) = X8 [forward demodulation 49894,47735]
50735. multiply(inverse(multiply(X1,multiply(X2,multiply(multiply(inverse(X2),inverse(multiply(inverse(X3),X1))),multiply(inverse(X3),inverse(X4)))))),inverse(inverse(multiply(multiply(X5,multiply(multiply(inverse(X5),inverse(multiply(X6,X4))),inverse(X7))),multiply(X7,multiply(X6,X8)))))) = X8 [forward demodulation 49950,47945]
50804. inverse(multiply(inverse(multiply(X14,multiply(X15,multiply(multiply(inverse(X15),inverse(multiply(X12,X14))),X0)))),multiply(X11,X9))) = multiply(inverse(multiply(X1,multiply(X2,multiply(multiply(inverse(X2),inverse(multiply(X3,X1))),multiply(inverse(X4),inverse(X5)))))),inverse(multiply(multiply(inverse(inverse(multiply(inverse(X0),inverse(inverse(inverse(multiply(multiply(X7,multiply(multiply(inverse(X7),inverse(multiply(X8,X9))),inverse(X10))),multiply(X10,multiply(X8,multiply(inverse(X11),inverse(X12))))))))))),inverse(inverse(X5))),multiply(X4,X3)))) [forward demodulation 50019,47735]
50813. inverse(multiply(inverse(X0),inverse(inverse(X7)))) = multiply(inverse(multiply(X1,multiply(X2,multiply(multiply(inverse(X2),inverse(multiply(X3,X1))),multiply(inverse(X4),inverse(X5)))))),inverse(multiply(inverse(multiply(inverse(X5),inverse(inverse(inverse(multiply(inverse(X0),inverse(inverse(X7)))))))),multiply(X4,X3)))) [forward demodulation 50028,41426]
50832. inverse(multiply(X1,multiply(X2,multiply(X3,X10)))) = inverse(multiply(multiply(X1,X2),inverse(multiply(X8,multiply(X9,multiply(multiply(inverse(X9),inverse(multiply(X10,X8))),inverse(X3))))))) [forward demodulation 50051,41626]
51227. inverse(multiply(X7,multiply(X8,multiply(multiply(inverse(X8),inverse(multiply(X9,X7))),multiply(inverse(X10),inverse(X11)))))) = multiply(inverse(multiply(X1,multiply(X2,multiply(multiply(inverse(X2),inverse(multiply(inverse(multiply(X3,multiply(X4,multiply(multiply(inverse(X4),inverse(multiply(X5,X3))),X6)))),X1))),multiply(inverse(X6),inverse(X0)))))),inverse(multiply(inverse(multiply(multiply(inverse(X0),X11),multiply(X10,X9))),X5))) [forward demodulation 50458,47945]
51240. inverse(multiply(X8,multiply(X9,multiply(multiply(inverse(X9),inverse(multiply(X10,X8))),multiply(inverse(X11),inverse(X12)))))) = multiply(inverse(multiply(inverse(multiply(multiply(X1,multiply(multiply(inverse(X1),inverse(multiply(X2,X3))),inverse(X4))),multiply(X4,multiply(X2,X5)))),multiply(X6,multiply(multiply(inverse(X6),inverse(X3)),multiply(inverse(X7),inverse(X0)))))),inverse(multiply(inverse(multiply(multiply(inverse(X0),X12),multiply(X11,X10))),multiply(X7,X5)))) [forward demodulation 50472,47945]
51328. multiply(X0,inverse(multiply(multiply(X6,multiply(multiply(inverse(X6),inverse(multiply(X7,X5))),inverse(X8))),multiply(X8,multiply(X7,X0))))) = multiply(inverse(multiply(inverse(X3),inverse(inverse(multiply(inverse(X4),inverse(X5)))))),inverse(multiply(X4,X3))) [forward demodulation 50561,36203]
51332. multiply(inverse(inverse(multiply(multiply(inverse(inverse(X7)),inverse(multiply(X6,X7))),multiply(inverse(X5),inverse(X3))))),X0) = inverse(inverse(inverse(multiply(multiply(inverse(X0),inverse(inverse(X3))),multiply(X5,X6))))) [forward demodulation 50565,47735]
51335. multiply(multiply(inverse(X3),multiply(inverse(X4),inverse(X5))),multiply(X0,X9)) = inverse(inverse(multiply(inverse(multiply(inverse(multiply(multiply(X6,multiply(multiply(inverse(X6),inverse(multiply(X7,X5))),inverse(X8))),multiply(X8,multiply(X7,X0)))),multiply(X4,X3))),inverse(inverse(X9))))) [forward demodulation 50568,41312]
51424. multiply(inverse(multiply(inverse(multiply(X4,multiply(X5,multiply(multiply(inverse(X5),inverse(multiply(X3,X4))),multiply(inverse(X2),inverse(X6)))))),inverse(multiply(inverse(multiply(multiply(X7,multiply(multiply(inverse(X7),inverse(multiply(X8,X6))),inverse(X9))),multiply(X9,multiply(X8,X0)))),multiply(X2,X3))))),multiply(X0,X10)) = X10 [forward demodulation 50659,47945]
51444. multiply(multiply(inverse(multiply(inverse(multiply(inverse(inverse(multiply(multiply(X4,multiply(multiply(inverse(X4),inverse(multiply(X5,X6))),inverse(X7))),multiply(X7,multiply(X5,X8))))),inverse(multiply(multiply(X3,inverse(multiply(X9,X0))),X9)))),inverse(X6))),X3),inverse(X0)) = X8 [forward demodulation 50679,47945]
51500. multiply(inverse(multiply(X1,multiply(X2,multiply(multiply(inverse(X2),inverse(multiply(inverse(X3),X1))),multiply(inverse(X3),inverse(X4)))))),multiply(multiply(X5,multiply(multiply(inverse(X5),inverse(multiply(X6,X4))),inverse(X7))),multiply(X7,multiply(X6,X8)))) = X8 [forward demodulation 50735,47945]
51569. inverse(multiply(inverse(multiply(X14,multiply(X15,multiply(multiply(inverse(X15),inverse(multiply(X12,X14))),X0)))),multiply(X11,X9))) = multiply(inverse(multiply(X1,multiply(X2,multiply(multiply(inverse(X2),inverse(multiply(X3,X1))),multiply(inverse(X4),inverse(X5)))))),inverse(multiply(multiply(inverse(inverse(multiply(inverse(X0),inverse(inverse(inverse(multiply(multiply(X7,multiply(multiply(inverse(X7),inverse(multiply(X8,X9))),inverse(X10))),multiply(X10,multiply(X8,multiply(inverse(X11),inverse(X12))))))))))),X5),multiply(X4,X3)))) [forward demodulation 50804,47945]
51578. inverse(multiply(inverse(X0),inverse(inverse(X7)))) = multiply(inverse(multiply(X1,multiply(X2,multiply(multiply(inverse(X2),inverse(multiply(X3,X1))),multiply(inverse(X4),inverse(X5)))))),inverse(multiply(multiply(inverse(inverse(multiply(inverse(X0),inverse(inverse(X7))))),inverse(inverse(X5))),multiply(X4,X3)))) [forward demodulation 50813,47735]
51597. inverse(multiply(X1,multiply(X2,multiply(X3,X10)))) = inverse(multiply(multiply(X1,X2),inverse(inverse(inverse(multiply(multiply(inverse(inverse(X8)),inverse(multiply(X10,X8))),inverse(X3))))))) [forward demodulation 50832,35726]
51990. inverse(multiply(X7,multiply(X8,multiply(multiply(inverse(X8),inverse(multiply(X9,X7))),multiply(inverse(X10),inverse(X11)))))) = multiply(inverse(inverse(inverse(multiply(multiply(inverse(inverse(X1)),inverse(multiply(inverse(multiply(X3,multiply(X4,multiply(multiply(inverse(X4),inverse(multiply(X5,X3))),X6)))),X1))),multiply(inverse(X6),inverse(X0)))))),inverse(multiply(inverse(multiply(multiply(inverse(X0),X11),multiply(X10,X9))),X5))) [forward demodulation 51227,35724]
52003. inverse(multiply(X8,multiply(X9,multiply(multiply(inverse(X9),inverse(multiply(X10,X8))),multiply(inverse(X11),inverse(X12)))))) = multiply(inverse(inverse(inverse(multiply(multiply(inverse(inverse(inverse(multiply(multiply(X1,multiply(multiply(inverse(X1),inverse(multiply(X2,X3))),inverse(X4))),multiply(X4,multiply(X2,X5)))))),inverse(X3)),multiply(inverse(X7),inverse(X0)))))),inverse(multiply(inverse(multiply(multiply(inverse(X0),X12),multiply(X11,X10))),multiply(X7,X5)))) [forward demodulation 51240,35724]
52090. multiply(X0,inverse(multiply(multiply(X6,multiply(multiply(inverse(X6),inverse(multiply(X7,X5))),inverse(X8))),multiply(X8,multiply(X7,X0))))) = multiply(multiply(inverse(multiply(inverse(X4),inverse(X5))),inverse(inverse(X3))),inverse(multiply(X4,X3))) [forward demodulation 51328,47735]
52094. multiply(inverse(inverse(multiply(multiply(inverse(inverse(X7)),inverse(multiply(X6,X7))),multiply(inverse(X5),inverse(X3))))),X0) = inverse(inverse(inverse(multiply(multiply(inverse(X0),X3),multiply(X5,X6))))) [forward demodulation 51332,47945]
52097. multiply(multiply(inverse(X3),multiply(inverse(X4),inverse(X5))),multiply(X0,X9)) = inverse(multiply(inverse(X9),inverse(inverse(multiply(inverse(multiply(multiply(X6,multiply(multiply(inverse(X6),inverse(multiply(X7,X5))),inverse(X8))),multiply(X8,multiply(X7,X0)))),multiply(X4,X3)))))) [forward demodulation 51335,47735]
52186. multiply(inverse(X0),multiply(X0,X10)) = X10 [forward demodulation 51424,105]
52206. multiply(multiply(inverse(multiply(multiply(inverse(inverse(multiply(multiply(X3,inverse(multiply(X9,X0))),X9))),inverse(multiply(multiply(X4,multiply(multiply(inverse(X4),inverse(multiply(X5,X6))),inverse(X7))),multiply(X7,multiply(X5,X8))))),inverse(X6))),X3),inverse(X0)) = X8 [forward demodulation 51444,47858]
52262. multiply(multiply(inverse(multiply(X1,multiply(X2,multiply(multiply(inverse(X2),inverse(multiply(inverse(X3),X1))),multiply(inverse(X3),inverse(X4)))))),inverse(X4)),X8) = X8 [forward demodulation 51500,32538]
52331. inverse(multiply(inverse(multiply(X14,multiply(X15,multiply(multiply(inverse(X15),inverse(multiply(X12,X14))),X0)))),multiply(X11,X9))) = multiply(inverse(multiply(X1,multiply(X2,multiply(multiply(inverse(X2),inverse(multiply(X3,X1))),multiply(inverse(X4),inverse(X5)))))),inverse(multiply(multiply(inverse(multiply(inverse(inverse(multiply(multiply(X7,multiply(multiply(inverse(X7),inverse(multiply(X8,X9))),inverse(X10))),multiply(X10,multiply(X8,multiply(inverse(X11),inverse(X12))))))),inverse(inverse(X0)))),X5),multiply(X4,X3)))) [forward demodulation 51569,47735]
52340. inverse(multiply(inverse(X0),inverse(inverse(X7)))) = multiply(inverse(multiply(X1,multiply(X2,multiply(multiply(inverse(X2),inverse(multiply(X3,X1))),multiply(inverse(X4),inverse(X5)))))),inverse(multiply(multiply(inverse(inverse(multiply(inverse(X0),inverse(inverse(X7))))),X5),multiply(X4,X3)))) [forward demodulation 51578,47945]
52358. inverse(multiply(X1,multiply(X2,multiply(X3,X10)))) = multiply(inverse(inverse(multiply(multiply(inverse(inverse(X8)),inverse(multiply(X10,X8))),inverse(X3)))),inverse(multiply(X1,X2))) [forward demodulation 51597,47735]
52736. inverse(multiply(X7,multiply(X8,multiply(multiply(inverse(X8),inverse(multiply(X9,X7))),multiply(inverse(X10),inverse(X11)))))) = multiply(inverse(multiply(inverse(inverse(multiply(X3,multiply(X4,multiply(multiply(inverse(X4),inverse(multiply(X5,X3))),X6))))),inverse(inverse(multiply(inverse(X6),inverse(X0)))))),inverse(multiply(inverse(multiply(multiply(inverse(X0),X11),multiply(X10,X9))),X5))) [forward demodulation 51990,36203]
52749. inverse(multiply(X8,multiply(X9,multiply(multiply(inverse(X9),inverse(multiply(X10,X8))),multiply(inverse(X11),inverse(X12)))))) = multiply(inverse(inverse(inverse(multiply(multiply(inverse(inverse(multiply(multiply(inverse(X5),inverse(multiply(multiply(inverse(X1),inverse(multiply(X2,X3))),X2))),inverse(X1)))),inverse(X3)),multiply(inverse(X7),inverse(X0)))))),inverse(multiply(inverse(multiply(multiply(inverse(X0),X12),multiply(X11,X10))),multiply(X7,X5)))) [forward demodulation 52003,676]
52835. multiply(X0,inverse(multiply(multiply(X6,multiply(multiply(inverse(X6),inverse(multiply(X7,X5))),inverse(X8))),multiply(X8,multiply(X7,X0))))) = multiply(multiply(inverse(multiply(inverse(X4),inverse(X5))),X3),inverse(multiply(X4,X3))) [forward demodulation 52090,47945]
52838. inverse(inverse(inverse(multiply(multiply(inverse(X0),X3),multiply(X5,X6))))) = multiply(multiply(inverse(X6),inverse(inverse(multiply(inverse(X5),inverse(X3))))),X0) [forward demodulation 52094,47807]
52841. multiply(multiply(inverse(X3),multiply(inverse(X4),inverse(X5))),multiply(X0,X9)) = multiply(inverse(multiply(inverse(multiply(multiply(X6,multiply(multiply(inverse(X6),inverse(multiply(X7,X5))),inverse(X8))),multiply(X8,multiply(X7,X0)))),multiply(X4,X3))),inverse(inverse(X9))) [forward demodulation 52097,47735]
52949. multiply(multiply(inverse(multiply(multiply(inverse(inverse(multiply(multiply(X3,inverse(multiply(X9,X0))),X9))),multiply(multiply(inverse(X8),inverse(multiply(multiply(inverse(X4),inverse(multiply(X5,X6))),X5))),inverse(X4))),inverse(X6))),X3),inverse(X0)) = X8 [forward demodulation 52206,676]
53003. multiply(multiply(inverse(inverse(inverse(multiply(multiply(inverse(inverse(X1)),inverse(multiply(inverse(X3),X1))),multiply(inverse(X3),inverse(X4)))))),inverse(X4)),X8) = X8 [forward demodulation 52262,35724]
53072. inverse(multiply(inverse(multiply(X14,multiply(X15,multiply(multiply(inverse(X15),inverse(multiply(X12,X14))),X0)))),multiply(X11,X9))) = multiply(inverse(multiply(X1,multiply(X2,multiply(multiply(inverse(X2),inverse(multiply(X3,X1))),multiply(inverse(X4),inverse(X5)))))),inverse(multiply(multiply(multiply(inverse(X0),inverse(inverse(inverse(multiply(multiply(X7,multiply(multiply(inverse(X7),inverse(multiply(X8,X9))),inverse(X10))),multiply(X10,multiply(X8,multiply(inverse(X11),inverse(X12))))))))),X5),multiply(X4,X3)))) [forward demodulation 52331,47735]
53081. multiply(inverse(X7),inverse(inverse(X0))) = multiply(inverse(multiply(X1,multiply(X2,multiply(multiply(inverse(X2),inverse(multiply(X3,X1))),multiply(inverse(X4),inverse(X5)))))),inverse(multiply(multiply(inverse(multiply(inverse(X7),inverse(inverse(X0)))),X5),multiply(X4,X3)))) [forward demodulation 52340,47735]
53099. inverse(multiply(X1,multiply(X2,multiply(X3,X10)))) = multiply(multiply(inverse(X10),inverse(inverse(inverse(X3)))),inverse(multiply(X1,X2))) [forward demodulation 52358,47807]
53449. inverse(multiply(X7,multiply(X8,multiply(multiply(inverse(X8),inverse(multiply(X9,X7))),multiply(inverse(X10),inverse(X11)))))) = multiply(multiply(inverse(multiply(inverse(X6),inverse(X0))),inverse(inverse(inverse(multiply(X3,multiply(X4,multiply(multiply(inverse(X4),inverse(multiply(X5,X3))),X6))))))),inverse(multiply(inverse(multiply(multiply(inverse(X0),X11),multiply(X10,X9))),X5))) [forward demodulation 52736,47735]
53462. inverse(multiply(X8,multiply(X9,multiply(multiply(inverse(X9),inverse(multiply(X10,X8))),multiply(inverse(X11),inverse(X12)))))) = multiply(inverse(inverse(inverse(multiply(multiply(inverse(inverse(inverse(multiply(inverse(X3),inverse(inverse(X5)))))),inverse(X3)),multiply(inverse(X7),inverse(X0)))))),inverse(multiply(inverse(multiply(multiply(inverse(X0),X12),multiply(X11,X10))),multiply(X7,X5)))) [forward demodulation 52749,39426]
53548. multiply(X0,inverse(multiply(multiply(X6,multiply(multiply(inverse(X6),inverse(multiply(X7,X5))),inverse(X8))),multiply(X8,multiply(X7,X0))))) = multiply(inverse(multiply(inverse(X4),inverse(X5))),inverse(X4)) [forward demodulation 52835,40599]
53550. inverse(inverse(inverse(multiply(multiply(inverse(X0),X3),multiply(X5,X6))))) = multiply(multiply(inverse(X6),multiply(inverse(X5),inverse(X3))),X0) [forward demodulation 52838,47945]
53553. multiply(inverse(multiply(inverse(multiply(multiply(X6,multiply(multiply(inverse(X6),inverse(multiply(X7,X5))),inverse(X8))),multiply(X8,multiply(X7,X0)))),multiply(X4,X3))),X9) = multiply(multiply(inverse(X3),multiply(inverse(X4),inverse(X5))),multiply(X0,X9)) [forward demodulation 52841,47945]
53658. multiply(multiply(inverse(multiply(multiply(inverse(inverse(multiply(multiply(X3,inverse(multiply(X9,X0))),X9))),inverse(multiply(inverse(X6),inverse(inverse(X8))))),inverse(X6))),X3),inverse(X0)) = X8 [forward demodulation 52949,39426]
53711. multiply(multiply(inverse(multiply(inverse(inverse(X3)),inverse(inverse(multiply(inverse(X3),inverse(X4)))))),inverse(X4)),X8) = X8 [forward demodulation 53003,36203]
53778. inverse(multiply(inverse(multiply(X14,multiply(X15,multiply(multiply(inverse(X15),inverse(multiply(X12,X14))),X0)))),multiply(X11,X9))) = multiply(inverse(multiply(X1,multiply(X2,multiply(multiply(inverse(X2),inverse(multiply(X3,X1))),multiply(inverse(X4),inverse(X5)))))),inverse(multiply(multiply(multiply(inverse(X0),inverse(multiply(multiply(X7,multiply(multiply(inverse(X7),inverse(multiply(X8,X9))),inverse(X10))),multiply(X10,multiply(X8,multiply(inverse(X11),inverse(X12))))))),X5),multiply(X4,X3)))) [forward demodulation 53072,47945]
53787. multiply(inverse(X7),inverse(inverse(X0))) = multiply(inverse(multiply(X1,multiply(X2,multiply(multiply(inverse(X2),inverse(multiply(X3,X1))),multiply(inverse(X4),inverse(X5)))))),inverse(multiply(multiply(multiply(inverse(X0),inverse(inverse(X7))),X5),multiply(X4,X3)))) [forward demodulation 53081,47735]
53805. inverse(multiply(X1,multiply(X2,multiply(X3,X10)))) = multiply(multiply(inverse(X10),inverse(X3)),inverse(multiply(X1,X2))) [forward demodulation 53099,47945]
54142. inverse(multiply(X7,multiply(X8,multiply(multiply(inverse(X8),inverse(multiply(X9,X7))),multiply(inverse(X10),inverse(X11)))))) = multiply(multiply(inverse(multiply(inverse(X6),inverse(X0))),inverse(multiply(X3,multiply(X4,multiply(multiply(inverse(X4),inverse(multiply(X5,X3))),X6))))),inverse(multiply(inverse(multiply(multiply(inverse(X0),X11),multiply(X10,X9))),X5))) [forward demodulation 53449,47945]
54154. inverse(multiply(X8,multiply(X9,multiply(multiply(inverse(X9),inverse(multiply(X10,X8))),multiply(inverse(X11),inverse(X12)))))) = inverse(multiply(inverse(X10),inverse(inverse(multiply(inverse(X11),inverse(multiply(X0,multiply(inverse(X0),X12)))))))) [forward demodulation 53462,39922]
54239. multiply(inverse(multiply(inverse(X4),inverse(X5))),inverse(X4)) = X5 [forward demodulation 53548,4]
54243. multiply(multiply(inverse(X3),multiply(inverse(X4),inverse(X5))),multiply(X0,X9)) = multiply(inverse(multiply(multiply(multiply(inverse(X0),inverse(multiply(multiply(inverse(X6),inverse(multiply(X7,X5))),X7))),inverse(X6)),multiply(X4,X3))),X9) [forward demodulation 53553,676]
54341. multiply(multiply(inverse(multiply(inverse(inverse(multiply(multiply(X3,inverse(multiply(X9,X0))),X9))),inverse(X8))),X3),inverse(X0)) = X8 [forward demodulation 53658,27925]
54394. multiply(multiply(multiply(inverse(multiply(inverse(X3),inverse(X4))),inverse(inverse(inverse(X3)))),inverse(X4)),X8) = X8 [forward demodulation 53711,47735]
54460. inverse(multiply(inverse(multiply(X14,multiply(X15,multiply(multiply(inverse(X15),inverse(multiply(X12,X14))),X0)))),multiply(X11,X9))) = multiply(inverse(multiply(X1,multiply(X2,multiply(multiply(inverse(X2),inverse(multiply(X3,X1))),multiply(inverse(X4),inverse(X5)))))),inverse(multiply(multiply(multiply(inverse(X0),multiply(multiply(inverse(multiply(inverse(X11),inverse(X12))),inverse(multiply(multiply(inverse(X7),inverse(multiply(X8,X9))),X8))),inverse(X7))),X5),multiply(X4,X3)))) [forward demodulation 53778,676]
54469. multiply(inverse(X7),inverse(inverse(X0))) = multiply(inverse(multiply(X1,multiply(X2,multiply(multiply(inverse(X2),inverse(multiply(X3,X1))),multiply(inverse(X4),inverse(X5)))))),inverse(multiply(multiply(multiply(inverse(X0),X7),X5),multiply(X4,X3)))) [forward demodulation 53787,47945]
54799. inverse(multiply(X7,multiply(X8,multiply(multiply(inverse(X8),inverse(multiply(X9,X7))),multiply(inverse(X10),inverse(X11)))))) = inverse(multiply(inverse(multiply(multiply(inverse(X0),X11),multiply(X10,X9))),multiply(X5,multiply(multiply(X3,multiply(X4,multiply(multiply(inverse(X4),inverse(multiply(X5,X3))),X6))),multiply(inverse(X6),inverse(X0)))))) [forward demodulation 54142,53805]
54811. inverse(multiply(X8,multiply(X9,multiply(multiply(inverse(X9),inverse(multiply(X10,X8))),multiply(inverse(X11),inverse(X12)))))) = multiply(inverse(multiply(inverse(X11),inverse(multiply(X0,multiply(inverse(X0),X12))))),inverse(inverse(X10))) [forward demodulation 54154,47735]
54893. multiply(multiply(inverse(X3),multiply(inverse(X4),inverse(X5))),multiply(X0,X9)) = multiply(inverse(multiply(inverse(multiply(inverse(X5),inverse(inverse(X0)))),multiply(X4,X3))),X9) [forward demodulation 54243,39426]
54980. multiply(multiply(multiply(inverse(inverse(X8)),inverse(multiply(multiply(X3,inverse(multiply(X9,X0))),X9))),X3),inverse(X0)) = X8 [forward demodulation 54341,47858]
55028. multiply(multiply(inverse(inverse(inverse(inverse(X4)))),inverse(X4)),X8) = X8 [forward demodulation 54394,47169]
55086. inverse(multiply(inverse(multiply(X14,multiply(X15,multiply(multiply(inverse(X15),inverse(multiply(X12,X14))),X0)))),multiply(X11,X9))) = multiply(inverse(multiply(X1,multiply(X2,multiply(multiply(inverse(X2),inverse(multiply(X3,X1))),multiply(inverse(X4),inverse(X5)))))),inverse(multiply(multiply(multiply(inverse(X0),inverse(multiply(inverse(X9),inverse(inverse(multiply(inverse(X11),inverse(X12))))))),X5),multiply(X4,X3)))) [forward demodulation 54460,39355]
55095. multiply(inverse(X7),inverse(inverse(X0))) = multiply(inverse(inverse(inverse(multiply(multiply(inverse(inverse(X1)),inverse(multiply(X3,X1))),multiply(inverse(X4),inverse(X5)))))),inverse(multiply(multiply(multiply(inverse(X0),X7),X5),multiply(X4,X3)))) [forward demodulation 54469,35724]
55396. inverse(multiply(X7,multiply(X8,multiply(multiply(inverse(X8),inverse(multiply(X9,X7))),multiply(inverse(X10),inverse(X11)))))) = inverse(multiply(inverse(multiply(multiply(inverse(X0),X11),multiply(X10,X9))),multiply(X5,multiply(inverse(inverse(multiply(multiply(inverse(inverse(X3)),inverse(multiply(X5,X3))),X6))),multiply(inverse(X6),inverse(X0)))))) [forward demodulation 54799,35724]
55408. inverse(multiply(X8,multiply(X9,multiply(multiply(inverse(X9),inverse(multiply(X10,X8))),multiply(inverse(X11),inverse(X12)))))) = multiply(inverse(multiply(inverse(X11),inverse(multiply(X0,multiply(inverse(X0),X12))))),X10) [forward demodulation 54811,47945]
55484. multiply(multiply(inverse(X3),multiply(inverse(X4),inverse(X5))),multiply(X0,X9)) = multiply(inverse(multiply(multiply(inverse(X0),inverse(inverse(X5))),multiply(X4,X3))),X9) [forward demodulation 54893,47735]
55560. multiply(inverse(multiply(inverse(X0),inverse(inverse(inverse(X8))))),inverse(X0)) = X8 [forward demodulation 54980,40541]
55601. multiply(multiply(X4,inverse(X4)),X8) = X8 [forward demodulation 55028,41420]
55653. inverse(multiply(inverse(multiply(X14,multiply(X15,multiply(multiply(inverse(X15),inverse(multiply(X12,X14))),X0)))),multiply(X11,X9))) = multiply(inverse(multiply(X1,multiply(X2,multiply(multiply(inverse(X2),inverse(multiply(X3,X1))),multiply(inverse(X4),inverse(X5)))))),inverse(multiply(multiply(multiply(inverse(X0),multiply(inverse(multiply(inverse(X11),inverse(X12))),inverse(inverse(X9)))),X5),multiply(X4,X3)))) [forward demodulation 55086,47735]
55662. multiply(inverse(X7),inverse(inverse(X0))) = multiply(inverse(multiply(inverse(X3),inverse(inverse(multiply(inverse(X4),inverse(X5)))))),inverse(multiply(multiply(multiply(inverse(X0),X7),X5),multiply(X4,X3)))) [forward demodulation 55095,36203]
55922. inverse(multiply(X7,multiply(X8,multiply(multiply(inverse(X8),inverse(multiply(X9,X7))),multiply(inverse(X10),inverse(X11)))))) = inverse(multiply(inverse(multiply(multiply(inverse(X0),X11),multiply(X10,X9))),multiply(X5,multiply(multiply(inverse(X5),inverse(inverse(X6))),multiply(inverse(X6),inverse(X0)))))) [forward demodulation 55396,47807]
55933. inverse(multiply(X8,multiply(X9,multiply(multiply(inverse(X9),inverse(multiply(X10,X8))),multiply(inverse(X11),inverse(X12)))))) = multiply(inverse(multiply(inverse(X11),inverse(inverse(inverse(X12))))),X10) [forward demodulation 55408,32916]
56000. multiply(multiply(inverse(X3),multiply(inverse(X4),inverse(X5))),multiply(X0,X9)) = multiply(inverse(multiply(multiply(inverse(X0),X5),multiply(X4,X3))),X9) [forward demodulation 55484,47945]
56071. inverse(inverse(X8)) = X8 [forward demodulation 55560,54239]
56150. inverse(multiply(inverse(multiply(X14,multiply(X15,multiply(multiply(inverse(X15),inverse(multiply(X12,X14))),X0)))),multiply(X11,X9))) = multiply(inverse(multiply(X1,multiply(X2,multiply(multiply(inverse(X2),inverse(multiply(X3,X1))),multiply(inverse(X4),inverse(X5)))))),inverse(multiply(multiply(multiply(inverse(X0),multiply(inverse(multiply(inverse(X11),inverse(X12))),X9)),X5),multiply(X4,X3)))) [forward demodulation 55653,47945]
56159. multiply(inverse(X7),inverse(inverse(X0))) = multiply(multiply(inverse(multiply(inverse(X4),inverse(X5))),inverse(inverse(X3))),inverse(multiply(multiply(multiply(inverse(X0),X7),X5),multiply(X4,X3)))) [forward demodulation 55662,47735]
56357. inverse(multiply(X7,multiply(X8,multiply(multiply(inverse(X8),inverse(multiply(X9,X7))),multiply(inverse(X10),inverse(X11)))))) = inverse(inverse(inverse(multiply(multiply(inverse(inverse(inverse(multiply(multiply(inverse(X0),X11),multiply(X10,X9))))),inverse(inverse(X6))),multiply(inverse(X6),inverse(X0)))))) [forward demodulation 55922,35724]
56368. inverse(multiply(X8,multiply(X9,multiply(multiply(inverse(X9),inverse(multiply(X10,X8))),multiply(inverse(X11),inverse(X12)))))) = multiply(multiply(inverse(inverse(X12)),inverse(inverse(X11))),X10) [forward demodulation 55933,47735]
56560. inverse(multiply(inverse(multiply(X14,multiply(X15,multiply(multiply(inverse(X15),inverse(multiply(X12,X14))),X0)))),multiply(X11,X9))) = multiply(inverse(inverse(inverse(multiply(multiply(inverse(inverse(X1)),inverse(multiply(X3,X1))),multiply(inverse(X4),inverse(X5)))))),inverse(multiply(multiply(multiply(inverse(X0),multiply(inverse(multiply(inverse(X11),inverse(X12))),X9)),X5),multiply(X4,X3)))) [forward demodulation 56150,35724]
56569. multiply(inverse(X7),inverse(inverse(X0))) = inverse(multiply(multiply(multiply(inverse(X0),X7),X5),multiply(multiply(X4,X3),multiply(inverse(X3),multiply(inverse(X4),inverse(X5)))))) [forward demodulation 56159,53805]
56751. inverse(multiply(X7,multiply(X8,multiply(multiply(inverse(X8),inverse(multiply(X9,X7))),multiply(inverse(X10),inverse(X11)))))) = multiply(multiply(inverse(inverse(X0)),multiply(inverse(inverse(X6)),inverse(inverse(inverse(X6))))),inverse(inverse(multiply(multiply(inverse(X0),X11),multiply(X10,X9))))) [forward demodulation 56357,53550]
56761. inverse(multiply(X8,multiply(X9,multiply(multiply(inverse(X9),inverse(multiply(X10,X8))),multiply(inverse(X11),inverse(X12)))))) = multiply(multiply(inverse(inverse(X12)),X11),X10) [forward demodulation 56368,47945]
56917. inverse(multiply(inverse(multiply(X14,multiply(X15,multiply(multiply(inverse(X15),inverse(multiply(X12,X14))),X0)))),multiply(X11,X9))) = multiply(inverse(multiply(inverse(X3),inverse(inverse(multiply(inverse(X4),inverse(X5)))))),inverse(multiply(multiply(multiply(inverse(X0),multiply(inverse(multiply(inverse(X11),inverse(X12))),X9)),X5),multiply(X4,X3)))) [forward demodulation 56560,36203]
56926. multiply(inverse(X7),X0) = inverse(multiply(multiply(multiply(inverse(X0),X7),X5),multiply(multiply(X4,X3),multiply(inverse(X3),multiply(inverse(X4),inverse(X5)))))) [forward demodulation 56569,47945]
57073. inverse(multiply(X7,multiply(X8,multiply(multiply(inverse(X8),inverse(multiply(X9,X7))),multiply(inverse(X10),inverse(X11)))))) = multiply(multiply(inverse(inverse(X0)),multiply(inverse(inverse(X6)),inverse(inverse(inverse(X6))))),multiply(multiply(inverse(X0),X11),multiply(X10,X9))) [forward demodulation 56751,56071]
57083. inverse(multiply(X8,multiply(X9,multiply(multiply(inverse(X9),inverse(multiply(X10,X8))),multiply(inverse(X11),inverse(X12)))))) = multiply(multiply(X12,X11),X10) [forward demodulation 56761,56071]
57218. inverse(multiply(inverse(multiply(X14,multiply(X15,multiply(multiply(inverse(X15),inverse(multiply(X12,X14))),X0)))),multiply(X11,X9))) = multiply(multiply(inverse(multiply(inverse(X4),inverse(X5))),inverse(inverse(X3))),inverse(multiply(multiply(multiply(inverse(X0),multiply(inverse(multiply(inverse(X11),inverse(X12))),X9)),X5),multiply(X4,X3)))) [forward demodulation 56917,47735]
57361. inverse(multiply(X7,multiply(X8,multiply(multiply(inverse(X8),inverse(multiply(X9,X7))),multiply(inverse(X10),inverse(X11)))))) = multiply(inverse(multiply(multiply(inverse(multiply(inverse(X0),X11)),inverse(inverse(X6))),multiply(inverse(X6),inverse(X0)))),multiply(X10,X9)) [forward demodulation 57073,56000]
57370. inverse(inverse(inverse(multiply(multiply(inverse(inverse(X8)),inverse(multiply(X10,X8))),multiply(inverse(X11),inverse(X12)))))) = multiply(multiply(X12,X11),X10) [forward demodulation 57083,35724]
57493. inverse(multiply(inverse(multiply(X14,multiply(X15,multiply(multiply(inverse(X15),inverse(multiply(X12,X14))),X0)))),multiply(X11,X9))) = inverse(multiply(multiply(multiply(inverse(X0),multiply(inverse(multiply(inverse(X11),inverse(X12))),X9)),X5),multiply(multiply(X4,X3),multiply(inverse(X3),multiply(inverse(X4),inverse(X5)))))) [forward demodulation 57218,53805]
57621. inverse(multiply(X7,multiply(X8,multiply(multiply(inverse(X8),inverse(multiply(X9,X7))),multiply(inverse(X10),inverse(X11)))))) = multiply(inverse(multiply(multiply(inverse(multiply(inverse(X0),X11)),X6),multiply(inverse(X6),inverse(X0)))),multiply(X10,X9)) [forward demodulation 57361,47945]
57627. inverse(multiply(inverse(X10),inverse(inverse(multiply(inverse(X11),inverse(X12)))))) = multiply(multiply(X12,X11),X10) [forward demodulation 57370,36203]
57726. inverse(multiply(inverse(multiply(X14,multiply(X15,multiply(multiply(inverse(X15),inverse(multiply(X12,X14))),X0)))),multiply(X11,X9))) = multiply(inverse(multiply(inverse(multiply(inverse(X11),inverse(X12))),X9)),X0) [forward demodulation 57493,56926]
57832. inverse(inverse(inverse(multiply(multiply(inverse(inverse(X7)),inverse(multiply(X9,X7))),multiply(inverse(X10),inverse(X11)))))) = multiply(inverse(multiply(multiply(inverse(multiply(inverse(X0),X11)),X6),multiply(inverse(X6),inverse(X0)))),multiply(X10,X9)) [forward demodulation 57621,35724]
57837. multiply(inverse(multiply(inverse(X11),inverse(X12))),inverse(inverse(X10))) = multiply(multiply(X12,X11),X10) [forward demodulation 57627,47735]
57918. multiply(inverse(multiply(inverse(multiply(inverse(X11),inverse(X12))),X9)),X0) = inverse(multiply(inverse(inverse(inverse(multiply(multiply(inverse(inverse(X14)),inverse(multiply(X12,X14))),X0)))),multiply(X11,X9))) [forward demodulation 57726,35724]
58002. inverse(multiply(inverse(X9),inverse(inverse(multiply(inverse(X10),inverse(X11)))))) = multiply(inverse(multiply(multiply(inverse(multiply(inverse(X0),X11)),X6),multiply(inverse(X6),inverse(X0)))),multiply(X10,X9)) [forward demodulation 57832,36203]
58005. multiply(inverse(multiply(inverse(X11),inverse(X12))),X10) = multiply(multiply(X12,X11),X10) [forward demodulation 57837,47945]
58065. multiply(inverse(multiply(inverse(multiply(inverse(X11),inverse(X12))),X9)),X0) = inverse(multiply(inverse(multiply(inverse(X12),inverse(inverse(X0)))),multiply(X11,X9))) [forward demodulation 57918,36203]
58133. multiply(inverse(multiply(inverse(X10),inverse(X11))),inverse(inverse(X9))) = multiply(inverse(multiply(multiply(inverse(multiply(inverse(X0),X11)),X6),multiply(inverse(X6),inverse(X0)))),multiply(X10,X9)) [forward demodulation 58002,47735]
58189. multiply(inverse(multiply(inverse(multiply(inverse(X11),inverse(X12))),X9)),X0) = inverse(multiply(multiply(inverse(X0),X12),multiply(X11,X9))) [forward demodulation 58065,58005]
58241. multiply(inverse(multiply(multiply(inverse(multiply(inverse(X0),X11)),X6),multiply(inverse(X6),inverse(X0)))),multiply(X10,X9)) = multiply(multiply(X11,X10),inverse(inverse(X9))) [forward demodulation 58133,58005]
58282. inverse(multiply(multiply(inverse(X0),X12),multiply(X11,X9))) = multiply(inverse(multiply(multiply(X12,X11),X9)),X0) [forward demodulation 58189,58005]
58320. multiply(inverse(multiply(multiply(inverse(multiply(inverse(X0),X11)),X6),multiply(inverse(X6),inverse(X0)))),multiply(X10,X9)) = multiply(multiply(X11,X10),X9) [forward demodulation 58241,56071]
58377. multiply(multiply(X11,X10),X9) = multiply(multiply(inverse(multiply(multiply(X6,inverse(X6)),inverse(X0))),multiply(inverse(X0),X11)),multiply(X10,X9)) [forward demodulation 58320,58282]
58428. multiply(multiply(X11,X10),X9) = multiply(multiply(inverse(inverse(X0)),multiply(inverse(X0),X11)),multiply(X10,X9)) [forward demodulation 58377,55601]
58472. multiply(X11,multiply(X10,X9)) = multiply(multiply(X11,X10),X9) [forward demodulation 58428,52186]
218291. multiply(a3,multiply(b3,c3)) != multiply(a3,multiply(b3,c3)) [superposition 2,58472]
218402. $false [trivial inequality removal 218291]
% SZS output end Proof for GRP438-1_clausified
% ------------------------------
% Version: Vampire 5.0.0 (Release build, commit 2e2c9b7b8 on 2026-01-17 12:24:14 +0100)
% Linked with Z3 4.14.0.0 3c47fd96cf5645d0c42b2c819d9e9a84380aa721 z3-4.8.4-9178-g3c47fd96c
% CaDiCaL version: 2.1.3
% Termination reason: Refutation
% Time elapsed: 3.347 s
% Peak memory usage: 160 MB
% Instructions burned: 14413 (million)
% ------------------------------
% ------------------------------
