% Running in auto input_syntax mode. Trying TPTP
% Refutation found. Thanks to Tanya!
% SZS status Unsatisfiable for GRP129-4.004_clausified
% SZS output start Proof for GRP129-4.004_clausified
1. product(e_1,X0,X1) | ~group_element(X1) | ~group_element(X0) | product(e_2,X0,X1) | product(e_3,X0,X1) | product(e_4,X0,X1) [input(axiom)]
2. product(X0,e_1,X1) | ~group_element(X1) | ~group_element(X0) | product(X0,e_2,X1) | product(X0,e_3,X1) | product(X0,e_4,X1) [input(axiom)]
3. ~product(X2,X1,X3) | product(X1,X0,X2) | ~product(X0,X2,X3) [input(negated conjecture)]
4. ~product(X2,X1,X3) | product(X0,X2,X3) | ~product(X1,X0,X2) [input(negated conjecture)]
5. group_element(e_1) [input(axiom)]
6. group_element(e_2) [input(axiom)]
7. group_element(e_3) [input(axiom)]
8. group_element(e_4) [input(axiom)]
9. ~equalish(e_1,e_2) [input(axiom)]
10. ~equalish(e_1,e_3) [input(axiom)]
11. ~equalish(e_1,e_4) [input(axiom)]
12. ~equalish(e_2,e_1) [input(axiom)]
13. ~equalish(e_2,e_3) [input(axiom)]
14. ~equalish(e_2,e_4) [input(axiom)]
15. ~equalish(e_3,e_1) [input(axiom)]
16. ~equalish(e_3,e_2) [input(axiom)]
17. ~equalish(e_3,e_4) [input(axiom)]
18. ~equalish(e_4,e_1) [input(axiom)]
19. ~equalish(e_4,e_2) [input(axiom)]
20. ~equalish(e_4,e_3) [input(axiom)]
21. product(X0,X1,e_1) | ~group_element(X1) | ~group_element(X0) | product(X0,X1,e_2) | product(X0,X1,e_3) | product(X0,X1,e_4) [input(axiom)]
22. ~product(X0,X1,X5) | ~product(X0,X1,X4) | equalish(X4,X5) [input(axiom)]
23. ~product(X0,X5,X1) | ~product(X0,X4,X1) | equalish(X4,X5) [input(axiom)]
24. ~product(X5,X1,X0) | ~product(X4,X1,X0) | equalish(X4,X5) [input(axiom)]
25. ~product(X1,X0,X2) | ~product(X0,X2,X3) | product(X2,X1,X3) [input(negated conjecture)]
26. ~product(X1,X0,X2) | ~group_element(X1) | product(e_2,X1,X0) | product(e_3,X1,X0) | product(e_4,X1,X0) | ~group_element(X0) | product(X0,e_1,X2) [resolution 1,25]
27. ~product(X1,X2,e_1) | ~group_element(X1) | product(e_2,X1,X0) | product(e_3,X1,X0) | product(e_4,X1,X0) | product(X2,e_1,X0) | ~group_element(X0) [resolution 1,4]
28. ~product(X2,e_1,X0) | ~group_element(X1) | product(e_2,X1,X0) | product(e_3,X1,X0) | product(e_4,X1,X0) | product(X1,X2,e_1) | ~group_element(X0) [resolution 1,3]
29. ~product(X2,X1,X0) | ~group_element(X1) | product(e_2,X1,X0) | product(e_3,X1,X0) | product(e_4,X1,X0) | ~group_element(X0) | equalish(X2,e_1) [resolution 1,24]
30. ~product(e_1,X2,X0) | ~group_element(X1) | product(e_2,X1,X0) | product(e_3,X1,X0) | product(e_4,X1,X0) | ~group_element(X0) | equalish(X2,X1) [resolution 1,23]
31. ~product(e_1,X1,X2) | ~group_element(X1) | product(e_2,X1,X0) | product(e_3,X1,X0) | product(e_4,X1,X0) | ~group_element(X0) | equalish(X2,X0) [resolution 1,22]
32. ~product(e_1,X0,X2) | ~group_element(X1) | product(X1,e_2,X0) | product(X1,e_3,X0) | product(X1,e_4,X0) | ~group_element(X0) | product(X0,X1,X2) [resolution 2,25]
33. ~product(e_1,X2,X1) | ~group_element(X1) | product(X1,e_2,X0) | product(X1,e_3,X0) | product(X1,e_4,X0) | product(X2,X1,X0) | ~group_element(X0) [resolution 2,4]
34. ~product(X2,X1,X0) | ~group_element(X1) | product(X1,e_2,X0) | product(X1,e_3,X0) | product(X1,e_4,X0) | product(e_1,X2,X1) | ~group_element(X0) [resolution 2,3]
35. ~product(X2,e_1,X0) | ~group_element(X1) | product(X1,e_2,X0) | product(X1,e_3,X0) | product(X1,e_4,X0) | ~group_element(X0) | equalish(X2,X1) [resolution 2,24]
36. ~product(X1,X2,X0) | ~group_element(X1) | product(X1,e_2,X0) | product(X1,e_3,X0) | product(X1,e_4,X0) | ~group_element(X0) | equalish(X2,e_1) [resolution 2,23]
37. ~product(X1,e_1,X2) | ~group_element(X1) | product(X1,e_2,X0) | product(X1,e_3,X0) | product(X1,e_4,X0) | ~group_element(X0) | equalish(X2,X0) [resolution 2,22]
38. ~product(X0,e_1,X2) | ~group_element(X1) | product(X1,X0,e_2) | product(X1,X0,e_3) | product(X1,X0,e_4) | ~group_element(X0) | product(e_1,X1,X2) [resolution 21,25]
39. ~product(X0,X2,X1) | ~group_element(X1) | product(X1,X0,e_2) | product(X1,X0,e_3) | product(X1,X0,e_4) | product(X2,X1,e_1) | ~group_element(X0) [resolution 21,4]
40. ~product(X2,X1,e_1) | ~group_element(X1) | product(X1,X0,e_2) | product(X1,X0,e_3) | product(X1,X0,e_4) | product(X0,X2,X1) | ~group_element(X0) [resolution 21,3]
41. ~product(X2,X0,e_1) | ~group_element(X1) | product(X1,X0,e_2) | product(X1,X0,e_3) | product(X1,X0,e_4) | ~group_element(X0) | equalish(X2,X1) [resolution 21,24]
42. ~product(X1,X2,e_1) | ~group_element(X1) | product(X1,X0,e_2) | product(X1,X0,e_3) | product(X1,X0,e_4) | ~group_element(X0) | equalish(X2,X0) [resolution 21,23]
43. ~product(X1,X0,X2) | ~group_element(X1) | product(X1,X0,e_2) | product(X1,X0,e_3) | product(X1,X0,e_4) | ~group_element(X0) | equalish(X2,e_1) [resolution 21,22]
45. ~group_element(e_1) | product(e_2,e_1,X0) | product(e_3,e_1,X0) | product(e_4,e_1,X0) | ~group_element(X0) | equalish(X1,e_1) | ~group_element(X0) | ~group_element(X1) | product(X1,e_2,X0) | product(X1,e_3,X0) | product(X1,e_4,X0) [resolution 29,2]
46. ~group_element(X0) | product(e_2,X0,e_1) | product(e_3,X0,e_1) | product(e_4,X0,e_1) | ~group_element(e_1) | equalish(X1,e_1) | ~group_element(X0) | ~group_element(X1) | product(X1,X0,e_2) | product(X1,X0,e_3) | product(X1,X0,e_4) [resolution 29,21]
47. ~group_element(X0) | product(e_2,X0,e_1) | product(e_3,X0,e_1) | product(e_4,X0,e_1) | ~group_element(e_1) | equalish(X1,e_1) | ~group_element(X1) | product(X1,X0,e_2) | product(X1,X0,e_3) | product(X1,X0,e_4) [duplicate literal removal 46]
48. ~group_element(e_1) | product(e_2,e_1,X0) | product(e_3,e_1,X0) | product(e_4,e_1,X0) | ~group_element(X0) | equalish(X1,e_1) | ~group_element(X1) | product(X1,e_2,X0) | product(X1,e_3,X0) | product(X1,e_4,X0) [duplicate literal removal 45]
58. product(e_2,e_1,X0) | product(X1,e_2,X0) | product(e_4,e_1,X0) | ~group_element(X0) | equalish(X1,e_1) | ~group_element(X1) | product(e_3,e_1,X0) | product(X1,e_3,X0) | product(X1,e_4,X0) [subsumption resolution 48,5]
59. product(e_2,X0,e_1) | product(X1,X0,e_2) | product(e_3,X0,e_1) | product(e_4,X0,e_1) | equalish(X1,e_1) | ~group_element(X1) | ~group_element(X0) | product(X1,X0,e_3) | product(X1,X0,e_4) [subsumption resolution 47,5]
70. ~group_element(X0) | product(e_2,X0,e_1) | product(e_3,X0,e_1) | product(e_4,X0,e_1) | ~group_element(e_1) | equalish(X1,X0) | ~group_element(X1) | ~group_element(e_1) | product(e_1,X1,e_2) | product(e_1,X1,e_3) | product(e_1,X1,e_4) [resolution 30,21]
71. ~group_element(X0) | product(e_2,X0,e_1) | product(e_3,X0,e_1) | product(e_4,X0,e_1) | ~group_element(e_1) | equalish(X1,X0) | ~group_element(X1) | product(e_1,X1,e_2) | product(e_1,X1,e_3) | product(e_1,X1,e_4) [duplicate literal removal 70]
83. ~group_element(e_1) | product(e_2,e_1,X0) | product(e_3,e_1,X0) | product(e_4,e_1,X0) | ~group_element(X0) | equalish(X1,X0) | ~group_element(X1) | ~group_element(e_1) | product(e_1,e_2,X1) | product(e_1,e_3,X1) | product(e_1,e_4,X1) [resolution 31,2]
86. ~group_element(e_1) | product(e_2,e_1,X0) | product(e_3,e_1,X0) | product(e_4,e_1,X0) | ~group_element(X0) | equalish(X1,X0) | ~group_element(X1) | product(e_1,e_2,X1) | product(e_1,e_3,X1) | product(e_1,e_4,X1) [duplicate literal removal 83]
127. ~group_element(X0) | product(X0,e_2,e_1) | product(X0,e_3,e_1) | product(X0,e_4,e_1) | ~group_element(e_1) | equalish(X1,e_1) | ~group_element(X1) | ~group_element(X0) | product(X0,X1,e_2) | product(X0,X1,e_3) | product(X0,X1,e_4) [resolution 36,21]
128. ~group_element(X0) | product(X0,e_2,e_1) | product(X0,e_3,e_1) | product(X0,e_4,e_1) | ~group_element(e_1) | equalish(X1,e_1) | ~group_element(X1) | product(X0,X1,e_2) | product(X0,X1,e_3) | product(X0,X1,e_4) [duplicate literal removal 127]
137. product(X0,e_2,e_1) | product(X0,X1,e_2) | product(X0,e_3,e_1) | product(X0,e_4,e_1) | equalish(X1,e_1) | ~group_element(X1) | ~group_element(X0) | product(X0,X1,e_3) | product(X0,X1,e_4) [subsumption resolution 128,5]
167. ~group_element(X0) | product(X0,X1,e_2) | product(X0,X1,e_3) | product(X0,X1,e_4) | ~group_element(X1) | equalish(X2,X0) | ~group_element(X1) | ~group_element(X2) | product(X2,X1,e_2) | product(X2,X1,e_3) | product(X2,X1,e_4) [resolution 41,21]
168. ~group_element(X0) | product(X0,X1,e_2) | product(X0,X1,e_3) | product(X0,X1,e_4) | ~group_element(X1) | equalish(e_1,X0) | ~group_element(e_1) | ~group_element(X1) | product(e_2,X1,e_1) | product(e_3,X1,e_1) | product(e_4,X1,e_1) [resolution 41,1]
169. ~group_element(X0) | product(X0,e_1,e_2) | product(X0,e_1,e_3) | product(X0,e_1,e_4) | ~group_element(e_1) | equalish(X1,X0) | ~group_element(e_1) | ~group_element(X1) | product(X1,e_2,e_1) | product(X1,e_3,e_1) | product(X1,e_4,e_1) [resolution 41,2]
173. ~group_element(X0) | product(X0,e_1,e_2) | product(X0,e_1,e_3) | product(X0,e_1,e_4) | ~group_element(e_1) | equalish(X1,X0) | ~group_element(X1) | product(X1,e_2,e_1) | product(X1,e_3,e_1) | product(X1,e_4,e_1) [duplicate literal removal 169]
174. ~group_element(X0) | product(X0,X1,e_2) | product(X0,X1,e_3) | product(X0,X1,e_4) | ~group_element(X1) | equalish(e_1,X0) | ~group_element(e_1) | product(e_2,X1,e_1) | product(e_3,X1,e_1) | product(e_4,X1,e_1) [duplicate literal removal 168]
175. product(X2,X1,e_2) | product(X0,X1,e_2) | equalish(X2,X0) | product(X0,X1,e_4) | ~group_element(X1) | product(X0,X1,e_3) | ~group_element(X2) | ~group_element(X0) | product(X2,X1,e_3) | product(X2,X1,e_4) [duplicate literal removal 167]
188. ~group_element(X0) | product(X0,X1,e_2) | product(X0,X1,e_3) | product(X0,X1,e_4) | ~group_element(X1) | equalish(X2,X1) | ~group_element(X2) | ~group_element(X0) | product(X0,X2,e_2) | product(X0,X2,e_3) | product(X0,X2,e_4) [resolution 42,21]
196. product(X0,X2,e_2) | product(X0,X1,e_2) | equalish(X2,X1) | product(X0,X1,e_4) | ~group_element(X1) | product(X0,X1,e_3) | ~group_element(X2) | ~group_element(X0) | product(X0,X2,e_3) | product(X0,X2,e_4) [duplicate literal removal 188]
213. ~group_element(X0) | product(X0,e_1,e_2) | product(X0,e_1,e_3) | product(X0,e_1,e_4) | ~group_element(e_1) | equalish(X1,e_1) | ~group_element(X1) | ~group_element(X0) | product(X0,e_2,X1) | product(X0,e_3,X1) | product(X0,e_4,X1) [resolution 43,2]
220. ~group_element(X0) | product(X0,e_1,e_2) | product(X0,e_1,e_3) | product(X0,e_1,e_4) | ~group_element(e_1) | equalish(X1,e_1) | ~group_element(X1) | product(X0,e_2,X1) | product(X0,e_3,X1) | product(X0,e_4,X1) [duplicate literal removal 213]
232. ~group_element(X0) | product(e_2,X0,X1) | product(e_3,X0,X1) | product(e_4,X0,X1) | ~group_element(X1) | product(X1,e_1,e_1) | ~group_element(X1) | ~group_element(X0) | product(X0,X1,e_2) | product(X0,X1,e_3) | product(X0,X1,e_4) [resolution 26,21]
233. product(e_2,X0,X1) | product(X1,e_1,e_1) | product(X0,X1,e_2) | product(e_4,X0,X1) | ~group_element(X1) | product(e_3,X0,X1) | ~group_element(X0) | product(X0,X1,e_3) | product(X0,X1,e_4) [duplicate literal removal 232]
248. ~group_element(X0) | product(e_2,X0,X1) | product(e_3,X0,X1) | product(e_4,X0,X1) | product(X2,e_1,X1) | ~group_element(X1) | ~group_element(X2) | ~group_element(X0) | product(X0,X2,e_2) | product(X0,X2,e_3) | product(X0,X2,e_4) [resolution 27,21]
249. ~group_element(e_1) | product(e_2,e_1,X0) | product(e_3,e_1,X0) | product(e_4,e_1,X0) | product(X1,e_1,X0) | ~group_element(X0) | ~group_element(e_1) | ~group_element(X1) | product(e_2,X1,e_1) | product(e_3,X1,e_1) | product(e_4,X1,e_1) [resolution 27,1]
255. ~group_element(e_1) | product(e_2,e_1,X0) | product(e_3,e_1,X0) | product(e_4,e_1,X0) | product(X1,e_1,X0) | ~group_element(X0) | ~group_element(X1) | product(e_2,X1,e_1) | product(e_3,X1,e_1) | product(e_4,X1,e_1) [duplicate literal removal 249]
256. product(e_2,X0,X1) | product(X2,e_1,X1) | product(X0,X2,e_2) | product(e_4,X0,X1) | product(e_3,X0,X1) | ~group_element(X1) | ~group_element(X2) | ~group_element(X0) | product(X0,X2,e_3) | product(X0,X2,e_4) [duplicate literal removal 248]
267. ~group_element(X0) | product(e_2,X0,X1) | product(e_3,X0,X1) | product(e_4,X0,X1) | product(X0,e_1,e_1) | ~group_element(X1) | ~group_element(X1) | ~group_element(e_1) | product(e_2,e_1,X1) | product(e_3,e_1,X1) | product(e_4,e_1,X1) [resolution 28,1]
268. ~group_element(X0) | product(e_2,X0,X1) | product(e_3,X0,X1) | product(e_4,X0,X1) | product(X0,X2,e_1) | ~group_element(X1) | ~group_element(X1) | ~group_element(X2) | product(X2,e_2,X1) | product(X2,e_3,X1) | product(X2,e_4,X1) [resolution 28,2]
273. product(e_2,X0,X1) | product(X2,e_2,X1) | product(X0,X2,e_1) | product(e_4,X0,X1) | product(e_3,X0,X1) | ~group_element(X1) | ~group_element(X2) | ~group_element(X0) | product(X2,e_3,X1) | product(X2,e_4,X1) [duplicate literal removal 268]
274. ~group_element(X0) | product(e_2,X0,X1) | product(e_3,X0,X1) | product(e_4,X0,X1) | product(X0,e_1,e_1) | ~group_element(X1) | ~group_element(e_1) | product(e_2,e_1,X1) | product(e_3,e_1,X1) | product(e_4,e_1,X1) [duplicate literal removal 267]
284. ~group_element(X0) | product(X0,e_2,X1) | product(X0,e_3,X1) | product(X0,e_4,X1) | ~group_element(X1) | product(X1,X0,X2) | ~group_element(X2) | ~group_element(X1) | product(e_2,X1,X2) | product(e_3,X1,X2) | product(e_4,X1,X2) [resolution 32,1]
290. product(e_2,X1,X2) | product(X1,X0,X2) | product(X0,e_2,X1) | product(X0,e_4,X1) | ~group_element(X1) | product(X0,e_3,X1) | ~group_element(X2) | ~group_element(X0) | product(e_3,X1,X2) | product(e_4,X1,X2) [duplicate literal removal 284]
303. ~group_element(X0) | product(X0,e_2,X1) | product(X0,e_3,X1) | product(X0,e_4,X1) | product(X2,X0,X1) | ~group_element(X1) | ~group_element(X0) | ~group_element(X2) | product(e_2,X2,X0) | product(e_3,X2,X0) | product(e_4,X2,X0) [resolution 33,1]
306. ~group_element(e_1) | product(e_1,e_2,X0) | product(e_1,e_3,X0) | product(e_1,e_4,X0) | product(X1,e_1,X0) | ~group_element(X0) | ~group_element(X1) | ~group_element(e_1) | product(e_1,X1,e_2) | product(e_1,X1,e_3) | product(e_1,X1,e_4) [resolution 33,21]
307. ~group_element(e_1) | product(e_1,e_2,X0) | product(e_1,e_3,X0) | product(e_1,e_4,X0) | product(X1,e_1,X0) | ~group_element(X0) | ~group_element(X1) | product(e_1,X1,e_2) | product(e_1,X1,e_3) | product(e_1,X1,e_4) [duplicate literal removal 306]
310. product(e_2,X2,X0) | product(X2,X0,X1) | product(X0,e_2,X1) | product(X0,e_4,X1) | product(X0,e_3,X1) | ~group_element(X1) | ~group_element(X2) | ~group_element(X0) | product(e_3,X2,X0) | product(e_4,X2,X0) [duplicate literal removal 303]
323. ~group_element(X0) | product(X0,e_2,X1) | product(X0,e_3,X1) | product(X0,e_4,X1) | product(e_1,e_1,X0) | ~group_element(X1) | ~group_element(X1) | ~group_element(X0) | product(e_2,X0,X1) | product(e_3,X0,X1) | product(e_4,X0,X1) [resolution 34,1]
327. ~group_element(X0) | product(X0,e_2,e_1) | product(X0,e_3,e_1) | product(X0,e_4,e_1) | product(e_1,X1,X0) | ~group_element(e_1) | ~group_element(X0) | ~group_element(X1) | product(X1,X0,e_2) | product(X1,X0,e_3) | product(X1,X0,e_4) [resolution 34,21]
328. ~group_element(X0) | product(X0,e_2,e_1) | product(X0,e_3,e_1) | product(X0,e_4,e_1) | product(e_1,X1,X0) | ~group_element(e_1) | ~group_element(X1) | product(X1,X0,e_2) | product(X1,X0,e_3) | product(X1,X0,e_4) [duplicate literal removal 327]
332. product(e_1,e_1,X0) | product(e_2,X0,X1) | product(X0,e_2,X1) | product(X0,e_4,X1) | product(X0,e_3,X1) | ~group_element(X1) | ~group_element(X0) | product(e_3,X0,X1) | product(e_4,X0,X1) [duplicate literal removal 323]
346. ~group_element(X0) | product(X0,X1,e_2) | product(X0,X1,e_3) | product(X0,X1,e_4) | ~group_element(X1) | product(e_1,X0,e_1) | ~group_element(e_1) | ~group_element(X1) | product(X1,e_1,e_2) | product(X1,e_1,e_3) | product(X1,e_1,e_4) [resolution 38,21]
347. ~group_element(X0) | product(X0,X1,e_2) | product(X0,X1,e_3) | product(X0,X1,e_4) | ~group_element(X1) | product(e_1,X0,e_1) | ~group_element(e_1) | product(X1,e_1,e_2) | product(X1,e_1,e_3) | product(X1,e_1,e_4) [duplicate literal removal 346]
352. product(e_1,X0,e_1) | product(X1,e_1,e_2) | product(X0,X1,e_2) | product(X0,X1,e_4) | ~group_element(X1) | product(X0,X1,e_3) | ~group_element(X0) | product(X1,e_1,e_3) | product(X1,e_1,e_4) [subsumption resolution 347,5]
362. ~group_element(X0) | product(X0,e_1,e_2) | product(X0,e_1,e_3) | product(X0,e_1,e_4) | product(X1,X0,e_1) | ~group_element(e_1) | ~group_element(X0) | ~group_element(X1) | product(e_2,X1,X0) | product(e_3,X1,X0) | product(e_4,X1,X0) [resolution 39,1]
371. ~group_element(X0) | product(X0,e_1,e_2) | product(X0,e_1,e_3) | product(X0,e_1,e_4) | product(X1,X0,e_1) | ~group_element(e_1) | ~group_element(X1) | product(e_2,X1,X0) | product(e_3,X1,X0) | product(e_4,X1,X0) [duplicate literal removal 362]
456. 7 <=> product(e_3,e_2,e_4) [avatar definition]
457. ~product(e_3,e_2,e_4) <- (~7) [avatar component clause 456]
458. product(e_3,e_2,e_4) <- (7) [avatar component clause 456]
460. 8 <=> product(e_3,e_2,e_3) [avatar definition]
461. ~product(e_3,e_2,e_3) <- (~8) [avatar component clause 460]
462. product(e_3,e_2,e_3) <- (8) [avatar component clause 460]
464. 9 <=> product(e_3,e_2,e_2) [avatar definition]
466. product(e_3,e_2,e_2) <- (9) [avatar component clause 464]
474. 11 <=> product(e_3,e_3,e_2) [avatar definition]
476. product(e_3,e_3,e_2) <- (11) [avatar component clause 474]
478. 12 <=> product(e_4,e_3,e_2) [avatar definition]
479. ~product(e_4,e_3,e_2) <- (~12) [avatar component clause 478]
480. product(e_4,e_3,e_2) <- (12) [avatar component clause 478]
510. 19 <=> product(e_4,e_2,e_2) [avatar definition]
511. ~product(e_4,e_2,e_2) <- (~19) [avatar component clause 510]
512. product(e_4,e_2,e_2) <- (19) [avatar component clause 510]
525. 22 <=> product(e_3,e_2,e_1) [avatar definition]
526. ~product(e_3,e_2,e_1) <- (~22) [avatar component clause 525]
527. product(e_3,e_2,e_1) <- (22) [avatar component clause 525]
540. product(e_1,X1,X0) | product(X1,X0,e_2) | product(X0,e_2,e_1) | product(X0,e_4,e_1) | product(X0,e_3,e_1) | ~group_element(X1) | ~group_element(X0) | product(X1,X0,e_3) | product(X1,X0,e_4) [subsumption resolution 328,5]
542. product(e_1,e_2,X0) | product(e_1,X1,e_2) | product(X1,e_1,X0) | product(e_1,e_4,X0) | ~group_element(X0) | ~group_element(X1) | product(e_1,e_3,X0) | product(e_1,X1,e_3) | product(e_1,X1,e_4) [subsumption resolution 307,5]
548. product(X0,e_1,e_2) | product(X0,e_2,X1) | product(X0,e_1,e_3) | product(X0,e_1,e_4) | equalish(X1,e_1) | ~group_element(X1) | ~group_element(X0) | product(X0,e_3,X1) | product(X0,e_4,X1) [subsumption resolution 220,5]
550. product(X1,e_2,e_1) | product(X0,e_1,e_2) | equalish(X1,X0) | product(X0,e_1,e_4) | product(X0,e_1,e_3) | ~group_element(X1) | ~group_element(X0) | product(X1,e_3,e_1) | product(X1,e_4,e_1) [subsumption resolution 173,5]
554. ~group_element(X0) | product(X0,X1,e_2) | product(X0,X1,e_3) | product(X0,X1,e_4) | product(X1,X2,X0) | ~group_element(X1) | ~group_element(X0) | ~group_element(X2) | product(X2,X0,e_2) | product(X2,X0,e_3) | product(X2,X0,e_4) [resolution 40,21]
561. product(X2,X0,e_2) | product(X1,X2,X0) | product(X0,X1,e_2) | product(X0,X1,e_4) | product(X0,X1,e_3) | ~group_element(X1) | ~group_element(X2) | ~group_element(X0) | product(X2,X0,e_3) | product(X2,X0,e_4) [duplicate literal removal 554]
669. 25 <=> product(e_1,e_3,e_2) [avatar definition]
671. product(e_1,e_3,e_2) <- (25) [avatar component clause 669]
740. 36 <=> product(e_1,e_2,e_2) [avatar definition]
741. ~product(e_1,e_2,e_2) <- (~36) [avatar component clause 740]
742. product(e_1,e_2,e_2) <- (36) [avatar component clause 740]
761. 40 <=> product(e_2,e_2,e_2) [avatar definition]
762. ~product(e_2,e_2,e_2) <- (~40) [avatar component clause 761]
763. product(e_2,e_2,e_2) <- (40) [avatar component clause 761]
776. 43 <=> product(e_2,e_4,e_2) [avatar definition]
777. ~product(e_2,e_4,e_2) <- (~43) [avatar component clause 776]
778. product(e_2,e_4,e_2) <- (43) [avatar component clause 776]
780. 44 <=> product(e_2,e_3,e_2) [avatar definition]
781. ~product(e_2,e_3,e_2) <- (~44) [avatar component clause 780]
782. product(e_2,e_3,e_2) <- (44) [avatar component clause 780]
791. 46 <=> product(e_2,e_2,e_1) [avatar definition]
792. ~product(e_2,e_2,e_1) <- (~46) [avatar component clause 791]
793. product(e_2,e_2,e_1) <- (46) [avatar component clause 791]
834. 54 <=> product(e_4,e_4,e_2) [avatar definition]
835. ~product(e_4,e_4,e_2) <- (~54) [avatar component clause 834]
836. product(e_4,e_4,e_2) <- (54) [avatar component clause 834]
838. 55 <=> product(e_3,e_4,e_2) [avatar definition]
840. product(e_3,e_4,e_2) <- (55) [avatar component clause 838]
844. product(e_2,X1,X0) | product(X1,X0,e_1) | product(X0,e_1,e_2) | product(X0,e_1,e_4) | product(X0,e_1,e_3) | ~group_element(X1) | ~group_element(X0) | product(e_3,X1,X0) | product(e_4,X1,X0) [subsumption resolution 371,5]
847. product(e_2,e_1,X1) | product(e_2,X0,X1) | product(X0,e_1,e_1) | product(e_4,X0,X1) | product(e_3,X0,X1) | ~group_element(X1) | ~group_element(X0) | product(e_3,e_1,X1) | product(e_4,e_1,X1) [subsumption resolution 274,5]
849. product(e_2,e_1,X0) | product(e_2,X1,e_1) | product(X1,e_1,X0) | product(e_4,e_1,X0) | ~group_element(X0) | ~group_element(X1) | product(e_3,e_1,X0) | product(e_3,X1,e_1) | product(e_4,X1,e_1) [subsumption resolution 255,5]
854. product(e_2,X1,e_1) | product(X0,X1,e_2) | product(X0,X1,e_3) | product(X0,X1,e_4) | ~group_element(X1) | equalish(e_1,X0) | ~group_element(X0) | product(e_3,X1,e_1) | product(e_4,X1,e_1) [subsumption resolution 174,5]
858. product(e_1,e_2,X1) | product(e_2,e_1,X0) | equalish(X1,X0) | ~group_element(X0) | product(e_4,e_1,X0) | ~group_element(X1) | product(e_3,e_1,X0) | product(e_1,e_3,X1) | product(e_1,e_4,X1) [subsumption resolution 86,5]
859. product(e_1,X1,e_2) | product(e_2,X0,e_1) | equalish(X1,X0) | product(e_4,X0,e_1) | product(e_3,X0,e_1) | ~group_element(X1) | ~group_element(X0) | product(e_1,X1,e_3) | product(e_1,X1,e_4) [subsumption resolution 71,5]
884. ~product(X1,X2,X0) | product(e_4,e_1,X0) | ~group_element(X0) | equalish(X1,e_1) | ~group_element(X1) | product(e_3,e_1,X0) | product(X1,e_3,X0) | product(X1,e_4,X0) | product(e_2,e_1,X0) | equalish(X2,e_2) [resolution 58,23]
894. product(e_2,e_1,e_1) | product(e_4,e_1,e_1) | ~group_element(e_1) | equalish(X0,e_1) | ~group_element(X0) | product(e_3,e_1,e_1) | product(X0,e_3,e_1) | product(X0,e_4,e_1) | ~group_element(X0) | product(e_2,X0,X1) | product(e_3,X0,X1) | product(e_4,X0,X1) | product(e_2,e_1,X1) | ~group_element(X1) [resolution 58,27]
904. product(e_2,e_1,e_1) | product(e_4,e_1,e_1) | ~group_element(e_1) | equalish(X0,e_1) | ~group_element(X0) | product(e_3,e_1,e_1) | product(X0,e_3,e_1) | product(X0,e_4,e_1) | product(e_2,X0,X1) | product(e_3,X0,X1) | product(e_4,X0,X1) | product(e_2,e_1,X1) | ~group_element(X1) [duplicate literal removal 894]
931. 57 <=> product(e_2,e_1,e_4) [avatar definition]
932. ~product(e_2,e_1,e_4) <- (~57) [avatar component clause 931]
933. product(e_2,e_1,e_4) <- (57) [avatar component clause 931]
935. 58 <=> product(e_2,e_1,e_3) [avatar definition]
936. ~product(e_2,e_1,e_3) <- (~58) [avatar component clause 935]
937. product(e_2,e_1,e_3) <- (58) [avatar component clause 935]
939. 59 <=> product(e_2,e_1,e_2) [avatar definition]
940. ~product(e_2,e_1,e_2) <- (~59) [avatar component clause 939]
941. product(e_2,e_1,e_2) <- (59) [avatar component clause 939]
949. 61 <=> ! [X1] : (product(e_1,X1,e_3) | ~group_element(X1) | product(X1,e_2,e_1) | product(e_1,X1,e_4)) [avatar definition]
950. product(e_1,X1,e_3) | product(X1,e_2,e_1) | ~group_element(X1) | product(e_1,X1,e_4) <- (61) [avatar component clause 949]
952. 62 <=> product(e_3,e_1,e_1) [avatar definition]
953. ~product(e_3,e_1,e_1) <- (~62) [avatar component clause 952]
954. product(e_3,e_1,e_1) <- (62) [avatar component clause 952]
956. 63 <=> product(e_4,e_1,e_1) [avatar definition]
957. ~product(e_4,e_1,e_1) <- (~63) [avatar component clause 956]
958. product(e_4,e_1,e_1) <- (63) [avatar component clause 956]
972. 66 <=> ! [X1] : (product(e_2,X1,e_2) | equalish(e_1,X1) | ~group_element(X1) | product(e_2,X1,e_4) | product(e_2,X1,e_3)) [avatar definition]
973. product(e_2,X1,e_2) | equalish(e_1,X1) | ~group_element(X1) | product(e_2,X1,e_4) | product(e_2,X1,e_3) <- (66) [avatar component clause 972]
977. 67 <=> ! [X1] : (~group_element(X1) | equalish(e_2,X1) | product(X1,e_1,e_4) | product(X1,e_1,e_3) | product(X1,e_1,e_2)) [avatar definition]
978. product(X1,e_1,e_2) | equalish(e_2,X1) | product(X1,e_1,e_4) | product(X1,e_1,e_3) | ~group_element(X1) <- (67) [avatar component clause 977]
989. 69 <=> product(e_2,e_1,e_1) [avatar definition]
990. ~product(e_2,e_1,e_1) <- (~69) [avatar component clause 989]
991. product(e_2,e_1,e_1) <- (69) [avatar component clause 989]
993. product(e_2,e_1,e_1) | product(e_4,e_1,e_1) | equalish(X0,e_1) | ~group_element(X0) | product(e_3,e_1,e_1) | product(X0,e_3,e_1) | product(X0,e_4,e_1) | product(e_2,X0,X1) | product(e_3,X0,X1) | product(e_4,X0,X1) | product(e_2,e_1,X1) | ~group_element(X1) [subsumption resolution 904,5]
995. 70 <=> ! [X0,X1] : (equalish(X0,e_1) | ~group_element(X1) | product(e_2,e_1,X1) | product(e_4,X0,X1) | product(e_3,X0,X1) | product(e_2,X0,X1) | product(X0,e_4,e_1) | product(X0,e_3,e_1) | ~group_element(X0)) [avatar definition]
996. product(e_2,e_1,X1) | product(e_2,X0,X1) | product(X0,e_3,e_1) | product(e_4,X0,X1) | product(e_3,X0,X1) | ~group_element(X1) | product(X0,e_4,e_1) | equalish(X0,e_1) | ~group_element(X0) <- (70) [avatar component clause 995]
997. 62 | 70 | 63 | 69 [avatar split clause 993,989,956,995,952]
1041. 73 <=> product(e_1,e_4,e_1) [avatar definition]
1042. ~product(e_1,e_4,e_1) <- (~73) [avatar component clause 1041]
1043. product(e_1,e_4,e_1) <- (73) [avatar component clause 1041]
1045. 74 <=> product(e_1,e_3,e_1) [avatar definition]
1046. ~product(e_1,e_3,e_1) <- (~74) [avatar component clause 1045]
1047. product(e_1,e_3,e_1) <- (74) [avatar component clause 1045]
1049. 75 <=> product(e_1,e_2,e_1) [avatar definition]
1050. ~product(e_1,e_2,e_1) <- (~75) [avatar component clause 1049]
1051. product(e_1,e_2,e_1) <- (75) [avatar component clause 1049]
1078. ~product(X0,e_2,X2) | product(e_3,X0,e_1) | product(e_4,X0,e_1) | equalish(X1,e_1) | ~group_element(X1) | ~group_element(X0) | product(X1,X0,e_3) | product(X1,X0,e_4) | product(e_2,X0,e_1) | product(e_2,X1,X2) [resolution 59,25]
1085. product(e_2,e_1,e_1) | product(e_3,e_1,e_1) | product(e_4,e_1,e_1) | equalish(X0,e_1) | ~group_element(X0) | ~group_element(e_1) | product(X0,e_1,e_3) | product(X0,e_1,e_4) | ~group_element(X1) | product(X1,X0,e_2) | product(X1,X0,e_3) | product(X1,X0,e_4) | ~group_element(X0) | product(e_1,X1,e_2) [resolution 59,38]
1096. product(e_2,e_1,e_1) | product(e_3,e_1,e_1) | product(e_4,e_1,e_1) | equalish(X0,e_1) | ~group_element(X0) | ~group_element(e_1) | product(X0,e_1,e_3) | product(X0,e_1,e_4) | ~group_element(X1) | product(X1,X0,e_2) | product(X1,X0,e_3) | product(X1,X0,e_4) | product(e_1,X1,e_2) [duplicate literal removal 1085]
1118. 76 <=> product(e_2,e_4,e_1) [avatar definition]
1119. ~product(e_2,e_4,e_1) <- (~76) [avatar component clause 1118]
1120. product(e_2,e_4,e_1) <- (76) [avatar component clause 1118]
1122. 77 <=> product(e_2,e_3,e_1) [avatar definition]
1123. ~product(e_2,e_3,e_1) <- (~77) [avatar component clause 1122]
1124. product(e_2,e_3,e_1) <- (77) [avatar component clause 1122]
1132. 79 <=> product(e_1,e_2,e_4) [avatar definition]
1133. ~product(e_1,e_2,e_4) <- (~79) [avatar component clause 1132]
1134. product(e_1,e_2,e_4) <- (79) [avatar component clause 1132]
1136. 80 <=> product(e_1,e_2,e_3) [avatar definition]
1137. ~product(e_1,e_2,e_3) <- (~80) [avatar component clause 1136]
1138. product(e_1,e_2,e_3) <- (80) [avatar component clause 1136]
1152. 82 <=> product(e_3,e_1,e_4) [avatar definition]
1153. ~product(e_3,e_1,e_4) <- (~82) [avatar component clause 1152]
1154. product(e_3,e_1,e_4) <- (82) [avatar component clause 1152]
1156. 83 <=> product(e_3,e_1,e_3) [avatar definition]
1157. ~product(e_3,e_1,e_3) <- (~83) [avatar component clause 1156]
1158. product(e_3,e_1,e_3) <- (83) [avatar component clause 1156]
1160. 84 <=> product(e_3,e_1,e_2) [avatar definition]
1161. ~product(e_3,e_1,e_2) <- (~84) [avatar component clause 1160]
1162. product(e_3,e_1,e_2) <- (84) [avatar component clause 1160]
1167. 85 <=> product(e_3,e_4,e_1) [avatar definition]
1168. ~product(e_3,e_4,e_1) <- (~85) [avatar component clause 1167]
1169. product(e_3,e_4,e_1) <- (85) [avatar component clause 1167]
1171. 86 <=> product(e_3,e_3,e_1) [avatar definition]
1172. ~product(e_3,e_3,e_1) <- (~86) [avatar component clause 1171]
1173. product(e_3,e_3,e_1) <- (86) [avatar component clause 1171]
1247. 87 <=> product(e_1,e_1,e_2) [avatar definition]
1248. ~product(e_1,e_1,e_2) <- (~87) [avatar component clause 1247]
1249. product(e_1,e_1,e_2) <- (87) [avatar component clause 1247]
1257. 89 <=> product(e_4,e_1,e_2) [avatar definition]
1258. ~product(e_4,e_1,e_2) <- (~89) [avatar component clause 1257]
1259. product(e_4,e_1,e_2) <- (89) [avatar component clause 1257]
1275. 93 <=> product(e_1,e_1,e_4) [avatar definition]
1276. ~product(e_1,e_1,e_4) <- (~93) [avatar component clause 1275]
1277. product(e_1,e_1,e_4) <- (93) [avatar component clause 1275]
1279. 94 <=> product(e_1,e_1,e_3) [avatar definition]
1280. ~product(e_1,e_1,e_3) <- (~94) [avatar component clause 1279]
1281. product(e_1,e_1,e_3) <- (94) [avatar component clause 1279]
1283. 95 <=> ! [X0] : (product(X0,e_2,e_1) | ~group_element(X0) | product(X0,e_3,e_1) | product(X0,e_4,e_1) | equalish(e_1,X0)) [avatar definition]
1284. product(X0,e_2,e_1) | ~group_element(X0) | product(X0,e_3,e_1) | product(X0,e_4,e_1) | equalish(e_1,X0) <- (95) [avatar component clause 1283]
1293. 97 <=> ! [X1] : (product(e_2,e_1,X1) | equalish(e_2,X1) | ~group_element(X1) | product(e_4,e_1,X1) | product(e_3,e_1,X1)) [avatar definition]
1294. product(e_2,e_1,X1) | equalish(e_2,X1) | ~group_element(X1) | product(e_4,e_1,X1) | product(e_3,e_1,X1) <- (97) [avatar component clause 1293]
1317. 101 <=> product(e_4,e_1,e_4) [avatar definition]
1318. ~product(e_4,e_1,e_4) <- (~101) [avatar component clause 1317]
1319. product(e_4,e_1,e_4) <- (101) [avatar component clause 1317]
1321. 102 <=> product(e_4,e_1,e_3) [avatar definition]
1322. ~product(e_4,e_1,e_3) <- (~102) [avatar component clause 1321]
1323. product(e_4,e_1,e_3) <- (102) [avatar component clause 1321]
1395. product(e_1,e_2,e_1) | product(e_1,e_3,e_1) | product(e_1,e_4,e_1) | equalish(X0,e_1) | ~group_element(X0) | ~group_element(e_1) | product(e_1,X0,e_3) | product(e_1,X0,e_4) | ~group_element(X1) | product(X1,e_2,X0) | product(X1,e_3,X0) | product(X1,e_4,X0) | ~group_element(X0) | product(X0,X1,e_2) [resolution 137,32]
1399. product(e_1,e_2,e_1) | product(e_1,e_3,e_1) | product(e_1,e_4,e_1) | equalish(X0,e_1) | ~group_element(X0) | ~group_element(e_1) | product(e_1,X0,e_3) | product(e_1,X0,e_4) | ~group_element(X1) | product(X1,e_2,X0) | product(X1,e_3,X0) | product(X1,e_4,X0) | product(X0,X1,e_2) [duplicate literal removal 1395]
1522. ~group_element(e_2) | product(e_2,X0,e_2) | product(e_2,X0,e_3) | product(e_2,X0,e_4) | ~group_element(X0) | equalish(e_1,X0) <- (69) [resolution 991,42]
1523. ~group_element(X0) | product(X0,e_1,e_2) | product(X0,e_1,e_3) | product(X0,e_1,e_4) | ~group_element(e_1) | equalish(e_2,X0) <- (69) [resolution 991,41]
1545. product(e_2,X0,e_2) | product(e_2,X0,e_3) | product(e_2,X0,e_4) | ~group_element(X0) | equalish(e_1,X0) <- (69) [subsumption resolution 1522,6]
1546. 66 | ~69 [avatar split clause 1545,989,972]
1547. ~group_element(X0) | product(X0,e_1,e_2) | product(X0,e_1,e_3) | product(X0,e_1,e_4) | equalish(e_2,X0) <- (69) [subsumption resolution 1523,5]
1548. 67 | ~69 [avatar split clause 1547,989,977]
1614. ~group_element(e_1) | product(e_2,e_1,X0) | product(e_3,e_1,X0) | product(e_4,e_1,X0) | ~group_element(X0) | equalish(e_2,X0) <- (87) [resolution 1249,31]
1638. product(e_2,e_1,X0) | product(e_3,e_1,X0) | product(e_4,e_1,X0) | ~group_element(X0) | equalish(e_2,X0) <- (87) [subsumption resolution 1614,5]
1639. 97 | ~87 [avatar split clause 1638,1247,1293]
1657. ~product(X1,e_2,X2) | equalish(X1,X0) | product(X0,e_1,e_4) | product(X0,e_1,e_3) | ~group_element(X1) | ~group_element(X0) | product(X1,e_3,e_1) | product(X1,e_4,e_1) | product(X0,e_1,e_2) | equalish(X2,e_1) [resolution 550,22]
1830. ~group_element(e_1) | product(e_1,e_2,e_4) | product(e_1,e_3,e_4) | product(e_1,e_4,e_4) | product(e_1,e_1,e_1) | ~group_element(e_4) <- (93) [resolution 1277,34]
1845. product(e_1,e_2,e_4) | product(e_1,e_3,e_4) | product(e_1,e_4,e_4) | product(e_1,e_1,e_1) | ~group_element(e_4) <- (93) [subsumption resolution 1830,5]
1846. product(e_1,e_2,e_4) | product(e_1,e_3,e_4) | product(e_1,e_4,e_4) | product(e_1,e_1,e_1) <- (93) [subsumption resolution 1845,8]
1848. 104 <=> product(e_1,e_1,e_1) [avatar definition]
1850. product(e_1,e_1,e_1) <- (104) [avatar component clause 1848]
1852. 105 <=> product(e_1,e_4,e_4) [avatar definition]
1853. ~product(e_1,e_4,e_4) <- (~105) [avatar component clause 1852]
1854. product(e_1,e_4,e_4) <- (105) [avatar component clause 1852]
1856. 106 <=> product(e_1,e_3,e_4) [avatar definition]
1857. ~product(e_1,e_3,e_4) <- (~106) [avatar component clause 1856]
1858. product(e_1,e_3,e_4) <- (106) [avatar component clause 1856]
1859. 104 | 105 | 106 | 79 | ~93 [avatar split clause 1846,1275,1132,1856,1852,1848]
1939. product(e_2,X0,e_1) | ~product(X0,e_1,e_4) <- (79) [resolution 1134,3]
1949. ~group_element(e_4) | product(e_4,e_1,e_2) | product(e_4,e_1,e_3) | product(e_4,e_1,e_4) | product(e_2,e_4,e_1) | ~group_element(e_1) <- (79) [resolution 1134,39]
1955. product(e_4,e_1,e_2) | product(e_4,e_1,e_3) | product(e_4,e_1,e_4) | product(e_2,e_4,e_1) | ~group_element(e_1) <- (79) [subsumption resolution 1949,8]
1956. product(e_4,e_1,e_2) | product(e_4,e_1,e_3) | product(e_2,e_4,e_1) | ~group_element(e_1) <- (79) [subsumption resolution 1955,1939]
1957. product(e_4,e_1,e_2) | product(e_4,e_1,e_3) | product(e_2,e_4,e_1) <- (79) [subsumption resolution 1956,5]
1958. 76 | 102 | 89 | ~79 [avatar split clause 1957,1132,1257,1321,1118]
2133. ~product(e_2,X0,e_2) | equalish(X0,e_1) <- (59) [resolution 941,23]
2183. product(e_2,e_1,e_1) | product(X0,e_1,e_3) | product(X0,e_1,e_4) | ~group_element(e_1) | equalish(e_1,X0) | ~group_element(X0) | product(e_3,e_1,e_1) | product(e_4,e_1,e_1) | ~group_element(X0) | product(X0,e_2,X1) | product(X0,e_3,X1) | product(X0,e_4,X1) | ~group_element(X1) | equalish(e_2,X1) [resolution 854,37]
2191. product(e_2,e_1,e_1) | product(X0,e_1,e_3) | product(X0,e_1,e_4) | ~group_element(e_1) | equalish(e_1,X0) | ~group_element(X0) | product(e_3,e_1,e_1) | product(e_4,e_1,e_1) | product(X0,e_2,X1) | product(X0,e_3,X1) | product(X0,e_4,X1) | ~group_element(X1) | equalish(e_2,X1) [duplicate literal removal 2183]
2398. ~group_element(e_1) | product(e_2,e_1,X0) | product(e_3,e_1,X0) | product(e_4,e_1,X0) | product(e_2,e_1,X0) | ~group_element(X0) <- (75) [resolution 1051,27]
2403. ~product(e_1,e_2,X0) | equalish(X0,e_1) <- (75) [resolution 1051,22]
2415. ~group_element(e_1) | product(e_2,e_1,X0) | product(e_3,e_1,X0) | product(e_4,e_1,X0) | ~group_element(X0) <- (75) [duplicate literal removal 2398]
2560. product(e_1,e_2,e_1) | product(e_2,e_1,e_3) | ~group_element(e_3) | product(e_4,e_1,e_3) | ~group_element(e_1) | product(e_3,e_1,e_3) | product(e_1,e_3,e_1) | product(e_1,e_4,e_1) [resolution 858,10]
2606. ~product(X1,X2,e_1) | equalish(X1,X0) | product(e_4,X0,e_1) | product(e_3,X0,e_1) | ~group_element(X1) | ~group_element(X0) | product(e_1,X1,e_3) | product(e_1,X1,e_4) | product(X2,e_1,e_2) | product(e_2,X0,e_1) [resolution 859,4]
2609. ~product(X2,X1,e_2) | equalish(X1,X0) | product(e_4,X0,e_1) | product(e_3,X0,e_1) | ~group_element(X1) | ~group_element(X0) | product(e_1,X1,e_3) | product(e_1,X1,e_4) | product(e_2,X0,e_1) | equalish(X2,e_1) [resolution 859,24]
2837. product(e_2,X0,X1) | product(X1,e_1,e_1) | product(e_4,X0,X1) | ~group_element(X1) | product(e_3,X0,X1) | ~group_element(X0) | product(X0,X1,e_3) | product(X0,X1,e_4) | ~group_element(X0) | product(e_2,X0,X1) | product(e_3,X0,X1) | product(e_4,X0,X1) | ~group_element(X1) | product(X1,e_1,e_2) [resolution 233,26]
2862. product(e_2,X0,X1) | product(X1,e_1,e_1) | product(X0,X1,e_3) | ~group_element(X1) | product(e_3,X0,X1) | ~group_element(X0) | product(e_4,X0,X1) | product(X0,X1,e_4) | product(X1,e_1,e_2) [duplicate literal removal 2837]
2922. 111 <=> ! [X1] : (~group_element(X1) | product(e_1,X1,e_1) | product(X1,e_4,e_1) | product(X1,e_3,e_1) | product(X1,e_2,e_1)) [avatar definition]
2923. product(e_1,X1,e_1) | product(X1,e_2,e_1) | product(X1,e_4,e_1) | product(X1,e_3,e_1) | ~group_element(X1) <- (111) [avatar component clause 2922]
2931. 113 <=> ! [X1] : (~group_element(X1) | equalish(e_1,X1) | product(e_4,X1,e_1) | product(e_3,X1,e_1) | product(e_2,X1,e_1)) [avatar definition]
2932. product(e_2,X1,e_1) | equalish(e_1,X1) | product(e_4,X1,e_1) | product(e_3,X1,e_1) | ~group_element(X1) <- (113) [avatar component clause 2931]
3020. product(e_1,e_1,e_2) | product(e_1,e_1,e_3) | product(e_1,e_1,e_4) | equalish(e_4,e_1) | ~group_element(e_4) | ~group_element(e_1) | product(e_1,e_3,e_4) | product(e_1,e_4,e_4) <- (~79) [resolution 1133,548]
3031. 125 <=> product(e_4,e_2,e_4) [avatar definition]
3032. ~product(e_4,e_2,e_4) <- (~125) [avatar component clause 3031]
3033. product(e_4,e_2,e_4) <- (125) [avatar component clause 3031]
3035. 126 <=> product(e_2,e_2,e_4) [avatar definition]
3036. ~product(e_2,e_2,e_4) <- (~126) [avatar component clause 3035]
3037. product(e_2,e_2,e_4) <- (126) [avatar component clause 3035]
3077. product(e_1,e_1,X0) | product(X0,e_2,X1) | product(X0,e_4,X1) | product(X0,e_3,X1) | ~group_element(X1) | ~group_element(X0) | product(e_3,X0,X1) | product(e_4,X0,X1) | ~group_element(X0) | product(X0,e_2,X1) | product(X0,e_3,X1) | product(X0,e_4,X1) | product(e_1,e_2,X0) | ~group_element(X1) [resolution 332,34]
3128. product(e_1,e_1,X0) | product(e_3,X0,X1) | product(X0,e_2,X1) | product(X0,e_3,X1) | ~group_element(X1) | ~group_element(X0) | product(X0,e_4,X1) | product(e_4,X0,X1) | product(e_1,e_2,X0) [duplicate literal removal 3077]
3256. product(e_1,e_1,e_1) | product(e_1,e_1,e_2) | product(e_1,e_1,e_4) | ~group_element(e_1) | product(e_1,e_1,e_3) | ~group_element(e_1) | product(e_1,e_1,e_3) | product(e_1,e_1,e_4) [factoring 352]
3257. product(e_1,e_1,e_1) | product(e_1,e_1,e_2) | product(e_1,e_1,e_4) | ~group_element(e_1) | product(e_1,e_1,e_3) [duplicate literal removal 3256]
3583. product(e_1,X0,e_3) | ~product(X0,e_3,e_4) <- (82) [resolution 1154,3]
3636. product(e_1,X0,e_1) | product(e_1,e_2,e_1) | product(e_1,e_4,e_1) | product(e_1,e_3,e_1) | ~group_element(X0) | ~group_element(e_1) | product(X0,e_1,e_3) | product(X0,e_1,e_4) | ~group_element(X1) | product(X1,X0,e_2) | product(X1,X0,e_3) | product(X1,X0,e_4) | ~group_element(X0) | product(e_1,X1,e_2) [resolution 540,38]
3638. product(e_1,X0,e_1) | product(e_1,e_2,e_1) | product(e_1,e_4,e_1) | product(e_1,e_3,e_1) | ~group_element(X0) | ~group_element(e_1) | product(X0,e_1,e_3) | product(X0,e_1,e_4) | ~group_element(X0) | product(X0,e_2,X1) | product(X0,e_3,X1) | product(X0,e_4,X1) | ~group_element(X1) | equalish(e_2,X1) [resolution 540,37]
3677. product(e_1,X0,e_1) | product(e_1,e_2,e_1) | product(e_1,e_4,e_1) | product(e_1,e_3,e_1) | ~group_element(X0) | ~group_element(e_1) | product(X0,e_1,e_3) | product(X0,e_1,e_4) | product(X0,e_2,X1) | product(X0,e_3,X1) | product(X0,e_4,X1) | ~group_element(X1) | equalish(e_2,X1) [duplicate literal removal 3638]
3678. product(e_1,X0,e_1) | product(e_1,e_2,e_1) | product(e_1,e_4,e_1) | product(e_1,e_3,e_1) | ~group_element(X0) | ~group_element(e_1) | product(X0,e_1,e_3) | product(X0,e_1,e_4) | ~group_element(X1) | product(X1,X0,e_2) | product(X1,X0,e_3) | product(X1,X0,e_4) | product(e_1,X1,e_2) [duplicate literal removal 3636]
3728. product(X0,e_3,e_1) | ~product(e_4,X0,e_3) <- (85) [resolution 1169,4]
3855. ~group_element(e_1) | product(e_2,e_1,X0) | product(e_3,e_1,X0) | product(e_4,e_1,X0) | ~group_element(X0) | equalish(e_1,X0) <- (104) [resolution 1850,31]
3857. ~group_element(X0) | product(X0,e_1,e_2) | product(X0,e_1,e_3) | product(X0,e_1,e_4) | ~group_element(e_1) | product(e_1,X0,e_1) <- (104) [resolution 1850,38]
3859. ~group_element(e_1) | product(e_1,e_2,X0) | product(e_1,e_3,X0) | product(e_1,e_4,X0) | ~group_element(X0) | equalish(e_1,X0) <- (104) [resolution 1850,37]
3860. ~group_element(X0) | product(X0,e_2,e_1) | product(X0,e_3,e_1) | product(X0,e_4,e_1) | ~group_element(e_1) | equalish(e_1,X0) <- (104) [resolution 1850,35]
3867. ~product(e_1,e_1,X0) | equalish(X0,e_1) <- (104) [resolution 1850,22]
3883. ~group_element(X0) | product(X0,e_1,e_2) | product(X0,e_1,e_3) | product(X0,e_1,e_4) | product(e_1,X0,e_1) <- (104) [subsumption resolution 3857,5]
3889. ~group_element(X0) | product(X0,e_2,e_1) | product(X0,e_3,e_1) | product(X0,e_4,e_1) | equalish(e_1,X0) <- (104) [subsumption resolution 3860,5]
3890. 95 | ~104 [avatar split clause 3889,1848,1283]
3950. product(e_1,e_2,X0) | product(e_1,X1,e_2) | product(e_1,e_4,X0) | ~group_element(X0) | ~group_element(X1) | product(e_1,e_3,X0) | product(e_1,X1,e_3) | product(e_1,X1,e_4) | ~group_element(X1) | product(X1,e_1,e_2) | product(X1,e_1,e_3) | product(X1,e_1,e_4) | ~group_element(e_1) | equalish(X0,e_1) [resolution 542,43]
3978. product(e_1,e_2,X0) | product(e_1,X1,e_2) | product(e_1,e_4,X0) | ~group_element(X0) | ~group_element(X1) | product(e_1,e_3,X0) | product(e_1,X1,e_3) | product(e_1,X1,e_4) | product(X1,e_1,e_2) | product(X1,e_1,e_3) | product(X1,e_1,e_4) | ~group_element(e_1) | equalish(X0,e_1) [duplicate literal removal 3950]
4037. 129 <=> product(e_4,e_4,e_1) [avatar definition]
4039. product(e_4,e_4,e_1) <- (129) [avatar component clause 4037]
4171. ~group_element(e_2) | product(e_2,e_4,e_2) | product(e_2,e_4,e_3) | product(e_2,e_4,e_4) | product(e_1,e_2,e_1) | ~group_element(e_4) <- (89) [resolution 1259,39]
4601. ~group_element(e_3) | product(e_2,e_3,e_2) | product(e_3,e_3,e_2) | product(e_4,e_3,e_2) | ~group_element(e_2) | product(e_2,e_1,e_4) <- (7) [resolution 458,26]
4607. product(e_2,e_3,e_2) | product(e_3,e_3,e_2) | product(e_4,e_3,e_2) | ~group_element(e_2) | product(e_2,e_1,e_4) <- (7) [subsumption resolution 4601,7]
4608. product(e_2,e_3,e_2) | product(e_3,e_3,e_2) | product(e_4,e_3,e_2) | product(e_2,e_1,e_4) <- (7) [subsumption resolution 4607,6]
4609. product(e_2,e_3,e_2) | product(e_3,e_3,e_2) | product(e_4,e_3,e_2) <- (7, ~57) [subsumption resolution 4608,932]
4610. 12 | 11 | 44 | ~7 | 57 [avatar split clause 4609,931,456,780,474,478]
4755. ~product(e_3,e_2,X0) | product(e_2,e_2,X0) <- (44) [resolution 782,25]
4756. ~group_element(e_2) | product(e_2,e_2,e_3) | product(e_3,e_2,e_3) | product(e_4,e_2,e_3) | ~group_element(e_3) | product(e_3,e_1,e_2) <- (44) [resolution 782,26]
4764. product(e_2,e_2,e_3) | product(e_3,e_2,e_3) | product(e_4,e_2,e_3) | ~group_element(e_3) | product(e_3,e_1,e_2) <- (44) [subsumption resolution 4756,6]
4765. product(e_2,e_2,e_3) | product(e_4,e_2,e_3) | ~group_element(e_3) | product(e_3,e_1,e_2) <- (44) [subsumption resolution 4764,4755]
4766. product(e_2,e_2,e_3) | product(e_4,e_2,e_3) | product(e_3,e_1,e_2) <- (44) [subsumption resolution 4765,7]
4768. 134 <=> product(e_4,e_2,e_3) [avatar definition]
4769. ~product(e_4,e_2,e_3) <- (~134) [avatar component clause 4768]
4770. product(e_4,e_2,e_3) <- (134) [avatar component clause 4768]
4772. 135 <=> product(e_2,e_2,e_3) [avatar definition]
4773. ~product(e_2,e_2,e_3) <- (~135) [avatar component clause 4772]
4774. product(e_2,e_2,e_3) <- (135) [avatar component clause 4772]
4775. 84 | 134 | 135 | ~44 [avatar split clause 4766,780,4772,4768,1160]
4819. product(e_2,X0,e_1) | product(e_1,e_1,e_2) | product(e_1,e_1,e_4) | product(e_1,e_1,e_3) | ~group_element(X0) | ~group_element(e_1) | product(e_3,X0,e_1) | product(e_4,X0,e_1) | ~group_element(X1) | product(X1,e_2,e_1) | product(X1,e_3,e_1) | product(X1,e_4,e_1) | ~group_element(e_1) | equalish(X0,X1) [resolution 844,35]
4857. product(e_2,X0,e_1) | product(e_1,e_1,e_2) | product(e_1,e_1,e_4) | product(e_1,e_1,e_3) | ~group_element(X0) | ~group_element(e_1) | product(e_3,X0,e_1) | product(e_4,X0,e_1) | ~group_element(X1) | product(X1,e_2,e_1) | product(X1,e_3,e_1) | product(X1,e_4,e_1) | equalish(X0,X1) [duplicate literal removal 4819]
4901. product(e_1,X0,e_3) | ~product(X0,e_3,e_2) <- (84) [resolution 1162,3]
5146. 139 <=> product(e_1,e_3,e_3) [avatar definition]
5147. ~product(e_1,e_3,e_3) <- (~139) [avatar component clause 5146]
5148. product(e_1,e_3,e_3) <- (139) [avatar component clause 5146]
5153. 140 <=> product(e_4,e_3,e_4) [avatar definition]
5154. ~product(e_4,e_3,e_4) <- (~140) [avatar component clause 5153]
5155. product(e_4,e_3,e_4) <- (140) [avatar component clause 5153]
5157. 141 <=> product(e_3,e_3,e_4) [avatar definition]
5159. product(e_3,e_3,e_4) <- (141) [avatar component clause 5157]
5161. 142 <=> product(e_2,e_3,e_4) [avatar definition]
5162. ~product(e_2,e_3,e_4) <- (~142) [avatar component clause 5161]
5163. product(e_2,e_3,e_4) <- (142) [avatar component clause 5161]
5259. 155 <=> ! [X1] : (~group_element(X1) | equalish(X1,e_1) | product(X1,e_1,e_4) | product(X1,e_1,e_3)) [avatar definition]
5260. product(X1,e_1,e_3) | equalish(X1,e_1) | product(X1,e_1,e_4) | ~group_element(X1) <- (155) [avatar component clause 5259]
5284. 159 <=> ! [X1] : (product(e_1,e_2,X1) | equalish(e_1,X1) | ~group_element(X1) | product(e_1,e_4,X1) | product(e_1,e_3,X1)) [avatar definition]
5285. product(e_1,e_2,X1) | equalish(e_1,X1) | ~group_element(X1) | product(e_1,e_4,X1) | product(e_1,e_3,X1) <- (159) [avatar component clause 5284]
5330. 163 <=> product(e_4,e_4,e_4) [avatar definition]
5331. ~product(e_4,e_4,e_4) <- (~163) [avatar component clause 5330]
5332. product(e_4,e_4,e_4) <- (163) [avatar component clause 5330]
5361. product(e_1,e_2,X0) | product(e_1,e_3,X0) | product(e_1,e_4,X0) | ~group_element(X0) | equalish(e_1,X0) <- (104) [subsumption resolution 3859,5]
5362. 159 | ~104 [avatar split clause 5361,1848,5284]
5390. 165 <=> ! [X0] : (product(X0,e_1,e_2) | ~group_element(X0) | product(X0,e_1,e_3) | product(X0,e_1,e_4)) [avatar definition]
5391. product(X0,e_1,e_2) | ~group_element(X0) | product(X0,e_1,e_3) | product(X0,e_1,e_4) <- (165) [avatar component clause 5390]
5415. 167 <=> product(e_1,e_4,e_3) [avatar definition]
5416. ~product(e_1,e_4,e_3) <- (~167) [avatar component clause 5415]
5417. product(e_1,e_4,e_3) <- (167) [avatar component clause 5415]
5432. 168 <=> ! [X1] : (~group_element(X1) | product(e_1,X1,e_2) | product(X1,e_1,e_4) | product(X1,e_1,e_3) | product(X1,e_1,e_2)) [avatar definition]
5433. product(e_1,X1,e_2) | product(X1,e_1,e_2) | product(X1,e_1,e_4) | product(X1,e_1,e_3) | ~group_element(X1) <- (168) [avatar component clause 5432]
5447. 171 <=> ! [X0] : (product(e_2,e_1,X0) | equalish(e_1,X0) | ~group_element(X0) | product(e_4,e_1,X0) | product(e_3,e_1,X0)) [avatar definition]
5448. product(e_2,e_1,X0) | equalish(e_1,X0) | ~group_element(X0) | product(e_4,e_1,X0) | product(e_3,e_1,X0) <- (171) [avatar component clause 5447]
5466. 173 <=> ! [X1] : (product(e_1,X1,e_2) | equalish(X1,e_1) | product(e_1,X1,e_4) | product(e_1,X1,e_3) | ~group_element(X1)) [avatar definition]
5467. product(e_1,X1,e_2) | equalish(X1,e_1) | product(e_1,X1,e_4) | product(e_1,X1,e_3) | ~group_element(X1) <- (173) [avatar component clause 5466]
5482. 176 <=> product(e_4,e_3,e_3) [avatar definition]
5483. ~product(e_4,e_3,e_3) <- (~176) [avatar component clause 5482]
5484. product(e_4,e_3,e_3) <- (176) [avatar component clause 5482]
5492. 177 <=> ! [X0] : (product(X0,e_1,e_2) | product(e_1,X0,e_4) | product(e_1,X0,e_3) | product(e_1,X0,e_2) | ~group_element(X0) | product(X0,e_1,e_4) | product(X0,e_1,e_3)) [avatar definition]
5493. product(e_1,X0,e_2) | product(X0,e_1,e_2) | product(e_1,X0,e_3) | product(e_1,X0,e_4) | ~group_element(X0) | product(X0,e_1,e_4) | product(X0,e_1,e_3) <- (177) [avatar component clause 5492]
5500. 178 <=> ! [X0] : (product(X0,e_1,e_2) | equalish(X0,e_1) | ~group_element(X0) | product(X0,e_1,e_4) | product(X0,e_1,e_3)) [avatar definition]
5501. product(X0,e_1,e_2) | equalish(X0,e_1) | ~group_element(X0) | product(X0,e_1,e_4) | product(X0,e_1,e_3) <- (178) [avatar component clause 5500]
5515. product(e_2,e_1,X0) | product(e_3,e_1,X0) | product(e_4,e_1,X0) | ~group_element(X0) | equalish(e_1,X0) <- (104) [subsumption resolution 3855,5]
5516. 171 | ~104 [avatar split clause 5515,1848,5447]
5520. 179 <=> ! [X0] : (product(e_1,X0,e_1) | product(X0,e_1,e_4) | product(X0,e_1,e_3) | ~group_element(X0) | product(X0,e_1,e_2)) [avatar definition]
5521. product(e_1,X0,e_1) | product(X0,e_1,e_2) | product(X0,e_1,e_3) | ~group_element(X0) | product(X0,e_1,e_4) <- (179) [avatar component clause 5520]
5541. 180 <=> ! [X1] : (product(e_2,e_1,X1) | ~group_element(X1) | product(e_4,e_1,X1) | product(e_3,e_1,X1)) [avatar definition]
5542. product(e_2,e_1,X1) | ~group_element(X1) | product(e_4,e_1,X1) | product(e_3,e_1,X1) <- (180) [avatar component clause 5541]
5551. product(e_2,e_1,X0) | product(e_3,e_1,X0) | product(e_4,e_1,X0) | ~group_element(X0) <- (75) [subsumption resolution 2415,5]
5552. 180 | ~75 [avatar split clause 5551,1049,5541]
5616. product(e_1,e_2,X0) | product(e_1,X1,e_2) | product(e_1,e_4,X0) | ~group_element(X0) | ~group_element(X1) | product(e_1,e_3,X0) | product(e_1,X1,e_3) | product(e_1,X1,e_4) | product(X1,e_1,e_2) | product(X1,e_1,e_3) | product(X1,e_1,e_4) | equalish(X0,e_1) [subsumption resolution 3978,5]
5617. product(e_1,X1,e_2) | product(e_1,e_4,X0) | ~group_element(X0) | ~group_element(X1) | product(e_1,e_3,X0) | product(e_1,X1,e_3) | product(e_1,X1,e_4) | product(X1,e_1,e_2) | product(X1,e_1,e_3) | product(X1,e_1,e_4) | equalish(X0,e_1) <- (75) [subsumption resolution 5616,2403]
5619. 187 <=> ! [X0] : (product(e_1,e_4,X0) | equalish(X0,e_1) | product(e_1,e_3,X0) | ~group_element(X0)) [avatar definition]
5620. product(e_1,e_3,X0) | equalish(X0,e_1) | product(e_1,e_4,X0) | ~group_element(X0) <- (187) [avatar component clause 5619]
5621. 187 | 177 | ~75 [avatar split clause 5617,1049,5492,5619]
5631. 188 <=> ! [X0,X1] : (product(e_2,X0,e_1) | equalish(X0,X1) | ~group_element(X1) | product(X1,e_4,e_1) | product(X1,e_3,e_1) | product(X1,e_2,e_1) | ~group_element(X0) | product(e_3,X0,e_1) | product(e_4,X0,e_1)) [avatar definition]
5632. product(e_2,X0,e_1) | product(X1,e_2,e_1) | equalish(X0,X1) | product(X1,e_4,e_1) | product(X1,e_3,e_1) | ~group_element(X1) | ~group_element(X0) | product(e_3,X0,e_1) | product(e_4,X0,e_1) <- (188) [avatar component clause 5631]
5685. 195 <=> ! [X0,X1] : (product(X0,e_2,e_1) | equalish(X0,X1) | ~group_element(X1) | product(e_4,X1,e_1) | product(e_3,X1,e_1) | product(e_2,X1,e_1) | product(X0,e_4,e_1) | product(X0,e_3,e_1) | ~group_element(X0)) [avatar definition]
5686. product(e_2,X1,e_1) | product(X0,e_2,e_1) | equalish(X0,X1) | product(e_4,X1,e_1) | product(e_3,X1,e_1) | ~group_element(X1) | product(X0,e_4,e_1) | product(X0,e_3,e_1) | ~group_element(X0) <- (195) [avatar component clause 5685]
5718. 179 | ~104 [avatar split clause 3883,1848,5520]
5762. 205 <=> ! [X0,X1] : (product(e_1,X0,e_1) | equalish(e_2,X1) | ~group_element(X1) | product(X0,e_4,X1) | product(X0,e_3,X1) | product(X0,e_2,X1) | ~group_element(X0) | product(X0,e_1,e_3) | product(X0,e_1,e_4)) [avatar definition]
5763. product(e_1,X0,e_1) | product(X0,e_1,e_3) | product(X0,e_2,X1) | product(X0,e_4,X1) | product(X0,e_3,X1) | ~group_element(X1) | ~group_element(X0) | equalish(e_2,X1) | product(X0,e_1,e_4) <- (205) [avatar component clause 5762]
5775. 207 <=> ! [X0,X1] : (product(e_1,X0,e_1) | product(e_1,X1,e_2) | product(X1,X0,e_4) | product(X1,X0,e_3) | ~group_element(X1) | product(X1,X0,e_2) | ~group_element(X0) | product(X0,e_1,e_3) | product(X0,e_1,e_4)) [avatar definition]
5776. product(e_1,X1,e_2) | product(e_1,X0,e_1) | product(X1,X0,e_2) | product(X0,e_1,e_3) | ~group_element(X1) | product(X1,X0,e_3) | ~group_element(X0) | product(X1,X0,e_4) | product(X0,e_1,e_4) <- (207) [avatar component clause 5775]
5796. product(e_1,e_1,e_2) | product(e_1,e_1,e_3) | product(e_1,e_1,e_4) | equalish(e_4,e_1) | ~group_element(e_4) | ~group_element(e_1) | product(e_1,e_4,e_4) <- (~79, 82) [subsumption resolution 3020,3583]
5797. product(e_1,e_1,e_2) | product(e_1,e_1,e_3) | equalish(e_4,e_1) | ~group_element(e_4) | ~group_element(e_1) | product(e_1,e_4,e_4) <- (~79, 82, 104) [subsumption resolution 5796,3867]
5798. product(e_1,e_1,e_2) | product(e_1,e_1,e_3) | ~group_element(e_4) | ~group_element(e_1) | product(e_1,e_4,e_4) <- (~79, 82, 104) [subsumption resolution 5797,18]
5799. product(e_1,e_1,e_2) | product(e_1,e_1,e_3) | ~group_element(e_1) | product(e_1,e_4,e_4) <- (~79, 82, 104) [subsumption resolution 5798,8]
5800. product(e_1,e_1,e_2) | product(e_1,e_1,e_3) | product(e_1,e_4,e_4) <- (~79, 82, 104) [subsumption resolution 5799,5]
5801. product(e_1,e_1,e_2) | product(e_1,e_1,e_3) <- (~79, 82, 104, ~105) [subsumption resolution 5800,1853]
5802. 94 | 87 | 79 | ~82 | ~104 | 105 [avatar split clause 5801,1852,1848,1152,1132,1247,1279]
5812. 211 <=> ! [X0,X1] : (product(e_3,e_1,X0) | equalish(e_2,X1) | product(X1,e_4,X0) | product(X1,e_3,X0) | ~group_element(X1) | product(X1,e_2,X0) | equalish(e_1,X0) | ~group_element(X0) | product(e_4,e_1,X0)) [avatar definition]
5813. product(e_3,e_1,X0) | product(X1,e_2,X0) | product(X1,e_4,X0) | product(X1,e_3,X0) | ~group_element(X1) | equalish(e_2,X1) | equalish(e_1,X0) | ~group_element(X0) | product(e_4,e_1,X0) <- (211) [avatar component clause 5812]
5818. 212 <=> ! [X0,X1] : (product(e_3,e_1,X0) | product(X1,e_2,e_1) | product(e_4,X1,X0) | product(e_3,X1,X0) | ~group_element(X1) | product(e_2,X1,X0) | equalish(e_1,X0) | ~group_element(X0) | product(e_4,e_1,X0)) [avatar definition]
5819. product(e_2,X1,X0) | product(X1,e_2,e_1) | product(e_4,X1,X0) | product(e_3,X1,X0) | ~group_element(X1) | product(e_3,e_1,X0) | equalish(e_1,X0) | ~group_element(X0) | product(e_4,e_1,X0) <- (212) [avatar component clause 5818]
5918. 223 <=> ! [X0] : (product(e_1,e_2,X0) | equalish(X0,e_1) | product(e_1,e_3,X0) | ~group_element(X0) | product(e_1,e_4,X0)) [avatar definition]
5919. product(e_1,e_2,X0) | equalish(X0,e_1) | product(e_1,e_3,X0) | ~group_element(X0) | product(e_1,e_4,X0) <- (223) [avatar component clause 5918]
5936. 226 <=> ! [X1] : (~group_element(X1) | equalish(e_2,X1) | product(e_4,X1,e_1) | product(e_3,X1,e_1) | product(e_2,X1,e_1)) [avatar definition]
5937. product(e_2,X1,e_1) | equalish(e_2,X1) | product(e_4,X1,e_1) | product(e_3,X1,e_1) | ~group_element(X1) <- (226) [avatar component clause 5936]
5951. 227 <=> ! [X0] : (product(e_1,X0,e_2) | equalish(e_1,X0) | ~group_element(X0) | product(e_1,X0,e_4) | product(e_1,X0,e_3)) [avatar definition]
5952. product(e_1,X0,e_2) | equalish(e_1,X0) | ~group_element(X0) | product(e_1,X0,e_4) | product(e_1,X0,e_3) <- (227) [avatar component clause 5951]
5959. 228 <=> ! [X1] : (product(e_2,X1,e_2) | ~group_element(X1) | product(X1,e_1,e_2) | product(e_2,X1,e_4) | product(e_2,X1,e_3)) [avatar definition]
5960. product(e_2,X1,e_2) | product(X1,e_1,e_2) | ~group_element(X1) | product(e_2,X1,e_4) | product(e_2,X1,e_3) <- (228) [avatar component clause 5959]
6001. product(e_2,e_4,e_2) | product(e_2,e_4,e_3) | product(e_2,e_4,e_4) | product(e_1,e_2,e_1) | ~group_element(e_4) <- (89) [subsumption resolution 4171,6]
6002. product(e_2,e_4,e_2) | product(e_2,e_4,e_3) | product(e_2,e_4,e_4) | product(e_1,e_2,e_1) <- (89) [subsumption resolution 6001,8]
6004. 232 <=> product(e_2,e_4,e_4) [avatar definition]
6005. ~product(e_2,e_4,e_4) <- (~232) [avatar component clause 6004]
6006. product(e_2,e_4,e_4) <- (232) [avatar component clause 6004]
6008. 233 <=> product(e_2,e_4,e_3) [avatar definition]
6009. ~product(e_2,e_4,e_3) <- (~233) [avatar component clause 6008]
6010. product(e_2,e_4,e_3) <- (233) [avatar component clause 6008]
6011. 75 | 232 | 233 | 43 | ~89 [avatar split clause 6002,1257,776,6008,6004,1049]
6031. product(e_1,X0,e_1) | product(e_1,e_2,e_1) | product(e_1,e_4,e_1) | product(e_1,e_3,e_1) | ~group_element(X0) | product(X0,e_1,e_3) | product(X0,e_1,e_4) | product(X0,e_2,X1) | product(X0,e_3,X1) | product(X0,e_4,X1) | ~group_element(X1) | equalish(e_2,X1) [subsumption resolution 3677,5]
6032. 74 | 73 | 75 | 205 [avatar split clause 6031,5762,1049,1041,1045]
6036. product(e_1,X0,e_1) | product(e_1,e_2,e_1) | product(e_1,e_4,e_1) | product(e_1,e_3,e_1) | ~group_element(X0) | product(X0,e_1,e_3) | product(X0,e_1,e_4) | ~group_element(X1) | product(X1,X0,e_2) | product(X1,X0,e_3) | product(X1,X0,e_4) | product(e_1,X1,e_2) [subsumption resolution 3678,5]
6037. 74 | 73 | 75 | 207 [avatar split clause 6036,5775,1049,1041,1045]
6045. 238 <=> ! [X0,X1] : (product(X0,e_1,e_2) | equalish(X0,X1) | product(e_1,X1,e_2) | ~group_element(X1) | product(e_1,X1,e_4) | product(e_1,X1,e_3) | product(X0,e_1,e_4) | product(X0,e_1,e_3) | ~group_element(X0)) [avatar definition]
6046. product(e_1,X1,e_2) | product(X0,e_1,e_2) | equalish(X0,X1) | ~group_element(X1) | product(e_1,X1,e_4) | product(e_1,X1,e_3) | product(X0,e_1,e_4) | product(X0,e_1,e_3) | ~group_element(X0) <- (238) [avatar component clause 6045]
6050. 239 <=> ! [X0,X1] : (product(X0,e_1,e_2) | ~group_element(X1) | product(X0,e_1,X1) | product(e_2,e_1,X1) | product(e_4,e_1,X1) | product(e_3,e_1,X1) | product(X0,e_1,e_4) | product(X0,e_1,e_3) | ~group_element(X0)) [avatar definition]
6051. product(e_2,e_1,X1) | product(X0,e_1,e_2) | product(X0,e_1,X1) | ~group_element(X1) | product(e_4,e_1,X1) | product(e_3,e_1,X1) | product(X0,e_1,e_4) | product(X0,e_1,e_3) | ~group_element(X0) <- (239) [avatar component clause 6050]
6055. 240 <=> ! [X0,X1] : (product(X0,e_1,e_2) | ~group_element(X1) | product(X1,e_1,X0) | product(X0,X1,e_4) | product(X0,X1,e_3) | product(X0,X1,e_2) | product(X0,e_1,e_4) | product(X0,e_1,e_3) | ~group_element(X0)) [avatar definition]
6056. product(X1,e_1,X0) | product(X0,e_1,e_2) | product(X0,X1,e_2) | product(X0,X1,e_4) | product(X0,X1,e_3) | ~group_element(X1) | product(X0,e_1,e_4) | product(X0,e_1,e_3) | ~group_element(X0) <- (240) [avatar component clause 6055]
6106. product(e_1,e_2,e_1) | product(e_2,e_1,e_3) | product(e_4,e_1,e_3) | ~group_element(e_1) | product(e_3,e_1,e_3) | product(e_1,e_3,e_1) | product(e_1,e_4,e_1) [subsumption resolution 2560,7]
6107. product(e_1,e_2,e_1) | product(e_2,e_1,e_3) | ~group_element(e_1) | product(e_3,e_1,e_3) | product(e_1,e_3,e_1) | product(e_1,e_4,e_1) <- (85) [subsumption resolution 6106,3728]
6108. product(e_1,e_2,e_1) | product(e_2,e_1,e_3) | product(e_3,e_1,e_3) | product(e_1,e_3,e_1) | product(e_1,e_4,e_1) <- (85) [subsumption resolution 6107,5]
6109. 73 | 74 | 83 | 58 | 75 | ~85 [avatar split clause 6108,1167,1049,935,1156,1045,1041]
6157. 256 <=> ! [X0,X1] : (product(e_1,X0,e_3) | equalish(X0,X1) | ~group_element(X1) | product(e_4,X1,e_2) | product(e_3,X1,e_2) | product(e_2,X1,e_2) | equalish(e_1,X0) | ~group_element(X0) | product(e_1,X0,e_4)) [avatar definition]
6158. product(e_1,X0,e_3) | product(e_2,X1,e_2) | equalish(X0,X1) | product(e_4,X1,e_2) | product(e_3,X1,e_2) | ~group_element(X1) | equalish(e_1,X0) | ~group_element(X0) | product(e_1,X0,e_4) <- (256) [avatar component clause 6157]
6162. 257 <=> ! [X0,X1] : (product(e_1,X0,e_3) | equalish(e_2,X1) | ~group_element(X1) | product(e_4,X0,X1) | product(e_3,X0,X1) | product(e_2,X0,X1) | equalish(e_1,X0) | ~group_element(X0) | product(e_1,X0,e_4)) [avatar definition]
6163. product(e_1,X0,e_3) | product(e_2,X0,X1) | ~group_element(X1) | product(e_4,X0,X1) | product(e_3,X0,X1) | equalish(e_2,X1) | equalish(e_1,X0) | ~group_element(X0) | product(e_1,X0,e_4) <- (257) [avatar component clause 6162]
6167. 258 <=> ! [X0,X1] : (product(e_1,X0,e_3) | product(X0,X1,e_2) | product(X1,e_4,X0) | product(X1,e_3,X0) | ~group_element(X1) | product(X1,e_2,X0) | equalish(e_1,X0) | ~group_element(X0) | product(e_1,X0,e_4)) [avatar definition]
6168. product(e_1,X0,e_3) | product(X1,e_2,X0) | product(X0,X1,e_2) | product(X1,e_3,X0) | ~group_element(X1) | product(X1,e_4,X0) | equalish(e_1,X0) | ~group_element(X0) | product(e_1,X0,e_4) <- (258) [avatar component clause 6167]
6178. 260 <=> ! [X0,X1] : (equalish(X0,e_1) | equalish(X0,X1) | ~group_element(X1) | product(e_4,X1,e_2) | product(e_3,X1,e_2) | product(e_2,X1,e_2) | product(e_1,X0,e_4) | product(e_1,X0,e_3) | ~group_element(X0)) [avatar definition]
6179. product(e_1,X0,e_3) | product(e_2,X1,e_2) | equalish(X0,X1) | product(e_4,X1,e_2) | product(e_3,X1,e_2) | ~group_element(X1) | product(e_1,X0,e_4) | equalish(X0,e_1) | ~group_element(X0) <- (260) [avatar component clause 6178]
6186. product(e_1,e_2,e_1) | product(e_1,e_3,e_1) | product(e_1,e_4,e_1) | equalish(X0,e_1) | ~group_element(X0) | product(e_1,X0,e_3) | product(e_1,X0,e_4) | ~group_element(X1) | product(X1,e_2,X0) | product(X1,e_3,X0) | product(X1,e_4,X0) | product(X0,X1,e_2) [subsumption resolution 1399,5]
6188. 262 <=> ! [X0,X1] : (equalish(X0,e_1) | product(X0,X1,e_2) | product(X1,e_4,X0) | product(X1,e_3,X0) | ~group_element(X1) | product(X1,e_2,X0) | product(e_1,X0,e_4) | product(e_1,X0,e_3) | ~group_element(X0)) [avatar definition]
6189. product(e_1,X0,e_3) | product(X1,e_2,X0) | product(X0,X1,e_2) | product(X1,e_3,X0) | ~group_element(X1) | product(X1,e_4,X0) | product(e_1,X0,e_4) | equalish(X0,e_1) | ~group_element(X0) <- (262) [avatar component clause 6188]
6190. 262 | 73 | 74 | 75 [avatar split clause 6186,1049,1045,1041,6188]
6199. 263 <=> product(e_3,e_3,e_3) [avatar definition]
6200. ~product(e_3,e_3,e_3) <- (~263) [avatar component clause 6199]
6201. product(e_3,e_3,e_3) <- (263) [avatar component clause 6199]
6203. 264 <=> product(e_3,e_4,e_3) [avatar definition]
6204. ~product(e_3,e_4,e_3) <- (~264) [avatar component clause 6203]
6205. product(e_3,e_4,e_3) <- (264) [avatar component clause 6203]
6230. 265 <=> ! [X0] : (product(X0,e_1,e_1) | product(e_1,X0,e_4) | product(e_1,X0,e_3) | ~group_element(X0) | product(e_1,X0,e_2)) [avatar definition]
6231. product(e_1,X0,e_2) | product(X0,e_1,e_1) | product(e_1,X0,e_3) | ~group_element(X0) | product(e_1,X0,e_4) <- (265) [avatar component clause 6230]
6247. 266 <=> ! [X0] : (product(X0,e_1,e_2) | ~group_element(X0) | product(X0,e_1,e_3) | product(X0,e_1,e_4) | equalish(e_1,X0)) [avatar definition]
6248. product(X0,e_1,e_2) | ~group_element(X0) | product(X0,e_1,e_3) | product(X0,e_1,e_4) | equalish(e_1,X0) <- (266) [avatar component clause 6247]
6353. product(e_1,e_1,e_1) | product(e_1,e_1,e_4) | ~group_element(e_1) | product(e_1,e_1,e_3) <- (~87) [subsumption resolution 3257,1248]
6354. product(e_1,e_1,e_1) | ~group_element(e_1) | product(e_1,e_1,e_3) <- (~87, ~93) [subsumption resolution 6353,1276]
6355. product(e_1,e_1,e_1) | product(e_1,e_1,e_3) <- (~87, ~93) [subsumption resolution 6354,5]
6356. 94 | 104 | 87 | 93 [avatar split clause 6355,1275,1247,1848,1279]
6455. product(e_2,X0,X1) | product(X0,e_1,e_1) | product(e_4,X0,X1) | product(e_3,X0,X1) | ~group_element(X1) | ~group_element(X0) | product(e_3,e_1,X1) | product(e_4,e_1,X1) | product(X2,e_2,X1) | ~product(e_1,X2,e_2) [resolution 847,4]
6466. product(e_2,X0,e_1) | product(X0,e_1,e_1) | product(e_4,X0,e_1) | product(e_3,X0,e_1) | ~group_element(e_1) | ~group_element(X0) | product(e_3,e_1,e_1) | product(e_4,e_1,e_1) | ~group_element(e_1) | product(e_1,X1,e_2) | product(e_1,X1,e_3) | product(e_1,X1,e_4) | product(X1,e_2,e_1) | ~group_element(X1) [resolution 847,40]
6516. product(e_2,e_1,X0) | product(e_1,e_1,e_1) | product(e_4,e_1,X0) | product(e_3,e_1,X0) | ~group_element(X0) | ~group_element(e_1) | product(e_3,e_1,X0) | product(e_4,e_1,X0) [factoring 847]
6520. product(e_2,e_1,X0) | product(e_1,e_1,e_1) | product(e_4,e_1,X0) | product(e_3,e_1,X0) | ~group_element(X0) | ~group_element(e_1) [duplicate literal removal 6516]
6549. product(e_2,X0,e_1) | product(X0,e_1,e_1) | product(e_4,X0,e_1) | product(e_3,X0,e_1) | ~group_element(e_1) | ~group_element(X0) | product(e_3,e_1,e_1) | product(e_4,e_1,e_1) | product(e_1,X1,e_2) | product(e_1,X1,e_3) | product(e_1,X1,e_4) | product(X1,e_2,e_1) | ~group_element(X1) [duplicate literal removal 6466]
6572. ~product(e_4,e_1,X0) | equalish(X0,e_1) <- (63) [resolution 958,22]
6713. ~product(e_2,e_1,X0) | equalish(X0,e_1) <- (69) [resolution 991,22]
6746. product(e_2,X0,e_1) | product(X0,e_1,e_1) | product(e_4,e_1,e_1) | ~group_element(e_1) | ~group_element(X0) | product(e_3,e_1,e_1) | product(e_3,X0,e_1) | product(e_4,X0,e_1) | ~group_element(e_1) | product(e_1,X1,e_2) | product(e_1,X1,e_3) | product(e_1,X1,e_4) | product(X1,e_2,e_1) | ~group_element(X1) [resolution 849,40]
6798. product(e_2,e_1,X0) | product(e_2,e_4,e_1) | product(e_4,e_1,X0) | ~group_element(X0) | ~group_element(e_4) | product(e_3,e_1,X0) | product(e_3,e_4,e_1) | product(e_4,e_4,e_1) [factoring 849]
6828. product(e_2,X0,e_1) | product(X0,e_1,e_1) | product(e_4,e_1,e_1) | ~group_element(e_1) | ~group_element(X0) | product(e_3,e_1,e_1) | product(e_3,X0,e_1) | product(e_4,X0,e_1) | product(e_1,X1,e_2) | product(e_1,X1,e_3) | product(e_1,X1,e_4) | product(X1,e_2,e_1) | ~group_element(X1) [duplicate literal removal 6746]
7653. product(e_2,X0,e_1) | product(e_1,e_1,e_2) | product(e_1,e_1,e_4) | ~group_element(X0) | ~group_element(e_1) | product(e_3,X0,e_1) | product(e_4,X0,e_1) | ~group_element(X1) | product(X1,e_2,e_1) | product(X1,e_3,e_1) | product(X1,e_4,e_1) | equalish(X0,X1) <- (~94) [subsumption resolution 4857,1280]
7654. product(e_2,X0,e_1) | product(e_1,e_1,e_2) | product(e_1,e_1,e_4) | ~group_element(X0) | product(e_3,X0,e_1) | product(e_4,X0,e_1) | ~group_element(X1) | product(X1,e_2,e_1) | product(X1,e_3,e_1) | product(X1,e_4,e_1) | equalish(X0,X1) <- (~94) [subsumption resolution 7653,5]
7655. 93 | 87 | 188 | 94 [avatar split clause 7654,1279,5631,1247,1275]
8063. product(e_4,X0,e_2) | product(e_2,X0,e_2) | product(e_2,X0,e_4) | ~group_element(X0) | product(e_2,X0,e_3) | ~group_element(e_4) | ~group_element(e_2) | product(e_4,X0,e_3) | product(e_4,X0,e_4) [resolution 175,19]
8066. product(e_3,X0,e_2) | product(e_2,X0,e_2) | product(e_2,X0,e_4) | ~group_element(X0) | product(e_2,X0,e_3) | ~group_element(e_3) | ~group_element(e_2) | product(e_3,X0,e_3) | product(e_3,X0,e_4) [resolution 175,16]
8126. product(e_4,X0,e_2) | product(e_2,X0,e_2) | product(e_2,X0,e_4) | ~group_element(X0) | product(e_2,X0,e_3) | ~group_element(e_2) | product(e_4,X0,e_3) | product(e_4,X0,e_4) [subsumption resolution 8063,8]
8127. product(e_2,X0,e_2) | product(e_4,X0,e_2) | product(e_2,X0,e_4) | ~group_element(X0) | product(e_2,X0,e_3) | product(e_4,X0,e_3) | product(e_4,X0,e_4) [subsumption resolution 8126,6]
8132. product(e_3,X0,e_2) | product(e_2,X0,e_2) | product(e_2,X0,e_4) | ~group_element(X0) | product(e_2,X0,e_3) | ~group_element(e_2) | product(e_3,X0,e_3) | product(e_3,X0,e_4) [subsumption resolution 8066,7]
8133. product(e_2,X0,e_2) | product(e_3,X0,e_2) | product(e_2,X0,e_4) | ~group_element(X0) | product(e_2,X0,e_3) | product(e_3,X0,e_3) | product(e_3,X0,e_4) [subsumption resolution 8132,6]
8319. 310 <=> ! [X0] : (product(e_2,X0,e_1) | product(e_4,X0,e_1) | product(e_3,X0,e_1) | ~group_element(X0)) [avatar definition]
8320. product(e_2,X0,e_1) | product(e_4,X0,e_1) | product(e_3,X0,e_1) | ~group_element(X0) <- (310) [avatar component clause 8319]
8499. product(e_2,e_1,X0) | product(e_1,e_2,e_2) | product(e_4,e_1,X0) | product(e_3,e_1,X0) | ~group_element(X0) | ~group_element(e_2) | ~group_element(e_1) | product(e_1,e_2,e_3) | product(e_1,e_2,e_4) [factoring 256]
8698. product(e_2,e_2,X0) | product(e_3,e_2,X0) | product(e_2,e_3,e_1) | product(e_4,e_2,X0) | ~group_element(X0) | ~group_element(e_3) | ~group_element(e_2) | product(e_3,e_3,X0) | product(e_3,e_4,X0) [factoring 273]
8975. 320 <=> ! [X0] : (product(e_2,e_4,X0) | product(e_3,e_4,X0) | ~group_element(X0) | product(e_4,e_4,X0)) [avatar definition]
8976. product(e_2,e_4,X0) | product(e_3,e_4,X0) | ~group_element(X0) | product(e_4,e_4,X0) <- (320) [avatar component clause 8975]
9095. product(e_2,e_3,e_3) | product(e_3,e_3,e_3) | product(e_3,e_2,e_3) | product(e_3,e_4,e_3) | product(e_3,e_3,e_3) | ~group_element(e_3) | ~group_element(e_3) | ~group_element(e_3) | product(e_4,e_3,e_3) [factoring 310]
9102. product(e_2,e_3,e_3) | product(e_3,e_3,e_3) | product(e_3,e_2,e_3) | product(e_3,e_4,e_3) | ~group_element(e_3) | product(e_4,e_3,e_3) [duplicate literal removal 9095]
9182. 321 <=> product(e_3,e_4,e_4) [avatar definition]
9183. ~product(e_3,e_4,e_4) <- (~321) [avatar component clause 9182]
9184. product(e_3,e_4,e_4) <- (321) [avatar component clause 9182]
9191. 323 <=> product(e_2,e_3,e_3) [avatar definition]
9192. ~product(e_2,e_3,e_3) <- (~323) [avatar component clause 9191]
9193. product(e_2,e_3,e_3) <- (323) [avatar component clause 9191]
9197. ~product(e_4,e_4,X0) | equalish(X0,e_4) <- (163) [resolution 5332,22]
9385. ~product(e_4,X0,e_4) | equalish(X0,e_1) <- (101) [resolution 1319,23]
9472. product(X0,X0,e_2) | product(X0,X0,X0) | product(X0,X0,e_4) | product(X0,X0,e_3) | ~group_element(X0) | ~group_element(X0) | ~group_element(X0) | product(X0,X0,e_3) | product(X0,X0,e_4) [factoring 561]
9483. product(X0,X0,e_2) | product(X0,X0,X0) | product(X0,X0,e_4) | product(X0,X0,e_3) | ~group_element(X0) [duplicate literal removal 9472]
9909. product(e_2,e_2,X0) | product(e_3,e_2,X0) | product(e_2,e_3,e_1) | product(e_4,e_2,X0) | ~group_element(X0) | ~group_element(e_2) | product(e_3,e_3,X0) | product(e_3,e_4,X0) [subsumption resolution 8698,7]
9910. product(e_2,e_2,X0) | product(e_3,e_2,X0) | product(e_2,e_3,e_1) | product(e_4,e_2,X0) | ~group_element(X0) | product(e_3,e_3,X0) | product(e_3,e_4,X0) [subsumption resolution 9909,6]
9952. ~product(e_2,e_3,X0) | equalish(X0,e_1) <- (77) [resolution 1124,22]
10029. ~group_element(e_1) | product(e_2,e_1,X0) | product(e_3,e_1,X0) | product(e_4,e_1,X0) | product(e_3,e_1,X0) | ~group_element(X0) <- (74) [resolution 1047,27]
10046. ~group_element(e_1) | product(e_2,e_1,X0) | product(e_3,e_1,X0) | product(e_4,e_1,X0) | ~group_element(X0) <- (74) [duplicate literal removal 10029]
10130. ~group_element(X0) | product(e_2,X0,e_1) | product(e_3,X0,e_1) | product(e_4,X0,e_1) | ~group_element(e_1) | equalish(e_2,X0) <- (75) [resolution 1051,30]
10158. ~group_element(X0) | product(e_2,X0,e_1) | product(e_3,X0,e_1) | product(e_4,X0,e_1) | equalish(e_2,X0) <- (75) [subsumption resolution 10130,5]
10159. 226 | ~75 [avatar split clause 10158,1049,5936]
10422. product(e_1,X0,e_3) | ~product(X0,e_3,e_3) <- (83) [resolution 1158,3]
10532. ~group_element(X0) | product(X0,e_2,e_1) | product(X0,e_3,e_1) | product(X0,e_4,e_1) | ~group_element(e_1) | product(e_1,X0,e_1) <- (104) [resolution 1850,32]
10534. ~group_element(X0) | product(e_2,X0,e_1) | product(e_3,X0,e_1) | product(e_4,X0,e_1) | ~group_element(e_1) | equalish(e_1,X0) <- (104) [resolution 1850,30]
10539. ~group_element(e_1) | product(e_1,X0,e_2) | product(e_1,X0,e_3) | product(e_1,X0,e_4) | product(X0,e_1,e_1) | ~group_element(X0) <- (104) [resolution 1850,40]
10541. ~group_element(e_1) | product(e_1,X0,e_2) | product(e_1,X0,e_3) | product(e_1,X0,e_4) | ~group_element(X0) | equalish(e_1,X0) <- (104) [resolution 1850,42]
10542. ~group_element(X0) | product(X0,e_1,e_2) | product(X0,e_1,e_3) | product(X0,e_1,e_4) | ~group_element(e_1) | equalish(e_1,X0) <- (104) [resolution 1850,41]
10561. ~group_element(X0) | product(e_2,X0,e_1) | product(e_3,X0,e_1) | product(e_4,X0,e_1) | equalish(e_1,X0) <- (104) [subsumption resolution 10534,5]
10562. 113 | ~104 [avatar split clause 10561,1848,2931]
10563. product(e_1,X0,e_2) | product(e_1,X0,e_3) | product(e_1,X0,e_4) | product(X0,e_1,e_1) | ~group_element(X0) <- (104) [subsumption resolution 10539,5]
10564. 265 | ~104 [avatar split clause 10563,1848,6230]
10565. product(e_1,X0,e_2) | product(e_1,X0,e_3) | product(e_1,X0,e_4) | ~group_element(X0) | equalish(e_1,X0) <- (104) [subsumption resolution 10541,5]
10566. 227 | ~104 [avatar split clause 10565,1848,5951]
10567. ~group_element(X0) | product(X0,e_1,e_2) | product(X0,e_1,e_3) | product(X0,e_1,e_4) | equalish(e_1,X0) <- (104) [subsumption resolution 10542,5]
10568. 266 | ~104 [avatar split clause 10567,1848,6247]
10732. ~group_element(e_3) | product(e_3,e_2,e_4) | product(e_3,e_3,e_4) | product(e_3,e_4,e_4) | product(e_1,e_1,e_3) | ~group_element(e_4) <- (106) [resolution 1858,34]
10740. product(e_3,e_2,e_4) | product(e_3,e_3,e_4) | product(e_3,e_4,e_4) | product(e_1,e_1,e_3) | ~group_element(e_4) <- (106) [subsumption resolution 10732,7]
10741. product(e_3,e_3,e_4) | product(e_3,e_4,e_4) | product(e_1,e_1,e_3) | ~group_element(e_4) <- (~7, 106) [subsumption resolution 10740,457]
10742. product(e_3,e_3,e_4) | product(e_3,e_4,e_4) | ~group_element(e_4) <- (~7, ~94, 106) [subsumption resolution 10741,1280]
10743. product(e_3,e_3,e_4) | product(e_3,e_4,e_4) <- (~7, ~94, 106) [subsumption resolution 10742,8]
10744. 321 | 141 | 7 | 94 | ~106 [avatar split clause 10743,1856,1279,456,5157,9182]
10782. ~group_element(e_4) | ~group_element(e_3) | product(e_2,e_3,e_4) | product(e_3,e_3,e_4) | product(e_4,e_3,e_4) <- (~106) [resolution 1857,1]
10790. ~group_element(e_3) | product(e_2,e_3,e_4) | product(e_3,e_3,e_4) | product(e_4,e_3,e_4) <- (~106) [subsumption resolution 10782,8]
10791. product(e_2,e_3,e_4) | product(e_3,e_3,e_4) | product(e_4,e_3,e_4) <- (~106) [subsumption resolution 10790,7]
10792. 140 | 141 | 142 | 106 [avatar split clause 10791,1856,5161,5157,5153]
10895. equalish(e_1,e_4) | ~group_element(e_4) | product(e_1,e_4,e_4) | product(e_1,e_3,e_4) <- (~79, 159) [resolution 1133,5285]
10993. equalish(e_1,X0) | ~group_element(X0) | product(e_1,X0,e_4) | product(e_1,X0,e_3) | ~group_element(X1) | product(X1,e_2,X0) | product(X1,e_3,X0) | product(X1,e_4,X0) | ~group_element(X0) | product(X0,X1,e_2) <- (227) [resolution 5952,32]
10994. equalish(e_1,X0) | ~group_element(X0) | product(e_1,X0,e_4) | product(e_1,X0,e_3) | ~group_element(X0) | product(e_2,X0,X1) | product(e_3,X0,X1) | product(e_4,X0,X1) | ~group_element(X1) | equalish(e_2,X1) <- (227) [resolution 5952,31]
10995. equalish(e_1,X0) | ~group_element(X0) | product(e_1,X0,e_4) | product(e_1,X0,e_3) | ~group_element(X1) | product(e_2,X1,e_2) | product(e_3,X1,e_2) | product(e_4,X1,e_2) | ~group_element(e_2) | equalish(X0,X1) <- (227) [resolution 5952,30]
11018. equalish(e_1,X0) | ~group_element(X0) | product(e_1,X0,e_4) | product(e_1,X0,e_3) | product(e_2,X0,X1) | product(e_3,X0,X1) | product(e_4,X0,X1) | ~group_element(X1) | equalish(e_2,X1) <- (227) [duplicate literal removal 10994]
11019. equalish(e_1,X0) | ~group_element(X0) | product(e_1,X0,e_4) | product(e_1,X0,e_3) | ~group_element(X1) | product(X1,e_2,X0) | product(X1,e_3,X0) | product(X1,e_4,X0) | product(X0,X1,e_2) <- (227) [duplicate literal removal 10993]
11020. 258 | ~227 [avatar split clause 11019,5951,6167]
11021. 257 | ~227 [avatar split clause 11018,5951,6162]
11022. equalish(e_1,X0) | ~group_element(X0) | product(e_1,X0,e_4) | product(e_1,X0,e_3) | ~group_element(X1) | product(e_2,X1,e_2) | product(e_3,X1,e_2) | product(e_4,X1,e_2) | equalish(X0,X1) <- (227) [subsumption resolution 10995,6]
11023. 256 | ~227 [avatar split clause 11022,5951,6157]
11034. ~group_element(e_2) | product(e_2,e_3,e_2) | product(e_2,e_3,e_3) | product(e_2,e_3,e_4) | product(e_3,e_2,e_1) | ~group_element(e_3) <- (11) [resolution 476,39]
11054. ~group_element(e_4) | product(e_4,e_1,e_3) | product(e_4,e_1,e_4) | equalish(e_1,e_4) <- (~89, 266) [resolution 6248,1258]
11319. ~group_element(e_2) | product(e_2,e_3,e_1) | product(e_2,e_4,e_1) | equalish(e_1,e_2) <- (~46, 95) [resolution 792,1284]
11629. product(X0,e_2,e_1) | product(X0,e_4,e_1) | product(X0,e_3,e_1) | ~group_element(X0) | ~group_element(X1) | product(e_2,X1,e_1) | product(e_3,X1,e_1) | product(e_4,X1,e_1) | ~group_element(e_1) | equalish(X0,X1) <- (111) [resolution 2923,30]
11700. product(X0,e_2,e_1) | product(X0,e_4,e_1) | product(X0,e_3,e_1) | ~group_element(X0) | ~group_element(X1) | product(e_2,X1,e_1) | product(e_3,X1,e_1) | product(e_4,X1,e_1) | equalish(X0,X1) <- (111) [subsumption resolution 11629,5]
11701. 195 | ~111 [avatar split clause 11700,2922,5685]
11708. ~group_element(X0) | product(X0,e_2,e_1) | product(X0,e_3,e_1) | product(X0,e_4,e_1) | product(e_1,X0,e_1) <- (104) [subsumption resolution 10532,5]
11709. 111 | ~104 [avatar split clause 11708,1848,2922]
11717. ~product(e_3,e_4,X0) | product(e_4,e_2,X0) <- (142) [resolution 5163,25]
12041. product(X0,e_1,e_2) | product(X0,e_1,e_3) | ~group_element(X0) | product(X0,e_1,e_4) | ~group_element(X0) | product(X0,X1,e_2) | product(X0,X1,e_3) | product(X0,X1,e_4) | product(X1,e_1,X0) | ~group_element(X1) <- (179) [resolution 5521,40]
12042. product(X0,e_1,e_2) | product(X0,e_1,e_3) | ~group_element(X0) | product(X0,e_1,e_4) | ~group_element(e_1) | product(e_2,e_1,X1) | product(e_3,e_1,X1) | product(e_4,e_1,X1) | product(X0,e_1,X1) | ~group_element(X1) <- (179) [resolution 5521,27]
12043. product(X0,e_1,e_2) | product(X0,e_1,e_3) | ~group_element(X0) | product(X0,e_1,e_4) | ~group_element(e_1) | product(e_1,X1,e_2) | product(e_1,X1,e_3) | product(e_1,X1,e_4) | ~group_element(X1) | equalish(X0,X1) <- (179) [resolution 5521,42]
12102. product(X0,e_1,e_2) | product(X0,e_1,e_3) | ~group_element(X0) | product(X0,e_1,e_4) | product(X0,X1,e_2) | product(X0,X1,e_3) | product(X0,X1,e_4) | product(X1,e_1,X0) | ~group_element(X1) <- (179) [duplicate literal removal 12041]
12300. equalish(e_4,e_1) <- (63, 101) [resolution 6572,1319]
12357. $false <- (63, 101) [subsumption resolution 12300,18]
12358. ~63 | ~101 [avatar contradiction clause 12357]
12435. equalish(e_4,e_1) <- (57, 69) [resolution 6713,933]
12437. equalish(e_2,e_1) <- (59, 69) [resolution 6713,941]
12554. $false <- (57, 69) [subsumption resolution 12435,18]
12555. ~57 | ~69 [avatar contradiction clause 12554]
12556. $false <- (59, 69) [subsumption resolution 12437,12]
12557. ~59 | ~69 [avatar contradiction clause 12556]
12579. product(e_1,e_2,e_2) | product(e_1,e_2,e_3) | ~group_element(e_2) | product(e_1,e_2,e_4) <- (~69, 265) [resolution 990,6231]
12597. product(e_1,e_2,X0) | equalish(X0,e_1) | ~group_element(e_1) | product(e_4,e_1,e_1) | ~group_element(X0) | product(e_3,e_1,e_1) | product(e_1,e_3,X0) | product(e_1,e_4,X0) <- (~69) [resolution 990,858]
12598. equalish(e_2,e_1) | ~group_element(e_1) | product(e_4,e_1,e_1) | product(e_3,e_1,e_1) <- (~69, 97) [resolution 990,1294]
12600. ~group_element(e_1) | product(e_4,e_1,e_1) | product(e_3,e_1,e_1) <- (~69, 180) [resolution 990,5542]
12912. ~group_element(e_4) | product(e_1,e_4,e_4) | product(e_1,e_3,e_4) <- (~79, 159) [subsumption resolution 10895,11]
12913. product(e_1,e_4,e_4) | product(e_1,e_3,e_4) <- (~79, 159) [subsumption resolution 12912,8]
12914. 106 | 105 | 79 | ~159 [avatar split clause 12913,5284,1132,1852,1856]
12997. product(e_1,e_2,X0) | product(e_1,e_1,e_3) | product(e_1,e_1,e_4) | equalish(X0,e_1) | ~group_element(X0) | ~group_element(e_1) | product(e_1,e_3,X0) | product(e_1,e_4,X0) <- (~87) [resolution 1248,548]
13004. ~group_element(e_1) | product(e_1,e_1,e_3) | product(e_1,e_1,e_4) <- (~87, 165) [resolution 1248,5391]
13012. product(e_1,X0,e_2) | equalish(X0,e_1) | product(e_1,e_1,e_4) | ~group_element(e_1) | product(e_1,e_1,e_3) | ~group_element(X0) | ~group_element(e_1) | product(e_1,X0,e_3) | product(e_1,X0,e_4) <- (~87) [resolution 1248,196]
13062. product(e_1,X0,e_2) | equalish(X0,e_1) | product(e_1,e_1,e_4) | ~group_element(e_1) | product(e_1,e_1,e_3) | ~group_element(X0) | product(e_1,X0,e_3) | product(e_1,X0,e_4) <- (~87) [duplicate literal removal 13012]
13103. product(e_1,e_1,e_3) | product(e_1,e_1,e_4) <- (~87, 165) [subsumption resolution 13004,5]
13104. 93 | 94 | 87 | ~165 [avatar split clause 13103,5390,1247,1279,1275]
13135. product(e_4,e_1,e_1) | product(e_3,e_1,e_1) <- (~69, 180) [subsumption resolution 12600,5]
13136. product(e_3,e_1,e_1) <- (~63, ~69, 180) [subsumption resolution 13135,957]
13137. 62 | 63 | 69 | ~180 [avatar split clause 13136,5541,989,956,952]
13138. ~group_element(e_1) | product(e_4,e_1,e_1) | product(e_3,e_1,e_1) <- (~69, 97) [subsumption resolution 12598,12]
13139. product(e_4,e_1,e_1) | product(e_3,e_1,e_1) <- (~69, 97) [subsumption resolution 13138,5]
13140. product(e_3,e_1,e_1) <- (~63, ~69, 97) [subsumption resolution 13139,957]
13141. 62 | 63 | 69 | ~97 [avatar split clause 13140,1293,989,956,952]
13190. product(e_1,X0,e_2) | equalish(X0,e_1) | ~group_element(e_1) | product(e_1,e_1,e_3) | ~group_element(X0) | product(e_1,X0,e_3) | product(e_1,X0,e_4) <- (~87, ~93) [subsumption resolution 13062,1276]
13191. product(e_1,X0,e_2) | equalish(X0,e_1) | product(e_1,e_1,e_3) | ~group_element(X0) | product(e_1,X0,e_3) | product(e_1,X0,e_4) <- (~87, ~93) [subsumption resolution 13190,5]
13192. 94 | 173 | 87 | 93 [avatar split clause 13191,1275,1247,5466,1279]
13232. product(X0,e_1,e_2) | product(X0,e_1,e_3) | ~group_element(X0) | product(X0,e_1,e_4) | product(e_2,e_1,X1) | product(e_3,e_1,X1) | product(e_4,e_1,X1) | product(X0,e_1,X1) | ~group_element(X1) <- (179) [subsumption resolution 12042,5]
13233. 239 | ~179 [avatar split clause 13232,5520,6050]
13327. product(e_2,e_1,X0) | product(e_3,e_1,X0) | product(e_4,e_1,X0) | ~group_element(X0) <- (74) [subsumption resolution 10046,5]
13328. 180 | ~74 [avatar split clause 13327,1045,5541]
13446. 368 <=> ! [X1] : (product(e_2,e_2,X1) | ~group_element(X1) | product(e_4,e_2,X1) | product(e_3,e_2,X1)) [avatar definition]
13447. product(e_2,e_2,X1) | ~group_element(X1) | product(e_4,e_2,X1) | product(e_3,e_2,X1) <- (368) [avatar component clause 13446]
13477. 240 | ~179 [avatar split clause 12102,5520,6055]
13478. product(X0,e_1,e_2) | product(X0,e_1,e_3) | ~group_element(X0) | product(X0,e_1,e_4) | product(e_1,X1,e_2) | product(e_1,X1,e_3) | product(e_1,X1,e_4) | ~group_element(X1) | equalish(X0,X1) <- (179) [subsumption resolution 12043,5]
13479. 238 | ~179 [avatar split clause 13478,5520,6045]
13578. ~product(e_2,e_4,X0) | equalish(X0,e_1) <- (76) [resolution 1120,22]
13649. ~group_element(e_1) | product(e_2,e_1,X0) | product(e_3,e_1,X0) | product(e_4,e_1,X0) | product(e_4,e_1,X0) | ~group_element(X0) <- (73) [resolution 1043,27]
13666. ~group_element(e_1) | product(e_2,e_1,X0) | product(e_3,e_1,X0) | product(e_4,e_1,X0) | ~group_element(X0) <- (73) [duplicate literal removal 13649]
13672. product(e_2,e_1,X0) | product(e_3,e_1,X0) | product(e_4,e_1,X0) | ~group_element(X0) <- (73) [subsumption resolution 13666,5]
13673. 180 | ~73 [avatar split clause 13672,1041,5541]
13853. product(e_1,e_2,X0) | equalish(X0,e_1) | product(e_4,e_1,e_1) | ~group_element(X0) | product(e_3,e_1,e_1) | product(e_1,e_3,X0) | product(e_1,e_4,X0) <- (~69) [subsumption resolution 12597,5]
13854. product(e_1,e_2,X0) | equalish(X0,e_1) | ~group_element(X0) | product(e_3,e_1,e_1) | product(e_1,e_3,X0) | product(e_1,e_4,X0) <- (~63, ~69) [subsumption resolution 13853,957]
13855. product(e_1,e_2,X0) | equalish(X0,e_1) | ~group_element(X0) | product(e_1,e_3,X0) | product(e_1,e_4,X0) <- (~62, ~63, ~69) [subsumption resolution 13854,953]
13856. 223 | 62 | 63 | 69 [avatar split clause 13855,989,956,952,5918]
13857. product(e_1,e_2,X0) | product(e_1,e_1,e_4) | equalish(X0,e_1) | ~group_element(X0) | ~group_element(e_1) | product(e_1,e_3,X0) | product(e_1,e_4,X0) <- (~87, ~94) [subsumption resolution 12997,1280]
13858. product(e_1,e_2,X0) | equalish(X0,e_1) | ~group_element(X0) | ~group_element(e_1) | product(e_1,e_3,X0) | product(e_1,e_4,X0) <- (~87, ~93, ~94) [subsumption resolution 13857,1276]
13859. product(e_1,e_2,X0) | equalish(X0,e_1) | ~group_element(X0) | product(e_1,e_3,X0) | product(e_1,e_4,X0) <- (~87, ~93, ~94) [subsumption resolution 13858,5]
13860. 223 | 87 | 93 | 94 [avatar split clause 13859,1279,1275,1247,5918]
13938. equalish(e_1,X0) | ~group_element(X0) | product(e_4,e_1,X0) | product(e_3,e_1,X0) | ~group_element(X1) | product(e_2,X1,X0) | product(e_3,X1,X0) | product(e_4,X1,X0) | product(X1,e_2,e_1) | ~group_element(X0) <- (171) [resolution 5448,28]
13940. equalish(e_1,X0) | ~group_element(X0) | product(e_4,e_1,X0) | product(e_3,e_1,X0) | ~group_element(X1) | product(X1,e_2,X0) | product(X1,e_3,X0) | product(X1,e_4,X0) | ~group_element(X0) | equalish(e_2,X1) <- (171) [resolution 5448,35]
13963. equalish(e_1,X0) | ~group_element(X0) | product(e_4,e_1,X0) | product(e_3,e_1,X0) | ~group_element(X1) | product(X1,e_2,X0) | product(X1,e_3,X0) | product(X1,e_4,X0) | equalish(e_2,X1) <- (171) [duplicate literal removal 13940]
13964. equalish(e_1,X0) | ~group_element(X0) | product(e_4,e_1,X0) | product(e_3,e_1,X0) | ~group_element(X1) | product(e_2,X1,X0) | product(e_3,X1,X0) | product(e_4,X1,X0) | product(X1,e_2,e_1) <- (171) [duplicate literal removal 13938]
13980. ~product(e_1,e_1,X0) | equalish(X0,e_1) <- (104) [resolution 1850,22]
13999. equalish(X0,e_1) | product(e_1,X0,e_4) | product(e_1,X0,e_3) | ~group_element(X0) | ~group_element(X1) | product(e_2,X1,e_2) | product(e_3,X1,e_2) | product(e_4,X1,e_2) | ~group_element(e_2) | equalish(X0,X1) <- (173) [resolution 5467,30]
14109. equalish(e_4,e_1) | product(e_1,e_3,e_4) | ~group_element(e_4) | product(e_1,e_4,e_4) <- (~79, 223) [resolution 5919,1133]
14360. product(e_2,e_2,e_2) | product(e_2,e_2,e_4) | product(e_2,e_2,e_3) | ~group_element(e_2) [factoring 9483]
14505. equalish(e_1,e_4) <- (129, 163) [resolution 9197,4039]
14545. $false <- (129, 163) [subsumption resolution 14505,11]
14546. ~129 | ~163 [avatar contradiction clause 14545]
14549. 370 <=> product(e_4,e_4,e_3) [avatar definition]
14550. ~product(e_4,e_4,e_3) <- (~370) [avatar component clause 14549]
14551. product(e_4,e_4,e_3) <- (370) [avatar component clause 14549]
14574. ~product(e_4,X0,e_3) | equalish(X0,e_4) <- (370) [resolution 14551,23]
14577. ~group_element(e_4) | product(e_2,e_4,e_4) | product(e_3,e_4,e_4) | product(e_4,e_4,e_4) | ~group_element(e_4) | product(e_4,e_1,e_3) <- (370) [resolution 14551,26]
14584. ~group_element(e_4) | product(e_2,e_4,e_4) | product(e_3,e_4,e_4) | product(e_4,e_4,e_4) | product(e_4,e_1,e_3) <- (370) [duplicate literal removal 14577]
14764. equalish(X0,e_1) | product(e_1,X0,e_4) | product(e_1,X0,e_3) | ~group_element(X0) | ~group_element(X1) | product(e_2,X1,e_2) | product(e_3,X1,e_2) | product(e_4,X1,e_2) | equalish(X0,X1) <- (173) [subsumption resolution 13999,6]
14765. 260 | ~173 [avatar split clause 14764,5466,6178]
14813. equalish(e_2,e_1) <- (40, 59) [resolution 2133,763]
14889. equalish(e_2,e_1) | product(e_2,e_2,X0) | product(e_2,e_2,X0) | product(e_2,e_4,e_2) | ~group_element(e_2) | product(e_2,e_3,e_2) | ~group_element(X0) | ~group_element(e_2) | product(e_3,e_2,X0) | product(e_4,e_2,X0) <- (59) [resolution 2133,290]
14918. equalish(e_2,e_1) | product(e_2,e_2,X0) | product(e_2,e_4,e_2) | ~group_element(e_2) | product(e_2,e_3,e_2) | ~group_element(X0) | product(e_3,e_2,X0) | product(e_4,e_2,X0) <- (59) [duplicate literal removal 14889]
14933. $false <- (40, 59) [subsumption resolution 14813,12]
14934. ~40 | ~59 [avatar contradiction clause 14933]
14978. product(e_2,e_2,X0) | product(e_2,e_4,e_2) | ~group_element(e_2) | product(e_2,e_3,e_2) | ~group_element(X0) | product(e_3,e_2,X0) | product(e_4,e_2,X0) <- (59) [subsumption resolution 14918,12]
14979. product(e_2,e_2,X0) | product(e_2,e_4,e_2) | product(e_2,e_3,e_2) | ~group_element(X0) | product(e_3,e_2,X0) | product(e_4,e_2,X0) <- (59) [subsumption resolution 14978,6]
14980. product(e_2,e_2,X0) | product(e_2,e_4,e_2) | ~group_element(X0) | product(e_3,e_2,X0) | product(e_4,e_2,X0) <- (~44, 59) [subsumption resolution 14979,781]
14981. 43 | 368 | 44 | ~59 [avatar split clause 14980,939,780,13446,776]
15146. ~group_element(e_4) | product(e_4,e_2,e_2) | product(e_4,e_2,e_3) | product(e_4,e_2,e_4) | product(e_1,e_4,e_1) | ~group_element(e_2) <- (57) [resolution 933,39]
15411. equalish(e_2,e_1) <- (101, 125) [resolution 9385,3033]
15472. $false <- (101, 125) [subsumption resolution 15411,12]
15473. ~101 | ~125 [avatar contradiction clause 15472]
15528. product(e_4,e_2,e_2) | product(e_4,e_2,e_3) | product(e_4,e_2,e_4) | product(e_1,e_4,e_1) | ~group_element(e_2) <- (57) [subsumption resolution 15146,8]
15529. product(e_4,e_2,e_2) | product(e_4,e_2,e_3) | product(e_4,e_2,e_4) | ~group_element(e_2) <- (57, ~73) [subsumption resolution 15528,1042]
15530. product(e_4,e_2,e_2) | product(e_4,e_2,e_3) | product(e_4,e_2,e_4) <- (57, ~73) [subsumption resolution 15529,6]
15531. 125 | 134 | 19 | ~57 | 73 [avatar split clause 15530,1041,931,510,4768,3031]
15815. ~group_element(e_4) | ~group_element(e_4) | product(e_2,e_4,e_4) | product(e_3,e_4,e_4) | product(e_4,e_4,e_4) <- (~105) [resolution 1853,1]
15822. ~group_element(e_4) | product(e_2,e_4,e_4) | product(e_3,e_4,e_4) | product(e_4,e_4,e_4) <- (~105) [duplicate literal removal 15815]
15955. equalish(e_3,e_1) <- (101, 140) [resolution 5155,9385]
15956. product(e_3,X0,e_4) | ~product(X0,e_4,e_4) <- (140) [resolution 5155,3]
15970. $false <- (101, 140) [subsumption resolution 15955,15]
15971. ~101 | ~140 [avatar contradiction clause 15970]
16045. product(e_4,e_1,e_3) | product(e_4,e_1,e_4) | equalish(e_1,e_4) <- (~89, 266) [subsumption resolution 11054,8]
16046. product(e_4,e_1,e_4) | equalish(e_1,e_4) <- (~89, 266, 370) [subsumption resolution 16045,14574]
16047. product(e_4,e_1,e_4) <- (~89, 266, 370) [subsumption resolution 16046,11]
16048. 101 | 89 | ~266 | ~370 [avatar split clause 16047,14549,6247,1257,1317]
16111. product(e_1,X0,e_4) | ~product(X0,e_4,e_2) <- (89) [resolution 1259,3]
16375. equalish(e_4,e_1) <- (77, 142) [resolution 9952,5163]
16458. $false <- (77, 142) [subsumption resolution 16375,18]
16459. ~77 | ~142 [avatar contradiction clause 16458]
16465. product(e_2,e_2,X0) | product(e_3,e_2,X0) | product(e_2,e_3,e_1) | product(e_4,e_2,X0) | ~group_element(X0) | product(e_3,e_3,X0) <- (142) [subsumption resolution 9910,11717]
16467. 410 <=> ! [X0] : (product(e_2,e_2,X0) | product(e_3,e_3,X0) | ~group_element(X0) | product(e_4,e_2,X0) | product(e_3,e_2,X0)) [avatar definition]
16468. product(e_2,e_2,X0) | product(e_3,e_3,X0) | ~group_element(X0) | product(e_4,e_2,X0) | product(e_3,e_2,X0) <- (410) [avatar component clause 16467]
16469. 77 | 410 | ~142 [avatar split clause 16465,5161,16467,1122]
16540. equalish(e_4,e_1) <- (76, 232) [resolution 13578,6006]
16542. equalish(e_2,e_1) | equalish(e_1,e_4) | ~group_element(e_4) | product(e_2,e_4,e_4) | product(e_2,e_4,e_3) <- (66, 76) [resolution 13578,973]
16631. $false <- (76, 232) [subsumption resolution 16540,18]
16632. ~76 | ~232 [avatar contradiction clause 16631]
16653. equalish(e_1,e_4) | ~group_element(e_4) | product(e_2,e_4,e_4) | product(e_2,e_4,e_3) <- (66, 76) [subsumption resolution 16542,12]
16654. ~group_element(e_4) | product(e_2,e_4,e_4) | product(e_2,e_4,e_3) <- (66, 76) [subsumption resolution 16653,11]
16655. product(e_2,e_4,e_4) | product(e_2,e_4,e_3) <- (66, 76) [subsumption resolution 16654,8]
16656. 233 | 232 | ~66 | ~76 [avatar split clause 16655,1118,972,6004,6008]
16657. product(e_2,e_4,e_4) | product(e_3,e_4,e_4) | product(e_4,e_4,e_4) <- (~105) [subsumption resolution 15822,8]
16658. product(e_2,e_4,e_4) | product(e_3,e_4,e_4) <- (~105, 140) [subsumption resolution 16657,15956]
16659. 321 | 232 | 105 | ~140 [avatar split clause 16658,5153,1852,6004,9182]
16661. product(e_2,e_4,e_4) | product(e_3,e_4,e_4) | product(e_4,e_4,e_4) | product(e_4,e_1,e_3) <- (370) [subsumption resolution 14584,8]
16662. product(e_2,e_4,e_4) | product(e_3,e_4,e_4) | product(e_4,e_1,e_3) <- (140, 370) [subsumption resolution 16661,15956]
16663. 102 | 321 | 232 | ~140 | ~370 [avatar split clause 16662,14549,5153,6004,9182,1321]
16670. ~product(e_3,e_4,X0) | equalish(X0,e_4) <- (321) [resolution 9184,22]
16847. equalish(e_3,e_1) <- (76, 233) [resolution 6010,13578]
16860. $false <- (76, 233) [subsumption resolution 16847,15]
16861. ~76 | ~233 [avatar contradiction clause 16860]
16878. product(e_2,e_3,e_1) | product(e_2,e_4,e_1) | equalish(e_1,e_2) <- (~46, 95) [subsumption resolution 11319,6]
16879. product(e_2,e_4,e_1) | equalish(e_1,e_2) <- (~46, ~77, 95) [subsumption resolution 16878,1123]
16880. product(e_2,e_4,e_1) <- (~46, ~77, 95) [subsumption resolution 16879,9]
16881. 76 | 46 | 77 | ~95 [avatar split clause 16880,1283,1122,791,1118]
17160. product(e_2,e_1,X0) | product(e_1,e_2,e_2) | product(e_4,e_1,X0) | product(e_3,e_1,X0) | ~group_element(X0) | ~group_element(e_1) | product(e_1,e_2,e_3) | product(e_1,e_2,e_4) [subsumption resolution 8499,6]
17161. product(e_2,e_1,X0) | product(e_1,e_2,e_2) | product(e_4,e_1,X0) | product(e_3,e_1,X0) | ~group_element(X0) | product(e_1,e_2,e_3) | product(e_1,e_2,e_4) [subsumption resolution 17160,5]
17171. product(e_1,e_2,e_2) | product(e_1,e_2,e_3) | product(e_1,e_2,e_4) <- (~69, 265) [subsumption resolution 12579,6]
17172. product(e_1,e_2,e_2) | product(e_1,e_2,e_3) <- (~69, ~79, 265) [subsumption resolution 17171,1133]
17173. 80 | 36 | 69 | 79 | ~265 [avatar split clause 17172,6230,1132,989,740,1136]
17248. ~product(e_1,e_2,X0) | equalish(X0,e_3) <- (80) [resolution 1138,22]
17249. ~product(e_1,X0,e_3) | equalish(X0,e_2) <- (80) [resolution 1138,23]
17250. ~product(X0,e_2,e_3) | equalish(X0,e_1) <- (80) [resolution 1138,24]
17269. equalish(e_1,e_4) | product(e_4,e_4,e_1) | product(e_3,e_4,e_1) | ~group_element(e_4) <- (~76, 113) [resolution 1119,2932]
17351. product(e_1,e_1,e_2) | product(e_1,e_1,e_3) | product(e_1,e_1,e_4) | ~group_element(e_1) | product(e_1,e_1,e_4) | product(e_1,e_1,e_3) <- (177) [factoring 5493]
17352. product(e_1,e_1,e_2) | product(e_1,e_1,e_3) | product(e_1,e_1,e_4) | ~group_element(e_1) <- (177) [duplicate literal removal 17351]
17425. product(e_1,e_1,e_3) | product(e_1,e_1,e_4) | ~group_element(e_1) <- (~87, 177) [subsumption resolution 17352,1248]
17426. product(e_1,e_1,e_4) | ~group_element(e_1) <- (~87, ~94, 177) [subsumption resolution 17425,1280]
17427. ~group_element(e_1) <- (~87, ~93, ~94, 177) [subsumption resolution 17426,1276]
17428. $false <- (~87, ~93, ~94, 177) [subsumption resolution 17427,5]
17429. 87 | 93 | 94 | ~177 [avatar contradiction clause 17428]
17531. product(e_2,X0,e_4) | ~product(X0,e_4,e_4) <- (125) [resolution 3033,3]
17536. ~product(e_2,e_4,X0) | product(e_4,e_4,X0) <- (125) [resolution 3033,25]
17641. product(e_1,e_1,e_2) | product(e_1,e_1,e_3) | product(e_1,e_1,e_4) | equalish(e_2,e_1) | ~group_element(e_2) | ~group_element(e_1) | product(e_1,e_3,e_2) | product(e_1,e_4,e_2) <- (~36) [resolution 741,548]
17666. product(e_1,e_1,e_2) | product(e_1,e_1,e_3) | product(e_1,e_1,e_4) | equalish(e_2,e_1) | ~group_element(e_2) | ~group_element(e_1) | product(e_1,e_4,e_2) <- (~36, 84) [subsumption resolution 17641,4901]
17667. product(e_1,e_1,e_2) | product(e_1,e_1,e_3) | product(e_1,e_1,e_4) | equalish(e_2,e_1) | ~group_element(e_2) | ~group_element(e_1) <- (~36, 84, 89) [subsumption resolution 17666,16111]
17668. product(e_1,e_1,e_3) | product(e_1,e_1,e_4) | equalish(e_2,e_1) | ~group_element(e_2) | ~group_element(e_1) <- (~36, 84, 89, 104) [subsumption resolution 17667,13980]
17669. product(e_1,e_1,e_4) | equalish(e_2,e_1) | ~group_element(e_2) | ~group_element(e_1) <- (~36, 84, 89, ~94, 104) [subsumption resolution 17668,1280]
17670. equalish(e_2,e_1) | ~group_element(e_2) | ~group_element(e_1) <- (~36, 84, 89, ~93, ~94, 104) [subsumption resolution 17669,1276]
17671. ~group_element(e_2) | ~group_element(e_1) <- (~36, 84, 89, ~93, ~94, 104) [subsumption resolution 17670,12]
17672. ~group_element(e_1) <- (~36, 84, 89, ~93, ~94, 104) [subsumption resolution 17671,6]
17673. $false <- (~36, 84, 89, ~93, ~94, 104) [subsumption resolution 17672,5]
17674. 36 | ~84 | ~89 | 93 | 94 | ~104 [avatar contradiction clause 17673]
17771. product(e_1,X0,e_4) | ~product(X0,e_4,e_3) <- (102) [resolution 1323,3]
17845. ~product(e_4,e_2,X0) | product(e_2,e_2,X0) <- (43) [resolution 778,25]
18638. equalish(e_4,e_2) <- (80, 167) [resolution 17249,5417]
18695. $false <- (80, 167) [subsumption resolution 18638,19]
18696. ~80 | ~167 [avatar contradiction clause 18695]
18738. ~group_element(e_3) | ~group_element(e_4) | product(e_2,e_4,e_3) | product(e_3,e_4,e_3) | product(e_4,e_4,e_3) <- (~167) [resolution 5416,1]
18746. ~group_element(e_4) | product(e_2,e_4,e_3) | product(e_3,e_4,e_3) | product(e_4,e_4,e_3) <- (~167) [subsumption resolution 18738,7]
18747. product(e_2,e_4,e_3) | product(e_3,e_4,e_3) | product(e_4,e_4,e_3) <- (~167) [subsumption resolution 18746,8]
18748. product(e_3,e_4,e_3) | product(e_4,e_4,e_3) <- (125, ~167) [subsumption resolution 18747,17536]
18749. product(e_3,e_4,e_3) <- (125, ~167, ~370) [subsumption resolution 18748,14550]
18750. 264 | ~125 | 167 | 370 [avatar split clause 18749,14549,5415,3031,6203]
18751. equalish(e_3,e_4) <- (264, 321) [resolution 6205,16670]
18755. ~product(e_3,X0,e_3) | equalish(X0,e_4) <- (264) [resolution 6205,23]
18766. $false <- (264, 321) [subsumption resolution 18751,17]
18767. ~264 | ~321 [avatar contradiction clause 18766]
18780. product(e_2,e_4,e_4) | product(e_3,e_4,e_4) <- (~105, 125) [subsumption resolution 16657,17531]
18781. product(e_3,e_4,e_4) <- (~105, 125, ~232) [subsumption resolution 18780,6005]
18782. 321 | 105 | ~125 | 232 [avatar split clause 18781,6004,3031,1852,9182]
18864. ~product(e_4,e_1,X0) | equalish(X0,e_1) <- (63) [resolution 958,22]
18913. product(e_4,X0,e_1) | ~product(X0,e_1,e_1) <- (73) [resolution 1043,3]
18977. product(e_4,e_4,e_1) | product(e_3,e_4,e_1) | ~group_element(e_4) <- (~76, 113) [subsumption resolution 17269,11]
19078. ~group_element(e_1) | product(e_4,e_1,e_1) | product(e_3,e_1,e_1) | ~group_element(X0) | product(X0,e_1,e_2) | product(X0,e_1,e_3) | product(X0,e_1,e_4) | ~group_element(e_1) | equalish(e_2,X0) <- (180) [resolution 5542,41]
19079. ~group_element(e_1) | product(e_4,e_1,e_1) | product(e_3,e_1,e_1) | ~group_element(X0) | product(X0,e_1,e_2) | product(X0,e_1,e_3) | product(X0,e_1,e_4) | equalish(e_2,X0) <- (180) [duplicate literal removal 19078]
19154. ~product(e_4,e_4,X0) | product(e_4,e_1,X0) <- (105) [resolution 1854,25]
19245. equalish(e_2,e_3) <- (36, 80) [resolution 742,17248]
19266. $false <- (36, 80) [subsumption resolution 19245,13]
19267. ~36 | ~80 [avatar contradiction clause 19266]
19725. equalish(e_4,e_1) <- (80, 134) [resolution 17250,4770]
19726. equalish(e_3,e_1) <- (8, 80) [resolution 17250,462]
19797. $false <- (80, 134) [subsumption resolution 19725,18]
19798. ~80 | ~134 [avatar contradiction clause 19797]
19799. $false <- (8, 80) [subsumption resolution 19726,15]
19800. ~8 | ~80 [avatar contradiction clause 19799]
19873. product(e_1,e_1,e_2) | product(e_1,e_1,e_3) | product(e_1,e_1,e_4) | equalish(e_3,e_1) | ~group_element(e_3) | ~group_element(e_1) | product(e_1,e_3,e_3) | product(e_1,e_4,e_3) <- (~80) [resolution 1137,548]
19891. product(e_1,e_1,e_2) | product(e_1,e_1,e_3) | product(e_1,e_1,e_4) | equalish(e_3,e_1) | ~group_element(e_3) | ~group_element(e_1) | product(e_1,e_4,e_3) <- (~80, 83) [subsumption resolution 19873,10422]
19892. product(e_1,e_1,e_2) | product(e_1,e_1,e_3) | product(e_1,e_1,e_4) | equalish(e_3,e_1) | ~group_element(e_3) | ~group_element(e_1) <- (~80, 83, 102) [subsumption resolution 19891,17771]
19893. product(e_1,e_1,e_2) | product(e_1,e_1,e_4) | equalish(e_3,e_1) | ~group_element(e_3) | ~group_element(e_1) <- (~80, 83, 102, 104) [subsumption resolution 19892,13980]
19894. product(e_1,e_1,e_4) | equalish(e_3,e_1) | ~group_element(e_3) | ~group_element(e_1) <- (~80, 83, ~87, 102, 104) [subsumption resolution 19893,1248]
19895. equalish(e_3,e_1) | ~group_element(e_3) | ~group_element(e_1) <- (~80, 83, ~87, ~93, 102, 104) [subsumption resolution 19894,1276]
19896. ~group_element(e_3) | ~group_element(e_1) <- (~80, 83, ~87, ~93, 102, 104) [subsumption resolution 19895,15]
19897. ~group_element(e_1) <- (~80, 83, ~87, ~93, 102, 104) [subsumption resolution 19896,7]
19898. $false <- (~80, 83, ~87, ~93, 102, 104) [subsumption resolution 19897,5]
19899. 80 | ~83 | 87 | 93 | ~102 | ~104 [avatar contradiction clause 19898]
19921. product(e_1,e_1,e_2) | product(e_1,e_1,e_4) | equalish(e_3,e_1) | ~group_element(e_3) | ~group_element(e_1) | product(e_1,e_4,e_3) <- (~80, 83, 104) [subsumption resolution 19891,13980]
19922. product(e_1,e_1,e_4) | equalish(e_3,e_1) | ~group_element(e_3) | ~group_element(e_1) | product(e_1,e_4,e_3) <- (~80, 83, ~87, 104) [subsumption resolution 19921,1248]
19923. equalish(e_3,e_1) | ~group_element(e_3) | ~group_element(e_1) | product(e_1,e_4,e_3) <- (~80, 83, ~87, ~93, 104) [subsumption resolution 19922,1276]
19924. ~group_element(e_3) | ~group_element(e_1) | product(e_1,e_4,e_3) <- (~80, 83, ~87, ~93, 104) [subsumption resolution 19923,15]
19925. ~group_element(e_1) | product(e_1,e_4,e_3) <- (~80, 83, ~87, ~93, 104) [subsumption resolution 19924,7]
19926. product(e_1,e_4,e_3) <- (~80, 83, ~87, ~93, 104) [subsumption resolution 19925,5]
19927. $false <- (~80, 83, ~87, ~93, 104, ~167) [subsumption resolution 19926,5416]
19928. 80 | ~83 | 87 | 93 | ~104 | 167 [avatar contradiction clause 19927]
20056. ~product(e_1,X0,e_3) | equalish(X0,e_2) <- (80) [resolution 1138,23]
21074. product(e_4,e_4,e_1) | product(e_3,e_4,e_1) <- (~76, 113) [subsumption resolution 18977,8]
21075. 85 | 129 | 76 | ~113 [avatar split clause 21074,2931,1118,4037,1167]
21727. equalish(e_1,e_4) <- (83, 264) [resolution 18755,1158]
21796. $false <- (83, 264) [subsumption resolution 21727,11]
21797. ~83 | ~264 [avatar contradiction clause 21796]
22306. product(e_3,e_1,e_3) | product(e_4,e_4,e_3) | product(e_4,e_3,e_3) | ~group_element(e_4) | equalish(e_2,e_4) | equalish(e_1,e_3) | ~group_element(e_3) | product(e_4,e_1,e_3) <- (~134, 211) [resolution 5813,4769]
22347. product(X0,e_2,e_1) | ~product(e_2,X0,e_2) <- (46) [resolution 793,4]
23021. equalish(e_3,e_1) <- (63, 102) [resolution 18864,1323]
23035. equalish(e_2,e_1) | ~group_element(e_4) | product(e_4,e_1,e_3) | product(e_4,e_1,e_4) | equalish(e_1,e_4) <- (63, 266) [resolution 18864,6248]
23081. $false <- (63, 102) [subsumption resolution 23021,15]
23082. ~63 | ~102 [avatar contradiction clause 23081]
23301. ~group_element(e_4) | product(e_4,e_1,e_3) | product(e_4,e_1,e_4) | equalish(e_1,e_4) <- (63, 266) [subsumption resolution 23035,12]
23302. product(e_4,e_1,e_3) | product(e_4,e_1,e_4) | equalish(e_1,e_4) <- (63, 266) [subsumption resolution 23301,8]
23303. product(e_4,e_1,e_3) | equalish(e_1,e_4) <- (63, ~101, 266) [subsumption resolution 23302,1318]
23304. product(e_4,e_1,e_3) <- (63, ~101, 266) [subsumption resolution 23303,11]
23305. 102 | ~63 | 101 | ~266 [avatar split clause 23304,6247,1317,956,1321]
23422. product(e_3,e_1,e_3) | product(e_4,e_3,e_3) | ~group_element(e_4) | equalish(e_2,e_4) | equalish(e_1,e_3) | ~group_element(e_3) | product(e_4,e_1,e_3) <- (105, ~134, 211) [subsumption resolution 22306,19154]
23423. product(e_4,e_3,e_3) | ~group_element(e_4) | equalish(e_2,e_4) | equalish(e_1,e_3) | ~group_element(e_3) | product(e_4,e_1,e_3) <- (~83, 105, ~134, 211) [subsumption resolution 23422,1157]
23424. product(e_4,e_3,e_3) | equalish(e_2,e_4) | equalish(e_1,e_3) | ~group_element(e_3) | product(e_4,e_1,e_3) <- (~83, 105, ~134, 211) [subsumption resolution 23423,8]
23425. product(e_4,e_3,e_3) | equalish(e_1,e_3) | ~group_element(e_3) | product(e_4,e_1,e_3) <- (~83, 105, ~134, 211) [subsumption resolution 23424,14]
23426. product(e_4,e_3,e_3) | ~group_element(e_3) | product(e_4,e_1,e_3) <- (~83, 105, ~134, 211) [subsumption resolution 23425,10]
23427. product(e_4,e_3,e_3) | product(e_4,e_1,e_3) <- (~83, 105, ~134, 211) [subsumption resolution 23426,7]
23428. product(e_4,e_3,e_3) <- (~83, ~102, 105, ~134, 211) [subsumption resolution 23427,1322]
23429. 176 | 83 | 102 | ~105 | 134 | ~211 [avatar split clause 23428,5812,4768,1852,1321,1156,5482]
23494. ~product(X0,e_1,e_3) | equalish(X0,e_1) <- (94) [resolution 1281,24]
24511. product(e_1,e_3,e_4) | ~group_element(e_4) | product(e_1,e_4,e_4) <- (~79, 223) [subsumption resolution 14109,18]
24512. product(e_1,e_3,e_4) | product(e_1,e_4,e_4) <- (~79, 223) [subsumption resolution 24511,8]
24513. 105 | 106 | 79 | ~223 [avatar split clause 24512,5918,1132,1856,1852]
24571. product(e_2,e_3,e_2) | product(e_2,e_3,e_3) | product(e_2,e_3,e_4) | product(e_3,e_2,e_1) | ~group_element(e_3) <- (11) [subsumption resolution 11034,6]
24572. product(e_2,e_3,e_3) | product(e_2,e_3,e_4) | product(e_3,e_2,e_1) | ~group_element(e_3) <- (11, 46) [subsumption resolution 24571,22347]
24573. product(e_2,e_3,e_3) | product(e_3,e_2,e_1) | ~group_element(e_3) <- (11, 46, ~142) [subsumption resolution 24572,5162]
24574. product(e_2,e_3,e_3) | ~group_element(e_3) <- (11, ~22, 46, ~142) [subsumption resolution 24573,526]
24575. product(e_2,e_3,e_3) <- (11, ~22, 46, ~142) [subsumption resolution 24574,7]
24576. 323 | ~11 | 22 | ~46 | 142 [avatar split clause 24575,5161,791,525,474,9191]
24608. product(e_1,e_3,e_3) | ~group_element(e_3) | product(e_4,e_3,e_3) | product(e_3,e_3,e_3) | equalish(e_2,e_3) | equalish(e_1,e_3) | ~group_element(e_3) | product(e_1,e_3,e_4) <- (257, ~323) [resolution 9192,6163]
24629. product(e_1,e_3,e_3) | ~group_element(e_3) | product(e_4,e_3,e_3) | product(e_3,e_3,e_3) | equalish(e_2,e_3) | equalish(e_1,e_3) | product(e_1,e_3,e_4) <- (257, ~323) [duplicate literal removal 24608]
24676. product(e_3,X0,e_1) | ~product(X0,e_1,e_4) <- (106) [resolution 1858,3]
24686. ~group_element(e_4) | product(e_4,e_1,e_2) | product(e_4,e_1,e_3) | product(e_4,e_1,e_4) | product(e_3,e_4,e_1) | ~group_element(e_1) <- (106) [resolution 1858,39]
24691. product(e_4,e_1,e_2) | product(e_4,e_1,e_3) | product(e_4,e_1,e_4) | product(e_3,e_4,e_1) | ~group_element(e_1) <- (106) [subsumption resolution 24686,8]
24739. 520 <=> ! [X0] : (product(X0,e_1,e_2) | product(X0,e_1,e_4) | ~group_element(X0) | equalish(X0,e_1)) [avatar definition]
24740. product(X0,e_1,e_2) | product(X0,e_1,e_4) | ~group_element(X0) | equalish(X0,e_1) <- (520) [avatar component clause 24739]
24802. product(e_4,e_1,e_2) | product(e_4,e_1,e_4) | product(e_3,e_4,e_1) | ~group_element(e_1) <- (~102, 106) [subsumption resolution 24691,1322]
24803. product(e_4,e_1,e_2) | product(e_3,e_4,e_1) | ~group_element(e_1) <- (~102, 106) [subsumption resolution 24802,24676]
24804. product(e_4,e_1,e_2) | ~group_element(e_1) <- (~85, ~102, 106) [subsumption resolution 24803,1168]
24805. product(e_4,e_1,e_2) <- (~85, ~102, 106) [subsumption resolution 24804,5]
24806. 89 | 85 | 102 | ~106 [avatar split clause 24805,1856,1321,1167,1257]
24808. product(X0,e_1,e_2) | equalish(X0,e_1) | ~group_element(X0) | product(X0,e_1,e_4) <- (94, 178) [subsumption resolution 5501,23494]
24809. 520 | ~94 | ~178 [avatar split clause 24808,5500,1279,24739]
24877. product(e_2,e_2,e_4) | product(e_2,e_2,e_3) | ~group_element(e_2) <- (~40) [subsumption resolution 14360,762]
24878. product(e_2,e_2,e_4) | product(e_2,e_2,e_3) <- (~40) [subsumption resolution 24877,6]
24879. 135 | 126 | 40 [avatar split clause 24878,761,3035,4772]
24952. product(e_2,X0,e_1) | product(X0,e_1,e_1) | product(e_4,e_1,e_1) | ~group_element(e_1) | ~group_element(X0) | product(e_3,e_1,e_1) | product(e_3,X0,e_1) | product(e_4,X0,e_1) | product(e_1,X1,e_3) | product(e_1,X1,e_4) | product(X1,e_2,e_1) | ~group_element(X1) [subsumption resolution 6828,6455]
24971. product(e_2,X0,e_1) | product(X0,e_1,e_1) | product(e_4,X0,e_1) | product(e_3,X0,e_1) | ~group_element(e_1) | ~group_element(X0) | product(e_3,e_1,e_1) | product(e_4,e_1,e_1) | product(e_1,X1,e_3) | product(e_1,X1,e_4) | product(X1,e_2,e_1) | ~group_element(X1) [subsumption resolution 6549,6455]
24972. product(e_2,X0,e_1) | product(X0,e_1,e_1) | product(e_4,X0,e_1) | product(e_3,X0,e_1) | ~group_element(X0) | product(e_3,e_1,e_1) | product(e_4,e_1,e_1) | product(e_1,X1,e_3) | product(e_1,X1,e_4) | product(X1,e_2,e_1) | ~group_element(X1) [subsumption resolution 24971,5]
24973. product(e_2,X0,e_1) | product(e_4,X0,e_1) | product(e_3,X0,e_1) | ~group_element(X0) | product(e_3,e_1,e_1) | product(e_4,e_1,e_1) | product(e_1,X1,e_3) | product(e_1,X1,e_4) | product(X1,e_2,e_1) | ~group_element(X1) <- (73) [subsumption resolution 24972,18913]
24974. product(e_2,X0,e_1) | product(e_4,X0,e_1) | product(e_3,X0,e_1) | ~group_element(X0) | product(e_4,e_1,e_1) | product(e_1,X1,e_3) | product(e_1,X1,e_4) | product(X1,e_2,e_1) | ~group_element(X1) <- (~62, 73) [subsumption resolution 24973,953]
24975. product(e_2,X0,e_1) | product(e_4,X0,e_1) | product(e_3,X0,e_1) | ~group_element(X0) | product(e_1,X1,e_3) | product(e_1,X1,e_4) | product(X1,e_2,e_1) | ~group_element(X1) <- (~62, ~63, 73) [subsumption resolution 24974,957]
24976. 61 | 310 | 62 | 63 | ~73 [avatar split clause 24975,1041,956,952,8319,949]
25131. ~group_element(e_1) | ~group_element(e_4) | product(e_4,e_1,e_2) | product(e_4,e_1,e_3) | product(e_4,e_1,e_4) <- (~63) [resolution 957,21]
25155. ~product(e_2,e_1,X0) | equalish(X0,e_1) <- (69) [resolution 991,22]
25156. ~product(e_2,X0,e_1) | equalish(X0,e_1) <- (69) [resolution 991,23]
25284. product(e_1,X0,e_4) | ~product(X0,e_4,e_2) <- (89) [resolution 1259,3]
25287. ~product(e_4,X0,e_2) | equalish(X0,e_1) <- (89) [resolution 1259,23]
25376. product(e_2,e_1,e_4) | ~group_element(e_2) | equalish(e_2,e_1) <- (~59, 520) [resolution 24740,940]
25393. ~group_element(e_2) | equalish(e_2,e_1) <- (~57, ~59, 520) [subsumption resolution 25376,932]
25394. equalish(e_2,e_1) <- (~57, ~59, 520) [subsumption resolution 25393,6]
25395. $false <- (~57, ~59, 520) [subsumption resolution 25394,12]
25396. 57 | 59 | ~520 [avatar contradiction clause 25395]
25474. ~product(e_1,X0,e_4) | equalish(X0,e_1) <- (93) [resolution 1277,23]
25528. product(e_3,X0,e_1) | ~product(X0,e_1,e_1) <- (74) [resolution 1047,3]
26119. ~product(e_3,e_2,X0) | product(e_2,e_3,X0) <- (11) [resolution 476,25]
26120. ~group_element(e_3) | product(e_2,e_3,e_3) | product(e_3,e_3,e_3) | product(e_4,e_3,e_3) | ~group_element(e_3) | product(e_3,e_1,e_2) <- (11) [resolution 476,26]
26127. ~group_element(e_3) | product(e_2,e_3,e_3) | product(e_3,e_3,e_3) | product(e_4,e_3,e_3) | product(e_3,e_1,e_2) <- (11) [duplicate literal removal 26120]
26313. product(e_2,X0,e_1) | product(e_4,e_1,e_1) | ~group_element(e_1) | ~group_element(X0) | product(e_3,e_1,e_1) | product(e_3,X0,e_1) | product(e_4,X0,e_1) | product(e_1,X1,e_3) | product(e_1,X1,e_4) | product(X1,e_2,e_1) | ~group_element(X1) <- (74) [subsumption resolution 24952,25528]
26314. product(e_2,X0,e_1) | ~group_element(e_1) | ~group_element(X0) | product(e_3,e_1,e_1) | product(e_3,X0,e_1) | product(e_4,X0,e_1) | product(e_1,X1,e_3) | product(e_1,X1,e_4) | product(X1,e_2,e_1) | ~group_element(X1) <- (~63, 74) [subsumption resolution 26313,957]
26315. product(e_2,X0,e_1) | ~group_element(X0) | product(e_3,e_1,e_1) | product(e_3,X0,e_1) | product(e_4,X0,e_1) | product(e_1,X1,e_3) | product(e_1,X1,e_4) | product(X1,e_2,e_1) | ~group_element(X1) <- (~63, 74) [subsumption resolution 26314,5]
26316. product(e_2,X0,e_1) | ~group_element(X0) | product(e_3,X0,e_1) | product(e_4,X0,e_1) | product(e_1,X1,e_3) | product(e_1,X1,e_4) | product(X1,e_2,e_1) | ~group_element(X1) <- (~62, ~63, 74) [subsumption resolution 26315,953]
26317. 61 | 310 | 62 | 63 | ~74 [avatar split clause 26316,1045,956,952,8319,949]
26368. product(e_1,X0,e_3) | ~group_element(X0) | product(e_1,X0,e_4) | product(e_2,X1,X0) | ~product(X1,X0,e_1) <- (61) [resolution 950,3]
26975. product(e_1,e_4,e_3) | product(e_2,e_3,e_2) | product(e_4,e_3,e_2) | product(e_3,e_3,e_2) | ~group_element(e_3) | product(e_1,e_4,e_4) | equalish(e_4,e_1) | ~group_element(e_4) <- (260) [resolution 6179,20]
27033. equalish(e_3,e_2) <- (80, 139) [resolution 20056,5148]
27053. equalish(e_3,e_2) | equalish(e_3,e_1) | product(e_1,e_4,e_3) | ~group_element(e_3) <- (80, 187) [resolution 20056,5620]
27104. $false <- (80, 139) [subsumption resolution 27033,16]
27105. ~80 | ~139 [avatar contradiction clause 27104]
27109. equalish(e_3,e_1) | product(e_1,e_4,e_3) | ~group_element(e_3) <- (80, 187) [subsumption resolution 27053,16]
27110. product(e_1,e_4,e_3) | ~group_element(e_3) <- (80, 187) [subsumption resolution 27109,15]
27111. ~group_element(e_3) <- (80, ~167, 187) [subsumption resolution 27110,5416]
27112. $false <- (80, ~167, 187) [subsumption resolution 27111,7]
27113. ~80 | 167 | ~187 [avatar contradiction clause 27112]
27435. equalish(e_3,e_1) <- (58, 69) [resolution 25155,937]
27547. $false <- (58, 69) [subsumption resolution 27435,15]
27548. ~58 | ~69 [avatar contradiction clause 27547]
28018. ~product(e_1,X0,e_3) | equalish(X0,e_2) <- (80) [resolution 1138,23]
28362. ~group_element(e_3) | ~group_element(e_3) | product(e_2,e_3,e_3) | product(e_3,e_3,e_3) | product(e_4,e_3,e_3) <- (~139) [resolution 5147,1]
28379. ~group_element(e_3) | product(e_2,e_3,e_3) | product(e_3,e_3,e_3) | product(e_4,e_3,e_3) <- (~139) [duplicate literal removal 28362]
28543. equalish(e_2,e_1) <- (46, 69) [resolution 25156,793]
28668. $false <- (46, 69) [subsumption resolution 28543,12]
28669. ~46 | ~69 [avatar contradiction clause 28668]
28849. product(e_1,e_2,e_3) | ~group_element(e_2) | product(e_1,e_2,e_4) <- (~46, 61) [resolution 792,950]
29647. equalish(e_3,e_1) <- (93, 106) [resolution 25474,1858]
29716. $false <- (93, 106) [subsumption resolution 29647,15]
29717. ~93 | ~106 [avatar contradiction clause 29716]
29814. ~group_element(X0) | product(X0,e_1,e_2) | product(X0,e_1,e_3) | product(X0,e_1,e_4) | ~group_element(e_1) | product(e_1,X0,e_2) <- (87) [resolution 1249,38]
29821. ~product(e_1,X0,e_2) | equalish(X0,e_1) <- (87) [resolution 1249,23]
29940. product(e_1,e_2,e_2) | product(e_2,e_1,e_4) | product(e_2,e_1,e_3) | ~group_element(e_2) | equalish(e_2,e_1) <- (69, 168) [resolution 5433,25155]
29984. product(e_2,e_1,e_4) | product(e_2,e_1,e_3) | ~group_element(e_2) | equalish(e_2,e_1) <- (69, 87, 168) [subsumption resolution 29940,29821]
29985. product(e_2,e_1,e_3) | ~group_element(e_2) | equalish(e_2,e_1) <- (~57, 69, 87, 168) [subsumption resolution 29984,932]
29986. ~group_element(e_2) | equalish(e_2,e_1) <- (~57, ~58, 69, 87, 168) [subsumption resolution 29985,936]
29987. equalish(e_2,e_1) <- (~57, ~58, 69, 87, 168) [subsumption resolution 29986,6]
29988. $false <- (~57, ~58, 69, 87, 168) [subsumption resolution 29987,12]
29989. 57 | 58 | ~69 | ~87 | ~168 [avatar contradiction clause 29988]
29990. ~group_element(X0) | product(X0,e_1,e_2) | product(X0,e_1,e_3) | product(X0,e_1,e_4) | product(e_1,X0,e_2) <- (87) [subsumption resolution 29814,5]
29991. 168 | ~87 [avatar split clause 29990,1247,5432]
30008. product(e_2,X0,e_1) | product(X0,e_1,e_1) | product(e_1,e_1,e_4) | product(e_1,e_1,e_3) | ~group_element(X0) | ~group_element(e_1) | product(e_3,X0,e_1) | product(e_4,X0,e_1) <- (~87) [resolution 1248,844]
30011. equalish(e_2,e_1) | product(e_1,e_1,e_4) | product(e_1,e_1,e_3) | ~group_element(e_1) <- (67, ~87) [resolution 1248,978]
30086. product(e_2,X0,e_1) | product(e_1,e_1,e_4) | product(e_1,e_1,e_3) | ~group_element(X0) | ~group_element(e_1) | product(e_3,X0,e_1) | product(e_4,X0,e_1) <- (61, ~87) [subsumption resolution 30008,26368]
30105. ~product(X0,e_1,e_3) | equalish(X0,e_1) <- (94) [resolution 1281,24]
30127. product(e_1,e_1,e_3) | ~group_element(e_1) | product(e_1,e_1,e_4) <- (61, ~75) [resolution 1050,950]
30379. product(e_2,e_1,e_1) | product(e_2,e_2,e_1) | product(e_2,e_4,e_1) | product(e_2,e_3,e_1) | ~group_element(e_2) | ~group_element(e_1) | product(e_3,e_1,e_1) | product(e_4,e_1,e_1) <- (188) [resolution 5632,9]
30433. ~product(X0,e_2,e_1) | equalish(X0,e_3) <- (22) [resolution 527,24]
30726. product(e_2,e_1,e_1) | product(e_2,e_2,e_1) | product(e_4,e_1,e_1) | product(e_3,e_1,e_1) | ~group_element(e_1) | product(e_2,e_4,e_1) | product(e_2,e_3,e_1) | ~group_element(e_2) <- (195) [resolution 5686,12]
30781. equalish(e_1,e_2) <- (80, 94) [resolution 28018,1281]
30847. $false <- (80, 94) [subsumption resolution 30781,9]
30848. ~80 | ~94 [avatar contradiction clause 30847]
30865. product(e_1,e_2,e_3) | product(e_1,e_2,e_4) <- (~46, 61) [subsumption resolution 28849,6]
30866. 79 | 80 | 46 | ~61 [avatar split clause 30865,949,791,1136,1132]
30927. ~product(e_1,X0,e_4) | equalish(X0,e_2) <- (79) [resolution 1134,23]
31510. equalish(e_4,e_1) <- (94, 102) [resolution 30105,1323]
31537. equalish(e_2,e_1) | equalish(e_1,e_3) | ~group_element(e_3) | product(e_4,e_1,e_3) | product(e_3,e_1,e_3) <- (94, 171) [resolution 30105,5448]
31538. equalish(e_2,e_1) | ~group_element(e_3) | product(e_4,e_1,e_3) | product(e_3,e_1,e_3) <- (94, 180) [resolution 30105,5542]
31602. $false <- (94, 102) [subsumption resolution 31510,18]
31603. ~94 | ~102 [avatar contradiction clause 31602]
31657. ~group_element(e_3) | product(e_4,e_1,e_3) | product(e_3,e_1,e_3) <- (94, 180) [subsumption resolution 31538,12]
31658. product(e_4,e_1,e_3) | product(e_3,e_1,e_3) <- (94, 180) [subsumption resolution 31657,7]
31659. 83 | 102 | ~94 | ~180 [avatar split clause 31658,5541,1279,1321,1156]
31660. equalish(e_1,e_3) | ~group_element(e_3) | product(e_4,e_1,e_3) | product(e_3,e_1,e_3) <- (94, 171) [subsumption resolution 31537,12]
31661. ~group_element(e_3) | product(e_4,e_1,e_3) | product(e_3,e_1,e_3) <- (94, 171) [subsumption resolution 31660,10]
31662. product(e_4,e_1,e_3) | product(e_3,e_1,e_3) <- (94, 171) [subsumption resolution 31661,7]
31663. 83 | 102 | ~94 | ~171 [avatar split clause 31662,5447,1279,1321,1156]
31783. product(e_2,e_3,e_3) | product(e_3,e_3,e_3) | product(e_3,e_4,e_3) | ~group_element(e_3) | product(e_4,e_3,e_3) <- (11) [subsumption resolution 9102,26119]
31902. product(e_3,e_3,e_3) | product(e_3,e_4,e_3) | ~group_element(e_3) | product(e_4,e_3,e_3) <- (11, ~323) [subsumption resolution 31783,9192]
31903. product(e_3,e_3,e_3) | ~group_element(e_3) | product(e_4,e_3,e_3) <- (11, ~264, ~323) [subsumption resolution 31902,6204]
31904. product(e_3,e_3,e_3) | product(e_4,e_3,e_3) <- (11, ~264, ~323) [subsumption resolution 31903,7]
31905. 176 | 263 | ~11 | 264 | 323 [avatar split clause 31904,9191,6203,474,6199,5482]
31910. product(e_2,e_3,e_3) | product(e_3,e_3,e_3) | product(e_4,e_3,e_3) <- (~139) [subsumption resolution 28379,7]
31911. product(e_3,e_3,e_3) | product(e_4,e_3,e_3) <- (~139, ~323) [subsumption resolution 31910,9192]
31912. 176 | 263 | 139 | 323 [avatar split clause 31911,9191,5146,6199,5482]
31913. product(e_2,e_3,e_3) | product(e_3,e_3,e_3) | product(e_4,e_3,e_3) | product(e_3,e_1,e_2) <- (11) [subsumption resolution 26127,7]
31914. product(e_3,e_3,e_3) | product(e_4,e_3,e_3) | product(e_3,e_1,e_2) <- (11, ~323) [subsumption resolution 31913,9192]
31915. 84 | 176 | 263 | ~11 | 323 [avatar split clause 31914,9191,474,6199,5482,1160]
31950. ~product(e_3,e_3,X0) | equalish(X0,e_3) <- (263) [resolution 6201,22]
31952. ~product(X0,e_3,e_3) | equalish(X0,e_3) <- (263) [resolution 6201,24]
31972. equalish(e_3,e_1) <- (69, 77) [resolution 1124,25156]
31989. $false <- (69, 77) [subsumption resolution 31972,15]
31990. ~69 | ~77 [avatar contradiction clause 31989]
32175. equalish(e_3,e_1) <- (83, 94) [resolution 1158,30105]
32180. product(e_1,X0,e_3) | ~product(X0,e_3,e_3) <- (83) [resolution 1158,3]
32194. $false <- (83, 94) [subsumption resolution 32175,15]
32195. ~83 | ~94 [avatar contradiction clause 32194]
32206. product(e_1,e_1,e_3) | product(e_1,e_1,e_4) <- (61, ~75) [subsumption resolution 30127,5]
32207. 93 | 94 | ~61 | 75 [avatar split clause 32206,1049,949,1279,1275]
32214. product(e_1,e_1,e_4) | product(e_1,e_1,e_3) | ~group_element(e_1) <- (67, ~87) [subsumption resolution 30011,12]
32215. product(e_1,e_1,e_4) | product(e_1,e_1,e_3) <- (67, ~87) [subsumption resolution 32214,5]
32216. 94 | 93 | ~67 | 87 [avatar split clause 32215,1247,977,1275,1279]
32225. product(e_2,X0,e_1) | product(e_1,e_1,e_4) | product(e_1,e_1,e_3) | ~group_element(X0) | product(e_3,X0,e_1) | product(e_4,X0,e_1) <- (61, ~87) [subsumption resolution 30086,5]
32226. 94 | 93 | 310 | ~61 | 87 [avatar split clause 32225,1247,949,8319,1275,1279]
32242. product(e_1,e_3,e_3) | ~group_element(e_3) | product(e_4,e_3,e_3) | equalish(e_2,e_3) | equalish(e_1,e_3) | product(e_1,e_3,e_4) <- (83, 257, ~323) [subsumption resolution 24629,32180]
32243. ~group_element(e_3) | product(e_4,e_3,e_3) | equalish(e_2,e_3) | equalish(e_1,e_3) | product(e_1,e_3,e_4) <- (83, 257, 263, ~323) [subsumption resolution 32242,31952]
32244. product(e_4,e_3,e_3) | equalish(e_2,e_3) | equalish(e_1,e_3) | product(e_1,e_3,e_4) <- (83, 257, 263, ~323) [subsumption resolution 32243,7]
32245. equalish(e_2,e_3) | equalish(e_1,e_3) | product(e_1,e_3,e_4) <- (83, ~176, 257, 263, ~323) [subsumption resolution 32244,5483]
32246. equalish(e_1,e_3) | product(e_1,e_3,e_4) <- (83, ~176, 257, 263, ~323) [subsumption resolution 32245,13]
32247. product(e_1,e_3,e_4) <- (83, ~176, 257, 263, ~323) [subsumption resolution 32246,10]
32248. 106 | ~83 | 176 | ~257 | ~263 | 323 [avatar split clause 32247,9191,6199,6162,5482,1156,1856]
32290. ~product(e_1,X0,e_4) | equalish(X0,e_1) <- (93) [resolution 1277,23]
33299. product(e_1,e_2,e_1) | product(e_4,e_1,e_3) | product(e_3,e_1,e_3) | ~group_element(e_1) | product(e_3,e_1,e_3) | equalish(e_1,e_3) | ~group_element(e_3) | product(e_4,e_1,e_3) <- (~58, 212) [resolution 5819,936]
33371. product(e_1,e_2,e_1) | product(e_4,e_1,e_3) | product(e_3,e_1,e_3) | ~group_element(e_1) | equalish(e_1,e_3) | ~group_element(e_3) <- (~58, 212) [duplicate literal removal 33299]
33687. ~product(e_3,X0,e_4) | equalish(X0,e_3) <- (141) [resolution 5159,23]
34078. product(X0,e_1,e_2) | equalish(X0,e_1) | ~group_element(e_1) | product(e_1,e_1,e_4) | product(e_1,e_1,e_3) | product(X0,e_1,e_4) | product(X0,e_1,e_3) | ~group_element(X0) <- (~87, 238) [resolution 6046,1248]
35131. equalish(e_1,e_2) <- (79, 93) [resolution 30927,1277]
35209. $false <- (79, 93) [subsumption resolution 35131,9]
35210. ~79 | ~93 [avatar contradiction clause 35209]
35411. ~product(X0,e_2,e_3) | equalish(X0,e_1) <- (80) [resolution 1138,24]
35425. ~product(e_2,e_3,X0) | equalish(X0,e_3) <- (323) [resolution 9193,22]
35428. ~product(e_3,e_3,X0) | product(e_3,e_2,X0) <- (323) [resolution 9193,25]
35830. ~product(e_4,e_4,X0) | product(e_4,e_1,X0) <- (105) [resolution 1854,25]
35923. ~product(e_2,e_4,X0) | product(e_4,e_2,X0) <- (126) [resolution 3037,25]
36931. equalish(e_4,e_3) <- (141, 263) [resolution 31950,5159]
36934. equalish(e_2,e_3) <- (11, 263) [resolution 31950,476]
36970. equalish(e_1,e_3) <- (86, 263) [resolution 31950,1173]
37038. $false <- (141, 263) [subsumption resolution 36931,20]
37039. ~141 | ~263 [avatar contradiction clause 37038]
37040. $false <- (11, 263) [subsumption resolution 36934,13]
37041. ~11 | ~263 [avatar contradiction clause 37040]
37045. $false <- (86, 263) [subsumption resolution 36970,10]
37046. ~86 | ~263 [avatar contradiction clause 37045]
37449. equalish(e_4,e_1) <- (93, 105) [resolution 32290,1854]
37539. $false <- (93, 105) [subsumption resolution 37449,18]
37540. ~93 | ~105 [avatar contradiction clause 37539]
37615. product(e_4,e_1,e_1) | product(e_3,e_1,e_1) | ~group_element(X0) | product(X0,e_1,e_2) | product(X0,e_1,e_3) | product(X0,e_1,e_4) | equalish(e_2,X0) <- (180) [subsumption resolution 19079,5]
37616. product(e_3,e_1,e_1) | ~group_element(X0) | product(X0,e_1,e_2) | product(X0,e_1,e_3) | product(X0,e_1,e_4) | equalish(e_2,X0) <- (~63, 180) [subsumption resolution 37615,957]
37617. 67 | 62 | 63 | ~180 [avatar split clause 37616,5541,956,952,977]
37663. product(X0,e_1,e_2) | equalish(X0,e_1) | product(e_1,e_1,e_4) | product(e_1,e_1,e_3) | product(X0,e_1,e_4) | product(X0,e_1,e_3) | ~group_element(X0) <- (~87, 238) [subsumption resolution 34078,5]
37664. product(X0,e_1,e_2) | equalish(X0,e_1) | product(e_1,e_1,e_4) | product(X0,e_1,e_4) | product(X0,e_1,e_3) | ~group_element(X0) <- (~87, ~94, 238) [subsumption resolution 37663,1280]
37665. 93 | 178 | 87 | 94 | ~238 [avatar split clause 37664,6045,1279,1247,5500,1275]
37781. ~product(e_3,e_1,X0) | equalish(X0,e_1) <- (62) [resolution 954,22]
37801. product(X0,e_1,e_2) | product(e_3,e_1,e_1) | product(e_4,e_1,e_1) | equalish(X0,e_1) | ~group_element(X0) | ~group_element(e_1) | product(X0,e_1,e_3) | product(X0,e_1,e_4) <- (~69) [resolution 990,59]
37815. equalish(e_2,e_1) | product(e_4,e_1,e_1) | product(e_3,e_1,e_1) | ~group_element(e_1) <- (~69, 226) [resolution 990,5937]
38298. product(e_2,e_2,X0) | product(e_2,e_2,X0) | product(e_2,e_4,e_2) | ~group_element(e_2) | product(e_2,e_3,e_2) | ~group_element(X0) | ~group_element(e_2) | product(e_3,e_2,X0) | product(e_4,e_2,X0) <- (~40) [resolution 762,290]
38361. product(e_2,e_2,X0) | product(e_2,e_4,e_2) | ~group_element(e_2) | product(e_2,e_3,e_2) | ~group_element(X0) | product(e_3,e_2,X0) | product(e_4,e_2,X0) <- (~40) [duplicate literal removal 38298]
38469. equalish(e_3,e_1) | ~group_element(e_3) | product(e_3,e_1,e_4) | product(e_3,e_1,e_3) <- (~84, 178) [resolution 5501,1161]
38567. ~group_element(e_3) | product(e_3,e_1,e_3) | product(e_3,e_1,e_4) | equalish(e_1,e_3) <- (~84, 266) [resolution 6248,1161]
39015. equalish(e_2,e_1) <- (80, 135) [resolution 35411,4774]
39033. equalish(e_2,e_1) | product(e_3,e_3,e_3) | ~group_element(e_3) | product(e_4,e_2,e_3) | product(e_3,e_2,e_3) <- (80, 410) [resolution 35411,16468]
39142. $false <- (80, 135) [subsumption resolution 39015,12]
39143. ~80 | ~135 [avatar contradiction clause 39142]
39144. product(e_3,e_3,e_3) | ~group_element(e_3) | product(e_4,e_2,e_3) | product(e_3,e_2,e_3) <- (80, 410) [subsumption resolution 39033,12]
39145. ~group_element(e_3) | product(e_4,e_2,e_3) | product(e_3,e_2,e_3) <- (80, 323, 410) [subsumption resolution 39144,35428]
39146. product(e_4,e_2,e_3) | product(e_3,e_2,e_3) <- (80, 323, 410) [subsumption resolution 39145,7]
39147. product(e_3,e_2,e_3) <- (80, ~134, 323, 410) [subsumption resolution 39146,4769]
39148. $false <- (~8, 80, ~134, 323, 410) [subsumption resolution 39147,461]
39149. 8 | ~80 | 134 | ~323 | ~410 [avatar contradiction clause 39148]
39576. product(e_4,e_1,e_1) | product(e_3,e_1,e_1) | ~group_element(e_1) <- (~69, 310) [resolution 8320,990]
39805. product(e_1,e_4,e_3) | product(e_2,e_1,e_2) | product(e_4,e_1,e_2) | product(e_3,e_1,e_2) | ~group_element(e_1) | equalish(e_1,e_4) | ~group_element(e_4) | product(e_1,e_4,e_4) <- (256) [resolution 6158,18]
40791. product(e_2,e_2,X0) | product(e_3,e_2,X0) | product(e_4,e_2,X0) | ~group_element(X0) | product(e_3,e_3,X0) | product(e_3,e_4,X0) <- (~77) [subsumption resolution 9910,1123]
40792. product(e_2,e_2,X0) | product(e_3,e_2,X0) | ~group_element(X0) | product(e_3,e_3,X0) | product(e_3,e_4,X0) <- (43, ~77) [subsumption resolution 40791,17845]
40793. product(e_2,e_2,X0) | product(e_3,e_2,X0) | ~group_element(X0) | product(e_3,e_4,X0) <- (43, ~77, 323) [subsumption resolution 40792,35428]
40795. product(e_3,e_2,e_3) | ~group_element(e_3) | product(e_3,e_4,e_3) <- (43, ~77, ~135, 323) [resolution 40793,4773]
40818. ~group_element(e_3) | product(e_3,e_4,e_3) <- (~8, 43, ~77, ~135, 323) [subsumption resolution 40795,461]
40819. product(e_3,e_4,e_3) <- (~8, 43, ~77, ~135, 323) [subsumption resolution 40818,7]
40820. $false <- (~8, 43, ~77, ~135, ~264, 323) [subsumption resolution 40819,6204]
40821. 8 | ~43 | 77 | 135 | 264 | ~323 [avatar contradiction clause 40820]
41068. equalish(e_1,e_3) <- (77, 323) [resolution 35425,1124]
41119. $false <- (77, 323) [subsumption resolution 41068,10]
41120. ~77 | ~323 [avatar contradiction clause 41119]
41160. product(e_2,e_2,X0) | product(e_2,e_4,e_2) | product(e_2,e_3,e_2) | ~group_element(X0) | product(e_3,e_2,X0) | product(e_4,e_2,X0) <- (~40) [subsumption resolution 38361,6]
41374. ~group_element(e_3) | product(e_4,e_2,e_3) | product(e_3,e_2,e_3) <- (~135, 368) [resolution 13447,4773]
41397. product(e_4,e_2,e_3) | product(e_3,e_2,e_3) <- (~135, 368) [subsumption resolution 41374,7]
41398. product(e_3,e_2,e_3) <- (~134, ~135, 368) [subsumption resolution 41397,4769]
41399. $false <- (~8, ~134, ~135, 368) [subsumption resolution 41398,461]
41400. 8 | 134 | 135 | ~368 [avatar contradiction clause 41399]
41401. 44 | 43 | 368 | 40 [avatar split clause 41160,761,13446,776,780]
42234. ~product(e_2,e_3,X0) | equalish(X0,e_2) <- (44) [resolution 782,22]
42361. ~product(e_4,X0,e_3) | equalish(X0,e_3) <- (176) [resolution 5484,23]
42363. ~product(e_3,e_3,X0) | product(e_3,e_4,X0) <- (176) [resolution 5484,25]
42366. ~group_element(e_3) | product(e_3,e_2,e_3) | product(e_3,e_3,e_3) | product(e_3,e_4,e_3) | product(e_1,e_4,e_3) | ~group_element(e_3) <- (176) [resolution 5484,34]
42370. ~group_element(e_3) | product(e_3,e_2,e_3) | product(e_3,e_3,e_3) | product(e_3,e_4,e_3) | product(e_1,e_4,e_3) <- (176) [duplicate literal removal 42366]
42616. equalish(e_4,e_1) <- (62, 82) [resolution 37781,1154]
42617. equalish(e_3,e_1) <- (62, 83) [resolution 37781,1158]
42632. equalish(e_2,e_1) | equalish(e_3,e_1) | ~group_element(e_3) | product(e_3,e_1,e_4) | product(e_3,e_1,e_3) <- (62, 178) [resolution 37781,5501]
42721. $false <- (62, 82) [subsumption resolution 42616,18]
42722. ~62 | ~82 [avatar contradiction clause 42721]
42723. $false <- (62, 83) [subsumption resolution 42617,15]
42724. ~62 | ~83 [avatar contradiction clause 42723]
42754. equalish(e_3,e_1) | ~group_element(e_3) | product(e_3,e_1,e_4) | product(e_3,e_1,e_3) <- (62, 178) [subsumption resolution 42632,12]
42755. ~group_element(e_3) | product(e_3,e_1,e_4) | product(e_3,e_1,e_3) <- (62, 178) [subsumption resolution 42754,15]
42756. product(e_3,e_1,e_4) | product(e_3,e_1,e_3) <- (62, 178) [subsumption resolution 42755,7]
42757. 83 | 82 | ~62 | ~178 [avatar split clause 42756,5500,952,1152,1156]
42771. ~group_element(e_3) | product(e_3,e_1,e_4) | product(e_3,e_1,e_3) <- (~84, 178) [subsumption resolution 38469,15]
42772. product(e_3,e_1,e_4) | product(e_3,e_1,e_3) <- (~84, 178) [subsumption resolution 42771,7]
42773. 83 | 82 | 84 | ~178 [avatar split clause 42772,5500,1160,1152,1156]
42899. product(e_3,e_1,e_3) | product(e_3,e_1,e_4) | equalish(e_1,e_3) <- (~84, 266) [subsumption resolution 38567,7]
42900. product(e_3,e_1,e_3) | equalish(e_1,e_3) <- (~84, 141, 266) [subsumption resolution 42899,33687]
42901. product(e_3,e_1,e_3) <- (~84, 141, 266) [subsumption resolution 42900,10]
42902. 83 | 84 | ~141 | ~266 [avatar split clause 42901,6247,5157,1160,1156]
42930. product(e_4,e_1,e_3) | product(e_3,e_1,e_3) | ~group_element(e_1) | equalish(e_1,e_3) | ~group_element(e_3) <- (22, ~58, 212) [subsumption resolution 33371,30433]
42931. product(e_3,e_1,e_3) | ~group_element(e_1) | equalish(e_1,e_3) | ~group_element(e_3) <- (22, ~58, 176, 212) [subsumption resolution 42930,42361]
42932. product(e_3,e_1,e_3) | equalish(e_1,e_3) | ~group_element(e_3) <- (22, ~58, 176, 212) [subsumption resolution 42931,5]
42933. product(e_3,e_1,e_3) | ~group_element(e_3) <- (22, ~58, 176, 212) [subsumption resolution 42932,10]
42934. product(e_3,e_1,e_3) <- (22, ~58, 176, 212) [subsumption resolution 42933,7]
42935. 83 | ~22 | 58 | ~176 | ~212 [avatar split clause 42934,5818,5482,935,525,1156]
43073. ~product(e_1,X0,e_2) | equalish(X0,e_1) <- (87) [resolution 1249,23]
43074. ~product(X0,e_1,e_2) | equalish(X0,e_1) <- (87) [resolution 1249,24]
43230. product(e_3,e_2,e_3) | product(e_3,e_3,e_3) | product(e_3,e_4,e_3) | product(e_1,e_4,e_3) <- (176) [subsumption resolution 42370,7]
43231. product(e_3,e_2,e_3) | product(e_3,e_4,e_3) | product(e_1,e_4,e_3) <- (176) [subsumption resolution 43230,42363]
43232. product(e_3,e_2,e_3) | product(e_1,e_4,e_3) <- (176, ~264) [subsumption resolution 43231,6204]
43233. 167 | 8 | ~176 | 264 [avatar split clause 43232,6203,5482,460,5415]
43395. equalish(e_2,e_1) <- (62, 84) [resolution 1162,37781]
43412. $false <- (62, 84) [subsumption resolution 43395,12]
43413. ~62 | ~84 [avatar contradiction clause 43412]
43452. product(e_1,e_3,e_2) | product(e_3,e_1,e_4) | product(e_3,e_1,e_3) | ~group_element(e_3) | equalish(e_2,e_1) <- (62, 168) [resolution 5433,37781]
43516. product(e_1,e_3,e_2) | product(e_3,e_1,e_3) | ~group_element(e_3) | equalish(e_2,e_1) <- (62, ~82, 168) [subsumption resolution 43452,1153]
43517. product(e_1,e_3,e_2) | ~group_element(e_3) | equalish(e_2,e_1) <- (62, ~82, ~83, 168) [subsumption resolution 43516,1157]
43518. product(e_1,e_3,e_2) | equalish(e_2,e_1) <- (62, ~82, ~83, 168) [subsumption resolution 43517,7]
43519. product(e_1,e_3,e_2) <- (62, ~82, ~83, 168) [subsumption resolution 43518,12]
43520. 25 | ~62 | 82 | 83 | ~168 [avatar split clause 43519,5432,1156,1152,952,669]
43881. ~product(e_4,e_3,X0) | product(e_3,e_1,X0) <- (167) [resolution 5417,25]
45663. ~product(e_2,e_2,X0) | product(e_2,e_1,X0) <- (36) [resolution 742,25]
48462. product(e_4,e_1,e_1) | ~group_element(e_1) | equalish(e_4,e_1) | ~group_element(e_4) | product(e_3,e_1,e_1) | product(e_4,e_3,e_1) | product(e_4,e_4,e_1) | product(e_2,e_1,e_1) | equalish(e_4,e_2) <- (129) [resolution 884,4039]
48877. product(e_4,e_1,e_1) | ~group_element(e_1) | equalish(e_4,e_1) | ~group_element(e_4) | product(e_3,e_1,e_1) | product(e_4,e_3,e_1) | product(e_2,e_1,e_1) | equalish(e_4,e_2) <- (105, 129) [subsumption resolution 48462,35830]
50885. equalish(X0,e_1) | product(X0,e_1,e_2) | product(X0,e_1,e_4) | product(X0,e_1,e_3) | ~group_element(X0) <- (87, 168) [resolution 43073,5433]
50893. equalish(e_3,e_1) <- (25, 87) [resolution 43073,671]
51069. equalish(X0,e_1) | product(X0,e_1,e_4) | product(X0,e_1,e_3) | ~group_element(X0) <- (87, 168) [subsumption resolution 50885,43074]
51070. 155 | ~87 | ~168 [avatar split clause 51069,5432,1247,5259]
51071. $false <- (25, 87) [subsumption resolution 50893,15]
51072. ~25 | ~87 [avatar contradiction clause 51071]
51203. product(e_3,e_1,e_1) | ~group_element(e_1) <- (~63, ~69, 310) [subsumption resolution 39576,957]
51204. product(e_3,e_1,e_1) <- (~63, ~69, 310) [subsumption resolution 51203,5]
51205. 62 | 63 | 69 | ~310 [avatar split clause 51204,8319,989,956,952]
51212. product(e_4,e_1,e_1) | product(e_3,e_1,e_1) | ~group_element(e_1) <- (~69, 226) [subsumption resolution 37815,12]
51213. product(e_3,e_1,e_1) | ~group_element(e_1) <- (~63, ~69, 226) [subsumption resolution 51212,957]
51214. product(e_3,e_1,e_1) <- (~63, ~69, 226) [subsumption resolution 51213,5]
51215. 62 | 63 | 69 | ~226 [avatar split clause 51214,5936,989,956,952]
51219. product(X0,e_1,e_2) | product(e_3,e_1,e_1) | equalish(X0,e_1) | ~group_element(X0) | ~group_element(e_1) | product(X0,e_1,e_3) | product(X0,e_1,e_4) <- (~63, ~69) [subsumption resolution 37801,957]
51220. product(X0,e_1,e_2) | product(e_3,e_1,e_1) | equalish(X0,e_1) | ~group_element(X0) | product(X0,e_1,e_3) | product(X0,e_1,e_4) <- (~63, ~69) [subsumption resolution 51219,5]
51221. 62 | 178 | 63 | 69 [avatar split clause 51220,989,956,5500,952]
51601. 211 | ~171 [avatar split clause 13963,5447,5812]
51612. 212 | ~171 [avatar split clause 13964,5447,5818]
51660. product(e_2,e_1,e_1) | product(e_4,e_1,e_1) | product(e_3,e_1,e_1) | ~group_element(e_1) | product(e_2,e_4,e_1) | product(e_2,e_3,e_1) | ~group_element(e_2) <- (36, 195) [subsumption resolution 30726,45663]
51663. product(e_2,e_1,e_1) | product(e_2,e_4,e_1) | product(e_2,e_3,e_1) | ~group_element(e_2) | ~group_element(e_1) | product(e_3,e_1,e_1) | product(e_4,e_1,e_1) <- (36, 188) [subsumption resolution 30379,45663]
51702. product(e_2,e_1,X0) | product(e_1,e_1,e_1) | product(e_4,e_1,X0) | product(e_3,e_1,X0) | ~group_element(X0) [subsumption resolution 6520,5]
51703. 104 | 180 [avatar split clause 51702,5541,1848]
51739. product(X0,e_1,e_3) | product(X0,e_1,e_4) | ~group_element(e_1) | equalish(e_1,X0) | ~group_element(X0) | product(e_3,e_1,e_1) | product(e_4,e_1,e_1) | product(X0,e_2,X1) | product(X0,e_3,X1) | product(X0,e_4,X1) | ~group_element(X1) | equalish(e_2,X1) <- (~69) [subsumption resolution 2191,990]
51740. product(X0,e_1,e_3) | product(X0,e_1,e_4) | equalish(e_1,X0) | ~group_element(X0) | product(e_3,e_1,e_1) | product(e_4,e_1,e_1) | product(X0,e_2,X1) | product(X0,e_3,X1) | product(X0,e_4,X1) | ~group_element(X1) | equalish(e_2,X1) <- (~69) [subsumption resolution 51739,5]
51741. product(X0,e_1,e_3) | product(X0,e_1,e_4) | equalish(e_1,X0) | ~group_element(X0) | product(e_4,e_1,e_1) | product(X0,e_2,X1) | product(X0,e_3,X1) | product(X0,e_4,X1) | ~group_element(X1) | equalish(e_2,X1) <- (~62, ~69) [subsumption resolution 51740,953]
51742. product(X0,e_1,e_3) | product(X0,e_2,X1) | equalish(e_1,X0) | ~group_element(X0) | product(X0,e_1,e_4) | product(X0,e_3,X1) | product(X0,e_4,X1) | ~group_element(X1) | equalish(e_2,X1) <- (~62, ~63, ~69) [subsumption resolution 51741,957]
51751. product(e_3,e_1,e_1) | product(e_4,e_1,e_1) | equalish(X0,e_1) | ~group_element(X0) | ~group_element(e_1) | product(X0,e_1,e_3) | product(X0,e_1,e_4) | ~group_element(X1) | product(X1,X0,e_2) | product(X1,X0,e_3) | product(X1,X0,e_4) | product(e_1,X1,e_2) <- (~69) [subsumption resolution 1096,990]
51752. product(e_4,e_1,e_1) | equalish(X0,e_1) | ~group_element(X0) | ~group_element(e_1) | product(X0,e_1,e_3) | product(X0,e_1,e_4) | ~group_element(X1) | product(X1,X0,e_2) | product(X1,X0,e_3) | product(X1,X0,e_4) | product(e_1,X1,e_2) <- (~62, ~69) [subsumption resolution 51751,953]
51753. equalish(X0,e_1) | ~group_element(X0) | ~group_element(e_1) | product(X0,e_1,e_3) | product(X0,e_1,e_4) | ~group_element(X1) | product(X1,X0,e_2) | product(X1,X0,e_3) | product(X1,X0,e_4) | product(e_1,X1,e_2) <- (~62, ~63, ~69) [subsumption resolution 51752,957]
51754. product(e_1,X1,e_2) | product(X1,X0,e_2) | product(X0,e_1,e_3) | product(X0,e_1,e_4) | ~group_element(X1) | ~group_element(X0) | product(X1,X0,e_3) | product(X1,X0,e_4) | equalish(X0,e_1) <- (~62, ~63, ~69) [subsumption resolution 51753,5]
52241. product(e_4,e_1,e_1) | ~group_element(e_1) | equalish(e_4,e_1) | ~group_element(e_4) | product(e_3,e_1,e_1) | product(e_2,e_1,e_1) | equalish(e_4,e_2) <- (105, 129, 167) [subsumption resolution 48877,43881]
52242. ~group_element(e_1) | equalish(e_4,e_1) | ~group_element(e_4) | product(e_3,e_1,e_1) | product(e_2,e_1,e_1) | equalish(e_4,e_2) <- (~63, 105, 129, 167) [subsumption resolution 52241,957]
52243. equalish(e_4,e_1) | ~group_element(e_4) | product(e_3,e_1,e_1) | product(e_2,e_1,e_1) | equalish(e_4,e_2) <- (~63, 105, 129, 167) [subsumption resolution 52242,5]
52244. ~group_element(e_4) | product(e_3,e_1,e_1) | product(e_2,e_1,e_1) | equalish(e_4,e_2) <- (~63, 105, 129, 167) [subsumption resolution 52243,18]
52245. product(e_3,e_1,e_1) | product(e_2,e_1,e_1) | equalish(e_4,e_2) <- (~63, 105, 129, 167) [subsumption resolution 52244,8]
52246. product(e_2,e_1,e_1) | equalish(e_4,e_2) <- (~62, ~63, 105, 129, 167) [subsumption resolution 52245,953]
52247. equalish(e_4,e_2) <- (~62, ~63, ~69, 105, 129, 167) [subsumption resolution 52246,990]
52248. $false <- (~62, ~63, ~69, 105, 129, 167) [subsumption resolution 52247,19]
52249. 62 | 63 | 69 | ~105 | ~129 | ~167 [avatar contradiction clause 52248]
52346. ~group_element(e_3) | product(e_3,e_3,e_1) | product(e_3,e_4,e_1) | equalish(e_1,e_3) <- (~22, 95) [resolution 1284,526]
52347. ~group_element(e_2) | product(e_2,e_3,e_1) | product(e_2,e_4,e_1) | equalish(e_1,e_2) <- (~46, 95) [resolution 1284,792]
53470. product(e_1,e_2,e_3) | product(e_2,e_4,e_2) | product(e_4,e_3,e_2) | ~group_element(e_4) | product(e_4,e_4,e_2) | product(e_1,e_2,e_4) | equalish(e_2,e_1) | ~group_element(e_2) <- (~19, 262) [resolution 511,6189]
55028. equalish(e_4,e_1) <- (54, 89) [resolution 25287,836]
55030. equalish(e_4,e_1) | product(e_4,e_4,e_4) | product(e_4,e_4,e_4) | product(e_4,e_4,e_3) | ~group_element(e_4) <- (89) [resolution 25287,9483]
55150. equalish(e_2,e_1) | product(e_1,e_2,e_3) | product(e_2,e_4,e_2) | product(e_4,e_3,e_2) | ~group_element(e_4) | product(e_4,e_4,e_2) | equalish(e_1,e_2) | ~group_element(e_2) | product(e_1,e_2,e_4) <- (89, 258) [resolution 25287,6168]
55185. equalish(e_4,e_1) | product(e_4,e_4,e_4) | product(e_4,e_4,e_3) | ~group_element(e_4) <- (89) [duplicate literal removal 55030]
55186. $false <- (54, 89) [subsumption resolution 55028,18]
55187. ~54 | ~89 [avatar contradiction clause 55186]
55188. product(e_4,e_4,e_4) | product(e_4,e_4,e_3) | ~group_element(e_4) <- (89) [subsumption resolution 55185,18]
55231. equalish(e_2,e_1) | product(e_1,e_2,e_3) | product(e_4,e_3,e_2) | ~group_element(e_4) | product(e_4,e_4,e_2) | equalish(e_1,e_2) | ~group_element(e_2) | product(e_1,e_2,e_4) <- (89, 258) [subsumption resolution 55150,25284]
55232. product(e_1,e_2,e_3) | product(e_4,e_3,e_2) | ~group_element(e_4) | product(e_4,e_4,e_2) | equalish(e_1,e_2) | ~group_element(e_2) | product(e_1,e_2,e_4) <- (89, 258) [subsumption resolution 55231,12]
55233. product(e_4,e_3,e_2) | ~group_element(e_4) | product(e_4,e_4,e_2) | equalish(e_1,e_2) | ~group_element(e_2) | product(e_1,e_2,e_4) <- (~80, 89, 258) [subsumption resolution 55232,1137]
55234. ~group_element(e_4) | product(e_4,e_4,e_2) | equalish(e_1,e_2) | ~group_element(e_2) | product(e_1,e_2,e_4) <- (~12, ~80, 89, 258) [subsumption resolution 55233,479]
55235. product(e_4,e_4,e_2) | equalish(e_1,e_2) | ~group_element(e_2) | product(e_1,e_2,e_4) <- (~12, ~80, 89, 258) [subsumption resolution 55234,8]
55236. product(e_4,e_4,e_2) | ~group_element(e_2) | product(e_1,e_2,e_4) <- (~12, ~80, 89, 258) [subsumption resolution 55235,9]
55237. product(e_4,e_4,e_2) | product(e_1,e_2,e_4) <- (~12, ~80, 89, 258) [subsumption resolution 55236,6]
55238. product(e_4,e_4,e_2) <- (~12, ~79, ~80, 89, 258) [subsumption resolution 55237,1133]
55239. 54 | 12 | 79 | 80 | ~89 | ~258 [avatar split clause 55238,6167,1257,1136,1132,478,834]
55275. product(e_1,e_2,e_3) | product(e_4,e_3,e_2) | ~group_element(e_4) | product(e_4,e_4,e_2) | product(e_1,e_2,e_4) | equalish(e_2,e_1) | ~group_element(e_2) <- (~19, 89, 262) [subsumption resolution 53470,25284]
55276. product(e_4,e_3,e_2) | ~group_element(e_4) | product(e_4,e_4,e_2) | product(e_1,e_2,e_4) | equalish(e_2,e_1) | ~group_element(e_2) <- (~19, ~80, 89, 262) [subsumption resolution 55275,1137]
55277. ~group_element(e_4) | product(e_4,e_4,e_2) | product(e_1,e_2,e_4) | equalish(e_2,e_1) | ~group_element(e_2) <- (~12, ~19, ~80, 89, 262) [subsumption resolution 55276,479]
55278. product(e_4,e_4,e_2) | product(e_1,e_2,e_4) | equalish(e_2,e_1) | ~group_element(e_2) <- (~12, ~19, ~80, 89, 262) [subsumption resolution 55277,8]
55279. product(e_4,e_4,e_2) | equalish(e_2,e_1) | ~group_element(e_2) <- (~12, ~19, ~79, ~80, 89, 262) [subsumption resolution 55278,1133]
55280. product(e_4,e_4,e_2) | ~group_element(e_2) <- (~12, ~19, ~79, ~80, 89, 262) [subsumption resolution 55279,12]
55281. product(e_4,e_4,e_2) <- (~12, ~19, ~79, ~80, 89, 262) [subsumption resolution 55280,6]
55282. 54 | 12 | 19 | 79 | 80 | ~89 | ~262 [avatar split clause 55281,6188,1257,1136,1132,510,478,834]
55309. product(e_4,e_4,e_4) | ~group_element(e_4) <- (89, ~370) [subsumption resolution 55188,14550]
55310. product(e_4,e_4,e_4) <- (89, ~370) [subsumption resolution 55309,8]
55311. 163 | ~89 | 370 [avatar split clause 55310,14549,1257,5330]
55357. ~product(X0,e_4,e_4) | equalish(X0,e_4) <- (163) [resolution 5332,24]
55426. product(e_3,e_1,e_2) | product(e_3,e_1,e_2) | product(e_3,e_1,e_4) | product(e_3,e_1,e_3) | ~group_element(e_1) | product(e_3,e_1,e_4) | product(e_3,e_1,e_3) | ~group_element(e_3) <- (~94, 240) [resolution 6056,1280]
55543. product(e_3,e_1,e_2) | product(e_3,e_1,e_4) | product(e_3,e_1,e_3) | ~group_element(e_1) | ~group_element(e_3) <- (~94, 240) [duplicate literal removal 55426]
55765. equalish(e_3,e_1) <- (12, 89) [resolution 480,25287]
55779. $false <- (12, 89) [subsumption resolution 55765,15]
55780. ~12 | ~89 [avatar contradiction clause 55779]
55847. product(e_2,e_3,e_1) | product(e_2,e_4,e_1) | equalish(e_1,e_2) <- (~46, 95) [subsumption resolution 52347,6]
55848. product(e_2,e_4,e_1) | equalish(e_1,e_2) <- (44, ~46, 95) [subsumption resolution 55847,42234]
55849. product(e_2,e_4,e_1) <- (44, ~46, 95) [subsumption resolution 55848,9]
55850. 76 | ~44 | 46 | ~95 [avatar split clause 55849,1283,791,780,1118]
55859. product(e_4,e_1,e_1) | product(e_3,e_1,e_1) | ~group_element(e_1) | product(e_2,e_4,e_1) | product(e_2,e_3,e_1) | ~group_element(e_2) <- (36, ~69, 195) [subsumption resolution 51660,990]
55860. product(e_3,e_1,e_1) | ~group_element(e_1) | product(e_2,e_4,e_1) | product(e_2,e_3,e_1) | ~group_element(e_2) <- (36, ~63, ~69, 195) [subsumption resolution 55859,957]
55861. ~group_element(e_1) | product(e_2,e_4,e_1) | product(e_2,e_3,e_1) | ~group_element(e_2) <- (36, ~62, ~63, ~69, 195) [subsumption resolution 55860,953]
55862. product(e_2,e_4,e_1) | product(e_2,e_3,e_1) | ~group_element(e_2) <- (36, ~62, ~63, ~69, 195) [subsumption resolution 55861,5]
55863. product(e_2,e_4,e_1) | product(e_2,e_3,e_1) <- (36, ~62, ~63, ~69, 195) [subsumption resolution 55862,6]
55864. 77 | 76 | ~36 | 62 | 63 | 69 | ~195 [avatar split clause 55863,5685,989,956,952,740,1118,1122]
55875. product(e_2,e_4,e_1) | product(e_2,e_3,e_1) | ~group_element(e_2) | ~group_element(e_1) | product(e_3,e_1,e_1) | product(e_4,e_1,e_1) <- (36, ~69, 188) [subsumption resolution 51663,990]
55876. product(e_2,e_4,e_1) | product(e_2,e_3,e_1) | ~group_element(e_1) | product(e_3,e_1,e_1) | product(e_4,e_1,e_1) <- (36, ~69, 188) [subsumption resolution 55875,6]
55877. product(e_2,e_4,e_1) | product(e_2,e_3,e_1) | product(e_3,e_1,e_1) | product(e_4,e_1,e_1) <- (36, ~69, 188) [subsumption resolution 55876,5]
55878. product(e_2,e_4,e_1) | product(e_2,e_3,e_1) | product(e_4,e_1,e_1) <- (36, ~62, ~69, 188) [subsumption resolution 55877,953]
55879. product(e_2,e_4,e_1) | product(e_2,e_3,e_1) <- (36, ~62, ~63, ~69, 188) [subsumption resolution 55878,957]
55880. 77 | 76 | ~36 | 62 | 63 | 69 | ~188 [avatar split clause 55879,5631,989,956,952,740,1118,1122]
56699. ~group_element(e_4) | product(e_4,e_1,e_2) | product(e_4,e_1,e_3) | product(e_4,e_1,e_4) <- (~63) [subsumption resolution 25131,5]
56700. product(e_4,e_1,e_2) | product(e_4,e_1,e_3) | product(e_4,e_1,e_4) <- (~63) [subsumption resolution 56699,8]
56760. ~product(X0,e_1,e_3) | equalish(X0,e_2) <- (58) [resolution 937,24]
56986. ~product(e_4,e_1,X0) | equalish(X0,e_3) <- (102) [resolution 1323,22]
56987. ~product(e_4,X0,e_3) | equalish(X0,e_1) <- (102) [resolution 1323,23]
57420. ~group_element(e_2) | product(e_2,e_3,e_2) | product(e_2,e_3,e_3) | product(e_2,e_3,e_4) | product(e_1,e_2,e_1) | ~group_element(e_3) <- (84) [resolution 1162,39]
64976. product(X0,e_2,e_4) | ~product(e_3,X0,e_2) <- (142) [resolution 5163,4]
69668. equalish(e_1,e_4) <- (105, 163) [resolution 55357,1854]
69774. $false <- (105, 163) [subsumption resolution 69668,11]
69775. ~105 | ~163 [avatar contradiction clause 69774]
69858. ~product(e_3,e_4,X0) | equalish(X0,e_4) <- (321) [resolution 9184,22]
69860. ~product(X0,e_4,e_4) | equalish(X0,e_3) <- (321) [resolution 9184,24]
70511. product(e_2,e_1,e_1) | product(e_3,e_2,e_3) | ~group_element(e_2) | product(e_3,e_3,e_2) | ~group_element(e_3) | product(e_4,e_3,e_2) | product(e_3,e_2,e_4) | product(e_2,e_1,e_2) <- (~44) [resolution 781,2862]
70582. product(e_3,e_2,e_3) | ~group_element(e_2) | product(e_3,e_3,e_2) | ~group_element(e_3) | product(e_4,e_3,e_2) | product(e_3,e_2,e_4) | product(e_2,e_1,e_2) <- (~44, ~69) [subsumption resolution 70511,990]
70583. product(e_3,e_2,e_3) | product(e_3,e_3,e_2) | ~group_element(e_3) | product(e_4,e_3,e_2) | product(e_3,e_2,e_4) | product(e_2,e_1,e_2) <- (~44, ~69) [subsumption resolution 70582,6]
70584. product(e_3,e_2,e_3) | ~group_element(e_3) | product(e_4,e_3,e_2) | product(e_3,e_2,e_4) | product(e_2,e_1,e_2) <- (~44, ~69, 142) [subsumption resolution 70583,64976]
70585. product(e_3,e_2,e_3) | product(e_4,e_3,e_2) | product(e_3,e_2,e_4) | product(e_2,e_1,e_2) <- (~44, ~69, 142) [subsumption resolution 70584,7]
70595. product(e_3,e_2,e_3) | product(e_4,e_3,e_2) | product(e_2,e_1,e_2) <- (~7, ~44, ~69, 142) [subsumption resolution 70585,457]
70596. product(e_3,e_2,e_3) | product(e_4,e_3,e_2) <- (~7, ~44, ~59, ~69, 142) [subsumption resolution 70595,940]
70597. 12 | 8 | 7 | 44 | 59 | 69 | ~142 [avatar split clause 70596,5161,989,939,780,456,460,478]
72776. ~product(e_3,e_4,X0) | product(e_4,e_4,X0) <- (140) [resolution 5155,25]
73462. equalish(e_2,X0) | product(X0,e_1,e_4) | product(X0,e_1,e_3) | ~group_element(e_2) | ~group_element(X0) | product(e_2,e_3,e_1) | product(e_2,e_4,e_1) | product(X0,e_1,e_2) | equalish(e_4,e_1) <- (126) [resolution 1657,3037]
73465. equalish(e_2,X0) | product(X0,e_1,e_4) | product(X0,e_1,e_3) | ~group_element(e_2) | ~group_element(X0) | product(e_2,e_3,e_1) | product(e_2,e_4,e_1) | product(X0,e_1,e_2) | equalish(e_3,e_1) <- (135) [resolution 1657,4774]
74940. ~product(e_3,e_3,X0) | product(e_3,e_4,X0) <- (176) [resolution 5484,25]
76084. equalish(e_1,e_4) <- (85, 321) [resolution 69858,1169]
76115. $false <- (85, 321) [subsumption resolution 76084,11]
76116. ~85 | ~321 [avatar contradiction clause 76115]
76389. product(e_3,e_3,e_1) | product(e_3,e_4,e_1) | equalish(e_1,e_3) <- (~22, 95) [subsumption resolution 52346,7]
76390. product(e_3,e_4,e_1) | equalish(e_1,e_3) <- (~22, 95, 176) [subsumption resolution 76389,74940]
76391. product(e_3,e_4,e_1) <- (~22, 95, 176) [subsumption resolution 76390,10]
76392. 85 | 22 | ~95 | ~176 [avatar split clause 76391,5482,1283,525,1167]
80458. equalish(e_1,e_3) <- (105, 321) [resolution 69860,1854]
80564. $false <- (105, 321) [subsumption resolution 80458,10]
80565. ~105 | ~321 [avatar contradiction clause 80564]
80593. product(e_2,e_1,X0) | product(e_2,e_4,e_1) | product(e_4,e_1,X0) | ~group_element(X0) | product(e_3,e_1,X0) | product(e_3,e_4,e_1) | product(e_4,e_4,e_1) [subsumption resolution 6798,8]
80594. product(e_2,e_1,X0) | product(e_2,e_4,e_1) | product(e_4,e_1,X0) | ~group_element(X0) | product(e_3,e_1,X0) | product(e_4,e_4,e_1) <- (140) [subsumption resolution 80593,72776]
80871. equalish(e_2,X0) | product(X0,e_1,e_4) | product(X0,e_1,e_3) | ~group_element(X0) | product(e_2,e_3,e_1) | product(e_2,e_4,e_1) | product(X0,e_1,e_2) | equalish(e_3,e_1) <- (135) [subsumption resolution 73465,6]
80872. equalish(e_2,X0) | product(X0,e_1,e_4) | product(X0,e_1,e_3) | ~group_element(X0) | product(e_2,e_3,e_1) | product(e_2,e_4,e_1) | product(X0,e_1,e_2) <- (135) [subsumption resolution 80871,15]
80873. 76 | 77 | 67 | ~135 [avatar split clause 80872,4772,977,1122,1118]
80874. equalish(e_2,X0) | product(X0,e_1,e_4) | product(X0,e_1,e_3) | ~group_element(X0) | product(e_2,e_3,e_1) | product(e_2,e_4,e_1) | product(X0,e_1,e_2) | equalish(e_4,e_1) <- (126) [subsumption resolution 73462,6]
80875. equalish(e_2,X0) | product(X0,e_1,e_4) | product(X0,e_1,e_3) | ~group_element(X0) | product(e_2,e_3,e_1) | product(e_2,e_4,e_1) | product(X0,e_1,e_2) <- (126) [subsumption resolution 80874,18]
80876. 76 | 77 | 67 | ~126 [avatar split clause 80875,3035,977,1122,1118]
82538. product(e_2,e_3,e_2) | product(e_2,e_3,e_3) | product(e_2,e_3,e_4) | product(e_1,e_2,e_1) | ~group_element(e_3) <- (84) [subsumption resolution 57420,6]
82539. product(e_2,e_3,e_3) | product(e_2,e_3,e_4) | product(e_1,e_2,e_1) | ~group_element(e_3) <- (~44, 84) [subsumption resolution 82538,781]
82540. product(e_2,e_3,e_4) | product(e_1,e_2,e_1) | ~group_element(e_3) <- (~44, 84, ~323) [subsumption resolution 82539,9192]
82541. product(e_2,e_3,e_4) | ~group_element(e_3) <- (~44, ~75, 84, ~323) [subsumption resolution 82540,1050]
82542. product(e_2,e_3,e_4) <- (~44, ~75, 84, ~323) [subsumption resolution 82541,7]
82543. 142 | 44 | 75 | ~84 | 323 [avatar split clause 82542,9191,1160,1049,780,5161]
88089. product(e_3,e_1,e_1) | product(e_2,e_3,e_3) | ~group_element(e_3) | product(e_3,e_2,e_3) | ~group_element(e_2) | product(e_4,e_2,e_3) | product(e_2,e_3,e_4) | product(e_3,e_1,e_2) <- (~135) [resolution 4773,2862]
88128. product(e_1,e_1,e_2) | product(e_3,e_2,e_3) | product(e_2,e_3,e_3) | ~group_element(e_3) | ~group_element(e_2) | product(e_2,e_4,e_3) | product(e_4,e_2,e_3) | product(e_1,e_2,e_2) <- (~135) [resolution 4773,3128]
89639. equalish(e_4,e_2) <- (58, 102) [resolution 56760,1323]
89745. $false <- (58, 102) [subsumption resolution 89639,19]
89746. ~58 | ~102 [avatar contradiction clause 89745]
89747. product(e_3,e_2,e_3) | product(e_2,e_3,e_3) | ~group_element(e_3) | ~group_element(e_2) | product(e_2,e_4,e_3) | product(e_4,e_2,e_3) | product(e_1,e_2,e_2) <- (~87, ~135) [subsumption resolution 88128,1248]
89759. product(e_2,e_3,e_3) | ~group_element(e_3) | product(e_3,e_2,e_3) | ~group_element(e_2) | product(e_4,e_2,e_3) | product(e_2,e_3,e_4) | product(e_3,e_1,e_2) <- (~62, ~135) [subsumption resolution 88089,953]
91542. 129 | 76 | 180 | ~140 [avatar split clause 80594,5153,5541,1118,4037]
93414. product(e_2,e_3,e_3) | product(e_3,e_2,e_3) | ~group_element(e_2) | product(e_4,e_2,e_3) | product(e_2,e_3,e_4) | product(e_3,e_1,e_2) <- (~62, ~135) [subsumption resolution 89759,7]
93415. product(e_2,e_3,e_3) | ~group_element(e_2) | product(e_4,e_2,e_3) | product(e_2,e_3,e_4) | product(e_3,e_1,e_2) <- (~8, ~62, ~135) [subsumption resolution 93414,461]
93416. product(e_2,e_3,e_3) | product(e_4,e_2,e_3) | product(e_2,e_3,e_4) | product(e_3,e_1,e_2) <- (~8, ~62, ~135) [subsumption resolution 93415,6]
93417. product(e_2,e_3,e_3) | product(e_2,e_3,e_4) | product(e_3,e_1,e_2) <- (~8, ~62, ~134, ~135) [subsumption resolution 93416,4769]
93418. product(e_2,e_3,e_3) | product(e_2,e_3,e_4) <- (~8, ~62, ~84, ~134, ~135) [subsumption resolution 93417,1161]
93419. 142 | 323 | 8 | 62 | 84 | 134 | 135 [avatar split clause 93418,4772,4768,1160,952,460,9191,5161]
93424. product(e_2,e_3,e_3) | ~group_element(e_3) | ~group_element(e_2) | product(e_2,e_4,e_3) | product(e_4,e_2,e_3) | product(e_1,e_2,e_2) <- (~8, ~87, ~135) [subsumption resolution 89747,461]
93425. product(e_2,e_3,e_3) | ~group_element(e_2) | product(e_2,e_4,e_3) | product(e_4,e_2,e_3) | product(e_1,e_2,e_2) <- (~8, ~87, ~135) [subsumption resolution 93424,7]
93426. product(e_2,e_3,e_3) | product(e_2,e_4,e_3) | product(e_4,e_2,e_3) | product(e_1,e_2,e_2) <- (~8, ~87, ~135) [subsumption resolution 93425,6]
93427. product(e_2,e_3,e_3) | product(e_4,e_2,e_3) | product(e_1,e_2,e_2) <- (~8, ~87, 126, ~135) [subsumption resolution 93426,35923]
93428. product(e_2,e_3,e_3) | product(e_1,e_2,e_2) <- (~8, ~87, 126, ~134, ~135) [subsumption resolution 93427,4769]
93429. product(e_2,e_3,e_3) <- (~8, ~36, ~87, 126, ~134, ~135) [subsumption resolution 93428,741]
93430. 323 | 8 | 36 | 87 | ~126 | 134 | 135 [avatar split clause 93429,4772,4768,3035,1247,740,460,9191]
93449. product(e_2,X0,e_1) | ~product(X0,e_1,e_3) <- (80) [resolution 1138,3]
93454. ~product(e_2,e_3,X0) | product(e_3,e_1,X0) <- (80) [resolution 1138,25]
93459. ~group_element(e_3) | product(e_3,e_1,e_2) | product(e_3,e_1,e_3) | product(e_3,e_1,e_4) | product(e_2,e_3,e_1) | ~group_element(e_1) <- (80) [resolution 1138,39]
93505. ~product(X0,e_4,e_3) | equalish(X0,e_3) <- (264) [resolution 6205,24]
93533. ~product(e_2,e_3,X0) | equalish(X0,e_3) <- (323) [resolution 9193,22]
96623. ~group_element(e_2) | product(e_2,e_4,e_2) | product(e_2,e_4,e_3) | product(e_2,e_4,e_4) | product(e_2,e_2,e_1) | ~group_element(e_4) <- (19) [resolution 512,39]
98022. product(e_1,e_2,e_2) | product(e_1,e_3,e_1) | product(e_3,e_1,e_3) | ~group_element(e_2) | product(e_2,e_3,e_3) | ~group_element(e_3) | product(e_2,e_3,e_4) | product(e_3,e_1,e_4) <- (~44, 207) [resolution 781,5776]
98041. product(e_1,e_2,e_2) | product(e_3,e_1,e_3) | product(e_3,e_1,e_4) | ~group_element(e_2) | ~group_element(e_3) | product(e_2,e_3,e_3) | product(e_2,e_3,e_4) | equalish(e_3,e_1) <- (~44, ~62, ~63, ~69) [resolution 781,51754]
98107. product(e_1,e_2,e_2) | product(e_1,e_3,e_1) | product(e_3,e_1,e_3) | ~group_element(e_2) | ~group_element(e_3) | product(e_2,e_3,e_4) | product(e_3,e_1,e_4) <- (~44, 80, 207) [subsumption resolution 98022,93454]
98108. product(e_1,e_2,e_2) | product(e_1,e_3,e_1) | product(e_3,e_1,e_3) | ~group_element(e_2) | ~group_element(e_3) | product(e_3,e_1,e_4) <- (~44, 80, 207) [subsumption resolution 98107,93454]
98119. product(e_1,e_2,e_2) | product(e_3,e_1,e_3) | product(e_3,e_1,e_4) | ~group_element(e_2) | ~group_element(e_3) | product(e_2,e_3,e_4) | equalish(e_3,e_1) <- (~44, ~62, ~63, ~69, 80) [subsumption resolution 98041,93454]
98120. product(e_1,e_2,e_2) | product(e_3,e_1,e_3) | product(e_3,e_1,e_4) | ~group_element(e_2) | ~group_element(e_3) | equalish(e_3,e_1) <- (~44, ~62, ~63, ~69, 80) [subsumption resolution 98119,93454]
103635. product(e_1,e_1,e_4) | product(e_3,e_4,e_3) | product(e_4,e_3,e_3) | ~group_element(e_3) | ~group_element(e_4) | product(e_4,e_4,e_3) | product(e_4,e_4,e_3) | product(e_1,e_2,e_4) <- (~134) [resolution 4769,3128]
103666. product(e_1,e_1,e_4) | product(e_3,e_4,e_3) | product(e_4,e_3,e_3) | ~group_element(e_3) | ~group_element(e_4) | product(e_4,e_4,e_3) | product(e_1,e_2,e_4) <- (~134) [duplicate literal removal 103635]
109317. equalish(e_4,e_3) <- (264, 370) [resolution 93505,14551]
109389. $false <- (264, 370) [subsumption resolution 109317,20]
109390. ~264 | ~370 [avatar contradiction clause 109389]
109418. product(e_2,e_4,e_2) | product(e_2,e_4,e_3) | product(e_2,e_4,e_4) | product(e_2,e_2,e_1) | ~group_element(e_4) <- (19) [subsumption resolution 96623,6]
109419. product(e_2,e_4,e_2) | product(e_2,e_4,e_4) | product(e_2,e_2,e_1) | ~group_element(e_4) <- (19, ~233) [subsumption resolution 109418,6009]
109420. product(e_2,e_4,e_2) | product(e_2,e_2,e_1) | ~group_element(e_4) <- (19, ~232, ~233) [subsumption resolution 109419,6005]
109421. product(e_2,e_4,e_2) | product(e_2,e_2,e_1) <- (19, ~232, ~233) [subsumption resolution 109420,8]
109422. 46 | 43 | ~19 | 232 | 233 [avatar split clause 109421,6008,6004,510,776,791]
110164. product(e_3,e_1,e_3) | product(e_3,e_1,e_4) | ~group_element(e_2) | ~group_element(e_3) | equalish(e_3,e_1) <- (~36, ~44, ~62, ~63, ~69, 80) [subsumption resolution 98120,741]
110165. product(e_3,e_1,e_4) | ~group_element(e_2) | ~group_element(e_3) | equalish(e_3,e_1) <- (~36, ~44, ~62, ~63, ~69, 80, ~83) [subsumption resolution 110164,1157]
110166. product(e_3,e_1,e_4) | ~group_element(e_3) | equalish(e_3,e_1) <- (~36, ~44, ~62, ~63, ~69, 80, ~83) [subsumption resolution 110165,6]
110167. product(e_3,e_1,e_4) | equalish(e_3,e_1) <- (~36, ~44, ~62, ~63, ~69, 80, ~83) [subsumption resolution 110166,7]
110168. product(e_3,e_1,e_4) <- (~36, ~44, ~62, ~63, ~69, 80, ~83) [subsumption resolution 110167,15]
110169. 82 | 36 | 44 | 62 | 63 | 69 | ~80 | 83 [avatar split clause 110168,1156,1136,989,956,952,780,740,1152]
110192. product(e_1,e_3,e_1) | product(e_3,e_1,e_3) | ~group_element(e_2) | ~group_element(e_3) | product(e_3,e_1,e_4) <- (~36, ~44, 80, 207) [subsumption resolution 98108,741]
110193. product(e_3,e_1,e_3) | ~group_element(e_2) | ~group_element(e_3) | product(e_3,e_1,e_4) <- (~36, ~44, ~74, 80, 207) [subsumption resolution 110192,1046]
110194. ~group_element(e_2) | ~group_element(e_3) | product(e_3,e_1,e_4) <- (~36, ~44, ~74, 80, ~83, 207) [subsumption resolution 110193,1157]
110195. ~group_element(e_3) | product(e_3,e_1,e_4) <- (~36, ~44, ~74, 80, ~83, 207) [subsumption resolution 110194,6]
110196. product(e_3,e_1,e_4) <- (~36, ~44, ~74, 80, ~83, 207) [subsumption resolution 110195,7]
110197. 82 | 36 | 44 | 74 | ~80 | 83 | ~207 [avatar split clause 110196,5775,1156,1136,1045,780,740,1152]
110228. product(e_3,e_1,e_2) | product(e_3,e_1,e_3) | product(e_3,e_1,e_4) | product(e_2,e_3,e_1) | ~group_element(e_1) <- (80) [subsumption resolution 93459,7]
110229. product(e_3,e_1,e_2) | product(e_3,e_1,e_4) | product(e_2,e_3,e_1) | ~group_element(e_1) <- (80) [subsumption resolution 110228,93449]
110230. product(e_3,e_1,e_2) | product(e_3,e_1,e_4) | ~group_element(e_1) <- (~77, 80) [subsumption resolution 110229,1123]
110231. product(e_3,e_1,e_2) | product(e_3,e_1,e_4) <- (~77, 80) [subsumption resolution 110230,5]
110232. 82 | 84 | 77 | ~80 [avatar split clause 110231,1136,1122,1160,1152]
110820. product(e_3,e_4,e_3) | product(e_4,e_3,e_3) | ~group_element(e_3) | ~group_element(e_4) | product(e_4,e_4,e_3) | product(e_1,e_2,e_4) <- (~93, ~134) [subsumption resolution 103666,1276]
110821. product(e_3,e_4,e_3) | ~group_element(e_3) | ~group_element(e_4) | product(e_4,e_4,e_3) | product(e_1,e_2,e_4) <- (~93, ~134, ~176) [subsumption resolution 110820,5483]
110822. product(e_3,e_4,e_3) | ~group_element(e_4) | product(e_4,e_4,e_3) | product(e_1,e_2,e_4) <- (~93, ~134, ~176) [subsumption resolution 110821,7]
110823. product(e_3,e_4,e_3) | product(e_4,e_4,e_3) | product(e_1,e_2,e_4) <- (~93, ~134, ~176) [subsumption resolution 110822,8]
110824. product(e_3,e_4,e_3) | product(e_4,e_4,e_3) <- (~79, ~93, ~134, ~176) [subsumption resolution 110823,1133]
110825. 370 | 264 | 79 | 93 | 134 | 176 [avatar split clause 110824,5482,4768,1275,1132,6203,14549]
111181. ~product(e_2,X0,e_4) | equalish(X0,e_1) <- (57) [resolution 933,23]
111392. ~group_element(e_4) | product(e_4,e_1,e_3) | product(e_4,e_1,e_4) | equalish(e_1,e_4) <- (~89, 266) [resolution 1258,6248]
115094. product(e_3,e_4,e_2) | product(e_2,e_4,e_4) | ~group_element(e_4) | product(e_2,e_4,e_3) | product(e_3,e_4,e_3) | product(e_3,e_4,e_4) <- (~43) [resolution 777,8133]
118783. equalish(e_2,X0) | product(e_4,X0,e_1) | product(e_3,X0,e_1) | ~group_element(e_2) | ~group_element(X0) | product(e_1,e_2,e_3) | product(e_1,e_2,e_4) | product(e_2,X0,e_1) | equalish(e_4,e_1) <- (19) [resolution 2609,512]
118801. equalish(e_2,X0) | product(e_4,X0,e_1) | product(e_3,X0,e_1) | ~group_element(e_2) | ~group_element(X0) | product(e_1,e_2,e_3) | product(e_1,e_2,e_4) | product(e_2,X0,e_1) | equalish(e_2,e_1) <- (40) [resolution 2609,763]
119248. equalish(e_2,e_3) <- (44, 323) [resolution 93533,782]
119375. $false <- (44, 323) [subsumption resolution 119248,13]
119376. ~44 | ~323 [avatar contradiction clause 119375]
119436. product(e_2,e_3,e_3) | product(e_4,e_2,e_3) | product(e_1,e_2,e_2) <- (~8, ~87, ~135, ~233) [subsumption resolution 93426,6009]
119437. product(e_2,e_3,e_3) | product(e_1,e_2,e_2) <- (~8, ~87, ~134, ~135, ~233) [subsumption resolution 119436,4769]
119438. product(e_2,e_3,e_3) <- (~8, ~36, ~87, ~134, ~135, ~233) [subsumption resolution 119437,741]
119439. 323 | 8 | 36 | 87 | 134 | 135 | 233 [avatar split clause 119438,6008,4772,4768,1247,740,460,9191]
119455. product(e_3,e_4,e_2) | ~group_element(e_4) | product(e_2,e_4,e_3) | product(e_3,e_4,e_3) | product(e_3,e_4,e_4) <- (~43, ~232) [subsumption resolution 115094,6005]
119456. product(e_3,e_4,e_2) | product(e_2,e_4,e_3) | product(e_3,e_4,e_3) | product(e_3,e_4,e_4) <- (~43, ~232) [subsumption resolution 119455,8]
119457. product(e_3,e_4,e_2) | product(e_3,e_4,e_3) | product(e_3,e_4,e_4) <- (~43, ~232, ~233) [subsumption resolution 119456,6009]
119458. product(e_3,e_4,e_2) | product(e_3,e_4,e_3) <- (~43, ~232, ~233, ~321) [subsumption resolution 119457,9183]
119459. 264 | 55 | 43 | 232 | 233 | 321 [avatar split clause 119458,9182,6008,6004,776,838,6203]
120157. equalish(e_2,X0) | product(e_4,X0,e_1) | product(e_3,X0,e_1) | ~group_element(X0) | product(e_1,e_2,e_3) | product(e_1,e_2,e_4) | product(e_2,X0,e_1) | equalish(e_2,e_1) <- (40) [subsumption resolution 118801,6]
120158. equalish(e_2,X0) | product(e_4,X0,e_1) | product(e_3,X0,e_1) | ~group_element(X0) | product(e_1,e_2,e_3) | product(e_2,X0,e_1) | equalish(e_2,e_1) <- (40, ~79) [subsumption resolution 120157,1133]
120159. equalish(e_2,X0) | product(e_4,X0,e_1) | product(e_3,X0,e_1) | ~group_element(X0) | product(e_1,e_2,e_3) | product(e_2,X0,e_1) <- (40, ~79) [subsumption resolution 120158,12]
120160. 80 | 226 | ~40 | 79 [avatar split clause 120159,1132,761,5936,1136]
120161. equalish(e_2,X0) | product(e_4,X0,e_1) | product(e_3,X0,e_1) | ~group_element(X0) | product(e_1,e_2,e_3) | product(e_1,e_2,e_4) | product(e_2,X0,e_1) | equalish(e_4,e_1) <- (19) [subsumption resolution 118783,6]
120162. equalish(e_2,X0) | product(e_4,X0,e_1) | product(e_3,X0,e_1) | ~group_element(X0) | product(e_1,e_2,e_3) | product(e_2,X0,e_1) | equalish(e_4,e_1) <- (19, ~79) [subsumption resolution 120161,1133]
120163. equalish(e_2,X0) | product(e_4,X0,e_1) | product(e_3,X0,e_1) | ~group_element(X0) | product(e_1,e_2,e_3) | product(e_2,X0,e_1) <- (19, ~79) [subsumption resolution 120162,18]
120164. 80 | 226 | ~19 | 79 [avatar split clause 120163,1132,510,5936,1136]
125897. product(X0,e_1,e_2) | product(e_2,X0,e_2) | product(e_4,e_2,e_2) | product(e_3,e_2,e_2) | ~group_element(e_2) | ~group_element(X0) | ~group_element(e_2) | product(e_2,X0,e_3) | product(e_2,X0,e_4) <- (~40) [resolution 762,256]
126058. product(X0,e_1,e_2) | product(e_2,X0,e_2) | product(e_4,e_2,e_2) | product(e_3,e_2,e_2) | ~group_element(e_2) | ~group_element(X0) | product(e_2,X0,e_3) | product(e_2,X0,e_4) <- (~40) [duplicate literal removal 125897]
129579. equalish(e_2,X0) | product(e_4,X0,e_1) | product(e_3,X0,e_1) | ~group_element(e_2) | ~group_element(X0) | product(e_1,e_2,e_3) | product(e_1,e_2,e_4) | product(e_2,X0,e_1) | equalish(e_3,e_1) <- (9) [resolution 466,2609]
129624. equalish(e_2,X0) | product(e_4,X0,e_1) | product(e_3,X0,e_1) | ~group_element(X0) | product(e_1,e_2,e_3) | product(e_1,e_2,e_4) | product(e_2,X0,e_1) | equalish(e_3,e_1) <- (9) [subsumption resolution 129579,6]
129625. equalish(e_2,X0) | product(e_4,X0,e_1) | product(e_3,X0,e_1) | ~group_element(X0) | product(e_1,e_2,e_4) | product(e_2,X0,e_1) | equalish(e_3,e_1) <- (9, ~80) [subsumption resolution 129624,1137]
129626. equalish(e_2,X0) | product(e_4,X0,e_1) | product(e_3,X0,e_1) | ~group_element(X0) | product(e_2,X0,e_1) | equalish(e_3,e_1) <- (9, ~79, ~80) [subsumption resolution 129625,1133]
129627. equalish(e_2,X0) | product(e_4,X0,e_1) | product(e_3,X0,e_1) | ~group_element(X0) | product(e_2,X0,e_1) <- (9, ~79, ~80) [subsumption resolution 129626,15]
129628. 226 | ~9 | 79 | 80 [avatar split clause 129627,1136,1132,464,5936]
129631. product(X0,e_1,e_2) | product(e_2,X0,e_2) | product(e_3,e_2,e_2) | ~group_element(e_2) | ~group_element(X0) | product(e_2,X0,e_3) | product(e_2,X0,e_4) <- (~19, ~40) [subsumption resolution 126058,511]
129632. product(X0,e_1,e_2) | product(e_2,X0,e_2) | product(e_3,e_2,e_2) | ~group_element(X0) | product(e_2,X0,e_3) | product(e_2,X0,e_4) <- (~19, ~40) [subsumption resolution 129631,6]
129633. 9 | 228 | 19 | 40 [avatar split clause 129632,761,510,5959,464]
129852. ~product(X0,e_4,e_4) | equalish(X0,e_4) <- (163) [resolution 5332,24]
130635. product(e_4,e_1,e_1) | product(e_4,e_4,e_3) | ~group_element(e_4) | product(e_3,e_4,e_4) | ~group_element(e_4) | product(e_4,e_4,e_4) | product(e_4,e_4,e_4) | product(e_4,e_1,e_2) <- (~232) [resolution 6005,2862]
130680. product(e_4,e_1,e_1) | product(e_4,e_4,e_3) | ~group_element(e_4) | product(e_3,e_4,e_4) | product(e_4,e_4,e_4) | product(e_4,e_1,e_2) <- (~232) [duplicate literal removal 130635]
142554. ~product(e_2,X0,e_3) | equalish(X0,e_3) <- (323) [resolution 9193,23]
145433. equalish(e_1,e_3) | equalish(e_1,e_3) | ~group_element(e_3) | product(e_4,e_1,e_3) | product(e_3,e_1,e_3) <- (171, 323) [resolution 142554,5448]
145434. equalish(e_1,e_3) | product(X0,e_1,e_2) | product(X0,e_1,e_3) | ~group_element(e_3) | product(e_4,e_1,e_3) | product(e_3,e_1,e_3) | product(X0,e_1,e_4) | product(X0,e_1,e_3) | ~group_element(X0) <- (239, 323) [resolution 142554,6051]
145540. equalish(e_1,e_3) | product(X0,e_1,e_2) | product(X0,e_1,e_3) | ~group_element(e_3) | product(e_4,e_1,e_3) | product(e_3,e_1,e_3) | product(X0,e_1,e_4) | ~group_element(X0) <- (239, 323) [duplicate literal removal 145434]
145541. equalish(e_1,e_3) | ~group_element(e_3) | product(e_4,e_1,e_3) | product(e_3,e_1,e_3) <- (171, 323) [duplicate literal removal 145433]
147481. equalish(e_2,e_1) <- (102, 134) [resolution 56987,4770]
147556. $false <- (102, 134) [subsumption resolution 147481,12]
147557. ~102 | ~134 [avatar contradiction clause 147556]
147644. product(e_3,e_1,e_1) | product(e_4,e_1,e_1) | equalish(X0,e_1) | ~group_element(X0) | ~group_element(e_1) | product(X0,e_1,e_3) | product(X0,e_1,e_4) | product(e_2,e_1,e_1) | product(e_2,X0,e_4) <- (79) [resolution 1134,1078]
147663. ~product(e_1,e_2,X0) | equalish(X0,e_4) <- (79) [resolution 1134,22]
147665. ~product(X0,e_2,e_4) | equalish(X0,e_1) <- (79) [resolution 1134,24]
147693. product(e_4,e_1,e_1) | equalish(X0,e_1) | ~group_element(X0) | ~group_element(e_1) | product(X0,e_1,e_3) | product(X0,e_1,e_4) | product(e_2,e_1,e_1) | product(e_2,X0,e_4) <- (~62, 79) [subsumption resolution 147644,953]
147694. equalish(X0,e_1) | ~group_element(X0) | ~group_element(e_1) | product(X0,e_1,e_3) | product(X0,e_1,e_4) | product(e_2,e_1,e_1) | product(e_2,X0,e_4) <- (~62, ~63, 79) [subsumption resolution 147693,957]
147695. equalish(X0,e_1) | ~group_element(X0) | product(X0,e_1,e_3) | product(X0,e_1,e_4) | product(e_2,e_1,e_1) | product(e_2,X0,e_4) <- (~62, ~63, 79) [subsumption resolution 147694,5]
147696. equalish(X0,e_1) | ~group_element(X0) | product(X0,e_1,e_3) | product(X0,e_1,e_4) | product(e_2,X0,e_4) <- (~62, ~63, ~69, 79) [subsumption resolution 147695,990]
147697. equalish(X0,e_1) | ~group_element(X0) | product(X0,e_1,e_3) | product(X0,e_1,e_4) <- (57, ~62, ~63, ~69, 79) [subsumption resolution 147696,111181]
147698. 155 | ~57 | 62 | 63 | 69 | ~79 [avatar split clause 147697,1132,989,956,952,931,5259]
147701. equalish(e_3,e_4) <- (163, 321) [resolution 9184,129852]
147739. $false <- (163, 321) [subsumption resolution 147701,17]
147740. ~163 | ~321 [avatar contradiction clause 147739]
148959. equalish(e_4,e_3) <- (101, 102) [resolution 1319,56986]
149011. $false <- (101, 102) [subsumption resolution 148959,20]
149012. ~101 | ~102 [avatar contradiction clause 149011]
149551. product(X0,e_1,e_2) | product(X0,e_1,e_3) | ~group_element(e_3) | product(e_4,e_1,e_3) | product(e_3,e_1,e_3) | product(X0,e_1,e_4) | ~group_element(X0) <- (239, 323) [subsumption resolution 145540,10]
149552. product(X0,e_1,e_2) | product(X0,e_1,e_3) | product(e_4,e_1,e_3) | product(e_3,e_1,e_3) | product(X0,e_1,e_4) | ~group_element(X0) <- (239, 323) [subsumption resolution 149551,7]
149553. product(X0,e_1,e_2) | product(X0,e_1,e_3) | product(e_4,e_1,e_3) | product(X0,e_1,e_4) | ~group_element(X0) <- (~83, 239, 323) [subsumption resolution 149552,1157]
149554. 102 | 165 | 83 | ~239 | ~323 [avatar split clause 149553,9191,6050,1156,5390,1321]
149555. ~group_element(e_3) | product(e_4,e_1,e_3) | product(e_3,e_1,e_3) <- (171, 323) [subsumption resolution 145541,10]
149556. product(e_4,e_1,e_3) | product(e_3,e_1,e_3) <- (171, 323) [subsumption resolution 149555,7]
149557. product(e_4,e_1,e_3) <- (~83, 171, 323) [subsumption resolution 149556,1157]
149558. 102 | 83 | ~171 | ~323 [avatar split clause 149557,9191,5447,1156,1321]
150553. product(e_4,e_1,e_3) | product(e_4,e_1,e_4) | equalish(e_1,e_4) <- (~89, 266) [subsumption resolution 111392,8]
150554. product(e_4,e_1,e_3) | product(e_4,e_1,e_4) <- (~89, 266) [subsumption resolution 150553,11]
150555. 101 | 102 | 89 | ~266 [avatar split clause 150554,6247,1257,1321,1317]
150730. product(e_4,e_4,e_3) | ~group_element(e_4) | product(e_3,e_4,e_4) | product(e_4,e_4,e_4) | product(e_4,e_1,e_2) <- (~63, ~232) [subsumption resolution 130680,957]
150731. ~group_element(e_4) | product(e_3,e_4,e_4) | product(e_4,e_4,e_4) | product(e_4,e_1,e_2) <- (~63, ~232, ~370) [subsumption resolution 150730,14550]
150732. product(e_3,e_4,e_4) | product(e_4,e_4,e_4) | product(e_4,e_1,e_2) <- (~63, ~232, ~370) [subsumption resolution 150731,8]
150733. product(e_3,e_4,e_4) | product(e_4,e_4,e_4) <- (~63, ~89, ~232, ~370) [subsumption resolution 150732,1258]
150734. 163 | 321 | 63 | 89 | 232 | 370 [avatar split clause 150733,14549,6004,1257,956,9182,5330]
150971. product(e_4,e_4,e_2) | product(e_4,e_4,e_4) | product(e_4,e_4,e_3) | ~group_element(e_4) <- (~163) [resolution 5331,9483]
151024. ~product(e_2,X0,e_4) | equalish(X0,e_1) <- (57) [resolution 933,23]
151450. ~product(e_2,e_3,X0) | equalish(X0,e_1) <- (77) [resolution 1124,22]
151614. product(e_1,X0,e_3) | ~product(X0,e_3,e_4) <- (82) [resolution 1154,3]
151617. ~product(e_3,X0,e_4) | equalish(X0,e_1) <- (82) [resolution 1154,23]
151624. ~group_element(e_4) | product(e_4,e_3,e_2) | product(e_4,e_3,e_3) | product(e_4,e_3,e_4) | product(e_1,e_4,e_1) | ~group_element(e_3) <- (82) [resolution 1154,39]
159818. product(X0,e_4,e_1) | ~product(e_4,X0,e_4) <- (129) [resolution 4039,4]
161418. product(e_2,e_1,e_4) | product(e_3,e_3,e_1) | product(e_4,e_3,e_4) | product(e_3,e_3,e_4) | ~group_element(e_4) | product(e_3,e_4,e_1) | equalish(e_3,e_1) | ~group_element(e_3) <- (70, ~142) [resolution 5162,996]
164455. ~product(e_2,e_3,X0) | product(e_3,e_2,X0) <- (135) [resolution 4774,25]
165345. equalish(e_2,e_4) <- (36, 79) [resolution 147663,742]
165424. equalish(e_1,e_4) | product(e_2,e_1,e_2) | product(e_2,e_1,e_3) | ~group_element(e_2) | product(e_2,e_1,e_4) <- (79, 179) [resolution 147663,5521]
165475. $false <- (36, 79) [subsumption resolution 165345,14]
165476. ~36 | ~79 [avatar contradiction clause 165475]
167222. equalish(e_2,e_1) <- (79, 126) [resolution 147665,3037]
167305. equalish(e_2,e_1) | product(e_4,e_1,e_1) | product(e_2,e_4,e_3) | ~group_element(e_4) | product(e_3,e_2,e_4) | ~group_element(e_2) | product(e_4,e_2,e_4) | product(e_2,e_4,e_4) | product(e_4,e_1,e_2) <- (79) [resolution 147665,2862]
167345. $false <- (79, 126) [subsumption resolution 167222,12]
167346. ~79 | ~126 [avatar contradiction clause 167345]
167595. product(e_4,e_1,e_1) | product(e_2,e_4,e_3) | ~group_element(e_4) | product(e_3,e_2,e_4) | ~group_element(e_2) | product(e_4,e_2,e_4) | product(e_2,e_4,e_4) | product(e_4,e_1,e_2) <- (~126) [resolution 3036,2862]
167633. product(e_1,e_1,e_2) | product(e_3,e_2,e_4) | product(e_2,e_3,e_4) | ~group_element(e_4) | ~group_element(e_2) | product(e_2,e_4,e_4) | product(e_4,e_2,e_4) | product(e_1,e_2,e_2) <- (~126) [resolution 3036,3128]
168876. equalish(e_4,e_1) <- (57, 232) [resolution 151024,6006]
169006. $false <- (57, 232) [subsumption resolution 168876,18]
169007. ~57 | ~232 [avatar contradiction clause 169006]
169113. product(e_2,e_1,e_2) | product(e_2,e_1,e_3) | ~group_element(e_2) | product(e_2,e_1,e_4) <- (79, 179) [subsumption resolution 165424,11]
171291. equalish(e_2,e_1) <- (44, 77) [resolution 151450,782]
171295. equalish(e_2,e_1) | product(e_3,e_1,e_2) | ~group_element(e_3) | product(e_2,e_3,e_4) | product(e_2,e_3,e_3) <- (77, 228) [resolution 151450,5960]
171416. $false <- (44, 77) [subsumption resolution 171291,12]
171417. ~44 | ~77 [avatar contradiction clause 171416]
171466. product(e_3,e_1,e_2) | ~group_element(e_3) | product(e_2,e_3,e_4) | product(e_2,e_3,e_3) <- (77, 228) [subsumption resolution 171295,12]
171467. product(e_3,e_1,e_2) | product(e_2,e_3,e_4) | product(e_2,e_3,e_3) <- (77, 228) [subsumption resolution 171466,7]
171468. product(e_3,e_1,e_2) | product(e_2,e_3,e_3) <- (77, ~142, 228) [subsumption resolution 171467,5162]
171469. product(e_3,e_1,e_2) <- (77, ~142, 228, ~323) [subsumption resolution 171468,9192]
171470. 84 | ~77 | 142 | ~228 | 323 [avatar split clause 171469,9191,5959,5161,1122,1160]
171583. product(e_3,e_3,e_1) | product(e_4,e_3,e_4) | product(e_3,e_3,e_4) | ~group_element(e_4) | product(e_3,e_4,e_1) | equalish(e_3,e_1) | ~group_element(e_3) <- (~57, 70, ~142) [subsumption resolution 161418,932]
171584. product(e_4,e_3,e_4) | product(e_3,e_3,e_4) | ~group_element(e_4) | product(e_3,e_4,e_1) | equalish(e_3,e_1) | ~group_element(e_3) <- (~57, 70, ~86, ~142) [subsumption resolution 171583,1172]
171585. product(e_3,e_3,e_4) | ~group_element(e_4) | product(e_3,e_4,e_1) | equalish(e_3,e_1) | ~group_element(e_3) <- (~57, 70, ~86, 129, ~142) [subsumption resolution 171584,159818]
171586. ~group_element(e_4) | product(e_3,e_4,e_1) | equalish(e_3,e_1) | ~group_element(e_3) <- (~57, 70, 82, ~86, 129, ~142) [subsumption resolution 171585,151617]
171587. product(e_3,e_4,e_1) | equalish(e_3,e_1) | ~group_element(e_3) <- (~57, 70, 82, ~86, 129, ~142) [subsumption resolution 171586,8]
171588. equalish(e_3,e_1) | ~group_element(e_3) <- (~57, 70, 82, ~85, ~86, 129, ~142) [subsumption resolution 171587,1168]
171589. ~group_element(e_3) <- (~57, 70, 82, ~85, ~86, 129, ~142) [subsumption resolution 171588,15]
171590. $false <- (~57, 70, 82, ~85, ~86, 129, ~142) [subsumption resolution 171589,7]
171591. 57 | ~70 | ~82 | 85 | 86 | ~129 | 142 [avatar contradiction clause 171590]
171672. product(e_1,e_4,e_3) | product(e_4,e_3,e_2) | product(e_3,e_3,e_2) | ~group_element(e_3) | product(e_1,e_4,e_4) | equalish(e_4,e_1) | ~group_element(e_4) <- (~44, 260) [subsumption resolution 26975,781]
171711. product(e_4,e_4,e_2) | product(e_4,e_4,e_3) | ~group_element(e_4) <- (~163) [subsumption resolution 150971,5331]
171712. product(e_4,e_4,e_2) | product(e_4,e_4,e_3) <- (~163) [subsumption resolution 171711,8]
171713. 370 | 54 | 163 [avatar split clause 171712,5330,834,14549]
171762. product(e_3,e_2,e_4) | product(e_2,e_3,e_4) | ~group_element(e_4) | ~group_element(e_2) | product(e_2,e_4,e_4) | product(e_4,e_2,e_4) | product(e_1,e_2,e_2) <- (~87, ~126) [subsumption resolution 167633,1248]
171763. product(e_3,e_2,e_4) | ~group_element(e_4) | ~group_element(e_2) | product(e_2,e_4,e_4) | product(e_4,e_2,e_4) | product(e_1,e_2,e_2) <- (~87, ~126, 135) [subsumption resolution 171762,164455]
171764. product(e_3,e_2,e_4) | ~group_element(e_2) | product(e_2,e_4,e_4) | product(e_4,e_2,e_4) | product(e_1,e_2,e_2) <- (~87, ~126, 135) [subsumption resolution 171763,8]
171765. product(e_3,e_2,e_4) | product(e_2,e_4,e_4) | product(e_4,e_2,e_4) | product(e_1,e_2,e_2) <- (~87, ~126, 135) [subsumption resolution 171764,6]
172563. product(e_4,e_1,e_1) | product(e_2,e_4,e_3) | ~group_element(e_4) | product(e_3,e_2,e_4) | ~group_element(e_2) | product(e_4,e_2,e_4) | product(e_2,e_4,e_4) | product(e_4,e_1,e_2) <- (79) [subsumption resolution 167305,12]
172564. product(e_2,e_4,e_3) | ~group_element(e_4) | product(e_3,e_2,e_4) | ~group_element(e_2) | product(e_4,e_2,e_4) | product(e_2,e_4,e_4) | product(e_4,e_1,e_2) <- (~63, 79) [subsumption resolution 172563,957]
172565. product(e_2,e_4,e_3) | product(e_3,e_2,e_4) | ~group_element(e_2) | product(e_4,e_2,e_4) | product(e_2,e_4,e_4) | product(e_4,e_1,e_2) <- (~63, 79) [subsumption resolution 172564,8]
172566. product(e_2,e_4,e_3) | product(e_3,e_2,e_4) | product(e_4,e_2,e_4) | product(e_2,e_4,e_4) | product(e_4,e_1,e_2) <- (~63, 79) [subsumption resolution 172565,6]
172567. product(e_2,e_4,e_3) | product(e_3,e_2,e_4) | product(e_2,e_4,e_4) | product(e_4,e_1,e_2) <- (~63, 79, ~125) [subsumption resolution 172566,3032]
172568. 89 | 232 | 7 | 233 | 63 | ~79 | 125 [avatar split clause 172567,3031,1132,956,6008,456,6004,1257]
172569. product(e_2,e_4,e_3) | ~group_element(e_4) | product(e_3,e_2,e_4) | ~group_element(e_2) | product(e_4,e_2,e_4) | product(e_2,e_4,e_4) | product(e_4,e_1,e_2) <- (~63, ~126) [subsumption resolution 167595,957]
172570. product(e_2,e_4,e_3) | product(e_3,e_2,e_4) | ~group_element(e_2) | product(e_4,e_2,e_4) | product(e_2,e_4,e_4) | product(e_4,e_1,e_2) <- (~63, ~126) [subsumption resolution 172569,8]
172571. product(e_2,e_4,e_3) | product(e_3,e_2,e_4) | product(e_4,e_2,e_4) | product(e_2,e_4,e_4) | product(e_4,e_1,e_2) <- (~63, ~126) [subsumption resolution 172570,6]
172572. product(e_2,e_4,e_3) | product(e_3,e_2,e_4) | product(e_2,e_4,e_4) | product(e_4,e_1,e_2) <- (~63, ~125, ~126) [subsumption resolution 172571,3032]
172573. 89 | 232 | 7 | 233 | 63 | 125 | 126 [avatar split clause 172572,3035,3031,956,6008,456,6004,1257]
172624. product(e_2,e_4,e_4) | product(e_4,e_2,e_4) | product(e_1,e_2,e_2) <- (~7, ~87, ~126, 135) [subsumption resolution 171765,457]
172625. product(e_4,e_2,e_4) | product(e_1,e_2,e_2) <- (~7, ~87, ~126, 135, ~232) [subsumption resolution 172624,6005]
172626. product(e_4,e_2,e_4) <- (~7, ~36, ~87, ~126, 135, ~232) [subsumption resolution 172625,741]
172627. 125 | 7 | 36 | 87 | 126 | ~135 | 232 [avatar split clause 172626,6004,4772,3035,1247,740,456,3031]
172845. product(e_1,e_2,e_1) | product(e_2,e_1,e_3) | ~group_element(e_2) | product(e_2,e_1,e_4) <- (~59, 179) [resolution 940,5521]
172910. equalish(e_1,e_2) | ~group_element(e_2) | product(e_4,e_1,e_2) | product(e_3,e_1,e_2) <- (~59, 171) [resolution 940,5448]
173043. product(e_1,X0,e_4) | ~product(X0,e_4,e_2) <- (89) [resolution 1259,3]
173721. equalish(e_4,e_1) <- (79, 125) [resolution 3033,147665]
173786. $false <- (79, 125) [subsumption resolution 173721,18]
173787. ~79 | ~125 [avatar contradiction clause 173786]
174550. product(e_2,e_1,e_3) | ~group_element(e_2) | product(e_2,e_1,e_4) <- (~59, 79, 179) [subsumption resolution 169113,940]
174551. product(e_2,e_1,e_3) | product(e_2,e_1,e_4) <- (~59, 79, 179) [subsumption resolution 174550,6]
174552. 57 | 58 | 59 | ~79 | ~179 [avatar split clause 174551,5520,1132,939,935,931]
174912. equalish(e_4,e_1) | product(e_4,e_1,e_4) | ~group_element(e_4) <- (~102, 155) [resolution 1322,5260]
174938. product(e_4,e_1,e_4) | ~group_element(e_4) <- (~102, 155) [subsumption resolution 174912,18]
174939. ~group_element(e_4) <- (~101, ~102, 155) [subsumption resolution 174938,1318]
174940. $false <- (~101, ~102, 155) [subsumption resolution 174939,8]
174941. 101 | 102 | ~155 [avatar contradiction clause 174940]
176206. product(e_2,e_4,X0) | product(e_4,e_4,X0) | product(e_4,e_4,e_4) | ~group_element(e_4) | product(e_4,e_3,e_4) | ~group_element(X0) | ~group_element(e_4) | product(e_3,e_4,X0) | product(e_4,e_4,X0) <- (~125) [resolution 3032,290]
176218. product(e_1,e_1,e_4) | product(e_3,e_4,e_4) | product(e_4,e_3,e_4) | ~group_element(e_4) | ~group_element(e_4) | product(e_4,e_4,e_4) | product(e_4,e_4,e_4) | product(e_1,e_2,e_4) <- (~125) [resolution 3032,3128]
176226. product(e_1,e_4,e_1) | product(e_4,e_1,e_3) | product(e_4,e_4,e_4) | product(e_4,e_3,e_4) | ~group_element(e_4) | ~group_element(e_4) | equalish(e_2,e_4) | product(e_4,e_1,e_4) <- (~125, 205) [resolution 3032,5763]
176234. product(e_1,e_4,e_3) | product(e_4,e_4,e_2) | product(e_4,e_3,e_4) | ~group_element(e_4) | product(e_4,e_4,e_4) | equalish(e_1,e_4) | ~group_element(e_4) | product(e_1,e_4,e_4) <- (~125, 258) [resolution 3032,6168]
176242. product(e_4,e_1,e_3) | equalish(e_1,e_4) | ~group_element(e_4) | product(e_4,e_1,e_4) | product(e_4,e_3,e_4) | product(e_4,e_4,e_4) | ~group_element(e_4) | equalish(e_2,e_4) <- (~62, ~63, ~69, ~125) [resolution 3032,51742]
176251. product(e_4,e_1,e_3) | equalish(e_1,e_4) | ~group_element(e_4) | product(e_4,e_1,e_4) | product(e_4,e_3,e_4) | product(e_4,e_4,e_4) | equalish(e_2,e_4) <- (~62, ~63, ~69, ~125) [duplicate literal removal 176242]
176259. product(e_1,e_4,e_3) | product(e_4,e_4,e_2) | product(e_4,e_3,e_4) | ~group_element(e_4) | product(e_4,e_4,e_4) | equalish(e_1,e_4) | product(e_1,e_4,e_4) <- (~125, 258) [duplicate literal removal 176234]
176267. product(e_1,e_4,e_1) | product(e_4,e_1,e_3) | product(e_4,e_4,e_4) | product(e_4,e_3,e_4) | ~group_element(e_4) | equalish(e_2,e_4) | product(e_4,e_1,e_4) <- (~125, 205) [duplicate literal removal 176226]
176275. product(e_1,e_1,e_4) | product(e_3,e_4,e_4) | product(e_4,e_3,e_4) | ~group_element(e_4) | product(e_4,e_4,e_4) | product(e_1,e_2,e_4) <- (~125) [duplicate literal removal 176218]
176287. product(e_2,e_4,X0) | product(e_4,e_4,X0) | product(e_4,e_4,e_4) | ~group_element(e_4) | product(e_4,e_3,e_4) | ~group_element(X0) | product(e_3,e_4,X0) <- (~125) [duplicate literal removal 176206]
176295. product(e_1,e_4,e_3) | product(e_4,e_4,e_2) | ~group_element(e_4) | product(e_4,e_4,e_4) | equalish(e_1,e_4) | product(e_1,e_4,e_4) <- (82, ~125, 258) [subsumption resolution 176259,151614]
178228. ~product(e_4,X0,e_3) | equalish(X0,e_4) <- (370) [resolution 14551,23]
178229. ~product(X0,e_4,e_3) | equalish(X0,e_4) <- (370) [resolution 14551,24]
178230. ~product(e_4,e_3,X0) | product(e_3,e_4,X0) <- (370) [resolution 14551,25]
179617. equalish(e_2,X0) | product(X0,e_1,e_4) | product(X0,e_1,e_3) | ~group_element(e_2) | ~group_element(X0) | product(e_2,e_3,e_1) | product(e_2,e_4,e_1) | product(X0,e_1,e_2) | equalish(e_2,e_1) <- (40) [resolution 763,1657]
180868. product(e_4,e_3,e_2) | product(e_2,e_3,e_4) | ~group_element(e_3) | product(e_2,e_3,e_3) | product(e_4,e_3,e_3) | product(e_4,e_3,e_4) <- (~44) [resolution 781,8127]
181480. product(e_1,e_4,e_3) | product(e_4,e_2,e_4) | product(e_4,e_3,e_4) | ~group_element(e_4) | product(e_4,e_4,e_4) | equalish(e_1,e_4) | ~group_element(e_4) | product(e_1,e_4,e_4) <- (~54, 258) [resolution 835,6168]
181501. product(e_1,e_4,e_3) | product(e_4,e_2,e_4) | product(e_4,e_3,e_4) | ~group_element(e_4) | product(e_4,e_4,e_4) | equalish(e_1,e_4) | product(e_1,e_4,e_4) <- (~54, 258) [duplicate literal removal 181480]
181542. product(e_1,e_4,e_3) | product(e_4,e_2,e_4) | ~group_element(e_4) | product(e_4,e_4,e_4) | equalish(e_1,e_4) | product(e_1,e_4,e_4) <- (~54, 82, 258) [subsumption resolution 181501,151614]
183106. product(X0,e_4,e_4) | ~product(e_3,X0,e_4) <- (140) [resolution 5155,4]
185707. product(e_1,e_1,e_3) | product(e_3,e_3,e_4) | product(e_3,e_3,e_4) | ~group_element(e_4) | ~group_element(e_3) | product(e_3,e_4,e_4) | product(e_4,e_3,e_4) | product(e_1,e_2,e_3) <- (~7) [resolution 457,3128]
185738. product(e_1,e_1,e_3) | product(e_3,e_3,e_4) | ~group_element(e_4) | ~group_element(e_3) | product(e_3,e_4,e_4) | product(e_4,e_3,e_4) | product(e_1,e_2,e_3) <- (~7) [duplicate literal removal 185707]
185752. product(e_1,e_1,e_3) | product(e_3,e_3,e_4) | ~group_element(e_4) | ~group_element(e_3) | product(e_3,e_4,e_4) | product(e_1,e_2,e_3) <- (~7, 370) [subsumption resolution 185738,178230]
185753. product(e_3,e_3,e_4) | ~group_element(e_4) | ~group_element(e_3) | product(e_3,e_4,e_4) | product(e_1,e_2,e_3) <- (~7, ~94, 370) [subsumption resolution 185752,1280]
185754. ~group_element(e_4) | ~group_element(e_3) | product(e_3,e_4,e_4) | product(e_1,e_2,e_3) <- (~7, ~94, 140, 370) [subsumption resolution 185753,183106]
185755. ~group_element(e_3) | product(e_3,e_4,e_4) | product(e_1,e_2,e_3) <- (~7, ~94, 140, 370) [subsumption resolution 185754,8]
185756. product(e_3,e_4,e_4) | product(e_1,e_2,e_3) <- (~7, ~94, 140, 370) [subsumption resolution 185755,7]
185766. product(e_1,e_4,e_3) | product(e_3,e_3,e_2) | ~group_element(e_3) | product(e_1,e_4,e_4) | equalish(e_4,e_1) | ~group_element(e_4) <- (~12, ~44, 260) [subsumption resolution 171672,479]
185767. product(e_1,e_4,e_3) | product(e_3,e_3,e_2) | product(e_1,e_4,e_4) | equalish(e_4,e_1) | ~group_element(e_4) <- (~12, ~44, 260) [subsumption resolution 185766,7]
186150. product(e_2,e_1,e_3) | ~group_element(e_2) | product(e_2,e_1,e_4) <- (~59, ~75, 179) [subsumption resolution 172845,1050]
186151. product(e_2,e_1,e_3) | product(e_2,e_1,e_4) <- (~59, ~75, 179) [subsumption resolution 186150,6]
186152. 57 | 58 | 59 | 75 | ~179 [avatar split clause 186151,5520,1049,939,935,931]
186218. equalish(e_2,X0) | product(X0,e_1,e_4) | product(X0,e_1,e_3) | ~group_element(X0) | product(e_2,e_3,e_1) | product(e_2,e_4,e_1) | product(X0,e_1,e_2) | equalish(e_2,e_1) <- (40) [subsumption resolution 179617,6]
186219. equalish(e_2,X0) | product(X0,e_1,e_4) | product(X0,e_1,e_3) | ~group_element(X0) | product(e_2,e_3,e_1) | product(e_2,e_4,e_1) | product(X0,e_1,e_2) <- (40) [subsumption resolution 186218,12]
186220. 76 | 77 | 67 | ~40 [avatar split clause 186219,761,977,1122,1118]
186868. product(e_4,e_2,e_4) | ~group_element(e_4) | product(e_4,e_4,e_4) | equalish(e_1,e_4) | product(e_1,e_4,e_4) <- (~54, 82, 258, 370) [subsumption resolution 181542,178229]
186869. ~group_element(e_4) | product(e_4,e_4,e_4) | equalish(e_1,e_4) | product(e_1,e_4,e_4) <- (~54, 82, ~125, 258, 370) [subsumption resolution 186868,3032]
186870. product(e_4,e_4,e_4) | equalish(e_1,e_4) | product(e_1,e_4,e_4) <- (~54, 82, ~125, 258, 370) [subsumption resolution 186869,8]
186908. product(e_1,e_4,e_3) | ~group_element(e_4) | product(e_4,e_4,e_4) | equalish(e_1,e_4) | product(e_1,e_4,e_4) <- (82, 89, ~125, 258) [subsumption resolution 176295,173043]
186909. ~group_element(e_4) | product(e_4,e_4,e_4) | equalish(e_1,e_4) | product(e_1,e_4,e_4) <- (82, 89, ~125, 258, 370) [subsumption resolution 186908,178229]
186910. product(e_4,e_4,e_4) | equalish(e_1,e_4) | product(e_1,e_4,e_4) <- (82, 89, ~125, 258, 370) [subsumption resolution 186909,8]
186927. product(e_3,e_4,e_4) <- (~7, ~80, ~94, 140, 370) [subsumption resolution 185756,1137]
186928. 321 | 7 | 80 | 94 | ~140 | ~370 [avatar split clause 186927,14549,5153,1279,1136,456,9182]
186973. equalish(e_1,e_4) | ~group_element(e_4) | product(e_4,e_1,e_4) | product(e_4,e_3,e_4) | product(e_4,e_4,e_4) | equalish(e_2,e_4) <- (~62, ~63, ~69, ~125, 370) [subsumption resolution 176251,178228]
186974. ~group_element(e_4) | product(e_4,e_1,e_4) | product(e_4,e_3,e_4) | product(e_4,e_4,e_4) | equalish(e_2,e_4) <- (~62, ~63, ~69, ~125, 370) [subsumption resolution 186973,11]
186975. product(e_4,e_1,e_4) | product(e_4,e_3,e_4) | product(e_4,e_4,e_4) | equalish(e_2,e_4) <- (~62, ~63, ~69, ~125, 370) [subsumption resolution 186974,8]
186976. product(e_4,e_1,e_4) | product(e_4,e_3,e_4) | product(e_4,e_4,e_4) <- (~62, ~63, ~69, ~125, 370) [subsumption resolution 186975,14]
186977. 163 | 140 | 101 | 62 | 63 | 69 | 125 | ~370 [avatar split clause 186976,14549,3031,989,956,952,1317,5153,5330]
186978. product(e_4,e_1,e_3) | product(e_4,e_4,e_4) | product(e_4,e_3,e_4) | ~group_element(e_4) | equalish(e_2,e_4) | product(e_4,e_1,e_4) <- (~73, ~125, 205) [subsumption resolution 176267,1042]
186979. product(e_4,e_1,e_3) | product(e_4,e_4,e_4) | product(e_4,e_3,e_4) | equalish(e_2,e_4) | product(e_4,e_1,e_4) <- (~73, ~125, 205) [subsumption resolution 186978,8]
186980. product(e_4,e_1,e_3) | product(e_4,e_4,e_4) | product(e_4,e_3,e_4) | product(e_4,e_1,e_4) <- (~73, ~125, 205) [subsumption resolution 186979,14]
186981. 101 | 140 | 163 | 102 | 73 | 125 | ~205 [avatar split clause 186980,5762,3031,1041,1321,5330,5153,1317]
186983. product(e_2,e_4,X0) | product(e_4,e_4,X0) | product(e_4,e_4,e_4) | product(e_4,e_3,e_4) | ~group_element(X0) | product(e_3,e_4,X0) <- (~125) [subsumption resolution 176287,8]
186984. 140 | 163 | 320 | 125 [avatar split clause 186983,3031,8975,5330,5153]
186985. product(e_4,e_3,e_2) | product(e_4,e_3,e_3) | product(e_4,e_3,e_4) | product(e_1,e_4,e_1) | ~group_element(e_3) <- (82) [subsumption resolution 151624,8]
186986. product(e_4,e_3,e_3) | product(e_4,e_3,e_4) | product(e_1,e_4,e_1) | ~group_element(e_3) <- (~12, 82) [subsumption resolution 186985,479]
186987. product(e_4,e_3,e_3) | product(e_4,e_3,e_4) | ~group_element(e_3) <- (~12, ~73, 82) [subsumption resolution 186986,1042]
186988. product(e_4,e_3,e_3) | product(e_4,e_3,e_4) <- (~12, ~73, 82) [subsumption resolution 186987,7]
186989. 140 | 176 | 12 | 73 | ~82 [avatar split clause 186988,1152,1041,478,5482,5153]
186990. product(e_4,e_4,e_4) | product(e_1,e_4,e_4) <- (82, 89, ~125, 258, 370) [subsumption resolution 186910,11]
186991. product(e_4,e_4,e_4) <- (82, 89, ~105, ~125, 258, 370) [subsumption resolution 186990,1853]
186992. 163 | ~82 | ~89 | 105 | 125 | ~258 | ~370 [avatar split clause 186991,14549,6167,3031,1852,1257,1152,5330]
186996. product(e_4,e_4,e_4) | product(e_1,e_4,e_4) <- (~54, 82, ~125, 258, 370) [subsumption resolution 186870,11]
186997. product(e_4,e_4,e_4) <- (~54, 82, ~105, ~125, 258, 370) [subsumption resolution 186996,1853]
186998. 163 | 54 | ~82 | 105 | 125 | ~258 | ~370 [avatar split clause 186997,14549,6167,3031,1852,1152,834,5330]
187002. product(e_4,X0,e_4) | ~product(X0,e_4,e_4) <- (163) [resolution 5332,3]
187067. product(e_3,e_3,e_2) | product(e_3,e_3,e_4) | product(e_3,e_3,e_3) | ~group_element(e_3) <- (~263) [resolution 6200,9483]
187109. product(e_3,e_1,e_1) | product(e_3,e_3,e_3) | ~group_element(e_3) | product(e_3,e_3,e_3) | ~group_element(e_3) | product(e_4,e_3,e_3) | product(e_3,e_3,e_4) | product(e_3,e_1,e_2) <- (~323) [resolution 9192,2862]
187155. product(e_3,e_1,e_1) | product(e_3,e_3,e_3) | ~group_element(e_3) | product(e_4,e_3,e_3) | product(e_3,e_3,e_4) | product(e_3,e_1,e_2) <- (~323) [duplicate literal removal 187109]
187184. equalish(e_1,e_4) | ~group_element(e_4) | product(e_4,e_1,e_4) | product(e_3,e_1,e_4) <- (~57, 171) [resolution 932,5448]
191463. ~product(e_3,X0,e_2) | equalish(X0,e_4) <- (55) [resolution 840,23]
193822. ~product(e_3,e_3,X0) | product(e_3,e_4,X0) <- (176) [resolution 5484,25]
193947. equalish(e_2,X0) | product(e_4,X0,e_1) | product(e_3,X0,e_1) | ~group_element(e_2) | ~group_element(X0) | product(e_1,e_2,e_3) | product(e_1,e_2,e_4) | product(e_4,e_1,e_2) | product(e_2,X0,e_1) <- (76) [resolution 2606,1120]
194298. equalish(e_3,e_1) <- (7, 79) [resolution 458,147665]
194364. $false <- (7, 79) [subsumption resolution 194298,15]
194365. ~7 | ~79 [avatar contradiction clause 194364]
195159. product(e_1,e_1,e_3) | product(e_3,e_3,e_4) | product(e_3,e_3,e_4) | ~group_element(e_4) | ~group_element(e_3) | product(e_3,e_4,e_4) | product(e_4,e_3,e_4) | product(e_1,e_2,e_3) <- (~7) [resolution 457,3128]
195190. product(e_1,e_1,e_3) | product(e_3,e_3,e_4) | ~group_element(e_4) | ~group_element(e_3) | product(e_3,e_4,e_4) | product(e_4,e_3,e_4) | product(e_1,e_2,e_3) <- (~7) [duplicate literal removal 195159]
195212. product(e_1,e_1,e_3) | ~group_element(e_4) | ~group_element(e_3) | product(e_3,e_4,e_4) | product(e_4,e_3,e_4) | product(e_1,e_2,e_3) <- (~7, 176) [subsumption resolution 195190,193822]
195249. ~group_element(e_4) | ~group_element(e_3) | product(e_3,e_4,e_4) | product(e_4,e_3,e_4) | product(e_1,e_2,e_3) <- (~7, ~94, 176) [subsumption resolution 195212,1280]
195250. ~group_element(e_3) | product(e_3,e_4,e_4) | product(e_4,e_3,e_4) | product(e_1,e_2,e_3) <- (~7, ~94, 176) [subsumption resolution 195249,8]
195251. product(e_3,e_4,e_4) | product(e_4,e_3,e_4) | product(e_1,e_2,e_3) <- (~7, ~94, 176) [subsumption resolution 195250,7]
195252. product(e_4,e_3,e_4) | product(e_1,e_2,e_3) <- (~7, ~94, 163, 176) [subsumption resolution 195251,187002]
195253. product(e_1,e_2,e_3) <- (~7, ~94, ~140, 163, 176) [subsumption resolution 195252,5154]
195254. $false <- (~7, ~80, ~94, ~140, 163, 176) [subsumption resolution 195253,1137]
195255. 7 | 80 | 94 | 140 | ~163 | ~176 [avatar contradiction clause 195254]
195753. equalish(e_2,X0) | product(e_4,X0,e_1) | product(e_3,X0,e_1) | ~group_element(X0) | product(e_1,e_2,e_3) | product(e_1,e_2,e_4) | product(e_4,e_1,e_2) | product(e_2,X0,e_1) <- (76) [subsumption resolution 193947,6]
195754. equalish(e_2,X0) | product(e_4,X0,e_1) | product(e_3,X0,e_1) | ~group_element(X0) | product(e_1,e_2,e_4) | product(e_4,e_1,e_2) | product(e_2,X0,e_1) <- (76, ~80) [subsumption resolution 195753,1137]
195755. 89 | 79 | 226 | ~76 | 80 [avatar split clause 195754,1136,1118,5936,1132,1257]
196084. product(e_2,e_1,X0) | product(e_1,e_2,e_2) | product(e_4,e_1,X0) | product(e_3,e_1,X0) | ~group_element(X0) | product(e_1,e_2,e_4) <- (~80) [subsumption resolution 17161,1137]
196085. 79 | 36 | 180 | 80 [avatar split clause 196084,1136,5541,740,1132]
196210. ~group_element(e_4) | product(e_4,e_1,e_4) | product(e_3,e_1,e_4) <- (~57, 171) [subsumption resolution 187184,11]
196211. product(e_4,e_1,e_4) | product(e_3,e_1,e_4) <- (~57, 171) [subsumption resolution 196210,8]
196212. 82 | 101 | 57 | ~171 [avatar split clause 196211,5447,931,1317,1152]
197126. product(e_4,e_1,e_2) | product(e_4,e_1,e_4) <- (~63, ~102) [subsumption resolution 56700,1322]
197127. 101 | 89 | 63 | 102 [avatar split clause 197126,1321,956,1257,1317]
197178. ~group_element(e_2) | product(e_4,e_1,e_2) | product(e_3,e_1,e_2) <- (~59, 171) [subsumption resolution 172910,9]
197179. product(e_4,e_1,e_2) | product(e_3,e_1,e_2) <- (~59, 171) [subsumption resolution 197178,6]
197180. 84 | 89 | 59 | ~171 [avatar split clause 197179,5447,939,1257,1160]
197237. product(e_3,e_3,e_2) | product(e_3,e_3,e_4) | ~group_element(e_3) <- (~263) [subsumption resolution 187067,6200]
197238. product(e_3,e_3,e_2) | product(e_3,e_3,e_4) <- (~263) [subsumption resolution 197237,7]
197239. 141 | 11 | 263 [avatar split clause 197238,6199,474,5157]
197605. product(e_3,e_1,e_2) | product(e_3,e_1,e_3) | ~group_element(e_1) | ~group_element(e_3) <- (~82, ~94, 240) [subsumption resolution 55543,1153]
197606. product(e_3,e_1,e_2) | product(e_3,e_1,e_3) | ~group_element(e_3) <- (~82, ~94, 240) [subsumption resolution 197605,5]
197607. product(e_3,e_1,e_2) | product(e_3,e_1,e_3) <- (~82, ~94, 240) [subsumption resolution 197606,7]
197608. 83 | 84 | 82 | 94 | ~240 [avatar split clause 197607,6055,1279,1152,1160,1156]
197633. product(e_1,e_4,e_3) | product(e_3,e_3,e_2) | product(e_1,e_4,e_4) | ~group_element(e_4) <- (~12, ~44, 260) [subsumption resolution 185767,18]
197634. product(e_1,e_4,e_3) | product(e_3,e_3,e_2) | product(e_1,e_4,e_4) <- (~12, ~44, 260) [subsumption resolution 197633,8]
197635. 105 | 11 | 167 | 12 | 44 | ~260 [avatar split clause 197634,6178,780,478,5415,474,1852]
198153. product(e_3,e_4,e_4) | product(e_4,e_3,e_4) | ~group_element(e_4) | product(e_4,e_4,e_4) | product(e_1,e_2,e_4) <- (~93, ~125) [subsumption resolution 176275,1276]
198154. product(e_4,e_3,e_4) | ~group_element(e_4) | product(e_4,e_4,e_4) | product(e_1,e_2,e_4) <- (~93, ~125, ~321) [subsumption resolution 198153,9183]
198155. ~group_element(e_4) | product(e_4,e_4,e_4) | product(e_1,e_2,e_4) <- (~93, ~125, ~140, ~321) [subsumption resolution 198154,5154]
198156. product(e_4,e_4,e_4) | product(e_1,e_2,e_4) <- (~93, ~125, ~140, ~321) [subsumption resolution 198155,8]
198157. 79 | 163 | 93 | 125 | 140 | 321 [avatar split clause 198156,9182,5153,3031,1275,5330,1132]
198158. product(e_1,e_4,e_3) | product(e_4,e_1,e_2) | product(e_3,e_1,e_2) | ~group_element(e_1) | equalish(e_1,e_4) | ~group_element(e_4) | product(e_1,e_4,e_4) <- (~59, 256) [subsumption resolution 39805,940]
198159. product(e_1,e_4,e_3) | product(e_4,e_1,e_2) | ~group_element(e_1) | equalish(e_1,e_4) | ~group_element(e_4) | product(e_1,e_4,e_4) <- (55, ~59, 256) [subsumption resolution 198158,191463]
198160. product(e_1,e_4,e_3) | product(e_4,e_1,e_2) | equalish(e_1,e_4) | ~group_element(e_4) | product(e_1,e_4,e_4) <- (55, ~59, 256) [subsumption resolution 198159,5]
198161. product(e_1,e_4,e_3) | product(e_4,e_1,e_2) | ~group_element(e_4) | product(e_1,e_4,e_4) <- (55, ~59, 256) [subsumption resolution 198160,11]
198162. product(e_1,e_4,e_3) | product(e_4,e_1,e_2) | product(e_1,e_4,e_4) <- (55, ~59, 256) [subsumption resolution 198161,8]
198163. 105 | 89 | 167 | ~55 | 59 | ~256 [avatar split clause 198162,6157,939,838,5415,1257,1852]
198198. product(e_3,e_3,e_3) | ~group_element(e_3) | product(e_4,e_3,e_3) | product(e_3,e_3,e_4) | product(e_3,e_1,e_2) <- (~62, ~323) [subsumption resolution 187155,953]
198199. ~group_element(e_3) | product(e_4,e_3,e_3) | product(e_3,e_3,e_4) | product(e_3,e_1,e_2) <- (~62, ~263, ~323) [subsumption resolution 198198,6200]
198200. product(e_4,e_3,e_3) | product(e_3,e_3,e_4) | product(e_3,e_1,e_2) <- (~62, ~263, ~323) [subsumption resolution 198199,7]
198201. 84 | 141 | 176 | 62 | 263 | 323 [avatar split clause 198200,9191,6199,952,5482,5157,1160]
198562. ~product(e_4,e_1,X0) | equalish(X0,e_2) <- (89) [resolution 1259,22]
199452. product(e_3,e_4,e_4) | ~group_element(e_4) | product(e_4,e_4,e_4) <- (~232, 320) [resolution 8976,6005]
199635. ~group_element(e_4) | product(e_4,e_4,e_4) <- (~232, 320, ~321) [subsumption resolution 199452,9183]
199636. product(e_4,e_4,e_4) <- (~232, 320, ~321) [subsumption resolution 199635,8]
199637. $false <- (~163, ~232, 320, ~321) [subsumption resolution 199636,5331]
199638. 163 | 232 | ~320 | 321 [avatar contradiction clause 199637]
199926. product(e_2,e_3,e_4) | ~group_element(e_3) | product(e_2,e_3,e_3) | product(e_4,e_3,e_3) | product(e_4,e_3,e_4) <- (~12, ~44) [subsumption resolution 180868,479]
199927. product(e_2,e_3,e_4) | product(e_2,e_3,e_3) | product(e_4,e_3,e_3) | product(e_4,e_3,e_4) <- (~12, ~44) [subsumption resolution 199926,7]
199928. product(e_2,e_3,e_4) | product(e_4,e_3,e_3) | product(e_4,e_3,e_4) <- (~12, ~44, ~323) [subsumption resolution 199927,9192]
199929. product(e_2,e_3,e_4) | product(e_4,e_3,e_4) <- (~12, ~44, ~176, ~323) [subsumption resolution 199928,5483]
199930. product(e_2,e_3,e_4) <- (~12, ~44, ~140, ~176, ~323) [subsumption resolution 199929,5154]
199931. 142 | 12 | 44 | 140 | 176 | 323 [avatar split clause 199930,9191,5482,5153,780,478,5161]
202975. product(e_1,e_1,e_2) | product(e_3,e_2,e_4) | product(e_2,e_3,e_4) | ~group_element(e_4) | ~group_element(e_2) | product(e_2,e_4,e_4) | product(e_4,e_2,e_4) | product(e_1,e_2,e_2) <- (~126) [resolution 3036,3128]
203607. product(e_2,e_1,X0) | product(e_2,e_4,e_1) | product(e_4,e_1,X0) | ~group_element(X0) | product(e_3,e_1,X0) | product(e_4,e_4,e_1) <- (~85) [subsumption resolution 80593,1168]
203608. 129 | 76 | 180 | 85 [avatar split clause 203607,1167,5541,1118,4037]
203629. product(e_3,e_2,e_4) | product(e_2,e_3,e_4) | ~group_element(e_4) | ~group_element(e_2) | product(e_2,e_4,e_4) | product(e_4,e_2,e_4) | product(e_1,e_2,e_2) <- (~87, ~126) [subsumption resolution 202975,1248]
203630. product(e_2,e_3,e_4) | ~group_element(e_4) | ~group_element(e_2) | product(e_2,e_4,e_4) | product(e_4,e_2,e_4) | product(e_1,e_2,e_2) <- (~7, ~87, ~126) [subsumption resolution 203629,457]
203631. product(e_2,e_3,e_4) | ~group_element(e_2) | product(e_2,e_4,e_4) | product(e_4,e_2,e_4) | product(e_1,e_2,e_2) <- (~7, ~87, ~126) [subsumption resolution 203630,8]
203632. product(e_2,e_3,e_4) | product(e_2,e_4,e_4) | product(e_4,e_2,e_4) | product(e_1,e_2,e_2) <- (~7, ~87, ~126) [subsumption resolution 203631,6]
203633. product(e_2,e_3,e_4) | product(e_2,e_4,e_4) | product(e_1,e_2,e_2) <- (~7, ~87, ~125, ~126) [subsumption resolution 203632,3032]
203634. product(e_2,e_3,e_4) | product(e_2,e_4,e_4) <- (~7, ~36, ~87, ~125, ~126) [subsumption resolution 203633,741]
203635. 232 | 142 | 7 | 36 | 87 | 125 | 126 [avatar split clause 203634,3035,3031,1247,740,456,5161,6004]
226022. equalish(e_4,e_2) <- (89, 101) [resolution 198562,1319]
226125. $false <- (89, 101) [subsumption resolution 226022,19]
226126. ~89 | ~101 [avatar contradiction clause 226125]
226127. $false [avatar sat refutation 997,1546,1548,1639,1859,1958,3890,4610,4775,5362,5516,5552,5621,5718,5802,6011,6032,6037,6109,6190,6356,7655,10159,10562,10564,10566,10568,10744,10792,11020,11021,11023,11701,11709,12358,12555,12557,12914,13104,13137,13141,13192,13233,13328,13477,13479,13673,13856,13860,14546,14765,14934,14981,15473,15531,15971,16048,16459,16469,16632,16656,16659,16663,16861,16881,17173,17429,17674,18696,18750,18767,18782,19267,19798,19800,19899,19928,21075,21797,23082,23305,23429,24513,24576,24806,24809,24879,24976,25396,26317,27105,27113,27548,28669,29717,29989,29991,30848,30866,31603,31659,31663,31905,31912,31915,31990,32195,32207,32216,32226,32248,35210,37039,37041,37046,37540,37617,37665,39143,39149,40821,41120,41400,41401,42722,42724,42757,42773,42902,42935,43233,43413,43520,51070,51072,51205,51215,51221,51601,51612,51703,52249,55187,55239,55282,55311,55780,55850,55864,55880,69775,70597,76116,76392,80565,80873,80876,82543,89746,91542,93419,93430,109390,109422,110169,110197,110232,110825,119376,119439,119459,120160,120164,129628,129633,147557,147698,147740,149012,149554,149558,150555,150734,165476,167346,169007,171417,171470,171591,171713,172568,172573,172627,173787,174552,174941,186152,186220,186928,186977,186981,186984,186989,186992,186998,194365,195255,195755,196085,196212,197127,197180,197239,197608,197635,198157,198163,198201,199638,199931,203608,203635,226126]
% SZS output end Proof for GRP129-4.004_clausified
% ------------------------------
% Version: Vampire 4.9 (Release build, commit 0accf6da4 on 2024-12-10 11:55:58 +0000)
% Termination reason: Refutation

% Time elapsed: 28.677 s
% Instructions burned: 88210 (million)
% ------------------------------
% ------------------------------
