% Running in auto input_syntax mode. Trying TPTP
% Refutation found. Thanks to Tanya!
% SZS status Unsatisfiable for GRP101-1
% SZS output start Proof for GRP101-1
1. double_divide(double_divide(X0,double_divide(double_divide(X1,double_divide(X2,X0)),double_divide(X2,identity))),double_divide(identity,identity)) = X1 [input(axiom)]
2. multiply(X0,X1) = double_divide(double_divide(X1,X0),identity) [input(axiom)]
3. inverse(X0) = double_divide(X0,identity) [input(axiom)]
4. identity = double_divide(X0,inverse(X0)) [input(axiom)]
5. multiply(inverse(a1),a1) != identity | multiply(identity,a2) != a2 | multiply(multiply(a3,b3),c3) != multiply(a3,multiply(b3,c3)) | multiply(a4,b4) != multiply(b4,a4) [input(negated conjecture)]
6. identity != multiply(inverse(a1),a1) | a2 != multiply(identity,a2) | multiply(multiply(a3,b3),c3) != multiply(a3,multiply(b3,c3)) | multiply(a4,b4) != multiply(b4,a4) [reorient equations 5]
7. identity = double_divide(X0,double_divide(X0,identity)) [definition unfolding 4,3]
8. identity != double_divide(double_divide(a1,double_divide(a1,identity)),identity) | a2 != double_divide(double_divide(a2,identity),identity) | double_divide(double_divide(c3,double_divide(double_divide(b3,a3),identity)),identity) != double_divide(double_divide(double_divide(double_divide(c3,b3),identity),a3),identity) | double_divide(double_divide(b4,a4),identity) != double_divide(double_divide(a4,b4),identity) [definition unfolding 6,2,3,2,2,2,2,2,2,2]
10. 1 <=> double_divide(double_divide(b4,a4),identity) = double_divide(double_divide(a4,b4),identity) [avatar definition]
12. double_divide(double_divide(b4,a4),identity) != double_divide(double_divide(a4,b4),identity) <- (~1) [avatar component clause 10]
14. 2 <=> double_divide(double_divide(c3,double_divide(double_divide(b3,a3),identity)),identity) = double_divide(double_divide(double_divide(double_divide(c3,b3),identity),a3),identity) [avatar definition]
16. double_divide(double_divide(c3,double_divide(double_divide(b3,a3),identity)),identity) != double_divide(double_divide(double_divide(double_divide(c3,b3),identity),a3),identity) <- (~2) [avatar component clause 14]
18. 3 <=> a2 = double_divide(double_divide(a2,identity),identity) [avatar definition]
20. a2 != double_divide(double_divide(a2,identity),identity) <- (~3) [avatar component clause 18]
22. 4 <=> identity = double_divide(double_divide(a1,double_divide(a1,identity)),identity) [avatar definition]
24. identity != double_divide(double_divide(a1,double_divide(a1,identity)),identity) <- (~4) [avatar component clause 22]
25. ~1 | ~2 | ~3 | ~4 [avatar split clause 8,22,18,14,10]
26. double_divide(double_divide(double_divide(X0,identity),double_divide(double_divide(X1,identity),double_divide(X0,identity))),double_divide(identity,identity)) = X1 [superposition 1,7]
27. double_divide(double_divide(double_divide(identity,identity),double_divide(double_divide(X1,X0),double_divide(double_divide(X2,double_divide(double_divide(X0,double_divide(X3,X2)),double_divide(X3,identity))),identity))),double_divide(identity,identity)) = X1 [superposition 1,1]
28. double_divide(double_divide(identity,double_divide(identity,double_divide(X0,identity))),double_divide(identity,identity)) = X0 [superposition 1,7]
29. double_divide(X1,double_divide(double_divide(X0,double_divide(X2,X1)),double_divide(X2,identity))) = double_divide(double_divide(identity,double_divide(X0,double_divide(identity,identity))),double_divide(identity,identity)) [superposition 1,1]
30. identity = double_divide(double_divide(identity,identity),double_divide(identity,identity)) [superposition 28,7]
32. double_divide(identity,double_divide(identity,double_divide(X0,identity))) = double_divide(double_divide(identity,double_divide(X0,double_divide(identity,identity))),double_divide(identity,identity)) [superposition 1,28]
34. double_divide(identity,identity) = double_divide(double_divide(identity,double_divide(identity,double_divide(identity,identity))),double_divide(identity,identity)) [superposition 1,30]
36. identity = double_divide(identity,identity) [forward demodulation 34,28]
40. double_divide(double_divide(double_divide(identity,identity),double_divide(double_divide(X1,X0),double_divide(double_divide(double_divide(X2,identity),double_divide(double_divide(X0,identity),double_divide(X2,identity))),identity))),double_divide(identity,identity)) = X1 [superposition 1,26]
41. double_divide(double_divide(identity,double_divide(double_divide(X1,X0),double_divide(double_divide(double_divide(X2,identity),double_divide(double_divide(X0,identity),double_divide(X2,identity))),identity))),identity) = X1 [forward demodulation 40,36]
47. double_divide(double_divide(X0,double_divide(double_divide(X1,double_divide(X2,X0)),double_divide(X2,identity))),identity) = X1 [superposition 1,36]
53. double_divide(double_divide(identity,double_divide(double_divide(X0,identity),identity)),identity) = X0 [superposition 1,36]
57. double_divide(double_divide(identity,identity),double_divide(double_divide(X1,X0),double_divide(double_divide(X2,double_divide(double_divide(X0,double_divide(X3,X2)),double_divide(X3,identity))),identity))) = double_divide(double_divide(identity,double_divide(X1,double_divide(identity,identity))),double_divide(identity,identity)) [superposition 29,1]
62. double_divide(double_divide(identity,double_divide(X3,double_divide(identity,identity))),double_divide(identity,identity)) = double_divide(double_divide(double_divide(X0,double_divide(X1,X2)),double_divide(X1,identity)),double_divide(double_divide(X3,double_divide(double_divide(identity,double_divide(X0,double_divide(identity,identity))),double_divide(identity,identity))),double_divide(X2,identity))) [superposition 29,29]
63. double_divide(identity,double_divide(double_divide(X0,identity),identity)) = double_divide(double_divide(identity,double_divide(X0,identity)),identity) [superposition 29,36]
68. double_divide(identity,double_divide(X0,double_divide(identity,identity))) = double_divide(double_divide(identity,X0),double_divide(identity,identity)) [superposition 29,26]
70. double_divide(double_divide(identity,double_divide(X2,double_divide(identity,identity))),double_divide(identity,identity)) = double_divide(double_divide(X1,identity),double_divide(double_divide(double_divide(identity,double_divide(X0,double_divide(identity,identity))),double_divide(identity,identity)),double_divide(double_divide(X0,double_divide(X1,X2)),identity))) [superposition 29,29]
72. double_divide(double_divide(identity,double_divide(identity,double_divide(identity,identity))),double_divide(identity,identity)) = double_divide(double_divide(X0,identity),X0) [superposition 29,28]
80. double_divide(X0,double_divide(double_divide(X1,double_divide(X2,X0)),double_divide(X2,identity))) = double_divide(double_divide(identity,double_divide(X1,identity)),identity) [superposition 29,36]
82. double_divide(X0,double_divide(double_divide(X1,double_divide(X2,X0)),double_divide(X2,identity))) = double_divide(X3,double_divide(double_divide(X1,double_divide(X4,X3)),double_divide(X4,identity))) [superposition 29,29]
85. double_divide(double_divide(double_divide(X1,identity),double_divide(double_divide(double_divide(identity,double_divide(X0,double_divide(identity,identity))),double_divide(identity,identity)),double_divide(double_divide(X0,double_divide(X1,X2)),identity))),double_divide(identity,identity)) = X2 [superposition 1,29]
86. double_divide(double_divide(double_divide(double_divide(X0,double_divide(X1,X2)),double_divide(X1,identity)),double_divide(double_divide(X3,double_divide(double_divide(identity,double_divide(X0,double_divide(identity,identity))),double_divide(identity,identity))),double_divide(X2,identity))),double_divide(identity,identity)) = X3 [superposition 1,29]
87. identity = double_divide(X0,double_divide(double_divide(identity,double_divide(X1,X0)),double_divide(X1,identity))) [superposition 28,29]
90. double_divide(identity,double_divide(X1,double_divide(identity,identity))) = double_divide(double_divide(identity,double_divide(double_divide(X0,double_divide(double_divide(X1,double_divide(X2,X0)),double_divide(X2,identity))),double_divide(identity,identity))),double_divide(identity,identity)) [superposition 1,29]
91. double_divide(double_divide(double_divide(identity,identity),double_divide(double_divide(X3,double_divide(X0,double_divide(double_divide(X1,double_divide(X2,X0)),double_divide(X2,identity)))),double_divide(double_divide(identity,double_divide(X1,double_divide(identity,identity))),identity))),double_divide(identity,identity)) = X3 [superposition 1,29]
92. double_divide(double_divide(identity,double_divide(double_divide(X3,double_divide(X0,double_divide(double_divide(X1,double_divide(X2,X0)),double_divide(X2,identity)))),double_divide(double_divide(identity,double_divide(X1,identity)),identity))),identity) = X3 [forward demodulation 91,36]
93. double_divide(identity,double_divide(X1,double_divide(identity,identity))) = double_divide(identity,double_divide(identity,double_divide(double_divide(X0,double_divide(double_divide(X1,double_divide(X2,X0)),double_divide(X2,identity))),identity))) [forward demodulation 90,32]
96. double_divide(double_divide(double_divide(double_divide(X0,double_divide(X1,X2)),double_divide(X1,identity)),double_divide(double_divide(X3,double_divide(double_divide(identity,double_divide(X0,identity)),identity)),double_divide(X2,identity))),identity) = X3 [forward demodulation 86,36]
97. double_divide(double_divide(double_divide(X1,identity),double_divide(double_divide(double_divide(identity,double_divide(X0,identity)),identity),double_divide(double_divide(X0,double_divide(X1,X2)),identity))),identity) = X2 [forward demodulation 85,36]
107. identity = double_divide(double_divide(X0,identity),X0) [forward demodulation 72,28]
108. double_divide(double_divide(identity,double_divide(X2,double_divide(identity,identity))),double_divide(identity,identity)) = double_divide(double_divide(X1,identity),double_divide(double_divide(identity,double_divide(identity,double_divide(X0,identity))),double_divide(double_divide(X0,double_divide(X1,X2)),identity))) [forward demodulation 70,32]
110. double_divide(identity,double_divide(X0,identity)) = double_divide(double_divide(identity,X0),identity) [forward demodulation 68,36]
114. double_divide(double_divide(identity,double_divide(X3,double_divide(identity,identity))),double_divide(identity,identity)) = double_divide(double_divide(double_divide(X0,double_divide(X1,X2)),double_divide(X1,identity)),double_divide(double_divide(X3,double_divide(identity,double_divide(identity,double_divide(X0,identity)))),double_divide(X2,identity))) [forward demodulation 62,32]
119. double_divide(double_divide(identity,identity),double_divide(double_divide(X1,X0),double_divide(double_divide(X2,double_divide(double_divide(X0,double_divide(X3,X2)),double_divide(X3,identity))),identity))) = double_divide(identity,double_divide(identity,double_divide(X1,identity))) [forward demodulation 57,32]
121. double_divide(double_divide(identity,double_divide(double_divide(X3,double_divide(X0,double_divide(double_divide(X1,double_divide(X2,X0)),double_divide(X2,identity)))),double_divide(identity,double_divide(double_divide(X1,identity),identity)))),identity) = X3 [forward demodulation 92,63]
122. double_divide(identity,double_divide(X1,double_divide(identity,identity))) = double_divide(identity,double_divide(identity,X1)) [forward demodulation 93,47]
125. double_divide(double_divide(double_divide(double_divide(X0,double_divide(X1,X2)),double_divide(X1,identity)),double_divide(double_divide(X3,double_divide(identity,double_divide(double_divide(X0,identity),identity))),double_divide(X2,identity))),identity) = X3 [forward demodulation 96,63]
126. double_divide(double_divide(double_divide(X1,identity),double_divide(double_divide(identity,double_divide(double_divide(X0,identity),identity)),double_divide(double_divide(X0,double_divide(X1,X2)),identity))),identity) = X2 [forward demodulation 97,63]
136. double_divide(double_divide(X1,identity),double_divide(double_divide(identity,double_divide(identity,double_divide(X0,identity))),double_divide(double_divide(X0,double_divide(X1,X2)),identity))) = double_divide(identity,double_divide(identity,double_divide(X2,identity))) [forward demodulation 108,32]
138. double_divide(double_divide(double_divide(X0,double_divide(X1,X2)),double_divide(X1,identity)),double_divide(double_divide(X3,double_divide(identity,double_divide(identity,double_divide(X0,identity)))),double_divide(X2,identity))) = double_divide(identity,double_divide(identity,double_divide(X3,identity))) [forward demodulation 114,32]
143. double_divide(identity,double_divide(identity,double_divide(X1,identity))) = double_divide(double_divide(identity,identity),double_divide(double_divide(X1,X0),X0)) [forward demodulation 119,47]
144. double_divide(identity,double_divide(double_divide(double_divide(X3,double_divide(X0,double_divide(double_divide(X1,double_divide(X2,X0)),double_divide(X2,identity)))),double_divide(identity,double_divide(double_divide(X1,identity),identity))),identity)) = X3 [forward demodulation 121,110]
145. double_divide(identity,double_divide(X1,identity)) = double_divide(identity,double_divide(identity,X1)) [forward demodulation 122,36]
156. double_divide(identity,double_divide(identity,double_divide(X1,identity))) = double_divide(identity,double_divide(double_divide(X1,X0),X0)) [forward demodulation 143,36]
157. double_divide(identity,double_divide(double_divide(double_divide(X3,double_divide(double_divide(identity,double_divide(X1,identity)),identity)),double_divide(identity,double_divide(double_divide(X1,identity),identity))),identity)) = X3 [forward demodulation 144,80]
168. double_divide(identity,double_divide(identity,double_divide(double_divide(X3,double_divide(double_divide(identity,double_divide(X1,identity)),identity)),double_divide(identity,double_divide(double_divide(X1,identity),identity))))) = X3 [forward demodulation 157,145]
173. double_divide(identity,double_divide(identity,double_divide(double_divide(X3,double_divide(double_divide(identity,double_divide(X1,identity)),identity)),double_divide(identity,double_divide(identity,double_divide(X1,identity)))))) = X3 [forward demodulation 168,145]
177. double_divide(identity,double_divide(identity,double_divide(double_divide(X3,double_divide(identity,double_divide(double_divide(X1,identity),identity))),double_divide(identity,double_divide(identity,double_divide(X1,identity)))))) = X3 [forward demodulation 173,63]
181. double_divide(identity,double_divide(identity,double_divide(double_divide(X3,double_divide(identity,double_divide(identity,double_divide(X1,identity)))),double_divide(identity,double_divide(identity,double_divide(X1,identity)))))) = X3 [forward demodulation 177,145]
184. double_divide(identity,double_divide(identity,double_divide(identity,double_divide(X3,identity)))) = X3 [forward demodulation 181,156]
198. double_divide(double_divide(identity,double_divide(double_divide(double_divide(X1,X0),identity),double_divide(identity,identity))),double_divide(identity,identity)) = double_divide(X0,double_divide(identity,double_divide(X1,identity))) [superposition 29,107]
199. double_divide(double_divide(X1,X0),identity) = double_divide(double_divide(X0,double_divide(identity,double_divide(X1,identity))),double_divide(identity,identity)) [superposition 1,107]
206. double_divide(double_divide(X1,X0),identity) = double_divide(double_divide(X0,double_divide(identity,double_divide(X1,identity))),identity) [forward demodulation 199,36]
207. double_divide(X0,double_divide(identity,double_divide(X1,identity))) = double_divide(identity,double_divide(identity,double_divide(double_divide(double_divide(X1,X0),identity),identity))) [forward demodulation 198,32]
215. double_divide(X0,double_divide(identity,double_divide(X1,identity))) = double_divide(identity,double_divide(identity,double_divide(identity,double_divide(double_divide(X1,X0),identity)))) [forward demodulation 207,145]
217. double_divide(X1,X0) = double_divide(X0,double_divide(identity,double_divide(X1,identity))) [forward demodulation 215,184]
221. double_divide(double_divide(double_divide(identity,identity),double_divide(identity,double_divide(double_divide(X1,double_divide(double_divide(double_divide(X0,identity),double_divide(X2,X1)),double_divide(X2,identity))),identity))),double_divide(identity,identity)) = X0 [superposition 27,7]
222. double_divide(X1,double_divide(double_divide(X0,double_divide(X2,X1)),double_divide(X2,identity))) = double_divide(double_divide(double_divide(identity,identity),double_divide(X0,double_divide(double_divide(X3,double_divide(double_divide(double_divide(identity,identity),double_divide(X4,X3)),double_divide(X4,identity))),identity))),double_divide(identity,identity)) [superposition 27,1]
224. double_divide(identity,double_divide(X1,double_divide(identity,identity))) = double_divide(double_divide(double_divide(identity,identity),double_divide(double_divide(X0,double_divide(double_divide(X1,double_divide(X2,X0)),double_divide(X2,identity))),double_divide(double_divide(X3,double_divide(double_divide(double_divide(identity,identity),double_divide(X4,X3)),double_divide(X4,identity))),identity))),double_divide(identity,identity)) [superposition 27,29]
228. double_divide(double_divide(double_divide(identity,identity),double_divide(double_divide(double_divide(identity,double_divide(X0,double_divide(identity,identity))),double_divide(identity,identity)),double_divide(double_divide(X3,double_divide(double_divide(double_divide(double_divide(X0,double_divide(X2,X1)),double_divide(X2,identity)),double_divide(X4,X3)),double_divide(X4,identity))),identity))),double_divide(identity,identity)) = X1 [superposition 27,29]
236. double_divide(double_divide(double_divide(identity,identity),double_divide(double_divide(X1,X2),double_divide(double_divide(double_divide(identity,identity),double_divide(double_divide(X2,X0),double_divide(double_divide(double_divide(identity,identity),double_divide(double_divide(X0,X3),double_divide(double_divide(X4,double_divide(double_divide(X3,double_divide(X5,X4)),double_divide(X5,identity))),identity))),identity))),identity))),double_divide(identity,identity)) = X1 [superposition 27,27]
244. double_divide(double_divide(double_divide(identity,identity),double_divide(double_divide(X3,double_divide(identity,double_divide(X1,double_divide(identity,identity)))),double_divide(double_divide(identity,double_divide(double_divide(X0,double_divide(double_divide(X1,double_divide(X2,X0)),double_divide(X2,identity))),double_divide(identity,identity))),identity))),double_divide(identity,identity)) = X3 [superposition 27,29]
257. double_divide(double_divide(identity,X0),double_divide(identity,identity)) = double_divide(X1,double_divide(double_divide(double_divide(double_divide(identity,identity),double_divide(double_divide(X0,X2),double_divide(double_divide(X3,double_divide(double_divide(X2,double_divide(X4,X3)),double_divide(X4,identity))),identity))),double_divide(X5,X1)),double_divide(X5,identity))) [superposition 29,27]
261. double_divide(double_divide(double_divide(identity,identity),double_divide(double_divide(X1,X0),double_divide(double_divide(double_divide(identity,identity),double_divide(double_divide(X0,X2),double_divide(double_divide(X3,double_divide(double_divide(X2,double_divide(X4,X3)),double_divide(X4,identity))),identity))),identity))),double_divide(identity,identity)) = X1 [superposition 1,27]
262. double_divide(double_divide(identity,double_divide(double_divide(X1,X0),double_divide(double_divide(identity,double_divide(double_divide(X0,X2),double_divide(double_divide(X3,double_divide(double_divide(X2,double_divide(X4,X3)),double_divide(X4,identity))),identity))),identity))),identity) = X1 [forward demodulation 261,36]
266. double_divide(double_divide(identity,X0),double_divide(identity,identity)) = double_divide(double_divide(identity,double_divide(double_divide(double_divide(identity,identity),double_divide(double_divide(X0,X2),double_divide(double_divide(X3,double_divide(double_divide(X2,double_divide(X4,X3)),double_divide(X4,identity))),identity))),identity)),identity) [forward demodulation 257,80]
279. double_divide(double_divide(identity,double_divide(double_divide(X3,double_divide(identity,double_divide(X1,identity))),double_divide(double_divide(identity,double_divide(double_divide(X0,double_divide(double_divide(X1,double_divide(X2,X0)),double_divide(X2,identity))),identity)),identity))),identity) = X3 [forward demodulation 244,36]
286. double_divide(double_divide(identity,double_divide(double_divide(X1,X2),double_divide(double_divide(identity,double_divide(double_divide(X2,X0),double_divide(double_divide(identity,double_divide(double_divide(X0,X3),double_divide(double_divide(X4,double_divide(double_divide(X3,double_divide(X5,X4)),double_divide(X5,identity))),identity))),identity))),identity))),identity) = X1 [forward demodulation 236,36]
294. double_divide(double_divide(identity,double_divide(double_divide(double_divide(identity,double_divide(X0,identity)),identity),double_divide(double_divide(X3,double_divide(double_divide(double_divide(double_divide(X0,double_divide(X2,X1)),double_divide(X2,identity)),double_divide(X4,X3)),double_divide(X4,identity))),identity))),identity) = X1 [forward demodulation 228,36]
298. double_divide(identity,double_divide(X1,identity)) = double_divide(double_divide(identity,double_divide(double_divide(X0,double_divide(double_divide(X1,double_divide(X2,X0)),double_divide(X2,identity))),double_divide(double_divide(X3,double_divide(double_divide(identity,double_divide(X4,X3)),double_divide(X4,identity))),identity))),identity) [forward demodulation 224,36]
300. double_divide(X1,double_divide(double_divide(X0,double_divide(X2,X1)),double_divide(X2,identity))) = double_divide(double_divide(identity,double_divide(X0,double_divide(double_divide(X3,double_divide(double_divide(identity,double_divide(X4,X3)),double_divide(X4,identity))),identity))),identity) [forward demodulation 222,36]
301. double_divide(double_divide(identity,double_divide(identity,double_divide(double_divide(X1,double_divide(double_divide(double_divide(X0,identity),double_divide(X2,X1)),double_divide(X2,identity))),identity))),identity) = X0 [forward demodulation 221,36]
302. double_divide(identity,double_divide(double_divide(double_divide(X1,X0),double_divide(double_divide(identity,double_divide(double_divide(X0,X2),double_divide(double_divide(X3,double_divide(double_divide(X2,double_divide(X4,X3)),double_divide(X4,identity))),identity))),identity)),identity)) = X1 [forward demodulation 262,110]
305. double_divide(double_divide(identity,X0),double_divide(identity,identity)) = double_divide(identity,double_divide(double_divide(double_divide(double_divide(identity,identity),double_divide(double_divide(X0,X2),double_divide(double_divide(X3,double_divide(double_divide(X2,double_divide(X4,X3)),double_divide(X4,identity))),identity))),identity),identity)) [forward demodulation 266,63]
317. double_divide(identity,double_divide(double_divide(double_divide(X3,double_divide(identity,double_divide(X1,identity))),double_divide(double_divide(identity,double_divide(double_divide(X0,double_divide(double_divide(X1,double_divide(X2,X0)),double_divide(X2,identity))),identity)),identity)),identity)) = X3 [forward demodulation 279,110]
324. double_divide(identity,double_divide(double_divide(double_divide(X1,X2),double_divide(double_divide(identity,double_divide(double_divide(X2,X0),double_divide(double_divide(identity,double_divide(double_divide(X0,X3),double_divide(double_divide(X4,double_divide(double_divide(X3,double_divide(X5,X4)),double_divide(X5,identity))),identity))),identity))),identity)),identity)) = X1 [forward demodulation 286,110]
331. double_divide(identity,double_divide(double_divide(double_divide(double_divide(identity,double_divide(X0,identity)),identity),double_divide(double_divide(X3,double_divide(double_divide(double_divide(double_divide(X0,double_divide(X2,X1)),double_divide(X2,identity)),double_divide(X4,X3)),double_divide(X4,identity))),identity)),identity)) = X1 [forward demodulation 294,110]
335. double_divide(identity,double_divide(X1,identity)) = double_divide(identity,double_divide(double_divide(double_divide(X0,double_divide(double_divide(X1,double_divide(X2,X0)),double_divide(X2,identity))),double_divide(double_divide(X3,double_divide(double_divide(identity,double_divide(X4,X3)),double_divide(X4,identity))),identity)),identity)) [forward demodulation 298,110]
337. double_divide(X1,double_divide(double_divide(X0,double_divide(X2,X1)),double_divide(X2,identity))) = double_divide(identity,double_divide(double_divide(X0,double_divide(double_divide(X3,double_divide(double_divide(identity,double_divide(X4,X3)),double_divide(X4,identity))),identity)),identity)) [forward demodulation 300,110]
338. double_divide(double_divide(double_divide(X1,double_divide(double_divide(double_divide(X0,identity),double_divide(X2,X1)),double_divide(X2,identity))),identity),identity) = X0 [forward demodulation 301,206]
339. double_divide(identity,double_divide(identity,double_divide(double_divide(X1,X0),double_divide(double_divide(identity,double_divide(double_divide(X0,X2),double_divide(double_divide(X3,double_divide(double_divide(X2,double_divide(X4,X3)),double_divide(X4,identity))),identity))),identity)))) = X1 [forward demodulation 302,145]
342. double_divide(double_divide(identity,X0),double_divide(identity,identity)) = double_divide(identity,double_divide(identity,double_divide(double_divide(double_divide(identity,identity),double_divide(double_divide(X0,X2),double_divide(double_divide(X3,double_divide(double_divide(X2,double_divide(X4,X3)),double_divide(X4,identity))),identity))),identity))) [forward demodulation 305,145]
354. double_divide(identity,double_divide(identity,double_divide(double_divide(X3,double_divide(identity,double_divide(X1,identity))),double_divide(double_divide(identity,double_divide(double_divide(X0,double_divide(double_divide(X1,double_divide(X2,X0)),double_divide(X2,identity))),identity)),identity)))) = X3 [forward demodulation 317,145]
361. double_divide(identity,double_divide(identity,double_divide(double_divide(X1,X2),double_divide(double_divide(identity,double_divide(double_divide(X2,X0),double_divide(double_divide(identity,double_divide(double_divide(X0,X3),double_divide(double_divide(X4,double_divide(double_divide(X3,double_divide(X5,X4)),double_divide(X5,identity))),identity))),identity))),identity)))) = X1 [forward demodulation 324,145]
366. double_divide(identity,double_divide(identity,double_divide(double_divide(double_divide(identity,double_divide(X0,identity)),identity),double_divide(double_divide(X3,double_divide(double_divide(double_divide(double_divide(X0,double_divide(X2,X1)),double_divide(X2,identity)),double_divide(X4,X3)),double_divide(X4,identity))),identity)))) = X1 [forward demodulation 331,145]
370. double_divide(identity,double_divide(X1,identity)) = double_divide(identity,double_divide(identity,double_divide(double_divide(X0,double_divide(double_divide(X1,double_divide(X2,X0)),double_divide(X2,identity))),double_divide(double_divide(X3,double_divide(double_divide(identity,double_divide(X4,X3)),double_divide(X4,identity))),identity)))) [forward demodulation 335,145]
372. double_divide(X1,double_divide(double_divide(X0,double_divide(X2,X1)),double_divide(X2,identity))) = double_divide(identity,double_divide(identity,double_divide(X0,double_divide(double_divide(X3,double_divide(double_divide(identity,double_divide(X4,X3)),double_divide(X4,identity))),identity)))) [forward demodulation 337,145]
373. double_divide(double_divide(X0,identity),identity) = X0 [forward demodulation 338,47]
374. double_divide(identity,double_divide(identity,double_divide(double_divide(X1,X0),double_divide(identity,double_divide(double_divide(double_divide(X0,X2),double_divide(double_divide(X3,double_divide(double_divide(X2,double_divide(X4,X3)),double_divide(X4,identity))),identity)),identity))))) = X1 [forward demodulation 339,110]
377. double_divide(double_divide(identity,X0),double_divide(identity,identity)) = double_divide(double_divide(double_divide(identity,identity),double_divide(double_divide(X0,X2),double_divide(double_divide(X3,double_divide(double_divide(X2,double_divide(X4,X3)),double_divide(X4,identity))),identity))),identity) [forward demodulation 342,217]
389. double_divide(identity,double_divide(identity,double_divide(double_divide(X3,double_divide(identity,double_divide(X1,identity))),double_divide(identity,double_divide(double_divide(double_divide(X0,double_divide(double_divide(X1,double_divide(X2,X0)),double_divide(X2,identity))),identity),identity))))) = X3 [forward demodulation 354,63]
396. double_divide(identity,double_divide(identity,double_divide(double_divide(X1,X2),double_divide(identity,double_divide(double_divide(double_divide(X2,X0),double_divide(double_divide(identity,double_divide(double_divide(X0,X3),double_divide(double_divide(X4,double_divide(double_divide(X3,double_divide(X5,X4)),double_divide(X5,identity))),identity))),identity)),identity))))) = X1 [forward demodulation 361,110]
401. double_divide(identity,double_divide(identity,double_divide(double_divide(double_divide(identity,double_divide(X0,identity)),identity),double_divide(double_divide(X0,double_divide(X2,X1)),double_divide(X2,identity))))) = X1 [forward demodulation 366,47]
404. double_divide(identity,double_divide(X1,identity)) = double_divide(identity,double_divide(identity,double_divide(double_divide(X0,double_divide(double_divide(X1,double_divide(X2,X0)),double_divide(X2,identity))),identity))) [forward demodulation 370,47]
405. double_divide(identity,double_divide(identity,double_divide(X0,identity))) = double_divide(X1,double_divide(double_divide(X0,double_divide(X2,X1)),double_divide(X2,identity))) [forward demodulation 372,47]
406. double_divide(identity,double_divide(identity,double_divide(double_divide(double_divide(X0,X2),double_divide(double_divide(X3,double_divide(double_divide(X2,double_divide(X4,X3)),double_divide(X4,identity))),identity)),double_divide(X1,X0)))) = X1 [forward demodulation 374,217]
408. double_divide(double_divide(identity,X0),double_divide(identity,identity)) = double_divide(double_divide(double_divide(identity,identity),double_divide(double_divide(X0,X2),X2)),identity) [forward demodulation 377,47]
418. double_divide(identity,double_divide(identity,double_divide(double_divide(double_divide(X0,double_divide(double_divide(X1,double_divide(X2,X0)),double_divide(X2,identity))),identity),double_divide(X3,double_divide(identity,double_divide(X1,identity)))))) = X3 [forward demodulation 389,217]
425. double_divide(identity,double_divide(identity,double_divide(double_divide(double_divide(X2,X0),double_divide(double_divide(identity,double_divide(double_divide(X0,X3),double_divide(double_divide(X4,double_divide(double_divide(X3,double_divide(X5,X4)),double_divide(X5,identity))),identity))),identity)),double_divide(X1,X2)))) = X1 [forward demodulation 396,217]
430. double_divide(identity,double_divide(identity,double_divide(double_divide(identity,double_divide(double_divide(X0,identity),identity)),double_divide(double_divide(X0,double_divide(X2,X1)),double_divide(X2,identity))))) = X1 [forward demodulation 401,63]
432. double_divide(identity,double_divide(X1,identity)) = double_divide(double_divide(X0,double_divide(double_divide(X1,double_divide(X2,X0)),double_divide(X2,identity))),identity) [forward demodulation 404,217]
433. double_divide(X0,identity) = double_divide(X1,double_divide(double_divide(X0,double_divide(X2,X1)),double_divide(X2,identity))) [forward demodulation 405,217]
434. double_divide(identity,double_divide(identity,double_divide(double_divide(double_divide(X0,X2),X2),double_divide(X1,X0)))) = X1 [forward demodulation 406,47]
436. double_divide(double_divide(identity,X0),identity) = double_divide(double_divide(identity,double_divide(double_divide(X0,X2),X2)),identity) [forward demodulation 408,36]
445. double_divide(identity,double_divide(identity,double_divide(double_divide(double_divide(X0,double_divide(double_divide(X1,double_divide(X2,X0)),double_divide(X2,identity))),identity),double_divide(X1,X3)))) = X3 [forward demodulation 418,217]
450. double_divide(identity,double_divide(identity,double_divide(double_divide(double_divide(X2,X0),double_divide(identity,double_divide(double_divide(double_divide(X0,X3),double_divide(double_divide(X4,double_divide(double_divide(X3,double_divide(X5,X4)),double_divide(X5,identity))),identity)),identity))),double_divide(X1,X2)))) = X1 [forward demodulation 425,110]
454. double_divide(identity,double_divide(identity,double_divide(double_divide(identity,double_divide(identity,double_divide(X0,identity))),double_divide(double_divide(X0,double_divide(X2,X1)),double_divide(X2,identity))))) = X1 [forward demodulation 430,145]
455. double_divide(identity,double_divide(X1,identity)) = X1 [forward demodulation 432,47]
457. double_divide(double_divide(identity,X0),identity) = double_divide(identity,double_divide(double_divide(double_divide(X0,X2),X2),identity)) [forward demodulation 436,110]
461. double_divide(identity,double_divide(identity,double_divide(X1,double_divide(X1,X3)))) = X3 [forward demodulation 445,47]
463. double_divide(identity,double_divide(identity,double_divide(double_divide(double_divide(double_divide(X0,X3),double_divide(double_divide(X4,double_divide(double_divide(X3,double_divide(X5,X4)),double_divide(X5,identity))),identity)),double_divide(X2,X0)),double_divide(X1,X2)))) = X1 [forward demodulation 450,217]
466. double_divide(identity,double_divide(identity,double_divide(double_divide(X0,identity),double_divide(double_divide(X0,double_divide(X2,X1)),double_divide(X2,identity))))) = X1 [forward demodulation 454,217]
467. double_divide(double_divide(identity,X0),identity) = double_divide(identity,double_divide(identity,double_divide(double_divide(X0,X2),X2))) [forward demodulation 457,145]
471. double_divide(identity,double_divide(identity,double_divide(double_divide(double_divide(double_divide(X0,X3),X3),double_divide(X2,X0)),double_divide(X1,X2)))) = X1 [forward demodulation 463,47]
473. double_divide(double_divide(identity,X0),identity) = double_divide(identity,double_divide(identity,double_divide(identity,double_divide(X0,identity)))) [forward demodulation 467,156]
476. double_divide(double_divide(identity,X0),identity) = X0 [forward demodulation 473,184]
480. double_divide(double_divide(X1,double_divide(double_divide(X2,double_divide(double_divide(X0,identity),X1)),X0)),double_divide(identity,identity)) = X2 [superposition 1,373]
486. double_divide(double_divide(identity,double_divide(X2,double_divide(identity,identity))),double_divide(identity,identity)) = double_divide(X1,double_divide(double_divide(X2,double_divide(double_divide(X0,identity),X1)),X0)) [superposition 29,373]
496. double_divide(identity,double_divide(identity,double_divide(X2,identity))) = double_divide(X1,double_divide(double_divide(X2,double_divide(double_divide(X0,identity),X1)),X0)) [forward demodulation 486,32]
501. double_divide(double_divide(X1,double_divide(double_divide(X2,double_divide(double_divide(X0,identity),X1)),X0)),identity) = X2 [forward demodulation 480,36]
505. double_divide(X2,identity) = double_divide(X1,double_divide(double_divide(X2,double_divide(double_divide(X0,identity),X1)),X0)) [forward demodulation 496,217]
520. double_divide(X0,identity) = double_divide(identity,X0) [superposition 455,373]
572. double_divide(double_divide(identity,double_divide(X2,double_divide(identity,identity))),double_divide(identity,identity)) = double_divide(X1,double_divide(double_divide(X2,double_divide(double_divide(identity,X0),X1)),X0)) [superposition 29,476]
573. identity = double_divide(X0,double_divide(identity,X0)) [superposition 107,476]
583. double_divide(identity,double_divide(identity,double_divide(X2,identity))) = double_divide(X1,double_divide(double_divide(X2,double_divide(double_divide(identity,X0),X1)),X0)) [forward demodulation 572,32]
594. double_divide(X2,identity) = double_divide(X1,double_divide(double_divide(X2,double_divide(double_divide(identity,X0),X1)),X0)) [forward demodulation 583,217]
715. double_divide(double_divide(identity,double_divide(double_divide(X1,double_divide(identity,X0)),double_divide(identity,X0))),double_divide(identity,identity)) = X1 [superposition 1,520]
717. double_divide(double_divide(double_divide(identity,identity),double_divide(double_divide(X3,X1),double_divide(identity,double_divide(X0,double_divide(double_divide(X1,double_divide(X2,X0)),double_divide(X2,identity)))))),double_divide(identity,identity)) = X3 [superposition 27,520]
719. double_divide(identity,double_divide(identity,X0)) = X0 [superposition 476,520]
723. double_divide(double_divide(double_divide(identity,identity),double_divide(double_divide(X1,X2),double_divide(double_divide(X0,double_divide(double_divide(X2,double_divide(X0,identity)),double_divide(identity,identity))),identity))),double_divide(identity,identity)) = X1 [superposition 27,520]
726. double_divide(double_divide(X0,double_divide(double_divide(X1,double_divide(X0,identity)),double_divide(identity,identity))),double_divide(identity,identity)) = X1 [superposition 1,520]
727. double_divide(double_divide(X0,double_divide(double_divide(X1,double_divide(X0,identity)),identity)),identity) = X1 [forward demodulation 726,36]
730. double_divide(double_divide(identity,double_divide(double_divide(X1,X2),double_divide(double_divide(X0,double_divide(double_divide(X2,double_divide(X0,identity)),identity)),identity))),identity) = X1 [forward demodulation 723,36]
731. double_divide(double_divide(identity,double_divide(double_divide(X3,X1),double_divide(identity,double_divide(X0,double_divide(double_divide(X1,double_divide(X2,X0)),double_divide(X2,identity)))))),identity) = X3 [forward demodulation 717,36]
733. double_divide(double_divide(identity,double_divide(double_divide(X1,double_divide(identity,X0)),double_divide(identity,X0))),identity) = X1 [forward demodulation 715,36]
744. double_divide(identity,double_divide(X0,double_divide(double_divide(X1,double_divide(X0,identity)),identity))) = X1 [forward demodulation 727,520]
747. double_divide(identity,double_divide(identity,double_divide(double_divide(X1,X2),double_divide(double_divide(X0,double_divide(double_divide(X2,double_divide(X0,identity)),identity)),identity)))) = X1 [forward demodulation 730,520]
748. double_divide(identity,double_divide(identity,double_divide(double_divide(X3,X1),double_divide(identity,double_divide(X0,double_divide(double_divide(X1,double_divide(X2,X0)),double_divide(X2,identity))))))) = X3 [forward demodulation 731,520]
749. double_divide(identity,double_divide(identity,double_divide(double_divide(X1,double_divide(identity,X0)),double_divide(identity,X0)))) = X1 [forward demodulation 733,520]
758. double_divide(identity,double_divide(X0,double_divide(identity,double_divide(X1,double_divide(X0,identity))))) = X1 [forward demodulation 744,520]
761. double_divide(double_divide(X1,X2),double_divide(double_divide(X0,double_divide(double_divide(X2,double_divide(X0,identity)),identity)),identity)) = X1 [forward demodulation 747,719]
762. double_divide(double_divide(X3,X1),double_divide(identity,double_divide(X0,double_divide(double_divide(X1,double_divide(X2,X0)),double_divide(X2,identity))))) = X3 [forward demodulation 748,719]
763. double_divide(double_divide(X1,double_divide(identity,X0)),double_divide(identity,X0)) = X1 [forward demodulation 749,719]
772. double_divide(double_divide(X1,X2),double_divide(identity,double_divide(X0,double_divide(double_divide(X2,double_divide(X0,identity)),identity)))) = X1 [forward demodulation 761,520]
773. double_divide(double_divide(X3,X1),double_divide(identity,double_divide(double_divide(identity,double_divide(X1,identity)),identity))) = X3 [forward demodulation 762,80]
779. double_divide(double_divide(X1,X2),double_divide(identity,double_divide(X0,double_divide(identity,double_divide(X2,double_divide(X0,identity)))))) = X1 [forward demodulation 772,520]
780. double_divide(double_divide(identity,double_divide(X1,identity)),double_divide(X3,X1)) = X3 [forward demodulation 773,217]
785. double_divide(double_divide(X1,X2),X2) = X1 [forward demodulation 779,758]
786. double_divide(X1,double_divide(X3,X1)) = X3 [forward demodulation 780,455]
909. double_divide(double_divide(identity,double_divide(X2,double_divide(identity,identity))),double_divide(identity,identity)) = double_divide(X1,double_divide(double_divide(X2,double_divide(double_divide(identity,X0),X1)),double_divide(identity,double_divide(X0,identity)))) [superposition 29,110]
916. double_divide(double_divide(double_divide(identity,identity),double_divide(double_divide(X1,X2),double_divide(double_divide(identity,double_divide(double_divide(X2,double_divide(identity,double_divide(X0,identity))),double_divide(identity,double_divide(X0,identity)))),identity))),double_divide(identity,identity)) = X1 [superposition 27,110]
923. double_divide(double_divide(identity,double_divide(double_divide(X1,X2),double_divide(double_divide(identity,double_divide(double_divide(X2,double_divide(identity,double_divide(X0,identity))),double_divide(identity,double_divide(X0,identity)))),identity))),identity) = X1 [forward demodulation 916,36]
929. double_divide(double_divide(identity,double_divide(X2,double_divide(identity,identity))),double_divide(identity,identity)) = double_divide(X1,double_divide(X0,double_divide(X2,double_divide(double_divide(identity,X0),X1)))) [forward demodulation 909,217]
941. double_divide(identity,double_divide(identity,double_divide(double_divide(X1,X2),double_divide(double_divide(identity,double_divide(double_divide(X2,double_divide(identity,double_divide(X0,identity))),double_divide(identity,double_divide(X0,identity)))),identity)))) = X1 [forward demodulation 923,520]
945. double_divide(identity,double_divide(identity,double_divide(X2,identity))) = double_divide(X1,double_divide(X0,double_divide(X2,double_divide(double_divide(identity,X0),X1)))) [forward demodulation 929,32]
955. double_divide(double_divide(X1,X2),double_divide(double_divide(identity,double_divide(double_divide(X2,double_divide(identity,double_divide(X0,identity))),double_divide(identity,double_divide(X0,identity)))),identity)) = X1 [forward demodulation 941,719]
958. double_divide(X2,identity) = double_divide(X1,double_divide(X0,double_divide(X2,double_divide(double_divide(identity,X0),X1)))) [forward demodulation 945,217]
967. double_divide(double_divide(X1,X2),double_divide(identity,double_divide(identity,double_divide(double_divide(X2,double_divide(identity,double_divide(X0,identity))),double_divide(identity,double_divide(X0,identity)))))) = X1 [forward demodulation 955,520]
977. double_divide(double_divide(X1,X2),double_divide(double_divide(X2,double_divide(identity,double_divide(X0,identity))),double_divide(identity,double_divide(X0,identity)))) = X1 [forward demodulation 967,719]
981. double_divide(double_divide(X1,X2),double_divide(X0,double_divide(X2,double_divide(identity,double_divide(X0,identity))))) = X1 [forward demodulation 977,217]
984. double_divide(double_divide(X1,X2),double_divide(X0,double_divide(X0,X2))) = X1 [forward demodulation 981,217]
1097. double_divide(double_divide(identity,double_divide(X1,double_divide(identity,identity))),double_divide(identity,identity)) = double_divide(double_divide(identity,X0),double_divide(double_divide(X1,double_divide(identity,double_divide(X0,identity))),double_divide(identity,identity))) [superposition 29,145]
1100. double_divide(double_divide(identity,double_divide(X1,identity)),identity) = double_divide(double_divide(identity,X0),double_divide(double_divide(X1,double_divide(identity,double_divide(X0,identity))),identity)) [forward demodulation 1097,36]
1124. double_divide(double_divide(identity,double_divide(X1,identity)),identity) = double_divide(double_divide(identity,X0),double_divide(identity,double_divide(X1,double_divide(identity,double_divide(X0,identity))))) [forward demodulation 1100,520]
1144. double_divide(double_divide(identity,double_divide(X1,identity)),identity) = double_divide(double_divide(identity,X0),double_divide(identity,double_divide(X0,X1))) [forward demodulation 1124,217]
1161. double_divide(identity,double_divide(identity,double_divide(X1,identity))) = double_divide(double_divide(identity,X0),double_divide(identity,double_divide(X0,X1))) [forward demodulation 1144,520]
1171. double_divide(X1,identity) = double_divide(double_divide(identity,X0),double_divide(identity,double_divide(X0,X1))) [forward demodulation 1161,217]
1401. double_divide(double_divide(X0,double_divide(X2,X1)),double_divide(X2,identity)) = double_divide(identity,double_divide(identity,double_divide(X1,double_divide(double_divide(identity,double_divide(X0,double_divide(identity,identity))),double_divide(identity,identity))))) [superposition 461,29]
1426. double_divide(X1,double_divide(X1,X0)) = X0 [superposition 719,461]
1428. double_divide(X0,identity) = double_divide(identity,double_divide(X1,double_divide(X1,X0))) [superposition 476,461]
1431. double_divide(identity,X0) = double_divide(identity,double_divide(X1,double_divide(X1,X0))) [superposition 719,461]
1461. double_divide(double_divide(X0,double_divide(X2,X1)),double_divide(X2,identity)) = double_divide(X1,double_divide(double_divide(identity,double_divide(X0,double_divide(identity,identity))),double_divide(identity,identity))) [forward demodulation 1401,1426]
1481. double_divide(double_divide(X0,double_divide(X2,X1)),double_divide(X2,identity)) = double_divide(X1,double_divide(identity,double_divide(identity,double_divide(X0,identity)))) [forward demodulation 1461,32]
1497. double_divide(double_divide(X0,double_divide(X2,X1)),double_divide(X2,identity)) = double_divide(X1,double_divide(X0,identity)) [forward demodulation 1481,1426]
1581. double_divide(double_divide(identity,double_divide(double_divide(X0,double_divide(X2,X1)),double_divide(identity,identity))),double_divide(identity,identity)) = double_divide(X1,double_divide(X0,double_divide(X2,identity))) [superposition 29,785]
1582. double_divide(X0,double_divide(X2,X1)) = double_divide(double_divide(X1,double_divide(X0,double_divide(X2,identity))),double_divide(identity,identity)) [superposition 1,785]
1584. double_divide(identity,double_divide(identity,double_divide(double_divide(X0,X1),X0))) = X1 [superposition 461,785]
1593. double_divide(double_divide(X0,X1),X0) = X1 [forward demodulation 1584,1426]
1595. double_divide(X0,double_divide(X2,X1)) = double_divide(double_divide(X1,double_divide(X0,double_divide(X2,identity))),identity) [forward demodulation 1582,36]
1596. double_divide(X1,double_divide(X0,double_divide(X2,identity))) = double_divide(identity,double_divide(identity,double_divide(double_divide(X0,double_divide(X2,X1)),identity))) [forward demodulation 1581,32]
1627. double_divide(X0,double_divide(X2,X1)) = double_divide(identity,double_divide(X1,double_divide(X0,double_divide(X2,identity)))) [forward demodulation 1595,520]
1628. double_divide(X1,double_divide(X0,double_divide(X2,identity))) = double_divide(double_divide(X0,double_divide(X2,X1)),identity) [forward demodulation 1596,1426]
1644. double_divide(X1,double_divide(X0,double_divide(X2,identity))) = double_divide(identity,double_divide(X0,double_divide(X2,X1))) [forward demodulation 1628,520]
1918. double_divide(X1,X0) = double_divide(X0,X1) [superposition 786,785]
2068. double_divide(identity,double_divide(identity,double_divide(X0,identity))) = double_divide(identity,double_divide(identity,double_divide(double_divide(identity,double_divide(X1,X0)),double_divide(X1,identity)))) [superposition 156,87]
2100. identity = double_divide(X1,double_divide(double_divide(identity,double_divide(identity,double_divide(X0,identity))),double_divide(double_divide(X0,X1),identity))) [superposition 87,156]
2139. identity = double_divide(X1,double_divide(double_divide(identity,double_divide(identity,double_divide(X0,identity))),double_divide(identity,double_divide(X0,X1)))) [forward demodulation 2100,520]
2158. double_divide(identity,double_divide(identity,double_divide(X0,identity))) = double_divide(double_divide(identity,double_divide(X1,X0)),double_divide(X1,identity)) [forward demodulation 2068,1426]
2185. identity = double_divide(X1,double_divide(double_divide(X0,identity),double_divide(identity,double_divide(X0,X1)))) [forward demodulation 2139,1426]
2199. double_divide(identity,double_divide(identity,double_divide(X0,identity))) = double_divide(double_divide(X1,identity),double_divide(identity,double_divide(X1,X0))) [forward demodulation 2158,1918]
2231. double_divide(X0,identity) = double_divide(double_divide(X1,identity),double_divide(identity,double_divide(X1,X0))) [forward demodulation 2199,1426]
2812. double_divide(double_divide(X0,double_divide(X2,X1)),double_divide(X2,identity)) = double_divide(double_divide(X0,identity),X1) [superposition 1593,433]
2867. double_divide(X2,double_divide(X0,double_divide(X1,identity))) = double_divide(double_divide(double_divide(X1,X2),X0),identity) [superposition 433,1593]
2877. double_divide(identity,double_divide(identity,double_divide(double_divide(X1,X0),identity))) = double_divide(identity,double_divide(X0,X1)) [superposition 156,1593]
2884. double_divide(double_divide(X1,X0),identity) = double_divide(identity,double_divide(X0,X1)) [forward demodulation 2877,1426]
2894. double_divide(X2,double_divide(X0,double_divide(X1,identity))) = double_divide(identity,double_divide(double_divide(X1,X2),X0)) [forward demodulation 2867,520]
2929. double_divide(double_divide(X0,identity),X1) = double_divide(double_divide(X2,identity),double_divide(X0,double_divide(X2,X1))) [forward demodulation 2812,1918]
2932. double_divide(identity,double_divide(X1,X0)) = double_divide(identity,double_divide(X0,X1)) [forward demodulation 2884,520]
3022. double_divide(identity,double_divide(identity,double_divide(double_divide(X0,X1),double_divide(X2,double_divide(X1,X0))))) = X2 [superposition 434,1593]
3051. double_divide(identity,double_divide(identity,double_divide(double_divide(X0,identity),double_divide(X1,double_divide(identity,X0))))) = X1 [superposition 434,476]
3210. double_divide(double_divide(X0,identity),double_divide(X1,double_divide(identity,X0))) = X1 [forward demodulation 3051,1426]
3236. double_divide(double_divide(X0,X1),double_divide(X2,double_divide(X1,X0))) = X2 [forward demodulation 3022,1426]
3621. double_divide(double_divide(a4,b4),identity) != double_divide(identity,double_divide(b4,a4)) <- (~1) [superposition 12,1918]
3750. double_divide(double_divide(a4,b4),identity) != double_divide(identity,double_divide(a4,b4)) <- (~1) [forward demodulation 3621,2932]
3843. $false <- (~1) [forward subsumption resolution 3750,520]
3844. 1 [avatar contradiction clause 3843]
4000. double_divide(double_divide(c3,double_divide(double_divide(b3,a3),identity)),identity) != double_divide(identity,double_divide(double_divide(double_divide(c3,b3),identity),a3)) <- (~2) [forward demodulation 16,520]
4002. double_divide(double_divide(c3,double_divide(double_divide(b3,a3),identity)),identity) != double_divide(identity,double_divide(a3,double_divide(double_divide(c3,b3),identity))) <- (~2) [forward demodulation 4000,2932]
4003. double_divide(double_divide(c3,double_divide(double_divide(b3,a3),identity)),identity) != double_divide(identity,double_divide(a3,double_divide(identity,double_divide(c3,b3)))) <- (~2) [forward demodulation 4002,520]
4004. double_divide(double_divide(c3,double_divide(double_divide(b3,a3),identity)),identity) != double_divide(identity,double_divide(a3,double_divide(identity,double_divide(b3,c3)))) <- (~2) [forward demodulation 4003,2932]
4005. double_divide(identity,double_divide(a3,double_divide(identity,double_divide(b3,c3)))) != double_divide(identity,double_divide(c3,double_divide(double_divide(b3,a3),identity))) <- (~2) [forward demodulation 4004,520]
4006. double_divide(identity,double_divide(a3,double_divide(identity,double_divide(b3,c3)))) != double_divide(identity,double_divide(c3,double_divide(identity,double_divide(b3,a3)))) <- (~2) [forward demodulation 4005,520]
4007. double_divide(identity,double_divide(a3,double_divide(identity,double_divide(b3,c3)))) != double_divide(identity,double_divide(c3,double_divide(identity,double_divide(a3,b3)))) <- (~2) [forward demodulation 4006,2932]
4670. double_divide(X1,double_divide(identity,double_divide(identity,double_divide(X0,identity)))) = double_divide(double_divide(identity,X0),X1) [superposition 217,110]
4678. double_divide(X1,double_divide(identity,X0)) = double_divide(double_divide(X0,identity),X1) [superposition 217,785]
4785. double_divide(X1,double_divide(X0,identity)) = double_divide(double_divide(identity,X0),X1) [forward demodulation 4670,1426]
6046. double_divide(identity,double_divide(identity,double_divide(double_divide(identity,double_divide(X0,identity)),double_divide(double_divide(double_divide(identity,X0),double_divide(X1,X2)),double_divide(X1,identity))))) = X2 [superposition 466,110]
6348. double_divide(double_divide(identity,double_divide(X0,identity)),double_divide(double_divide(double_divide(identity,X0),double_divide(X1,X2)),double_divide(X1,identity))) = X2 [forward demodulation 6046,1426]
6491. double_divide(identity,double_divide(double_divide(double_divide(identity,X0),double_divide(X1,X2)),double_divide(X1,double_divide(identity,double_divide(X0,identity))))) = X2 [forward demodulation 6348,1644]
6616. double_divide(identity,double_divide(double_divide(double_divide(identity,X0),double_divide(X1,X2)),double_divide(X0,X1))) = X2 [forward demodulation 6491,217]
6707. double_divide(identity,double_divide(double_divide(X0,X1),double_divide(double_divide(identity,X0),double_divide(X1,X2)))) = X2 [forward demodulation 6616,2932]
7118. double_divide(identity,double_divide(identity,double_divide(double_divide(double_divide(double_divide(X1,X2),X2),double_divide(double_divide(double_divide(X0,double_divide(X3,X4)),double_divide(X3,identity)),X1)),double_divide(X0,identity)))) = X4 [superposition 471,433]
7289. double_divide(double_divide(double_divide(double_divide(X1,X2),X2),double_divide(double_divide(double_divide(X0,double_divide(X3,X4)),double_divide(X3,identity)),X1)),double_divide(X0,identity)) = X4 [forward demodulation 7118,1426]
7502. double_divide(double_divide(identity,X0),double_divide(double_divide(double_divide(X1,X2),X2),double_divide(double_divide(double_divide(X0,double_divide(X3,X4)),double_divide(X3,identity)),X1))) = X4 [forward demodulation 7289,4785]
7712. double_divide(double_divide(identity,X0),double_divide(double_divide(double_divide(X1,X2),X2),double_divide(double_divide(double_divide(identity,X3),double_divide(X0,double_divide(X3,X4))),X1))) = X4 [forward demodulation 7502,4785]
7895. double_divide(double_divide(identity,X0),double_divide(double_divide(X2,double_divide(X1,X2)),double_divide(double_divide(double_divide(identity,X3),double_divide(X0,double_divide(X3,X4))),X1))) = X4 [forward demodulation 7712,1918]
8045. double_divide(double_divide(identity,X0),double_divide(X1,double_divide(double_divide(double_divide(identity,X3),double_divide(X0,double_divide(X3,X4))),X1))) = X4 [forward demodulation 7895,786]
8152. double_divide(double_divide(identity,X0),double_divide(double_divide(identity,X3),double_divide(X0,double_divide(X3,X4)))) = X4 [forward demodulation 8045,786]
9441. double_divide(double_divide(double_divide(X0,double_divide(X1,X2)),double_divide(X1,identity)),identity) = double_divide(identity,double_divide(X2,double_divide(double_divide(identity,double_divide(X0,double_divide(identity,identity))),double_divide(identity,identity)))) [superposition 1428,29]
9639. double_divide(double_divide(double_divide(X0,double_divide(X1,X2)),double_divide(X1,identity)),identity) = double_divide(double_divide(identity,double_divide(X0,double_divide(identity,identity))),double_divide(identity,X2)) [forward demodulation 9441,1627]
9708. double_divide(double_divide(double_divide(X0,double_divide(X1,X2)),double_divide(X1,identity)),identity) = double_divide(double_divide(identity,double_divide(X0,identity)),double_divide(identity,X2)) [forward demodulation 9639,36]
9758. double_divide(double_divide(double_divide(X0,double_divide(X1,X2)),double_divide(X1,identity)),identity) = double_divide(X0,double_divide(identity,X2)) [forward demodulation 9708,786]
9788. double_divide(identity,double_divide(double_divide(X0,double_divide(X1,X2)),double_divide(X1,identity))) = double_divide(X0,double_divide(identity,X2)) [forward demodulation 9758,520]
9808. double_divide(identity,double_divide(double_divide(X1,identity),double_divide(X0,double_divide(X1,X2)))) = double_divide(X0,double_divide(identity,X2)) [forward demodulation 9788,2894]
9818. double_divide(identity,double_divide(double_divide(X0,identity),X2)) = double_divide(X0,double_divide(identity,X2)) [forward demodulation 9808,2929]
10730. double_divide(double_divide(X1,identity),X0) = double_divide(double_divide(identity,X1),X0) [superposition 3210,1593]
10786. double_divide(double_divide(X0,double_divide(identity,X1)),identity) = double_divide(identity,double_divide(double_divide(X1,identity),X0)) [superposition 1428,3210]
10787. double_divide(X0,double_divide(X1,identity)) = double_divide(X0,double_divide(identity,X1)) [superposition 1593,3210]
10788. double_divide(X1,double_divide(identity,X0)) = double_divide(double_divide(X0,double_divide(identity,X1)),identity) [forward demodulation 10786,9818]
10885. double_divide(X1,double_divide(identity,X0)) = double_divide(identity,double_divide(X0,double_divide(identity,X1))) [forward demodulation 10788,520]
12960. double_divide(double_divide(X1,double_divide(X4,X3)),double_divide(X4,identity)) = double_divide(double_divide(X0,double_divide(double_divide(X1,double_divide(X2,X0)),double_divide(X2,identity))),X3) [superposition 1593,82]
13010. double_divide(double_divide(X1,double_divide(X4,X3)),double_divide(X4,identity)) = double_divide(double_divide(double_divide(identity,double_divide(X1,identity)),identity),X3) [forward demodulation 12960,80]
13370. double_divide(double_divide(X1,double_divide(X4,X3)),double_divide(X4,identity)) = double_divide(double_divide(identity,double_divide(identity,double_divide(X1,identity))),X3) [forward demodulation 13010,10730]
13679. double_divide(double_divide(X1,double_divide(X4,X3)),double_divide(X4,identity)) = double_divide(double_divide(X1,identity),X3) [forward demodulation 13370,1426]
13943. double_divide(double_divide(identity,X4),double_divide(X1,double_divide(X4,X3))) = double_divide(double_divide(X1,identity),X3) [forward demodulation 13679,4785]
14889. double_divide(identity,double_divide(identity,double_divide(double_divide(double_divide(double_divide(identity,X1),X1),X0),double_divide(X2,double_divide(identity,double_divide(double_divide(X0,identity),identity)))))) = X2 [superposition 471,53]
14912. double_divide(double_divide(double_divide(double_divide(identity,X1),X1),X0),double_divide(X2,double_divide(identity,double_divide(double_divide(X0,identity),identity)))) = X2 [forward demodulation 14889,1426]
14977. double_divide(double_divide(double_divide(double_divide(identity,X1),X1),X0),double_divide(double_divide(X0,identity),X2)) = X2 [forward demodulation 14912,217]
15029. double_divide(double_divide(double_divide(X1,double_divide(identity,X1)),X0),double_divide(double_divide(X0,identity),X2)) = X2 [forward demodulation 14977,1918]
15060. double_divide(double_divide(identity,X0),double_divide(double_divide(X0,identity),X2)) = X2 [forward demodulation 15029,573]
15269. double_divide(double_divide(X1,double_divide(X2,X0)),identity) = double_divide(double_divide(double_divide(double_divide(identity,double_divide(double_divide(X1,identity),identity)),identity),double_divide(double_divide(identity,double_divide(double_divide(double_divide(X2,identity),identity),identity)),X0)),identity) [superposition 126,126]
15413. double_divide(double_divide(X1,double_divide(X2,X0)),identity) = double_divide(identity,double_divide(double_divide(double_divide(identity,double_divide(double_divide(X1,identity),identity)),identity),double_divide(double_divide(identity,double_divide(double_divide(double_divide(X2,identity),identity),identity)),X0))) [forward demodulation 15269,520]
15639. double_divide(double_divide(X1,double_divide(X2,X0)),identity) = double_divide(double_divide(identity,double_divide(double_divide(X1,identity),identity)),double_divide(identity,double_divide(double_divide(identity,double_divide(double_divide(double_divide(X2,identity),identity),identity)),X0))) [forward demodulation 15413,9818]
15861. double_divide(double_divide(X1,double_divide(X2,X0)),identity) = double_divide(double_divide(identity,double_divide(double_divide(X1,identity),identity)),double_divide(identity,double_divide(double_divide(double_divide(X2,identity),identity),X0))) [forward demodulation 15639,786]
16065. double_divide(double_divide(X1,double_divide(X2,X0)),identity) = double_divide(double_divide(identity,double_divide(double_divide(X1,identity),identity)),double_divide(double_divide(X2,identity),double_divide(identity,X0))) [forward demodulation 15861,9818]
16245. double_divide(double_divide(X1,double_divide(X2,X0)),identity) = double_divide(double_divide(X1,identity),double_divide(double_divide(X2,identity),double_divide(identity,X0))) [forward demodulation 16065,786]
16405. double_divide(identity,double_divide(X1,double_divide(X2,X0))) = double_divide(double_divide(X1,identity),double_divide(double_divide(X2,identity),double_divide(identity,X0))) [forward demodulation 16245,520]
17397. double_divide(double_divide(double_divide(double_divide(double_divide(identity,double_divide(double_divide(X0,X1),double_divide(double_divide(double_divide(X2,identity),double_divide(double_divide(X1,identity),double_divide(X2,identity))),identity))),double_divide(X3,X4)),double_divide(X3,identity)),double_divide(double_divide(X5,double_divide(identity,double_divide(X0,identity))),double_divide(X4,identity))),identity) = X5 [superposition 125,41]
17675. double_divide(identity,double_divide(double_divide(double_divide(double_divide(identity,double_divide(double_divide(X0,X1),double_divide(double_divide(double_divide(X2,identity),double_divide(double_divide(X1,identity),double_divide(X2,identity))),identity))),double_divide(X3,X4)),double_divide(X3,identity)),double_divide(double_divide(X5,double_divide(identity,double_divide(X0,identity))),double_divide(X4,identity)))) = X5 [forward demodulation 17397,520]
17949. double_divide(double_divide(X5,double_divide(identity,double_divide(X0,identity))),double_divide(X4,double_divide(double_divide(double_divide(identity,double_divide(double_divide(X0,X1),double_divide(double_divide(double_divide(X2,identity),double_divide(double_divide(X1,identity),double_divide(X2,identity))),identity))),double_divide(X3,X4)),double_divide(X3,identity)))) = X5 [forward demodulation 17675,1627]
18219. double_divide(double_divide(X5,double_divide(identity,double_divide(X0,identity))),double_divide(double_divide(identity,double_divide(double_divide(identity,double_divide(double_divide(X0,X1),double_divide(double_divide(double_divide(X2,identity),double_divide(double_divide(X1,identity),double_divide(X2,identity))),identity))),identity)),identity)) = X5 [forward demodulation 17949,80]
18483. double_divide(double_divide(X5,double_divide(identity,double_divide(X0,identity))),double_divide(identity,double_divide(identity,double_divide(double_divide(identity,double_divide(double_divide(X0,X1),double_divide(double_divide(double_divide(X2,identity),double_divide(double_divide(X1,identity),double_divide(X2,identity))),identity))),identity)))) = X5 [forward demodulation 18219,10787]
18722. double_divide(double_divide(X5,double_divide(identity,double_divide(X0,identity))),double_divide(double_divide(identity,double_divide(double_divide(X0,X1),double_divide(double_divide(double_divide(X2,identity),double_divide(double_divide(X1,identity),double_divide(X2,identity))),identity))),identity)) = X5 [forward demodulation 18483,1426]
18940. double_divide(double_divide(X5,double_divide(identity,double_divide(X0,identity))),double_divide(identity,double_divide(identity,double_divide(double_divide(X0,X1),double_divide(double_divide(double_divide(X2,identity),double_divide(double_divide(X1,identity),double_divide(X2,identity))),identity))))) = X5 [forward demodulation 18722,10787]
19107. double_divide(double_divide(X5,double_divide(identity,double_divide(X0,identity))),double_divide(double_divide(X0,X1),double_divide(double_divide(double_divide(X2,identity),double_divide(double_divide(X1,identity),double_divide(X2,identity))),identity))) = X5 [forward demodulation 18940,1426]
19228. double_divide(identity,double_divide(double_divide(X0,X1),double_divide(double_divide(double_divide(X2,identity),double_divide(double_divide(X1,identity),double_divide(X2,identity))),double_divide(X5,double_divide(identity,double_divide(X0,identity)))))) = X5 [forward demodulation 19107,1644]
19323. double_divide(identity,double_divide(double_divide(X0,X1),double_divide(double_divide(double_divide(X2,identity),double_divide(double_divide(X1,identity),double_divide(X2,identity))),double_divide(X0,X5)))) = X5 [forward demodulation 19228,217]
19386. double_divide(identity,double_divide(double_divide(X0,X1),double_divide(double_divide(X1,identity),double_divide(X0,X5)))) = X5 [forward demodulation 19323,786]
19594. double_divide(X0,double_divide(identity,X1)) = double_divide(double_divide(X1,double_divide(X0,double_divide(identity,identity))),double_divide(identity,identity)) [superposition 1,763]
19668. double_divide(X0,double_divide(identity,X1)) = double_divide(double_divide(identity,identity),double_divide(X1,double_divide(X0,double_divide(identity,identity)))) [forward demodulation 19594,4678]
19729. double_divide(identity,double_divide(X1,double_divide(X0,identity))) = double_divide(X0,double_divide(identity,X1)) [forward demodulation 19668,36]
19938. double_divide(double_divide(double_divide(X1,identity),identity),double_divide(double_divide(identity,double_divide(identity,double_divide(X2,identity))),double_divide(double_divide(X2,double_divide(identity,double_divide(identity,double_divide(X0,identity)))),identity))) = double_divide(identity,double_divide(identity,double_divide(double_divide(double_divide(identity,double_divide(identity,double_divide(X3,identity))),double_divide(double_divide(X3,double_divide(X1,X0)),identity)),identity))) [superposition 136,136]
19991. double_divide(identity,double_divide(identity,double_divide(double_divide(X1,X0),identity))) = double_divide(double_divide(X1,identity),double_divide(double_divide(identity,double_divide(identity,double_divide(identity,identity))),double_divide(double_divide(X0,identity),identity))) [superposition 136,1428]
19994. double_divide(identity,double_divide(identity,double_divide(double_divide(X1,X2),identity))) = double_divide(double_divide(X1,identity),double_divide(double_divide(identity,double_divide(identity,double_divide(double_divide(X0,X2),identity))),double_divide(X0,identity))) [superposition 136,984]
20042. double_divide(double_divide(X2,double_divide(X1,X0)),identity) = double_divide(identity,double_divide(identity,double_divide(double_divide(double_divide(X1,identity),identity),double_divide(double_divide(identity,double_divide(identity,double_divide(X0,identity))),double_divide(double_divide(identity,double_divide(identity,double_divide(X2,identity))),identity))))) [superposition 466,136]
20073. double_divide(double_divide(identity,double_divide(identity,double_divide(X0,identity))),double_divide(X1,identity)) = double_divide(double_divide(identity,double_divide(identity,double_divide(X2,identity))),double_divide(double_divide(X2,double_divide(X1,X0)),identity)) [superposition 1593,136]
20074. double_divide(double_divide(identity,double_divide(identity,double_divide(X0,identity))),double_divide(X1,identity)) = double_divide(double_divide(identity,double_divide(identity,double_divide(X2,identity))),double_divide(identity,double_divide(X2,double_divide(X1,X0)))) [forward demodulation 20073,10787]
20105. double_divide(double_divide(X2,double_divide(X1,X0)),identity) = double_divide(double_divide(double_divide(X1,identity),identity),double_divide(double_divide(identity,double_divide(identity,double_divide(X0,identity))),double_divide(double_divide(identity,double_divide(identity,double_divide(X2,identity))),identity))) [forward demodulation 20042,1426]
20150. double_divide(identity,double_divide(identity,double_divide(double_divide(X1,X2),identity))) = double_divide(identity,double_divide(double_divide(identity,double_divide(identity,double_divide(double_divide(X0,X2),identity))),double_divide(X0,double_divide(X1,identity)))) [forward demodulation 19994,1644]
20153. double_divide(identity,double_divide(identity,double_divide(double_divide(X1,X0),identity))) = double_divide(identity,double_divide(double_divide(identity,double_divide(identity,double_divide(identity,identity))),double_divide(double_divide(X0,identity),double_divide(X1,identity)))) [forward demodulation 19991,1644]
20203. double_divide(double_divide(double_divide(X1,identity),identity),double_divide(double_divide(identity,double_divide(identity,double_divide(X2,identity))),double_divide(double_divide(X2,double_divide(identity,double_divide(identity,double_divide(X0,identity)))),identity))) = double_divide(double_divide(double_divide(identity,double_divide(identity,double_divide(X3,identity))),double_divide(double_divide(X3,double_divide(X1,X0)),identity)),identity) [forward demodulation 19938,1426]
20289. double_divide(double_divide(identity,double_divide(identity,double_divide(X0,identity))),double_divide(X1,identity)) = double_divide(double_divide(X2,identity),double_divide(identity,double_divide(X2,double_divide(X1,X0)))) [forward demodulation 20074,1426]
20320. double_divide(double_divide(X2,double_divide(X1,X0)),identity) = double_divide(identity,double_divide(double_divide(identity,double_divide(identity,double_divide(X0,identity))),double_divide(double_divide(identity,double_divide(identity,double_divide(X2,identity))),double_divide(double_divide(X1,identity),identity)))) [forward demodulation 20105,1644]
20362. double_divide(identity,double_divide(identity,double_divide(double_divide(X1,X2),identity))) = double_divide(X0,double_divide(X1,double_divide(identity,double_divide(identity,double_divide(double_divide(X0,X2),identity))))) [forward demodulation 20150,1627]
20365. double_divide(identity,double_divide(identity,double_divide(double_divide(X1,X0),identity))) = double_divide(double_divide(X0,identity),double_divide(X1,double_divide(identity,double_divide(identity,double_divide(identity,identity))))) [forward demodulation 20153,1627]
20415. double_divide(double_divide(double_divide(X1,identity),identity),double_divide(double_divide(identity,double_divide(identity,double_divide(X2,identity))),double_divide(double_divide(X2,double_divide(identity,double_divide(identity,double_divide(X0,identity)))),identity))) = double_divide(identity,double_divide(double_divide(identity,double_divide(identity,double_divide(X3,identity))),double_divide(double_divide(X3,double_divide(X1,X0)),identity))) [forward demodulation 20203,520]
20501. double_divide(double_divide(X1,X0),identity) = double_divide(double_divide(identity,double_divide(identity,double_divide(X0,identity))),double_divide(X1,identity)) [forward demodulation 20289,2231]
20532. double_divide(double_divide(X2,double_divide(X1,X0)),identity) = double_divide(double_divide(identity,double_divide(identity,double_divide(X2,identity))),double_divide(double_divide(X1,identity),double_divide(identity,double_divide(identity,double_divide(X0,identity))))) [forward demodulation 20320,1627]
20573. double_divide(identity,double_divide(identity,double_divide(double_divide(X1,X2),identity))) = double_divide(X0,double_divide(X1,double_divide(double_divide(X0,X2),identity))) [forward demodulation 20362,1426]
20576. double_divide(identity,double_divide(identity,double_divide(double_divide(X1,X0),identity))) = double_divide(double_divide(X0,identity),double_divide(X1,double_divide(identity,identity))) [forward demodulation 20365,1426]
20626. double_divide(double_divide(double_divide(X1,identity),identity),double_divide(double_divide(identity,double_divide(identity,double_divide(X2,identity))),double_divide(double_divide(X2,double_divide(identity,double_divide(identity,double_divide(X0,identity)))),identity))) = double_divide(double_divide(X3,double_divide(X1,X0)),double_divide(identity,double_divide(identity,double_divide(identity,double_divide(X3,identity))))) [forward demodulation 20415,19729]
20712. double_divide(double_divide(X1,X0),identity) = double_divide(double_divide(X0,identity),double_divide(X1,identity)) [forward demodulation 20501,1426]
20743. double_divide(double_divide(X2,double_divide(X1,X0)),identity) = double_divide(double_divide(identity,double_divide(identity,double_divide(X2,identity))),double_divide(double_divide(X1,identity),double_divide(X0,identity))) [forward demodulation 20532,1426]
20781. double_divide(identity,double_divide(identity,double_divide(double_divide(X1,X2),identity))) = double_divide(X0,double_divide(X1,double_divide(identity,double_divide(X0,X2)))) [forward demodulation 20573,10787]
20784. double_divide(identity,double_divide(identity,double_divide(double_divide(X1,X0),identity))) = double_divide(identity,double_divide(X1,double_divide(identity,double_divide(X0,identity)))) [forward demodulation 20576,1644]
20831. double_divide(double_divide(double_divide(X1,identity),identity),double_divide(double_divide(identity,double_divide(identity,double_divide(X2,identity))),double_divide(double_divide(X2,double_divide(identity,double_divide(identity,double_divide(X0,identity)))),identity))) = double_divide(double_divide(X3,double_divide(X1,X0)),double_divide(identity,double_divide(X3,identity))) [forward demodulation 20626,1426]
20914. double_divide(double_divide(X0,identity),double_divide(X1,identity)) = double_divide(identity,double_divide(X1,X0)) [forward demodulation 20712,520]
20945. double_divide(double_divide(X2,double_divide(X1,X0)),identity) = double_divide(identity,double_divide(double_divide(X1,identity),double_divide(X0,double_divide(identity,double_divide(identity,double_divide(X2,identity)))))) [forward demodulation 20743,1644]
20981. double_divide(double_divide(X1,X2),identity) = double_divide(X0,double_divide(X1,double_divide(identity,double_divide(X0,X2)))) [forward demodulation 20781,1426]
20984. double_divide(identity,double_divide(identity,double_divide(double_divide(X1,X0),identity))) = double_divide(double_divide(X0,identity),double_divide(identity,X1)) [forward demodulation 20784,10885]
21020. double_divide(double_divide(double_divide(X1,identity),identity),double_divide(double_divide(identity,double_divide(identity,double_divide(X2,identity))),double_divide(double_divide(X2,double_divide(identity,double_divide(identity,double_divide(X0,identity)))),identity))) = double_divide(X3,double_divide(X3,double_divide(X1,X0))) [forward demodulation 20831,217]
21128. double_divide(double_divide(X2,double_divide(X1,X0)),identity) = double_divide(X1,double_divide(identity,double_divide(X0,double_divide(identity,double_divide(identity,double_divide(X2,identity)))))) [forward demodulation 20945,9818]
21156. double_divide(identity,double_divide(X1,X2)) = double_divide(X0,double_divide(X1,double_divide(identity,double_divide(X0,X2)))) [forward demodulation 20981,520]
21158. double_divide(double_divide(X1,X0),identity) = double_divide(double_divide(X0,identity),double_divide(identity,X1)) [forward demodulation 20984,1426]
21190. double_divide(X1,X0) = double_divide(double_divide(double_divide(X1,identity),identity),double_divide(double_divide(identity,double_divide(identity,double_divide(X2,identity))),double_divide(double_divide(X2,double_divide(identity,double_divide(identity,double_divide(X0,identity)))),identity))) [forward demodulation 21020,1426]
21284. double_divide(double_divide(X2,double_divide(X1,X0)),identity) = double_divide(X1,double_divide(double_divide(identity,double_divide(X2,identity)),double_divide(identity,X0))) [forward demodulation 21128,10885]
21310. double_divide(identity,double_divide(X1,X0)) = double_divide(double_divide(X0,identity),double_divide(identity,X1)) [forward demodulation 21158,520]
21336. double_divide(X1,X0) = double_divide(identity,double_divide(double_divide(identity,double_divide(identity,double_divide(X2,identity))),double_divide(double_divide(X2,double_divide(identity,double_divide(identity,double_divide(X0,identity)))),double_divide(double_divide(X1,identity),identity)))) [forward demodulation 21190,1644]
21403. double_divide(double_divide(X2,double_divide(X1,X0)),identity) = double_divide(X1,double_divide(X2,double_divide(identity,X0))) [forward demodulation 21284,786]
21441. double_divide(X1,X0) = double_divide(double_divide(X2,double_divide(identity,double_divide(identity,double_divide(X0,identity)))),double_divide(double_divide(X1,identity),double_divide(identity,double_divide(identity,double_divide(X2,identity))))) [forward demodulation 21336,1627]
21491. double_divide(X1,double_divide(X2,double_divide(identity,X0))) = double_divide(identity,double_divide(X2,double_divide(X1,X0))) [forward demodulation 21403,520]
21518. double_divide(X1,X0) = double_divide(double_divide(X2,double_divide(identity,double_divide(identity,double_divide(X0,identity)))),double_divide(identity,double_divide(double_divide(identity,double_divide(X2,identity)),X1))) [forward demodulation 21441,21310]
21579. double_divide(X1,X0) = double_divide(double_divide(X2,double_divide(identity,double_divide(identity,double_divide(X0,identity)))),double_divide(identity,double_divide(X2,X1))) [forward demodulation 21518,786]
21622. double_divide(X1,X0) = double_divide(double_divide(X2,double_divide(X0,identity)),double_divide(identity,double_divide(X2,X1))) [forward demodulation 21579,1426]
21771. double_divide(double_divide(X0,identity),double_divide(X1,identity)) = double_divide(double_divide(identity,X0),double_divide(identity,X1)) [superposition 4785,4785]
22213. double_divide(identity,double_divide(X1,X0)) = double_divide(double_divide(identity,X0),double_divide(identity,X1)) [forward demodulation 21771,20914]
23181. double_divide(identity,double_divide(identity,double_divide(X6,identity))) = double_divide(double_divide(double_divide(double_divide(double_divide(double_divide(X1,double_divide(X2,X3)),double_divide(X2,identity)),double_divide(double_divide(X0,double_divide(identity,double_divide(double_divide(X1,identity),identity))),double_divide(X3,identity))),double_divide(X4,X5)),double_divide(X4,identity)),double_divide(double_divide(X6,double_divide(identity,double_divide(identity,X0))),double_divide(X5,identity))) [superposition 138,125]
23422. double_divide(identity,double_divide(identity,double_divide(X6,identity))) = double_divide(identity,double_divide(double_divide(X6,double_divide(identity,double_divide(identity,X0))),double_divide(X5,double_divide(double_divide(double_divide(double_divide(double_divide(X1,double_divide(X2,X3)),double_divide(X2,identity)),double_divide(double_divide(X0,double_divide(identity,double_divide(double_divide(X1,identity),identity))),double_divide(X3,identity))),double_divide(X4,X5)),double_divide(X4,identity))))) [forward demodulation 23181,1644]
23702. double_divide(identity,double_divide(identity,double_divide(X6,identity))) = double_divide(identity,double_divide(double_divide(X6,double_divide(identity,double_divide(identity,X0))),double_divide(double_divide(identity,double_divide(double_divide(double_divide(double_divide(X1,double_divide(X2,X3)),double_divide(X2,identity)),double_divide(double_divide(X0,double_divide(identity,double_divide(double_divide(X1,identity),identity))),double_divide(X3,identity))),identity)),identity))) [forward demodulation 23422,80]
23978. double_divide(identity,double_divide(identity,double_divide(X6,identity))) = double_divide(double_divide(identity,double_divide(double_divide(double_divide(double_divide(X1,double_divide(X2,X3)),double_divide(X2,identity)),double_divide(double_divide(X0,double_divide(identity,double_divide(double_divide(X1,identity),identity))),double_divide(X3,identity))),identity)),double_divide(identity,double_divide(X6,double_divide(identity,double_divide(identity,X0))))) [forward demodulation 23702,19729]
24245. double_divide(identity,double_divide(identity,double_divide(X6,identity))) = double_divide(identity,double_divide(double_divide(X6,double_divide(identity,double_divide(identity,X0))),double_divide(double_divide(double_divide(double_divide(X1,double_divide(X2,X3)),double_divide(X2,identity)),double_divide(double_divide(X0,double_divide(identity,double_divide(double_divide(X1,identity),identity))),double_divide(X3,identity))),identity))) [forward demodulation 23978,22213]
24500. double_divide(identity,double_divide(identity,double_divide(X6,identity))) = double_divide(double_divide(double_divide(double_divide(X1,double_divide(X2,X3)),double_divide(X2,identity)),double_divide(double_divide(X0,double_divide(identity,double_divide(double_divide(X1,identity),identity))),double_divide(X3,identity))),double_divide(identity,double_divide(X6,double_divide(identity,double_divide(identity,X0))))) [forward demodulation 24245,19729]
24731. double_divide(identity,double_divide(identity,double_divide(X6,identity))) = double_divide(double_divide(double_divide(double_divide(X1,double_divide(X2,X3)),double_divide(X2,identity)),double_divide(double_divide(X0,double_divide(identity,double_divide(double_divide(X1,identity),identity))),double_divide(X3,identity))),double_divide(identity,double_divide(X6,X0))) [forward demodulation 24500,21156]
24947. double_divide(identity,double_divide(identity,double_divide(X6,identity))) = double_divide(double_divide(identity,double_divide(double_divide(X0,double_divide(identity,double_divide(double_divide(X1,identity),identity))),double_divide(X3,double_divide(double_divide(X1,double_divide(X2,X3)),double_divide(X2,identity))))),double_divide(identity,double_divide(X6,X0))) [forward demodulation 24731,1644]
25129. double_divide(identity,double_divide(identity,double_divide(X6,identity))) = double_divide(identity,double_divide(double_divide(X6,X0),double_divide(double_divide(X0,double_divide(identity,double_divide(double_divide(X1,identity),identity))),double_divide(X3,double_divide(double_divide(X1,double_divide(X2,X3)),double_divide(X2,identity)))))) [forward demodulation 24947,22213]
25290. double_divide(identity,double_divide(identity,double_divide(X6,identity))) = double_divide(identity,double_divide(double_divide(X6,X0),double_divide(double_divide(X0,double_divide(identity,double_divide(double_divide(X1,identity),identity))),double_divide(double_divide(identity,double_divide(X1,identity)),identity)))) [forward demodulation 25129,80]
25428. double_divide(identity,double_divide(identity,double_divide(X6,identity))) = double_divide(double_divide(X0,double_divide(identity,double_divide(double_divide(X1,identity),identity))),double_divide(double_divide(identity,double_divide(X1,identity)),double_divide(X6,X0))) [forward demodulation 25290,1627]
25534. double_divide(identity,double_divide(identity,double_divide(X6,identity))) = double_divide(double_divide(X0,double_divide(identity,double_divide(double_divide(X1,identity),identity))),double_divide(X1,double_divide(X6,X0))) [forward demodulation 25428,786]
25623. double_divide(identity,double_divide(identity,double_divide(X6,identity))) = double_divide(double_divide(double_divide(X1,identity),X0),double_divide(X1,double_divide(X6,X0))) [forward demodulation 25534,217]
25694. double_divide(X6,identity) = double_divide(double_divide(double_divide(X1,identity),X0),double_divide(X1,double_divide(X6,X0))) [forward demodulation 25623,1426]
27555. double_divide(double_divide(identity,X0),double_divide(X1,identity)) = double_divide(double_divide(X0,identity),double_divide(identity,X1)) [superposition 4785,4678]
27641. double_divide(identity,double_divide(X1,X0)) = double_divide(double_divide(identity,X0),double_divide(X1,identity)) [forward demodulation 27555,21310]
29641. double_divide(identity,double_divide(double_divide(X1,identity),X0)) = double_divide(identity,double_divide(double_divide(identity,X1),X0)) [superposition 1431,15060]
29643. double_divide(X1,double_divide(identity,X0)) = double_divide(identity,double_divide(double_divide(identity,X1),X0)) [forward demodulation 29641,9818]
31221. double_divide(double_divide(double_divide(X1,X0),identity),double_divide(X2,double_divide(identity,double_divide(X0,X1)))) = X2 [superposition 3210,2932]
31350. double_divide(identity,double_divide(X2,double_divide(double_divide(double_divide(X1,X0),identity),double_divide(X0,X1)))) = X2 [forward demodulation 31221,21491]
31572. double_divide(identity,double_divide(X2,double_divide(double_divide(X0,X1),double_divide(double_divide(X1,X0),identity)))) = X2 [forward demodulation 31350,1918]
31742. double_divide(double_divide(X0,X1),double_divide(double_divide(X1,X0),X2)) = X2 [forward demodulation 31572,1627]
33358. double_divide(double_divide(X1,X2),X0) = double_divide(double_divide(X2,X1),X0) [superposition 3236,1593]
33451. double_divide(X0,double_divide(X2,X1)) = double_divide(double_divide(X1,X2),X0) [superposition 1426,3236]
33454. double_divide(X0,double_divide(X1,X2)) = double_divide(X0,double_divide(X2,X1)) [superposition 1593,3236]
45627. double_divide(double_divide(X1,double_divide(X0,X2)),identity) = double_divide(double_divide(double_divide(X2,identity),X1),X0) [superposition 501,1593]
45629. double_divide(double_divide(X1,double_divide(X0,X2)),identity) = double_divide(X0,double_divide(double_divide(X2,identity),X1)) [superposition 501,785]
45964. double_divide(identity,double_divide(X1,double_divide(X0,X2))) = double_divide(X0,double_divide(double_divide(X2,identity),X1)) [forward demodulation 45629,520]
45966. double_divide(identity,double_divide(X1,double_divide(X0,X2))) = double_divide(double_divide(double_divide(X2,identity),X1),X0) [forward demodulation 45627,520]
46820. double_divide(X2,double_divide(double_divide(X0,X1),identity)) = double_divide(double_divide(identity,double_divide(X1,double_divide(identity,double_divide(X0,identity)))),X2) [superposition 33451,206]
47350. double_divide(double_divide(X0,double_divide(X1,X2)),X3) = double_divide(double_divide(X0,double_divide(X2,X1)),X3) [superposition 33358,33451]
47740. double_divide(X2,double_divide(double_divide(X0,X1),identity)) = double_divide(double_divide(double_divide(X0,identity),double_divide(identity,X1)),X2) [forward demodulation 46820,10885]
48128. double_divide(X2,double_divide(double_divide(X0,X1),identity)) = double_divide(identity,double_divide(double_divide(identity,X1),double_divide(X2,X0))) [forward demodulation 47740,45966]
48422. double_divide(X2,double_divide(double_divide(X0,X1),identity)) = double_divide(X1,double_divide(identity,double_divide(X2,X0))) [forward demodulation 48128,29643]
48634. double_divide(X2,double_divide(identity,double_divide(X0,X1))) = double_divide(X1,double_divide(identity,double_divide(X2,X0))) [forward demodulation 48422,10787]
49189. double_divide(X2,double_divide(X0,X1)) = double_divide(double_divide(X0,double_divide(double_divide(X1,identity),X2)),identity) [superposition 505,785]
49327. double_divide(double_divide(X1,X2),double_divide(X0,identity)) = double_divide(double_divide(X0,double_divide(double_divide(X3,identity),double_divide(X2,X1))),X3) [superposition 31742,505]
49400. double_divide(double_divide(X1,X2),double_divide(X0,identity)) = double_divide(X3,double_divide(X0,double_divide(double_divide(X3,identity),double_divide(X2,X1)))) [forward demodulation 49327,1918]
49525. double_divide(X2,double_divide(X0,X1)) = double_divide(identity,double_divide(X0,double_divide(double_divide(X1,identity),X2))) [forward demodulation 49189,520]
50368. double_divide(X3,double_divide(X0,double_divide(X2,X1))) = double_divide(X3,double_divide(X0,double_divide(X1,X2))) [superposition 33454,33451]
50375. double_divide(X3,double_divide(double_divide(X2,X1),X0)) = double_divide(X3,double_divide(X0,double_divide(X1,X2))) [superposition 33454,33454]
50376. double_divide(X3,double_divide(double_divide(X0,X1),X2)) = double_divide(X3,double_divide(double_divide(X1,X0),X2)) [superposition 33454,33451]
50381. double_divide(X2,double_divide(double_divide(X0,identity),X1)) = double_divide(X2,double_divide(double_divide(identity,X0),X1)) [superposition 33454,4785]
52380. double_divide(X2,double_divide(X0,X1)) = double_divide(double_divide(X0,double_divide(double_divide(identity,X1),X2)),identity) [superposition 594,785]
52721. double_divide(X2,double_divide(X0,X1)) = double_divide(identity,double_divide(X0,double_divide(double_divide(identity,X1),X2))) [forward demodulation 52380,520]
58543. double_divide(X2,double_divide(X0,identity)) = double_divide(double_divide(X0,double_divide(double_divide(double_divide(double_divide(identity,X1),X2),identity),X1)),identity) [superposition 958,505]
58833. double_divide(X2,double_divide(X0,identity)) = double_divide(identity,double_divide(X0,double_divide(double_divide(double_divide(double_divide(identity,X1),X2),identity),X1))) [forward demodulation 58543,520]
59061. double_divide(X2,double_divide(X0,identity)) = double_divide(identity,double_divide(X0,double_divide(X1,double_divide(double_divide(double_divide(identity,X1),X2),identity)))) [forward demodulation 58833,50368]
59213. double_divide(X2,double_divide(X0,identity)) = double_divide(X1,double_divide(double_divide(double_divide(identity,X1),X2),X0)) [forward demodulation 59061,1627]
60628. double_divide(double_divide(X1,double_divide(double_divide(identity,double_divide(X0,double_divide(identity,identity))),double_divide(identity,identity))),double_divide(X2,identity)) = double_divide(double_divide(double_divide(X0,double_divide(X3,X2)),double_divide(X3,identity)),double_divide(X1,identity)) [superposition 1497,29]
60631. double_divide(double_divide(X0,identity),double_divide(X1,identity)) = double_divide(double_divide(double_divide(X2,identity),double_divide(identity,double_divide(X2,X1))),double_divide(X0,identity)) [superposition 1497,2185]
60652. double_divide(double_divide(X1,X0),double_divide(double_divide(X2,identity),identity)) = double_divide(double_divide(X0,double_divide(identity,X2)),double_divide(X1,identity)) [superposition 1497,3210]
60660. double_divide(double_divide(X1,double_divide(X0,identity)),double_divide(double_divide(identity,X2),identity)) = double_divide(double_divide(identity,double_divide(X2,X0)),double_divide(X1,identity)) [superposition 1497,1171]
60889. double_divide(X1,double_divide(double_divide(X2,identity),X0)) = double_divide(double_divide(identity,double_divide(double_divide(X0,double_divide(X1,identity)),X2)),identity) [superposition 501,1497]
60926. double_divide(X1,double_divide(X2,X0)) = double_divide(double_divide(X0,double_divide(X1,identity)),double_divide(X2,identity)) [superposition 785,1497]
61008. double_divide(X1,double_divide(double_divide(X2,identity),X0)) = double_divide(identity,double_divide(identity,double_divide(double_divide(X0,double_divide(X1,identity)),X2))) [forward demodulation 60889,520]
61198. double_divide(identity,double_divide(X1,double_divide(X2,X0))) = double_divide(double_divide(X1,double_divide(X0,identity)),double_divide(double_divide(identity,X2),identity)) [forward demodulation 60660,27641]
61206. double_divide(double_divide(X0,double_divide(identity,X2)),double_divide(X1,identity)) = double_divide(identity,double_divide(identity,double_divide(double_divide(X1,X0),X2))) [forward demodulation 60652,45964]
61227. double_divide(double_divide(X0,identity),double_divide(X1,identity)) = double_divide(identity,double_divide(double_divide(identity,double_divide(X2,X1)),double_divide(double_divide(X0,identity),X2))) [forward demodulation 60631,45966]
61230. double_divide(double_divide(X1,double_divide(double_divide(identity,double_divide(X0,double_divide(identity,identity))),double_divide(identity,identity))),double_divide(X2,identity)) = double_divide(X3,double_divide(X1,double_divide(X0,double_divide(X3,X2)))) [forward demodulation 60628,60926]
61309. double_divide(X1,double_divide(double_divide(X2,identity),X0)) = double_divide(double_divide(X0,double_divide(X1,identity)),X2) [forward demodulation 61008,1426]
61444. double_divide(identity,double_divide(X1,double_divide(X2,X0))) = double_divide(double_divide(X1,double_divide(X0,identity)),double_divide(identity,double_divide(X2,identity))) [forward demodulation 61198,50375]
61451. double_divide(double_divide(X1,X0),X2) = double_divide(double_divide(X0,double_divide(identity,X2)),double_divide(X1,identity)) [forward demodulation 61206,1426]
61469. double_divide(double_divide(X0,identity),double_divide(X1,identity)) = double_divide(X2,double_divide(double_divide(identity,double_divide(X2,X1)),X0)) [forward demodulation 61227,49525]
61472. double_divide(X3,double_divide(X1,double_divide(X0,double_divide(X3,X2)))) = double_divide(double_divide(X1,double_divide(double_divide(identity,identity),double_divide(identity,double_divide(X0,double_divide(identity,identity))))),double_divide(X2,identity)) [forward demodulation 61230,47350]
61625. double_divide(identity,double_divide(X1,double_divide(X2,X0))) = double_divide(X2,double_divide(X1,double_divide(X0,identity))) [forward demodulation 61444,217]
61645. double_divide(identity,double_divide(X1,X0)) = double_divide(X2,double_divide(double_divide(identity,double_divide(X2,X1)),X0)) [forward demodulation 61469,20914]
61646. double_divide(X3,double_divide(X1,double_divide(X0,double_divide(X3,X2)))) = double_divide(double_divide(X1,double_divide(identity,double_divide(double_divide(X0,double_divide(identity,identity)),identity))),double_divide(X2,identity)) [forward demodulation 61472,21310]
61769. double_divide(X3,double_divide(X1,double_divide(X0,double_divide(X3,X2)))) = double_divide(double_divide(X2,X1),double_divide(double_divide(X0,double_divide(identity,identity)),identity)) [forward demodulation 61646,61451]
61862. double_divide(X3,double_divide(X1,double_divide(X0,double_divide(X3,X2)))) = double_divide(double_divide(X2,X1),double_divide(identity,double_divide(double_divide(identity,identity),X0))) [forward demodulation 61769,50375]
61927. double_divide(double_divide(X2,X1),double_divide(identity,double_divide(identity,X0))) = double_divide(X3,double_divide(X1,double_divide(X0,double_divide(X3,X2)))) [forward demodulation 61862,9818]
61979. double_divide(X3,double_divide(X1,double_divide(X0,double_divide(X3,X2)))) = double_divide(identity,double_divide(identity,double_divide(X0,double_divide(X2,X1)))) [forward demodulation 61927,48634]
62019. double_divide(X0,double_divide(X2,X1)) = double_divide(X3,double_divide(X1,double_divide(X0,double_divide(X3,X2)))) [forward demodulation 61979,1426]
69123. double_divide(double_divide(X0,double_divide(identity,double_divide(identity,double_divide(X2,identity)))),double_divide(X4,identity)) = double_divide(identity,double_divide(double_divide(X1,double_divide(double_divide(X2,double_divide(X3,X4)),double_divide(X3,identity))),double_divide(double_divide(identity,X1),double_divide(identity,double_divide(identity,double_divide(X0,identity)))))) [superposition 6707,138]
69286. double_divide(double_divide(identity,X1),double_divide(X2,X0)) = double_divide(double_divide(double_divide(double_divide(X1,X2),identity),double_divide(double_divide(identity,double_divide(double_divide(identity,identity),identity)),double_divide(X0,identity))),identity) [superposition 126,6707]
69287. double_divide(identity,double_divide(identity,double_divide(double_divide(double_divide(identity,X1),double_divide(X2,X0)),identity))) = double_divide(double_divide(double_divide(X1,X2),identity),double_divide(double_divide(identity,double_divide(identity,double_divide(identity,identity))),double_divide(X0,identity))) [superposition 136,6707]
69394. double_divide(identity,double_divide(identity,double_divide(double_divide(double_divide(identity,X1),double_divide(X2,X0)),identity))) = double_divide(identity,double_divide(double_divide(identity,double_divide(identity,double_divide(identity,identity))),double_divide(X0,double_divide(double_divide(X1,X2),identity)))) [forward demodulation 69287,1644]
69395. double_divide(double_divide(identity,X1),double_divide(X2,X0)) = double_divide(identity,double_divide(double_divide(double_divide(X1,X2),identity),double_divide(double_divide(identity,double_divide(double_divide(identity,identity),identity)),double_divide(X0,identity)))) [forward demodulation 69286,520]
69527. double_divide(double_divide(X0,double_divide(identity,double_divide(identity,double_divide(X2,identity)))),double_divide(X4,identity)) = double_divide(double_divide(identity,X1),double_divide(double_divide(identity,double_divide(X0,identity)),double_divide(X1,double_divide(double_divide(X2,double_divide(X3,X4)),double_divide(X3,identity))))) [forward demodulation 69123,62019]
69802. double_divide(identity,double_divide(identity,double_divide(double_divide(double_divide(identity,X1),double_divide(X2,X0)),identity))) = double_divide(identity,double_divide(double_divide(identity,identity),double_divide(X0,double_divide(double_divide(X1,X2),identity)))) [forward demodulation 69394,61645]
69803. double_divide(double_divide(identity,X1),double_divide(X2,X0)) = double_divide(identity,double_divide(double_divide(identity,double_divide(X1,X2)),double_divide(double_divide(identity,double_divide(double_divide(identity,identity),identity)),double_divide(X0,identity)))) [forward demodulation 69395,50381]
69902. double_divide(double_divide(X0,double_divide(identity,double_divide(identity,double_divide(X2,identity)))),double_divide(X4,identity)) = double_divide(double_divide(double_divide(identity,double_divide(X0,identity)),identity),double_divide(double_divide(X2,double_divide(X3,X4)),double_divide(X3,identity))) [forward demodulation 69527,13943]
70147. double_divide(identity,double_divide(identity,double_divide(double_divide(double_divide(identity,X1),double_divide(X2,X0)),identity))) = double_divide(X0,double_divide(double_divide(X1,X2),double_divide(identity,identity))) [forward demodulation 69802,1627]
70148. double_divide(double_divide(identity,X1),double_divide(X2,X0)) = double_divide(double_divide(identity,double_divide(double_divide(identity,identity),identity)),double_divide(X0,double_divide(identity,double_divide(X1,X2)))) [forward demodulation 69803,1627]
70221. double_divide(double_divide(X0,double_divide(identity,double_divide(identity,double_divide(X2,identity)))),double_divide(X4,identity)) = double_divide(double_divide(double_divide(identity,double_divide(X0,identity)),identity),double_divide(double_divide(X3,identity),double_divide(double_divide(X3,X4),X2))) [forward demodulation 69902,50375]
70437. double_divide(X0,double_divide(double_divide(X1,X2),identity)) = double_divide(identity,double_divide(identity,double_divide(double_divide(double_divide(identity,X1),double_divide(X2,X0)),identity))) [forward demodulation 70147,36]
70438. double_divide(double_divide(identity,X1),double_divide(X2,X0)) = double_divide(identity,double_divide(X0,double_divide(double_divide(identity,double_divide(double_divide(identity,identity),identity)),double_divide(X1,X2)))) [forward demodulation 70148,21491]
70489. double_divide(double_divide(X0,double_divide(identity,double_divide(identity,double_divide(X2,identity)))),double_divide(X4,identity)) = double_divide(identity,double_divide(double_divide(double_divide(X3,X4),X2),double_divide(double_divide(double_divide(identity,double_divide(X0,identity)),identity),X3))) [forward demodulation 70221,45964]
70655. double_divide(X0,double_divide(double_divide(X1,X2),identity)) = double_divide(double_divide(double_divide(identity,X1),double_divide(X2,X0)),identity) [forward demodulation 70437,1426]
70656. double_divide(double_divide(identity,X1),double_divide(X2,X0)) = double_divide(double_divide(X1,X2),double_divide(X0,double_divide(double_divide(identity,identity),identity))) [forward demodulation 70438,52721]
70701. double_divide(double_divide(X0,double_divide(identity,double_divide(identity,double_divide(X2,identity)))),double_divide(X4,identity)) = double_divide(X3,double_divide(double_divide(double_divide(X3,X4),X2),double_divide(identity,double_divide(X0,identity)))) [forward demodulation 70489,49525]
70837. double_divide(X0,double_divide(double_divide(X1,X2),identity)) = double_divide(identity,double_divide(double_divide(identity,X1),double_divide(X2,X0))) [forward demodulation 70655,520]
70838. double_divide(double_divide(identity,X1),double_divide(X2,X0)) = double_divide(identity,double_divide(X0,double_divide(double_divide(identity,identity),double_divide(X1,X2)))) [forward demodulation 70656,1644]
70873. double_divide(double_divide(X0,double_divide(identity,double_divide(identity,double_divide(X2,identity)))),double_divide(X4,identity)) = double_divide(X3,double_divide(X0,double_divide(double_divide(X3,X4),X2))) [forward demodulation 70701,217]
70975. double_divide(X0,double_divide(double_divide(X1,X2),identity)) = double_divide(X1,double_divide(identity,double_divide(X2,X0))) [forward demodulation 70837,29643]
70976. double_divide(double_divide(X2,X1),double_divide(X0,identity)) = double_divide(double_divide(identity,X1),double_divide(X2,X0)) [forward demodulation 70838,49400]
71000. double_divide(X3,double_divide(X0,double_divide(double_divide(X3,X4),X2))) = double_divide(double_divide(X4,X0),double_divide(identity,double_divide(X2,identity))) [forward demodulation 70873,61451]
71078. double_divide(X1,double_divide(identity,double_divide(X2,X0))) = double_divide(X0,double_divide(identity,double_divide(X2,X1))) [forward demodulation 70975,50375]
71095. double_divide(X3,double_divide(X0,double_divide(double_divide(X3,X4),X2))) = double_divide(X2,double_divide(X4,X0)) [forward demodulation 71000,217]
71743. double_divide(identity,double_divide(identity,double_divide(double_divide(X2,double_divide(X1,X0)),identity))) = double_divide(double_divide(double_divide(identity,X1),identity),double_divide(double_divide(identity,double_divide(identity,double_divide(double_divide(identity,X2),identity))),double_divide(X0,identity))) [superposition 136,8152]
71854. double_divide(identity,double_divide(identity,double_divide(double_divide(X2,double_divide(X1,X0)),identity))) = double_divide(identity,double_divide(double_divide(identity,double_divide(identity,double_divide(double_divide(identity,X2),identity))),double_divide(X0,double_divide(double_divide(identity,X1),identity)))) [forward demodulation 71743,1644]
72244. double_divide(identity,double_divide(identity,double_divide(double_divide(X2,double_divide(X1,X0)),identity))) = double_divide(identity,double_divide(double_divide(double_divide(identity,X2),identity),double_divide(X0,double_divide(double_divide(identity,X1),identity)))) [forward demodulation 71854,61645]
72587. double_divide(identity,double_divide(identity,double_divide(double_divide(X2,double_divide(X1,X0)),identity))) = double_divide(identity,double_divide(double_divide(identity,double_divide(identity,X2)),double_divide(X0,double_divide(double_divide(identity,X1),identity)))) [forward demodulation 72244,50381]
72897. double_divide(identity,double_divide(identity,double_divide(double_divide(X2,double_divide(X1,X0)),identity))) = double_divide(identity,double_divide(X2,double_divide(X0,double_divide(double_divide(identity,X1),identity)))) [forward demodulation 72587,61645]
73146. double_divide(X0,double_divide(double_divide(identity,X1),X2)) = double_divide(identity,double_divide(identity,double_divide(double_divide(X2,double_divide(X1,X0)),identity))) [forward demodulation 72897,1627]
73332. double_divide(double_divide(X2,double_divide(X1,X0)),identity) = double_divide(X0,double_divide(double_divide(identity,X1),X2)) [forward demodulation 73146,1426]
73467. double_divide(identity,double_divide(X2,double_divide(X1,X0))) = double_divide(X0,double_divide(double_divide(identity,X1),X2)) [forward demodulation 73332,520]
89090. double_divide(double_divide(X0,double_divide(identity,double_divide(identity,double_divide(X1,identity)))),double_divide(X3,identity)) = double_divide(identity,double_divide(double_divide(double_divide(double_divide(X1,double_divide(X2,X3)),double_divide(X2,identity)),X4),double_divide(double_divide(X4,identity),double_divide(identity,double_divide(identity,double_divide(X0,identity)))))) [superposition 19386,138]
89535. double_divide(double_divide(X0,double_divide(identity,double_divide(identity,double_divide(X1,identity)))),double_divide(X3,identity)) = double_divide(double_divide(X4,identity),double_divide(double_divide(identity,double_divide(X0,identity)),double_divide(double_divide(double_divide(X1,double_divide(X2,X3)),double_divide(X2,identity)),X4))) [forward demodulation 89090,62019]
89921. double_divide(double_divide(X0,double_divide(identity,double_divide(identity,double_divide(X1,identity)))),double_divide(X3,identity)) = double_divide(identity,double_divide(double_divide(double_divide(double_divide(X1,double_divide(X2,X3)),double_divide(X2,identity)),X4),double_divide(double_divide(X0,identity),double_divide(X4,identity)))) [forward demodulation 89535,73467]
90229. double_divide(double_divide(X0,double_divide(identity,double_divide(identity,double_divide(X1,identity)))),double_divide(X3,identity)) = double_divide(double_divide(X0,identity),double_divide(X4,double_divide(double_divide(double_divide(X1,double_divide(X2,X3)),double_divide(X2,identity)),X4))) [forward demodulation 89921,1627]
90480. double_divide(double_divide(X0,double_divide(identity,double_divide(identity,double_divide(X1,identity)))),double_divide(X3,identity)) = double_divide(double_divide(X0,identity),double_divide(X4,double_divide(double_divide(double_divide(X2,identity),double_divide(X1,double_divide(X2,X3))),X4))) [forward demodulation 90229,50376]
90687. double_divide(double_divide(X0,double_divide(identity,double_divide(identity,double_divide(X1,identity)))),double_divide(X3,identity)) = double_divide(double_divide(X0,identity),double_divide(double_divide(X2,identity),double_divide(X1,double_divide(X2,X3)))) [forward demodulation 90480,786]
90857. double_divide(double_divide(X0,double_divide(identity,double_divide(identity,double_divide(X1,identity)))),double_divide(X3,identity)) = double_divide(identity,double_divide(double_divide(X1,double_divide(X2,X3)),double_divide(double_divide(X0,identity),X2))) [forward demodulation 90687,45964]
90983. double_divide(double_divide(X0,double_divide(identity,double_divide(identity,double_divide(X1,identity)))),double_divide(X3,identity)) = double_divide(X2,double_divide(double_divide(X1,double_divide(X2,X3)),X0)) [forward demodulation 90857,49525]
91076. double_divide(double_divide(X3,X0),double_divide(identity,double_divide(X1,identity))) = double_divide(X2,double_divide(double_divide(X1,double_divide(X2,X3)),X0)) [forward demodulation 90983,61451]
91145. double_divide(X1,double_divide(X3,X0)) = double_divide(X2,double_divide(double_divide(X1,double_divide(X2,X3)),X0)) [forward demodulation 91076,217]
106602. double_divide(double_divide(double_divide(X1,identity),double_divide(X2,X0)),X3) = double_divide(double_divide(double_divide(X2,X1),double_divide(X3,identity)),X0) [superposition 21622,19386]
106949. double_divide(X3,double_divide(double_divide(X0,identity),double_divide(X2,X1))) = double_divide(double_divide(double_divide(X1,identity),double_divide(X2,X0)),X3) [forward demodulation 106602,61309]
107332. double_divide(X3,double_divide(double_divide(X0,identity),double_divide(X2,X1))) = double_divide(identity,double_divide(double_divide(X2,X0),double_divide(X3,X1))) [forward demodulation 106949,45966]
118399. double_divide(double_divide(X1,double_divide(X0,X2)),X3) = double_divide(double_divide(double_divide(double_divide(X1,identity),X2),double_divide(X3,identity)),double_divide(identity,double_divide(X0,identity))) [superposition 21622,25694]
118418. double_divide(double_divide(X1,double_divide(X0,X2)),X3) = double_divide(X0,double_divide(double_divide(double_divide(X1,identity),X2),double_divide(X3,identity))) [forward demodulation 118399,217]
118865. double_divide(double_divide(X1,double_divide(X0,X2)),X3) = double_divide(X0,double_divide(double_divide(identity,X2),double_divide(double_divide(X1,identity),X3))) [forward demodulation 118418,70976]
119267. double_divide(double_divide(X1,double_divide(X0,X2)),X3) = double_divide(X0,double_divide(identity,double_divide(X3,double_divide(double_divide(identity,X2),X1)))) [forward demodulation 118865,45964]
119618. double_divide(X0,double_divide(X1,double_divide(X2,X3))) = double_divide(double_divide(X1,double_divide(X0,X2)),X3) [forward demodulation 119267,71095]
143466. double_divide(double_divide(identity,double_divide(X0,double_divide(X1,X2))),X3) = double_divide(double_divide(double_divide(double_divide(X1,identity),double_divide(identity,X2)),double_divide(X0,identity)),X3) [superposition 33358,16405]
143470. double_divide(X3,double_divide(identity,double_divide(X0,double_divide(X1,X2)))) = double_divide(X3,double_divide(double_divide(double_divide(X1,identity),double_divide(identity,X2)),double_divide(X0,identity))) [superposition 33454,16405]
143471. double_divide(X3,double_divide(identity,double_divide(X0,double_divide(X1,X2)))) = double_divide(X3,double_divide(double_divide(X0,double_divide(X1,identity)),X2)) [forward demodulation 143470,61451]
143475. double_divide(double_divide(identity,double_divide(X0,double_divide(X1,X2))),X3) = double_divide(X0,double_divide(double_divide(X3,identity),double_divide(double_divide(X1,identity),double_divide(identity,X2)))) [forward demodulation 143466,61309]
143819. double_divide(X3,double_divide(identity,double_divide(X0,double_divide(X1,X2)))) = double_divide(X3,double_divide(X1,double_divide(double_divide(X2,identity),X0))) [forward demodulation 143471,61309]
143823. double_divide(double_divide(identity,double_divide(X0,double_divide(X1,X2))),X3) = double_divide(X0,double_divide(identity,double_divide(double_divide(identity,X1),double_divide(double_divide(X3,identity),X2)))) [forward demodulation 143475,107332]
144138. double_divide(double_divide(identity,double_divide(X0,double_divide(X1,X2))),X3) = double_divide(X0,double_divide(identity,double_divide(identity,double_divide(X2,double_divide(double_divide(identity,X1),X3))))) [forward demodulation 143823,143819]
144382. double_divide(double_divide(identity,double_divide(X0,double_divide(X1,X2))),X3) = double_divide(X0,double_divide(X2,double_divide(double_divide(identity,X1),X3))) [forward demodulation 144138,1426]
144574. double_divide(X0,double_divide(identity,double_divide(double_divide(X1,X2),X3))) = double_divide(X0,double_divide(X2,double_divide(double_divide(identity,X1),X3))) [forward demodulation 144382,119618]
357124. double_divide(X3,double_divide(double_divide(X0,double_divide(X1,X2)),X4)) = double_divide(double_divide(X2,double_divide(X0,double_divide(double_divide(identity,X3),X1))),double_divide(X4,identity)) [superposition 59213,62019]
357471. double_divide(X3,double_divide(double_divide(X0,double_divide(X1,X2)),X4)) = double_divide(X0,double_divide(X2,double_divide(double_divide(double_divide(identity,X3),X1),double_divide(X4,identity)))) [forward demodulation 357124,119618]
358368. double_divide(X3,double_divide(double_divide(X0,double_divide(X1,X2)),X4)) = double_divide(X0,double_divide(X2,double_divide(double_divide(identity,X1),double_divide(double_divide(identity,X3),X4)))) [forward demodulation 357471,70976]
359001. double_divide(X3,double_divide(double_divide(X0,double_divide(X1,X2)),X4)) = double_divide(X0,double_divide(X2,double_divide(identity,double_divide(double_divide(X3,double_divide(identity,X1)),X4)))) [forward demodulation 358368,144574]
359458. double_divide(X3,double_divide(double_divide(X0,double_divide(X1,X2)),X4)) = double_divide(X0,double_divide(X2,double_divide(X3,double_divide(X1,X4)))) [forward demodulation 359001,91145]
359787. double_divide(X3,double_divide(X1,double_divide(X0,double_divide(X2,X4)))) = double_divide(X0,double_divide(X2,double_divide(X3,double_divide(X1,X4)))) [forward demodulation 359458,119618]
413615. double_divide(identity,double_divide(a3,double_divide(identity,double_divide(b3,c3)))) != double_divide(identity,double_divide(b3,double_divide(identity,double_divide(a3,c3)))) <- (~2) [superposition 4007,71078]
414504. $false <- (~2) [forward subsumption resolution 413615,359787]
414505. 2 [avatar contradiction clause 414504]
420529. $false <- (~3) [forward subsumption resolution 20,373]
420530. 3 [avatar contradiction clause 420529]
420541. identity != double_divide(identity,double_divide(a1,double_divide(a1,identity))) <- (~4) [forward demodulation 24,520]
420542. identity != double_divide(identity,double_divide(a1,double_divide(identity,a1))) <- (~4) [forward demodulation 420541,61625]
420543. identity != double_divide(a1,double_divide(identity,a1)) <- (~4) [forward demodulation 420542,10885]
420544. $false <- (~4) [forward subsumption resolution 420543,573]
420545. 4 [avatar contradiction clause 420544]
s1. ~4 | ~3 | ~2 | ~1 [sat_conversion 25]
s7. 1 [sat_conversion 3844]
s9. 2 [sat_conversion 414505]
s10. 3 [sat_conversion 420530]
s11. 4 [sat_conversion 420545]
s12. # [rat s1,s7,s9,s10,s11]
420546. $false [avatar sat refutation s12]
% SZS output end Proof for GRP101-1
% ------------------------------
% Version: Vampire 5.0.0 (Release build, commit 2e2c9b7b8 on 2026-01-17 12:24:14 +0100)
% Linked with Z3 4.14.0.0 3c47fd96cf5645d0c42b2c819d9e9a84380aa721 z3-4.8.4-9178-g3c47fd96c
% CaDiCaL version: 2.1.3
% Termination reason: Refutation
% Time elapsed: 4.325 s
% Peak memory usage: 92 MB
% Instructions burned: 15224 (million)
% ------------------------------
% ------------------------------
