% Running in auto input_syntax mode. Trying TPTP
% Refutation found. Thanks to Tanya!
% SZS status Unsatisfiable for variant_0_original
% SZS output start Proof for variant_0_original
1. double_divide(inverse(X0),inverse(double_divide(inverse(double_divide(X0,double_divide(X1,X2))),double_divide(X3,double_divide(X1,X3))))) = X2 [input(axiom)]
2. multiply(X0,X1) = inverse(double_divide(X1,X0)) [input(axiom)]
3. multiply(inverse(a1),a1) != multiply(inverse(b1),b1) | multiply(multiply(inverse(b2),b2),a2) != a2 | multiply(multiply(a3,b3),c3) != multiply(a3,multiply(b3,c3)) [input(negated conjecture)]
4. multiply(inverse(a1),a1) != multiply(inverse(b1),b1) | a2 != multiply(multiply(inverse(b2),b2),a2) | multiply(multiply(a3,b3),c3) != multiply(a3,multiply(b3,c3)) [reorient equations 3]
5. ! [X0] : inverse(inverse(X0)) = X0 [input(assumption)]
6. inverse(inverse(X0)) = X0 [cnf transformation 5]
7. inverse(double_divide(a1,inverse(a1))) != inverse(double_divide(b1,inverse(b1))) | a2 != inverse(double_divide(a2,inverse(double_divide(b2,inverse(b2))))) | inverse(double_divide(c3,inverse(double_divide(b3,a3)))) != inverse(double_divide(inverse(double_divide(c3,b3)),a3)) [definition unfolding 4,2,2,2,2,2,2,2,2]
9. 1 <=> inverse(double_divide(c3,inverse(double_divide(b3,a3)))) = inverse(double_divide(inverse(double_divide(c3,b3)),a3)) [avatar definition]
11. inverse(double_divide(c3,inverse(double_divide(b3,a3)))) != inverse(double_divide(inverse(double_divide(c3,b3)),a3)) <- (~1) [avatar component clause 9]
13. 2 <=> a2 = inverse(double_divide(a2,inverse(double_divide(b2,inverse(b2))))) [avatar definition]
15. a2 != inverse(double_divide(a2,inverse(double_divide(b2,inverse(b2))))) <- (~2) [avatar component clause 13]
17. 3 <=> inverse(double_divide(a1,inverse(a1))) = inverse(double_divide(b1,inverse(b1))) [avatar definition]
19. inverse(double_divide(a1,inverse(a1))) != inverse(double_divide(b1,inverse(b1))) <- (~3) [avatar component clause 17]
20. ~1 | ~2 | ~3 [avatar split clause 7,17,13,9]
21. double_divide(X0,inverse(double_divide(inverse(double_divide(inverse(X0),double_divide(X1,X2))),double_divide(X3,double_divide(X1,X3))))) = X2 [superposition 1,6]
22. inverse(double_divide(inverse(double_divide(X2,double_divide(X3,X0))),double_divide(X4,double_divide(X3,X4)))) = double_divide(inverse(X1),inverse(double_divide(inverse(double_divide(X1,X0)),double_divide(X5,double_divide(inverse(X2),X5))))) [superposition 1,1]
23. double_divide(inverse(X1),inverse(double_divide(inverse(double_divide(X1,double_divide(inverse(X2),X3))),double_divide(inverse(double_divide(inverse(double_divide(X2,double_divide(X4,X0))),double_divide(X5,double_divide(X4,X5)))),X0)))) = X3 [superposition 1,1]
25. inverse(double_divide(inverse(double_divide(X2,double_divide(X3,X0))),double_divide(X4,double_divide(X3,X4)))) = double_divide(X1,inverse(double_divide(inverse(double_divide(inverse(X1),X0)),double_divide(X5,double_divide(inverse(X2),X5))))) [superposition 21,1]
26. inverse(double_divide(inverse(double_divide(inverse(X2),double_divide(X3,X0))),double_divide(X4,double_divide(X3,X4)))) = double_divide(X1,inverse(double_divide(inverse(double_divide(inverse(X1),X0)),double_divide(X5,double_divide(X2,X5))))) [superposition 21,21]
28. double_divide(X1,inverse(double_divide(inverse(double_divide(inverse(X1),double_divide(X2,X3))),double_divide(inverse(double_divide(inverse(double_divide(inverse(X2),double_divide(X4,X0))),double_divide(X5,double_divide(X4,X5)))),X0)))) = X3 [superposition 21,21]
30. inverse(double_divide(inverse(double_divide(inverse(X2),double_divide(X3,X0))),double_divide(X4,double_divide(X3,X4)))) = double_divide(inverse(X1),inverse(double_divide(inverse(double_divide(X1,X0)),double_divide(X5,double_divide(X2,X5))))) [superposition 1,21]
32. inverse(double_divide(inverse(double_divide(X1,X0)),double_divide(X5,double_divide(X2,X5)))) = double_divide(inverse(X6),inverse(double_divide(inverse(double_divide(X6,inverse(double_divide(inverse(double_divide(inverse(X2),double_divide(X3,X0))),double_divide(X4,double_divide(X3,X4)))))),double_divide(X7,double_divide(inverse(X1),X7))))) [superposition 22,21]
38. double_divide(inverse(X0),inverse(double_divide(inverse(double_divide(X0,X1)),double_divide(X2,double_divide(inverse(X3),X2))))) = double_divide(inverse(X6),inverse(double_divide(inverse(double_divide(X6,X1)),double_divide(X7,double_divide(inverse(X3),X7))))) [superposition 22,22]
41. inverse(double_divide(inverse(double_divide(X1,double_divide(X2,inverse(double_divide(inverse(double_divide(X3,double_divide(X4,X0))),double_divide(X5,double_divide(X4,X5))))))),double_divide(X6,double_divide(X2,X6)))) = double_divide(inverse(inverse(X3)),inverse(double_divide(inverse(X0),double_divide(X7,double_divide(inverse(X1),X7))))) [superposition 22,1]
42. inverse(double_divide(inverse(double_divide(X1,double_divide(X2,inverse(double_divide(inverse(double_divide(inverse(X3),double_divide(X4,X0))),double_divide(X5,double_divide(X4,X5))))))),double_divide(X6,double_divide(X2,X6)))) = double_divide(inverse(X3),inverse(double_divide(inverse(X0),double_divide(X7,double_divide(inverse(X1),X7))))) [superposition 22,21]
44. inverse(double_divide(inverse(double_divide(X4,double_divide(X5,double_divide(X6,double_divide(X7,X6))))),double_divide(X8,double_divide(X5,X8)))) = double_divide(inverse(inverse(double_divide(X3,double_divide(X7,X1)))),inverse(double_divide(double_divide(inverse(X0),inverse(double_divide(inverse(double_divide(X0,X1)),double_divide(X2,double_divide(inverse(X3),X2))))),double_divide(X9,double_divide(inverse(X4),X9))))) [superposition 22,22]
47. inverse(double_divide(inverse(double_divide(X1,double_divide(X2,X3))),double_divide(X4,double_divide(X2,X4)))) = double_divide(inverse(X5),inverse(double_divide(inverse(double_divide(X5,X3)),double_divide(inverse(double_divide(inverse(double_divide(X1,double_divide(X6,X0))),double_divide(X7,double_divide(X6,X7)))),X0)))) [superposition 22,1]
52. inverse(double_divide(inverse(double_divide(X0,double_divide(X1,X2))),double_divide(X3,double_divide(X1,X3)))) = inverse(double_divide(inverse(double_divide(X0,double_divide(X4,X2))),double_divide(X5,double_divide(X4,X5)))) [superposition 22,22]
54. double_divide(X3,double_divide(inverse(X0),inverse(double_divide(inverse(double_divide(X0,X1)),double_divide(X2,double_divide(inverse(inverse(X3)),X2)))))) = X1 [superposition 21,22]
55. double_divide(X4,X5) = double_divide(double_divide(X3,double_divide(X4,X1)),inverse(double_divide(double_divide(inverse(X0),inverse(double_divide(inverse(double_divide(X0,X1)),double_divide(X2,double_divide(inverse(X3),X2))))),double_divide(X6,double_divide(X5,X6))))) [superposition 21,22]
59. double_divide(inverse(double_divide(X3,double_divide(X4,X1))),double_divide(X5,double_divide(X4,X5))) = inverse(double_divide(inverse(X0),inverse(double_divide(inverse(double_divide(X0,X1)),double_divide(X2,double_divide(inverse(X3),X2)))))) [superposition 6,22]
60. inverse(double_divide(inverse(double_divide(X0,double_divide(X1,double_divide(inverse(X0),X2)))),double_divide(X3,double_divide(X1,X3)))) = X2 [superposition 1,22]
63. inverse(double_divide(inverse(double_divide(X5,X2)),double_divide(X6,double_divide(inverse(X0),X6)))) = double_divide(X4,inverse(double_divide(inverse(double_divide(inverse(X4),inverse(double_divide(inverse(double_divide(X0,double_divide(X1,X2))),double_divide(X3,double_divide(X1,X3)))))),double_divide(X7,double_divide(inverse(X5),X7))))) [superposition 21,22]
64. double_divide(X4,inverse(double_divide(inverse(double_divide(inverse(X4),double_divide(inverse(X5),X6))),double_divide(inverse(double_divide(inverse(double_divide(X5,X2)),double_divide(X7,double_divide(inverse(X0),X7)))),inverse(double_divide(inverse(double_divide(X0,double_divide(X1,X2))),double_divide(X3,double_divide(X1,X3)))))))) = X6 [superposition 21,22]
66. double_divide(X3,double_divide(inverse(X0),inverse(double_divide(inverse(double_divide(X0,X1)),double_divide(X2,double_divide(X3,X2)))))) = X1 [forward demodulation 54,6]
69. inverse(double_divide(inverse(double_divide(X4,double_divide(X5,double_divide(X6,double_divide(X7,X6))))),double_divide(X8,double_divide(X5,X8)))) = double_divide(double_divide(X3,double_divide(X7,X1)),inverse(double_divide(double_divide(inverse(X0),inverse(double_divide(inverse(double_divide(X0,X1)),double_divide(X2,double_divide(inverse(X3),X2))))),double_divide(X9,double_divide(inverse(X4),X9))))) [forward demodulation 44,6]
71. inverse(double_divide(inverse(double_divide(X1,double_divide(X2,inverse(double_divide(inverse(double_divide(X3,double_divide(X4,X0))),double_divide(X5,double_divide(X4,X5))))))),double_divide(X6,double_divide(X2,X6)))) = double_divide(X3,inverse(double_divide(inverse(X0),double_divide(X7,double_divide(inverse(X1),X7))))) [forward demodulation 41,6]
73. inverse(double_divide(inverse(double_divide(X4,double_divide(X5,double_divide(X6,double_divide(X7,X6))))),double_divide(X8,double_divide(X5,X8)))) = double_divide(X7,inverse(X4)) [forward demodulation 69,55]
93. double_divide(inverse(X4),inverse(double_divide(inverse(double_divide(X4,double_divide(inverse(X3),X5))),double_divide(double_divide(inverse(X0),inverse(double_divide(inverse(double_divide(X0,X1)),double_divide(X2,double_divide(inverse(X3),X2))))),X1)))) = X5 [superposition 23,22]
106. double_divide(X1,double_divide(X0,inverse(double_divide(inverse(double_divide(inverse(X0),X2)),double_divide(X3,double_divide(X1,X3)))))) = X2 [superposition 66,6]
113. double_divide(X6,double_divide(X5,X6)) = double_divide(X4,double_divide(inverse(inverse(double_divide(X3,double_divide(X5,X1)))),inverse(double_divide(double_divide(inverse(X0),inverse(double_divide(inverse(double_divide(X0,X1)),double_divide(X2,double_divide(inverse(X3),X2))))),double_divide(X7,double_divide(X4,X7)))))) [superposition 66,22]
137. double_divide(X6,double_divide(X5,X6)) = double_divide(X4,double_divide(double_divide(X3,double_divide(X5,X1)),inverse(double_divide(double_divide(inverse(X0),inverse(double_divide(inverse(double_divide(X0,X1)),double_divide(X2,double_divide(inverse(X3),X2))))),double_divide(X7,double_divide(X4,X7)))))) [forward demodulation 113,6]
141. double_divide(X6,double_divide(X5,X6)) = double_divide(X4,double_divide(X5,X4)) [forward demodulation 137,55]
143. inverse(double_divide(inverse(double_divide(inverse(X0),double_divide(X1,double_divide(X0,X2)))),double_divide(X3,double_divide(X1,X3)))) = X2 [superposition 60,6]
170. inverse(X0) = double_divide(inverse(double_divide(X1,double_divide(X2,double_divide(inverse(X1),X0)))),double_divide(X3,double_divide(X2,X3))) [superposition 6,60]
203. double_divide(X2,double_divide(X3,X2)) = double_divide(double_divide(X1,X3),double_divide(X0,double_divide(X1,X0))) [superposition 141,141]
236. inverse(X2) = double_divide(X2,inverse(double_divide(inverse(double_divide(X0,double_divide(X1,X0))),double_divide(X3,double_divide(X1,X3))))) [superposition 21,141]
484. double_divide(X2,double_divide(X3,double_divide(X0,X3))) = double_divide(X2,double_divide(inverse(X1),double_divide(X0,inverse(X1)))) [superposition 66,73]
494. double_divide(inverse(double_divide(X1,double_divide(X2,double_divide(X3,double_divide(X0,X3))))),double_divide(X4,double_divide(X2,X4))) = inverse(double_divide(X0,inverse(X1))) [superposition 6,73]
555. double_divide(X0,double_divide(X1,double_divide(X2,X1))) = double_divide(X0,double_divide(X3,double_divide(X2,X3))) [superposition 484,484]
2244. double_divide(inverse(double_divide(X0,double_divide(X4,double_divide(inverse(X0),double_divide(X1,double_divide(X2,X1)))))),double_divide(X5,double_divide(X4,X5))) = inverse(double_divide(X3,double_divide(X2,X3))) [superposition 170,555]
2418. inverse(double_divide(X1,double_divide(X2,X1))) = inverse(double_divide(X3,double_divide(X2,X3))) [forward demodulation 2244,170]
2780. inverse(double_divide(X3,double_divide(X1,X3))) = inverse(double_divide(double_divide(X0,X1),double_divide(X2,double_divide(X0,X2)))) [superposition 2418,555]
4678. inverse(X2) = double_divide(X2,double_divide(X0,inverse(double_divide(X1,double_divide(X0,X1))))) [superposition 236,73]
5424. inverse(X3) = double_divide(X3,double_divide(X1,inverse(double_divide(double_divide(X0,X1),double_divide(X2,double_divide(X0,X2)))))) [superposition 4678,2780]
5530. double_divide(X1,double_divide(X0,X1)) = double_divide(double_divide(X2,inverse(double_divide(X3,double_divide(X2,X3)))),inverse(X0)) [superposition 141,4678]
6213. double_divide(X1,double_divide(inverse(X0),X1)) = double_divide(double_divide(X2,inverse(double_divide(X3,double_divide(X2,X3)))),X0) [superposition 5530,6]
7022. inverse(X5) = double_divide(X5,double_divide(X0,double_divide(double_divide(double_divide(X1,double_divide(X2,inverse(double_divide(X3,double_divide(X2,X3))))),double_divide(X4,double_divide(X1,X4))),X0))) [superposition 5424,5530]
7304. inverse(X5) = double_divide(X5,double_divide(X0,double_divide(double_divide(inverse(X1),double_divide(X4,double_divide(X1,X4))),X0))) [forward demodulation 7022,4678]
11191. inverse(X1) = double_divide(X1,double_divide(double_divide(X2,inverse(double_divide(inverse(double_divide(inverse(X2),X0)),double_divide(X3,double_divide(double_divide(inverse(X4),double_divide(X5,double_divide(X4,X5))),X3))))),X0)) [superposition 7304,106]
11585. inverse(X1) = double_divide(X1,double_divide(double_divide(X2,inverse(inverse(inverse(double_divide(inverse(X2),X0))))),X0)) [forward demodulation 11191,7304]
11631. inverse(X1) = double_divide(X1,double_divide(double_divide(X2,inverse(double_divide(inverse(X2),X0))),X0)) [forward demodulation 11585,6]
12741. inverse(X2) = double_divide(X2,double_divide(inverse(double_divide(X0,double_divide(X1,X0))),double_divide(X3,double_divide(X1,X3)))) [superposition 11631,236]
12800. double_divide(X1,inverse(X0)) = double_divide(X1,double_divide(X3,double_divide(double_divide(X2,inverse(double_divide(inverse(X2),X0))),X3))) [superposition 555,11631]
12824. inverse(double_divide(inverse(double_divide(X0,double_divide(X1,X2))),double_divide(X3,double_divide(X1,X3)))) = inverse(double_divide(inverse(inverse(X0)),double_divide(X5,double_divide(double_divide(X4,inverse(double_divide(inverse(X4),X2))),X5)))) [superposition 52,11631]
12830. inverse(X1) = double_divide(inverse(inverse(X0)),double_divide(X3,double_divide(double_divide(X2,inverse(double_divide(inverse(X2),double_divide(inverse(X0),X1)))),X3))) [superposition 170,11631]
12929. double_divide(X0,inverse(double_divide(inverse(inverse(inverse(X0))),double_divide(X3,double_divide(double_divide(X1,inverse(double_divide(inverse(X1),X2))),X3))))) = X2 [superposition 21,11631]
12930. double_divide(X4,inverse(double_divide(inverse(double_divide(inverse(X4),X2)),double_divide(X5,double_divide(X0,X5))))) = inverse(double_divide(inverse(inverse(inverse(X0))),double_divide(X3,double_divide(double_divide(X1,inverse(double_divide(inverse(X1),X2))),X3)))) [superposition 26,11631]
12934. double_divide(inverse(X4),inverse(double_divide(inverse(double_divide(X4,X2)),double_divide(X5,double_divide(X0,X5))))) = inverse(double_divide(inverse(inverse(inverse(X0))),double_divide(X3,double_divide(double_divide(X1,inverse(double_divide(inverse(X1),X2))),X3)))) [superposition 30,11631]
12939. inverse(double_divide(inverse(inverse(inverse(X0))),double_divide(X3,double_divide(double_divide(X1,inverse(double_divide(inverse(X1),double_divide(X0,X2)))),X3)))) = X2 [superposition 143,11631]
12984. inverse(double_divide(inverse(X0),double_divide(X3,double_divide(double_divide(X1,inverse(double_divide(inverse(X1),double_divide(X0,X2)))),X3)))) = X2 [forward demodulation 12939,6]
12989. double_divide(inverse(X4),inverse(double_divide(inverse(double_divide(X4,X2)),double_divide(X5,double_divide(X0,X5))))) = inverse(double_divide(inverse(X0),double_divide(X3,double_divide(double_divide(X1,inverse(double_divide(inverse(X1),X2))),X3)))) [forward demodulation 12934,6]
12993. double_divide(X4,inverse(double_divide(inverse(double_divide(inverse(X4),X2)),double_divide(X5,double_divide(X0,X5))))) = inverse(double_divide(inverse(X0),double_divide(X3,double_divide(double_divide(X1,inverse(double_divide(inverse(X1),X2))),X3)))) [forward demodulation 12930,6]
12994. double_divide(X0,inverse(double_divide(inverse(X0),double_divide(X3,double_divide(double_divide(X1,inverse(double_divide(inverse(X1),X2))),X3))))) = X2 [forward demodulation 12929,6]
13033. inverse(X1) = double_divide(X0,double_divide(X3,double_divide(double_divide(X2,inverse(double_divide(inverse(X2),double_divide(inverse(X0),X1)))),X3))) [forward demodulation 12830,6]
13037. inverse(double_divide(inverse(double_divide(X0,double_divide(X1,X2))),double_divide(X3,double_divide(X1,X3)))) = inverse(double_divide(X0,double_divide(X5,double_divide(double_divide(X4,inverse(double_divide(inverse(X4),X2))),X5)))) [forward demodulation 12824,6]
13088. inverse(double_divide(inverse(X0),inverse(double_divide(X0,X2)))) = X2 [forward demodulation 12984,12800]
13093. double_divide(inverse(X4),inverse(double_divide(inverse(double_divide(X4,X2)),double_divide(X5,double_divide(X0,X5))))) = inverse(double_divide(inverse(X0),inverse(X2))) [forward demodulation 12989,12800]
13096. double_divide(X4,inverse(double_divide(inverse(double_divide(inverse(X4),X2)),double_divide(X5,double_divide(X0,X5))))) = inverse(double_divide(inverse(X0),inverse(X2))) [forward demodulation 12993,12800]
13097. double_divide(X0,inverse(double_divide(inverse(X0),inverse(X2)))) = X2 [forward demodulation 12994,12800]
13127. inverse(X1) = double_divide(X0,inverse(double_divide(inverse(X0),X1))) [forward demodulation 13033,12800]
13131. inverse(double_divide(inverse(double_divide(X0,double_divide(X1,X2))),double_divide(X3,double_divide(X1,X3)))) = inverse(double_divide(X0,inverse(X2))) [forward demodulation 13037,12800]
13227. double_divide(inverse(X0),inverse(double_divide(inverse(X4),double_divide(X7,double_divide(inverse(X1),X7))))) = inverse(double_divide(inverse(double_divide(X1,double_divide(X2,inverse(double_divide(inverse(inverse(inverse(X0))),double_divide(X5,double_divide(double_divide(X3,inverse(double_divide(inverse(X3),X4))),X5))))))),double_divide(X6,double_divide(X2,X6)))) [superposition 42,11631]
13246. inverse(double_divide(inverse(double_divide(X2,double_divide(X3,inverse(double_divide(inverse(double_divide(X0,double_divide(X1,X0))),double_divide(X5,double_divide(X1,X5))))))),double_divide(X6,double_divide(X3,X6)))) = double_divide(inverse(X4),inverse(double_divide(inverse(inverse(X4)),double_divide(X7,double_divide(inverse(X2),X7))))) [superposition 42,2418]
14012. inverse(double_divide(inverse(double_divide(X2,double_divide(X3,inverse(double_divide(inverse(double_divide(X0,double_divide(X1,X0))),double_divide(X5,double_divide(X1,X5))))))),double_divide(X6,double_divide(X3,X6)))) = inverse(double_divide(X7,double_divide(inverse(X2),X7))) [forward demodulation 13246,13127]
14017. double_divide(inverse(X0),inverse(double_divide(inverse(X4),double_divide(X7,double_divide(inverse(X1),X7))))) = inverse(double_divide(X1,inverse(inverse(double_divide(inverse(inverse(inverse(X0))),double_divide(X5,double_divide(double_divide(X3,inverse(double_divide(inverse(X3),X4))),X5))))))) [forward demodulation 13227,13131]
14163. inverse(double_divide(X7,double_divide(inverse(X2),X7))) = inverse(double_divide(X2,inverse(inverse(double_divide(inverse(double_divide(X0,double_divide(X1,X0))),double_divide(X5,double_divide(X1,X5))))))) [forward demodulation 14012,13131]
14168. double_divide(inverse(X0),inverse(double_divide(inverse(X4),double_divide(X7,double_divide(inverse(X1),X7))))) = inverse(double_divide(X1,double_divide(inverse(inverse(inverse(X0))),double_divide(X5,double_divide(double_divide(X3,inverse(double_divide(inverse(X3),X4))),X5))))) [forward demodulation 14017,6]
14281. inverse(double_divide(X7,double_divide(inverse(X2),X7))) = inverse(double_divide(X2,double_divide(inverse(double_divide(X0,double_divide(X1,X0))),double_divide(X5,double_divide(X1,X5))))) [forward demodulation 14163,6]
14286. double_divide(inverse(X0),inverse(double_divide(inverse(X4),double_divide(X7,double_divide(inverse(X1),X7))))) = inverse(double_divide(X1,double_divide(inverse(inverse(inverse(X0))),inverse(X4)))) [forward demodulation 14168,12800]
14366. inverse(inverse(X2)) = inverse(double_divide(X7,double_divide(inverse(X2),X7))) [forward demodulation 14281,12741]
14370. double_divide(inverse(X0),inverse(double_divide(inverse(X4),double_divide(X7,double_divide(inverse(X1),X7))))) = inverse(double_divide(X1,double_divide(inverse(X0),inverse(X4)))) [forward demodulation 14286,6]
14407. inverse(double_divide(X7,double_divide(inverse(X2),X7))) = X2 [forward demodulation 14366,6]
14430. inverse(X0) = inverse(double_divide(X1,double_divide(X0,X1))) [superposition 14407,6]
14435. double_divide(inverse(double_divide(X3,double_divide(X5,X1))),double_divide(X6,double_divide(X5,X6))) = inverse(double_divide(X4,double_divide(double_divide(inverse(X0),inverse(double_divide(inverse(double_divide(X0,X1)),double_divide(X2,double_divide(inverse(X3),X2))))),X4))) [superposition 14407,22]
14438. double_divide(inverse(double_divide(X3,double_divide(X5,inverse(double_divide(inverse(double_divide(X0,double_divide(X6,X1))),double_divide(X7,double_divide(X6,X7))))))),double_divide(X8,double_divide(X5,X8))) = inverse(double_divide(X4,double_divide(double_divide(X0,inverse(double_divide(inverse(X1),double_divide(X2,double_divide(inverse(X3),X2))))),X4))) [superposition 14407,71]
14439. double_divide(inverse(double_divide(X3,double_divide(X5,inverse(double_divide(inverse(double_divide(inverse(X0),double_divide(X6,X1))),double_divide(X7,double_divide(X6,X7))))))),double_divide(X8,double_divide(X5,X8))) = inverse(double_divide(X4,double_divide(double_divide(inverse(X0),inverse(double_divide(inverse(X1),double_divide(X2,double_divide(inverse(X3),X2))))),X4))) [superposition 14407,42]
14443. double_divide(inverse(double_divide(X6,X3)),double_divide(X8,double_divide(X1,X8))) = inverse(double_divide(X7,double_divide(double_divide(inverse(X0),inverse(double_divide(inverse(double_divide(X0,inverse(double_divide(inverse(double_divide(inverse(X1),double_divide(X2,X3))),double_divide(X4,double_divide(X2,X4)))))),double_divide(X5,double_divide(inverse(X6),X5))))),X7))) [superposition 14407,32]
14459. inverse(double_divide(inverse(double_divide(inverse(double_divide(X4,X2)),double_divide(X5,double_divide(inverse(X0),X5)))),inverse(double_divide(inverse(double_divide(X0,double_divide(X1,X2))),double_divide(X3,double_divide(X1,X3)))))) = X4 [superposition 14407,22]
14474. double_divide(X3,double_divide(X5,X1)) = inverse(double_divide(double_divide(X4,double_divide(X5,X4)),inverse(double_divide(inverse(X0),inverse(double_divide(inverse(double_divide(X0,X1)),double_divide(X2,double_divide(inverse(X3),X2)))))))) [superposition 14407,59]
14493. inverse(double_divide(double_divide(X0,inverse(double_divide(X1,double_divide(X0,X1)))),X2)) = X2 [superposition 14407,6213]
14520. double_divide(X1,double_divide(inverse(X2),X1)) = double_divide(double_divide(inverse(X0),X0),X2) [superposition 6213,14407]
14533. inverse(double_divide(inverse(double_divide(X1,double_divide(X2,X1))),double_divide(X3,double_divide(X2,X3)))) = inverse(double_divide(X0,double_divide(X4,double_divide(inverse(X0),X4)))) [superposition 52,14407]
14539. inverse(double_divide(inverse(double_divide(X1,double_divide(X2,double_divide(inverse(X0),X3)))),double_divide(X4,double_divide(X2,X4)))) = double_divide(inverse(X3),inverse(double_divide(X0,double_divide(X5,double_divide(inverse(X1),X5))))) [superposition 22,14407]
14541. double_divide(inverse(X4),inverse(double_divide(inverse(double_divide(X4,inverse(double_divide(inverse(double_divide(inverse(X3),double_divide(X5,double_divide(inverse(X0),X1)))),double_divide(X6,double_divide(X5,X6)))))),double_divide(X7,double_divide(inverse(X1),X7))))) = inverse(double_divide(X0,double_divide(X2,double_divide(X3,X2)))) [superposition 32,14407]
14545. inverse(double_divide(inverse(double_divide(X1,double_divide(X2,double_divide(inverse(X0),X3)))),double_divide(X4,double_divide(X2,X4)))) = double_divide(inverse(X3),inverse(double_divide(X0,double_divide(inverse(double_divide(inverse(double_divide(X1,double_divide(X5,X6))),double_divide(X7,double_divide(X5,X7)))),X6)))) [superposition 47,14407]
14548. double_divide(inverse(double_divide(X1,double_divide(X2,double_divide(inverse(X0),X3)))),double_divide(X4,double_divide(X2,X4))) = inverse(double_divide(inverse(X3),inverse(double_divide(X0,double_divide(X5,double_divide(inverse(X1),X5)))))) [superposition 59,14407]
14569. inverse(double_divide(inverse(double_divide(inverse(X1),double_divide(X2,double_divide(inverse(X0),inverse(X3))))),double_divide(X4,double_divide(X2,X4)))) = double_divide(X3,inverse(double_divide(X0,double_divide(X5,double_divide(X1,X5))))) [superposition 26,14407]
14571. inverse(double_divide(inverse(double_divide(X1,double_divide(X2,double_divide(inverse(X0),inverse(X3))))),double_divide(X4,double_divide(X2,X4)))) = double_divide(X3,inverse(double_divide(X0,double_divide(X5,double_divide(inverse(X1),X5))))) [superposition 25,14407]
14572. inverse(X1) = double_divide(X1,double_divide(inverse(X0),X0)) [superposition 5424,14407]
14576. inverse(X0) = double_divide(X1,double_divide(inverse(X0),X1)) [superposition 6,14407]
14578. inverse(double_divide(inverse(double_divide(X1,double_divide(X2,X3))),double_divide(X4,double_divide(X2,X4)))) = double_divide(X0,inverse(double_divide(inverse(double_divide(double_divide(X5,double_divide(inverse(X0),X5)),X3)),double_divide(X6,double_divide(inverse(X1),X6))))) [superposition 22,14407]
14582. inverse(double_divide(inverse(double_divide(X1,double_divide(X2,X3))),double_divide(X4,double_divide(X2,X4)))) = double_divide(double_divide(X5,double_divide(inverse(X0),X5)),inverse(double_divide(inverse(double_divide(X0,X3)),double_divide(X6,double_divide(inverse(X1),X6))))) [superposition 25,14407]
14595. inverse(double_divide(inverse(double_divide(X1,X2)),double_divide(X3,double_divide(double_divide(X4,double_divide(inverse(X0),X4)),X3)))) = double_divide(inverse(X5),inverse(double_divide(inverse(double_divide(X5,inverse(double_divide(inverse(double_divide(X0,double_divide(X6,X2))),double_divide(X7,double_divide(X6,X7)))))),double_divide(X8,double_divide(inverse(X1),X8))))) [superposition 32,14407]
14612. double_divide(inverse(double_divide(double_divide(X1,double_divide(inverse(X0),X1)),double_divide(X2,X3))),double_divide(X4,double_divide(X2,X4))) = inverse(double_divide(inverse(X5),inverse(double_divide(inverse(double_divide(X5,X3)),double_divide(X6,double_divide(X0,X6)))))) [superposition 59,14407]
14616. inverse(double_divide(inverse(double_divide(double_divide(X1,double_divide(inverse(X0),X1)),double_divide(X2,inverse(double_divide(inverse(double_divide(X3,double_divide(X4,X5))),double_divide(X6,double_divide(X4,X6))))))),double_divide(X7,double_divide(X2,X7)))) = double_divide(X3,inverse(double_divide(inverse(X5),double_divide(X8,double_divide(X0,X8))))) [superposition 71,14407]
14633. double_divide(X3,inverse(double_divide(inverse(X5),double_divide(X8,double_divide(X0,X8))))) = inverse(double_divide(double_divide(X1,double_divide(inverse(X0),X1)),inverse(inverse(double_divide(inverse(double_divide(X3,double_divide(X4,X5))),double_divide(X6,double_divide(X4,X6))))))) [forward demodulation 14616,13131]
14636. double_divide(inverse(double_divide(double_divide(X1,double_divide(inverse(X0),X1)),double_divide(X2,X3))),double_divide(X4,double_divide(X2,X4))) = inverse(inverse(double_divide(inverse(X0),inverse(X3)))) [forward demodulation 14612,13093]
14647. inverse(double_divide(inverse(double_divide(X1,X2)),double_divide(X3,double_divide(double_divide(X4,double_divide(inverse(X0),X4)),X3)))) = inverse(double_divide(inverse(inverse(X1)),inverse(inverse(double_divide(inverse(double_divide(X0,double_divide(X6,X2))),double_divide(X7,double_divide(X6,X7))))))) [forward demodulation 14595,13093]
14660. inverse(double_divide(X1,inverse(X3))) = double_divide(double_divide(X5,double_divide(inverse(X0),X5)),inverse(double_divide(inverse(double_divide(X0,X3)),double_divide(X6,double_divide(inverse(X1),X6))))) [forward demodulation 14582,13131]
14664. inverse(double_divide(X1,inverse(X3))) = double_divide(X0,inverse(double_divide(inverse(double_divide(double_divide(X5,double_divide(inverse(X0),X5)),X3)),double_divide(X6,double_divide(inverse(X1),X6))))) [forward demodulation 14578,13131]
14668. inverse(double_divide(inverse(double_divide(X1,double_divide(X2,double_divide(inverse(X0),inverse(X3))))),double_divide(X4,double_divide(X2,X4)))) = double_divide(X3,inverse(double_divide(X0,inverse(X1)))) [forward demodulation 14571,14576]
14669. double_divide(X3,inverse(double_divide(X0,double_divide(X5,double_divide(X1,X5))))) = inverse(double_divide(inverse(X1),inverse(double_divide(inverse(X0),inverse(X3))))) [forward demodulation 14569,13131]
14684. double_divide(inverse(double_divide(X1,double_divide(X2,double_divide(inverse(X0),X3)))),double_divide(X4,double_divide(X2,X4))) = inverse(double_divide(inverse(X3),inverse(double_divide(X0,inverse(X1))))) [forward demodulation 14548,14576]
14687. inverse(double_divide(inverse(double_divide(X1,double_divide(X2,double_divide(inverse(X0),X3)))),double_divide(X4,double_divide(X2,X4)))) = double_divide(inverse(X3),inverse(double_divide(X0,double_divide(inverse(double_divide(X1,inverse(X6))),X6)))) [forward demodulation 14545,13131]
14691. inverse(double_divide(X0,double_divide(X2,double_divide(X3,X2)))) = inverse(double_divide(inverse(inverse(X1)),inverse(inverse(double_divide(inverse(double_divide(inverse(X3),double_divide(X5,double_divide(inverse(X0),X1)))),double_divide(X6,double_divide(X5,X6))))))) [forward demodulation 14541,13093]
14693. inverse(double_divide(inverse(double_divide(X1,double_divide(X2,double_divide(inverse(X0),X3)))),double_divide(X4,double_divide(X2,X4)))) = double_divide(inverse(X3),inverse(double_divide(X0,inverse(X1)))) [forward demodulation 14539,14576]
14699. inverse(double_divide(inverse(double_divide(X1,double_divide(X2,X1))),double_divide(X3,double_divide(X2,X3)))) = inverse(double_divide(X0,inverse(X0))) [forward demodulation 14533,14576]
14712. inverse(X2) = double_divide(double_divide(inverse(X0),X0),X2) [forward demodulation 14520,14576]
14726. double_divide(X3,double_divide(X5,X1)) = inverse(double_divide(double_divide(X4,double_divide(X5,X4)),inverse(inverse(double_divide(inverse(inverse(X3)),inverse(X1)))))) [forward demodulation 14474,13093]
14740. inverse(double_divide(inverse(double_divide(inverse(double_divide(X4,X2)),double_divide(X5,double_divide(inverse(X0),X5)))),inverse(double_divide(X0,inverse(X2))))) = X4 [forward demodulation 14459,13131]
14756. double_divide(inverse(double_divide(X6,X3)),double_divide(X8,double_divide(X1,X8))) = inverse(double_divide(X7,double_divide(inverse(double_divide(inverse(inverse(X6)),inverse(inverse(double_divide(inverse(double_divide(inverse(X1),double_divide(X2,X3))),double_divide(X4,double_divide(X2,X4))))))),X7))) [forward demodulation 14443,13093]
14760. double_divide(inverse(double_divide(X3,double_divide(X5,inverse(double_divide(inverse(double_divide(inverse(X0),double_divide(X6,X1))),double_divide(X7,double_divide(X6,X7))))))),double_divide(X8,double_divide(X5,X8))) = inverse(double_divide(X4,double_divide(inverse(double_divide(X3,double_divide(inverse(X0),inverse(X1)))),X4))) [forward demodulation 14439,14370]
14761. double_divide(inverse(double_divide(X3,double_divide(X5,inverse(double_divide(inverse(double_divide(X0,double_divide(X6,X1))),double_divide(X7,double_divide(X6,X7))))))),double_divide(X8,double_divide(X5,X8))) = inverse(double_divide(X4,double_divide(double_divide(X0,inverse(double_divide(inverse(X1),inverse(X3)))),X4))) [forward demodulation 14438,14576]
14764. double_divide(inverse(double_divide(X3,double_divide(X5,X1))),double_divide(X6,double_divide(X5,X6))) = inverse(double_divide(X4,double_divide(inverse(double_divide(inverse(inverse(X3)),inverse(X1))),X4))) [forward demodulation 14435,13093]
14771. double_divide(X3,inverse(double_divide(inverse(X5),double_divide(X8,double_divide(X0,X8))))) = inverse(double_divide(double_divide(X1,double_divide(inverse(X0),X1)),double_divide(inverse(double_divide(X3,double_divide(X4,X5))),double_divide(X6,double_divide(X4,X6))))) [forward demodulation 14633,6]
14774. double_divide(inverse(X0),inverse(X3)) = double_divide(inverse(double_divide(double_divide(X1,double_divide(inverse(X0),X1)),double_divide(X2,X3))),double_divide(X4,double_divide(X2,X4))) [forward demodulation 14636,6]
14785. inverse(double_divide(inverse(double_divide(X1,X2)),double_divide(X3,double_divide(double_divide(X4,double_divide(inverse(X0),X4)),X3)))) = inverse(double_divide(inverse(inverse(X1)),double_divide(inverse(double_divide(X0,double_divide(X6,X2))),double_divide(X7,double_divide(X6,X7))))) [forward demodulation 14647,6]
14798. inverse(double_divide(X1,inverse(X3))) = double_divide(double_divide(X5,double_divide(inverse(X0),X5)),inverse(double_divide(inverse(double_divide(X0,X3)),inverse(X1)))) [forward demodulation 14660,14576]
14802. inverse(double_divide(X1,inverse(X3))) = double_divide(X0,inverse(double_divide(inverse(double_divide(double_divide(X5,double_divide(inverse(X0),X5)),X3)),inverse(X1)))) [forward demodulation 14664,14576]
14805. double_divide(X3,inverse(double_divide(X0,inverse(X1)))) = inverse(double_divide(X1,inverse(double_divide(inverse(X0),inverse(X3))))) [forward demodulation 14668,13131]
14814. double_divide(inverse(X3),inverse(double_divide(X0,double_divide(inverse(double_divide(X1,inverse(X6))),X6)))) = inverse(double_divide(X1,inverse(double_divide(inverse(X0),X3)))) [forward demodulation 14687,13131]
14818. inverse(double_divide(X0,double_divide(X2,double_divide(X3,X2)))) = inverse(double_divide(inverse(inverse(X1)),double_divide(inverse(double_divide(inverse(X3),double_divide(X5,double_divide(inverse(X0),X1)))),double_divide(X6,double_divide(X5,X6))))) [forward demodulation 14691,6]
14820. double_divide(inverse(X3),inverse(double_divide(X0,inverse(X1)))) = inverse(double_divide(X1,inverse(double_divide(inverse(X0),X3)))) [forward demodulation 14693,13131]
14826. inverse(double_divide(X1,inverse(X1))) = inverse(double_divide(X0,inverse(X0))) [forward demodulation 14699,13131]
14843. double_divide(X3,double_divide(X5,X1)) = inverse(double_divide(double_divide(X4,double_divide(X5,X4)),double_divide(inverse(inverse(X3)),inverse(X1)))) [forward demodulation 14726,6]
14855. inverse(double_divide(inverse(double_divide(inverse(double_divide(X4,X2)),inverse(X0))),inverse(double_divide(X0,inverse(X2))))) = X4 [forward demodulation 14740,14576]
14861. double_divide(inverse(double_divide(X6,X3)),double_divide(X8,double_divide(X1,X8))) = inverse(inverse(double_divide(inverse(inverse(X6)),inverse(inverse(double_divide(inverse(double_divide(inverse(X1),double_divide(X2,X3))),double_divide(X4,double_divide(X2,X4)))))))) [forward demodulation 14756,14430]
14864. double_divide(inverse(double_divide(X3,double_divide(X5,inverse(double_divide(inverse(double_divide(inverse(X0),double_divide(X6,X1))),double_divide(X7,double_divide(X6,X7))))))),double_divide(X8,double_divide(X5,X8))) = inverse(inverse(double_divide(X3,double_divide(inverse(X0),inverse(X1))))) [forward demodulation 14760,14430]
14865. double_divide(inverse(double_divide(X3,double_divide(X5,inverse(double_divide(inverse(double_divide(X0,double_divide(X6,X1))),double_divide(X7,double_divide(X6,X7))))))),double_divide(X8,double_divide(X5,X8))) = inverse(double_divide(X0,inverse(double_divide(inverse(X1),inverse(X3))))) [forward demodulation 14761,14430]
14866. double_divide(inverse(double_divide(X3,double_divide(X5,X1))),double_divide(X6,double_divide(X5,X6))) = inverse(inverse(double_divide(inverse(inverse(X3)),inverse(X1)))) [forward demodulation 14764,14430]
14870. double_divide(X3,inverse(double_divide(inverse(X5),double_divide(X8,double_divide(X0,X8))))) = inverse(double_divide(inverse(X0),double_divide(inverse(double_divide(X3,double_divide(X4,X5))),double_divide(X6,double_divide(X4,X6))))) [forward demodulation 14771,14576]
14872. double_divide(inverse(X0),inverse(X3)) = double_divide(inverse(double_divide(inverse(X0),double_divide(X2,X3))),double_divide(X4,double_divide(X2,X4))) [forward demodulation 14774,14576]
14882. inverse(double_divide(inverse(double_divide(X1,X2)),double_divide(X3,double_divide(double_divide(X4,double_divide(inverse(X0),X4)),X3)))) = inverse(double_divide(X1,double_divide(inverse(double_divide(X0,double_divide(X6,X2))),double_divide(X7,double_divide(X6,X7))))) [forward demodulation 14785,6]
14889. inverse(double_divide(X1,inverse(X3))) = double_divide(inverse(X0),inverse(double_divide(inverse(double_divide(X0,X3)),inverse(X1)))) [forward demodulation 14798,14576]
14891. inverse(double_divide(X1,inverse(X3))) = double_divide(X0,inverse(double_divide(inverse(double_divide(inverse(X0),X3)),inverse(X1)))) [forward demodulation 14802,14576]
14901. inverse(double_divide(X0,double_divide(X2,double_divide(X3,X2)))) = inverse(double_divide(inverse(inverse(X1)),inverse(double_divide(inverse(X1),inverse(double_divide(X0,inverse(inverse(X3)))))))) [forward demodulation 14818,14684]
14915. double_divide(X3,double_divide(X5,X1)) = inverse(double_divide(double_divide(X4,double_divide(X5,X4)),double_divide(X3,inverse(X1)))) [forward demodulation 14843,6]
14922. inverse(inverse(double_divide(X2,inverse(double_divide(inverse(X0),double_divide(inverse(double_divide(X4,X2)),inverse(X0))))))) = X4 [forward demodulation 14855,14820]
14926. double_divide(inverse(double_divide(X6,X3)),double_divide(X8,double_divide(X1,X8))) = double_divide(inverse(inverse(X6)),inverse(inverse(double_divide(inverse(double_divide(inverse(X1),double_divide(X2,X3))),double_divide(X4,double_divide(X2,X4)))))) [forward demodulation 14861,6]
14929. double_divide(inverse(double_divide(X3,double_divide(X5,inverse(double_divide(inverse(double_divide(inverse(X0),double_divide(X6,X1))),double_divide(X7,double_divide(X6,X7))))))),double_divide(X8,double_divide(X5,X8))) = double_divide(X3,double_divide(inverse(X0),inverse(X1))) [forward demodulation 14864,6]
14930. double_divide(inverse(double_divide(X3,double_divide(X5,inverse(double_divide(inverse(double_divide(X0,double_divide(X6,X1))),double_divide(X7,double_divide(X6,X7))))))),double_divide(X8,double_divide(X5,X8))) = double_divide(X3,inverse(double_divide(X1,inverse(X0)))) [forward demodulation 14865,14805]
14931. double_divide(inverse(double_divide(X3,double_divide(X5,X1))),double_divide(X6,double_divide(X5,X6))) = double_divide(inverse(inverse(X3)),inverse(X1)) [forward demodulation 14866,6]
14934. inverse(double_divide(inverse(X0),double_divide(inverse(double_divide(X3,double_divide(X4,X5))),double_divide(X6,double_divide(X4,X6))))) = inverse(double_divide(inverse(X0),inverse(double_divide(inverse(inverse(X5)),inverse(X3))))) [forward demodulation 14870,14669]
14942. inverse(double_divide(inverse(double_divide(X1,X2)),double_divide(X3,double_divide(inverse(X0),X3)))) = inverse(double_divide(X1,double_divide(inverse(double_divide(X0,double_divide(X6,X2))),double_divide(X7,double_divide(X6,X7))))) [forward demodulation 14882,14576]
14943. inverse(double_divide(X1,inverse(X3))) = inverse(double_divide(X1,inverse(double_divide(inverse(inverse(double_divide(X0,X3))),X0)))) [forward demodulation 14889,14820]
14948. inverse(double_divide(X0,double_divide(X2,double_divide(X3,X2)))) = inverse(double_divide(X0,inverse(inverse(X3)))) [forward demodulation 14901,13088]
14959. double_divide(X2,inverse(double_divide(inverse(X0),double_divide(inverse(double_divide(X4,X2)),inverse(X0))))) = X4 [forward demodulation 14922,6]
14962. double_divide(inverse(double_divide(X6,X3)),double_divide(X8,double_divide(X1,X8))) = double_divide(inverse(inverse(X6)),double_divide(inverse(double_divide(inverse(X1),double_divide(X2,X3))),double_divide(X4,double_divide(X2,X4)))) [forward demodulation 14926,6]
14963. double_divide(X3,double_divide(inverse(X0),inverse(X1))) = double_divide(inverse(double_divide(X3,inverse(double_divide(inverse(X6),inverse(double_divide(inverse(inverse(double_divide(inverse(X0),double_divide(X6,X1)))),inverse(X5))))))),double_divide(X8,double_divide(X5,X8))) [forward demodulation 14929,14669]
14964. double_divide(X3,inverse(double_divide(X1,inverse(X0)))) = double_divide(inverse(double_divide(X3,inverse(double_divide(inverse(X6),inverse(double_divide(inverse(inverse(double_divide(X0,double_divide(X6,X1)))),inverse(X5))))))),double_divide(X8,double_divide(X5,X8))) [forward demodulation 14930,14669]
14965. double_divide(inverse(double_divide(X3,double_divide(X5,X1))),double_divide(X6,double_divide(X5,X6))) = double_divide(X3,inverse(X1)) [forward demodulation 14931,6]
14968. inverse(double_divide(inverse(X0),double_divide(inverse(double_divide(X3,double_divide(X4,X5))),double_divide(X6,double_divide(X4,X6))))) = double_divide(X3,inverse(double_divide(inverse(X5),inverse(inverse(X0))))) [forward demodulation 14934,14805]
14975. inverse(double_divide(inverse(double_divide(X1,X2)),inverse(X0))) = inverse(double_divide(X1,double_divide(inverse(double_divide(X0,double_divide(X6,X2))),double_divide(X7,double_divide(X6,X7))))) [forward demodulation 14942,14576]
14976. inverse(double_divide(X1,inverse(X3))) = inverse(double_divide(X1,inverse(double_divide(double_divide(X0,X3),X0)))) [forward demodulation 14943,6]
14981. inverse(double_divide(X0,X3)) = inverse(double_divide(X0,double_divide(X2,double_divide(X3,X2)))) [forward demodulation 14948,6]
14985. double_divide(X2,inverse(inverse(double_divide(X4,X2)))) = X4 [forward demodulation 14959,14430]
14988. double_divide(inverse(double_divide(X6,X3)),double_divide(X8,double_divide(X1,X8))) = double_divide(inverse(inverse(X6)),double_divide(inverse(X1),inverse(X3))) [forward demodulation 14962,14872]
14989. double_divide(X3,double_divide(inverse(X0),inverse(X1))) = double_divide(double_divide(double_divide(inverse(inverse(double_divide(inverse(X0),double_divide(X6,X1)))),inverse(X5)),inverse(double_divide(X6,inverse(X3)))),double_divide(X8,double_divide(X5,X8))) [forward demodulation 14963,14805]
14990. double_divide(X3,inverse(double_divide(X1,inverse(X0)))) = double_divide(double_divide(double_divide(inverse(inverse(double_divide(X0,double_divide(X6,X1)))),inverse(X5)),inverse(double_divide(X6,inverse(X3)))),double_divide(X8,double_divide(X5,X8))) [forward demodulation 14964,14805]
14991. inverse(double_divide(inverse(X0),double_divide(inverse(double_divide(X3,double_divide(X4,X5))),double_divide(X6,double_divide(X4,X6))))) = double_divide(X3,inverse(double_divide(inverse(X5),X0))) [forward demodulation 14968,6]
14997. inverse(double_divide(inverse(double_divide(X1,X2)),inverse(X0))) = inverse(double_divide(X1,double_divide(X0,inverse(X2)))) [forward demodulation 14975,14965]
15001. double_divide(X2,double_divide(X4,X2)) = X4 [forward demodulation 14985,6]
15003. double_divide(inverse(double_divide(X6,X3)),double_divide(X8,double_divide(X1,X8))) = double_divide(X6,double_divide(inverse(X1),inverse(X3))) [forward demodulation 14988,6]
15004. double_divide(X3,double_divide(inverse(X0),inverse(X1))) = double_divide(double_divide(double_divide(double_divide(inverse(X0),double_divide(X6,X1)),inverse(X5)),inverse(double_divide(X6,inverse(X3)))),double_divide(X8,double_divide(X5,X8))) [forward demodulation 14989,6]
15005. double_divide(X3,inverse(double_divide(X1,inverse(X0)))) = double_divide(double_divide(double_divide(double_divide(X0,double_divide(X6,X1)),inverse(X5)),inverse(double_divide(X6,inverse(X3)))),double_divide(X8,double_divide(X5,X8))) [forward demodulation 14990,6]
15006. double_divide(X3,inverse(double_divide(inverse(X5),X0))) = inverse(double_divide(inverse(X0),double_divide(X3,inverse(X5)))) [forward demodulation 14991,14965]
15012. double_divide(X6,double_divide(inverse(X1),inverse(X3))) = double_divide(inverse(double_divide(X6,X3)),X1) [forward demodulation 15003,15001]
15013. double_divide(X3,double_divide(inverse(X0),inverse(X1))) = double_divide(double_divide(double_divide(double_divide(inverse(X0),double_divide(X6,X1)),inverse(X5)),inverse(double_divide(X6,inverse(X3)))),X5) [forward demodulation 15004,15001]
15014. double_divide(X3,inverse(double_divide(X1,inverse(X0)))) = double_divide(double_divide(double_divide(double_divide(X0,double_divide(X6,X1)),inverse(X5)),inverse(double_divide(X6,inverse(X3)))),X5) [forward demodulation 15005,15001]
15017. double_divide(double_divide(double_divide(double_divide(inverse(X0),double_divide(X6,X1)),inverse(X5)),inverse(double_divide(X6,inverse(X3)))),X5) = double_divide(inverse(double_divide(X3,X1)),X0) [forward demodulation 15013,15012]
15019. double_divide(inverse(double_divide(X3,X1)),X0) = double_divide(X3,inverse(double_divide(X1,inverse(inverse(X0))))) [forward demodulation 15017,15014]
15021. double_divide(inverse(double_divide(X3,X1)),X0) = double_divide(X3,inverse(double_divide(X1,X0))) [forward demodulation 15019,6]
15048. inverse(double_divide(inverse(double_divide(double_divide(X0,inverse(double_divide(X1,double_divide(X0,X1)))),X2)),double_divide(X4,double_divide(inverse(X5),X4)))) = double_divide(X6,inverse(double_divide(inverse(double_divide(inverse(X6),inverse(double_divide(inverse(double_divide(X5,double_divide(X7,double_divide(inverse(X2),X3)))),double_divide(X8,double_divide(X7,X8)))))),double_divide(X9,double_divide(inverse(X3),X9))))) [superposition 63,6213]
15084. inverse(double_divide(inverse(double_divide(double_divide(X0,X1),double_divide(X2,double_divide(X0,X2)))),double_divide(X4,double_divide(inverse(X5),X4)))) = double_divide(X6,inverse(double_divide(inverse(double_divide(inverse(X6),inverse(double_divide(inverse(double_divide(X5,double_divide(X7,double_divide(X1,X3)))),double_divide(X8,double_divide(X7,X8)))))),double_divide(X9,double_divide(inverse(X3),X9))))) [superposition 63,2780]
15089. inverse(double_divide(inverse(double_divide(X0,double_divide(X1,X0))),double_divide(X4,double_divide(inverse(X5),X4)))) = double_divide(X6,inverse(double_divide(inverse(double_divide(inverse(X6),inverse(double_divide(inverse(double_divide(X5,double_divide(X7,double_divide(X3,double_divide(X2,X3))))),double_divide(X8,double_divide(X7,X8)))))),double_divide(X9,double_divide(inverse(double_divide(X2,X1)),X9))))) [superposition 63,2780]
15100. inverse(double_divide(inverse(double_divide(X4,X5)),double_divide(X6,double_divide(double_divide(inverse(X0),inverse(double_divide(inverse(X1),double_divide(X2,double_divide(inverse(X3),X2))))),X6)))) = double_divide(X11,inverse(double_divide(inverse(double_divide(inverse(X11),inverse(double_divide(inverse(double_divide(double_divide(inverse(double_divide(X3,double_divide(X7,inverse(double_divide(inverse(double_divide(inverse(X0),double_divide(X8,X1))),double_divide(X9,double_divide(X8,X9))))))),double_divide(X10,double_divide(X7,X10))),double_divide(X12,X5))),double_divide(X13,double_divide(X12,X13)))))),double_divide(X14,double_divide(inverse(X4),X14))))) [superposition 63,42]
15102. inverse(double_divide(inverse(double_divide(X4,X5)),double_divide(X6,double_divide(double_divide(X0,inverse(double_divide(inverse(double_divide(inverse(X0),X1)),double_divide(X2,double_divide(X3,X2))))),X6)))) = double_divide(X9,inverse(double_divide(inverse(double_divide(inverse(X9),inverse(double_divide(inverse(double_divide(double_divide(inverse(double_divide(inverse(X3),double_divide(X7,X1))),double_divide(X8,double_divide(X7,X8))),double_divide(X10,X5))),double_divide(X11,double_divide(X10,X11)))))),double_divide(X12,double_divide(inverse(X4),X12))))) [superposition 63,26]
15104. inverse(double_divide(inverse(double_divide(X7,X8)),double_divide(X9,double_divide(double_divide(inverse(X0),inverse(double_divide(inverse(double_divide(X0,inverse(double_divide(inverse(double_divide(inverse(X1),double_divide(X2,X3))),double_divide(X4,double_divide(X2,X4)))))),double_divide(X5,double_divide(inverse(X6),X5))))),X9)))) = double_divide(X11,inverse(double_divide(inverse(double_divide(inverse(X11),inverse(double_divide(inverse(double_divide(double_divide(inverse(double_divide(X6,X3)),double_divide(X10,double_divide(X1,X10))),double_divide(X12,X8))),double_divide(X13,double_divide(X12,X13)))))),double_divide(X14,double_divide(inverse(X7),X14))))) [superposition 63,32]
15105. double_divide(X11,inverse(double_divide(inverse(double_divide(inverse(X11),inverse(double_divide(inverse(double_divide(double_divide(inverse(double_divide(X6,X3)),double_divide(X10,double_divide(inverse(X1),X10))),double_divide(X12,X8))),double_divide(X13,double_divide(X12,X13)))))),double_divide(X14,double_divide(inverse(X7),X14))))) = inverse(double_divide(inverse(double_divide(X7,X8)),double_divide(X9,double_divide(double_divide(X0,inverse(double_divide(inverse(double_divide(inverse(X0),inverse(double_divide(inverse(double_divide(X1,double_divide(X2,X3))),double_divide(X4,double_divide(X2,X4)))))),double_divide(X5,double_divide(inverse(X6),X5))))),X9)))) [superposition 63,63]
15137. inverse(double_divide(inverse(double_divide(X4,X5)),double_divide(double_divide(X6,double_divide(X7,X6)),inverse(double_divide(inverse(X0),inverse(double_divide(inverse(double_divide(X0,X1)),double_divide(X2,double_divide(inverse(X3),X2))))))))) = double_divide(X8,inverse(double_divide(inverse(double_divide(inverse(X8),inverse(double_divide(inverse(double_divide(double_divide(X3,double_divide(X7,X1)),double_divide(X9,X5))),double_divide(X10,double_divide(X9,X10)))))),double_divide(X11,double_divide(inverse(X4),X11))))) [superposition 63,59]
15182. double_divide(X0,inverse(double_divide(inverse(X1),double_divide(X2,double_divide(inverse(X3),X2))))) = double_divide(X8,inverse(double_divide(inverse(double_divide(inverse(X8),inverse(double_divide(inverse(double_divide(X4,double_divide(X9,double_divide(inverse(X4),inverse(double_divide(inverse(double_divide(X0,double_divide(X5,X1))),double_divide(X6,double_divide(X5,X6)))))))),double_divide(X10,double_divide(X9,X10)))))),double_divide(X11,double_divide(inverse(X3),X11))))) [superposition 63,71]
15233. inverse(double_divide(inverse(double_divide(X2,inverse(double_divide(double_divide(inverse(X3),inverse(double_divide(inverse(double_divide(X3,X4)),double_divide(X5,double_divide(inverse(X6),X5))))),double_divide(X7,double_divide(X1,X7)))))),double_divide(X8,double_divide(inverse(X9),X8)))) = double_divide(X10,inverse(double_divide(inverse(double_divide(inverse(X10),inverse(double_divide(inverse(double_divide(X9,double_divide(X0,X1))),double_divide(X11,double_divide(double_divide(X6,double_divide(X0,X4)),X11)))))),double_divide(X12,double_divide(inverse(X2),X12))))) [superposition 63,55]
15234. inverse(double_divide(inverse(double_divide(X2,inverse(X1))),double_divide(X3,double_divide(inverse(X4),X3)))) = double_divide(X5,inverse(double_divide(inverse(double_divide(inverse(X5),inverse(double_divide(inverse(double_divide(X4,double_divide(X0,double_divide(X1,X0)))),double_divide(X8,double_divide(double_divide(X6,inverse(double_divide(X7,double_divide(X6,X7)))),X8)))))),double_divide(X9,double_divide(inverse(X2),X9))))) [superposition 63,5530]
15259. inverse(double_divide(inverse(double_divide(X3,X4)),double_divide(X5,double_divide(inverse(X4),X5)))) = double_divide(X6,inverse(double_divide(inverse(double_divide(inverse(X6),inverse(double_divide(inverse(double_divide(double_divide(X0,inverse(double_divide(X1,double_divide(X0,X1)))),X2)),double_divide(X7,double_divide(inverse(X2),X7)))))),double_divide(X8,double_divide(inverse(X3),X8))))) [superposition 63,6213]
15266. inverse(double_divide(inverse(double_divide(X3,double_divide(X2,X4))),double_divide(X5,double_divide(inverse(X0),X5)))) = double_divide(X6,inverse(double_divide(inverse(double_divide(inverse(X6),inverse(double_divide(inverse(double_divide(X0,double_divide(inverse(X1),double_divide(X2,inverse(X1))))),double_divide(X7,double_divide(X4,X7)))))),double_divide(X8,double_divide(inverse(X3),X8))))) [superposition 63,484]
15268. inverse(double_divide(inverse(double_divide(X1,inverse(double_divide(inverse(double_divide(inverse(X2),X0)),double_divide(X3,double_divide(X4,X3)))))),double_divide(X5,double_divide(inverse(X4),X5)))) = double_divide(X6,inverse(double_divide(inverse(double_divide(inverse(X6),inverse(double_divide(inverse(X0),double_divide(X7,double_divide(X2,X7)))))),double_divide(X8,double_divide(inverse(X1),X8))))) [superposition 63,106]
15274. inverse(double_divide(inverse(double_divide(X4,double_divide(X5,X6))),double_divide(X7,double_divide(inverse(inverse(double_divide(X3,double_divide(X5,X1)))),X7)))) = double_divide(X8,inverse(double_divide(inverse(double_divide(inverse(X8),inverse(double_divide(inverse(inverse(double_divide(inverse(X0),inverse(double_divide(inverse(double_divide(X0,X1)),double_divide(X2,double_divide(inverse(X3),X2))))))),double_divide(X9,double_divide(X6,X9)))))),double_divide(X10,double_divide(inverse(X4),X10))))) [superposition 63,59]
15279. inverse(double_divide(inverse(double_divide(X6,double_divide(X7,X8))),double_divide(X9,double_divide(inverse(inverse(double_divide(X2,double_divide(X7,X1)))),X9)))) = double_divide(X10,inverse(double_divide(inverse(double_divide(inverse(X10),inverse(double_divide(double_divide(inverse(X0),inverse(double_divide(inverse(double_divide(X0,X1)),double_divide(inverse(double_divide(inverse(double_divide(X2,double_divide(X3,X4))),double_divide(X5,double_divide(X3,X5)))),X4)))),double_divide(X11,double_divide(X8,X11)))))),double_divide(X12,double_divide(inverse(X6),X12))))) [superposition 63,47]
15282. inverse(double_divide(inverse(double_divide(X4,double_divide(X5,X6))),double_divide(X7,double_divide(inverse(inverse(double_divide(X0,double_divide(X5,X2)))),X7)))) = double_divide(X8,inverse(double_divide(inverse(double_divide(inverse(X8),inverse(double_divide(inverse(double_divide(inverse(double_divide(X0,double_divide(X1,X2))),double_divide(X3,double_divide(X1,X3)))),double_divide(X9,double_divide(X6,X9)))))),double_divide(X10,double_divide(inverse(X4),X10))))) [superposition 63,52]
15283. inverse(double_divide(inverse(double_divide(X4,double_divide(X5,X6))),double_divide(X7,double_divide(inverse(inverse(double_divide(X3,double_divide(X5,X1)))),X7)))) = double_divide(X8,inverse(double_divide(inverse(double_divide(inverse(X8),inverse(double_divide(double_divide(inverse(X0),inverse(double_divide(inverse(double_divide(X0,X1)),double_divide(X2,double_divide(inverse(X3),X2))))),double_divide(X9,double_divide(X6,X9)))))),double_divide(X10,double_divide(inverse(X4),X10))))) [superposition 63,22]
15285. inverse(double_divide(inverse(double_divide(X2,double_divide(X3,X4))),double_divide(X5,double_divide(inverse(inverse(double_divide(X1,double_divide(X3,double_divide(X6,double_divide(X0,X6)))))),X5)))) = double_divide(X7,inverse(double_divide(inverse(double_divide(inverse(X7),inverse(double_divide(double_divide(X0,inverse(X1)),double_divide(X8,double_divide(X4,X8)))))),double_divide(X9,double_divide(inverse(X2),X9))))) [superposition 63,73]
15322. inverse(double_divide(inverse(double_divide(X2,X3)),double_divide(X4,double_divide(inverse(X5),X4)))) = double_divide(X6,inverse(double_divide(inverse(double_divide(inverse(X6),inverse(double_divide(inverse(double_divide(X5,double_divide(double_divide(X7,inverse(double_divide(X8,double_divide(X7,X8)))),X3))),double_divide(inverse(X1),double_divide(X0,double_divide(X1,X0))))))),double_divide(X9,double_divide(inverse(X2),X9))))) [superposition 63,5530]
15355. inverse(double_divide(inverse(double_divide(X2,X3)),double_divide(X4,double_divide(inverse(X5),X4)))) = double_divide(X6,inverse(double_divide(inverse(double_divide(inverse(X6),inverse(double_divide(inverse(double_divide(X5,double_divide(X1,X3))),inverse(inverse(double_divide(X0,double_divide(X1,X0)))))))),double_divide(X7,double_divide(inverse(X2),X7))))) [superposition 63,4678]
15374. inverse(double_divide(inverse(double_divide(X4,inverse(double_divide(inverse(double_divide(X0,double_divide(X5,X1))),double_divide(X6,double_divide(X5,X6)))))),double_divide(X7,double_divide(inverse(X3),X7)))) = double_divide(X8,inverse(double_divide(inverse(double_divide(inverse(X8),double_divide(X0,inverse(double_divide(inverse(X1),double_divide(X2,double_divide(inverse(X3),X2))))))),double_divide(X11,double_divide(inverse(X4),X11))))) [superposition 63,71]
15383. inverse(double_divide(inverse(double_divide(X1,X2)),double_divide(X3,double_divide(inverse(X2),X3)))) = double_divide(X0,inverse(double_divide(inverse(inverse(inverse(X0))),double_divide(X6,double_divide(inverse(X1),X6))))) [superposition 63,236]
15396. inverse(double_divide(inverse(double_divide(double_divide(inverse(double_divide(X3,double_divide(X4,X1))),double_divide(X5,double_divide(X4,X5))),X6)),double_divide(X7,double_divide(inverse(X8),X7)))) = double_divide(X9,inverse(double_divide(inverse(double_divide(inverse(X9),inverse(double_divide(inverse(double_divide(X8,double_divide(X10,X6))),double_divide(X11,double_divide(X10,X11)))))),double_divide(X12,double_divide(double_divide(X0,inverse(double_divide(inverse(double_divide(inverse(X0),X1)),double_divide(X2,double_divide(inverse(X3),X2))))),X12))))) [superposition 63,25]
15415. inverse(double_divide(inverse(double_divide(double_divide(X1,double_divide(inverse(X0),X1)),X2)),double_divide(X3,double_divide(inverse(X4),X3)))) = double_divide(X5,inverse(double_divide(inverse(double_divide(inverse(X5),inverse(double_divide(inverse(double_divide(X4,double_divide(X6,X2))),double_divide(X7,double_divide(X6,X7)))))),double_divide(X8,double_divide(X0,X8))))) [superposition 63,14407]
15498. double_divide(X7,inverse(double_divide(inverse(double_divide(inverse(X7),double_divide(X6,X8))),double_divide(double_divide(X0,inverse(double_divide(inverse(double_divide(inverse(X0),inverse(double_divide(inverse(double_divide(X1,double_divide(X2,double_divide(inverse(X1),X3)))),double_divide(X4,double_divide(X2,X4)))))),double_divide(X5,double_divide(inverse(inverse(X6)),X5))))),X3)))) = X8 [superposition 28,63]
15520. inverse(double_divide(inverse(double_divide(X1,double_divide(X7,X3))),double_divide(X8,double_divide(X7,X8)))) = double_divide(X6,double_divide(X0,inverse(double_divide(inverse(double_divide(inverse(X0),inverse(double_divide(inverse(double_divide(X1,double_divide(X2,X3))),double_divide(X4,double_divide(X2,X4)))))),double_divide(X5,double_divide(inverse(inverse(X6)),X5)))))) [superposition 25,63]
15524. inverse(double_divide(inverse(double_divide(X1,double_divide(X7,inverse(double_divide(inverse(double_divide(inverse(X8),double_divide(X9,double_divide(X6,X3)))),double_divide(X10,double_divide(X9,X10))))))),double_divide(X11,double_divide(X7,X11)))) = double_divide(inverse(X8),double_divide(X0,inverse(double_divide(inverse(double_divide(inverse(X0),inverse(double_divide(inverse(double_divide(X1,double_divide(X2,X3))),double_divide(X4,double_divide(X2,X4)))))),double_divide(X5,double_divide(inverse(X6),X5)))))) [superposition 42,63]
15525. inverse(double_divide(inverse(double_divide(X1,double_divide(X7,inverse(double_divide(inverse(double_divide(X8,double_divide(X9,double_divide(X6,X3)))),double_divide(X10,double_divide(X9,X10))))))),double_divide(X11,double_divide(X7,X11)))) = double_divide(X8,double_divide(X0,inverse(double_divide(inverse(double_divide(inverse(X0),inverse(double_divide(inverse(double_divide(X1,double_divide(X2,X3))),double_divide(X4,double_divide(X2,X4)))))),double_divide(X5,double_divide(inverse(X6),X5)))))) [superposition 71,63]
15553. inverse(double_divide(inverse(double_divide(inverse(double_divide(X6,X3)),double_divide(X7,double_divide(inverse(X1),X8)))),double_divide(X9,double_divide(X7,X9)))) = inverse(double_divide(double_divide(X0,inverse(double_divide(inverse(double_divide(inverse(X0),inverse(double_divide(inverse(double_divide(X1,double_divide(X2,X3))),double_divide(X4,double_divide(X2,X4)))))),double_divide(X5,double_divide(inverse(X6),X5))))),double_divide(X10,double_divide(X8,X10)))) [superposition 52,63]
15554. double_divide(double_divide(X0,inverse(double_divide(inverse(double_divide(inverse(X0),inverse(double_divide(inverse(double_divide(X1,double_divide(X2,X3))),double_divide(X4,double_divide(X2,X4)))))),double_divide(X5,double_divide(inverse(X6),X5))))),double_divide(X8,double_divide(X7,X8))) = inverse(double_divide(inverse(X9),inverse(double_divide(inverse(double_divide(X9,double_divide(inverse(X1),X7))),double_divide(X10,double_divide(inverse(inverse(double_divide(X6,X3))),X10)))))) [superposition 59,63]
15555. double_divide(inverse(double_divide(X6,X3)),inverse(double_divide(inverse(double_divide(inverse(X1),X9)),double_divide(X12,double_divide(inverse(X7),X12))))) = inverse(double_divide(inverse(double_divide(X7,double_divide(X8,inverse(double_divide(double_divide(X0,inverse(double_divide(inverse(double_divide(inverse(X0),inverse(double_divide(inverse(double_divide(X1,double_divide(X2,X3))),double_divide(X4,double_divide(X2,X4)))))),double_divide(X5,double_divide(inverse(X6),X5))))),double_divide(X10,double_divide(X9,X10))))))),double_divide(X11,double_divide(X8,X11)))) [superposition 71,63]
15556. double_divide(inverse(X1),inverse(X7)) = double_divide(inverse(inverse(double_divide(X6,X3))),inverse(double_divide(double_divide(X0,inverse(double_divide(inverse(double_divide(inverse(X0),inverse(double_divide(inverse(double_divide(X1,double_divide(X2,X3))),double_divide(X4,double_divide(X2,X4)))))),double_divide(X5,double_divide(inverse(X6),X5))))),double_divide(double_divide(inverse(X8),inverse(double_divide(inverse(double_divide(X8,X9)),double_divide(X10,double_divide(inverse(X7),X10))))),X9)))) [superposition 93,63]
15560. double_divide(inverse(X10),inverse(double_divide(inverse(double_divide(X10,inverse(double_divide(inverse(double_divide(inverse(X9),double_divide(X11,double_divide(X7,double_divide(inverse(X1),X7))))),double_divide(X12,double_divide(X11,X12)))))),double_divide(X13,double_divide(inverse(inverse(double_divide(X6,X3))),X13))))) = inverse(double_divide(double_divide(X0,inverse(double_divide(inverse(double_divide(inverse(X0),inverse(double_divide(inverse(double_divide(X1,double_divide(X2,X3))),double_divide(X4,double_divide(X2,X4)))))),double_divide(X5,double_divide(inverse(X6),X5))))),double_divide(X8,double_divide(X9,X8)))) [superposition 32,63]
15588. inverse(double_divide(inverse(double_divide(double_divide(X0,inverse(double_divide(inverse(double_divide(inverse(X0),inverse(double_divide(inverse(double_divide(X1,double_divide(X2,X3))),double_divide(X4,double_divide(X2,X4)))))),double_divide(X5,double_divide(inverse(X6),X5))))),double_divide(X8,X9))),double_divide(X10,double_divide(X8,X10)))) = double_divide(inverse(X11),inverse(double_divide(inverse(double_divide(X11,X9)),double_divide(X12,double_divide(double_divide(inverse(double_divide(X6,X3)),double_divide(X7,double_divide(inverse(X1),X7))),X12))))) [superposition 30,63]
15589. inverse(double_divide(inverse(double_divide(double_divide(inverse(double_divide(X6,X3)),double_divide(X7,double_divide(inverse(X1),X7))),X8)),double_divide(X9,double_divide(X10,X9)))) = double_divide(inverse(X11),inverse(double_divide(inverse(double_divide(X11,inverse(double_divide(inverse(double_divide(inverse(X10),double_divide(X12,X8))),double_divide(X13,double_divide(X12,X13)))))),double_divide(X14,double_divide(double_divide(X0,inverse(double_divide(inverse(double_divide(inverse(X0),inverse(double_divide(inverse(double_divide(X1,double_divide(X2,X3))),double_divide(X4,double_divide(X2,X4)))))),double_divide(X5,double_divide(inverse(X6),X5))))),X14))))) [superposition 32,63]
15610. inverse(double_divide(inverse(double_divide(X7,double_divide(X8,inverse(double_divide(inverse(double_divide(X9,double_divide(X10,double_divide(inverse(double_divide(X6,X3)),double_divide(X11,double_divide(inverse(X1),X11)))))),double_divide(X12,double_divide(X10,X12))))))),double_divide(X13,double_divide(X8,X13)))) = double_divide(X9,inverse(double_divide(double_divide(X0,inverse(double_divide(inverse(double_divide(inverse(X0),inverse(double_divide(inverse(double_divide(X1,double_divide(X2,X3))),double_divide(X4,double_divide(X2,X4)))))),double_divide(X5,double_divide(inverse(X6),X5))))),double_divide(X14,double_divide(inverse(X7),X14))))) [superposition 71,63]
15628. inverse(double_divide(inverse(double_divide(X0,X1)),double_divide(X2,double_divide(inverse(X3),X2)))) = inverse(double_divide(inverse(double_divide(inverse(inverse(X0)),double_divide(X4,inverse(double_divide(inverse(double_divide(X3,double_divide(X5,X1))),double_divide(X6,double_divide(X5,X6))))))),double_divide(X7,double_divide(X4,X7)))) [superposition 26,63]
15687. double_divide(inverse(double_divide(X4,inverse(double_divide(inverse(double_divide(X0,X1)),double_divide(X2,double_divide(inverse(X3),X2)))))),double_divide(X9,double_divide(X5,X9))) = inverse(double_divide(inverse(X10),inverse(double_divide(inverse(double_divide(X10,inverse(double_divide(inverse(double_divide(inverse(X5),inverse(double_divide(inverse(double_divide(X3,double_divide(X6,X1))),double_divide(X7,double_divide(X6,X7)))))),double_divide(X8,double_divide(inverse(X0),X8)))))),double_divide(X11,double_divide(inverse(X4),X11)))))) [superposition 59,63]
15703. double_divide(X4,double_divide(inverse(double_divide(inverse(double_divide(inverse(X5),inverse(double_divide(inverse(double_divide(X3,double_divide(X6,X1))),double_divide(X7,double_divide(X6,X7)))))),double_divide(X8,double_divide(inverse(X0),X8)))),X4)) = double_divide(inverse(double_divide(inverse(double_divide(X0,X1)),double_divide(X2,double_divide(inverse(X3),X2)))),double_divide(X9,double_divide(X5,X9))) [superposition 203,63]
15731. inverse(double_divide(inverse(double_divide(inverse(X4),double_divide(X5,inverse(double_divide(inverse(double_divide(inverse(inverse(X6)),inverse(double_divide(inverse(double_divide(X3,double_divide(X7,X1))),double_divide(X8,double_divide(X7,X8)))))),double_divide(X9,double_divide(inverse(X0),X9))))))),double_divide(X10,double_divide(X5,X10)))) = double_divide(X6,inverse(double_divide(inverse(inverse(double_divide(inverse(double_divide(X0,X1)),double_divide(X2,double_divide(inverse(X3),X2))))),double_divide(X11,double_divide(X4,X11))))) [superposition 26,63]
15774. inverse(double_divide(inverse(double_divide(inverse(X4),double_divide(X5,inverse(double_divide(inverse(double_divide(inverse(inverse(X6)),inverse(double_divide(inverse(double_divide(X3,double_divide(X7,X1))),double_divide(X8,double_divide(X7,X8)))))),double_divide(X9,double_divide(inverse(X0),X9))))))),double_divide(X10,double_divide(X5,X10)))) = inverse(double_divide(inverse(X4),inverse(double_divide(inverse(inverse(inverse(double_divide(inverse(double_divide(X0,X1)),double_divide(X2,double_divide(inverse(X3),X2)))))),inverse(X6))))) [forward demodulation 15731,14669]
15802. double_divide(X4,double_divide(inverse(double_divide(inverse(double_divide(inverse(X5),inverse(double_divide(inverse(double_divide(X3,double_divide(X6,X1))),double_divide(X7,double_divide(X6,X7)))))),double_divide(X8,double_divide(inverse(X0),X8)))),X4)) = double_divide(inverse(double_divide(X0,X1)),inverse(double_divide(double_divide(X2,double_divide(inverse(X3),X2)),double_divide(X9,double_divide(X5,X9))))) [forward demodulation 15703,15021]
15817. double_divide(inverse(double_divide(X4,inverse(double_divide(inverse(double_divide(X0,X1)),double_divide(X2,double_divide(inverse(X3),X2)))))),double_divide(X9,double_divide(X5,X9))) = inverse(inverse(double_divide(inverse(inverse(X4)),inverse(inverse(double_divide(inverse(double_divide(inverse(X5),inverse(double_divide(inverse(double_divide(X3,double_divide(X6,X1))),double_divide(X7,double_divide(X6,X7)))))),double_divide(X8,double_divide(inverse(X0),X8)))))))) [forward demodulation 15687,13093]
15867. inverse(double_divide(inverse(double_divide(X0,X1)),double_divide(X2,double_divide(inverse(X3),X2)))) = inverse(double_divide(inverse(inverse(X0)),inverse(inverse(double_divide(inverse(double_divide(X3,double_divide(X5,X1))),double_divide(X6,double_divide(X5,X6))))))) [forward demodulation 15628,13131]
15881. inverse(double_divide(inverse(double_divide(X7,double_divide(X8,inverse(double_divide(inverse(double_divide(X9,double_divide(X10,double_divide(inverse(double_divide(X6,X3)),double_divide(X11,double_divide(inverse(X1),X11)))))),double_divide(X12,double_divide(X10,X12))))))),double_divide(X13,double_divide(X8,X13)))) = inverse(double_divide(inverse(inverse(X7)),inverse(double_divide(inverse(double_divide(X0,inverse(double_divide(inverse(double_divide(inverse(X0),inverse(double_divide(inverse(double_divide(X1,double_divide(X2,X3))),double_divide(X4,double_divide(X2,X4)))))),double_divide(X5,double_divide(inverse(X6),X5)))))),inverse(X9))))) [forward demodulation 15610,14669]
15899. inverse(double_divide(inverse(double_divide(double_divide(inverse(double_divide(X6,X3)),double_divide(X7,double_divide(inverse(X1),X7))),X8)),double_divide(X9,double_divide(X10,X9)))) = inverse(double_divide(inverse(double_divide(X0,inverse(double_divide(inverse(double_divide(inverse(X0),inverse(double_divide(inverse(double_divide(X1,double_divide(X2,X3))),double_divide(X4,double_divide(X2,X4)))))),double_divide(X5,double_divide(inverse(X6),X5)))))),inverse(inverse(double_divide(inverse(double_divide(inverse(X10),double_divide(X12,X8))),double_divide(X13,double_divide(X12,X13))))))) [forward demodulation 15589,13093]
15900. inverse(double_divide(inverse(double_divide(double_divide(X0,inverse(double_divide(inverse(double_divide(inverse(X0),inverse(double_divide(inverse(double_divide(X1,double_divide(X2,X3))),double_divide(X4,double_divide(X2,X4)))))),double_divide(X5,double_divide(inverse(X6),X5))))),double_divide(X8,X9))),double_divide(X10,double_divide(X8,X10)))) = inverse(double_divide(inverse(double_divide(inverse(double_divide(X6,X3)),double_divide(X7,double_divide(inverse(X1),X7)))),inverse(X9))) [forward demodulation 15588,13093]
15928. double_divide(inverse(X10),inverse(double_divide(inverse(double_divide(X10,inverse(double_divide(inverse(double_divide(inverse(X9),double_divide(X11,double_divide(X7,double_divide(inverse(X1),X7))))),double_divide(X12,double_divide(X11,X12)))))),double_divide(X13,double_divide(inverse(inverse(double_divide(X6,X3))),X13))))) = inverse(double_divide(double_divide(X0,inverse(double_divide(inverse(double_divide(inverse(X0),inverse(double_divide(inverse(double_divide(X1,double_divide(X2,X3))),double_divide(X4,double_divide(X2,X4)))))),double_divide(X5,double_divide(inverse(X6),X5))))),X9)) [forward demodulation 15560,14981]
15932. double_divide(inverse(X1),inverse(X7)) = double_divide(inverse(inverse(double_divide(X6,X3))),inverse(double_divide(double_divide(X0,inverse(double_divide(inverse(double_divide(inverse(X0),inverse(double_divide(inverse(double_divide(X1,double_divide(X2,X3))),double_divide(X4,double_divide(X2,X4)))))),double_divide(X5,double_divide(inverse(X6),X5))))),double_divide(inverse(double_divide(inverse(inverse(X7)),inverse(X9))),X9)))) [forward demodulation 15556,13093]
15933. double_divide(inverse(double_divide(X6,X3)),inverse(double_divide(inverse(double_divide(inverse(X1),X9)),double_divide(X12,double_divide(inverse(X7),X12))))) = inverse(double_divide(X7,inverse(inverse(double_divide(double_divide(X0,inverse(double_divide(inverse(double_divide(inverse(X0),inverse(double_divide(inverse(double_divide(X1,double_divide(X2,X3))),double_divide(X4,double_divide(X2,X4)))))),double_divide(X5,double_divide(inverse(X6),X5))))),double_divide(X10,double_divide(X9,X10))))))) [forward demodulation 15555,13131]
15934. double_divide(double_divide(X0,inverse(double_divide(inverse(double_divide(inverse(X0),inverse(double_divide(inverse(double_divide(X1,double_divide(X2,X3))),double_divide(X4,double_divide(X2,X4)))))),double_divide(X5,double_divide(inverse(X6),X5))))),double_divide(X8,double_divide(X7,X8))) = inverse(inverse(double_divide(inverse(inverse(inverse(double_divide(X6,X3)))),inverse(double_divide(inverse(X1),X7))))) [forward demodulation 15554,13093]
15935. inverse(double_divide(inverse(double_divide(inverse(double_divide(X6,X3)),double_divide(X7,double_divide(inverse(X1),X8)))),double_divide(X9,double_divide(X7,X9)))) = inverse(double_divide(double_divide(X0,inverse(double_divide(inverse(double_divide(inverse(X0),inverse(double_divide(inverse(double_divide(X1,double_divide(X2,X3))),double_divide(X4,double_divide(X2,X4)))))),double_divide(X5,double_divide(inverse(X6),X5))))),X8)) [forward demodulation 15553,14981]
15963. inverse(double_divide(inverse(double_divide(X1,double_divide(X7,inverse(double_divide(inverse(double_divide(X8,double_divide(X9,double_divide(X6,X3)))),double_divide(X10,double_divide(X9,X10))))))),double_divide(X11,double_divide(X7,X11)))) = double_divide(X8,inverse(double_divide(inverse(inverse(X6)),inverse(inverse(double_divide(inverse(double_divide(X1,double_divide(X2,X3))),double_divide(X4,double_divide(X2,X4)))))))) [forward demodulation 15525,13096]
15964. inverse(double_divide(inverse(double_divide(X1,double_divide(X7,inverse(double_divide(inverse(double_divide(inverse(X8),double_divide(X9,double_divide(X6,X3)))),double_divide(X10,double_divide(X9,X10))))))),double_divide(X11,double_divide(X7,X11)))) = double_divide(inverse(X8),inverse(double_divide(inverse(inverse(X6)),inverse(inverse(double_divide(inverse(double_divide(X1,double_divide(X2,X3))),double_divide(X4,double_divide(X2,X4)))))))) [forward demodulation 15524,13096]
15968. inverse(double_divide(inverse(double_divide(X1,double_divide(X7,X3))),double_divide(X8,double_divide(X7,X8)))) = double_divide(X6,inverse(double_divide(inverse(inverse(inverse(X6))),inverse(inverse(double_divide(inverse(double_divide(X1,double_divide(X2,X3))),double_divide(X4,double_divide(X2,X4)))))))) [forward demodulation 15520,13096]
15990. double_divide(X7,inverse(double_divide(inverse(X7),inverse(double_divide(double_divide(X6,X8),double_divide(double_divide(X0,inverse(double_divide(inverse(double_divide(inverse(X0),inverse(double_divide(inverse(double_divide(X1,double_divide(X2,double_divide(inverse(X1),X3)))),double_divide(X4,double_divide(X2,X4)))))),double_divide(X5,double_divide(inverse(inverse(X6)),X5))))),X3)))))) = X8 [forward demodulation 15498,15021]
16063. inverse(double_divide(inverse(double_divide(double_divide(X1,double_divide(inverse(X0),X1)),X2)),double_divide(X3,double_divide(inverse(X4),X3)))) = inverse(double_divide(inverse(X0),inverse(inverse(double_divide(inverse(double_divide(X4,double_divide(X6,X2))),double_divide(X7,double_divide(X6,X7))))))) [forward demodulation 15415,13096]
16082. inverse(double_divide(inverse(double_divide(double_divide(inverse(double_divide(X3,double_divide(X4,X1))),double_divide(X5,double_divide(X4,X5))),X6)),double_divide(X7,double_divide(inverse(X8),X7)))) = inverse(double_divide(inverse(double_divide(X0,inverse(double_divide(inverse(double_divide(inverse(X0),X1)),double_divide(X2,double_divide(inverse(X3),X2)))))),inverse(inverse(double_divide(inverse(double_divide(X8,double_divide(X10,X6))),double_divide(X11,double_divide(X10,X11))))))) [forward demodulation 15396,13096]
16094. inverse(double_divide(inverse(double_divide(X1,X2)),double_divide(X3,double_divide(inverse(X2),X3)))) = inverse(double_divide(inverse(inverse(X1)),inverse(double_divide(inverse(inverse(inverse(inverse(X0)))),inverse(X0))))) [forward demodulation 15383,14669]
16102. inverse(double_divide(inverse(double_divide(X4,inverse(double_divide(inverse(double_divide(X0,double_divide(X5,X1))),double_divide(X6,double_divide(X5,X6)))))),double_divide(X7,double_divide(inverse(X3),X7)))) = inverse(double_divide(inverse(inverse(X4)),inverse(double_divide(X0,inverse(double_divide(inverse(X1),double_divide(X2,double_divide(inverse(X3),X2)))))))) [forward demodulation 15374,13096]
16110. inverse(double_divide(inverse(double_divide(X2,X3)),double_divide(X4,double_divide(inverse(X5),X4)))) = inverse(double_divide(inverse(inverse(X2)),inverse(inverse(double_divide(inverse(double_divide(X5,double_divide(X1,X3))),inverse(inverse(double_divide(X0,double_divide(X1,X0))))))))) [forward demodulation 15355,13096]
16140. inverse(double_divide(inverse(double_divide(X2,X3)),double_divide(X4,double_divide(inverse(X5),X4)))) = inverse(double_divide(inverse(inverse(X2)),inverse(inverse(double_divide(inverse(double_divide(X5,double_divide(double_divide(X7,inverse(double_divide(X8,double_divide(X7,X8)))),X3))),double_divide(inverse(X1),double_divide(X0,double_divide(X1,X0)))))))) [forward demodulation 15322,13096]
16175. inverse(double_divide(inverse(double_divide(X2,double_divide(X3,X4))),double_divide(X5,double_divide(inverse(inverse(double_divide(X1,double_divide(X3,double_divide(X6,double_divide(X0,X6)))))),X5)))) = inverse(double_divide(inverse(inverse(X2)),inverse(inverse(double_divide(double_divide(X0,inverse(X1)),double_divide(X8,double_divide(X4,X8))))))) [forward demodulation 15285,13096]
16177. inverse(double_divide(inverse(double_divide(X4,double_divide(X5,X6))),double_divide(X7,double_divide(inverse(inverse(double_divide(X3,double_divide(X5,X1)))),X7)))) = inverse(double_divide(inverse(inverse(X4)),inverse(inverse(double_divide(double_divide(inverse(X0),inverse(double_divide(inverse(double_divide(X0,X1)),double_divide(X2,double_divide(inverse(X3),X2))))),double_divide(X9,double_divide(X6,X9))))))) [forward demodulation 15283,13096]
16178. inverse(double_divide(inverse(double_divide(X4,double_divide(X5,X6))),double_divide(X7,double_divide(inverse(inverse(double_divide(X0,double_divide(X5,X2)))),X7)))) = inverse(double_divide(inverse(inverse(X4)),inverse(inverse(double_divide(inverse(double_divide(inverse(double_divide(X0,double_divide(X1,X2))),double_divide(X3,double_divide(X1,X3)))),double_divide(X9,double_divide(X6,X9))))))) [forward demodulation 15282,13096]
16181. inverse(double_divide(inverse(double_divide(X6,double_divide(X7,X8))),double_divide(X9,double_divide(inverse(inverse(double_divide(X2,double_divide(X7,X1)))),X9)))) = inverse(double_divide(inverse(inverse(X6)),inverse(inverse(double_divide(double_divide(inverse(X0),inverse(double_divide(inverse(double_divide(X0,X1)),double_divide(inverse(double_divide(inverse(double_divide(X2,double_divide(X3,X4))),double_divide(X5,double_divide(X3,X5)))),X4)))),double_divide(X11,double_divide(X8,X11))))))) [forward demodulation 15279,13096]
16186. inverse(double_divide(inverse(double_divide(X4,double_divide(X5,X6))),double_divide(X7,double_divide(inverse(inverse(double_divide(X3,double_divide(X5,X1)))),X7)))) = inverse(double_divide(inverse(inverse(X4)),inverse(inverse(double_divide(inverse(inverse(double_divide(inverse(X0),inverse(double_divide(inverse(double_divide(X0,X1)),double_divide(X2,double_divide(inverse(X3),X2))))))),double_divide(X9,double_divide(X6,X9))))))) [forward demodulation 15274,13096]
16192. inverse(double_divide(inverse(double_divide(X1,inverse(double_divide(inverse(double_divide(inverse(X2),X0)),double_divide(X3,double_divide(X4,X3)))))),double_divide(X5,double_divide(inverse(X4),X5)))) = inverse(double_divide(inverse(inverse(X1)),inverse(inverse(double_divide(inverse(X0),double_divide(X7,double_divide(X2,X7))))))) [forward demodulation 15268,13096]
16194. inverse(double_divide(inverse(double_divide(X3,double_divide(X2,X4))),double_divide(X5,double_divide(inverse(X0),X5)))) = inverse(double_divide(inverse(inverse(X3)),inverse(inverse(double_divide(inverse(double_divide(X0,double_divide(inverse(X1),double_divide(X2,inverse(X1))))),double_divide(X7,double_divide(X4,X7))))))) [forward demodulation 15266,13096]
16201. inverse(double_divide(inverse(double_divide(X3,X4)),double_divide(X5,double_divide(inverse(X4),X5)))) = inverse(double_divide(inverse(inverse(X3)),inverse(inverse(double_divide(inverse(double_divide(double_divide(X0,inverse(double_divide(X1,double_divide(X0,X1)))),X2)),double_divide(X7,double_divide(inverse(X2),X7))))))) [forward demodulation 15259,13096]
16225. inverse(double_divide(inverse(double_divide(X2,inverse(X1))),double_divide(X3,double_divide(inverse(X4),X3)))) = inverse(double_divide(inverse(inverse(X2)),inverse(inverse(double_divide(inverse(double_divide(X4,double_divide(X0,double_divide(X1,X0)))),double_divide(X8,double_divide(double_divide(X6,inverse(double_divide(X7,double_divide(X6,X7)))),X8))))))) [forward demodulation 15234,13096]
16226. inverse(double_divide(inverse(double_divide(X2,inverse(double_divide(double_divide(inverse(X3),inverse(double_divide(inverse(double_divide(X3,X4)),double_divide(X5,double_divide(inverse(X6),X5))))),double_divide(X7,double_divide(X1,X7)))))),double_divide(X8,double_divide(inverse(X9),X8)))) = inverse(double_divide(inverse(inverse(X2)),inverse(inverse(double_divide(inverse(double_divide(X9,double_divide(X0,X1))),double_divide(X11,double_divide(double_divide(X6,double_divide(X0,X4)),X11))))))) [forward demodulation 15233,13096]
16272. double_divide(X0,inverse(double_divide(inverse(X1),double_divide(X2,double_divide(inverse(X3),X2))))) = inverse(double_divide(inverse(inverse(X3)),inverse(inverse(double_divide(inverse(double_divide(X4,double_divide(X9,double_divide(inverse(X4),inverse(double_divide(inverse(double_divide(X0,double_divide(X5,X1))),double_divide(X6,double_divide(X5,X6)))))))),double_divide(X10,double_divide(X9,X10))))))) [forward demodulation 15182,13096]
16310. inverse(double_divide(inverse(double_divide(X4,X5)),double_divide(double_divide(X6,double_divide(X7,X6)),inverse(double_divide(inverse(X0),inverse(double_divide(inverse(double_divide(X0,X1)),double_divide(X2,double_divide(inverse(X3),X2))))))))) = inverse(double_divide(inverse(inverse(X4)),inverse(inverse(double_divide(inverse(double_divide(double_divide(X3,double_divide(X7,X1)),double_divide(X9,X5))),double_divide(X10,double_divide(X9,X10))))))) [forward demodulation 15137,13096]
16341. double_divide(X11,inverse(double_divide(inverse(double_divide(inverse(X11),inverse(double_divide(inverse(double_divide(double_divide(inverse(double_divide(X6,X3)),double_divide(X10,double_divide(inverse(X1),X10))),double_divide(X12,X8))),double_divide(X13,double_divide(X12,X13)))))),double_divide(X14,double_divide(inverse(X7),X14))))) = inverse(double_divide(inverse(double_divide(X7,X8)),double_divide(X0,inverse(double_divide(inverse(double_divide(inverse(X0),inverse(double_divide(inverse(double_divide(X1,double_divide(X2,X3))),double_divide(X4,double_divide(X2,X4)))))),double_divide(X5,double_divide(inverse(X6),X5))))))) [forward demodulation 15105,14981]
16342. inverse(double_divide(inverse(double_divide(X7,X8)),double_divide(X9,double_divide(double_divide(inverse(X0),inverse(double_divide(inverse(double_divide(X0,inverse(double_divide(inverse(double_divide(inverse(X1),double_divide(X2,X3))),double_divide(X4,double_divide(X2,X4)))))),double_divide(X5,double_divide(inverse(X6),X5))))),X9)))) = inverse(double_divide(inverse(inverse(X7)),inverse(inverse(double_divide(inverse(double_divide(double_divide(inverse(double_divide(X6,X3)),double_divide(X10,double_divide(X1,X10))),double_divide(X12,X8))),double_divide(X13,double_divide(X12,X13))))))) [forward demodulation 15104,13096]
16344. inverse(double_divide(inverse(double_divide(X4,X5)),double_divide(X6,double_divide(double_divide(X0,inverse(double_divide(inverse(double_divide(inverse(X0),X1)),double_divide(X2,double_divide(X3,X2))))),X6)))) = inverse(double_divide(inverse(inverse(X4)),inverse(inverse(double_divide(inverse(double_divide(double_divide(inverse(double_divide(inverse(X3),double_divide(X7,X1))),double_divide(X8,double_divide(X7,X8))),double_divide(X10,X5))),double_divide(X11,double_divide(X10,X11))))))) [forward demodulation 15102,13096]
16346. inverse(double_divide(inverse(double_divide(X4,X5)),double_divide(X6,double_divide(double_divide(inverse(X0),inverse(double_divide(inverse(X1),double_divide(X2,double_divide(inverse(X3),X2))))),X6)))) = inverse(double_divide(inverse(inverse(X4)),inverse(inverse(double_divide(inverse(double_divide(double_divide(inverse(double_divide(X3,double_divide(X7,inverse(double_divide(inverse(double_divide(inverse(X0),double_divide(X8,X1))),double_divide(X9,double_divide(X8,X9))))))),double_divide(X10,double_divide(X7,X10))),double_divide(X12,X5))),double_divide(X13,double_divide(X12,X13))))))) [forward demodulation 15100,13096]
16356. inverse(double_divide(inverse(double_divide(X0,double_divide(X1,X0))),double_divide(X4,double_divide(inverse(X5),X4)))) = inverse(double_divide(inverse(inverse(double_divide(X2,X1))),inverse(inverse(double_divide(inverse(double_divide(X5,double_divide(X7,double_divide(X3,double_divide(X2,X3))))),double_divide(X8,double_divide(X7,X8))))))) [forward demodulation 15089,13096]
16361. inverse(double_divide(inverse(double_divide(double_divide(X0,X1),double_divide(X2,double_divide(X0,X2)))),double_divide(X4,double_divide(inverse(X5),X4)))) = inverse(double_divide(inverse(inverse(X3)),inverse(inverse(double_divide(inverse(double_divide(X5,double_divide(X7,double_divide(X1,X3)))),double_divide(X8,double_divide(X7,X8))))))) [forward demodulation 15084,13096]
16397. inverse(double_divide(inverse(double_divide(double_divide(X0,inverse(double_divide(X1,double_divide(X0,X1)))),X2)),double_divide(X4,double_divide(inverse(X5),X4)))) = inverse(double_divide(inverse(inverse(X3)),inverse(inverse(double_divide(inverse(double_divide(X5,double_divide(X7,double_divide(inverse(X2),X3)))),double_divide(X8,double_divide(X7,X8))))))) [forward demodulation 15048,13096]
16442. inverse(double_divide(inverse(double_divide(inverse(X4),double_divide(X5,inverse(double_divide(inverse(double_divide(inverse(inverse(X6)),inverse(double_divide(inverse(double_divide(X3,double_divide(X7,X1))),double_divide(X8,double_divide(X7,X8)))))),double_divide(X9,double_divide(inverse(X0),X9))))))),double_divide(X10,double_divide(X5,X10)))) = double_divide(X6,inverse(double_divide(inverse(inverse(double_divide(inverse(double_divide(X0,X1)),double_divide(X2,double_divide(inverse(X3),X2))))),inverse(inverse(X4))))) [forward demodulation 15774,14805]
16470. double_divide(X4,double_divide(inverse(double_divide(inverse(double_divide(inverse(X5),inverse(double_divide(inverse(double_divide(X3,double_divide(X6,X1))),double_divide(X7,double_divide(X6,X7)))))),double_divide(X8,double_divide(inverse(X0),X8)))),X4)) = double_divide(X0,inverse(double_divide(X1,inverse(double_divide(double_divide(X2,double_divide(inverse(X3),X2)),double_divide(X9,double_divide(X5,X9))))))) [forward demodulation 15802,15021]
16485. double_divide(inverse(double_divide(X4,inverse(double_divide(inverse(double_divide(X0,X1)),double_divide(X2,double_divide(inverse(X3),X2)))))),double_divide(X9,double_divide(X5,X9))) = double_divide(inverse(inverse(X4)),inverse(inverse(double_divide(inverse(double_divide(inverse(X5),inverse(double_divide(inverse(double_divide(X3,double_divide(X6,X1))),double_divide(X7,double_divide(X6,X7)))))),double_divide(X8,double_divide(inverse(X0),X8)))))) [forward demodulation 15817,6]
16535. inverse(double_divide(inverse(double_divide(X0,X1)),double_divide(X2,double_divide(inverse(X3),X2)))) = inverse(double_divide(inverse(inverse(X0)),double_divide(inverse(double_divide(X3,double_divide(X5,X1))),double_divide(X6,double_divide(X5,X6))))) [forward demodulation 15867,6]
16549. inverse(double_divide(inverse(double_divide(X7,double_divide(X8,inverse(double_divide(inverse(double_divide(X9,double_divide(X10,double_divide(inverse(double_divide(X6,X3)),double_divide(X11,double_divide(inverse(X1),X11)))))),double_divide(X12,double_divide(X10,X12))))))),double_divide(X13,double_divide(X8,X13)))) = double_divide(X9,inverse(double_divide(double_divide(X0,inverse(double_divide(inverse(double_divide(inverse(X0),inverse(double_divide(inverse(double_divide(X1,double_divide(X2,X3))),double_divide(X4,double_divide(X2,X4)))))),double_divide(X5,double_divide(inverse(X6),X5))))),inverse(inverse(inverse(X7)))))) [forward demodulation 15881,14805]
16567. inverse(double_divide(inverse(double_divide(double_divide(inverse(double_divide(X6,X3)),double_divide(X7,double_divide(inverse(X1),X7))),X8)),double_divide(X9,double_divide(X10,X9)))) = inverse(double_divide(X0,double_divide(inverse(double_divide(inverse(double_divide(inverse(X10),double_divide(X12,X8))),double_divide(X13,double_divide(X12,X13)))),inverse(inverse(double_divide(inverse(double_divide(inverse(X0),inverse(double_divide(inverse(double_divide(X1,double_divide(X2,X3))),double_divide(X4,double_divide(X2,X4)))))),double_divide(X5,double_divide(inverse(X6),X5)))))))) [forward demodulation 15899,14997]
16568. inverse(double_divide(inverse(double_divide(double_divide(X0,inverse(double_divide(inverse(double_divide(inverse(X0),inverse(double_divide(inverse(double_divide(X1,double_divide(X2,X3))),double_divide(X4,double_divide(X2,X4)))))),double_divide(X5,double_divide(inverse(X6),X5))))),double_divide(X8,X9))),double_divide(X10,double_divide(X8,X10)))) = inverse(double_divide(inverse(double_divide(X6,X3)),double_divide(X9,inverse(double_divide(X7,double_divide(inverse(X1),X7)))))) [forward demodulation 15900,14997]
16596. double_divide(inverse(X10),inverse(double_divide(inverse(double_divide(X10,inverse(double_divide(inverse(double_divide(inverse(X9),double_divide(X11,double_divide(X7,double_divide(inverse(X1),X7))))),double_divide(X12,double_divide(X11,X12)))))),double_divide(X13,double_divide(inverse(inverse(double_divide(X6,X3))),X13))))) = inverse(double_divide(inverse(double_divide(inverse(inverse(X6)),inverse(inverse(double_divide(inverse(double_divide(X1,double_divide(X2,X3))),double_divide(X4,double_divide(X2,X4))))))),X9)) [forward demodulation 15928,13096]
16600. double_divide(inverse(X1),inverse(X7)) = inverse(double_divide(inverse(inverse(X7)),inverse(double_divide(inverse(double_divide(X0,inverse(double_divide(inverse(double_divide(inverse(X0),inverse(double_divide(inverse(double_divide(X1,double_divide(X2,X3))),double_divide(X4,double_divide(X2,X4)))))),double_divide(X5,double_divide(inverse(X6),X5)))))),inverse(double_divide(X6,X3)))))) [forward demodulation 15932,14814]
16601. double_divide(inverse(double_divide(X6,X3)),inverse(double_divide(inverse(double_divide(inverse(X1),X9)),double_divide(X12,double_divide(inverse(X7),X12))))) = inverse(double_divide(X7,double_divide(double_divide(X0,inverse(double_divide(inverse(double_divide(inverse(X0),inverse(double_divide(inverse(double_divide(X1,double_divide(X2,X3))),double_divide(X4,double_divide(X2,X4)))))),double_divide(X5,double_divide(inverse(X6),X5))))),double_divide(X10,double_divide(X9,X10))))) [forward demodulation 15933,6]
16602. double_divide(double_divide(X0,inverse(double_divide(inverse(double_divide(inverse(X0),inverse(double_divide(inverse(double_divide(X1,double_divide(X2,X3))),double_divide(X4,double_divide(X2,X4)))))),double_divide(X5,double_divide(inverse(X6),X5))))),double_divide(X8,double_divide(X7,X8))) = double_divide(inverse(inverse(inverse(double_divide(X6,X3)))),inverse(double_divide(inverse(X1),X7))) [forward demodulation 15934,6]
16603. inverse(double_divide(inverse(double_divide(inverse(double_divide(X6,X3)),double_divide(X7,double_divide(inverse(X1),X8)))),double_divide(X9,double_divide(X7,X9)))) = inverse(double_divide(inverse(double_divide(inverse(inverse(X6)),inverse(inverse(double_divide(inverse(double_divide(X1,double_divide(X2,X3))),double_divide(X4,double_divide(X2,X4))))))),X8)) [forward demodulation 15935,13096]
16631. inverse(double_divide(inverse(double_divide(X1,double_divide(X7,inverse(double_divide(inverse(double_divide(X8,double_divide(X9,double_divide(X6,X3)))),double_divide(X10,double_divide(X9,X10))))))),double_divide(X11,double_divide(X7,X11)))) = double_divide(X8,inverse(double_divide(inverse(inverse(X6)),double_divide(inverse(double_divide(X1,double_divide(X2,X3))),double_divide(X4,double_divide(X2,X4)))))) [forward demodulation 15963,6]
16632. inverse(double_divide(inverse(double_divide(X1,double_divide(X7,inverse(double_divide(inverse(double_divide(inverse(X8),double_divide(X9,double_divide(X6,X3)))),double_divide(X10,double_divide(X9,X10))))))),double_divide(X11,double_divide(X7,X11)))) = inverse(double_divide(inverse(double_divide(inverse(double_divide(X1,double_divide(X2,X3))),double_divide(X4,double_divide(X2,X4)))),inverse(double_divide(inverse(inverse(inverse(X6))),X8)))) [forward demodulation 15964,14820]
16635. inverse(double_divide(inverse(double_divide(X1,double_divide(X7,X3))),double_divide(X8,double_divide(X7,X8)))) = double_divide(X6,inverse(double_divide(inverse(inverse(inverse(X6))),double_divide(inverse(double_divide(X1,double_divide(X2,X3))),double_divide(X4,double_divide(X2,X4)))))) [forward demodulation 15968,6]
16651. double_divide(double_divide(X6,X8),double_divide(double_divide(X0,inverse(double_divide(inverse(double_divide(inverse(X0),inverse(double_divide(inverse(double_divide(X1,double_divide(X2,double_divide(inverse(X1),X3)))),double_divide(X4,double_divide(X2,X4)))))),double_divide(X5,double_divide(inverse(inverse(X6)),X5))))),X3)) = X8 [forward demodulation 15990,13097]
16723. inverse(double_divide(inverse(double_divide(double_divide(X1,double_divide(inverse(X0),X1)),X2)),double_divide(X3,double_divide(inverse(X4),X3)))) = inverse(double_divide(inverse(X0),double_divide(inverse(double_divide(X4,double_divide(X6,X2))),double_divide(X7,double_divide(X6,X7))))) [forward demodulation 16063,6]
16742. inverse(double_divide(inverse(double_divide(double_divide(inverse(double_divide(X3,double_divide(X4,X1))),double_divide(X5,double_divide(X4,X5))),X6)),double_divide(X7,double_divide(inverse(X8),X7)))) = inverse(double_divide(X0,double_divide(inverse(double_divide(inverse(double_divide(X8,double_divide(X10,X6))),double_divide(X11,double_divide(X10,X11)))),inverse(inverse(double_divide(inverse(double_divide(inverse(X0),X1)),double_divide(X2,double_divide(inverse(X3),X2)))))))) [forward demodulation 16082,14997]
16754. inverse(double_divide(inverse(double_divide(X1,X2)),double_divide(X3,double_divide(inverse(X2),X3)))) = double_divide(X0,inverse(double_divide(inverse(inverse(inverse(X0))),inverse(inverse(inverse(X1)))))) [forward demodulation 16094,14805]
16762. inverse(double_divide(inverse(double_divide(X4,inverse(double_divide(inverse(double_divide(X0,double_divide(X5,X1))),double_divide(X6,double_divide(X5,X6)))))),double_divide(X7,double_divide(inverse(X3),X7)))) = inverse(inverse(double_divide(double_divide(inverse(X1),double_divide(X2,double_divide(inverse(X3),X2))),inverse(double_divide(inverse(X0),inverse(X4)))))) [forward demodulation 16102,14820]
16770. inverse(double_divide(inverse(double_divide(X2,X3)),double_divide(X4,double_divide(inverse(X5),X4)))) = inverse(double_divide(inverse(inverse(X2)),double_divide(inverse(double_divide(X5,double_divide(X1,X3))),inverse(inverse(double_divide(X0,double_divide(X1,X0))))))) [forward demodulation 16110,6]
16800. inverse(double_divide(inverse(double_divide(X2,X3)),double_divide(X4,double_divide(inverse(X5),X4)))) = inverse(double_divide(inverse(inverse(X2)),double_divide(inverse(double_divide(X5,double_divide(double_divide(X7,inverse(double_divide(X8,double_divide(X7,X8)))),X3))),double_divide(inverse(X1),double_divide(X0,double_divide(X1,X0)))))) [forward demodulation 16140,6]
16835. inverse(double_divide(inverse(double_divide(X2,double_divide(X3,X4))),double_divide(X5,double_divide(inverse(inverse(double_divide(X1,double_divide(X3,double_divide(X6,double_divide(X0,X6)))))),X5)))) = inverse(double_divide(inverse(inverse(X2)),double_divide(double_divide(X0,inverse(X1)),double_divide(X8,double_divide(X4,X8))))) [forward demodulation 16175,6]
16837. inverse(double_divide(inverse(double_divide(X4,double_divide(X5,X6))),double_divide(X7,double_divide(inverse(inverse(double_divide(X3,double_divide(X5,X1)))),X7)))) = inverse(double_divide(inverse(inverse(X4)),double_divide(double_divide(inverse(X0),inverse(double_divide(inverse(double_divide(X0,X1)),double_divide(X2,double_divide(inverse(X3),X2))))),double_divide(X9,double_divide(X6,X9))))) [forward demodulation 16177,6]
16838. inverse(double_divide(inverse(double_divide(X4,double_divide(X5,X6))),double_divide(X7,double_divide(inverse(inverse(double_divide(X0,double_divide(X5,X2)))),X7)))) = inverse(double_divide(inverse(inverse(X4)),double_divide(inverse(double_divide(inverse(double_divide(X0,double_divide(X1,X2))),double_divide(X3,double_divide(X1,X3)))),double_divide(X9,double_divide(X6,X9))))) [forward demodulation 16178,6]
16841. inverse(double_divide(inverse(double_divide(X6,double_divide(X7,X8))),double_divide(X9,double_divide(inverse(inverse(double_divide(X2,double_divide(X7,X1)))),X9)))) = inverse(double_divide(inverse(inverse(X6)),double_divide(double_divide(inverse(X0),inverse(double_divide(inverse(double_divide(X0,X1)),double_divide(inverse(double_divide(inverse(double_divide(X2,double_divide(X3,X4))),double_divide(X5,double_divide(X3,X5)))),X4)))),double_divide(X11,double_divide(X8,X11))))) [forward demodulation 16181,6]
16846. inverse(double_divide(inverse(double_divide(X4,double_divide(X5,X6))),double_divide(X7,double_divide(inverse(inverse(double_divide(X3,double_divide(X5,X1)))),X7)))) = inverse(double_divide(inverse(inverse(X4)),double_divide(inverse(inverse(double_divide(inverse(X0),inverse(double_divide(inverse(double_divide(X0,X1)),double_divide(X2,double_divide(inverse(X3),X2))))))),double_divide(X9,double_divide(X6,X9))))) [forward demodulation 16186,6]
16852. inverse(double_divide(inverse(double_divide(X1,inverse(double_divide(inverse(double_divide(inverse(X2),X0)),double_divide(X3,double_divide(X4,X3)))))),double_divide(X5,double_divide(inverse(X4),X5)))) = inverse(double_divide(inverse(inverse(X1)),double_divide(inverse(X0),double_divide(X7,double_divide(X2,X7))))) [forward demodulation 16192,6]
16854. inverse(double_divide(inverse(double_divide(X3,double_divide(X2,X4))),double_divide(X5,double_divide(inverse(X0),X5)))) = inverse(double_divide(inverse(inverse(X3)),double_divide(inverse(double_divide(X0,double_divide(inverse(X1),double_divide(X2,inverse(X1))))),double_divide(X7,double_divide(X4,X7))))) [forward demodulation 16194,6]
16861. inverse(double_divide(inverse(double_divide(X3,X4)),double_divide(X5,double_divide(inverse(X4),X5)))) = inverse(double_divide(inverse(inverse(X3)),double_divide(inverse(double_divide(double_divide(X0,inverse(double_divide(X1,double_divide(X0,X1)))),X2)),double_divide(X7,double_divide(inverse(X2),X7))))) [forward demodulation 16201,6]
16885. inverse(double_divide(inverse(double_divide(X2,inverse(X1))),double_divide(X3,double_divide(inverse(X4),X3)))) = inverse(double_divide(inverse(inverse(X2)),double_divide(inverse(double_divide(X4,double_divide(X0,double_divide(X1,X0)))),double_divide(X8,double_divide(double_divide(X6,inverse(double_divide(X7,double_divide(X6,X7)))),X8))))) [forward demodulation 16225,6]
16886. inverse(double_divide(inverse(double_divide(X2,inverse(double_divide(double_divide(inverse(X3),inverse(double_divide(inverse(double_divide(X3,X4)),double_divide(X5,double_divide(inverse(X6),X5))))),double_divide(X7,double_divide(X1,X7)))))),double_divide(X8,double_divide(inverse(X9),X8)))) = inverse(double_divide(inverse(inverse(X2)),double_divide(inverse(double_divide(X9,double_divide(X0,X1))),double_divide(X11,double_divide(double_divide(X6,double_divide(X0,X4)),X11))))) [forward demodulation 16226,6]
16932. double_divide(X0,inverse(double_divide(inverse(X1),double_divide(X2,double_divide(inverse(X3),X2))))) = inverse(double_divide(inverse(inverse(X3)),double_divide(inverse(double_divide(X4,double_divide(X9,double_divide(inverse(X4),inverse(double_divide(inverse(double_divide(X0,double_divide(X5,X1))),double_divide(X6,double_divide(X5,X6)))))))),double_divide(X10,double_divide(X9,X10))))) [forward demodulation 16272,6]
16970. inverse(double_divide(inverse(double_divide(X4,X5)),double_divide(double_divide(X6,double_divide(X7,X6)),inverse(double_divide(inverse(X0),inverse(double_divide(inverse(double_divide(X0,X1)),double_divide(X2,double_divide(inverse(X3),X2))))))))) = inverse(double_divide(inverse(inverse(X4)),double_divide(inverse(double_divide(double_divide(X3,double_divide(X7,X1)),double_divide(X9,X5))),double_divide(X10,double_divide(X9,X10))))) [forward demodulation 16310,6]
17001. double_divide(X11,inverse(double_divide(inverse(double_divide(inverse(X11),inverse(double_divide(inverse(double_divide(double_divide(inverse(double_divide(X6,X3)),double_divide(X10,double_divide(inverse(X1),X10))),double_divide(X12,X8))),double_divide(X13,double_divide(X12,X13)))))),double_divide(X14,double_divide(inverse(X7),X14))))) = double_divide(X0,inverse(double_divide(inverse(double_divide(inverse(double_divide(inverse(X0),inverse(double_divide(inverse(double_divide(X1,double_divide(X2,X3))),double_divide(X4,double_divide(X2,X4)))))),double_divide(X5,double_divide(inverse(X6),X5)))),double_divide(X7,X8)))) [forward demodulation 16341,15006]
17002. inverse(double_divide(inverse(double_divide(X7,X8)),double_divide(X9,double_divide(double_divide(inverse(X0),inverse(double_divide(inverse(double_divide(X0,inverse(double_divide(inverse(double_divide(inverse(X1),double_divide(X2,X3))),double_divide(X4,double_divide(X2,X4)))))),double_divide(X5,double_divide(inverse(X6),X5))))),X9)))) = inverse(double_divide(inverse(inverse(X7)),double_divide(inverse(double_divide(double_divide(inverse(double_divide(X6,X3)),double_divide(X10,double_divide(X1,X10))),double_divide(X12,X8))),double_divide(X13,double_divide(X12,X13))))) [forward demodulation 16342,6]
17004. inverse(double_divide(inverse(double_divide(X4,X5)),double_divide(X6,double_divide(double_divide(X0,inverse(double_divide(inverse(double_divide(inverse(X0),X1)),double_divide(X2,double_divide(X3,X2))))),X6)))) = inverse(double_divide(inverse(inverse(X4)),double_divide(inverse(double_divide(double_divide(inverse(double_divide(inverse(X3),double_divide(X7,X1))),double_divide(X8,double_divide(X7,X8))),double_divide(X10,X5))),double_divide(X11,double_divide(X10,X11))))) [forward demodulation 16344,6]
17006. inverse(double_divide(inverse(double_divide(X4,X5)),double_divide(X6,double_divide(double_divide(inverse(X0),inverse(double_divide(inverse(X1),double_divide(X2,double_divide(inverse(X3),X2))))),X6)))) = inverse(double_divide(inverse(inverse(X4)),double_divide(inverse(double_divide(double_divide(inverse(double_divide(X3,double_divide(X7,inverse(double_divide(inverse(double_divide(inverse(X0),double_divide(X8,X1))),double_divide(X9,double_divide(X8,X9))))))),double_divide(X10,double_divide(X7,X10))),double_divide(X12,X5))),double_divide(X13,double_divide(X12,X13))))) [forward demodulation 16346,6]
17016. inverse(double_divide(inverse(double_divide(X0,double_divide(X1,X0))),double_divide(X4,double_divide(inverse(X5),X4)))) = inverse(double_divide(inverse(inverse(double_divide(X2,X1))),double_divide(inverse(double_divide(X5,double_divide(X7,double_divide(X3,double_divide(X2,X3))))),double_divide(X8,double_divide(X7,X8))))) [forward demodulation 16356,6]
17021. inverse(double_divide(inverse(double_divide(double_divide(X0,X1),double_divide(X2,double_divide(X0,X2)))),double_divide(X4,double_divide(inverse(X5),X4)))) = inverse(double_divide(inverse(inverse(X3)),double_divide(inverse(double_divide(X5,double_divide(X7,double_divide(X1,X3)))),double_divide(X8,double_divide(X7,X8))))) [forward demodulation 16361,6]
17057. inverse(double_divide(inverse(double_divide(double_divide(X0,inverse(double_divide(X1,double_divide(X0,X1)))),X2)),double_divide(X4,double_divide(inverse(X5),X4)))) = inverse(double_divide(inverse(inverse(X3)),double_divide(inverse(double_divide(X5,double_divide(X7,double_divide(inverse(X2),X3)))),double_divide(X8,double_divide(X7,X8))))) [forward demodulation 16397,6]
17102. inverse(double_divide(inverse(double_divide(inverse(X4),double_divide(X5,inverse(double_divide(inverse(double_divide(inverse(inverse(X6)),inverse(double_divide(inverse(double_divide(X3,double_divide(X7,X1))),double_divide(X8,double_divide(X7,X8)))))),double_divide(X9,double_divide(inverse(X0),X9))))))),double_divide(X10,double_divide(X5,X10)))) = double_divide(X6,inverse(double_divide(inverse(inverse(double_divide(inverse(double_divide(X0,X1)),double_divide(X2,double_divide(inverse(X3),X2))))),X4))) [forward demodulation 16442,6]
17130. double_divide(X4,double_divide(inverse(double_divide(inverse(double_divide(inverse(X5),inverse(double_divide(inverse(double_divide(X3,double_divide(X6,X1))),double_divide(X7,double_divide(X6,X7)))))),double_divide(X8,double_divide(inverse(X0),X8)))),X4)) = double_divide(X0,inverse(inverse(double_divide(inverse(X5),inverse(double_divide(inverse(double_divide(X2,double_divide(inverse(X3),X2))),inverse(X1))))))) [forward demodulation 16470,14669]
17145. double_divide(inverse(double_divide(X4,inverse(double_divide(inverse(double_divide(X0,X1)),double_divide(X2,double_divide(inverse(X3),X2)))))),double_divide(X9,double_divide(X5,X9))) = double_divide(inverse(inverse(X4)),double_divide(inverse(double_divide(inverse(X5),inverse(double_divide(inverse(double_divide(X3,double_divide(X6,X1))),double_divide(X7,double_divide(X6,X7)))))),double_divide(X8,double_divide(inverse(X0),X8)))) [forward demodulation 16485,6]
17195. inverse(double_divide(inverse(double_divide(X0,X1)),double_divide(X2,double_divide(inverse(X3),X2)))) = inverse(double_divide(inverse(inverse(X0)),double_divide(X3,inverse(X1)))) [forward demodulation 16535,14965]
17209. inverse(double_divide(inverse(double_divide(X7,double_divide(X8,inverse(double_divide(inverse(double_divide(X9,double_divide(X10,double_divide(inverse(double_divide(X6,X3)),double_divide(X11,double_divide(inverse(X1),X11)))))),double_divide(X12,double_divide(X10,X12))))))),double_divide(X13,double_divide(X8,X13)))) = double_divide(X9,inverse(double_divide(double_divide(X0,inverse(double_divide(inverse(double_divide(inverse(X0),inverse(double_divide(inverse(double_divide(X1,double_divide(X2,X3))),double_divide(X4,double_divide(X2,X4)))))),double_divide(X5,double_divide(inverse(X6),X5))))),inverse(X7)))) [forward demodulation 16549,6]
17227. inverse(double_divide(inverse(double_divide(double_divide(inverse(double_divide(X6,X3)),double_divide(X7,double_divide(inverse(X1),X7))),X8)),double_divide(X9,double_divide(X10,X9)))) = inverse(double_divide(inverse(double_divide(X0,inverse(double_divide(inverse(double_divide(inverse(X0),inverse(double_divide(inverse(double_divide(X1,double_divide(X2,X3))),double_divide(X4,double_divide(X2,X4)))))),double_divide(X5,double_divide(inverse(X6),X5)))))),double_divide(inverse(double_divide(inverse(X10),double_divide(X12,X8))),double_divide(X13,double_divide(X12,X13))))) [forward demodulation 16567,15012]
17228. inverse(double_divide(inverse(double_divide(double_divide(X0,inverse(double_divide(inverse(double_divide(inverse(X0),inverse(double_divide(inverse(double_divide(X1,double_divide(X2,X3))),double_divide(X4,double_divide(X2,X4)))))),double_divide(X5,double_divide(inverse(X6),X5))))),double_divide(X8,X9))),double_divide(X10,double_divide(X8,X10)))) = double_divide(X9,inverse(double_divide(inverse(double_divide(X7,double_divide(inverse(X1),X7))),double_divide(X6,X3)))) [forward demodulation 16568,15006]
17256. double_divide(inverse(X10),inverse(double_divide(inverse(double_divide(X10,inverse(double_divide(inverse(double_divide(inverse(X9),double_divide(X11,double_divide(X7,double_divide(inverse(X1),X7))))),double_divide(X12,double_divide(X11,X12)))))),double_divide(X13,double_divide(inverse(inverse(double_divide(X6,X3))),X13))))) = inverse(double_divide(inverse(inverse(X6)),inverse(double_divide(inverse(inverse(double_divide(inverse(double_divide(X1,double_divide(X2,X3))),double_divide(X4,double_divide(X2,X4))))),X9)))) [forward demodulation 16596,15021]
17260. double_divide(inverse(X1),inverse(X7)) = double_divide(double_divide(X6,X3),inverse(double_divide(double_divide(X0,inverse(double_divide(inverse(double_divide(inverse(X0),inverse(double_divide(inverse(double_divide(X1,double_divide(X2,X3))),double_divide(X4,double_divide(X2,X4)))))),double_divide(X5,double_divide(inverse(X6),X5))))),inverse(inverse(inverse(X7)))))) [forward demodulation 16600,14805]
17261. double_divide(inverse(double_divide(X6,X3)),inverse(double_divide(inverse(double_divide(inverse(X1),X9)),double_divide(X12,double_divide(inverse(X7),X12))))) = inverse(double_divide(X7,double_divide(double_divide(X0,inverse(double_divide(inverse(double_divide(inverse(X0),inverse(double_divide(inverse(double_divide(X1,double_divide(X2,X3))),double_divide(X4,double_divide(X2,X4)))))),double_divide(X5,double_divide(inverse(X6),X5))))),X9))) [forward demodulation 16601,15001]
17262. double_divide(double_divide(X0,inverse(double_divide(inverse(double_divide(inverse(X0),inverse(double_divide(inverse(double_divide(X1,double_divide(X2,X3))),double_divide(X4,double_divide(X2,X4)))))),double_divide(X5,double_divide(inverse(X6),X5))))),double_divide(X8,double_divide(X7,X8))) = double_divide(inverse(double_divide(X6,X3)),inverse(double_divide(inverse(X1),X7))) [forward demodulation 16602,6]
17263. inverse(double_divide(inverse(double_divide(inverse(double_divide(X6,X3)),double_divide(X7,double_divide(inverse(X1),X8)))),double_divide(X9,double_divide(X7,X9)))) = inverse(double_divide(inverse(inverse(X6)),inverse(double_divide(inverse(inverse(double_divide(inverse(double_divide(X1,double_divide(X2,X3))),double_divide(X4,double_divide(X2,X4))))),X8)))) [forward demodulation 16603,15021]
17291. inverse(double_divide(inverse(double_divide(X1,double_divide(X7,inverse(double_divide(inverse(double_divide(X8,double_divide(X9,double_divide(X6,X3)))),double_divide(X10,double_divide(X9,X10))))))),double_divide(X11,double_divide(X7,X11)))) = double_divide(X8,inverse(double_divide(inverse(inverse(X6)),double_divide(X1,inverse(X3))))) [forward demodulation 16631,14965]
17292. inverse(double_divide(inverse(double_divide(X1,double_divide(X7,inverse(double_divide(inverse(double_divide(inverse(X8),double_divide(X9,double_divide(X6,X3)))),double_divide(X10,double_divide(X9,X10))))))),double_divide(X11,double_divide(X7,X11)))) = inverse(double_divide(inverse(double_divide(X1,double_divide(X2,X3))),double_divide(double_divide(inverse(inverse(inverse(X6))),X8),inverse(double_divide(X4,double_divide(X2,X4)))))) [forward demodulation 16632,14997]
17295. inverse(double_divide(inverse(double_divide(X1,double_divide(X7,X3))),double_divide(X8,double_divide(X7,X8)))) = double_divide(X6,inverse(double_divide(inverse(inverse(inverse(X6))),double_divide(X1,inverse(X3))))) [forward demodulation 16635,14965]
17311. double_divide(double_divide(X6,X8),double_divide(inverse(double_divide(inverse(inverse(inverse(X6))),inverse(inverse(double_divide(inverse(double_divide(X1,double_divide(X2,double_divide(inverse(X1),X3)))),double_divide(X4,double_divide(X2,X4))))))),X3)) = X8 [forward demodulation 16651,13096]
17383. inverse(double_divide(inverse(double_divide(double_divide(X1,double_divide(inverse(X0),X1)),X2)),double_divide(X3,double_divide(inverse(X4),X3)))) = inverse(double_divide(inverse(X0),double_divide(X4,inverse(X2)))) [forward demodulation 16723,14965]
17402. inverse(double_divide(inverse(double_divide(double_divide(inverse(double_divide(X3,double_divide(X4,X1))),double_divide(X5,double_divide(X4,X5))),X6)),double_divide(X7,double_divide(inverse(X8),X7)))) = inverse(double_divide(inverse(double_divide(X0,inverse(double_divide(inverse(double_divide(inverse(X0),X1)),double_divide(X2,double_divide(inverse(X3),X2)))))),double_divide(inverse(double_divide(X8,double_divide(X10,X6))),double_divide(X11,double_divide(X10,X11))))) [forward demodulation 16742,15012]
17414. inverse(double_divide(inverse(double_divide(X1,X2)),double_divide(X3,double_divide(inverse(X2),X3)))) = double_divide(X0,inverse(double_divide(inverse(inverse(inverse(X0))),inverse(X1)))) [forward demodulation 16754,6]
17422. inverse(double_divide(inverse(double_divide(X4,inverse(double_divide(inverse(double_divide(X0,double_divide(X5,X1))),double_divide(X6,double_divide(X5,X6)))))),double_divide(X7,double_divide(inverse(X3),X7)))) = double_divide(double_divide(inverse(X1),double_divide(X2,double_divide(inverse(X3),X2))),inverse(double_divide(inverse(X0),inverse(X4)))) [forward demodulation 16762,6]
17430. inverse(double_divide(inverse(double_divide(X2,X3)),double_divide(X4,double_divide(inverse(X5),X4)))) = double_divide(inverse(double_divide(X5,double_divide(X1,X3))),inverse(double_divide(inverse(inverse(double_divide(X0,double_divide(X1,X0)))),inverse(X2)))) [forward demodulation 16770,15006]
17460. inverse(double_divide(inverse(double_divide(X2,X3)),double_divide(X4,double_divide(inverse(X5),X4)))) = inverse(double_divide(inverse(inverse(X2)),double_divide(X5,inverse(double_divide(double_divide(double_divide(X7,inverse(double_divide(X8,double_divide(X7,X8)))),X3),double_divide(inverse(X1),double_divide(X0,double_divide(X1,X0)))))))) [forward demodulation 16800,15021]
17495. inverse(double_divide(inverse(double_divide(X2,double_divide(X3,X4))),double_divide(X5,double_divide(inverse(inverse(double_divide(X1,double_divide(X3,double_divide(X6,double_divide(X0,X6)))))),X5)))) = inverse(double_divide(inverse(inverse(X2)),double_divide(double_divide(X0,inverse(X1)),X4))) [forward demodulation 16835,15001]
17497. inverse(double_divide(inverse(double_divide(X4,double_divide(X5,X6))),double_divide(X7,double_divide(inverse(inverse(double_divide(X3,double_divide(X5,X1)))),X7)))) = inverse(double_divide(inverse(inverse(X4)),double_divide(double_divide(inverse(X0),inverse(double_divide(inverse(double_divide(X0,X1)),double_divide(X2,double_divide(inverse(X3),X2))))),X6))) [forward demodulation 16837,15001]
17498. inverse(double_divide(inverse(double_divide(X4,double_divide(X5,X6))),double_divide(X7,double_divide(inverse(inverse(double_divide(X0,double_divide(X5,X2)))),X7)))) = inverse(double_divide(inverse(inverse(X4)),double_divide(inverse(double_divide(X0,double_divide(X1,X2))),inverse(double_divide(double_divide(X3,double_divide(X1,X3)),double_divide(X9,double_divide(X6,X9))))))) [forward demodulation 16838,15021]
17501. inverse(double_divide(inverse(double_divide(X6,double_divide(X7,X8))),double_divide(X9,double_divide(inverse(inverse(double_divide(X2,double_divide(X7,X1)))),X9)))) = inverse(double_divide(inverse(inverse(X6)),double_divide(double_divide(inverse(X0),inverse(double_divide(inverse(double_divide(X0,X1)),double_divide(inverse(double_divide(inverse(double_divide(X2,double_divide(X3,X4))),double_divide(X5,double_divide(X3,X5)))),X4)))),X8))) [forward demodulation 16841,15001]
17506. inverse(double_divide(inverse(double_divide(X4,double_divide(X5,X6))),double_divide(X7,double_divide(inverse(inverse(double_divide(X3,double_divide(X5,X1)))),X7)))) = inverse(double_divide(inverse(inverse(X4)),double_divide(inverse(inverse(double_divide(inverse(X0),inverse(double_divide(inverse(double_divide(X0,X1)),double_divide(X2,double_divide(inverse(X3),X2))))))),X6))) [forward demodulation 16846,15001]
17512. inverse(double_divide(inverse(double_divide(X1,inverse(double_divide(inverse(double_divide(inverse(X2),X0)),double_divide(X3,double_divide(X4,X3)))))),double_divide(X5,double_divide(inverse(X4),X5)))) = inverse(double_divide(inverse(inverse(X1)),double_divide(inverse(X0),X2))) [forward demodulation 16852,15001]
17514. inverse(double_divide(inverse(double_divide(X3,double_divide(X2,X4))),double_divide(X5,double_divide(inverse(X0),X5)))) = inverse(double_divide(inverse(inverse(X3)),double_divide(X0,inverse(double_divide(double_divide(inverse(X1),double_divide(X2,inverse(X1))),double_divide(X7,double_divide(X4,X7))))))) [forward demodulation 16854,15021]
17521. inverse(double_divide(inverse(double_divide(X3,X4)),double_divide(X5,double_divide(inverse(X4),X5)))) = inverse(double_divide(inverse(inverse(X3)),double_divide(double_divide(X0,inverse(double_divide(X1,double_divide(X0,X1)))),inverse(double_divide(X2,double_divide(X7,double_divide(inverse(X2),X7))))))) [forward demodulation 16861,15021]
17545. inverse(double_divide(inverse(double_divide(X2,inverse(X1))),double_divide(X3,double_divide(inverse(X4),X3)))) = inverse(double_divide(inverse(inverse(X2)),double_divide(X4,inverse(double_divide(double_divide(X0,double_divide(X1,X0)),double_divide(X8,double_divide(double_divide(X6,inverse(double_divide(X7,double_divide(X6,X7)))),X8))))))) [forward demodulation 16885,15021]
17546. inverse(double_divide(inverse(double_divide(X2,inverse(double_divide(double_divide(inverse(X3),inverse(double_divide(inverse(double_divide(X3,X4)),double_divide(X5,double_divide(inverse(X6),X5))))),double_divide(X7,double_divide(X1,X7)))))),double_divide(X8,double_divide(inverse(X9),X8)))) = inverse(double_divide(inverse(inverse(X2)),double_divide(X9,inverse(double_divide(double_divide(X0,X1),double_divide(X11,double_divide(double_divide(X6,double_divide(X0,X4)),X11))))))) [forward demodulation 16886,15021]
17592. double_divide(X0,inverse(double_divide(inverse(X1),double_divide(X2,double_divide(inverse(X3),X2))))) = inverse(double_divide(inverse(inverse(X3)),inverse(inverse(double_divide(inverse(double_divide(X0,double_divide(X5,X1))),double_divide(X6,double_divide(X5,X6))))))) [forward demodulation 16932,170]
17630. inverse(double_divide(inverse(double_divide(X4,X5)),double_divide(double_divide(X6,double_divide(X7,X6)),inverse(double_divide(inverse(X0),inverse(double_divide(inverse(double_divide(X0,X1)),double_divide(X2,double_divide(inverse(X3),X2))))))))) = inverse(double_divide(inverse(inverse(X4)),double_divide(double_divide(X3,double_divide(X7,X1)),inverse(X5)))) [forward demodulation 16970,14965]
17661. double_divide(X11,inverse(double_divide(inverse(double_divide(inverse(X11),inverse(double_divide(inverse(double_divide(double_divide(inverse(double_divide(X6,X3)),double_divide(X10,double_divide(inverse(X1),X10))),double_divide(X12,X8))),double_divide(X13,double_divide(X12,X13)))))),double_divide(X14,double_divide(inverse(X7),X14))))) = double_divide(X0,inverse(double_divide(inverse(double_divide(inverse(X0),inverse(double_divide(inverse(double_divide(X1,double_divide(X2,X3))),double_divide(X4,double_divide(X2,X4)))))),inverse(double_divide(double_divide(X5,double_divide(inverse(X6),X5)),double_divide(X7,X8)))))) [forward demodulation 17001,15021]
17662. inverse(double_divide(inverse(double_divide(X7,X8)),double_divide(X9,double_divide(double_divide(inverse(X0),inverse(double_divide(inverse(double_divide(X0,inverse(double_divide(inverse(double_divide(inverse(X1),double_divide(X2,X3))),double_divide(X4,double_divide(X2,X4)))))),double_divide(X5,double_divide(inverse(X6),X5))))),X9)))) = inverse(double_divide(inverse(inverse(X7)),double_divide(double_divide(inverse(double_divide(X6,X3)),double_divide(X10,double_divide(X1,X10))),inverse(X8)))) [forward demodulation 17002,14965]
17664. inverse(double_divide(inverse(double_divide(X4,X5)),double_divide(X6,double_divide(double_divide(X0,inverse(double_divide(inverse(double_divide(inverse(X0),X1)),double_divide(X2,double_divide(X3,X2))))),X6)))) = inverse(double_divide(inverse(inverse(X4)),double_divide(double_divide(inverse(double_divide(inverse(X3),double_divide(X7,X1))),double_divide(X8,double_divide(X7,X8))),inverse(X5)))) [forward demodulation 17004,14965]
17666. inverse(double_divide(inverse(double_divide(X4,X5)),double_divide(X6,double_divide(double_divide(inverse(X0),inverse(double_divide(inverse(X1),double_divide(X2,double_divide(inverse(X3),X2))))),X6)))) = inverse(double_divide(inverse(inverse(X4)),double_divide(double_divide(inverse(double_divide(X3,double_divide(X7,inverse(double_divide(inverse(double_divide(inverse(X0),double_divide(X8,X1))),double_divide(X9,double_divide(X8,X9))))))),double_divide(X10,double_divide(X7,X10))),inverse(X5)))) [forward demodulation 17006,14965]
17676. inverse(double_divide(inverse(double_divide(X0,double_divide(X1,X0))),double_divide(X4,double_divide(inverse(X5),X4)))) = inverse(double_divide(inverse(inverse(double_divide(X2,X1))),inverse(double_divide(X2,inverse(X5))))) [forward demodulation 17016,494]
17681. inverse(double_divide(inverse(double_divide(double_divide(X0,X1),double_divide(X2,double_divide(X0,X2)))),double_divide(X4,double_divide(inverse(X5),X4)))) = inverse(double_divide(inverse(inverse(X3)),double_divide(X5,inverse(double_divide(X1,X3))))) [forward demodulation 17021,14965]
17717. inverse(double_divide(inverse(double_divide(double_divide(X0,inverse(double_divide(X1,double_divide(X0,X1)))),X2)),double_divide(X4,double_divide(inverse(X5),X4)))) = inverse(double_divide(inverse(inverse(X3)),inverse(double_divide(inverse(X3),inverse(double_divide(X2,inverse(X5))))))) [forward demodulation 17057,14684]
17762. inverse(double_divide(inverse(double_divide(inverse(X4),double_divide(X5,inverse(double_divide(inverse(double_divide(inverse(inverse(X6)),inverse(double_divide(inverse(double_divide(X3,double_divide(X7,X1))),double_divide(X8,double_divide(X7,X8)))))),double_divide(X9,double_divide(inverse(X0),X9))))))),double_divide(X10,double_divide(X5,X10)))) = double_divide(X6,inverse(double_divide(double_divide(inverse(double_divide(X0,X1)),double_divide(X2,double_divide(inverse(X3),X2))),X4))) [forward demodulation 17102,6]
17790. double_divide(X4,double_divide(inverse(double_divide(inverse(double_divide(inverse(X5),inverse(double_divide(inverse(double_divide(X3,double_divide(X6,X1))),double_divide(X7,double_divide(X6,X7)))))),double_divide(X8,double_divide(inverse(X0),X8)))),X4)) = double_divide(X0,double_divide(inverse(X5),inverse(double_divide(inverse(double_divide(X2,double_divide(inverse(X3),X2))),inverse(X1))))) [forward demodulation 17130,6]
17805. double_divide(inverse(double_divide(X4,inverse(double_divide(inverse(double_divide(X0,X1)),double_divide(X2,double_divide(inverse(X3),X2)))))),double_divide(X9,double_divide(X5,X9))) = double_divide(inverse(inverse(X4)),double_divide(inverse(X5),inverse(double_divide(inverse(double_divide(inverse(double_divide(X3,double_divide(X6,X1))),double_divide(X7,double_divide(X6,X7)))),double_divide(X8,double_divide(inverse(X0),X8)))))) [forward demodulation 17145,15021]
17855. inverse(double_divide(inverse(double_divide(X0,X1)),double_divide(X2,double_divide(inverse(X3),X2)))) = double_divide(X3,inverse(double_divide(inverse(X1),inverse(X0)))) [forward demodulation 17195,15006]
17869. inverse(double_divide(inverse(double_divide(X7,double_divide(X8,inverse(double_divide(inverse(double_divide(X9,double_divide(X10,double_divide(inverse(double_divide(X6,X3)),double_divide(X11,double_divide(inverse(X1),X11)))))),double_divide(X12,double_divide(X10,X12))))))),double_divide(X13,double_divide(X8,X13)))) = double_divide(X9,inverse(double_divide(inverse(double_divide(inverse(inverse(X6)),inverse(inverse(double_divide(inverse(double_divide(X1,double_divide(X2,X3))),double_divide(X4,double_divide(X2,X4))))))),inverse(X7)))) [forward demodulation 17209,13096]
17887. inverse(double_divide(inverse(double_divide(double_divide(inverse(double_divide(X6,X3)),double_divide(X7,double_divide(inverse(X1),X7))),X8)),double_divide(X9,double_divide(X10,X9)))) = inverse(double_divide(X0,inverse(double_divide(inverse(double_divide(inverse(double_divide(inverse(X0),inverse(double_divide(inverse(double_divide(X1,double_divide(X2,X3))),double_divide(X4,double_divide(X2,X4)))))),double_divide(X5,double_divide(inverse(X6),X5)))),double_divide(inverse(double_divide(inverse(X10),double_divide(X12,X8))),double_divide(X13,double_divide(X12,X13))))))) [forward demodulation 17227,15021]
17888. inverse(double_divide(inverse(double_divide(double_divide(X0,inverse(double_divide(inverse(double_divide(inverse(X0),inverse(double_divide(inverse(double_divide(X1,double_divide(X2,X3))),double_divide(X4,double_divide(X2,X4)))))),double_divide(X5,double_divide(inverse(X6),X5))))),double_divide(X8,X9))),double_divide(X10,double_divide(X8,X10)))) = double_divide(X9,inverse(double_divide(X7,inverse(double_divide(double_divide(inverse(X1),X7),double_divide(X6,X3)))))) [forward demodulation 17228,15021]
17916. double_divide(inverse(X10),inverse(double_divide(inverse(double_divide(X10,inverse(double_divide(inverse(double_divide(inverse(X9),double_divide(X11,double_divide(X7,double_divide(inverse(X1),X7))))),double_divide(X12,double_divide(X11,X12)))))),double_divide(X13,double_divide(inverse(inverse(double_divide(X6,X3))),X13))))) = inverse(double_divide(inverse(inverse(X6)),inverse(double_divide(double_divide(inverse(double_divide(X1,double_divide(X2,X3))),double_divide(X4,double_divide(X2,X4))),X9)))) [forward demodulation 17256,6]
17920. double_divide(inverse(X1),inverse(X7)) = double_divide(double_divide(X6,X3),inverse(double_divide(double_divide(X0,inverse(double_divide(inverse(double_divide(inverse(X0),inverse(double_divide(inverse(double_divide(X1,double_divide(X2,X3))),double_divide(X4,double_divide(X2,X4)))))),double_divide(X5,double_divide(inverse(X6),X5))))),inverse(X7)))) [forward demodulation 17260,6]
17921. double_divide(inverse(double_divide(X6,X3)),inverse(double_divide(inverse(double_divide(inverse(X1),X9)),double_divide(X12,double_divide(inverse(X7),X12))))) = inverse(double_divide(X7,double_divide(inverse(double_divide(inverse(inverse(X6)),inverse(inverse(double_divide(inverse(double_divide(X1,double_divide(X2,X3))),double_divide(X4,double_divide(X2,X4))))))),X9))) [forward demodulation 17261,13096]
17922. double_divide(double_divide(X0,inverse(double_divide(inverse(double_divide(inverse(X0),inverse(double_divide(inverse(double_divide(X1,double_divide(X2,X3))),double_divide(X4,double_divide(X2,X4)))))),double_divide(X5,double_divide(inverse(X6),X5))))),double_divide(X8,double_divide(X7,X8))) = double_divide(X6,inverse(double_divide(X3,inverse(double_divide(inverse(X1),X7))))) [forward demodulation 17262,15021]
17923. inverse(double_divide(inverse(double_divide(inverse(double_divide(X6,X3)),double_divide(X7,double_divide(inverse(X1),X8)))),double_divide(X9,double_divide(X7,X9)))) = inverse(double_divide(inverse(inverse(X6)),inverse(double_divide(double_divide(inverse(double_divide(X1,double_divide(X2,X3))),double_divide(X4,double_divide(X2,X4))),X8)))) [forward demodulation 17263,6]
17951. inverse(double_divide(inverse(double_divide(X1,double_divide(X7,inverse(double_divide(inverse(double_divide(X8,double_divide(X9,double_divide(X6,X3)))),double_divide(X10,double_divide(X9,X10))))))),double_divide(X11,double_divide(X7,X11)))) = double_divide(X8,double_divide(X1,inverse(double_divide(inverse(X3),inverse(X6))))) [forward demodulation 17291,15006]
17952. inverse(double_divide(inverse(double_divide(X1,double_divide(X7,inverse(double_divide(inverse(double_divide(inverse(X8),double_divide(X9,double_divide(X6,X3)))),double_divide(X10,double_divide(X9,X10))))))),double_divide(X11,double_divide(X7,X11)))) = double_divide(double_divide(inverse(inverse(inverse(X6))),X8),inverse(double_divide(inverse(double_divide(X4,double_divide(X2,X4))),double_divide(X1,double_divide(X2,X3))))) [forward demodulation 17292,15006]
17955. inverse(double_divide(inverse(double_divide(X1,double_divide(X7,X3))),double_divide(X8,double_divide(X7,X8)))) = double_divide(X6,double_divide(X1,inverse(double_divide(inverse(X3),inverse(inverse(X6)))))) [forward demodulation 17295,15006]
17969. double_divide(double_divide(X6,X8),double_divide(inverse(inverse(inverse(X6))),inverse(double_divide(inverse(inverse(double_divide(inverse(double_divide(X1,double_divide(X2,double_divide(inverse(X1),X3)))),double_divide(X4,double_divide(X2,X4))))),X3)))) = X8 [forward demodulation 17311,15021]
18039. inverse(double_divide(inverse(double_divide(double_divide(X1,double_divide(inverse(X0),X1)),X2)),double_divide(X3,double_divide(inverse(X4),X3)))) = double_divide(X4,inverse(double_divide(inverse(X2),X0))) [forward demodulation 17383,15006]
18058. inverse(double_divide(inverse(double_divide(double_divide(inverse(double_divide(X3,double_divide(X4,X1))),double_divide(X5,double_divide(X4,X5))),X6)),double_divide(X7,double_divide(inverse(X8),X7)))) = inverse(double_divide(X0,inverse(double_divide(inverse(double_divide(inverse(double_divide(inverse(X0),X1)),double_divide(X2,double_divide(inverse(X3),X2)))),double_divide(inverse(double_divide(X8,double_divide(X10,X6))),double_divide(X11,double_divide(X10,X11))))))) [forward demodulation 17402,15021]
18070. inverse(double_divide(inverse(double_divide(X1,X2)),double_divide(X3,double_divide(inverse(X2),X3)))) = double_divide(X0,inverse(double_divide(inverse(X0),inverse(X1)))) [forward demodulation 17414,6]
18078. inverse(double_divide(inverse(double_divide(X4,inverse(double_divide(inverse(double_divide(X0,double_divide(X5,X1))),double_divide(X6,double_divide(X5,X6)))))),double_divide(X7,double_divide(inverse(X3),X7)))) = double_divide(double_divide(inverse(X1),inverse(X3)),inverse(double_divide(inverse(X0),inverse(X4)))) [forward demodulation 17422,14576]
18085. inverse(double_divide(inverse(double_divide(X2,X3)),double_divide(X4,double_divide(inverse(X5),X4)))) = inverse(double_divide(X2,inverse(double_divide(inverse(inverse(inverse(double_divide(X0,double_divide(X1,X0))))),double_divide(X5,double_divide(X1,X3)))))) [forward demodulation 17430,14820]
18115. inverse(double_divide(inverse(double_divide(X2,X3)),double_divide(X4,double_divide(inverse(X5),X4)))) = double_divide(X5,inverse(double_divide(inverse(double_divide(double_divide(double_divide(X7,inverse(double_divide(X8,double_divide(X7,X8)))),X3),double_divide(inverse(X1),double_divide(X0,double_divide(X1,X0))))),inverse(X2)))) [forward demodulation 17460,15006]
18150. inverse(double_divide(inverse(double_divide(X2,double_divide(X3,X4))),double_divide(X5,double_divide(inverse(inverse(double_divide(X1,double_divide(X3,double_divide(X6,double_divide(X0,X6)))))),X5)))) = inverse(double_divide(X2,double_divide(double_divide(X0,inverse(X1)),X4))) [forward demodulation 17495,6]
18152. inverse(double_divide(inverse(double_divide(X4,double_divide(X5,X6))),double_divide(X7,double_divide(inverse(inverse(double_divide(X3,double_divide(X5,X1)))),X7)))) = inverse(double_divide(inverse(inverse(X4)),double_divide(inverse(double_divide(inverse(inverse(X3)),inverse(X1))),X6))) [forward demodulation 17497,13093]
18153. inverse(double_divide(inverse(double_divide(X4,double_divide(X5,X6))),double_divide(X7,double_divide(inverse(inverse(double_divide(X0,double_divide(X5,X2)))),X7)))) = double_divide(inverse(double_divide(X0,double_divide(X1,X2))),inverse(double_divide(inverse(double_divide(double_divide(X3,double_divide(X1,X3)),double_divide(X9,double_divide(X6,X9)))),inverse(X4)))) [forward demodulation 17498,15006]
18156. inverse(double_divide(inverse(double_divide(X6,double_divide(X7,X8))),double_divide(X9,double_divide(inverse(inverse(double_divide(X2,double_divide(X7,X1)))),X9)))) = inverse(double_divide(inverse(inverse(X6)),double_divide(double_divide(inverse(X0),inverse(double_divide(X0,inverse(double_divide(X1,double_divide(inverse(double_divide(inverse(double_divide(X2,double_divide(X3,X4))),double_divide(X5,double_divide(X3,X5)))),X4)))))),X8))) [forward demodulation 17501,15021]
18161. inverse(double_divide(inverse(double_divide(X4,double_divide(X5,X6))),double_divide(X7,double_divide(inverse(inverse(double_divide(X3,double_divide(X5,X1)))),X7)))) = inverse(double_divide(inverse(inverse(X4)),double_divide(double_divide(inverse(X0),inverse(double_divide(inverse(double_divide(X0,X1)),double_divide(X2,double_divide(inverse(X3),X2))))),X6))) [forward demodulation 17506,6]
18167. inverse(double_divide(X1,double_divide(inverse(X0),X2))) = inverse(double_divide(inverse(double_divide(X1,inverse(double_divide(inverse(double_divide(inverse(X2),X0)),double_divide(X3,double_divide(X4,X3)))))),double_divide(X5,double_divide(inverse(X4),X5)))) [forward demodulation 17512,6]
18169. inverse(double_divide(inverse(double_divide(X3,double_divide(X2,X4))),double_divide(X5,double_divide(inverse(X0),X5)))) = double_divide(X0,inverse(double_divide(inverse(double_divide(double_divide(inverse(X1),double_divide(X2,inverse(X1))),double_divide(X7,double_divide(X4,X7)))),inverse(X3)))) [forward demodulation 17514,15006]
18176. inverse(double_divide(inverse(double_divide(X3,X4)),double_divide(X5,double_divide(inverse(X4),X5)))) = double_divide(double_divide(X0,inverse(double_divide(X1,double_divide(X0,X1)))),inverse(double_divide(inverse(double_divide(X2,double_divide(X7,double_divide(inverse(X2),X7)))),inverse(X3)))) [forward demodulation 17521,15006]
18200. inverse(double_divide(inverse(double_divide(X2,inverse(X1))),double_divide(X3,double_divide(inverse(X4),X3)))) = double_divide(X4,inverse(double_divide(inverse(double_divide(double_divide(X0,double_divide(X1,X0)),double_divide(X8,double_divide(double_divide(X6,inverse(double_divide(X7,double_divide(X6,X7)))),X8)))),inverse(X2)))) [forward demodulation 17545,15006]
18201. inverse(double_divide(inverse(double_divide(X2,inverse(double_divide(double_divide(inverse(X3),inverse(double_divide(inverse(double_divide(X3,X4)),double_divide(X5,double_divide(inverse(X6),X5))))),double_divide(X7,double_divide(X1,X7)))))),double_divide(X8,double_divide(inverse(X9),X8)))) = double_divide(X9,inverse(double_divide(inverse(double_divide(double_divide(X0,X1),double_divide(X11,double_divide(double_divide(X6,double_divide(X0,X4)),X11)))),inverse(X2)))) [forward demodulation 17546,15006]
18247. double_divide(X0,inverse(double_divide(inverse(X1),double_divide(X2,double_divide(inverse(X3),X2))))) = inverse(double_divide(inverse(inverse(X3)),double_divide(inverse(double_divide(X0,double_divide(X5,X1))),double_divide(X6,double_divide(X5,X6))))) [forward demodulation 17592,6]
18282. inverse(double_divide(inverse(double_divide(X4,X5)),double_divide(double_divide(X6,double_divide(X7,X6)),inverse(double_divide(inverse(X0),inverse(double_divide(inverse(double_divide(X0,X1)),double_divide(X2,double_divide(inverse(X3),X2))))))))) = double_divide(double_divide(X3,double_divide(X7,X1)),inverse(double_divide(inverse(X5),inverse(X4)))) [forward demodulation 17630,15006]
18313. double_divide(X11,inverse(double_divide(inverse(double_divide(inverse(X11),inverse(double_divide(inverse(double_divide(double_divide(inverse(double_divide(X6,X3)),double_divide(X10,double_divide(inverse(X1),X10))),double_divide(X12,X8))),double_divide(X13,double_divide(X12,X13)))))),double_divide(X14,double_divide(inverse(X7),X14))))) = inverse(double_divide(double_divide(double_divide(X5,double_divide(inverse(X6),X5)),double_divide(X7,X8)),inverse(inverse(double_divide(inverse(double_divide(X1,double_divide(X2,X3))),double_divide(X4,double_divide(X2,X4))))))) [forward demodulation 17661,14891]
18314. inverse(double_divide(inverse(double_divide(X7,X8)),double_divide(X9,double_divide(double_divide(inverse(X0),inverse(double_divide(inverse(double_divide(X0,inverse(double_divide(inverse(double_divide(inverse(X1),double_divide(X2,X3))),double_divide(X4,double_divide(X2,X4)))))),double_divide(X5,double_divide(inverse(X6),X5))))),X9)))) = double_divide(double_divide(inverse(double_divide(X6,X3)),double_divide(X10,double_divide(X1,X10))),inverse(double_divide(inverse(X8),inverse(X7)))) [forward demodulation 17662,15006]
18316. inverse(double_divide(inverse(double_divide(X4,X5)),double_divide(X6,double_divide(double_divide(X0,inverse(double_divide(inverse(double_divide(inverse(X0),X1)),double_divide(X2,double_divide(X3,X2))))),X6)))) = double_divide(double_divide(inverse(double_divide(inverse(X3),double_divide(X7,X1))),double_divide(X8,double_divide(X7,X8))),inverse(double_divide(inverse(X5),inverse(X4)))) [forward demodulation 17664,15006]
18318. inverse(double_divide(inverse(double_divide(X4,X5)),double_divide(X6,double_divide(double_divide(inverse(X0),inverse(double_divide(inverse(X1),double_divide(X2,double_divide(inverse(X3),X2))))),X6)))) = double_divide(double_divide(inverse(double_divide(X3,double_divide(X7,inverse(double_divide(inverse(double_divide(inverse(X0),double_divide(X8,X1))),double_divide(X9,double_divide(X8,X9))))))),double_divide(X10,double_divide(X7,X10))),inverse(double_divide(inverse(X5),inverse(X4)))) [forward demodulation 17666,15006]
18328. inverse(double_divide(inverse(double_divide(X0,double_divide(X1,X0))),double_divide(X4,double_divide(inverse(X5),X4)))) = inverse(inverse(double_divide(X5,inverse(double_divide(inverse(X2),inverse(double_divide(X2,X1))))))) [forward demodulation 17676,14820]
18333. inverse(double_divide(inverse(double_divide(double_divide(X0,X1),double_divide(X2,double_divide(X0,X2)))),double_divide(X4,double_divide(inverse(X5),X4)))) = double_divide(X5,inverse(double_divide(inverse(double_divide(X1,X3)),inverse(X3)))) [forward demodulation 17681,15006]
18369. inverse(double_divide(X2,inverse(X5))) = inverse(double_divide(inverse(double_divide(double_divide(X0,inverse(double_divide(X1,double_divide(X0,X1)))),X2)),double_divide(X4,double_divide(inverse(X5),X4)))) [forward demodulation 17717,13088]
18414. inverse(double_divide(inverse(double_divide(inverse(X4),double_divide(X5,inverse(double_divide(inverse(double_divide(inverse(inverse(X6)),inverse(double_divide(inverse(double_divide(X3,double_divide(X7,X1))),double_divide(X8,double_divide(X7,X8)))))),double_divide(X9,double_divide(inverse(X0),X9))))))),double_divide(X10,double_divide(X5,X10)))) = double_divide(X6,inverse(double_divide(double_divide(X0,inverse(double_divide(X1,double_divide(X2,double_divide(inverse(X3),X2))))),X4))) [forward demodulation 17762,15021]
18442. double_divide(X4,double_divide(inverse(double_divide(inverse(double_divide(inverse(X5),inverse(double_divide(inverse(double_divide(X3,double_divide(X6,X1))),double_divide(X7,double_divide(X6,X7)))))),double_divide(X8,double_divide(inverse(X0),X8)))),X4)) = double_divide(inverse(double_divide(X0,double_divide(inverse(double_divide(X2,double_divide(inverse(X3),X2))),inverse(X1)))),X5) [forward demodulation 17790,15012]
18457. double_divide(inverse(double_divide(X4,inverse(double_divide(inverse(double_divide(X0,X1)),double_divide(X2,double_divide(inverse(X3),X2)))))),double_divide(X9,double_divide(X5,X9))) = double_divide(inverse(double_divide(inverse(inverse(X4)),double_divide(inverse(double_divide(inverse(double_divide(X3,double_divide(X6,X1))),double_divide(X7,double_divide(X6,X7)))),double_divide(X8,double_divide(inverse(X0),X8))))),X5) [forward demodulation 17805,15012]
18507. double_divide(X3,inverse(double_divide(inverse(X1),inverse(X0)))) = inverse(double_divide(inverse(double_divide(X0,X1)),inverse(X3))) [forward demodulation 17855,14981]
18521. inverse(double_divide(inverse(double_divide(X7,double_divide(X8,inverse(double_divide(inverse(double_divide(X9,double_divide(X10,double_divide(inverse(double_divide(X6,X3)),double_divide(X11,double_divide(inverse(X1),X11)))))),double_divide(X12,double_divide(X10,X12))))))),double_divide(X13,double_divide(X8,X13)))) = double_divide(X9,inverse(double_divide(inverse(inverse(X6)),double_divide(X7,inverse(inverse(inverse(double_divide(inverse(double_divide(X1,double_divide(X2,X3))),double_divide(X4,double_divide(X2,X4)))))))))) [forward demodulation 17869,14997]
18539. inverse(double_divide(inverse(double_divide(double_divide(inverse(double_divide(X6,X3)),double_divide(X7,double_divide(inverse(X1),X7))),X8)),double_divide(X9,double_divide(X10,X9)))) = inverse(double_divide(X0,inverse(double_divide(inverse(double_divide(inverse(X0),inverse(double_divide(inverse(double_divide(X1,double_divide(X2,X3))),double_divide(X4,double_divide(X2,X4)))))),inverse(double_divide(double_divide(X5,double_divide(inverse(X6),X5)),double_divide(inverse(double_divide(inverse(X10),double_divide(X12,X8))),double_divide(X13,double_divide(X12,X13))))))))) [forward demodulation 17887,15021]
18540. inverse(double_divide(double_divide(X0,inverse(double_divide(inverse(double_divide(inverse(X0),inverse(double_divide(inverse(double_divide(X1,double_divide(X2,X3))),double_divide(X4,double_divide(X2,X4)))))),double_divide(X5,double_divide(inverse(X6),X5))))),inverse(X9))) = double_divide(X9,inverse(double_divide(X7,inverse(double_divide(double_divide(inverse(X1),X7),double_divide(X6,X3)))))) [forward demodulation 17888,13131]
18568. double_divide(inverse(X10),inverse(double_divide(inverse(double_divide(X10,inverse(double_divide(inverse(double_divide(inverse(X9),double_divide(X11,double_divide(X7,double_divide(inverse(X1),X7))))),double_divide(X12,double_divide(X11,X12)))))),double_divide(X13,double_divide(inverse(inverse(double_divide(X6,X3))),X13))))) = inverse(double_divide(inverse(inverse(X6)),inverse(double_divide(double_divide(X1,inverse(X3)),X9)))) [forward demodulation 17916,14965]
18572. double_divide(inverse(X1),inverse(X7)) = double_divide(double_divide(X6,X3),inverse(double_divide(inverse(double_divide(inverse(inverse(X6)),inverse(inverse(double_divide(inverse(double_divide(X1,double_divide(X2,X3))),double_divide(X4,double_divide(X2,X4))))))),inverse(X7)))) [forward demodulation 17920,13096]
18573. double_divide(inverse(double_divide(X6,X3)),inverse(double_divide(inverse(double_divide(inverse(X1),X9)),double_divide(X12,double_divide(inverse(X7),X12))))) = inverse(double_divide(X7,double_divide(inverse(inverse(X6)),inverse(double_divide(inverse(inverse(double_divide(inverse(double_divide(X1,double_divide(X2,X3))),double_divide(X4,double_divide(X2,X4))))),X9))))) [forward demodulation 17921,15021]
18574. double_divide(double_divide(X0,inverse(double_divide(inverse(double_divide(inverse(X0),inverse(double_divide(inverse(double_divide(X1,double_divide(X2,X3))),double_divide(X4,double_divide(X2,X4)))))),double_divide(X5,double_divide(inverse(X6),X5))))),X7) = double_divide(X6,inverse(double_divide(X3,inverse(double_divide(inverse(X1),X7))))) [forward demodulation 17922,15001]
18575. inverse(double_divide(inverse(double_divide(inverse(double_divide(X6,X3)),double_divide(X7,double_divide(inverse(X1),X8)))),double_divide(X9,double_divide(X7,X9)))) = inverse(double_divide(inverse(inverse(X6)),inverse(double_divide(double_divide(X1,inverse(X3)),X8)))) [forward demodulation 17923,14965]
18603. double_divide(X8,double_divide(X1,inverse(double_divide(inverse(X3),inverse(X6))))) = inverse(double_divide(X1,inverse(inverse(double_divide(inverse(double_divide(X8,double_divide(X9,double_divide(X6,X3)))),double_divide(X10,double_divide(X9,X10))))))) [forward demodulation 17951,13131]
18604. inverse(double_divide(inverse(double_divide(X1,double_divide(X7,inverse(double_divide(inverse(double_divide(inverse(X8),double_divide(X9,double_divide(X6,X3)))),double_divide(X10,double_divide(X9,X10))))))),double_divide(X11,double_divide(X7,X11)))) = double_divide(double_divide(inverse(inverse(inverse(X6))),X8),inverse(double_divide(X4,inverse(double_divide(double_divide(X2,X4),double_divide(X1,double_divide(X2,X3))))))) [forward demodulation 17952,15021]
18607. inverse(double_divide(inverse(double_divide(X1,double_divide(X7,X3))),double_divide(X8,double_divide(X7,X8)))) = double_divide(X6,double_divide(X1,inverse(double_divide(inverse(X3),X6)))) [forward demodulation 17955,6]
18617. double_divide(inverse(double_divide(double_divide(X6,X8),double_divide(inverse(inverse(double_divide(inverse(double_divide(X1,double_divide(X2,double_divide(inverse(X1),X3)))),double_divide(X4,double_divide(X2,X4))))),X3))),inverse(inverse(X6))) = X8 [forward demodulation 17969,15012]
18682. inverse(double_divide(inverse(double_divide(double_divide(X1,double_divide(inverse(X0),X1)),X2)),inverse(X4))) = double_divide(X4,inverse(double_divide(inverse(X2),X0))) [forward demodulation 18039,14981]
18701. inverse(double_divide(inverse(double_divide(double_divide(inverse(double_divide(X3,double_divide(X4,X1))),double_divide(X5,double_divide(X4,X5))),X6)),double_divide(X7,double_divide(inverse(X8),X7)))) = inverse(double_divide(X0,inverse(double_divide(inverse(double_divide(inverse(X0),X1)),inverse(double_divide(double_divide(X2,double_divide(inverse(X3),X2)),double_divide(inverse(double_divide(X8,double_divide(X10,X6))),double_divide(X11,double_divide(X10,X11))))))))) [forward demodulation 18058,15021]
18713. inverse(double_divide(inverse(double_divide(X1,X2)),double_divide(X3,double_divide(inverse(X2),X3)))) = X1 [forward demodulation 18070,13097]
18721. double_divide(double_divide(inverse(X1),inverse(X3)),inverse(double_divide(inverse(X0),inverse(X4)))) = inverse(double_divide(inverse(double_divide(X4,inverse(double_divide(inverse(double_divide(X0,double_divide(X5,X1))),double_divide(X6,double_divide(X5,X6)))))),inverse(X3))) [forward demodulation 18078,14981]
18728. inverse(double_divide(inverse(double_divide(X2,X3)),double_divide(X4,double_divide(inverse(X5),X4)))) = inverse(double_divide(X2,inverse(double_divide(inverse(double_divide(X0,double_divide(X1,X0))),double_divide(X5,double_divide(X1,X3)))))) [forward demodulation 18085,6]
18758. inverse(double_divide(inverse(double_divide(X2,X3)),double_divide(X4,double_divide(inverse(X5),X4)))) = double_divide(X5,inverse(double_divide(double_divide(double_divide(X7,inverse(double_divide(X8,double_divide(X7,X8)))),X3),double_divide(X2,inverse(double_divide(inverse(X1),double_divide(X0,double_divide(X1,X0)))))))) [forward demodulation 18115,14997]
18793. inverse(double_divide(X2,double_divide(double_divide(X0,inverse(X1)),X4))) = inverse(double_divide(inverse(double_divide(X2,double_divide(X3,X4))),inverse(inverse(double_divide(X1,double_divide(X3,double_divide(X6,double_divide(X0,X6)))))))) [forward demodulation 18150,14981]
18795. inverse(double_divide(inverse(double_divide(X4,double_divide(X5,X6))),double_divide(X7,double_divide(inverse(inverse(double_divide(X3,double_divide(X5,X1)))),X7)))) = inverse(double_divide(inverse(inverse(X4)),double_divide(inverse(inverse(X3)),inverse(double_divide(inverse(X1),X6))))) [forward demodulation 18152,15021]
18796. inverse(double_divide(inverse(double_divide(X4,double_divide(X5,X6))),double_divide(X7,double_divide(inverse(inverse(double_divide(X0,double_divide(X5,X2)))),X7)))) = inverse(double_divide(X4,inverse(double_divide(inverse(inverse(double_divide(double_divide(X3,double_divide(X1,X3)),double_divide(X9,double_divide(X6,X9))))),double_divide(X0,double_divide(X1,X2)))))) [forward demodulation 18153,14820]
18799. inverse(double_divide(inverse(double_divide(X6,double_divide(X7,X8))),double_divide(X9,double_divide(inverse(inverse(double_divide(X2,double_divide(X7,X1)))),X9)))) = inverse(double_divide(inverse(inverse(X6)),double_divide(inverse(double_divide(double_divide(X1,double_divide(inverse(double_divide(inverse(double_divide(X2,double_divide(X3,X4))),double_divide(X5,double_divide(X3,X5)))),X4)),inverse(double_divide(inverse(X0),X0)))),X8))) [forward demodulation 18156,14820]
18804. inverse(double_divide(inverse(double_divide(X4,double_divide(X5,X6))),double_divide(X7,double_divide(inverse(inverse(double_divide(X3,double_divide(X5,X1)))),X7)))) = inverse(double_divide(inverse(inverse(X4)),double_divide(inverse(double_divide(inverse(inverse(X3)),inverse(X1))),X6))) [forward demodulation 18161,13093]
18810. inverse(double_divide(X1,double_divide(inverse(X0),X2))) = inverse(double_divide(inverse(double_divide(X1,inverse(double_divide(inverse(double_divide(inverse(X2),X0)),double_divide(X3,double_divide(X4,X3)))))),inverse(X4))) [forward demodulation 18167,14981]
18812. inverse(double_divide(inverse(double_divide(X3,double_divide(X2,X4))),double_divide(X5,double_divide(inverse(X0),X5)))) = double_divide(X0,inverse(double_divide(double_divide(inverse(X1),double_divide(X2,inverse(X1))),double_divide(X3,inverse(double_divide(X7,double_divide(X4,X7))))))) [forward demodulation 18169,14997]
18819. inverse(double_divide(inverse(double_divide(X3,X4)),double_divide(X5,double_divide(inverse(X4),X5)))) = double_divide(double_divide(X0,inverse(double_divide(X1,double_divide(X0,X1)))),inverse(double_divide(X2,double_divide(X3,inverse(double_divide(X7,double_divide(inverse(X2),X7))))))) [forward demodulation 18176,14997]
18843. inverse(double_divide(inverse(double_divide(X2,inverse(X1))),double_divide(X3,double_divide(inverse(X4),X3)))) = double_divide(X4,inverse(double_divide(double_divide(X0,double_divide(X1,X0)),double_divide(X2,inverse(double_divide(X8,double_divide(double_divide(X6,inverse(double_divide(X7,double_divide(X6,X7)))),X8))))))) [forward demodulation 18200,14997]
18844. inverse(double_divide(inverse(double_divide(X2,inverse(double_divide(double_divide(inverse(X3),inverse(double_divide(inverse(double_divide(X3,X4)),double_divide(X5,double_divide(inverse(X6),X5))))),double_divide(X7,double_divide(X1,X7)))))),double_divide(X8,double_divide(inverse(X9),X8)))) = double_divide(X9,inverse(double_divide(double_divide(X0,X1),double_divide(X2,inverse(double_divide(X11,double_divide(double_divide(X6,double_divide(X0,X4)),X11))))))) [forward demodulation 18201,14997]
18886. double_divide(X0,inverse(double_divide(inverse(X1),double_divide(X2,double_divide(inverse(X3),X2))))) = inverse(double_divide(inverse(inverse(X3)),double_divide(X0,inverse(X1)))) [forward demodulation 18247,14965]
18917. double_divide(double_divide(X3,double_divide(X7,X1)),inverse(double_divide(inverse(X5),inverse(X4)))) = double_divide(double_divide(X6,double_divide(X7,X6)),inverse(double_divide(inverse(double_divide(inverse(X0),inverse(double_divide(inverse(double_divide(X0,X1)),double_divide(X2,double_divide(inverse(X3),X2)))))),double_divide(X4,X5)))) [forward demodulation 18282,15006]
18948. double_divide(X11,inverse(double_divide(inverse(double_divide(inverse(X11),inverse(double_divide(inverse(double_divide(double_divide(inverse(double_divide(X6,X3)),double_divide(X10,double_divide(inverse(X1),X10))),double_divide(X12,X8))),double_divide(X13,double_divide(X12,X13)))))),double_divide(X14,double_divide(inverse(X7),X14))))) = inverse(double_divide(double_divide(double_divide(X5,double_divide(inverse(X6),X5)),double_divide(X7,X8)),double_divide(inverse(double_divide(X1,double_divide(X2,X3))),double_divide(X4,double_divide(X2,X4))))) [forward demodulation 18313,6]
18949. inverse(double_divide(inverse(double_divide(X7,X8)),double_divide(X9,double_divide(double_divide(inverse(X0),inverse(double_divide(inverse(double_divide(X0,inverse(double_divide(inverse(double_divide(inverse(X1),double_divide(X2,X3))),double_divide(X4,double_divide(X2,X4)))))),double_divide(X5,double_divide(inverse(X6),X5))))),X9)))) = double_divide(double_divide(X6,inverse(double_divide(X3,double_divide(X10,double_divide(X1,X10))))),inverse(double_divide(inverse(X8),inverse(X7)))) [forward demodulation 18314,15021]
18951. inverse(double_divide(inverse(double_divide(X4,X5)),double_divide(X6,double_divide(double_divide(X0,inverse(double_divide(inverse(double_divide(inverse(X0),X1)),double_divide(X2,double_divide(X3,X2))))),X6)))) = double_divide(double_divide(inverse(X3),inverse(X1)),inverse(double_divide(inverse(X5),inverse(X4)))) [forward demodulation 18316,14965]
18953. inverse(double_divide(inverse(double_divide(X4,X5)),double_divide(X6,double_divide(double_divide(inverse(X0),inverse(double_divide(inverse(X1),double_divide(X2,double_divide(inverse(X3),X2))))),X6)))) = double_divide(double_divide(X3,inverse(inverse(double_divide(inverse(double_divide(inverse(X0),double_divide(X8,X1))),double_divide(X9,double_divide(X8,X9)))))),inverse(double_divide(inverse(X5),inverse(X4)))) [forward demodulation 18318,14965]
18963. inverse(double_divide(inverse(double_divide(X0,double_divide(X1,X0))),double_divide(X4,double_divide(inverse(X5),X4)))) = double_divide(X5,inverse(double_divide(inverse(X2),inverse(double_divide(X2,X1))))) [forward demodulation 18328,6]
18967. inverse(double_divide(inverse(double_divide(double_divide(X0,X1),double_divide(X2,double_divide(X0,X2)))),double_divide(X4,double_divide(inverse(X5),X4)))) = double_divide(X5,inverse(double_divide(X1,double_divide(X3,inverse(X3))))) [forward demodulation 18333,14997]
19003. inverse(double_divide(X2,inverse(X5))) = inverse(double_divide(inverse(double_divide(double_divide(X0,inverse(double_divide(X1,double_divide(X0,X1)))),X2)),inverse(X5))) [forward demodulation 18369,14981]
19048. inverse(double_divide(inverse(double_divide(inverse(X4),double_divide(X5,inverse(double_divide(inverse(double_divide(inverse(inverse(X6)),inverse(double_divide(inverse(double_divide(X3,double_divide(X7,X1))),double_divide(X8,double_divide(X7,X8)))))),double_divide(X9,double_divide(inverse(X0),X9))))))),double_divide(X10,double_divide(X5,X10)))) = double_divide(X6,inverse(double_divide(inverse(double_divide(inverse(inverse(X3)),inverse(double_divide(inverse(X1),inverse(X0))))),X4))) [forward demodulation 18414,14669]
19076. double_divide(X4,double_divide(inverse(double_divide(inverse(double_divide(inverse(X5),inverse(double_divide(inverse(double_divide(X3,double_divide(X6,X1))),double_divide(X7,double_divide(X6,X7)))))),double_divide(X8,double_divide(inverse(X0),X8)))),X4)) = double_divide(X0,inverse(double_divide(double_divide(inverse(double_divide(X2,double_divide(inverse(X3),X2))),inverse(X1)),X5))) [forward demodulation 18442,15021]
19091. double_divide(inverse(double_divide(X4,inverse(double_divide(inverse(double_divide(X0,X1)),double_divide(X2,double_divide(inverse(X3),X2)))))),double_divide(X9,double_divide(X5,X9))) = double_divide(inverse(inverse(X4)),inverse(double_divide(double_divide(inverse(double_divide(inverse(double_divide(X3,double_divide(X6,X1))),double_divide(X7,double_divide(X6,X7)))),double_divide(X8,double_divide(inverse(X0),X8))),X5))) [forward demodulation 18457,15021]
19141. double_divide(X3,inverse(double_divide(inverse(X1),inverse(X0)))) = inverse(double_divide(X0,double_divide(X3,inverse(X1)))) [forward demodulation 18507,14997]
19155. inverse(double_divide(inverse(double_divide(X7,double_divide(X8,inverse(double_divide(inverse(double_divide(X9,double_divide(X10,double_divide(inverse(double_divide(X6,X3)),double_divide(X11,double_divide(inverse(X1),X11)))))),double_divide(X12,double_divide(X10,X12))))))),double_divide(X13,double_divide(X8,X13)))) = double_divide(X9,double_divide(X7,inverse(double_divide(inverse(inverse(inverse(double_divide(inverse(double_divide(X1,double_divide(X2,X3))),double_divide(X4,double_divide(X2,X4)))))),inverse(X6))))) [forward demodulation 18521,15006]
19173. inverse(double_divide(inverse(double_divide(double_divide(inverse(double_divide(X6,X3)),double_divide(X7,double_divide(inverse(X1),X7))),X8)),double_divide(X9,double_divide(X10,X9)))) = double_divide(double_divide(double_divide(X5,double_divide(inverse(X6),X5)),double_divide(inverse(double_divide(inverse(X10),double_divide(X12,X8))),double_divide(X13,double_divide(X12,X13)))),inverse(double_divide(double_divide(inverse(X0),inverse(double_divide(inverse(double_divide(X1,double_divide(X2,X3))),double_divide(X4,double_divide(X2,X4))))),inverse(X0)))) [forward demodulation 18539,14805]
19174. inverse(double_divide(inverse(double_divide(inverse(inverse(X6)),inverse(inverse(double_divide(inverse(double_divide(X1,double_divide(X2,X3))),double_divide(X4,double_divide(X2,X4))))))),inverse(X9))) = double_divide(X9,inverse(double_divide(X7,inverse(double_divide(double_divide(inverse(X1),X7),double_divide(X6,X3)))))) [forward demodulation 18540,13096]
19202. double_divide(inverse(X10),inverse(double_divide(inverse(double_divide(X10,inverse(double_divide(inverse(double_divide(inverse(X9),double_divide(X11,double_divide(X7,double_divide(inverse(X1),X7))))),double_divide(X12,double_divide(X11,X12)))))),double_divide(X13,double_divide(inverse(inverse(double_divide(X6,X3))),X13))))) = inverse(double_divide(X6,inverse(double_divide(double_divide(X1,inverse(X3)),X9)))) [forward demodulation 18568,6]
19206. double_divide(inverse(X1),inverse(X7)) = double_divide(double_divide(X6,X3),inverse(double_divide(inverse(inverse(X6)),double_divide(X7,inverse(inverse(inverse(double_divide(inverse(double_divide(X1,double_divide(X2,X3))),double_divide(X4,double_divide(X2,X4)))))))))) [forward demodulation 18572,14997]
19207. double_divide(inverse(double_divide(X6,X3)),inverse(double_divide(inverse(double_divide(inverse(X1),X9)),double_divide(X12,double_divide(inverse(X7),X12))))) = inverse(double_divide(inverse(double_divide(X7,double_divide(inverse(inverse(double_divide(inverse(double_divide(X1,double_divide(X2,X3))),double_divide(X4,double_divide(X2,X4))))),X9))),inverse(X6))) [forward demodulation 18573,15012]
19208. double_divide(inverse(double_divide(inverse(inverse(X6)),inverse(inverse(double_divide(inverse(double_divide(X1,double_divide(X2,X3))),double_divide(X4,double_divide(X2,X4))))))),X7) = double_divide(X6,inverse(double_divide(X3,inverse(double_divide(inverse(X1),X7))))) [forward demodulation 18574,13096]
19209. inverse(double_divide(inverse(double_divide(inverse(double_divide(X6,X3)),double_divide(X7,double_divide(inverse(X1),X8)))),double_divide(X9,double_divide(X7,X9)))) = inverse(double_divide(X6,inverse(double_divide(double_divide(X1,inverse(X3)),X8)))) [forward demodulation 18575,6]
19235. double_divide(X8,double_divide(X1,inverse(double_divide(inverse(X3),inverse(X6))))) = inverse(double_divide(X1,double_divide(inverse(double_divide(X8,double_divide(X9,double_divide(X6,X3)))),double_divide(X10,double_divide(X9,X10))))) [forward demodulation 18603,6]
19236. inverse(double_divide(inverse(double_divide(X1,double_divide(X7,inverse(double_divide(inverse(double_divide(inverse(X8),double_divide(X9,double_divide(X6,X3)))),double_divide(X10,double_divide(X9,X10))))))),double_divide(X11,double_divide(X7,X11)))) = double_divide(double_divide(inverse(X6),X8),inverse(double_divide(X4,inverse(double_divide(double_divide(X2,X4),double_divide(X1,double_divide(X2,X3))))))) [forward demodulation 18604,6]
19238. inverse(double_divide(X1,inverse(X3))) = double_divide(X6,double_divide(X1,inverse(double_divide(inverse(X3),X6)))) [forward demodulation 18607,13131]
19248. double_divide(double_divide(X6,X8),inverse(double_divide(double_divide(inverse(inverse(double_divide(inverse(double_divide(X1,double_divide(X2,double_divide(inverse(X1),X3)))),double_divide(X4,double_divide(X2,X4))))),X3),inverse(inverse(X6))))) = X8 [forward demodulation 18617,15021]
19312. double_divide(X4,inverse(double_divide(inverse(X2),X0))) = inverse(double_divide(double_divide(X1,double_divide(inverse(X0),X1)),double_divide(X4,inverse(X2)))) [forward demodulation 18682,14997]
19331. inverse(double_divide(inverse(double_divide(double_divide(inverse(double_divide(X3,double_divide(X4,X1))),double_divide(X5,double_divide(X4,X5))),X6)),double_divide(X7,double_divide(inverse(X8),X7)))) = double_divide(double_divide(double_divide(X2,double_divide(inverse(X3),X2)),double_divide(inverse(double_divide(X8,double_divide(X10,X6))),double_divide(X11,double_divide(X10,X11)))),inverse(double_divide(double_divide(inverse(X0),X1),inverse(X0)))) [forward demodulation 18701,14805]
19343. inverse(double_divide(inverse(double_divide(X1,X2)),inverse(X2))) = X1 [forward demodulation 18713,14981]
19351. double_divide(double_divide(inverse(X1),inverse(X3)),inverse(double_divide(inverse(X0),inverse(X4)))) = inverse(double_divide(X4,double_divide(X3,inverse(inverse(double_divide(inverse(double_divide(X0,double_divide(X5,X1))),double_divide(X6,double_divide(X5,X6)))))))) [forward demodulation 18721,14997]
19358. inverse(double_divide(inverse(double_divide(X2,X3)),double_divide(X4,double_divide(inverse(X5),X4)))) = inverse(double_divide(X2,inverse(double_divide(X0,inverse(double_divide(double_divide(X1,X0),double_divide(X5,double_divide(X1,X3)))))))) [forward demodulation 18728,15021]
19388. inverse(double_divide(inverse(double_divide(X2,X3)),double_divide(X4,double_divide(inverse(X5),X4)))) = double_divide(X5,inverse(double_divide(double_divide(double_divide(X7,inverse(double_divide(X8,double_divide(X7,X8)))),X3),inverse(double_divide(inverse(X1),inverse(double_divide(inverse(inverse(X1)),inverse(X2)))))))) [forward demodulation 18758,14669]
19423. inverse(double_divide(X2,double_divide(double_divide(X0,inverse(X1)),X4))) = inverse(double_divide(X2,double_divide(inverse(double_divide(X1,double_divide(X3,double_divide(X6,double_divide(X0,X6))))),inverse(double_divide(X3,X4))))) [forward demodulation 18793,14997]
19425. inverse(double_divide(inverse(double_divide(X4,double_divide(X5,X6))),double_divide(X7,double_divide(inverse(inverse(double_divide(X3,double_divide(X5,X1)))),X7)))) = double_divide(inverse(inverse(X3)),inverse(double_divide(inverse(double_divide(inverse(X1),X6)),inverse(X4)))) [forward demodulation 18795,15006]
19426. inverse(double_divide(inverse(double_divide(X4,double_divide(X5,X6))),double_divide(X7,double_divide(inverse(inverse(double_divide(X0,double_divide(X5,X2)))),X7)))) = inverse(double_divide(X4,inverse(double_divide(double_divide(double_divide(X3,double_divide(X1,X3)),double_divide(X9,double_divide(X6,X9))),double_divide(X0,double_divide(X1,X2)))))) [forward demodulation 18796,6]
19429. inverse(double_divide(inverse(double_divide(X6,double_divide(X7,X8))),double_divide(X9,double_divide(inverse(inverse(double_divide(X2,double_divide(X7,X1)))),X9)))) = inverse(double_divide(inverse(inverse(X6)),double_divide(double_divide(X1,double_divide(inverse(double_divide(inverse(double_divide(X2,double_divide(X3,X4))),double_divide(X5,double_divide(X3,X5)))),X4)),inverse(double_divide(inverse(double_divide(inverse(X0),X0)),X8))))) [forward demodulation 18799,15021]
19434. inverse(double_divide(inverse(double_divide(X4,double_divide(X5,X6))),double_divide(X7,double_divide(inverse(inverse(double_divide(X3,double_divide(X5,X1)))),X7)))) = inverse(double_divide(inverse(inverse(X4)),double_divide(inverse(inverse(X3)),inverse(double_divide(inverse(X1),X6))))) [forward demodulation 18804,15021]
19440. inverse(double_divide(X1,double_divide(inverse(X0),X2))) = inverse(double_divide(X1,double_divide(X4,inverse(inverse(double_divide(inverse(double_divide(inverse(X2),X0)),double_divide(X3,double_divide(X4,X3)))))))) [forward demodulation 18810,14997]
19442. inverse(double_divide(inverse(double_divide(X3,double_divide(X2,X4))),double_divide(X5,double_divide(inverse(X0),X5)))) = double_divide(X0,double_divide(X3,double_divide(X2,double_divide(X7,double_divide(X4,X7))))) [forward demodulation 18812,14915]
19449. inverse(double_divide(inverse(double_divide(X3,X4)),double_divide(X5,double_divide(inverse(X4),X5)))) = double_divide(double_divide(X0,inverse(double_divide(X1,double_divide(X0,X1)))),inverse(double_divide(X2,double_divide(X3,inverse(inverse(X2)))))) [forward demodulation 18819,14430]
19473. inverse(double_divide(inverse(double_divide(X2,inverse(X1))),double_divide(X3,double_divide(inverse(X4),X3)))) = double_divide(X4,double_divide(X2,double_divide(X1,double_divide(X8,double_divide(double_divide(X6,inverse(double_divide(X7,double_divide(X6,X7)))),X8))))) [forward demodulation 18843,14915]
19474. inverse(double_divide(inverse(double_divide(X2,inverse(double_divide(double_divide(inverse(X3),inverse(double_divide(inverse(double_divide(X3,X4)),double_divide(X5,double_divide(inverse(X6),X5))))),double_divide(X7,double_divide(X1,X7)))))),double_divide(X8,double_divide(inverse(X9),X8)))) = double_divide(X9,inverse(double_divide(double_divide(X0,X1),double_divide(X2,inverse(double_divide(X6,double_divide(X0,X4))))))) [forward demodulation 18844,14430]
19516. double_divide(X0,inverse(double_divide(inverse(X1),double_divide(X2,double_divide(inverse(X3),X2))))) = double_divide(X0,inverse(double_divide(inverse(X1),inverse(X3)))) [forward demodulation 18886,15006]
19547. double_divide(double_divide(X3,double_divide(X7,X1)),inverse(double_divide(inverse(X5),inverse(X4)))) = double_divide(double_divide(X6,double_divide(X7,X6)),inverse(double_divide(inverse(X0),inverse(double_divide(inverse(double_divide(inverse(double_divide(X0,X1)),double_divide(X2,double_divide(inverse(X3),X2)))),double_divide(X4,X5)))))) [forward demodulation 18917,15021]
19578. double_divide(X11,inverse(double_divide(inverse(double_divide(inverse(X11),inverse(double_divide(inverse(double_divide(double_divide(inverse(double_divide(X6,X3)),double_divide(X10,double_divide(inverse(X1),X10))),double_divide(X12,X8))),double_divide(X13,double_divide(X12,X13)))))),double_divide(X14,double_divide(inverse(X7),X14))))) = inverse(double_divide(double_divide(double_divide(X5,double_divide(inverse(X6),X5)),double_divide(X7,X8)),double_divide(X1,inverse(X3)))) [forward demodulation 18948,14965]
19579. inverse(double_divide(inverse(double_divide(X7,X8)),double_divide(X9,double_divide(double_divide(inverse(X0),inverse(double_divide(inverse(double_divide(X0,inverse(double_divide(inverse(double_divide(inverse(X1),double_divide(X2,X3))),double_divide(X4,double_divide(X2,X4)))))),double_divide(X5,double_divide(inverse(X6),X5))))),X9)))) = double_divide(inverse(double_divide(inverse(X1),inverse(double_divide(inverse(X3),inverse(X6))))),inverse(double_divide(inverse(X8),inverse(X7)))) [forward demodulation 18949,14669]
19581. double_divide(double_divide(inverse(X3),inverse(X1)),inverse(double_divide(inverse(X5),inverse(X4)))) = inverse(double_divide(inverse(double_divide(X4,X5)),double_divide(X0,inverse(double_divide(inverse(double_divide(inverse(X0),X1)),double_divide(X2,double_divide(X3,X2))))))) [forward demodulation 18951,14981]
19583. inverse(double_divide(inverse(double_divide(X4,X5)),double_divide(X6,double_divide(double_divide(inverse(X0),inverse(double_divide(inverse(X1),double_divide(X2,double_divide(inverse(X3),X2))))),X6)))) = double_divide(double_divide(X3,double_divide(inverse(double_divide(inverse(X0),double_divide(X8,X1))),double_divide(X9,double_divide(X8,X9)))),inverse(double_divide(inverse(X5),inverse(X4)))) [forward demodulation 18953,6]
19593. double_divide(X5,X1) = inverse(double_divide(inverse(double_divide(X0,double_divide(X1,X0))),double_divide(X4,double_divide(inverse(X5),X4)))) [forward demodulation 18963,13088]
19597. double_divide(X5,inverse(double_divide(X1,double_divide(X3,inverse(X3))))) = inverse(double_divide(inverse(double_divide(double_divide(X0,X1),double_divide(X2,double_divide(X0,X2)))),inverse(X5))) [forward demodulation 18967,14981]
19633. inverse(double_divide(X2,inverse(X5))) = inverse(double_divide(double_divide(X0,inverse(double_divide(X1,double_divide(X0,X1)))),double_divide(X5,inverse(X2)))) [forward demodulation 19003,14997]
19678. inverse(double_divide(inverse(double_divide(inverse(X4),double_divide(X5,inverse(double_divide(inverse(double_divide(inverse(inverse(X6)),inverse(double_divide(inverse(double_divide(X3,double_divide(X7,X1))),double_divide(X8,double_divide(X7,X8)))))),double_divide(X9,double_divide(inverse(X0),X9))))))),double_divide(X10,double_divide(X5,X10)))) = double_divide(X6,inverse(double_divide(inverse(inverse(X3)),inverse(double_divide(inverse(double_divide(inverse(X1),inverse(X0))),X4))))) [forward demodulation 19048,15021]
19705. double_divide(X4,double_divide(inverse(double_divide(inverse(double_divide(inverse(X5),inverse(double_divide(inverse(double_divide(X3,double_divide(X6,X1))),double_divide(X7,double_divide(X6,X7)))))),double_divide(X8,double_divide(inverse(X0),X8)))),X4)) = double_divide(X0,inverse(double_divide(double_divide(X2,inverse(double_divide(double_divide(inverse(X3),X2),inverse(X1)))),X5))) [forward demodulation 19076,15021]
19720. double_divide(inverse(double_divide(X4,inverse(double_divide(inverse(double_divide(X0,X1)),double_divide(X2,double_divide(inverse(X3),X2)))))),double_divide(X9,double_divide(X5,X9))) = double_divide(inverse(inverse(X4)),inverse(double_divide(double_divide(inverse(double_divide(X3,double_divide(X6,X1))),inverse(double_divide(double_divide(X7,double_divide(X6,X7)),double_divide(X8,double_divide(inverse(X0),X8))))),X5))) [forward demodulation 19091,15021]
19782. inverse(double_divide(inverse(double_divide(X7,double_divide(X8,inverse(double_divide(inverse(double_divide(X9,double_divide(X10,double_divide(inverse(double_divide(X6,X3)),double_divide(X11,double_divide(inverse(X1),X11)))))),double_divide(X12,double_divide(X10,X12))))))),double_divide(X13,double_divide(X8,X13)))) = double_divide(X9,inverse(double_divide(X6,double_divide(X7,inverse(inverse(inverse(double_divide(inverse(double_divide(X1,double_divide(X2,X3))),double_divide(X4,double_divide(X2,X4)))))))))) [forward demodulation 19155,19141]
19800. inverse(double_divide(inverse(double_divide(double_divide(inverse(double_divide(X6,X3)),double_divide(X7,double_divide(inverse(X1),X7))),X8)),double_divide(X9,double_divide(X10,X9)))) = double_divide(double_divide(double_divide(X5,double_divide(inverse(X6),X5)),double_divide(inverse(double_divide(inverse(X10),double_divide(X12,X8))),double_divide(X13,double_divide(X12,X13)))),inverse(double_divide(inverse(double_divide(inverse(X2),inverse(double_divide(inverse(inverse(double_divide(X1,double_divide(X2,X3)))),inverse(inverse(X0)))))),inverse(X0)))) [forward demodulation 19173,14669]
19801. inverse(double_divide(inverse(inverse(X6)),double_divide(X9,inverse(inverse(inverse(double_divide(inverse(double_divide(X1,double_divide(X2,X3))),double_divide(X4,double_divide(X2,X4))))))))) = double_divide(X9,inverse(double_divide(X7,inverse(double_divide(double_divide(inverse(X1),X7),double_divide(X6,X3)))))) [forward demodulation 19174,14997]
19829. inverse(double_divide(X6,inverse(double_divide(double_divide(X1,inverse(X3)),X9)))) = inverse(double_divide(inverse(inverse(inverse(double_divide(X6,X3)))),inverse(inverse(double_divide(inverse(double_divide(inverse(X9),double_divide(X11,double_divide(X7,double_divide(inverse(X1),X7))))),double_divide(X12,double_divide(X11,X12))))))) [forward demodulation 19202,13093]
19833. double_divide(inverse(X1),inverse(X7)) = double_divide(double_divide(X6,X3),double_divide(X7,inverse(double_divide(inverse(inverse(inverse(double_divide(inverse(double_divide(X1,double_divide(X2,X3))),double_divide(X4,double_divide(X2,X4)))))),inverse(X6))))) [forward demodulation 19206,15006]
19834. double_divide(inverse(double_divide(X6,X3)),inverse(double_divide(inverse(double_divide(inverse(X1),X9)),double_divide(X12,double_divide(inverse(X7),X12))))) = inverse(double_divide(X7,double_divide(X6,inverse(double_divide(inverse(inverse(double_divide(inverse(double_divide(X1,double_divide(X2,X3))),double_divide(X4,double_divide(X2,X4))))),X9))))) [forward demodulation 19207,14997]
19835. double_divide(inverse(inverse(X6)),inverse(double_divide(inverse(inverse(double_divide(inverse(double_divide(X1,double_divide(X2,X3))),double_divide(X4,double_divide(X2,X4))))),X7))) = double_divide(X6,inverse(double_divide(X3,inverse(double_divide(inverse(X1),X7))))) [forward demodulation 19208,15021]
19836. inverse(double_divide(X6,inverse(double_divide(double_divide(X1,inverse(X3)),X8)))) = inverse(double_divide(inverse(double_divide(X6,X3)),inverse(double_divide(inverse(X1),X8)))) [forward demodulation 19209,13131]
19862. double_divide(X8,double_divide(X1,inverse(double_divide(inverse(X3),inverse(X6))))) = inverse(double_divide(X1,double_divide(X8,inverse(double_divide(X6,X3))))) [forward demodulation 19235,14965]
19863. inverse(double_divide(X1,inverse(inverse(double_divide(inverse(double_divide(inverse(X8),double_divide(X9,double_divide(X6,X3)))),double_divide(X10,double_divide(X9,X10))))))) = double_divide(double_divide(inverse(X6),X8),inverse(double_divide(X4,inverse(double_divide(double_divide(X2,X4),double_divide(X1,double_divide(X2,X3))))))) [forward demodulation 19236,13131]
19874. double_divide(double_divide(X6,X8),inverse(double_divide(double_divide(inverse(inverse(double_divide(inverse(double_divide(X1,double_divide(X2,double_divide(inverse(X1),X3)))),double_divide(X4,double_divide(X2,X4))))),X3),X6))) = X8 [forward demodulation 19248,6]
19935. double_divide(X4,double_divide(inverse(X0),X2)) = double_divide(X4,inverse(double_divide(inverse(X2),X0))) [forward demodulation 19312,14915]
19954. inverse(double_divide(inverse(double_divide(double_divide(inverse(double_divide(X3,double_divide(X4,X1))),double_divide(X5,double_divide(X4,X5))),X6)),double_divide(X7,double_divide(inverse(X8),X7)))) = double_divide(double_divide(double_divide(X2,double_divide(inverse(X3),X2)),double_divide(X8,inverse(X6))),inverse(double_divide(double_divide(inverse(X0),X1),inverse(X0)))) [forward demodulation 19331,14965]
19965. inverse(double_divide(X1,double_divide(X2,inverse(X2)))) = X1 [forward demodulation 19343,14997]
19972. double_divide(double_divide(inverse(X1),inverse(X3)),inverse(double_divide(inverse(X0),inverse(X4)))) = inverse(double_divide(X4,double_divide(X3,double_divide(inverse(double_divide(X0,double_divide(X5,X1))),double_divide(X6,double_divide(X5,X6)))))) [forward demodulation 19351,6]
19979. inverse(double_divide(inverse(double_divide(X2,X3)),inverse(X5))) = inverse(double_divide(X2,inverse(double_divide(X0,inverse(double_divide(double_divide(X1,X0),double_divide(X5,double_divide(X1,X3)))))))) [forward demodulation 19358,14981]
20009. inverse(double_divide(inverse(double_divide(X2,X3)),double_divide(X4,double_divide(inverse(X5),X4)))) = double_divide(X5,double_divide(double_divide(inverse(inverse(X1)),inverse(X2)),inverse(double_divide(X1,inverse(double_divide(double_divide(X7,inverse(double_divide(X8,double_divide(X7,X8)))),X3)))))) [forward demodulation 19388,14805]
20044. inverse(double_divide(X2,double_divide(double_divide(X0,inverse(X1)),X4))) = inverse(double_divide(inverse(double_divide(X2,double_divide(X3,X4))),double_divide(X1,double_divide(X3,double_divide(X6,double_divide(X0,X6)))))) [forward demodulation 19423,15012]
20046. inverse(double_divide(inverse(double_divide(X4,double_divide(X5,X6))),double_divide(X7,double_divide(inverse(inverse(double_divide(X3,double_divide(X5,X1)))),X7)))) = inverse(double_divide(X4,inverse(double_divide(inverse(inverse(double_divide(inverse(X1),X6))),inverse(X3))))) [forward demodulation 19425,14820]
20047. inverse(double_divide(inverse(double_divide(X4,double_divide(X5,X6))),double_divide(X7,double_divide(inverse(inverse(double_divide(X0,double_divide(X5,X2)))),X7)))) = inverse(double_divide(X4,inverse(double_divide(double_divide(double_divide(X3,double_divide(X1,X3)),X6),double_divide(X0,double_divide(X1,X2)))))) [forward demodulation 19426,15001]
20050. inverse(double_divide(inverse(double_divide(X6,double_divide(X7,X8))),double_divide(X9,double_divide(inverse(inverse(double_divide(X2,double_divide(X7,X1)))),X9)))) = double_divide(double_divide(X1,double_divide(inverse(double_divide(inverse(double_divide(X2,double_divide(X3,X4))),double_divide(X5,double_divide(X3,X5)))),X4)),inverse(double_divide(inverse(double_divide(inverse(double_divide(inverse(X0),X0)),X8)),inverse(X6)))) [forward demodulation 19429,15006]
20055. inverse(double_divide(inverse(double_divide(X4,double_divide(X5,X6))),double_divide(X7,double_divide(inverse(inverse(double_divide(X3,double_divide(X5,X1)))),X7)))) = double_divide(inverse(inverse(X3)),inverse(double_divide(inverse(double_divide(inverse(X1),X6)),inverse(X4)))) [forward demodulation 19434,15006]
20061. inverse(double_divide(X1,double_divide(inverse(X0),X2))) = inverse(double_divide(X1,double_divide(X4,double_divide(inverse(double_divide(inverse(X2),X0)),double_divide(X3,double_divide(X4,X3)))))) [forward demodulation 19440,6]
20063. double_divide(X0,double_divide(X3,double_divide(X2,X4))) = inverse(double_divide(inverse(double_divide(X3,double_divide(X2,X4))),double_divide(X5,double_divide(inverse(X0),X5)))) [forward demodulation 19442,15001]
20070. inverse(double_divide(inverse(double_divide(X3,X4)),double_divide(X5,double_divide(inverse(X4),X5)))) = double_divide(double_divide(X0,inverse(double_divide(X1,double_divide(X0,X1)))),inverse(double_divide(X2,double_divide(X3,X2)))) [forward demodulation 19449,6]
20094. inverse(double_divide(inverse(double_divide(X2,inverse(X1))),double_divide(X3,double_divide(inverse(X4),X3)))) = double_divide(X4,double_divide(X2,double_divide(X1,double_divide(X6,inverse(double_divide(X7,double_divide(X6,X7))))))) [forward demodulation 19473,15001]
20095. double_divide(X9,inverse(double_divide(double_divide(X0,X1),double_divide(X2,inverse(double_divide(X6,double_divide(X0,X4))))))) = inverse(double_divide(inverse(double_divide(X2,inverse(double_divide(double_divide(inverse(X3),inverse(double_divide(inverse(double_divide(X3,X4)),double_divide(X5,double_divide(inverse(X6),X5))))),double_divide(X7,double_divide(X1,X7)))))),inverse(X9))) [forward demodulation 19474,14981]
20137. double_divide(X0,inverse(double_divide(inverse(X1),double_divide(X2,double_divide(inverse(X3),X2))))) = inverse(double_divide(X3,double_divide(X0,inverse(X1)))) [forward demodulation 19516,19141]
20166. double_divide(double_divide(X3,double_divide(X7,X1)),inverse(double_divide(inverse(X5),inverse(X4)))) = inverse(double_divide(double_divide(inverse(double_divide(inverse(double_divide(X0,X1)),double_divide(X2,double_divide(inverse(X3),X2)))),double_divide(X4,X5)),double_divide(double_divide(X6,double_divide(X7,X6)),inverse(X0)))) [forward demodulation 19547,19141]
20197. double_divide(X11,inverse(double_divide(inverse(double_divide(inverse(X11),inverse(double_divide(inverse(double_divide(double_divide(inverse(double_divide(X6,X3)),double_divide(X10,double_divide(inverse(X1),X10))),double_divide(X12,X8))),double_divide(X13,double_divide(X12,X13)))))),double_divide(X14,double_divide(inverse(X7),X14))))) = inverse(double_divide(double_divide(inverse(X6),double_divide(X7,X8)),double_divide(X1,inverse(X3)))) [forward demodulation 19578,14576]
20198. inverse(double_divide(inverse(double_divide(X7,X8)),double_divide(X9,double_divide(double_divide(inverse(X0),inverse(double_divide(inverse(double_divide(X0,inverse(double_divide(inverse(double_divide(inverse(X1),double_divide(X2,X3))),double_divide(X4,double_divide(X2,X4)))))),double_divide(X5,double_divide(inverse(X6),X5))))),X9)))) = inverse(double_divide(X7,inverse(double_divide(inverse(inverse(X8)),double_divide(inverse(X1),inverse(double_divide(inverse(X3),inverse(X6)))))))) [forward demodulation 19579,14820]
20200. double_divide(double_divide(inverse(X3),inverse(X1)),inverse(double_divide(inverse(X5),inverse(X4)))) = double_divide(X0,inverse(double_divide(inverse(double_divide(inverse(double_divide(inverse(X0),X1)),double_divide(X2,double_divide(X3,X2)))),double_divide(X4,X5)))) [forward demodulation 19581,15006]
20202. inverse(double_divide(inverse(double_divide(X4,X5)),double_divide(X6,double_divide(double_divide(inverse(X0),inverse(double_divide(inverse(X1),double_divide(X2,double_divide(inverse(X3),X2))))),X6)))) = inverse(double_divide(X4,double_divide(double_divide(X3,double_divide(inverse(double_divide(inverse(X0),double_divide(X8,X1))),double_divide(X9,double_divide(X8,X9)))),inverse(X5)))) [forward demodulation 19583,19141]
20212. double_divide(X5,X1) = inverse(double_divide(inverse(double_divide(X0,double_divide(X1,X0))),inverse(X5))) [forward demodulation 19593,14981]
20216. double_divide(X5,inverse(double_divide(X1,double_divide(X3,inverse(X3))))) = inverse(double_divide(double_divide(X0,X1),double_divide(X5,inverse(double_divide(X2,double_divide(X0,X2)))))) [forward demodulation 19597,14997]
20250. double_divide(X5,inverse(X2)) = inverse(double_divide(X2,inverse(X5))) [forward demodulation 19633,14493]
20295. inverse(double_divide(inverse(double_divide(inverse(X4),double_divide(X5,inverse(double_divide(inverse(double_divide(inverse(inverse(X6)),inverse(double_divide(inverse(double_divide(X3,double_divide(X7,X1))),double_divide(X8,double_divide(X7,X8)))))),double_divide(X9,double_divide(inverse(X0),X9))))))),double_divide(X10,double_divide(X5,X10)))) = inverse(double_divide(double_divide(inverse(double_divide(inverse(X1),inverse(X0))),X4),double_divide(X6,inverse(inverse(X3))))) [forward demodulation 19678,19141]
20322. inverse(double_divide(inverse(double_divide(inverse(X5),inverse(double_divide(inverse(double_divide(X3,double_divide(X6,X1))),double_divide(X7,double_divide(X6,X7)))))),double_divide(X8,double_divide(inverse(X0),X8)))) = double_divide(X0,inverse(double_divide(double_divide(X2,inverse(double_divide(double_divide(inverse(X3),X2),inverse(X1)))),X5))) [forward demodulation 19705,14576]
20337. double_divide(inverse(double_divide(X4,inverse(double_divide(inverse(double_divide(X0,X1)),double_divide(X2,double_divide(inverse(X3),X2)))))),double_divide(X9,double_divide(X5,X9))) = double_divide(inverse(inverse(X4)),inverse(double_divide(double_divide(X3,inverse(double_divide(double_divide(X6,X1),inverse(double_divide(double_divide(X7,double_divide(X6,X7)),double_divide(X8,double_divide(inverse(X0),X8))))))),X5))) [forward demodulation 19720,15021]
20399. inverse(double_divide(inverse(double_divide(X7,double_divide(X8,inverse(double_divide(inverse(double_divide(X9,double_divide(X10,double_divide(inverse(double_divide(X6,X3)),double_divide(X11,double_divide(inverse(X1),X11)))))),double_divide(X12,double_divide(X10,X12))))))),double_divide(X13,double_divide(X8,X13)))) = double_divide(X9,inverse(double_divide(X6,double_divide(X7,inverse(double_divide(inverse(double_divide(X1,double_divide(X2,X3))),double_divide(X4,double_divide(X2,X4)))))))) [forward demodulation 19782,6]
20417. inverse(double_divide(inverse(double_divide(double_divide(inverse(double_divide(X6,X3)),double_divide(X7,double_divide(inverse(X1),X7))),X8)),double_divide(X9,double_divide(X10,X9)))) = inverse(double_divide(X0,double_divide(double_divide(double_divide(X5,double_divide(inverse(X6),X5)),double_divide(inverse(double_divide(inverse(X10),double_divide(X12,X8))),double_divide(X13,double_divide(X12,X13)))),inverse(double_divide(inverse(X2),inverse(double_divide(inverse(inverse(double_divide(X1,double_divide(X2,X3)))),inverse(inverse(X0))))))))) [forward demodulation 19800,19141]
20418. double_divide(X9,inverse(double_divide(X7,inverse(double_divide(double_divide(inverse(X1),X7),double_divide(X6,X3)))))) = double_divide(X9,inverse(double_divide(inverse(inverse(inverse(double_divide(inverse(double_divide(X1,double_divide(X2,X3))),double_divide(X4,double_divide(X2,X4)))))),inverse(X6)))) [forward demodulation 19801,15006]
20446. inverse(double_divide(X6,inverse(double_divide(double_divide(X1,inverse(X3)),X9)))) = inverse(double_divide(inverse(inverse(inverse(double_divide(X6,X3)))),double_divide(inverse(double_divide(inverse(X9),double_divide(X11,double_divide(X7,double_divide(inverse(X1),X7))))),double_divide(X12,double_divide(X11,X12))))) [forward demodulation 19829,6]
20450. double_divide(inverse(X1),inverse(X7)) = double_divide(double_divide(X6,X3),inverse(double_divide(X6,double_divide(X7,inverse(inverse(inverse(double_divide(inverse(double_divide(X1,double_divide(X2,X3))),double_divide(X4,double_divide(X2,X4)))))))))) [forward demodulation 19833,19141]
20451. double_divide(inverse(double_divide(X6,X3)),inverse(double_divide(inverse(double_divide(inverse(X1),X9)),double_divide(X12,double_divide(inverse(X7),X12))))) = inverse(double_divide(X7,double_divide(X6,inverse(double_divide(double_divide(inverse(double_divide(X1,double_divide(X2,X3))),double_divide(X4,double_divide(X2,X4))),X9))))) [forward demodulation 19834,6]
20452. double_divide(inverse(inverse(X6)),inverse(double_divide(double_divide(inverse(double_divide(X1,double_divide(X2,X3))),double_divide(X4,double_divide(X2,X4))),X7))) = double_divide(X6,inverse(double_divide(X3,inverse(double_divide(inverse(X1),X7))))) [forward demodulation 19835,6]
20453. inverse(double_divide(X6,inverse(double_divide(double_divide(X1,inverse(X3)),X8)))) = inverse(double_divide(X6,double_divide(double_divide(inverse(X1),X8),inverse(X3)))) [forward demodulation 19836,14997]
20478. inverse(double_divide(X1,double_divide(X8,inverse(double_divide(X6,X3))))) = double_divide(X8,inverse(double_divide(X6,double_divide(X1,inverse(X3))))) [forward demodulation 19862,19141]
20479. inverse(double_divide(X1,double_divide(inverse(double_divide(inverse(X8),double_divide(X9,double_divide(X6,X3)))),double_divide(X10,double_divide(X9,X10))))) = double_divide(double_divide(inverse(X6),X8),inverse(double_divide(X4,inverse(double_divide(double_divide(X2,X4),double_divide(X1,double_divide(X2,X3))))))) [forward demodulation 19863,6]
20488. double_divide(double_divide(X6,X8),inverse(double_divide(double_divide(double_divide(inverse(double_divide(X1,double_divide(X2,double_divide(inverse(X1),X3)))),double_divide(X4,double_divide(X2,X4))),X3),X6))) = X8 [forward demodulation 19874,6]
20565. inverse(double_divide(inverse(double_divide(double_divide(inverse(double_divide(X3,double_divide(X4,X1))),double_divide(X5,double_divide(X4,X5))),X6)),double_divide(X7,double_divide(inverse(X8),X7)))) = double_divide(double_divide(inverse(X3),double_divide(X8,inverse(X6))),inverse(double_divide(double_divide(inverse(X0),X1),inverse(X0)))) [forward demodulation 19954,14576]
20579. double_divide(double_divide(inverse(X1),inverse(X3)),inverse(double_divide(inverse(X0),inverse(X4)))) = inverse(double_divide(X4,double_divide(X3,double_divide(X0,inverse(X1))))) [forward demodulation 19972,14965]
20586. inverse(double_divide(X2,double_divide(X5,inverse(X3)))) = inverse(double_divide(X2,inverse(double_divide(X0,inverse(double_divide(double_divide(X1,X0),double_divide(X5,double_divide(X1,X3)))))))) [forward demodulation 19979,14997]
20616. inverse(double_divide(inverse(double_divide(X2,X3)),double_divide(X4,double_divide(inverse(X5),X4)))) = double_divide(X5,double_divide(double_divide(inverse(inverse(X1)),inverse(X2)),inverse(double_divide(X1,X3)))) [forward demodulation 20009,14493]
20647. inverse(double_divide(X2,double_divide(double_divide(X0,inverse(X1)),X4))) = inverse(double_divide(X2,inverse(double_divide(double_divide(X3,X4),double_divide(X1,double_divide(X3,double_divide(X6,double_divide(X0,X6)))))))) [forward demodulation 20044,15021]
20649. inverse(double_divide(inverse(double_divide(X4,double_divide(X5,X6))),double_divide(X7,double_divide(inverse(inverse(double_divide(X3,double_divide(X5,X1)))),X7)))) = double_divide(X3,inverse(double_divide(inverse(double_divide(inverse(X1),X6)),inverse(X4)))) [forward demodulation 20046,14805]
20650. inverse(double_divide(inverse(double_divide(X4,double_divide(X5,X6))),double_divide(X7,double_divide(inverse(inverse(double_divide(X0,double_divide(X5,X2)))),X7)))) = inverse(double_divide(X4,inverse(double_divide(double_divide(X1,X6),double_divide(X0,double_divide(X1,X2)))))) [forward demodulation 20047,15001]
20653. inverse(double_divide(inverse(double_divide(X6,double_divide(X7,X8))),double_divide(X9,double_divide(inverse(inverse(double_divide(X2,double_divide(X7,X1)))),X9)))) = inverse(double_divide(X6,double_divide(double_divide(X1,double_divide(inverse(double_divide(inverse(double_divide(X2,double_divide(X3,X4))),double_divide(X5,double_divide(X3,X5)))),X4)),inverse(double_divide(inverse(double_divide(inverse(X0),X0)),X8))))) [forward demodulation 20050,19141]
20658. inverse(double_divide(inverse(double_divide(X4,double_divide(X5,X6))),double_divide(X7,double_divide(inverse(inverse(double_divide(X3,double_divide(X5,X1)))),X7)))) = inverse(double_divide(X4,inverse(double_divide(inverse(inverse(double_divide(inverse(X1),X6))),inverse(X3))))) [forward demodulation 20055,14820]
20664. inverse(double_divide(X1,double_divide(inverse(X0),X2))) = inverse(double_divide(X1,double_divide(X4,double_divide(inverse(X2),inverse(double_divide(X0,double_divide(X3,double_divide(X4,X3)))))))) [forward demodulation 20061,15021]
20666. double_divide(X0,double_divide(X3,double_divide(X2,X4))) = inverse(double_divide(inverse(double_divide(X3,double_divide(X2,X4))),inverse(X0))) [forward demodulation 20063,14981]
20671. inverse(double_divide(inverse(double_divide(X3,X4)),double_divide(X5,double_divide(inverse(X4),X5)))) = double_divide(double_divide(X0,inverse(double_divide(X1,double_divide(X0,X1)))),inverse(X3)) [forward demodulation 20070,14430]
20695. inverse(double_divide(inverse(double_divide(X2,inverse(X1))),double_divide(X3,double_divide(inverse(X4),X3)))) = double_divide(X4,double_divide(X2,inverse(X1))) [forward demodulation 20094,4678]
20696. double_divide(X9,inverse(double_divide(double_divide(X0,X1),double_divide(X2,inverse(double_divide(X6,double_divide(X0,X4))))))) = inverse(double_divide(X2,double_divide(X9,inverse(inverse(double_divide(double_divide(inverse(X3),inverse(double_divide(inverse(double_divide(X3,X4)),double_divide(X5,double_divide(inverse(X6),X5))))),double_divide(X7,double_divide(X1,X7)))))))) [forward demodulation 20095,14997]
20738. inverse(double_divide(X3,double_divide(X0,inverse(X1)))) = double_divide(X0,double_divide(inverse(double_divide(X2,double_divide(inverse(X3),X2))),X1)) [forward demodulation 20137,19935]
20756. double_divide(double_divide(X3,double_divide(X7,X1)),inverse(double_divide(inverse(X5),inverse(X4)))) = inverse(double_divide(double_divide(inverse(double_divide(inverse(double_divide(X0,X1)),double_divide(X2,double_divide(inverse(X3),X2)))),double_divide(X4,X5)),double_divide(X7,inverse(X0)))) [forward demodulation 20166,15001]
20787. inverse(double_divide(double_divide(inverse(X6),double_divide(X7,X8)),double_divide(X1,inverse(X3)))) = inverse(double_divide(inverse(inverse(X7)),inverse(inverse(double_divide(inverse(double_divide(double_divide(inverse(double_divide(X6,X3)),double_divide(X10,double_divide(inverse(X1),X10))),double_divide(X12,X8))),double_divide(X13,double_divide(X12,X13))))))) [forward demodulation 20197,13096]
20788. inverse(double_divide(inverse(double_divide(X7,X8)),double_divide(X9,double_divide(double_divide(inverse(X0),inverse(double_divide(inverse(double_divide(X0,inverse(double_divide(inverse(double_divide(inverse(X1),double_divide(X2,X3))),double_divide(X4,double_divide(X2,X4)))))),double_divide(X5,double_divide(inverse(X6),X5))))),X9)))) = inverse(double_divide(X7,double_divide(inverse(double_divide(inverse(X1),inverse(double_divide(inverse(X3),inverse(X6))))),inverse(X8)))) [forward demodulation 20198,19935]
20790. double_divide(double_divide(inverse(X3),inverse(X1)),inverse(double_divide(inverse(X5),inverse(X4)))) = double_divide(X0,double_divide(inverse(double_divide(X4,X5)),double_divide(inverse(double_divide(inverse(X0),X1)),double_divide(X2,double_divide(X3,X2))))) [forward demodulation 20200,19935]
20792. inverse(double_divide(inverse(double_divide(X4,X5)),double_divide(X6,double_divide(double_divide(inverse(X0),inverse(double_divide(inverse(X1),double_divide(X2,double_divide(inverse(X3),X2))))),X6)))) = inverse(double_divide(X4,double_divide(double_divide(X3,double_divide(inverse(X0),inverse(X1))),inverse(X5)))) [forward demodulation 20202,14965]
20802. double_divide(X5,X1) = inverse(double_divide(X0,double_divide(X5,inverse(double_divide(X1,X0))))) [forward demodulation 20212,14997]
20806. double_divide(X5,inverse(double_divide(X1,double_divide(X3,inverse(X3))))) = inverse(double_divide(double_divide(X0,X1),double_divide(X5,inverse(X0)))) [forward demodulation 20216,14430]
20884. inverse(double_divide(inverse(double_divide(inverse(X4),double_divide(X5,inverse(double_divide(inverse(double_divide(inverse(inverse(X6)),inverse(double_divide(inverse(double_divide(X3,double_divide(X7,X1))),double_divide(X8,double_divide(X7,X8)))))),double_divide(X9,double_divide(inverse(X0),X9))))))),double_divide(X10,double_divide(X5,X10)))) = inverse(double_divide(double_divide(inverse(double_divide(inverse(X1),inverse(X0))),X4),double_divide(X6,X3))) [forward demodulation 20295,6]
20911. inverse(double_divide(inverse(double_divide(inverse(X5),inverse(double_divide(inverse(double_divide(X3,double_divide(X6,X1))),double_divide(X7,double_divide(X6,X7)))))),double_divide(X8,double_divide(inverse(X0),X8)))) = double_divide(X0,inverse(double_divide(double_divide(X2,double_divide(X1,inverse(double_divide(inverse(X3),X2)))),X5))) [forward demodulation 20322,20250]
20926. double_divide(inverse(double_divide(X4,inverse(double_divide(inverse(double_divide(X0,X1)),double_divide(X2,double_divide(inverse(X3),X2)))))),double_divide(X9,double_divide(X5,X9))) = double_divide(inverse(inverse(X4)),inverse(double_divide(double_divide(X3,double_divide(double_divide(double_divide(X7,double_divide(X6,X7)),double_divide(X8,double_divide(inverse(X0),X8))),inverse(double_divide(X6,X1)))),X5))) [forward demodulation 20337,20250]
20988. inverse(double_divide(inverse(double_divide(X7,double_divide(X8,inverse(double_divide(inverse(double_divide(X9,double_divide(X10,double_divide(inverse(double_divide(X6,X3)),double_divide(X11,double_divide(inverse(X1),X11)))))),double_divide(X12,double_divide(X10,X12))))))),double_divide(X13,double_divide(X8,X13)))) = double_divide(X9,inverse(double_divide(X6,double_divide(X7,double_divide(inverse(double_divide(X4,double_divide(X2,X4))),double_divide(X1,double_divide(X2,X3))))))) [forward demodulation 20399,19935]
21006. inverse(double_divide(inverse(double_divide(double_divide(inverse(double_divide(X6,X3)),double_divide(X7,double_divide(inverse(X1),X7))),X8)),double_divide(X9,double_divide(X10,X9)))) = inverse(double_divide(X0,inverse(double_divide(double_divide(inverse(inverse(double_divide(X1,double_divide(X2,X3)))),inverse(inverse(X0))),double_divide(double_divide(double_divide(X5,double_divide(inverse(X6),X5)),double_divide(inverse(double_divide(inverse(X10),double_divide(X12,X8))),double_divide(X13,double_divide(X12,X13)))),inverse(X2)))))) [forward demodulation 20417,19141]
21007. double_divide(X9,inverse(double_divide(X7,inverse(double_divide(double_divide(inverse(X1),X7),double_divide(X6,X3)))))) = inverse(double_divide(X6,double_divide(X9,inverse(inverse(inverse(double_divide(inverse(double_divide(X1,double_divide(X2,X3))),double_divide(X4,double_divide(X2,X4))))))))) [forward demodulation 20418,19141]
21035. inverse(double_divide(X6,inverse(double_divide(double_divide(X1,inverse(X3)),X9)))) = inverse(double_divide(inverse(inverse(inverse(double_divide(X6,X3)))),inverse(double_divide(inverse(X1),inverse(inverse(X9)))))) [forward demodulation 20446,494]
21039. double_divide(inverse(X1),inverse(X7)) = double_divide(double_divide(X6,X3),inverse(double_divide(X6,double_divide(X7,inverse(double_divide(inverse(double_divide(X1,double_divide(X2,X3))),double_divide(X4,double_divide(X2,X4)))))))) [forward demodulation 20450,6]
21040. double_divide(inverse(double_divide(X6,X3)),inverse(double_divide(inverse(double_divide(inverse(X1),X9)),double_divide(X12,double_divide(inverse(X7),X12))))) = inverse(double_divide(X7,double_divide(X6,inverse(double_divide(double_divide(X1,inverse(X3)),X9))))) [forward demodulation 20451,14965]
21041. double_divide(X6,double_divide(double_divide(inverse(X1),X7),inverse(X3))) = double_divide(inverse(inverse(X6)),inverse(double_divide(double_divide(inverse(double_divide(X1,double_divide(X2,X3))),double_divide(X4,double_divide(X2,X4))),X7))) [forward demodulation 20452,20250]
21042. inverse(double_divide(X6,double_divide(double_divide(inverse(X1),X8),inverse(X3)))) = double_divide(double_divide(double_divide(X1,inverse(X3)),X8),inverse(X6)) [forward demodulation 20453,20250]
21066. inverse(double_divide(X1,double_divide(inverse(double_divide(inverse(X8),double_divide(X9,double_divide(X6,X3)))),double_divide(X10,double_divide(X9,X10))))) = double_divide(double_divide(inverse(X6),X8),double_divide(double_divide(double_divide(X2,X4),double_divide(X1,double_divide(X2,X3))),inverse(X4))) [forward demodulation 20479,20250]
21074. double_divide(double_divide(X6,X8),inverse(double_divide(double_divide(inverse(X3),X3),X6))) = X8 [forward demodulation 20488,170]
21145. inverse(double_divide(inverse(double_divide(double_divide(inverse(double_divide(X3,double_divide(X4,X1))),double_divide(X5,double_divide(X4,X5))),X6)),double_divide(X7,double_divide(inverse(X8),X7)))) = double_divide(double_divide(inverse(X3),double_divide(X8,inverse(X6))),double_divide(X0,inverse(double_divide(inverse(X0),X1)))) [forward demodulation 20565,20250]
21158. inverse(double_divide(X4,double_divide(X3,double_divide(X0,inverse(X1))))) = inverse(double_divide(X4,double_divide(double_divide(inverse(X1),inverse(X3)),inverse(X0)))) [forward demodulation 20579,19141]
21164. inverse(double_divide(X2,double_divide(X5,inverse(X3)))) = double_divide(double_divide(X0,inverse(double_divide(double_divide(X1,X0),double_divide(X5,double_divide(X1,X3))))),inverse(X2)) [forward demodulation 20586,20250]
21191. inverse(double_divide(inverse(double_divide(X2,X3)),double_divide(X4,double_divide(inverse(X5),X4)))) = double_divide(X5,double_divide(double_divide(X1,inverse(X2)),inverse(double_divide(X1,X3)))) [forward demodulation 20616,6]
21221. inverse(double_divide(X2,double_divide(double_divide(X0,inverse(X1)),X4))) = double_divide(double_divide(double_divide(X3,X4),double_divide(X1,double_divide(X3,double_divide(X6,double_divide(X0,X6))))),inverse(X2)) [forward demodulation 20647,20250]
21223. inverse(double_divide(inverse(double_divide(X4,double_divide(X5,X6))),double_divide(X7,double_divide(inverse(inverse(double_divide(X3,double_divide(X5,X1)))),X7)))) = inverse(double_divide(X4,double_divide(X3,inverse(double_divide(inverse(X1),X6))))) [forward demodulation 20649,19141]
21224. inverse(double_divide(inverse(double_divide(X4,double_divide(X5,X6))),double_divide(X7,double_divide(inverse(inverse(double_divide(X0,double_divide(X5,X2)))),X7)))) = double_divide(double_divide(double_divide(X1,X6),double_divide(X0,double_divide(X1,X2))),inverse(X4)) [forward demodulation 20650,20250]
21227. inverse(double_divide(inverse(double_divide(X6,double_divide(X7,X8))),double_divide(X9,double_divide(inverse(inverse(double_divide(X2,double_divide(X7,X1)))),X9)))) = inverse(double_divide(X6,double_divide(double_divide(X1,double_divide(inverse(double_divide(inverse(double_divide(X2,double_divide(X3,X4))),double_divide(X5,double_divide(X3,X5)))),X4)),double_divide(inverse(X8),double_divide(inverse(X0),X0))))) [forward demodulation 20653,19935]
21232. inverse(double_divide(inverse(double_divide(X4,double_divide(X5,X6))),double_divide(X7,double_divide(inverse(inverse(double_divide(X3,double_divide(X5,X1)))),X7)))) = double_divide(X3,inverse(double_divide(inverse(double_divide(inverse(X1),X6)),inverse(X4)))) [forward demodulation 20658,14805]
21236. inverse(double_divide(X1,double_divide(inverse(X0),X2))) = inverse(double_divide(X1,double_divide(inverse(double_divide(X4,double_divide(X0,double_divide(X3,double_divide(X4,X3))))),X2))) [forward demodulation 20664,15012]
21238. double_divide(X0,double_divide(X3,double_divide(X2,X4))) = inverse(double_divide(X3,double_divide(X0,inverse(double_divide(X2,X4))))) [forward demodulation 20666,14997]
21243. inverse(double_divide(inverse(double_divide(X3,X4)),double_divide(X5,double_divide(inverse(X4),X5)))) = double_divide(double_divide(X0,inverse(X0)),inverse(X3)) [forward demodulation 20671,14430]
21262. double_divide(X4,double_divide(X2,inverse(X1))) = inverse(double_divide(inverse(double_divide(X2,inverse(X1))),inverse(X4))) [forward demodulation 20695,14981]
21263. double_divide(X9,inverse(double_divide(double_divide(X0,X1),double_divide(X2,inverse(double_divide(X6,double_divide(X0,X4))))))) = inverse(double_divide(X2,double_divide(X9,double_divide(double_divide(inverse(X3),inverse(double_divide(inverse(double_divide(X3,X4)),double_divide(X5,double_divide(inverse(X6),X5))))),double_divide(X7,double_divide(X1,X7)))))) [forward demodulation 20696,6]
21305. inverse(double_divide(X3,double_divide(X0,inverse(X1)))) = double_divide(X0,double_divide(X2,inverse(double_divide(double_divide(inverse(X3),X2),X1)))) [forward demodulation 20738,15021]
21318. double_divide(double_divide(X3,double_divide(X7,X1)),inverse(double_divide(inverse(X5),inverse(X4)))) = inverse(double_divide(double_divide(inverse(double_divide(X0,X1)),inverse(double_divide(double_divide(X2,double_divide(inverse(X3),X2)),double_divide(X4,X5)))),double_divide(X7,inverse(X0)))) [forward demodulation 20756,15021]
21344. inverse(double_divide(double_divide(inverse(X6),double_divide(X7,X8)),double_divide(X1,inverse(X3)))) = double_divide(inverse(double_divide(inverse(double_divide(double_divide(inverse(double_divide(X6,X3)),double_divide(X10,double_divide(inverse(X1),X10))),double_divide(X12,X8))),double_divide(X13,double_divide(X12,X13)))),inverse(inverse(inverse(X7)))) [forward demodulation 20787,20250]
21345. inverse(double_divide(inverse(double_divide(X7,X8)),double_divide(X9,double_divide(double_divide(inverse(X0),inverse(double_divide(inverse(double_divide(X0,inverse(double_divide(inverse(double_divide(inverse(X1),double_divide(X2,X3))),double_divide(X4,double_divide(X2,X4)))))),double_divide(X5,double_divide(inverse(X6),X5))))),X9)))) = inverse(double_divide(inverse(double_divide(X7,X8)),double_divide(inverse(X1),inverse(double_divide(inverse(X3),inverse(X6)))))) [forward demodulation 20788,15012]
21347. double_divide(double_divide(inverse(X3),inverse(X1)),inverse(double_divide(inverse(X5),inverse(X4)))) = double_divide(X0,double_divide(X4,inverse(double_divide(X5,double_divide(inverse(double_divide(inverse(X0),X1)),double_divide(X2,double_divide(X3,X2))))))) [forward demodulation 20790,15021]
21349. inverse(double_divide(inverse(double_divide(X4,X5)),double_divide(X6,double_divide(double_divide(inverse(X0),inverse(double_divide(inverse(X1),double_divide(X2,double_divide(inverse(X3),X2))))),X6)))) = inverse(double_divide(X4,double_divide(double_divide(inverse(double_divide(X3,X1)),X0),inverse(X5)))) [forward demodulation 20792,15012]
21357. inverse(double_divide(double_divide(X0,X1),double_divide(X5,inverse(X0)))) = inverse(double_divide(X3,double_divide(X5,inverse(double_divide(X1,X3))))) [forward demodulation 20806,20478]
21430. inverse(double_divide(inverse(double_divide(inverse(X4),double_divide(X5,inverse(double_divide(inverse(double_divide(inverse(inverse(X6)),inverse(double_divide(inverse(double_divide(X3,double_divide(X7,X1))),double_divide(X8,double_divide(X7,X8)))))),double_divide(X9,double_divide(inverse(X0),X9))))))),double_divide(X10,double_divide(X5,X10)))) = inverse(double_divide(double_divide(inverse(X1),inverse(double_divide(inverse(X0),X4))),double_divide(X6,X3))) [forward demodulation 20884,15021]
21457. inverse(double_divide(inverse(double_divide(inverse(X5),inverse(double_divide(inverse(double_divide(X3,double_divide(X6,X1))),double_divide(X7,double_divide(X6,X7)))))),double_divide(X8,double_divide(inverse(X0),X8)))) = double_divide(X0,inverse(double_divide(inverse(double_divide(X1,inverse(X3))),X5))) [forward demodulation 20911,19238]
21472. double_divide(inverse(double_divide(X4,inverse(double_divide(inverse(double_divide(X0,X1)),double_divide(X2,double_divide(inverse(X3),X2)))))),double_divide(X9,double_divide(X5,X9))) = double_divide(inverse(inverse(X4)),inverse(double_divide(double_divide(X3,double_divide(double_divide(double_divide(X7,double_divide(X6,X7)),inverse(X0)),inverse(double_divide(X6,X1)))),X5))) [forward demodulation 20926,14576]
21533. inverse(double_divide(inverse(double_divide(X7,double_divide(X8,inverse(double_divide(inverse(double_divide(X9,double_divide(X10,double_divide(inverse(double_divide(X6,X3)),double_divide(X11,double_divide(inverse(X1),X11)))))),double_divide(X12,double_divide(X10,X12))))))),double_divide(X13,double_divide(X8,X13)))) = double_divide(X9,inverse(double_divide(X6,double_divide(X7,double_divide(X4,inverse(double_divide(double_divide(X2,X4),double_divide(X1,double_divide(X2,X3))))))))) [forward demodulation 20988,15021]
21551. inverse(double_divide(inverse(double_divide(double_divide(inverse(double_divide(X6,X3)),double_divide(X7,double_divide(inverse(X1),X7))),X8)),double_divide(X9,double_divide(X10,X9)))) = double_divide(double_divide(double_divide(inverse(inverse(double_divide(X1,double_divide(X2,X3)))),inverse(inverse(X0))),double_divide(double_divide(double_divide(X5,double_divide(inverse(X6),X5)),double_divide(inverse(double_divide(inverse(X10),double_divide(X12,X8))),double_divide(X13,double_divide(X12,X13)))),inverse(X2))),inverse(X0)) [forward demodulation 21006,20250]
21552. double_divide(X9,inverse(double_divide(X7,inverse(double_divide(double_divide(inverse(X1),X7),double_divide(X6,X3)))))) = inverse(double_divide(X6,double_divide(X9,inverse(double_divide(inverse(double_divide(X1,double_divide(X2,X3))),double_divide(X4,double_divide(X2,X4))))))) [forward demodulation 21007,6]
21580. inverse(double_divide(X6,inverse(double_divide(double_divide(X1,inverse(X3)),X9)))) = double_divide(inverse(X9),inverse(double_divide(X1,inverse(inverse(inverse(inverse(double_divide(X6,X3)))))))) [forward demodulation 21035,14805]
21584. double_divide(inverse(X1),inverse(X7)) = inverse(double_divide(X7,double_divide(double_divide(X6,X3),inverse(double_divide(X6,double_divide(inverse(double_divide(X1,double_divide(X2,X3))),double_divide(X4,double_divide(X2,X4)))))))) [forward demodulation 21039,20478]
21585. inverse(double_divide(X7,double_divide(X6,inverse(double_divide(double_divide(X1,inverse(X3)),X9))))) = inverse(double_divide(X7,double_divide(inverse(double_divide(X6,X3)),inverse(double_divide(inverse(X1),X9))))) [forward demodulation 21040,14370]
21586. double_divide(X6,double_divide(double_divide(inverse(X1),X7),inverse(X3))) = double_divide(inverse(inverse(X6)),inverse(double_divide(double_divide(X1,inverse(X3)),X7))) [forward demodulation 21041,14965]
21606. double_divide(double_divide(inverse(X6),X8),double_divide(double_divide(double_divide(X2,X4),double_divide(X1,double_divide(X2,X3))),inverse(X4))) = inverse(double_divide(X1,double_divide(inverse(X8),inverse(double_divide(X6,X3))))) [forward demodulation 21066,14965]
21614. double_divide(double_divide(X6,X8),inverse(inverse(X6))) = X8 [forward demodulation 21074,14712]
21683. inverse(double_divide(inverse(double_divide(double_divide(inverse(double_divide(X3,double_divide(X4,X1))),double_divide(X5,double_divide(X4,X5))),X6)),double_divide(X7,double_divide(inverse(X8),X7)))) = double_divide(double_divide(inverse(X3),double_divide(X8,inverse(X6))),inverse(X1)) [forward demodulation 21145,13127]
21695. inverse(double_divide(X4,double_divide(X3,double_divide(X0,inverse(X1))))) = double_divide(double_divide(double_divide(X1,inverse(X0)),inverse(X3)),inverse(X4)) [forward demodulation 21158,21042]
21720. inverse(double_divide(inverse(double_divide(X2,X3)),inverse(X5))) = double_divide(X5,double_divide(double_divide(X1,inverse(X2)),inverse(double_divide(X1,X3)))) [forward demodulation 21191,14981]
21748. inverse(double_divide(X2,double_divide(double_divide(X0,inverse(X1)),X4))) = double_divide(double_divide(double_divide(X3,X4),double_divide(X1,double_divide(X3,X0))),inverse(X2)) [forward demodulation 21221,15001]
21749. inverse(double_divide(inverse(double_divide(X4,double_divide(X5,X6))),double_divide(X7,double_divide(inverse(inverse(double_divide(X3,double_divide(X5,X1)))),X7)))) = inverse(double_divide(X4,double_divide(X3,double_divide(inverse(X6),X1)))) [forward demodulation 21223,19935]
21750. double_divide(double_divide(double_divide(X1,X6),double_divide(X0,double_divide(X1,X2))),inverse(X4)) = inverse(double_divide(inverse(double_divide(X4,double_divide(X5,X6))),inverse(inverse(double_divide(X0,double_divide(X5,X2)))))) [forward demodulation 21224,14981]
21753. inverse(double_divide(inverse(double_divide(X6,double_divide(X7,X8))),double_divide(X9,double_divide(inverse(inverse(double_divide(X2,double_divide(X7,X1)))),X9)))) = inverse(double_divide(X6,double_divide(double_divide(X1,double_divide(inverse(double_divide(inverse(double_divide(X2,double_divide(X3,X4))),double_divide(X5,double_divide(X3,X5)))),X4)),inverse(inverse(X8))))) [forward demodulation 21227,14572]
21757. inverse(double_divide(inverse(double_divide(X4,double_divide(X5,X6))),double_divide(X7,double_divide(inverse(inverse(double_divide(X3,double_divide(X5,X1)))),X7)))) = inverse(double_divide(X4,double_divide(X3,inverse(double_divide(inverse(X1),X6))))) [forward demodulation 21232,19141]
21760. inverse(double_divide(X1,double_divide(inverse(X0),X2))) = inverse(double_divide(X1,double_divide(X4,inverse(double_divide(double_divide(X0,double_divide(X3,double_divide(X4,X3))),X2))))) [forward demodulation 21236,15021]
21763. inverse(double_divide(inverse(double_divide(X3,X4)),inverse(X4))) = double_divide(double_divide(X0,inverse(X0)),inverse(X3)) [forward demodulation 21243,14981]
21779. double_divide(X4,double_divide(X2,inverse(X1))) = inverse(double_divide(X2,double_divide(X4,inverse(inverse(X1))))) [forward demodulation 21262,14997]
21780. double_divide(X9,inverse(double_divide(double_divide(X0,X1),double_divide(X2,inverse(double_divide(X6,double_divide(X0,X4))))))) = inverse(double_divide(X2,double_divide(X9,double_divide(double_divide(inverse(X3),inverse(double_divide(inverse(double_divide(X3,X4)),double_divide(X5,double_divide(inverse(X6),X5))))),X1)))) [forward demodulation 21263,15001]
21831. double_divide(double_divide(X3,double_divide(X7,X1)),inverse(double_divide(inverse(X5),inverse(X4)))) = inverse(double_divide(double_divide(X0,inverse(double_divide(X1,inverse(double_divide(double_divide(X2,double_divide(inverse(X3),X2)),double_divide(X4,X5)))))),double_divide(X7,inverse(X0)))) [forward demodulation 21318,15021]
21855. inverse(double_divide(double_divide(inverse(X6),double_divide(X7,X8)),double_divide(X1,inverse(X3)))) = double_divide(inverse(double_divide(double_divide(inverse(double_divide(X6,X3)),double_divide(X10,double_divide(inverse(X1),X10))),double_divide(X12,X8))),inverse(double_divide(double_divide(X13,double_divide(X12,X13)),inverse(inverse(inverse(X7)))))) [forward demodulation 21344,15021]
21856. inverse(double_divide(inverse(double_divide(X7,X8)),double_divide(X9,double_divide(double_divide(inverse(X0),inverse(double_divide(inverse(double_divide(X0,inverse(double_divide(inverse(double_divide(inverse(X1),double_divide(X2,X3))),double_divide(X4,double_divide(X2,X4)))))),double_divide(X5,double_divide(inverse(X6),X5))))),X9)))) = double_divide(inverse(X1),inverse(double_divide(inverse(double_divide(inverse(X3),inverse(X6))),double_divide(X7,X8)))) [forward demodulation 21345,15006]
21858. double_divide(double_divide(inverse(X3),inverse(X1)),inverse(double_divide(inverse(X5),inverse(X4)))) = double_divide(X0,double_divide(X4,inverse(double_divide(X5,double_divide(inverse(X0),inverse(double_divide(X1,double_divide(X2,double_divide(X3,X2))))))))) [forward demodulation 21347,15021]
21860. inverse(double_divide(inverse(double_divide(X4,X5)),double_divide(X6,double_divide(double_divide(inverse(X0),inverse(double_divide(inverse(X1),double_divide(X2,double_divide(inverse(X3),X2))))),X6)))) = double_divide(double_divide(double_divide(double_divide(X3,X1),inverse(X5)),X0),inverse(X4)) [forward demodulation 21349,21042]
21868. double_divide(X5,X1) = inverse(double_divide(double_divide(X0,X1),double_divide(X5,inverse(X0)))) [forward demodulation 21357,20802]
21939. inverse(double_divide(inverse(double_divide(inverse(X4),double_divide(X5,inverse(double_divide(inverse(double_divide(inverse(inverse(X6)),inverse(double_divide(inverse(double_divide(X3,double_divide(X7,X1))),double_divide(X8,double_divide(X7,X8)))))),double_divide(X9,double_divide(inverse(X0),X9))))))),double_divide(X10,double_divide(X5,X10)))) = inverse(double_divide(double_divide(inverse(X1),double_divide(inverse(X4),X0)),double_divide(X6,X3))) [forward demodulation 21430,19935]
21966. inverse(double_divide(inverse(double_divide(inverse(X5),inverse(double_divide(inverse(double_divide(X3,double_divide(X6,X1))),double_divide(X7,double_divide(X6,X7)))))),double_divide(X8,double_divide(inverse(X0),X8)))) = double_divide(X0,double_divide(inverse(X5),double_divide(X1,inverse(X3)))) [forward demodulation 21457,19935]
21981. double_divide(inverse(double_divide(X4,inverse(double_divide(inverse(double_divide(X0,X1)),double_divide(X2,double_divide(inverse(X3),X2)))))),double_divide(X9,double_divide(X5,X9))) = double_divide(inverse(inverse(X4)),inverse(double_divide(double_divide(X3,double_divide(double_divide(X6,inverse(X0)),inverse(double_divide(X6,X1)))),X5))) [forward demodulation 21472,15001]
22041. double_divide(X9,inverse(double_divide(X6,double_divide(X7,double_divide(X4,inverse(double_divide(double_divide(X2,X4),double_divide(X1,double_divide(X2,X3))))))))) = inverse(double_divide(X7,inverse(inverse(double_divide(inverse(double_divide(X9,double_divide(X10,double_divide(inverse(double_divide(X6,X3)),double_divide(X11,double_divide(inverse(X1),X11)))))),double_divide(X12,double_divide(X10,X12))))))) [forward demodulation 21533,13131]
22059. inverse(double_divide(inverse(double_divide(double_divide(inverse(double_divide(X6,X3)),double_divide(X7,double_divide(inverse(X1),X7))),X8)),double_divide(X9,double_divide(X10,X9)))) = double_divide(double_divide(double_divide(inverse(inverse(double_divide(X1,double_divide(X2,X3)))),inverse(inverse(X0))),double_divide(double_divide(double_divide(X5,double_divide(inverse(X6),X5)),double_divide(inverse(X10),inverse(X8))),inverse(X2))),inverse(X0)) [forward demodulation 21551,14965]
22060. double_divide(X9,inverse(double_divide(X7,inverse(double_divide(double_divide(inverse(X1),X7),double_divide(X6,X3)))))) = double_divide(X9,double_divide(X6,double_divide(inverse(double_divide(X1,double_divide(X2,X3))),double_divide(X4,double_divide(X2,X4))))) [forward demodulation 21552,21238]
22088. inverse(double_divide(X6,inverse(double_divide(double_divide(X1,inverse(X3)),X9)))) = inverse(double_divide(inverse(inverse(inverse(double_divide(X6,X3)))),inverse(double_divide(inverse(X1),X9)))) [forward demodulation 21580,14820]
22092. double_divide(inverse(X1),inverse(X7)) = double_divide(double_divide(X6,X3),double_divide(X7,double_divide(X6,double_divide(inverse(double_divide(X1,double_divide(X2,X3))),double_divide(X4,double_divide(X2,X4)))))) [forward demodulation 21584,21238]
22093. inverse(double_divide(X7,double_divide(X6,inverse(double_divide(double_divide(X1,inverse(X3)),X9))))) = double_divide(inverse(double_divide(X6,X3)),double_divide(X7,double_divide(inverse(X1),X9))) [forward demodulation 21585,21238]
22094. double_divide(X6,double_divide(double_divide(inverse(X1),X7),inverse(X3))) = double_divide(X6,inverse(double_divide(double_divide(X1,inverse(X3)),X7))) [forward demodulation 21586,6]
22112. double_divide(double_divide(inverse(X6),X8),double_divide(double_divide(double_divide(X2,X4),double_divide(X1,double_divide(X2,X3))),inverse(X4))) = double_divide(inverse(X8),double_divide(X1,double_divide(X6,X3))) [forward demodulation 21606,21238]
22120. double_divide(double_divide(X6,X8),X6) = X8 [forward demodulation 21614,6]
22174. double_divide(double_divide(inverse(X3),double_divide(X8,inverse(X6))),inverse(X1)) = inverse(double_divide(inverse(double_divide(double_divide(inverse(double_divide(X3,double_divide(X4,X1))),double_divide(X5,double_divide(X4,X5))),X6)),inverse(X8))) [forward demodulation 21683,14981]
22206. inverse(double_divide(X2,double_divide(X5,inverse(X3)))) = double_divide(X5,double_divide(double_divide(X1,inverse(X2)),inverse(double_divide(X1,X3)))) [forward demodulation 21720,14997]
22233. inverse(double_divide(X4,double_divide(X3,double_divide(inverse(X6),X1)))) = inverse(double_divide(inverse(double_divide(X4,double_divide(X5,X6))),inverse(inverse(double_divide(X3,double_divide(X5,X1)))))) [forward demodulation 21749,14981]
22234. double_divide(double_divide(double_divide(X1,X6),double_divide(X0,double_divide(X1,X2))),inverse(X4)) = inverse(double_divide(X4,double_divide(inverse(double_divide(X0,double_divide(X5,X2))),inverse(double_divide(X5,X6))))) [forward demodulation 21750,14997]
22237. inverse(double_divide(inverse(double_divide(X6,double_divide(X7,X8))),double_divide(X9,double_divide(inverse(inverse(double_divide(X2,double_divide(X7,X1)))),X9)))) = inverse(double_divide(X6,double_divide(double_divide(X1,double_divide(inverse(double_divide(inverse(double_divide(X2,double_divide(X3,X4))),double_divide(X5,double_divide(X3,X5)))),X4)),X8))) [forward demodulation 21753,6]
22241. inverse(double_divide(inverse(double_divide(X4,double_divide(X5,X6))),double_divide(X7,double_divide(inverse(inverse(double_divide(X3,double_divide(X5,X1)))),X7)))) = double_divide(X3,double_divide(X4,double_divide(inverse(X1),X6))) [forward demodulation 21757,21238]
22243. inverse(double_divide(X1,double_divide(inverse(X0),X2))) = double_divide(X4,double_divide(X1,double_divide(double_divide(X0,double_divide(X3,double_divide(X4,X3))),X2))) [forward demodulation 21760,21238]
22245. double_divide(double_divide(X0,inverse(X0)),inverse(X3)) = inverse(double_divide(X3,double_divide(X4,inverse(X4)))) [forward demodulation 21763,14997]
22260. double_divide(X4,double_divide(X2,inverse(X1))) = inverse(double_divide(X2,double_divide(X4,X1))) [forward demodulation 21779,6]
22261. double_divide(X9,inverse(double_divide(double_divide(X0,X1),double_divide(X2,inverse(double_divide(X6,double_divide(X0,X4))))))) = inverse(double_divide(X2,double_divide(X9,double_divide(inverse(double_divide(inverse(inverse(X6)),inverse(X4))),X1)))) [forward demodulation 21780,13093]
22303. double_divide(double_divide(X3,double_divide(X7,X1)),inverse(double_divide(inverse(X5),inverse(X4)))) = inverse(double_divide(double_divide(X0,double_divide(double_divide(double_divide(X2,double_divide(inverse(X3),X2)),double_divide(X4,X5)),inverse(X1))),double_divide(X7,inverse(X0)))) [forward demodulation 21831,20250]
22327. inverse(double_divide(double_divide(inverse(X6),double_divide(X7,X8)),double_divide(X1,inverse(X3)))) = inverse(double_divide(inverse(inverse(X7)),inverse(double_divide(inverse(double_divide(X13,double_divide(X12,X13))),double_divide(double_divide(inverse(double_divide(X6,X3)),double_divide(X10,double_divide(inverse(X1),X10))),double_divide(X12,X8)))))) [forward demodulation 21855,14820]
22328. inverse(double_divide(inverse(double_divide(X7,X8)),double_divide(X9,double_divide(double_divide(inverse(X0),inverse(double_divide(inverse(double_divide(X0,inverse(double_divide(inverse(double_divide(inverse(X1),double_divide(X2,X3))),double_divide(X4,double_divide(X2,X4)))))),double_divide(X5,double_divide(inverse(X6),X5))))),X9)))) = double_divide(inverse(X1),double_divide(inverse(double_divide(X7,X8)),double_divide(inverse(X3),inverse(X6)))) [forward demodulation 21856,19935]
22330. double_divide(double_divide(inverse(X3),inverse(X1)),inverse(double_divide(inverse(X5),inverse(X4)))) = double_divide(X0,inverse(double_divide(inverse(X0),double_divide(X4,inverse(double_divide(X5,double_divide(X1,double_divide(X2,double_divide(X3,X2))))))))) [forward demodulation 21858,20478]
22332. double_divide(double_divide(double_divide(double_divide(X3,X1),inverse(X5)),X0),inverse(X4)) = inverse(double_divide(inverse(double_divide(X4,X5)),double_divide(inverse(X0),inverse(double_divide(inverse(X1),double_divide(X2,double_divide(inverse(X3),X2))))))) [forward demodulation 21860,14981]
22401. inverse(double_divide(double_divide(inverse(X1),double_divide(inverse(X4),X0)),double_divide(X6,X3))) = inverse(double_divide(inverse(X4),inverse(inverse(double_divide(inverse(double_divide(inverse(inverse(X6)),inverse(double_divide(inverse(double_divide(X3,double_divide(X7,X1))),double_divide(X8,double_divide(X7,X8)))))),double_divide(X9,double_divide(inverse(X0),X9))))))) [forward demodulation 21939,13131]
22428. inverse(double_divide(inverse(double_divide(inverse(X5),inverse(double_divide(inverse(double_divide(X3,double_divide(X6,X1))),double_divide(X7,double_divide(X6,X7)))))),inverse(X0))) = double_divide(X0,double_divide(inverse(X5),double_divide(X1,inverse(X3)))) [forward demodulation 21966,14981]
22443. double_divide(inverse(double_divide(X4,inverse(double_divide(inverse(double_divide(X0,X1)),double_divide(X2,double_divide(inverse(X3),X2)))))),double_divide(X9,double_divide(X5,X9))) = double_divide(X4,inverse(double_divide(double_divide(X3,double_divide(double_divide(X6,inverse(X0)),inverse(double_divide(X6,X1)))),X5))) [forward demodulation 21981,6]
22503. double_divide(X9,inverse(double_divide(X6,double_divide(X7,double_divide(X4,inverse(double_divide(double_divide(X2,X4),double_divide(X1,double_divide(X2,X3))))))))) = double_divide(inverse(double_divide(inverse(double_divide(X9,double_divide(X10,double_divide(inverse(double_divide(X6,X3)),double_divide(X11,double_divide(inverse(X1),X11)))))),double_divide(X12,double_divide(X10,X12)))),inverse(X7)) [forward demodulation 22041,20250]
22520. inverse(double_divide(inverse(double_divide(double_divide(inverse(double_divide(X6,X3)),double_divide(X7,double_divide(inverse(X1),X7))),X8)),double_divide(X9,double_divide(X10,X9)))) = double_divide(double_divide(double_divide(inverse(inverse(double_divide(X1,double_divide(X2,X3)))),inverse(inverse(X0))),double_divide(double_divide(inverse(double_divide(double_divide(X5,double_divide(inverse(X6),X5)),X8)),X10),inverse(X2))),inverse(X0)) [forward demodulation 22059,15012]
22521. double_divide(X9,inverse(double_divide(X7,inverse(double_divide(double_divide(inverse(X1),X7),double_divide(X6,X3)))))) = double_divide(X9,double_divide(X6,double_divide(X1,inverse(X3)))) [forward demodulation 22060,14965]
22547. inverse(double_divide(X6,inverse(double_divide(double_divide(X1,inverse(X3)),X9)))) = double_divide(double_divide(inverse(X1),X9),inverse(inverse(inverse(inverse(double_divide(X6,X3)))))) [forward demodulation 22088,20250]
22551. double_divide(inverse(X1),inverse(X7)) = double_divide(double_divide(X6,X3),double_divide(X7,double_divide(X6,double_divide(X1,inverse(X3))))) [forward demodulation 22092,14965]
22552. inverse(double_divide(X7,double_divide(X6,inverse(double_divide(double_divide(X1,inverse(X3)),X9))))) = double_divide(X6,inverse(double_divide(X3,double_divide(X7,double_divide(inverse(X1),X9))))) [forward demodulation 22093,15021]
22567. double_divide(inverse(X8),double_divide(X1,double_divide(X6,X3))) = double_divide(double_divide(inverse(X6),X8),inverse(double_divide(X4,double_divide(double_divide(X3,inverse(X1)),X4)))) [forward demodulation 22112,21748]
22620. double_divide(double_divide(inverse(X3),double_divide(X8,inverse(X6))),inverse(X1)) = inverse(double_divide(double_divide(inverse(double_divide(X3,double_divide(X4,X1))),double_divide(X5,double_divide(X4,X5))),double_divide(X8,inverse(X6)))) [forward demodulation 22174,14997]
22671. inverse(double_divide(X4,double_divide(X3,double_divide(inverse(X6),X1)))) = inverse(double_divide(X4,double_divide(inverse(double_divide(X3,double_divide(X5,X1))),inverse(double_divide(X5,X6))))) [forward demodulation 22233,14997]
22672. double_divide(double_divide(double_divide(X1,X6),double_divide(X0,double_divide(X1,X2))),inverse(X4)) = double_divide(inverse(double_divide(X0,double_divide(X5,X2))),double_divide(X4,double_divide(X5,X6))) [forward demodulation 22234,21238]
22675. inverse(double_divide(inverse(double_divide(X6,double_divide(X7,X8))),double_divide(X9,double_divide(inverse(inverse(double_divide(X2,double_divide(X7,X1)))),X9)))) = inverse(double_divide(X6,double_divide(double_divide(X1,double_divide(inverse(double_divide(X2,double_divide(X3,X4))),inverse(double_divide(double_divide(X5,double_divide(X3,X5)),X4)))),X8))) [forward demodulation 22237,15021]
22679. inverse(double_divide(inverse(double_divide(X4,double_divide(X5,X6))),inverse(inverse(double_divide(X3,double_divide(X5,X1)))))) = double_divide(X3,double_divide(X4,double_divide(inverse(X1),X6))) [forward demodulation 22241,14981]
22681. inverse(double_divide(X1,double_divide(inverse(X0),X2))) = double_divide(X4,double_divide(X1,double_divide(double_divide(X0,X4),X2))) [forward demodulation 22243,15001]
22683. double_divide(double_divide(X0,inverse(X0)),inverse(X3)) = X3 [forward demodulation 22245,19965]
22696. double_divide(X9,inverse(double_divide(double_divide(X0,X1),double_divide(X2,inverse(double_divide(X6,double_divide(X0,X4))))))) = inverse(double_divide(X2,double_divide(X9,double_divide(inverse(inverse(X6)),inverse(double_divide(inverse(X4),X1)))))) [forward demodulation 22261,15021]
22737. double_divide(double_divide(X3,double_divide(X7,X1)),inverse(double_divide(inverse(X5),inverse(X4)))) = double_divide(X7,double_divide(double_divide(double_divide(X2,double_divide(inverse(X3),X2)),double_divide(X4,X5)),inverse(X1))) [forward demodulation 22303,21868]
22761. inverse(double_divide(double_divide(inverse(X6),double_divide(X7,X8)),double_divide(X1,inverse(X3)))) = double_divide(double_divide(inverse(double_divide(X13,double_divide(X12,X13))),double_divide(double_divide(inverse(double_divide(X6,X3)),double_divide(X10,double_divide(inverse(X1),X10))),double_divide(X12,X8))),inverse(inverse(inverse(X7)))) [forward demodulation 22327,20250]
22762. inverse(double_divide(inverse(double_divide(X7,X8)),double_divide(X9,double_divide(double_divide(inverse(X0),inverse(double_divide(inverse(double_divide(X0,inverse(double_divide(inverse(double_divide(inverse(X1),double_divide(X2,X3))),double_divide(X4,double_divide(X2,X4)))))),double_divide(X5,double_divide(inverse(X6),X5))))),X9)))) = double_divide(inverse(X1),double_divide(X7,inverse(double_divide(X8,double_divide(inverse(X3),inverse(X6)))))) [forward demodulation 22328,15021]
22764. double_divide(double_divide(inverse(X3),inverse(X1)),inverse(double_divide(inverse(X5),inverse(X4)))) = inverse(double_divide(X4,inverse(double_divide(X5,double_divide(X1,double_divide(X2,double_divide(X3,X2))))))) [forward demodulation 22330,13127]
22766. double_divide(double_divide(double_divide(double_divide(X3,X1),inverse(X5)),X0),inverse(X4)) = double_divide(inverse(X0),inverse(double_divide(inverse(double_divide(inverse(X1),double_divide(X2,double_divide(inverse(X3),X2)))),double_divide(X4,X5)))) [forward demodulation 22332,15006]
22830. inverse(double_divide(double_divide(inverse(X1),double_divide(inverse(X4),X0)),double_divide(X6,X3))) = double_divide(inverse(double_divide(inverse(double_divide(inverse(inverse(X6)),inverse(double_divide(inverse(double_divide(X3,double_divide(X7,X1))),double_divide(X8,double_divide(X7,X8)))))),double_divide(X9,double_divide(inverse(X0),X9)))),inverse(inverse(X4))) [forward demodulation 22401,20250]
22856. inverse(double_divide(inverse(double_divide(inverse(X5),inverse(double_divide(inverse(double_divide(X3,double_divide(X6,X1))),double_divide(X7,double_divide(X6,X7)))))),inverse(X0))) = double_divide(X0,inverse(double_divide(X1,double_divide(inverse(X5),X3)))) [forward demodulation 22428,22260]
22871. double_divide(inverse(double_divide(X4,inverse(double_divide(inverse(double_divide(X0,X1)),double_divide(X2,double_divide(inverse(X3),X2)))))),double_divide(X9,double_divide(X5,X9))) = double_divide(X4,inverse(double_divide(inverse(double_divide(X0,double_divide(X3,inverse(X1)))),X5))) [forward demodulation 22443,22206]
22931. double_divide(X9,inverse(double_divide(X6,double_divide(X7,double_divide(X4,inverse(double_divide(double_divide(X2,X4),double_divide(X1,double_divide(X2,X3))))))))) = double_divide(inverse(double_divide(X9,double_divide(X10,double_divide(inverse(double_divide(X6,X3)),double_divide(X11,double_divide(inverse(X1),X11)))))),inverse(double_divide(double_divide(X12,double_divide(X10,X12)),inverse(X7)))) [forward demodulation 22503,15021]
22948. inverse(double_divide(inverse(double_divide(double_divide(inverse(double_divide(X6,X3)),double_divide(X7,double_divide(inverse(X1),X7))),X8)),double_divide(X9,double_divide(X10,X9)))) = double_divide(double_divide(double_divide(inverse(inverse(double_divide(X1,double_divide(X2,X3)))),inverse(inverse(X0))),inverse(double_divide(double_divide(double_divide(double_divide(X5,double_divide(inverse(X6),X5)),X8),inverse(X2)),X10))),inverse(X0)) [forward demodulation 22520,22094]
22949. double_divide(X9,inverse(double_divide(X7,inverse(double_divide(double_divide(inverse(X1),X7),double_divide(X6,X3)))))) = double_divide(X9,inverse(double_divide(X1,double_divide(X6,X3)))) [forward demodulation 22521,22260]
22975. inverse(double_divide(X6,inverse(double_divide(double_divide(X1,inverse(X3)),X9)))) = double_divide(double_divide(inverse(X1),X9),inverse(inverse(double_divide(X6,X3)))) [forward demodulation 22547,6]
22979. double_divide(inverse(X1),inverse(X7)) = double_divide(double_divide(X6,X3),double_divide(X7,inverse(double_divide(X1,double_divide(X6,X3))))) [forward demodulation 22551,22260]
22980. double_divide(X6,inverse(double_divide(X3,double_divide(X7,double_divide(inverse(X1),X9))))) = double_divide(X6,double_divide(X7,double_divide(double_divide(X1,inverse(X3)),X9))) [forward demodulation 22552,21238]
22995. double_divide(inverse(X8),double_divide(X1,double_divide(X6,X3))) = double_divide(double_divide(inverse(X6),X8),inverse(double_divide(X3,inverse(X1)))) [forward demodulation 22567,14430]
23047. double_divide(double_divide(inverse(X3),double_divide(X8,inverse(X6))),inverse(X1)) = inverse(inverse(double_divide(X8,double_divide(double_divide(inverse(double_divide(X3,double_divide(X4,X1))),double_divide(X5,double_divide(X4,X5))),X6)))) [forward demodulation 22620,22260]
23096. inverse(double_divide(X4,double_divide(X3,double_divide(inverse(X6),X1)))) = double_divide(inverse(double_divide(X3,double_divide(X5,X1))),double_divide(X4,double_divide(X5,X6))) [forward demodulation 22671,21238]
23097. double_divide(double_divide(double_divide(X1,X6),double_divide(X0,double_divide(X1,X2))),inverse(X4)) = double_divide(X0,inverse(double_divide(double_divide(X5,X2),double_divide(X4,double_divide(X5,X6))))) [forward demodulation 22672,15021]
23100. inverse(double_divide(inverse(double_divide(X6,double_divide(X7,X8))),double_divide(X9,double_divide(inverse(inverse(double_divide(X2,double_divide(X7,X1)))),X9)))) = inverse(double_divide(X6,double_divide(double_divide(inverse(double_divide(X1,double_divide(double_divide(X5,double_divide(X3,X5)),X4))),double_divide(X2,double_divide(X3,X4))),X8))) [forward demodulation 22675,15012]
23104. double_divide(X3,double_divide(X4,double_divide(inverse(X1),X6))) = inverse(double_divide(X4,double_divide(inverse(double_divide(X3,double_divide(X5,X1))),inverse(double_divide(X5,X6))))) [forward demodulation 22679,14997]
23111. double_divide(X9,inverse(double_divide(double_divide(X0,X1),double_divide(X2,inverse(double_divide(X6,double_divide(X0,X4))))))) = inverse(double_divide(X2,double_divide(inverse(double_divide(X9,double_divide(inverse(X4),X1))),inverse(X6)))) [forward demodulation 22696,15012]
23150. double_divide(double_divide(X3,double_divide(X7,X1)),inverse(double_divide(inverse(X5),inverse(X4)))) = inverse(double_divide(double_divide(double_divide(X2,double_divide(inverse(X3),X2)),double_divide(X4,X5)),double_divide(X7,X1))) [forward demodulation 22737,22260]
23172. inverse(double_divide(double_divide(inverse(X6),double_divide(X7,X8)),double_divide(X1,inverse(X3)))) = double_divide(double_divide(inverse(double_divide(X13,double_divide(X12,X13))),double_divide(double_divide(inverse(double_divide(X6,X3)),double_divide(X10,double_divide(inverse(X1),X10))),double_divide(X12,X8))),inverse(X7)) [forward demodulation 22761,6]
23173. inverse(double_divide(inverse(double_divide(X7,X8)),double_divide(X9,double_divide(double_divide(inverse(X0),inverse(double_divide(inverse(double_divide(X0,inverse(double_divide(inverse(double_divide(inverse(X1),double_divide(X2,X3))),double_divide(X4,double_divide(X2,X4)))))),double_divide(X5,double_divide(inverse(X6),X5))))),X9)))) = inverse(double_divide(X7,double_divide(inverse(X1),double_divide(X8,double_divide(inverse(X3),inverse(X6)))))) [forward demodulation 22762,22260]
23175. double_divide(double_divide(inverse(X3),inverse(X1)),inverse(double_divide(inverse(X5),inverse(X4)))) = double_divide(double_divide(X5,double_divide(X1,double_divide(X2,double_divide(X3,X2)))),inverse(X4)) [forward demodulation 22764,20250]
23177. double_divide(double_divide(double_divide(double_divide(X3,X1),inverse(X5)),X0),inverse(X4)) = double_divide(inverse(X0),double_divide(inverse(double_divide(X4,X5)),double_divide(inverse(X1),double_divide(X2,double_divide(inverse(X3),X2))))) [forward demodulation 22766,19935]
23237. inverse(double_divide(double_divide(inverse(X1),double_divide(inverse(X4),X0)),double_divide(X6,X3))) = double_divide(inverse(double_divide(inverse(inverse(X6)),inverse(double_divide(inverse(double_divide(X3,double_divide(X7,X1))),double_divide(X8,double_divide(X7,X8)))))),inverse(double_divide(double_divide(X9,double_divide(inverse(X0),X9)),inverse(inverse(X4))))) [forward demodulation 22830,15021]
23263. inverse(double_divide(inverse(X5),double_divide(X0,inverse(inverse(double_divide(inverse(double_divide(X3,double_divide(X6,X1))),double_divide(X7,double_divide(X6,X7)))))))) = double_divide(X0,inverse(double_divide(X1,double_divide(inverse(X5),X3)))) [forward demodulation 22856,14997]
23278. double_divide(inverse(double_divide(X4,inverse(double_divide(inverse(double_divide(X0,X1)),double_divide(X2,double_divide(inverse(X3),X2)))))),double_divide(X9,double_divide(X5,X9))) = double_divide(X4,double_divide(inverse(X5),double_divide(X0,double_divide(X3,inverse(X1))))) [forward demodulation 22871,19935]
23338. double_divide(X9,inverse(double_divide(X6,double_divide(X7,double_divide(X4,inverse(double_divide(double_divide(X2,X4),double_divide(X1,double_divide(X2,X3))))))))) = inverse(double_divide(X7,inverse(double_divide(inverse(double_divide(X12,double_divide(X10,X12))),double_divide(X9,double_divide(X10,double_divide(inverse(double_divide(X6,X3)),double_divide(X11,double_divide(inverse(X1),X11))))))))) [forward demodulation 22931,14820]
23355. inverse(double_divide(inverse(double_divide(double_divide(inverse(double_divide(X6,X3)),double_divide(X7,double_divide(inverse(X1),X7))),X8)),double_divide(X9,double_divide(X10,X9)))) = inverse(double_divide(X0,double_divide(double_divide(double_divide(double_divide(double_divide(X5,double_divide(inverse(X6),X5)),X8),inverse(X2)),X10),double_divide(inverse(X0),inverse(inverse(inverse(double_divide(X1,double_divide(X2,X3))))))))) [forward demodulation 22948,21695]
23356. double_divide(X9,inverse(double_divide(X1,double_divide(X6,X3)))) = double_divide(X9,double_divide(double_divide(double_divide(inverse(X1),X7),double_divide(X6,X3)),inverse(X7))) [forward demodulation 22949,20250]
23382. inverse(double_divide(X6,inverse(double_divide(double_divide(X1,inverse(X3)),X9)))) = double_divide(double_divide(inverse(X1),X9),double_divide(X6,X3)) [forward demodulation 22975,6]
23385. double_divide(inverse(X1),inverse(X7)) = inverse(double_divide(X7,double_divide(double_divide(X6,X3),double_divide(X1,double_divide(X6,X3))))) [forward demodulation 22979,22260]
23399. double_divide(inverse(X8),double_divide(X1,double_divide(X6,X3))) = double_divide(double_divide(inverse(X6),X8),double_divide(X1,inverse(X3))) [forward demodulation 22995,20250]
23448. double_divide(double_divide(inverse(X3),double_divide(X8,inverse(X6))),inverse(X1)) = double_divide(X8,double_divide(double_divide(inverse(double_divide(X3,double_divide(X4,X1))),double_divide(X5,double_divide(X4,X5))),X6)) [forward demodulation 23047,6]
23495. inverse(double_divide(X4,double_divide(X3,double_divide(inverse(X6),X1)))) = double_divide(X3,inverse(double_divide(double_divide(X5,X1),double_divide(X4,double_divide(X5,X6))))) [forward demodulation 23096,15021]
23496. double_divide(X0,inverse(double_divide(double_divide(X5,X2),double_divide(X4,double_divide(X5,X6))))) = inverse(double_divide(X4,double_divide(double_divide(X2,inverse(X0)),X6))) [forward demodulation 23097,21748]
23499. inverse(double_divide(inverse(double_divide(X6,double_divide(X7,X8))),double_divide(X9,double_divide(inverse(inverse(double_divide(X2,double_divide(X7,X1)))),X9)))) = inverse(double_divide(X6,double_divide(double_divide(X1,inverse(double_divide(double_divide(double_divide(X5,double_divide(X3,X5)),X4),double_divide(X2,double_divide(X3,X4))))),X8))) [forward demodulation 23100,15021]
23501. double_divide(X3,double_divide(X4,double_divide(inverse(X1),X6))) = double_divide(inverse(double_divide(X3,double_divide(X5,X1))),double_divide(X4,double_divide(X5,X6))) [forward demodulation 23104,21238]
23507. double_divide(X9,inverse(double_divide(double_divide(X0,X1),double_divide(X2,inverse(double_divide(X6,double_divide(X0,X4))))))) = inverse(double_divide(inverse(double_divide(X2,X6)),double_divide(X9,double_divide(inverse(X4),X1)))) [forward demodulation 23111,15012]
23546. double_divide(double_divide(X3,double_divide(X7,X1)),inverse(double_divide(inverse(X5),inverse(X4)))) = inverse(double_divide(double_divide(inverse(X3),double_divide(X4,X5)),double_divide(X7,X1))) [forward demodulation 23150,14576]
23567. inverse(double_divide(double_divide(inverse(X6),double_divide(X7,X8)),double_divide(X1,inverse(X3)))) = double_divide(double_divide(X13,inverse(double_divide(double_divide(X12,X13),double_divide(double_divide(inverse(double_divide(X6,X3)),double_divide(X10,double_divide(inverse(X1),X10))),double_divide(X12,X8))))),inverse(X7)) [forward demodulation 23172,15021]
23568. inverse(double_divide(inverse(double_divide(X7,X8)),double_divide(X9,double_divide(double_divide(inverse(X0),inverse(double_divide(inverse(double_divide(X0,inverse(double_divide(inverse(double_divide(inverse(X1),double_divide(X2,X3))),double_divide(X4,double_divide(X2,X4)))))),double_divide(X5,double_divide(inverse(X6),X5))))),X9)))) = inverse(double_divide(X7,double_divide(inverse(X1),double_divide(inverse(double_divide(X8,X6)),X3)))) [forward demodulation 23173,15012]
23569. double_divide(double_divide(inverse(X3),inverse(X1)),inverse(double_divide(inverse(X5),inverse(X4)))) = double_divide(double_divide(X5,double_divide(X1,X3)),inverse(X4)) [forward demodulation 23175,15001]
23571. double_divide(double_divide(double_divide(double_divide(X3,X1),inverse(X5)),X0),inverse(X4)) = double_divide(inverse(X0),double_divide(X4,inverse(double_divide(X5,double_divide(inverse(X1),double_divide(X2,double_divide(inverse(X3),X2))))))) [forward demodulation 23177,15021]
23629. inverse(double_divide(double_divide(inverse(X1),double_divide(inverse(X4),X0)),double_divide(X6,X3))) = inverse(double_divide(inverse(X4),inverse(double_divide(inverse(double_divide(X9,double_divide(inverse(X0),X9))),double_divide(inverse(inverse(X6)),inverse(double_divide(inverse(double_divide(X3,double_divide(X7,X1))),double_divide(X8,double_divide(X7,X8))))))))) [forward demodulation 23237,14820]
23655. double_divide(X0,inverse(double_divide(inverse(inverse(double_divide(inverse(double_divide(X3,double_divide(X6,X1))),double_divide(X7,double_divide(X6,X7))))),X5))) = double_divide(X0,inverse(double_divide(X1,double_divide(inverse(X5),X3)))) [forward demodulation 23263,15006]
23669. double_divide(inverse(double_divide(X4,inverse(double_divide(inverse(double_divide(X0,X1)),double_divide(X2,double_divide(inverse(X3),X2)))))),double_divide(X9,double_divide(X5,X9))) = double_divide(X4,double_divide(inverse(X5),inverse(double_divide(X3,double_divide(X0,X1))))) [forward demodulation 23278,22260]
23727. double_divide(X9,inverse(double_divide(X6,double_divide(X7,double_divide(X4,inverse(double_divide(double_divide(X2,X4),double_divide(X1,double_divide(X2,X3))))))))) = double_divide(double_divide(inverse(double_divide(X12,double_divide(X10,X12))),double_divide(X9,double_divide(X10,double_divide(inverse(double_divide(X6,X3)),double_divide(X11,double_divide(inverse(X1),X11)))))),inverse(X7)) [forward demodulation 23338,20250]
23744. inverse(double_divide(inverse(double_divide(double_divide(inverse(double_divide(X6,X3)),double_divide(X7,double_divide(inverse(X1),X7))),X8)),double_divide(X9,double_divide(X10,X9)))) = inverse(double_divide(X0,double_divide(inverse(double_divide(double_divide(double_divide(double_divide(double_divide(X5,double_divide(inverse(X6),X5)),X8),inverse(X2)),X10),inverse(inverse(double_divide(X1,double_divide(X2,X3)))))),X0))) [forward demodulation 23355,15012]
23745. double_divide(X9,inverse(double_divide(X1,double_divide(X6,X3)))) = inverse(double_divide(double_divide(double_divide(inverse(X1),X7),double_divide(X6,X3)),double_divide(X9,X7))) [forward demodulation 23356,22260]
23771. double_divide(double_divide(inverse(X1),X9),double_divide(X6,X3)) = double_divide(double_divide(double_divide(X1,inverse(X3)),X9),inverse(X6)) [forward demodulation 23382,20250]
23774. inverse(double_divide(X7,X1)) = double_divide(inverse(X1),inverse(X7)) [forward demodulation 23385,14981]
23788. double_divide(inverse(X8),double_divide(X1,double_divide(X6,X3))) = inverse(double_divide(X1,double_divide(double_divide(inverse(X6),X8),X3))) [forward demodulation 23399,22260]
23833. double_divide(double_divide(inverse(X3),double_divide(X8,inverse(X6))),inverse(X1)) = double_divide(X8,double_divide(double_divide(X3,inverse(X1)),X6)) [forward demodulation 23448,14965]
23880. inverse(double_divide(X4,double_divide(double_divide(X2,inverse(X0)),X6))) = inverse(double_divide(X4,double_divide(X0,double_divide(inverse(X6),X2)))) [forward demodulation 23496,23495]
23882. inverse(double_divide(inverse(double_divide(X6,double_divide(X7,X8))),double_divide(X9,double_divide(inverse(inverse(double_divide(X2,double_divide(X7,X1)))),X9)))) = inverse(double_divide(X6,double_divide(double_divide(X1,inverse(double_divide(double_divide(X3,X4),double_divide(X2,double_divide(X3,X4))))),X8))) [forward demodulation 23499,15001]
23884. double_divide(X3,double_divide(X4,double_divide(inverse(X1),X6))) = double_divide(X3,inverse(double_divide(double_divide(X5,X1),double_divide(X4,double_divide(X5,X6))))) [forward demodulation 23501,15021]
23888. double_divide(X9,inverse(double_divide(double_divide(X0,X1),double_divide(X2,inverse(double_divide(X6,double_divide(X0,X4))))))) = inverse(double_divide(X2,inverse(double_divide(X6,double_divide(X9,double_divide(inverse(X4),X1)))))) [forward demodulation 23507,15021]
23926. inverse(double_divide(double_divide(inverse(X3),double_divide(X4,X5)),double_divide(X7,X1))) = inverse(double_divide(X4,double_divide(double_divide(X3,double_divide(X7,X1)),inverse(X5)))) [forward demodulation 23546,19141]
23946. inverse(double_divide(double_divide(inverse(X6),double_divide(X7,X8)),double_divide(X1,inverse(X3)))) = inverse(double_divide(X7,double_divide(double_divide(inverse(double_divide(X6,X3)),double_divide(X10,double_divide(inverse(X1),X10))),inverse(X8)))) [forward demodulation 23567,21164]
23947. inverse(double_divide(inverse(double_divide(X7,X8)),double_divide(X9,double_divide(double_divide(inverse(X0),inverse(double_divide(inverse(double_divide(X0,inverse(double_divide(inverse(double_divide(inverse(X1),double_divide(X2,X3))),double_divide(X4,double_divide(X2,X4)))))),double_divide(X5,double_divide(inverse(X6),X5))))),X9)))) = inverse(double_divide(X7,double_divide(inverse(X1),double_divide(X8,inverse(double_divide(X6,X3)))))) [forward demodulation 23568,15021]
23948. double_divide(double_divide(X5,double_divide(X1,X3)),inverse(X4)) = inverse(double_divide(X4,double_divide(double_divide(inverse(X3),inverse(X1)),inverse(X5)))) [forward demodulation 23569,19141]
23950. double_divide(double_divide(double_divide(double_divide(X3,X1),inverse(X5)),X0),inverse(X4)) = inverse(double_divide(X4,double_divide(inverse(X0),double_divide(X5,double_divide(inverse(X1),double_divide(X2,double_divide(inverse(X3),X2))))))) [forward demodulation 23571,22260]
24006. inverse(double_divide(double_divide(inverse(X1),double_divide(inverse(X4),X0)),double_divide(X6,X3))) = double_divide(double_divide(inverse(double_divide(X9,double_divide(inverse(X0),X9))),double_divide(inverse(inverse(X6)),inverse(double_divide(inverse(double_divide(X3,double_divide(X7,X1))),double_divide(X8,double_divide(X7,X8)))))),inverse(inverse(X4))) [forward demodulation 23629,20250]
24032. double_divide(X0,double_divide(inverse(X5),inverse(double_divide(inverse(double_divide(X3,double_divide(X6,X1))),double_divide(X7,double_divide(X6,X7)))))) = double_divide(X0,inverse(double_divide(X1,double_divide(inverse(X5),X3)))) [forward demodulation 23655,19935]
24046. double_divide(inverse(double_divide(X4,inverse(double_divide(inverse(double_divide(X0,X1)),double_divide(X2,double_divide(inverse(X3),X2)))))),double_divide(X9,double_divide(X5,X9))) = double_divide(inverse(double_divide(X4,double_divide(X3,double_divide(X0,X1)))),X5) [forward demodulation 23669,15012]
24104. double_divide(X9,inverse(double_divide(X6,double_divide(X7,double_divide(X4,inverse(double_divide(double_divide(X2,X4),double_divide(X1,double_divide(X2,X3))))))))) = double_divide(double_divide(X12,inverse(double_divide(double_divide(X10,X12),double_divide(X9,double_divide(X10,double_divide(inverse(double_divide(X6,X3)),double_divide(X11,double_divide(inverse(X1),X11)))))))),inverse(X7)) [forward demodulation 23727,15021]
24121. inverse(double_divide(inverse(double_divide(double_divide(inverse(double_divide(X6,X3)),double_divide(X7,double_divide(inverse(X1),X7))),X8)),double_divide(X9,double_divide(X10,X9)))) = inverse(inverse(double_divide(double_divide(double_divide(double_divide(double_divide(X5,double_divide(inverse(X6),X5)),X8),inverse(X2)),X10),inverse(inverse(double_divide(X1,double_divide(X2,X3))))))) [forward demodulation 23744,14430]
24195. double_divide(X8,double_divide(double_divide(X3,inverse(X1)),X6)) = double_divide(inverse(double_divide(X8,double_divide(inverse(X3),X6))),inverse(X1)) [forward demodulation 23833,22260]
24234. inverse(double_divide(inverse(double_divide(X6,double_divide(X7,X8))),double_divide(X9,double_divide(inverse(inverse(double_divide(X2,double_divide(X7,X1)))),X9)))) = inverse(double_divide(X6,double_divide(double_divide(double_divide(X3,X4),double_divide(X2,double_divide(X3,X4))),double_divide(inverse(X8),X1)))) [forward demodulation 23882,23880]
24239. double_divide(X9,inverse(double_divide(double_divide(X0,X1),double_divide(X2,inverse(double_divide(X6,double_divide(X0,X4))))))) = double_divide(double_divide(X6,double_divide(X9,double_divide(inverse(X4),X1))),inverse(X2)) [forward demodulation 23888,20250]
24276. inverse(double_divide(double_divide(inverse(X3),double_divide(X4,X5)),double_divide(X7,X1))) = inverse(inverse(double_divide(double_divide(X3,double_divide(X7,X1)),double_divide(X4,X5)))) [forward demodulation 23926,22260]
24296. inverse(double_divide(double_divide(inverse(X6),double_divide(X7,X8)),double_divide(X1,inverse(X3)))) = double_divide(double_divide(double_divide(double_divide(X6,X3),inverse(X8)),double_divide(X10,double_divide(inverse(X1),X10))),inverse(X7)) [forward demodulation 23946,21042]
24297. inverse(double_divide(inverse(double_divide(X7,X8)),double_divide(X9,double_divide(double_divide(inverse(X0),inverse(double_divide(inverse(double_divide(X0,inverse(double_divide(inverse(double_divide(inverse(X1),double_divide(X2,X3))),double_divide(X4,double_divide(X2,X4)))))),double_divide(X5,double_divide(inverse(X6),X5))))),X9)))) = inverse(double_divide(X7,inverse(double_divide(X8,double_divide(inverse(X1),double_divide(X6,X3)))))) [forward demodulation 23947,22260]
24298. double_divide(double_divide(X5,double_divide(X1,X3)),inverse(X4)) = double_divide(double_divide(double_divide(X3,inverse(X5)),inverse(X1)),inverse(X4)) [forward demodulation 23948,21042]
24300. double_divide(double_divide(double_divide(double_divide(X3,X1),inverse(X5)),X0),inverse(X4)) = inverse(double_divide(X4,double_divide(inverse(X0),double_divide(X5,double_divide(inverse(X1),inverse(X3)))))) [forward demodulation 23950,14576]
24352. inverse(double_divide(double_divide(inverse(X1),double_divide(inverse(X4),X0)),double_divide(X6,X3))) = double_divide(double_divide(inverse(double_divide(X9,double_divide(inverse(X0),X9))),double_divide(inverse(inverse(X6)),inverse(double_divide(inverse(double_divide(X3,double_divide(X7,X1))),double_divide(X8,double_divide(X7,X8)))))),X4) [forward demodulation 24006,6]
24375. double_divide(inverse(double_divide(X0,double_divide(inverse(double_divide(X3,double_divide(X6,X1))),double_divide(X7,double_divide(X6,X7))))),X5) = double_divide(X0,inverse(double_divide(X1,double_divide(inverse(X5),X3)))) [forward demodulation 24032,15012]
24389. double_divide(inverse(double_divide(X4,inverse(double_divide(inverse(double_divide(X0,X1)),double_divide(X2,double_divide(inverse(X3),X2)))))),double_divide(X9,double_divide(X5,X9))) = double_divide(X4,inverse(double_divide(double_divide(X3,double_divide(X0,X1)),X5))) [forward demodulation 24046,15021]
24447. double_divide(X9,inverse(double_divide(X6,double_divide(X7,double_divide(X4,inverse(double_divide(double_divide(X2,X4),double_divide(X1,double_divide(X2,X3))))))))) = inverse(double_divide(X7,double_divide(X9,inverse(double_divide(inverse(double_divide(X6,X3)),double_divide(X11,double_divide(inverse(X1),X11))))))) [forward demodulation 24104,21164]
24464. inverse(double_divide(inverse(double_divide(double_divide(inverse(double_divide(X6,X3)),double_divide(X7,double_divide(inverse(X1),X7))),X8)),double_divide(X9,double_divide(X10,X9)))) = double_divide(double_divide(double_divide(double_divide(double_divide(X5,double_divide(inverse(X6),X5)),X8),inverse(X2)),X10),inverse(inverse(double_divide(X1,double_divide(X2,X3))))) [forward demodulation 24121,6]
24533. double_divide(X8,double_divide(double_divide(X3,inverse(X1)),X6)) = inverse(double_divide(X1,double_divide(X8,double_divide(inverse(X3),X6)))) [forward demodulation 24195,23774]
24568. inverse(double_divide(inverse(double_divide(X6,double_divide(X7,X8))),double_divide(X9,double_divide(inverse(inverse(double_divide(X2,double_divide(X7,X1)))),X9)))) = inverse(double_divide(X6,double_divide(X2,double_divide(inverse(X8),X1)))) [forward demodulation 24234,15001]
24572. double_divide(double_divide(X6,double_divide(X9,double_divide(inverse(X4),X1))),inverse(X2)) = inverse(double_divide(X2,double_divide(X9,inverse(double_divide(double_divide(X0,X1),double_divide(X6,double_divide(X0,X4))))))) [forward demodulation 24239,20478]
24604. inverse(double_divide(double_divide(inverse(X3),double_divide(X4,X5)),double_divide(X7,X1))) = double_divide(double_divide(X3,double_divide(X7,X1)),double_divide(X4,X5)) [forward demodulation 24276,6]
24624. inverse(double_divide(double_divide(inverse(X6),double_divide(X7,X8)),double_divide(X1,inverse(X3)))) = double_divide(double_divide(inverse(double_divide(X6,X3)),double_divide(X10,double_divide(inverse(X1),X10))),double_divide(X7,X8)) [forward demodulation 24296,23771]
24625. inverse(double_divide(inverse(double_divide(X7,X8)),double_divide(X9,double_divide(double_divide(inverse(X0),inverse(double_divide(inverse(double_divide(X0,inverse(double_divide(inverse(double_divide(inverse(X1),double_divide(X2,X3))),double_divide(X4,double_divide(X2,X4)))))),double_divide(X5,double_divide(inverse(X6),X5))))),X9)))) = double_divide(double_divide(X8,double_divide(inverse(X1),double_divide(X6,X3))),inverse(X7)) [forward demodulation 24297,20250]
24626. double_divide(double_divide(X5,double_divide(X1,X3)),inverse(X4)) = double_divide(double_divide(inverse(X3),inverse(X1)),double_divide(X4,X5)) [forward demodulation 24298,23771]
24628. double_divide(double_divide(double_divide(double_divide(X3,X1),inverse(X5)),X0),inverse(X4)) = inverse(double_divide(X4,double_divide(inverse(X0),double_divide(inverse(double_divide(X5,X3)),X1)))) [forward demodulation 24300,15012]
24679. inverse(double_divide(double_divide(inverse(X1),double_divide(inverse(X4),X0)),double_divide(X6,X3))) = double_divide(double_divide(X9,inverse(double_divide(double_divide(inverse(X0),X9),double_divide(inverse(inverse(X6)),inverse(double_divide(inverse(double_divide(X3,double_divide(X7,X1))),double_divide(X8,double_divide(X7,X8)))))))),X4) [forward demodulation 24352,15021]
24702. double_divide(X0,inverse(double_divide(double_divide(inverse(double_divide(X3,double_divide(X6,X1))),double_divide(X7,double_divide(X6,X7))),X5))) = double_divide(X0,inverse(double_divide(X1,double_divide(inverse(X5),X3)))) [forward demodulation 24375,15021]
24714. double_divide(X4,inverse(double_divide(double_divide(X3,double_divide(X0,X1)),X5))) = double_divide(X4,inverse(double_divide(inverse(double_divide(inverse(double_divide(X0,X1)),double_divide(X2,double_divide(inverse(X3),X2)))),double_divide(X9,double_divide(X5,X9))))) [forward demodulation 24389,15021]
24771. double_divide(X9,inverse(double_divide(X6,double_divide(X7,double_divide(X4,inverse(double_divide(double_divide(X2,X4),double_divide(X1,double_divide(X2,X3))))))))) = double_divide(X9,double_divide(X7,double_divide(inverse(double_divide(X6,X3)),double_divide(X11,double_divide(inverse(X1),X11))))) [forward demodulation 24447,21238]
24788. inverse(double_divide(inverse(double_divide(double_divide(inverse(double_divide(X6,X3)),double_divide(X7,double_divide(inverse(X1),X7))),X8)),double_divide(X9,double_divide(X10,X9)))) = double_divide(double_divide(inverse(double_divide(double_divide(X5,double_divide(inverse(X6),X5)),X8)),X10),double_divide(inverse(double_divide(X1,double_divide(X2,X3))),X2)) [forward demodulation 24464,23771]
24889. inverse(double_divide(inverse(double_divide(X6,double_divide(X7,X8))),double_divide(X9,double_divide(inverse(inverse(double_divide(X2,double_divide(X7,X1)))),X9)))) = double_divide(X2,double_divide(double_divide(X8,inverse(X6)),X1)) [forward demodulation 24568,24533]
24893. double_divide(double_divide(X6,double_divide(X9,double_divide(inverse(X4),X1))),inverse(X2)) = double_divide(X9,double_divide(X2,double_divide(double_divide(X0,X1),double_divide(X6,double_divide(X0,X4))))) [forward demodulation 24572,21238]
24942. inverse(double_divide(double_divide(inverse(X6),double_divide(X7,X8)),double_divide(X1,inverse(X3)))) = double_divide(double_divide(X6,inverse(double_divide(X3,double_divide(X10,double_divide(inverse(X1),X10))))),double_divide(X7,X8)) [forward demodulation 24624,15021]
24943. double_divide(double_divide(X8,double_divide(inverse(X1),double_divide(X6,X3))),inverse(X7)) = inverse(double_divide(inverse(double_divide(X7,X8)),double_divide(inverse(X0),inverse(double_divide(inverse(double_divide(X0,inverse(double_divide(inverse(double_divide(inverse(X1),double_divide(X2,X3))),double_divide(X4,double_divide(X2,X4)))))),double_divide(X5,double_divide(inverse(X6),X5))))))) [forward demodulation 24625,14981]
24944. double_divide(double_divide(X5,double_divide(X1,X3)),inverse(X4)) = double_divide(inverse(double_divide(X1,X3)),double_divide(X4,X5)) [forward demodulation 24626,23774]
24946. double_divide(double_divide(double_divide(double_divide(X3,X1),inverse(X5)),X0),inverse(X4)) = double_divide(inverse(X0),double_divide(double_divide(double_divide(X5,X3),inverse(X4)),X1)) [forward demodulation 24628,24533]
24988. inverse(double_divide(double_divide(inverse(X1),double_divide(inverse(X4),X0)),double_divide(X6,X3))) = double_divide(inverse(double_divide(inverse(inverse(X6)),double_divide(X9,inverse(double_divide(double_divide(inverse(X0),X9),double_divide(inverse(double_divide(X3,double_divide(X7,X1))),double_divide(X8,double_divide(X7,X8)))))))),X4) [forward demodulation 24679,20478]
25011. double_divide(X0,inverse(double_divide(X1,double_divide(inverse(X5),X3)))) = double_divide(X0,inverse(double_divide(double_divide(X3,inverse(X1)),X5))) [forward demodulation 24702,14965]
25023. double_divide(X4,inverse(double_divide(double_divide(X3,double_divide(X0,X1)),X5))) = double_divide(X4,double_divide(inverse(double_divide(X9,double_divide(X5,X9))),double_divide(inverse(double_divide(X0,X1)),double_divide(X2,double_divide(inverse(X3),X2))))) [forward demodulation 24714,19935]
25080. double_divide(X9,inverse(double_divide(X6,double_divide(X7,double_divide(X4,inverse(double_divide(double_divide(X2,X4),double_divide(X1,double_divide(X2,X3))))))))) = double_divide(X9,double_divide(X7,double_divide(X6,inverse(double_divide(X3,double_divide(X11,double_divide(inverse(X1),X11))))))) [forward demodulation 24771,15021]
25097. inverse(double_divide(inverse(double_divide(double_divide(inverse(double_divide(X6,X3)),double_divide(X7,double_divide(inverse(X1),X7))),X8)),double_divide(X9,double_divide(X10,X9)))) = double_divide(double_divide(inverse(double_divide(double_divide(X5,double_divide(inverse(X6),X5)),X8)),X10),double_divide(X1,inverse(double_divide(double_divide(X2,X3),X2)))) [forward demodulation 24788,15021]
25189. double_divide(X2,double_divide(double_divide(X8,inverse(X6)),X1)) = inverse(double_divide(inverse(double_divide(X6,double_divide(X7,X8))),inverse(inverse(double_divide(X2,double_divide(X7,X1)))))) [forward demodulation 24889,14981]
25238. inverse(double_divide(double_divide(inverse(X6),double_divide(X7,X8)),double_divide(X1,inverse(X3)))) = double_divide(inverse(double_divide(inverse(inverse(X1)),inverse(double_divide(inverse(X3),inverse(X6))))),double_divide(X7,X8)) [forward demodulation 24942,14669]
25239. double_divide(double_divide(X8,double_divide(inverse(X1),double_divide(X6,X3))),inverse(X7)) = double_divide(inverse(X0),inverse(double_divide(inverse(double_divide(inverse(double_divide(X0,inverse(double_divide(inverse(double_divide(inverse(X1),double_divide(X2,X3))),double_divide(X4,double_divide(X2,X4)))))),double_divide(X5,double_divide(inverse(X6),X5)))),double_divide(X7,X8)))) [forward demodulation 24943,15006]
25240. double_divide(double_divide(X5,double_divide(X1,X3)),inverse(X4)) = double_divide(X1,inverse(double_divide(X3,double_divide(X4,X5)))) [forward demodulation 24944,15021]
25242. double_divide(inverse(X0),double_divide(double_divide(double_divide(X5,X3),inverse(X4)),X1)) = double_divide(double_divide(inverse(double_divide(X3,X1)),X0),double_divide(X4,X5)) [forward demodulation 24946,23771]
25284. inverse(double_divide(double_divide(inverse(X1),double_divide(inverse(X4),X0)),double_divide(X6,X3))) = double_divide(inverse(inverse(X6)),inverse(double_divide(double_divide(X9,inverse(double_divide(double_divide(inverse(X0),X9),double_divide(inverse(double_divide(X3,double_divide(X7,X1))),double_divide(X8,double_divide(X7,X8)))))),X4))) [forward demodulation 24988,15021]
25317. double_divide(X4,inverse(double_divide(double_divide(X3,double_divide(X0,X1)),X5))) = double_divide(X4,double_divide(X9,inverse(double_divide(double_divide(X5,X9),double_divide(inverse(double_divide(X0,X1)),double_divide(X2,double_divide(inverse(X3),X2))))))) [forward demodulation 25023,15021]
25371. double_divide(X9,inverse(double_divide(X6,double_divide(X7,double_divide(X4,inverse(double_divide(double_divide(X2,X4),double_divide(X1,double_divide(X2,X3))))))))) = double_divide(X9,inverse(double_divide(X6,double_divide(X7,double_divide(X3,double_divide(X11,double_divide(inverse(X1),X11))))))) [forward demodulation 25080,22260]
25388. inverse(double_divide(inverse(double_divide(double_divide(inverse(double_divide(X6,X3)),double_divide(X7,double_divide(inverse(X1),X7))),X8)),double_divide(X9,double_divide(X10,X9)))) = inverse(double_divide(X1,double_divide(double_divide(inverse(double_divide(double_divide(X5,double_divide(inverse(X6),X5)),X8)),X10),double_divide(double_divide(X2,X3),X2)))) [forward demodulation 25097,22260]
25473. double_divide(X2,double_divide(double_divide(X8,inverse(X6)),X1)) = inverse(double_divide(X6,double_divide(inverse(double_divide(X2,double_divide(X7,X1))),inverse(double_divide(X7,X8))))) [forward demodulation 25189,14997]
25521. inverse(double_divide(double_divide(inverse(X6),double_divide(X7,X8)),double_divide(X1,inverse(X3)))) = double_divide(inverse(inverse(X1)),inverse(double_divide(inverse(double_divide(inverse(X3),inverse(X6))),double_divide(X7,X8)))) [forward demodulation 25238,15021]
25522. double_divide(double_divide(X8,double_divide(inverse(X1),double_divide(X6,X3))),inverse(X7)) = inverse(double_divide(double_divide(inverse(double_divide(inverse(double_divide(X0,inverse(double_divide(inverse(double_divide(inverse(X1),double_divide(X2,X3))),double_divide(X4,double_divide(X2,X4)))))),double_divide(X5,double_divide(inverse(X6),X5)))),double_divide(X7,X8)),X0)) [forward demodulation 25239,23774]
25524. double_divide(inverse(X0),double_divide(double_divide(double_divide(X5,X3),inverse(X4)),X1)) = double_divide(double_divide(X3,inverse(double_divide(X1,X0))),double_divide(X4,X5)) [forward demodulation 25242,15021]
25566. inverse(double_divide(double_divide(inverse(X1),double_divide(inverse(X4),X0)),double_divide(X6,X3))) = inverse(double_divide(double_divide(double_divide(X9,inverse(double_divide(double_divide(inverse(X0),X9),double_divide(inverse(double_divide(X3,double_divide(X7,X1))),double_divide(X8,double_divide(X7,X8)))))),X4),inverse(X6))) [forward demodulation 25284,23774]
25599. double_divide(X4,inverse(double_divide(double_divide(X3,double_divide(X0,X1)),X5))) = inverse(double_divide(X9,double_divide(X4,double_divide(double_divide(X5,X9),double_divide(inverse(double_divide(X0,X1)),double_divide(X2,double_divide(inverse(X3),X2))))))) [forward demodulation 25317,22260]
25651. double_divide(X9,inverse(double_divide(X6,double_divide(X7,double_divide(X4,inverse(double_divide(double_divide(X2,X4),double_divide(X1,double_divide(X2,X3))))))))) = double_divide(X9,inverse(double_divide(X6,double_divide(X7,double_divide(X3,inverse(X1)))))) [forward demodulation 25371,14576]
25668. inverse(double_divide(inverse(double_divide(double_divide(inverse(double_divide(X6,X3)),double_divide(X7,double_divide(inverse(X1),X7))),X8)),double_divide(X9,double_divide(X10,X9)))) = double_divide(inverse(X10),double_divide(X1,double_divide(double_divide(double_divide(X5,double_divide(inverse(X6),X5)),X8),double_divide(double_divide(X2,X3),X2)))) [forward demodulation 25388,23788]
25747. double_divide(X2,double_divide(double_divide(X8,inverse(X6)),X1)) = double_divide(inverse(double_divide(X2,double_divide(X7,X1))),double_divide(X6,double_divide(X7,X8))) [forward demodulation 25473,21238]
25791. inverse(double_divide(double_divide(inverse(X6),double_divide(X7,X8)),double_divide(X1,inverse(X3)))) = inverse(double_divide(double_divide(inverse(double_divide(inverse(X3),inverse(X6))),double_divide(X7,X8)),inverse(X1))) [forward demodulation 25521,23774]
25792. double_divide(double_divide(X8,double_divide(inverse(X1),double_divide(X6,X3))),inverse(X7)) = inverse(double_divide(double_divide(inverse(double_divide(X0,inverse(double_divide(inverse(double_divide(inverse(X1),double_divide(X2,X3))),double_divide(X4,double_divide(X2,X4)))))),inverse(double_divide(double_divide(X5,double_divide(inverse(X6),X5)),double_divide(X7,X8)))),X0)) [forward demodulation 25522,15021]
25833. inverse(double_divide(double_divide(inverse(X1),double_divide(inverse(X4),X0)),double_divide(X6,X3))) = double_divide(X6,inverse(double_divide(double_divide(X9,inverse(double_divide(double_divide(inverse(X0),X9),double_divide(inverse(double_divide(X3,double_divide(X7,X1))),double_divide(X8,double_divide(X7,X8)))))),X4))) [forward demodulation 25566,20250]
25864. double_divide(X4,inverse(double_divide(double_divide(X3,double_divide(X0,X1)),X5))) = inverse(inverse(double_divide(X4,double_divide(inverse(X5),double_divide(inverse(double_divide(X0,X1)),double_divide(X2,double_divide(inverse(X3),X2))))))) [forward demodulation 25599,22681]
25915. double_divide(X9,inverse(double_divide(X6,double_divide(X7,double_divide(X4,inverse(double_divide(double_divide(X2,X4),double_divide(X1,double_divide(X2,X3))))))))) = double_divide(X9,inverse(double_divide(X6,inverse(double_divide(X3,double_divide(X7,X1)))))) [forward demodulation 25651,22260]
25932. inverse(double_divide(inverse(double_divide(double_divide(inverse(double_divide(X6,X3)),double_divide(X7,double_divide(inverse(X1),X7))),X8)),double_divide(X9,double_divide(X10,X9)))) = double_divide(inverse(X10),double_divide(X1,double_divide(double_divide(double_divide(X5,double_divide(inverse(X6),X5)),X8),X3))) [forward demodulation 25668,22120]
26005. double_divide(X2,double_divide(double_divide(X8,inverse(X6)),X1)) = double_divide(X2,inverse(double_divide(double_divide(X7,X1),double_divide(X6,double_divide(X7,X8))))) [forward demodulation 25747,15021]
26047. inverse(double_divide(double_divide(inverse(X6),double_divide(X7,X8)),double_divide(X1,inverse(X3)))) = double_divide(X1,inverse(double_divide(inverse(double_divide(inverse(X3),inverse(X6))),double_divide(X7,X8)))) [forward demodulation 25791,20250]
26048. double_divide(double_divide(X8,double_divide(inverse(X1),double_divide(X6,X3))),inverse(X7)) = inverse(double_divide(inverse(double_divide(double_divide(double_divide(X5,double_divide(inverse(X6),X5)),double_divide(X7,X8)),double_divide(X0,inverse(double_divide(inverse(double_divide(inverse(X1),double_divide(X2,X3))),double_divide(X4,double_divide(X2,X4))))))),X0)) [forward demodulation 25792,23774]
26086. inverse(double_divide(double_divide(inverse(X1),double_divide(inverse(X4),X0)),double_divide(X6,X3))) = double_divide(X6,inverse(double_divide(double_divide(double_divide(inverse(X0),X9),double_divide(inverse(double_divide(X3,double_divide(X7,X1))),double_divide(X8,double_divide(X7,X8)))),double_divide(inverse(X4),X9)))) [forward demodulation 25833,25011]
26116. double_divide(X4,inverse(double_divide(double_divide(X3,double_divide(X0,X1)),X5))) = double_divide(X4,double_divide(inverse(X5),double_divide(inverse(double_divide(X0,X1)),double_divide(X2,double_divide(inverse(X3),X2))))) [forward demodulation 25864,6]
26165. double_divide(X9,inverse(double_divide(X6,double_divide(X7,double_divide(X4,inverse(double_divide(double_divide(X2,X4),double_divide(X1,double_divide(X2,X3))))))))) = double_divide(X9,double_divide(double_divide(X3,double_divide(X7,X1)),inverse(X6))) [forward demodulation 25915,20250]
26182. inverse(double_divide(inverse(double_divide(double_divide(inverse(double_divide(X6,X3)),double_divide(X7,double_divide(inverse(X1),X7))),X8)),double_divide(X9,double_divide(X10,X9)))) = double_divide(inverse(X10),double_divide(X1,double_divide(double_divide(inverse(X6),X8),X3))) [forward demodulation 25932,14576]
26252. double_divide(X2,double_divide(double_divide(X8,inverse(X6)),X1)) = double_divide(X2,double_divide(X6,double_divide(inverse(X1),X8))) [forward demodulation 26005,23884]
26292. inverse(double_divide(double_divide(inverse(X6),double_divide(X7,X8)),double_divide(X1,inverse(X3)))) = double_divide(X1,double_divide(inverse(double_divide(X7,X8)),double_divide(inverse(X3),inverse(X6)))) [forward demodulation 26047,19935]
26293. double_divide(double_divide(X8,double_divide(inverse(X1),double_divide(X6,X3))),inverse(X7)) = inverse(double_divide(double_divide(double_divide(X5,double_divide(inverse(X6),X5)),double_divide(X7,X8)),inverse(double_divide(double_divide(X0,inverse(double_divide(inverse(double_divide(inverse(X1),double_divide(X2,X3))),double_divide(X4,double_divide(X2,X4))))),X0)))) [forward demodulation 26048,15021]
26327. inverse(double_divide(double_divide(inverse(X1),double_divide(inverse(X4),X0)),double_divide(X6,X3))) = double_divide(X6,double_divide(inverse(X4),inverse(double_divide(X0,double_divide(inverse(double_divide(X3,double_divide(X7,X1))),double_divide(X8,double_divide(X7,X8))))))) [forward demodulation 26086,23745]
26356. double_divide(X4,inverse(double_divide(double_divide(X3,double_divide(X0,X1)),X5))) = double_divide(X4,double_divide(inverse(X5),double_divide(X0,inverse(double_divide(X1,double_divide(X2,double_divide(inverse(X3),X2))))))) [forward demodulation 26116,15021]
26403. double_divide(X9,inverse(double_divide(X6,double_divide(X7,double_divide(X4,inverse(double_divide(double_divide(X2,X4),double_divide(X1,double_divide(X2,X3))))))))) = inverse(double_divide(double_divide(X3,double_divide(X7,X1)),double_divide(X9,X6))) [forward demodulation 26165,22260]
26419. double_divide(inverse(X10),double_divide(X1,double_divide(double_divide(inverse(X6),X8),X3))) = inverse(double_divide(inverse(double_divide(double_divide(inverse(double_divide(X6,X3)),double_divide(X7,double_divide(inverse(X1),X7))),X8)),X10)) [forward demodulation 26182,14981]
26524. inverse(double_divide(double_divide(inverse(X6),double_divide(X7,X8)),double_divide(X1,inverse(X3)))) = double_divide(X1,double_divide(X7,inverse(double_divide(X8,double_divide(inverse(X3),inverse(X6)))))) [forward demodulation 26292,15021]
26525. double_divide(double_divide(X8,double_divide(inverse(X1),double_divide(X6,X3))),inverse(X7)) = inverse(double_divide(double_divide(double_divide(X5,double_divide(inverse(X6),X5)),double_divide(X7,X8)),inverse(inverse(double_divide(inverse(double_divide(inverse(X1),double_divide(X2,X3))),double_divide(X4,double_divide(X2,X4))))))) [forward demodulation 26293,14976]
26558. inverse(double_divide(double_divide(inverse(X1),double_divide(inverse(X4),X0)),double_divide(X6,X3))) = double_divide(inverse(double_divide(X6,double_divide(X0,double_divide(inverse(double_divide(X3,double_divide(X7,X1))),double_divide(X8,double_divide(X7,X8)))))),X4) [forward demodulation 26327,15012]
26585. double_divide(X4,inverse(double_divide(double_divide(X3,double_divide(X0,X1)),X5))) = double_divide(X4,inverse(double_divide(X0,double_divide(inverse(X5),double_divide(X1,double_divide(X2,double_divide(inverse(X3),X2))))))) [forward demodulation 26356,22260]
26631. inverse(double_divide(double_divide(X3,double_divide(X7,X1)),double_divide(X9,X6))) = double_divide(X9,inverse(double_divide(X6,inverse(double_divide(X4,double_divide(X7,double_divide(double_divide(X2,X4),double_divide(X1,double_divide(X2,X3))))))))) [forward demodulation 26403,22260]
26647. double_divide(inverse(X10),double_divide(X1,double_divide(double_divide(inverse(X6),X8),X3))) = inverse(double_divide(double_divide(inverse(double_divide(X6,X3)),double_divide(X7,double_divide(inverse(X1),X7))),inverse(double_divide(X8,X10)))) [forward demodulation 26419,15021]
26737. inverse(double_divide(double_divide(inverse(X6),double_divide(X7,X8)),double_divide(X1,inverse(X3)))) = inverse(double_divide(X7,double_divide(X1,double_divide(X8,double_divide(inverse(X3),inverse(X6)))))) [forward demodulation 26524,22260]
26738. double_divide(double_divide(X8,double_divide(inverse(X1),double_divide(X6,X3))),inverse(X7)) = double_divide(inverse(double_divide(inverse(double_divide(inverse(X1),double_divide(X2,X3))),double_divide(X4,double_divide(X2,X4)))),inverse(double_divide(double_divide(X5,double_divide(inverse(X6),X5)),double_divide(X7,X8)))) [forward demodulation 26525,20250]
26771. inverse(double_divide(double_divide(inverse(X1),double_divide(inverse(X4),X0)),double_divide(X6,X3))) = double_divide(X6,inverse(double_divide(double_divide(X0,double_divide(inverse(double_divide(X3,double_divide(X7,X1))),double_divide(X8,double_divide(X7,X8)))),X4))) [forward demodulation 26558,15021]
26796. double_divide(X4,inverse(double_divide(double_divide(X3,double_divide(X0,X1)),X5))) = double_divide(X4,inverse(double_divide(X0,double_divide(inverse(X5),double_divide(X1,inverse(X3)))))) [forward demodulation 26585,14576]
26841. inverse(double_divide(double_divide(X3,double_divide(X7,X1)),double_divide(X9,X6))) = double_divide(X9,double_divide(double_divide(X4,double_divide(X7,double_divide(double_divide(X2,X4),double_divide(X1,double_divide(X2,X3))))),inverse(X6))) [forward demodulation 26631,20250]
26857. double_divide(inverse(X10),double_divide(X1,double_divide(double_divide(inverse(X6),X8),X3))) = double_divide(double_divide(X8,X10),inverse(double_divide(inverse(double_divide(X6,X3)),double_divide(X7,double_divide(inverse(X1),X7))))) [forward demodulation 26647,20250]
26940. inverse(double_divide(double_divide(inverse(X6),double_divide(X7,X8)),double_divide(X1,inverse(X3)))) = inverse(double_divide(X7,double_divide(X1,double_divide(inverse(double_divide(X8,X6)),X3)))) [forward demodulation 26737,15012]
26941. double_divide(double_divide(X8,double_divide(inverse(X1),double_divide(X6,X3))),inverse(X7)) = inverse(double_divide(double_divide(double_divide(X5,double_divide(inverse(X6),X5)),double_divide(X7,X8)),double_divide(inverse(double_divide(inverse(X1),double_divide(X2,X3))),double_divide(X4,double_divide(X2,X4))))) [forward demodulation 26738,23774]
26972. inverse(double_divide(double_divide(inverse(X1),double_divide(inverse(X4),X0)),double_divide(X6,X3))) = double_divide(X6,inverse(double_divide(double_divide(X0,double_divide(X3,inverse(X1))),X4))) [forward demodulation 26771,14965]
26994. double_divide(X4,inverse(double_divide(double_divide(X3,double_divide(X0,X1)),X5))) = double_divide(X4,inverse(double_divide(X0,inverse(double_divide(X1,double_divide(inverse(X5),X3)))))) [forward demodulation 26796,22260]
27035. inverse(double_divide(double_divide(X3,double_divide(X7,X1)),double_divide(X9,X6))) = inverse(double_divide(double_divide(X4,double_divide(X7,double_divide(double_divide(X2,X4),double_divide(X1,double_divide(X2,X3))))),double_divide(X9,X6))) [forward demodulation 26841,22260]
27050. double_divide(inverse(X10),double_divide(X1,double_divide(double_divide(inverse(X6),X8),X3))) = double_divide(double_divide(X8,X10),double_divide(inverse(double_divide(X7,double_divide(inverse(X1),X7))),double_divide(X6,X3))) [forward demodulation 26857,19935]
27125. inverse(double_divide(double_divide(inverse(X6),double_divide(X7,X8)),double_divide(X1,inverse(X3)))) = double_divide(X1,double_divide(double_divide(double_divide(X8,X6),inverse(X7)),X3)) [forward demodulation 26940,24533]
27126. double_divide(double_divide(X8,double_divide(inverse(X1),double_divide(X6,X3))),inverse(X7)) = inverse(double_divide(double_divide(double_divide(X5,double_divide(inverse(X6),X5)),double_divide(X7,X8)),double_divide(inverse(X1),inverse(X3)))) [forward demodulation 26941,14965]
27152. inverse(double_divide(double_divide(inverse(X1),double_divide(inverse(X4),X0)),double_divide(X6,X3))) = double_divide(X6,inverse(double_divide(inverse(double_divide(X3,double_divide(X0,X1))),X4))) [forward demodulation 26972,22260]
27173. double_divide(X4,inverse(double_divide(double_divide(X3,double_divide(X0,X1)),X5))) = double_divide(X4,double_divide(double_divide(X1,double_divide(inverse(X5),X3)),inverse(X0))) [forward demodulation 26994,20250]
27211. inverse(double_divide(double_divide(X3,double_divide(X7,X1)),double_divide(X9,X6))) = inverse(double_divide(inverse(double_divide(X7,double_divide(inverse(X2),double_divide(X1,double_divide(X2,X3))))),double_divide(X9,X6))) [forward demodulation 27035,22681]
27226. double_divide(inverse(X10),double_divide(X1,double_divide(double_divide(inverse(X6),X8),X3))) = double_divide(double_divide(X8,X10),double_divide(X7,inverse(double_divide(double_divide(inverse(X1),X7),double_divide(X6,X3))))) [forward demodulation 27050,15021]
27294. inverse(double_divide(double_divide(inverse(X6),double_divide(X7,X8)),double_divide(X1,inverse(X3)))) = double_divide(X1,double_divide(X7,double_divide(inverse(X3),double_divide(X8,X6)))) [forward demodulation 27125,26252]
27295. double_divide(double_divide(X8,double_divide(inverse(X1),double_divide(X6,X3))),inverse(X7)) = inverse(double_divide(inverse(double_divide(double_divide(double_divide(X5,double_divide(inverse(X6),X5)),double_divide(X7,X8)),X3)),X1)) [forward demodulation 27126,15012]
27316. inverse(double_divide(double_divide(inverse(X1),double_divide(inverse(X4),X0)),double_divide(X6,X3))) = double_divide(X6,double_divide(inverse(X4),double_divide(X3,double_divide(X0,X1)))) [forward demodulation 27152,19935]
27333. double_divide(X4,inverse(double_divide(double_divide(X3,double_divide(X0,X1)),X5))) = inverse(double_divide(double_divide(X1,double_divide(inverse(X5),X3)),double_divide(X4,X0))) [forward demodulation 27173,22260]
27369. inverse(double_divide(double_divide(X3,double_divide(X7,X1)),double_divide(X9,X6))) = inverse(double_divide(X7,inverse(double_divide(double_divide(inverse(X2),double_divide(X1,double_divide(X2,X3))),double_divide(X9,X6))))) [forward demodulation 27211,15021]
27383. double_divide(inverse(X10),double_divide(X1,double_divide(double_divide(inverse(X6),X8),X3))) = inverse(double_divide(X1,double_divide(double_divide(X8,X10),inverse(double_divide(X6,X3))))) [forward demodulation 27226,21305]
27445. double_divide(X1,double_divide(X7,double_divide(inverse(X3),double_divide(X8,X6)))) = double_divide(double_divide(X6,double_divide(X1,inverse(X3))),double_divide(X7,X8)) [forward demodulation 27294,24604]
27446. double_divide(double_divide(X8,double_divide(inverse(X1),double_divide(X6,X3))),inverse(X7)) = inverse(double_divide(double_divide(double_divide(X5,double_divide(inverse(X6),X5)),double_divide(X7,X8)),inverse(double_divide(X3,X1)))) [forward demodulation 27295,15021]
27464. double_divide(X6,double_divide(inverse(X4),double_divide(X3,double_divide(X0,X1)))) = double_divide(double_divide(X1,double_divide(X6,X3)),double_divide(inverse(X4),X0)) [forward demodulation 27316,24604]
27514. inverse(double_divide(double_divide(X3,double_divide(X7,X1)),double_divide(X9,X6))) = double_divide(double_divide(double_divide(inverse(X2),double_divide(X1,double_divide(X2,X3))),double_divide(X9,X6)),inverse(X7)) [forward demodulation 27369,20250]
27528. double_divide(inverse(X10),double_divide(X1,double_divide(double_divide(inverse(X6),X8),X3))) = double_divide(double_divide(X8,X10),double_divide(X1,double_divide(X6,X3))) [forward demodulation 27383,21238]
27585. double_divide(X1,double_divide(X7,double_divide(inverse(X3),double_divide(X8,X6)))) = double_divide(inverse(double_divide(X1,double_divide(X6,X3))),double_divide(X7,X8)) [forward demodulation 27445,22260]
27586. double_divide(double_divide(X8,double_divide(inverse(X1),double_divide(X6,X3))),inverse(X7)) = double_divide(double_divide(X3,X1),inverse(double_divide(double_divide(X5,double_divide(inverse(X6),X5)),double_divide(X7,X8)))) [forward demodulation 27446,20250]
27646. inverse(double_divide(double_divide(X3,double_divide(X7,X1)),double_divide(X9,X6))) = double_divide(X9,inverse(double_divide(X6,double_divide(X7,double_divide(inverse(X2),double_divide(X1,double_divide(X2,X3))))))) [forward demodulation 27514,25240]
27712. double_divide(X1,double_divide(X7,double_divide(inverse(X3),double_divide(X8,X6)))) = double_divide(X1,inverse(double_divide(double_divide(X6,X3),double_divide(X7,X8)))) [forward demodulation 27585,15021]
27713. double_divide(double_divide(X8,double_divide(inverse(X1),double_divide(X6,X3))),inverse(X7)) = double_divide(double_divide(X3,X1),double_divide(X7,inverse(double_divide(double_divide(X5,double_divide(X8,X5)),X6)))) [forward demodulation 27586,27333]
27767. inverse(double_divide(double_divide(X3,double_divide(X7,X1)),double_divide(X9,X6))) = double_divide(X9,double_divide(X7,double_divide(double_divide(X2,inverse(X6)),double_divide(X1,double_divide(X2,X3))))) [forward demodulation 27646,22980]
27824. double_divide(double_divide(X8,double_divide(inverse(X1),double_divide(X6,X3))),inverse(X7)) = inverse(double_divide(X7,double_divide(double_divide(X3,X1),double_divide(double_divide(X5,double_divide(X8,X5)),X6)))) [forward demodulation 27713,22260]
27877. inverse(double_divide(double_divide(X3,double_divide(X7,X1)),double_divide(X9,X6))) = double_divide(double_divide(X1,double_divide(X9,double_divide(inverse(X3),inverse(X6)))),inverse(X7)) [forward demodulation 27767,24893]
27933. double_divide(double_divide(X8,double_divide(inverse(X1),double_divide(X6,X3))),inverse(X7)) = inverse(double_divide(X7,double_divide(double_divide(X3,X1),double_divide(X8,X6)))) [forward demodulation 27824,15001]
27982. inverse(double_divide(double_divide(X3,double_divide(X7,X1)),double_divide(X9,X6))) = double_divide(X9,inverse(double_divide(double_divide(inverse(X3),inverse(X6)),double_divide(X7,X1)))) [forward demodulation 27877,25240]
28033. inverse(double_divide(X7,double_divide(double_divide(X3,X1),double_divide(X8,X6)))) = double_divide(inverse(X1),inverse(double_divide(double_divide(X6,X3),double_divide(X7,X8)))) [forward demodulation 27933,25240]
28075. inverse(double_divide(double_divide(X3,double_divide(X7,X1)),double_divide(X9,X6))) = double_divide(X9,inverse(double_divide(X6,double_divide(inverse(double_divide(X7,X1)),inverse(X3))))) [forward demodulation 27982,25011]
28119. inverse(double_divide(X7,double_divide(double_divide(X3,X1),double_divide(X8,X6)))) = inverse(double_divide(double_divide(double_divide(X6,X3),double_divide(X7,X8)),X1)) [forward demodulation 28033,23774]
28155. inverse(double_divide(double_divide(X3,double_divide(X7,X1)),double_divide(X9,X6))) = inverse(double_divide(inverse(double_divide(X7,X1)),double_divide(X9,inverse(double_divide(X6,X3))))) [forward demodulation 28075,20478]
28229. inverse(double_divide(double_divide(X3,double_divide(X7,X1)),double_divide(X9,X6))) = double_divide(X9,inverse(double_divide(inverse(double_divide(X6,X3)),double_divide(X7,X1)))) [forward demodulation 28155,15006]
28298. inverse(double_divide(double_divide(X3,double_divide(X7,X1)),double_divide(X9,X6))) = double_divide(X9,double_divide(inverse(double_divide(X7,X1)),double_divide(X6,X3))) [forward demodulation 28229,19935]
28361. inverse(double_divide(double_divide(X3,double_divide(X7,X1)),double_divide(X9,X6))) = double_divide(X9,double_divide(X7,inverse(double_divide(X1,double_divide(X6,X3))))) [forward demodulation 28298,15021]
28414. inverse(double_divide(double_divide(X3,double_divide(X7,X1)),double_divide(X9,X6))) = inverse(double_divide(X7,double_divide(X9,double_divide(X1,double_divide(X6,X3))))) [forward demodulation 28361,22260]
28810. inverse(double_divide(double_divide(inverse(X4),inverse(double_divide(inverse(double_divide(X4,X3)),double_divide(X5,double_divide(inverse(X2),X5))))),double_divide(X6,double_divide(X1,X6)))) = double_divide(double_divide(X0,X1),double_divide(X2,double_divide(X0,X3))) [superposition 22120,55]
28960. double_divide(double_divide(double_divide(X3,X4),X0),inverse(double_divide(inverse(X4),double_divide(X7,double_divide(inverse(X1),X7))))) = inverse(double_divide(inverse(double_divide(X1,double_divide(X2,inverse(double_divide(inverse(X0),double_divide(X5,double_divide(X3,X5))))))),double_divide(X6,double_divide(X2,X6)))) [superposition 71,22120]
28963. inverse(double_divide(inverse(X0),double_divide(X6,double_divide(X1,X6)))) = double_divide(inverse(X2),inverse(double_divide(inverse(X4),double_divide(X7,double_divide(inverse(double_divide(double_divide(X1,inverse(double_divide(inverse(double_divide(inverse(X2),double_divide(X3,X4))),double_divide(X5,double_divide(X3,X5))))),X0)),X7))))) [superposition 42,22120]
29002. inverse(double_divide(inverse(X0),double_divide(X6,double_divide(X1,X6)))) = inverse(double_divide(double_divide(double_divide(X1,inverse(double_divide(inverse(double_divide(inverse(X2),double_divide(X3,X4))),double_divide(X5,double_divide(X3,X5))))),X0),double_divide(inverse(X2),inverse(X4)))) [forward demodulation 28963,14370]
29005. double_divide(double_divide(double_divide(X3,X4),X0),inverse(double_divide(inverse(X4),double_divide(X7,double_divide(inverse(X1),X7))))) = inverse(double_divide(X1,inverse(inverse(double_divide(inverse(X0),double_divide(X5,double_divide(X3,X5))))))) [forward demodulation 28960,13131]
29144. double_divide(double_divide(X0,X1),double_divide(X2,double_divide(X0,X3))) = inverse(double_divide(double_divide(inverse(X4),inverse(double_divide(inverse(double_divide(X4,X3)),double_divide(X5,double_divide(inverse(X2),X5))))),X1)) [forward demodulation 28810,14981]
29183. inverse(double_divide(inverse(X0),double_divide(X6,double_divide(X1,X6)))) = inverse(double_divide(inverse(double_divide(double_divide(double_divide(X1,inverse(double_divide(inverse(double_divide(inverse(X2),double_divide(X3,X4))),double_divide(X5,double_divide(X3,X5))))),X0),X4)),X2)) [forward demodulation 29002,15012]
29186. double_divide(double_divide(double_divide(X3,X4),X0),inverse(double_divide(inverse(X4),double_divide(X7,double_divide(inverse(X1),X7))))) = double_divide(inverse(double_divide(inverse(X0),double_divide(X5,double_divide(X3,X5)))),inverse(X1)) [forward demodulation 29005,20250]
29300. inverse(double_divide(inverse(double_divide(inverse(inverse(X2)),inverse(X3))),X1)) = double_divide(double_divide(X0,X1),double_divide(X2,double_divide(X0,X3))) [forward demodulation 29144,13093]
29333. inverse(double_divide(inverse(X0),double_divide(X6,double_divide(X1,X6)))) = inverse(double_divide(double_divide(double_divide(X1,inverse(double_divide(inverse(double_divide(inverse(X2),double_divide(X3,X4))),double_divide(X5,double_divide(X3,X5))))),X0),inverse(double_divide(X4,X2)))) [forward demodulation 29183,15021]
29336. inverse(double_divide(X1,double_divide(inverse(X0),double_divide(X5,double_divide(X3,X5))))) = double_divide(double_divide(double_divide(X3,X4),X0),inverse(double_divide(inverse(X4),double_divide(X7,double_divide(inverse(X1),X7))))) [forward demodulation 29186,23774]
29426. double_divide(double_divide(X0,X1),double_divide(X2,double_divide(X0,X3))) = inverse(double_divide(inverse(inverse(X2)),inverse(double_divide(inverse(X3),X1)))) [forward demodulation 29300,15021]
29456. inverse(double_divide(inverse(X0),double_divide(X6,double_divide(X1,X6)))) = double_divide(double_divide(X4,X2),inverse(double_divide(double_divide(X1,inverse(double_divide(inverse(double_divide(inverse(X2),double_divide(X3,X4))),double_divide(X5,double_divide(X3,X5))))),X0))) [forward demodulation 29333,20250]
29459. inverse(double_divide(X1,double_divide(inverse(X0),double_divide(X5,double_divide(X3,X5))))) = double_divide(double_divide(double_divide(X3,X4),X0),double_divide(inverse(double_divide(X7,double_divide(inverse(X1),X7))),X4)) [forward demodulation 29336,19935]
29538. double_divide(double_divide(X0,X1),double_divide(X2,double_divide(X0,X3))) = double_divide(double_divide(inverse(X3),X1),inverse(inverse(inverse(X2)))) [forward demodulation 29426,20250]
29562. inverse(double_divide(inverse(X0),double_divide(X6,double_divide(X1,X6)))) = double_divide(double_divide(X4,X2),inverse(double_divide(double_divide(inverse(double_divide(inverse(X2),double_divide(X3,X4))),double_divide(X5,double_divide(X3,X5))),double_divide(inverse(X0),X1)))) [forward demodulation 29456,25011]
29564. inverse(double_divide(X1,double_divide(inverse(X0),double_divide(X5,double_divide(X3,X5))))) = double_divide(double_divide(double_divide(X3,X4),X0),double_divide(X7,inverse(double_divide(double_divide(inverse(X1),X7),X4)))) [forward demodulation 29459,15021]
29626. double_divide(double_divide(X0,X1),double_divide(X2,double_divide(X0,X3))) = double_divide(double_divide(inverse(X3),X1),inverse(X2)) [forward demodulation 29538,6]
29648. inverse(double_divide(inverse(X0),double_divide(X6,double_divide(X1,X6)))) = double_divide(double_divide(X4,X2),double_divide(double_divide(double_divide(inverse(X2),double_divide(X3,X4)),double_divide(inverse(X0),X1)),double_divide(X5,double_divide(X3,X5)))) [forward demodulation 29562,24604]
29650. inverse(double_divide(X1,double_divide(inverse(X0),double_divide(X5,double_divide(X3,X5))))) = inverse(double_divide(X1,double_divide(double_divide(double_divide(X3,X4),X0),inverse(X4)))) [forward demodulation 29564,21305]
29724. inverse(double_divide(inverse(X0),double_divide(X6,double_divide(X1,X6)))) = double_divide(double_divide(X4,X2),double_divide(double_divide(double_divide(inverse(X2),double_divide(X3,X4)),double_divide(inverse(X0),X1)),X3)) [forward demodulation 29648,15001]
29726. inverse(double_divide(X1,double_divide(inverse(X0),double_divide(X5,double_divide(X3,X5))))) = inverse(inverse(double_divide(double_divide(double_divide(X3,X4),X0),double_divide(X1,X4)))) [forward demodulation 29650,22260]
29794. inverse(double_divide(inverse(X0),double_divide(X6,double_divide(X1,X6)))) = double_divide(double_divide(X4,X2),double_divide(double_divide(X3,double_divide(inverse(X0),double_divide(X4,double_divide(X1,inverse(X2))))),X3)) [forward demodulation 29724,27464]
29796. inverse(double_divide(X1,double_divide(inverse(X0),double_divide(X5,double_divide(X3,X5))))) = double_divide(double_divide(double_divide(X3,X4),X0),double_divide(X1,X4)) [forward demodulation 29726,6]
29861. inverse(double_divide(inverse(X0),double_divide(X6,double_divide(X1,X6)))) = double_divide(double_divide(X4,X2),double_divide(inverse(X0),double_divide(X4,double_divide(X1,inverse(X2))))) [forward demodulation 29794,22120]
29863. inverse(double_divide(X1,double_divide(inverse(X0),X3))) = double_divide(double_divide(double_divide(X3,X4),X0),double_divide(X1,X4)) [forward demodulation 29796,15001]
29924. inverse(double_divide(inverse(X0),double_divide(X6,double_divide(X1,X6)))) = double_divide(double_divide(inverse(double_divide(X1,inverse(X2))),X2),inverse(inverse(X0))) [forward demodulation 29861,29626]
29979. inverse(double_divide(inverse(X0),double_divide(X6,double_divide(X1,X6)))) = double_divide(double_divide(inverse(double_divide(X1,inverse(X2))),X2),X0) [forward demodulation 29924,6]
30029. inverse(double_divide(inverse(X0),double_divide(X6,double_divide(X1,X6)))) = double_divide(double_divide(X1,inverse(double_divide(inverse(X2),X2))),X0) [forward demodulation 29979,15021]
30070. inverse(double_divide(inverse(X0),double_divide(X6,double_divide(X1,X6)))) = double_divide(double_divide(X1,double_divide(inverse(X2),X2)),X0) [forward demodulation 30029,19935]
30107. double_divide(inverse(X1),X0) = inverse(double_divide(inverse(X0),double_divide(X6,double_divide(X1,X6)))) [forward demodulation 30070,14572]
30138. double_divide(inverse(X1),X0) = inverse(double_divide(inverse(X0),X1)) [forward demodulation 30107,14981]
30749. double_divide(inverse(X1),inverse(double_divide(inverse(double_divide(X1,inverse(double_divide(inverse(double_divide(inverse(X2),double_divide(inverse(X3),X0))),double_divide(inverse(double_divide(inverse(double_divide(X3,X4)),double_divide(X5,double_divide(inverse(X6),X5)))),inverse(double_divide(inverse(double_divide(X6,double_divide(X7,X4))),double_divide(X8,double_divide(X7,X8))))))))),double_divide(X9,double_divide(inverse(X10),X9))))) = double_divide(inverse(X2),inverse(double_divide(inverse(X0),double_divide(X11,double_divide(inverse(X10),X11))))) [superposition 38,64]
30927. double_divide(inverse(X1),inverse(double_divide(inverse(double_divide(X1,inverse(double_divide(inverse(double_divide(inverse(X2),double_divide(inverse(X3),X0))),double_divide(inverse(double_divide(inverse(double_divide(X3,X4)),double_divide(X5,double_divide(inverse(X6),X5)))),inverse(double_divide(inverse(double_divide(X6,double_divide(X7,X4))),double_divide(X8,double_divide(X7,X8))))))))),double_divide(X9,double_divide(inverse(X10),X9))))) = inverse(double_divide(X10,double_divide(inverse(X2),inverse(X0)))) [forward demodulation 30749,14370]
31480. double_divide(inverse(X1),inverse(double_divide(inverse(double_divide(X1,inverse(double_divide(inverse(double_divide(inverse(X2),double_divide(inverse(X3),X0))),double_divide(inverse(double_divide(inverse(double_divide(X3,X4)),double_divide(X5,double_divide(inverse(X6),X5)))),inverse(double_divide(inverse(double_divide(X6,double_divide(X7,X4))),double_divide(X8,double_divide(X7,X8))))))))),double_divide(X9,double_divide(inverse(X10),X9))))) = inverse(double_divide(inverse(double_divide(X10,X0)),X2)) [forward demodulation 30927,15012]
32029. double_divide(inverse(X1),inverse(double_divide(inverse(double_divide(X1,inverse(double_divide(inverse(double_divide(inverse(X2),double_divide(inverse(X3),X0))),double_divide(inverse(double_divide(inverse(double_divide(X3,X4)),double_divide(X5,double_divide(inverse(X6),X5)))),inverse(double_divide(inverse(double_divide(X6,double_divide(X7,X4))),double_divide(X8,double_divide(X7,X8))))))))),double_divide(X9,double_divide(inverse(X10),X9))))) = double_divide(inverse(X2),double_divide(X10,X0)) [forward demodulation 31480,30138]
32578. double_divide(inverse(X2),double_divide(X10,X0)) = inverse(double_divide(inverse(inverse(X10)),inverse(inverse(double_divide(inverse(double_divide(inverse(X2),double_divide(inverse(X3),X0))),double_divide(inverse(double_divide(inverse(double_divide(X3,X4)),double_divide(X5,double_divide(inverse(X6),X5)))),inverse(double_divide(inverse(double_divide(X6,double_divide(X7,X4))),double_divide(X8,double_divide(X7,X8)))))))))) [forward demodulation 32029,13093]
33127. double_divide(inverse(X2),double_divide(X10,X0)) = double_divide(inverse(inverse(inverse(double_divide(inverse(double_divide(inverse(X2),double_divide(inverse(X3),X0))),double_divide(inverse(double_divide(inverse(double_divide(X3,X4)),double_divide(X5,double_divide(inverse(X6),X5)))),inverse(double_divide(inverse(double_divide(X6,double_divide(X7,X4))),double_divide(X8,double_divide(X7,X8))))))))),inverse(X10)) [forward demodulation 32578,30138]
33676. double_divide(inverse(X2),double_divide(X10,X0)) = inverse(double_divide(X10,inverse(inverse(double_divide(inverse(double_divide(inverse(X2),double_divide(inverse(X3),X0))),double_divide(inverse(double_divide(inverse(double_divide(X3,X4)),double_divide(X5,double_divide(inverse(X6),X5)))),inverse(double_divide(inverse(double_divide(X6,double_divide(X7,X4))),double_divide(X8,double_divide(X7,X8)))))))))) [forward demodulation 33127,23774]
34225. double_divide(inverse(X2),double_divide(X10,X0)) = double_divide(inverse(double_divide(inverse(double_divide(inverse(X2),double_divide(inverse(X3),X0))),double_divide(inverse(double_divide(inverse(double_divide(X3,X4)),double_divide(X5,double_divide(inverse(X6),X5)))),inverse(double_divide(inverse(double_divide(X6,double_divide(X7,X4))),double_divide(X8,double_divide(X7,X8))))))),inverse(X10)) [forward demodulation 33676,20250]
34773. double_divide(inverse(X2),double_divide(X10,X0)) = inverse(double_divide(X10,double_divide(inverse(double_divide(inverse(X2),double_divide(inverse(X3),X0))),double_divide(inverse(double_divide(inverse(double_divide(X3,X4)),double_divide(X5,double_divide(inverse(X6),X5)))),inverse(double_divide(inverse(double_divide(X6,double_divide(X7,X4))),double_divide(X8,double_divide(X7,X8)))))))) [forward demodulation 34225,23774]
35321. double_divide(inverse(X2),double_divide(X10,X0)) = double_divide(inverse(double_divide(inverse(X2),double_divide(inverse(X3),X0))),double_divide(double_divide(double_divide(inverse(double_divide(X3,X4)),double_divide(X5,double_divide(inverse(X6),X5))),inverse(X10)),inverse(double_divide(inverse(double_divide(X6,double_divide(X7,X4))),double_divide(X8,double_divide(X7,X8)))))) [forward demodulation 34773,24533]
35869. double_divide(inverse(X2),double_divide(X10,X0)) = double_divide(double_divide(double_divide(X5,double_divide(inverse(X6),X5)),inverse(double_divide(inverse(double_divide(inverse(double_divide(X6,double_divide(X7,X4))),double_divide(X8,double_divide(X7,X8)))),double_divide(inverse(X2),double_divide(inverse(X3),X0))))),double_divide(X10,inverse(double_divide(X3,X4)))) [forward demodulation 35321,25524]
36415. double_divide(inverse(X2),double_divide(X10,X0)) = inverse(double_divide(X10,double_divide(double_divide(double_divide(X5,double_divide(inverse(X6),X5)),inverse(double_divide(inverse(double_divide(inverse(double_divide(X6,double_divide(X7,X4))),double_divide(X8,double_divide(X7,X8)))),double_divide(inverse(X2),double_divide(inverse(X3),X0))))),double_divide(X3,X4)))) [forward demodulation 35869,22260]
36961. double_divide(inverse(X2),double_divide(X10,X0)) = inverse(double_divide(X10,double_divide(double_divide(inverse(double_divide(inverse(double_divide(X6,double_divide(X7,X4))),double_divide(X8,double_divide(X7,X8)))),double_divide(inverse(X2),double_divide(inverse(X3),X0))),double_divide(inverse(double_divide(X3,X4)),double_divide(X5,double_divide(inverse(X6),X5)))))) [forward demodulation 36415,23880]
37507. double_divide(inverse(X2),double_divide(X10,X0)) = double_divide(inverse(double_divide(inverse(X2),double_divide(inverse(X3),X0))),double_divide(X10,double_divide(double_divide(inverse(double_divide(X6,double_divide(X7,X4))),double_divide(X8,double_divide(X7,X8))),double_divide(inverse(double_divide(X3,X4)),double_divide(X5,double_divide(inverse(X6),X5)))))) [forward demodulation 36961,23788]
38052. double_divide(inverse(X2),double_divide(X10,X0)) = double_divide(double_divide(double_divide(X8,double_divide(X7,X8)),double_divide(inverse(X2),double_divide(inverse(X3),X0))),double_divide(X10,double_divide(double_divide(X6,double_divide(X7,X4)),double_divide(inverse(double_divide(X3,X4)),double_divide(X5,double_divide(inverse(X6),X5)))))) [forward demodulation 37507,27528]
38591. double_divide(inverse(X2),double_divide(X10,X0)) = double_divide(double_divide(double_divide(X8,double_divide(X7,X8)),double_divide(inverse(X2),double_divide(inverse(X3),X0))),double_divide(X10,inverse(double_divide(double_divide(double_divide(inverse(X6),X5),double_divide(X3,X4)),double_divide(double_divide(X6,double_divide(X7,X4)),X5))))) [forward demodulation 38052,27712]
39128. double_divide(inverse(X2),double_divide(X10,X0)) = inverse(double_divide(X10,double_divide(double_divide(double_divide(X8,double_divide(X7,X8)),double_divide(inverse(X2),double_divide(inverse(X3),X0))),double_divide(double_divide(double_divide(inverse(X6),X5),double_divide(X3,X4)),double_divide(double_divide(X6,double_divide(X7,X4)),X5))))) [forward demodulation 38591,22260]
39663. double_divide(inverse(X2),double_divide(X10,X0)) = inverse(double_divide(X10,double_divide(double_divide(double_divide(X8,double_divide(X7,X8)),double_divide(inverse(X2),double_divide(inverse(X3),X0))),inverse(double_divide(double_divide(X6,double_divide(X7,X4)),double_divide(inverse(double_divide(X3,X4)),inverse(X6))))))) [forward demodulation 39128,29863]
40197. double_divide(inverse(X2),double_divide(X10,X0)) = double_divide(double_divide(double_divide(X8,double_divide(X7,X8)),double_divide(inverse(X2),double_divide(inverse(X3),X0))),double_divide(X10,double_divide(double_divide(X6,double_divide(X7,X4)),double_divide(inverse(double_divide(X3,X4)),inverse(X6))))) [forward demodulation 39663,21238]
40721. double_divide(inverse(X2),double_divide(X10,X0)) = double_divide(double_divide(double_divide(X8,double_divide(X7,X8)),double_divide(inverse(X2),double_divide(inverse(X3),X0))),double_divide(X10,double_divide(inverse(double_divide(double_divide(X6,double_divide(X7,X4)),X6)),double_divide(X3,X4)))) [forward demodulation 40197,15012]
41207. double_divide(inverse(X2),double_divide(X10,X0)) = double_divide(double_divide(double_divide(X8,double_divide(X7,X8)),double_divide(inverse(X2),double_divide(inverse(X3),X0))),inverse(double_divide(double_divide(X4,double_divide(double_divide(X6,double_divide(X7,X4)),X6)),double_divide(X10,X3)))) [forward demodulation 40721,27712]
41683. double_divide(inverse(X2),double_divide(X10,X0)) = double_divide(inverse(X2),inverse(double_divide(double_divide(inverse(X3),X0),double_divide(double_divide(double_divide(X4,double_divide(double_divide(X6,double_divide(X7,X4)),X6)),double_divide(X10,X3)),double_divide(X8,double_divide(X7,X8)))))) [forward demodulation 41207,25240]
42147. double_divide(inverse(X2),double_divide(X10,X0)) = inverse(double_divide(double_divide(double_divide(inverse(X3),X0),double_divide(double_divide(double_divide(X4,double_divide(double_divide(X6,double_divide(X7,X4)),X6)),double_divide(X10,X3)),double_divide(X8,double_divide(X7,X8)))),X2)) [forward demodulation 41683,23774]
42589. double_divide(inverse(X2),double_divide(X10,X0)) = inverse(double_divide(double_divide(double_divide(X4,double_divide(double_divide(X6,double_divide(X7,X4)),X6)),double_divide(X10,X3)),double_divide(double_divide(X0,X2),double_divide(double_divide(X8,double_divide(X7,X8)),inverse(X3))))) [forward demodulation 42147,28119]
43013. double_divide(inverse(X2),double_divide(X10,X0)) = inverse(double_divide(X10,double_divide(double_divide(X0,X2),double_divide(X3,double_divide(double_divide(double_divide(X8,double_divide(X7,X8)),inverse(X3)),double_divide(X4,double_divide(double_divide(X6,double_divide(X7,X4)),X6))))))) [forward demodulation 42589,28414]
43425. double_divide(inverse(X2),double_divide(X10,X0)) = inverse(double_divide(X10,double_divide(double_divide(X0,X2),double_divide(X3,double_divide(X3,double_divide(inverse(double_divide(X4,double_divide(double_divide(X6,double_divide(X7,X4)),X6))),double_divide(X8,double_divide(X7,X8)))))))) [forward demodulation 43013,26252]
43822. double_divide(inverse(X2),double_divide(X10,X0)) = inverse(double_divide(X10,double_divide(double_divide(X0,X2),double_divide(X3,inverse(double_divide(double_divide(double_divide(X7,X8),double_divide(X4,double_divide(double_divide(X6,double_divide(X7,X4)),X6))),double_divide(X3,X8))))))) [forward demodulation 43425,27712]
44198. double_divide(inverse(X2),double_divide(X10,X0)) = inverse(double_divide(X10,inverse(double_divide(X3,double_divide(double_divide(X0,X2),double_divide(double_divide(double_divide(X7,X8),double_divide(X4,double_divide(double_divide(X6,double_divide(X7,X4)),X6))),double_divide(X3,X8))))))) [forward demodulation 43822,22260]
44555. double_divide(inverse(X2),double_divide(X10,X0)) = double_divide(double_divide(X3,double_divide(double_divide(X0,X2),double_divide(double_divide(double_divide(X7,X8),double_divide(X4,double_divide(double_divide(X6,double_divide(X7,X4)),X6))),double_divide(X3,X8)))),inverse(X10)) [forward demodulation 44198,20250]
44896. double_divide(inverse(X2),double_divide(X10,X0)) = double_divide(double_divide(X0,X2),inverse(double_divide(double_divide(double_divide(double_divide(X7,X8),double_divide(X4,double_divide(double_divide(X6,double_divide(X7,X4)),X6))),double_divide(X3,X8)),double_divide(X10,X3)))) [forward demodulation 44555,25240]
45227. double_divide(inverse(X2),double_divide(X10,X0)) = double_divide(double_divide(X0,X2),inverse(double_divide(X3,double_divide(X10,double_divide(X8,double_divide(X3,double_divide(double_divide(X7,X8),double_divide(X4,double_divide(double_divide(X6,double_divide(X7,X4)),X6))))))))) [forward demodulation 44896,28414]
45535. double_divide(inverse(X2),double_divide(X10,X0)) = double_divide(double_divide(X0,X2),inverse(double_divide(X3,double_divide(X10,inverse(double_divide(X3,double_divide(inverse(X7),double_divide(X4,double_divide(double_divide(X6,double_divide(X7,X4)),X6))))))))) [forward demodulation 45227,22681]
45825. double_divide(inverse(X2),double_divide(X10,X0)) = inverse(double_divide(X10,double_divide(double_divide(X0,X2),inverse(double_divide(X3,double_divide(X3,double_divide(inverse(X7),double_divide(X4,double_divide(double_divide(X6,double_divide(X7,X4)),X6))))))))) [forward demodulation 45535,20478]
46093. double_divide(inverse(X2),double_divide(X10,X0)) = double_divide(double_divide(X0,X2),double_divide(X10,double_divide(X3,double_divide(X3,double_divide(inverse(X7),double_divide(X4,double_divide(double_divide(X6,double_divide(X7,X4)),X6))))))) [forward demodulation 45825,21238]
46348. double_divide(inverse(X2),double_divide(X10,X0)) = double_divide(double_divide(X0,X2),double_divide(X10,double_divide(X3,inverse(double_divide(double_divide(double_divide(double_divide(X6,double_divide(X7,X4)),X6),X7),double_divide(X3,X4)))))) [forward demodulation 46093,27712]
46591. double_divide(inverse(X2),double_divide(X10,X0)) = double_divide(double_divide(X0,X2),inverse(double_divide(X3,double_divide(X10,double_divide(double_divide(double_divide(double_divide(X6,double_divide(X7,X4)),X6),X7),double_divide(X3,X4)))))) [forward demodulation 46348,22260]
46823. double_divide(inverse(X2),double_divide(X10,X0)) = double_divide(double_divide(X0,X2),inverse(double_divide(X3,double_divide(X10,double_divide(double_divide(double_divide(X7,X4),X7),double_divide(X3,X4)))))) [forward demodulation 46591,22120]
47044. double_divide(inverse(X2),double_divide(X10,X0)) = double_divide(double_divide(X0,X2),inverse(double_divide(X3,double_divide(X10,inverse(double_divide(X3,double_divide(inverse(X7),X7))))))) [forward demodulation 46823,29863]
47254. double_divide(inverse(X2),double_divide(X10,X0)) = inverse(double_divide(X10,double_divide(double_divide(X0,X2),inverse(double_divide(X3,double_divide(X3,double_divide(inverse(X7),X7))))))) [forward demodulation 47044,20478]
47449. double_divide(inverse(X2),double_divide(X10,X0)) = double_divide(double_divide(X0,X2),double_divide(X10,double_divide(X3,double_divide(X3,double_divide(inverse(X7),X7))))) [forward demodulation 47254,21238]
47627. double_divide(inverse(X2),double_divide(X10,X0)) = double_divide(double_divide(X0,X2),double_divide(X10,double_divide(X3,inverse(X3)))) [forward demodulation 47449,14572]
47790. double_divide(inverse(X2),double_divide(X10,X0)) = double_divide(double_divide(X0,X2),inverse(double_divide(X3,double_divide(X10,X3)))) [forward demodulation 47627,22260]
47940. double_divide(inverse(X2),double_divide(X10,X0)) = double_divide(double_divide(X0,X2),inverse(X10)) [forward demodulation 47790,14430]
284976. inverse(double_divide(c3,inverse(double_divide(b3,a3)))) != double_divide(inverse(a3),double_divide(c3,b3)) <- (~1) [superposition 11,30138]
285103. double_divide(inverse(a3),double_divide(c3,b3)) != double_divide(double_divide(b3,a3),inverse(c3)) <- (~1) [forward demodulation 284976,20250]
285207. $false <- (~1) [forward subsumption resolution 285103,47940]
285208. 1 [avatar contradiction clause 285207]
285498. a2 != double_divide(double_divide(b2,inverse(b2)),inverse(a2)) <- (~2) [forward demodulation 15,20250]
285500. $false <- (~2) [forward subsumption resolution 285498,22683]
285501. 2 [avatar contradiction clause 285500]
285503. $false <- (~3) [forward subsumption resolution 19,14826]
285504. 3 [avatar contradiction clause 285503]
s1. ~3 | ~2 | ~1 [sat_conversion 20]
s2. 1 [sat_conversion 285208]
s3. 2 [sat_conversion 285501]
s4. 3 [sat_conversion 285504]
s5. # [rat s1,s2,s3,s4]
285505. $false [avatar sat refutation s5]
% SZS output end Proof for variant_0_original
% ------------------------------
% Version: Vampire 5.0.0 (Release build, commit 2e2c9b7b8 on 2026-01-17 12:24:14 +0100)
% Linked with Z3 4.14.0.0 3c47fd96cf5645d0c42b2c819d9e9a84380aa721 z3-4.8.4-9178-g3c47fd96c
% CaDiCaL version: 2.1.3
% Termination reason: Refutation
% Time elapsed: 3.115 s
% Peak memory usage: 123 MB
% Instructions burned: 11502 (million)
% ------------------------------
% ------------------------------
