% Running in auto input_syntax mode. Trying TPTP
% Refutation found. Thanks to Tanya!
% SZS status Unsatisfiable for GRP104-1
% SZS output start Proof for GRP104-1
1. double_divide(X0,inverse(double_divide(inverse(double_divide(double_divide(X0,X1),inverse(X2))),X1))) = X2 [input(axiom)]
2. multiply(X0,X1) = inverse(double_divide(X1,X0)) [input(axiom)]
3. multiply(inverse(a1),a1) != multiply(inverse(b1),b1) | multiply(multiply(inverse(b2),b2),a2) != a2 | multiply(multiply(a3,b3),c3) != multiply(a3,multiply(b3,c3)) | multiply(a4,b4) != multiply(b4,a4) [input(negated conjecture)]
4. multiply(inverse(a1),a1) != multiply(inverse(b1),b1) | a2 != multiply(multiply(inverse(b2),b2),a2) | multiply(multiply(a3,b3),c3) != multiply(a3,multiply(b3,c3)) | multiply(a4,b4) != multiply(b4,a4) [reorient equations 3]
5. inverse(double_divide(a1,inverse(a1))) != inverse(double_divide(b1,inverse(b1))) | a2 != inverse(double_divide(a2,inverse(double_divide(b2,inverse(b2))))) | inverse(double_divide(c3,inverse(double_divide(b3,a3)))) != inverse(double_divide(inverse(double_divide(c3,b3)),a3)) | inverse(double_divide(b4,a4)) != inverse(double_divide(a4,b4)) [definition unfolding 4,2,2,2,2,2,2,2,2,2,2]
7. 1 <=> inverse(double_divide(b4,a4)) = inverse(double_divide(a4,b4)) [avatar definition]
9. inverse(double_divide(b4,a4)) != inverse(double_divide(a4,b4)) <- (~1) [avatar component clause 7]
11. 2 <=> inverse(double_divide(c3,inverse(double_divide(b3,a3)))) = inverse(double_divide(inverse(double_divide(c3,b3)),a3)) [avatar definition]
13. inverse(double_divide(c3,inverse(double_divide(b3,a3)))) != inverse(double_divide(inverse(double_divide(c3,b3)),a3)) <- (~2) [avatar component clause 11]
15. 3 <=> a2 = inverse(double_divide(a2,inverse(double_divide(b2,inverse(b2))))) [avatar definition]
17. a2 != inverse(double_divide(a2,inverse(double_divide(b2,inverse(b2))))) <- (~3) [avatar component clause 15]
19. 4 <=> inverse(double_divide(a1,inverse(a1))) = inverse(double_divide(b1,inverse(b1))) [avatar definition]
21. inverse(double_divide(a1,inverse(a1))) != inverse(double_divide(b1,inverse(b1))) <- (~4) [avatar component clause 19]
22. ~1 | ~2 | ~3 | ~4 [avatar split clause 5,19,15,11,7]
23. double_divide(X1,inverse(double_divide(inverse(double_divide(X0,inverse(X3))),inverse(double_divide(inverse(double_divide(double_divide(X1,X2),inverse(X0))),X2))))) = X3 [superposition 1,1]
24. double_divide(inverse(double_divide(double_divide(double_divide(X1,X2),X3),inverse(X0))),X3) = double_divide(X1,inverse(double_divide(inverse(X0),X2))) [superposition 1,1]
25. double_divide(X1,inverse(double_divide(inverse(X4),inverse(double_divide(inverse(double_divide(double_divide(X1,X2),inverse(X0))),X2))))) = double_divide(inverse(double_divide(double_divide(X0,X3),inverse(X4))),X3) [superposition 24,1]
26. double_divide(inverse(double_divide(double_divide(double_divide(X0,X2),X3),inverse(X1))),inverse(double_divide(inverse(X5),X3))) = double_divide(inverse(double_divide(double_divide(double_divide(X0,inverse(double_divide(inverse(X1),X2))),X4),inverse(X5))),X4) [superposition 24,24]
27. double_divide(X1,inverse(double_divide(inverse(X4),X2))) = double_divide(inverse(double_divide(X0,inverse(X4))),inverse(double_divide(inverse(double_divide(double_divide(double_divide(X1,X2),X3),inverse(X0))),X3))) [superposition 24,1]
29. double_divide(double_divide(X0,X2),inverse(double_divide(X0,inverse(double_divide(inverse(X1),X2))))) = X1 [superposition 1,24]
30. double_divide(inverse(double_divide(double_divide(double_divide(X0,X2),X3),inverse(X1))),inverse(double_divide(inverse(double_divide(double_divide(X0,inverse(double_divide(inverse(X1),X2))),inverse(X4))),X3))) = X4 [superposition 1,24]
32. double_divide(X1,inverse(double_divide(inverse(X4),X2))) = double_divide(inverse(double_divide(X0,inverse(X4))),inverse(double_divide(X1,inverse(double_divide(inverse(X0),X2))))) [forward demodulation 27,24]
33. double_divide(inverse(double_divide(double_divide(double_divide(X0,X2),X3),inverse(X1))),inverse(double_divide(inverse(X5),X3))) = double_divide(X0,inverse(double_divide(inverse(X5),inverse(double_divide(inverse(X1),X2))))) [forward demodulation 26,24]
35. double_divide(inverse(double_divide(X3,inverse(X0))),inverse(double_divide(inverse(double_divide(double_divide(X2,X4),inverse(X3))),X4))) = double_divide(X1,inverse(double_divide(inverse(X0),inverse(double_divide(inverse(double_divide(double_divide(X1,X5),inverse(X2))),X5))))) [superposition 23,23]
43. double_divide(inverse(double_divide(X0,inverse(X1))),inverse(X0)) = X1 [superposition 23,1]
45. double_divide(X1,inverse(double_divide(inverse(double_divide(X0,inverse(X4))),inverse(double_divide(inverse(double_divide(X2,inverse(X0))),inverse(double_divide(inverse(double_divide(double_divide(X1,X3),inverse(X2))),X3))))))) = X4 [superposition 1,23]
58. double_divide(inverse(double_divide(double_divide(X1,X2),inverse(X0))),X2) = double_divide(inverse(X0),inverse(X1)) [superposition 43,1]
59. double_divide(inverse(double_divide(X2,inverse(X0))),inverse(double_divide(inverse(double_divide(double_divide(X1,X3),inverse(X2))),X3))) = double_divide(inverse(X0),inverse(X1)) [superposition 43,23]
60. double_divide(inverse(X0),inverse(inverse(double_divide(X1,inverse(X0))))) = X1 [superposition 43,43]
72. double_divide(X2,inverse(X0)) = double_divide(double_divide(X1,inverse(X2)),inverse(double_divide(X1,inverse(X0)))) [superposition 29,43]
76. double_divide(double_divide(inverse(double_divide(double_divide(inverse(X1),X2),inverse(X0))),X2),inverse(X0)) = X1 [superposition 29,43]
84. double_divide(X1,inverse(double_divide(inverse(X0),X2))) = double_divide(inverse(X0),inverse(double_divide(X1,X2))) [superposition 43,29]
93. double_divide(double_divide(inverse(X0),inverse(inverse(X1))),inverse(X0)) = X1 [forward demodulation 76,58]
105. inverse(double_divide(double_divide(double_divide(X0,X2),inverse(X3)),inverse(X1))) = double_divide(inverse(X3),inverse(inverse(double_divide(X0,inverse(double_divide(inverse(X1),X2)))))) [superposition 60,24]
107. double_divide(X1,X2) = double_divide(inverse(double_divide(X1,inverse(double_divide(inverse(X0),X2)))),inverse(inverse(X0))) [superposition 60,29]
109. inverse(double_divide(X0,inverse(X1))) = double_divide(inverse(X0),inverse(inverse(X1))) [superposition 43,60]
110. inverse(double_divide(X0,inverse(X2))) = double_divide(X1,inverse(double_divide(inverse(X0),inverse(double_divide(inverse(double_divide(double_divide(X1,X3),inverse(inverse(X2)))),X3))))) [superposition 23,60]
113. double_divide(inverse(double_divide(double_divide(X0,X2),inverse(X3))),X2) = double_divide(inverse(X1),inverse(double_divide(inverse(X3),inverse(inverse(double_divide(X0,inverse(X1))))))) [superposition 24,60]
115. double_divide(inverse(X1),inverse(double_divide(inverse(X3),inverse(inverse(double_divide(X0,inverse(X1))))))) = double_divide(inverse(X3),inverse(X0)) [forward demodulation 113,58]
116. inverse(double_divide(X0,inverse(X2))) = double_divide(X1,inverse(double_divide(inverse(X0),inverse(double_divide(inverse(inverse(X2)),inverse(X1)))))) [forward demodulation 110,58]
118. double_divide(X1,X2) = inverse(double_divide(double_divide(X1,inverse(double_divide(inverse(X0),X2))),inverse(X0))) [forward demodulation 107,109]
120. inverse(double_divide(double_divide(double_divide(X0,X2),inverse(X3)),inverse(X1))) = inverse(double_divide(X3,inverse(double_divide(X0,inverse(double_divide(inverse(X1),X2)))))) [forward demodulation 105,109]
123. double_divide(inverse(X3),inverse(X0)) = double_divide(inverse(X1),inverse(inverse(double_divide(X3,inverse(double_divide(X0,inverse(X1))))))) [forward demodulation 115,109]
126. double_divide(inverse(X3),inverse(X0)) = inverse(double_divide(X1,inverse(double_divide(X3,inverse(double_divide(X0,inverse(X1))))))) [forward demodulation 123,109]
196. double_divide(inverse(X1),inverse(double_divide(inverse(X0),inverse(inverse(X0))))) = X1 [superposition 1,93]
197. double_divide(inverse(double_divide(X0,inverse(X2))),inverse(X1)) = double_divide(inverse(X1),inverse(double_divide(inverse(X2),inverse(inverse(X0))))) [superposition 24,93]
216. double_divide(inverse(double_divide(X0,inverse(X2))),inverse(X1)) = double_divide(inverse(X1),inverse(inverse(double_divide(X2,inverse(X0))))) [forward demodulation 197,109]
217. double_divide(inverse(X1),inverse(inverse(double_divide(X0,inverse(X0))))) = X1 [forward demodulation 196,109]
222. double_divide(inverse(double_divide(X0,inverse(X2))),inverse(X1)) = inverse(double_divide(X1,inverse(double_divide(X2,inverse(X0))))) [forward demodulation 216,109]
223. inverse(double_divide(X1,inverse(double_divide(X0,inverse(X0))))) = X1 [forward demodulation 217,109]
242. double_divide(inverse(double_divide(double_divide(double_divide(inverse(X2),inverse(double_divide(inverse(double_divide(double_divide(double_divide(X3,X5),X6),inverse(X0))),X6))),X7),inverse(X4))),X7) = double_divide(X3,inverse(double_divide(inverse(X4),inverse(double_divide(inverse(double_divide(inverse(double_divide(double_divide(X0,X1),inverse(X2))),X1)),X5))))) [superposition 25,25]
246. double_divide(X1,inverse(X0)) = double_divide(inverse(double_divide(double_divide(X3,X4),inverse(double_divide(double_divide(inverse(double_divide(double_divide(X1,X2),inverse(X3))),X2),inverse(X0))))),X4) [superposition 25,43]
247. double_divide(X3,inverse(double_divide(X0,inverse(double_divide(inverse(X1),X2))))) = double_divide(inverse(double_divide(double_divide(X5,X6),inverse(double_divide(double_divide(double_divide(X0,X2),inverse(double_divide(inverse(double_divide(double_divide(X3,X4),inverse(X5))),X4))),inverse(X1))))),X6) [superposition 25,24]
248. double_divide(inverse(double_divide(double_divide(X6,X7),inverse(double_divide(double_divide(X3,inverse(double_divide(inverse(double_divide(double_divide(X4,X5),inverse(X6))),X5))),inverse(X1))))),X7) = double_divide(X4,inverse(double_divide(X0,inverse(double_divide(inverse(X1),inverse(double_divide(inverse(double_divide(double_divide(X0,X2),inverse(X3))),X2))))))) [superposition 25,25]
258. double_divide(X3,inverse(double_divide(inverse(X4),inverse(double_divide(inverse(double_divide(double_divide(X3,X5),inverse(inverse(double_divide(double_divide(double_divide(X0,X2),X6),inverse(X1)))))),X5))))) = double_divide(inverse(double_divide(double_divide(X0,inverse(double_divide(inverse(X1),X2))),inverse(X4))),X6) [superposition 25,24]
259. double_divide(X1,inverse(double_divide(inverse(X2),inverse(double_divide(inverse(double_divide(double_divide(X1,X3),inverse(inverse(double_divide(X4,inverse(X0)))))),X3))))) = double_divide(inverse(double_divide(X0,inverse(X2))),inverse(X4)) [superposition 25,43]
266. double_divide(inverse(X0),inverse(inverse(X0))) = double_divide(X1,inverse(double_divide(inverse(X2),inverse(double_divide(inverse(double_divide(double_divide(X1,X3),inverse(inverse(X2)))),X3))))) [superposition 25,93]
278. double_divide(inverse(X2),inverse(double_divide(inverse(double_divide(double_divide(X3,X4),inverse(X0))),X4))) = double_divide(inverse(double_divide(inverse(double_divide(double_divide(X0,X1),inverse(X2))),X1)),inverse(X3)) [superposition 43,25]
291. double_divide(double_divide(X3,inverse(double_divide(inverse(X2),inverse(double_divide(inverse(double_divide(double_divide(inverse(X4),X5),inverse(X0))),X5))))),inverse(double_divide(X3,inverse(double_divide(inverse(double_divide(double_divide(X0,X1),inverse(X2))),X1))))) = X4 [superposition 29,25]
324. double_divide(double_divide(inverse(X2),inverse(double_divide(inverse(double_divide(double_divide(inverse(X4),X5),inverse(X0))),X5))),inverse(double_divide(inverse(double_divide(double_divide(X0,X1),inverse(X2))),X1))) = X4 [forward demodulation 291,72]
337. double_divide(inverse(X2),inverse(double_divide(inverse(double_divide(double_divide(X3,X4),inverse(X0))),X4))) = double_divide(inverse(double_divide(inverse(X2),inverse(X0))),inverse(X3)) [forward demodulation 278,58]
348. double_divide(inverse(X0),inverse(inverse(X0))) = double_divide(X1,inverse(double_divide(inverse(X2),inverse(double_divide(inverse(inverse(X2)),inverse(X1)))))) [forward demodulation 266,58]
354. double_divide(X1,inverse(double_divide(inverse(X2),inverse(double_divide(inverse(double_divide(double_divide(X1,X3),inverse(inverse(double_divide(X4,inverse(X0)))))),X3))))) = inverse(double_divide(X4,inverse(double_divide(X2,inverse(X0))))) [forward demodulation 259,222]
355. double_divide(inverse(double_divide(double_divide(X0,inverse(double_divide(inverse(X1),X2))),inverse(X4))),X6) = double_divide(X3,inverse(double_divide(inverse(X4),inverse(double_divide(inverse(inverse(double_divide(double_divide(double_divide(X0,X2),X6),inverse(X1)))),inverse(X3)))))) [forward demodulation 258,58]
363. double_divide(inverse(double_divide(double_divide(X6,X7),inverse(double_divide(double_divide(X3,inverse(double_divide(inverse(double_divide(double_divide(X4,X5),inverse(X6))),X5))),inverse(X1))))),X7) = double_divide(X4,inverse(double_divide(double_divide(double_divide(inverse(X1),X2),inverse(X0)),inverse(double_divide(double_divide(X0,X2),inverse(X3)))))) [forward demodulation 248,120]
364. double_divide(X3,inverse(double_divide(X0,inverse(double_divide(inverse(X1),X2))))) = double_divide(inverse(double_divide(double_divide(double_divide(X0,X2),inverse(double_divide(inverse(double_divide(double_divide(X3,X4),inverse(X5))),X4))),inverse(X1))),inverse(X5)) [forward demodulation 247,58]
365. double_divide(X1,inverse(X0)) = double_divide(inverse(double_divide(double_divide(inverse(double_divide(double_divide(X1,X2),inverse(X3))),X2),inverse(X0))),inverse(X3)) [forward demodulation 246,58]
369. double_divide(inverse(double_divide(double_divide(double_divide(inverse(X2),inverse(double_divide(inverse(double_divide(double_divide(double_divide(X3,X5),X6),inverse(X0))),X6))),X7),inverse(X4))),X7) = double_divide(X3,inverse(double_divide(inverse(X4),inverse(double_divide(inverse(double_divide(inverse(X2),inverse(X0))),X5))))) [forward demodulation 242,58]
393. double_divide(double_divide(inverse(X2),inverse(double_divide(inverse(double_divide(double_divide(inverse(X4),X5),inverse(X0))),X5))),inverse(double_divide(inverse(X2),inverse(X0)))) = X4 [forward demodulation 324,58]
405. double_divide(inverse(X2),inverse(double_divide(inverse(double_divide(double_divide(X3,X4),inverse(X0))),X4))) = inverse(double_divide(X3,inverse(double_divide(X0,inverse(inverse(X2)))))) [forward demodulation 337,222]
414. double_divide(inverse(X0),inverse(inverse(X0))) = inverse(double_divide(X2,inverse(X2))) [forward demodulation 348,116]
420. inverse(double_divide(X4,inverse(double_divide(X2,inverse(X0))))) = double_divide(X1,inverse(double_divide(inverse(X2),inverse(double_divide(inverse(inverse(double_divide(X4,inverse(X0)))),inverse(X1)))))) [forward demodulation 354,58]
421. double_divide(inverse(double_divide(double_divide(X0,inverse(double_divide(inverse(X1),X2))),inverse(X4))),X6) = inverse(double_divide(X4,inverse(double_divide(double_divide(double_divide(X0,X2),X6),inverse(X1))))) [forward demodulation 355,116]
426. double_divide(X4,inverse(double_divide(double_divide(double_divide(inverse(X1),X2),inverse(X0)),inverse(double_divide(double_divide(X0,X2),inverse(X3)))))) = double_divide(inverse(double_divide(double_divide(X3,inverse(double_divide(inverse(double_divide(double_divide(X4,X5),inverse(X6))),X5))),inverse(X1))),inverse(X6)) [forward demodulation 363,58]
427. double_divide(X3,inverse(double_divide(X0,inverse(double_divide(inverse(X1),X2))))) = inverse(double_divide(X5,inverse(double_divide(X1,inverse(double_divide(double_divide(X0,X2),inverse(double_divide(inverse(double_divide(double_divide(X3,X4),inverse(X5))),X4)))))))) [forward demodulation 364,222]
428. double_divide(X1,inverse(X0)) = inverse(double_divide(X3,inverse(double_divide(X0,inverse(double_divide(inverse(double_divide(double_divide(X1,X2),inverse(X3))),X2)))))) [forward demodulation 365,222]
431. double_divide(X3,inverse(double_divide(inverse(X4),inverse(double_divide(inverse(double_divide(inverse(X2),inverse(X0))),X5))))) = double_divide(inverse(X2),inverse(double_divide(inverse(X4),inverse(double_divide(inverse(double_divide(double_divide(double_divide(X3,X5),X6),inverse(X0))),X6))))) [forward demodulation 369,24]
447. double_divide(inverse(X2),inverse(double_divide(double_divide(inverse(X2),inverse(double_divide(inverse(double_divide(double_divide(inverse(X4),X5),inverse(X0))),X5))),inverse(X0)))) = X4 [forward demodulation 393,84]
457. inverse(double_divide(X3,inverse(double_divide(X0,inverse(inverse(X2)))))) = double_divide(inverse(X2),inverse(double_divide(inverse(X0),inverse(X3)))) [forward demodulation 405,58]
464. inverse(double_divide(X0,inverse(X0))) = inverse(double_divide(X2,inverse(X2))) [forward demodulation 414,109]
469. inverse(double_divide(X4,inverse(double_divide(X2,inverse(X0))))) = inverse(double_divide(X2,inverse(double_divide(X4,inverse(X0))))) [forward demodulation 420,116]
474. double_divide(X4,inverse(double_divide(double_divide(double_divide(inverse(X1),X2),inverse(X0)),inverse(double_divide(double_divide(X0,X2),inverse(X3)))))) = inverse(double_divide(X1,inverse(double_divide(double_divide(double_divide(X3,X5),inverse(X6)),inverse(double_divide(double_divide(X4,X5),inverse(X6))))))) [forward demodulation 426,421]
475. double_divide(X3,inverse(double_divide(X0,inverse(double_divide(inverse(X1),X2))))) = inverse(double_divide(X5,inverse(double_divide(double_divide(double_divide(double_divide(X0,X2),X4),inverse(X1)),inverse(double_divide(double_divide(X3,X4),inverse(X5))))))) [forward demodulation 427,120]
476. double_divide(X1,inverse(X0)) = inverse(double_divide(double_divide(double_divide(X0,X2),inverse(X3)),inverse(double_divide(double_divide(X1,X2),inverse(X3))))) [forward demodulation 428,120]
479. double_divide(X3,inverse(double_divide(inverse(X4),inverse(double_divide(inverse(double_divide(inverse(X2),inverse(X0))),X5))))) = double_divide(inverse(X2),inverse(double_divide(inverse(X4),inverse(double_divide(X3,inverse(double_divide(inverse(X0),X5))))))) [forward demodulation 431,24]
491. double_divide(inverse(X2),inverse(double_divide(double_divide(inverse(X2),inverse(double_divide(inverse(X0),inverse(inverse(X4))))),inverse(X0)))) = X4 [forward demodulation 447,58]
510. inverse(double_divide(X1,inverse(double_divide(double_divide(double_divide(X3,X5),inverse(X6)),inverse(double_divide(double_divide(X4,X5),inverse(X6))))))) = double_divide(X4,inverse(double_divide(double_divide(X0,X2),inverse(double_divide(double_divide(double_divide(inverse(X1),X2),inverse(X0)),inverse(X3)))))) [forward demodulation 474,469]
511. double_divide(X3,inverse(double_divide(X0,inverse(double_divide(inverse(X1),X2))))) = double_divide(inverse(double_divide(double_divide(double_divide(X0,X2),X4),inverse(X1))),inverse(double_divide(X3,X4))) [forward demodulation 475,126]
513. double_divide(X3,inverse(double_divide(inverse(X4),inverse(double_divide(inverse(double_divide(inverse(X2),inverse(X0))),X5))))) = inverse(double_divide(double_divide(X3,inverse(double_divide(inverse(X0),X5))),inverse(double_divide(X4,inverse(inverse(X2)))))) [forward demodulation 479,457]
524. double_divide(inverse(X2),double_divide(inverse(X2),inverse(inverse(X4)))) = X4 [forward demodulation 491,118]
533. double_divide(X4,inverse(double_divide(double_divide(X0,X2),inverse(double_divide(double_divide(double_divide(inverse(X1),X2),inverse(X0)),inverse(X3)))))) = inverse(double_divide(X1,double_divide(X4,inverse(X3)))) [forward demodulation 510,476]
534. double_divide(X3,inverse(double_divide(X0,inverse(double_divide(inverse(X1),X2))))) = inverse(double_divide(double_divide(X3,X4),inverse(double_divide(X1,inverse(double_divide(double_divide(X0,X2),X4)))))) [forward demodulation 511,222]
543. double_divide(inverse(X2),inverse(double_divide(X2,inverse(X4)))) = X4 [forward demodulation 524,109]
557. double_divide(X2,inverse(double_divide(inverse(X2),inverse(X4)))) = X4 [forward demodulation 543,84]
573. inverse(double_divide(X0,inverse(X1))) = double_divide(X1,inverse(X0)) [superposition 557,60]
576. double_divide(inverse(X2),inverse(double_divide(inverse(double_divide(double_divide(inverse(X3),X4),inverse(X0))),X4))) = double_divide(X3,inverse(double_divide(inverse(double_divide(double_divide(X0,X1),inverse(X2))),X1))) [superposition 557,25]
583. double_divide(inverse(double_divide(X1,inverse(X2))),inverse(X0)) = double_divide(X1,inverse(double_divide(inverse(X2),inverse(X0)))) [superposition 32,557]
584. double_divide(double_divide(X1,inverse(X0)),inverse(X0)) = X1 [superposition 29,557]
588. double_divide(inverse(X2),inverse(X0)) = double_divide(X1,inverse(double_divide(inverse(X0),inverse(double_divide(inverse(double_divide(double_divide(X1,X3),inverse(X2))),X3))))) [superposition 23,557]
596. double_divide(X1,inverse(double_divide(inverse(X2),inverse(double_divide(inverse(X0),X3))))) = double_divide(inverse(double_divide(double_divide(double_divide(inverse(double_divide(X1,X3)),inverse(X0)),X4),inverse(X2))),X4) [superposition 25,557]
598. double_divide(X1,inverse(double_divide(inverse(X0),X2))) = double_divide(inverse(double_divide(X1,X2)),inverse(X0)) [superposition 1,557]
599. double_divide(X1,inverse(double_divide(inverse(X3),X2))) = double_divide(inverse(double_divide(X0,inverse(X3))),inverse(double_divide(inverse(double_divide(X1,X2)),inverse(X0)))) [superposition 24,557]
602. double_divide(inverse(double_divide(X3,inverse(X2))),inverse(double_divide(X1,inverse(X0)))) = double_divide(X1,inverse(double_divide(inverse(X2),inverse(double_divide(inverse(inverse(X3)),inverse(X0)))))) [superposition 32,557]
603. double_divide(double_divide(X1,inverse(double_divide(inverse(inverse(X2)),inverse(X0)))),inverse(double_divide(X1,inverse(X0)))) = X2 [superposition 29,557]
604. double_divide(double_divide(inverse(inverse(X2)),inverse(X0)),inverse(X0)) = X2 [forward demodulation 603,72]
605. double_divide(inverse(double_divide(X3,inverse(X2))),inverse(double_divide(X1,inverse(X0)))) = double_divide(X1,inverse(inverse(double_divide(X0,inverse(double_divide(inverse(X3),inverse(inverse(X2)))))))) [forward demodulation 602,457]
607. double_divide(X1,inverse(double_divide(inverse(X3),X2))) = inverse(double_divide(double_divide(inverse(double_divide(X1,X2)),inverse(X0)),inverse(double_divide(X3,inverse(X0))))) [forward demodulation 599,222]
609. double_divide(X1,inverse(double_divide(inverse(X2),inverse(double_divide(inverse(X0),X3))))) = double_divide(inverse(double_divide(X1,X3)),inverse(double_divide(inverse(X2),inverse(X0)))) [forward demodulation 596,24]
617. double_divide(inverse(X2),inverse(X0)) = double_divide(X1,inverse(double_divide(inverse(X0),inverse(double_divide(inverse(X2),inverse(X1)))))) [forward demodulation 588,58]
619. double_divide(X1,inverse(double_divide(inverse(X2),inverse(X0)))) = inverse(double_divide(X0,inverse(double_divide(X2,inverse(X1))))) [forward demodulation 583,222]
625. double_divide(inverse(X2),inverse(double_divide(inverse(double_divide(double_divide(inverse(X3),X4),inverse(X0))),X4))) = double_divide(X3,inverse(double_divide(inverse(X2),inverse(X0)))) [forward demodulation 576,58]
631. inverse(inverse(X2)) = X2 [forward demodulation 604,584]
632. double_divide(inverse(double_divide(X3,inverse(X2))),inverse(double_divide(X1,inverse(X0)))) = double_divide(X1,inverse(double_divide(double_divide(inverse(X3),inverse(inverse(X2))),inverse(X0)))) [forward demodulation 605,573]
634. double_divide(X1,inverse(double_divide(inverse(X3),X2))) = double_divide(double_divide(X3,inverse(X0)),inverse(double_divide(inverse(double_divide(X1,X2)),inverse(X0)))) [forward demodulation 607,573]
636. double_divide(X1,inverse(double_divide(inverse(X2),inverse(double_divide(inverse(X0),X3))))) = double_divide(X1,inverse(double_divide(inverse(double_divide(inverse(X2),inverse(X0))),X3))) [forward demodulation 609,598]
644. double_divide(inverse(X2),inverse(X0)) = double_divide(X1,double_divide(double_divide(inverse(X2),inverse(X1)),inverse(inverse(X0)))) [forward demodulation 617,573]
646. double_divide(X1,inverse(double_divide(inverse(X2),inverse(X0)))) = double_divide(double_divide(X2,inverse(X1)),inverse(X0)) [forward demodulation 619,573]
648. double_divide(inverse(X2),inverse(double_divide(inverse(double_divide(double_divide(inverse(X3),X4),inverse(X0))),X4))) = double_divide(X3,double_divide(X0,inverse(inverse(X2)))) [forward demodulation 625,573]
650. double_divide(inverse(double_divide(X3,inverse(X2))),inverse(double_divide(X1,inverse(X0)))) = double_divide(X1,double_divide(X0,inverse(double_divide(inverse(X3),inverse(inverse(X2)))))) [forward demodulation 632,573]
652. double_divide(X1,inverse(double_divide(inverse(X3),X2))) = double_divide(double_divide(X3,inverse(X0)),double_divide(X0,inverse(inverse(double_divide(X1,X2))))) [forward demodulation 634,573]
654. double_divide(X1,inverse(double_divide(inverse(X2),inverse(double_divide(inverse(X0),X3))))) = double_divide(X1,inverse(double_divide(double_divide(X0,inverse(inverse(X2))),X3))) [forward demodulation 636,573]
661. double_divide(inverse(X2),inverse(X0)) = double_divide(X1,double_divide(double_divide(inverse(X2),inverse(X1)),X0)) [forward demodulation 644,631]
663. double_divide(double_divide(X2,inverse(X1)),inverse(X0)) = double_divide(X1,double_divide(X0,inverse(inverse(X2)))) [forward demodulation 646,573]
665. double_divide(inverse(X2),inverse(double_divide(inverse(double_divide(double_divide(inverse(X3),X4),inverse(X0))),X4))) = double_divide(X3,double_divide(X0,X2)) [forward demodulation 648,631]
667. double_divide(inverse(double_divide(X3,inverse(X2))),inverse(double_divide(X1,inverse(X0)))) = double_divide(X1,double_divide(X0,double_divide(inverse(X2),inverse(inverse(X3))))) [forward demodulation 650,573]
668. double_divide(X1,inverse(double_divide(inverse(X3),X2))) = double_divide(double_divide(X3,inverse(X0)),double_divide(X0,double_divide(X1,X2))) [forward demodulation 652,631]
670. double_divide(X1,inverse(double_divide(inverse(X2),inverse(double_divide(inverse(X0),X3))))) = double_divide(X1,inverse(double_divide(double_divide(X0,X2),X3))) [forward demodulation 654,631]
676. double_divide(double_divide(X2,inverse(X1)),inverse(X0)) = double_divide(X1,double_divide(X0,X2)) [forward demodulation 663,631]
677. double_divide(inverse(X2),inverse(double_divide(inverse(X0),inverse(inverse(X3))))) = double_divide(X3,double_divide(X0,X2)) [forward demodulation 665,58]
678. double_divide(inverse(double_divide(X3,inverse(X2))),inverse(double_divide(X1,inverse(X0)))) = double_divide(X1,double_divide(X0,inverse(double_divide(X2,inverse(X3))))) [forward demodulation 667,109]
680. double_divide(X1,inverse(double_divide(double_divide(X0,X2),X3))) = double_divide(X1,double_divide(double_divide(inverse(X0),X3),inverse(inverse(X2)))) [forward demodulation 670,573]
686. double_divide(X3,double_divide(X0,X2)) = inverse(double_divide(inverse(X3),inverse(double_divide(X0,inverse(inverse(X2)))))) [forward demodulation 677,457]
687. double_divide(inverse(double_divide(X3,inverse(X2))),inverse(double_divide(X1,inverse(X0)))) = double_divide(X1,double_divide(X0,double_divide(X3,inverse(X2)))) [forward demodulation 678,573]
689. double_divide(X1,inverse(double_divide(double_divide(X0,X2),X3))) = double_divide(X1,double_divide(double_divide(inverse(X0),X3),X2)) [forward demodulation 680,631]
694. double_divide(X3,double_divide(X0,X2)) = double_divide(double_divide(X0,inverse(inverse(X2))),inverse(inverse(X3))) [forward demodulation 686,573]
695. double_divide(X1,double_divide(X0,double_divide(X3,inverse(X2)))) = inverse(double_divide(double_divide(X1,inverse(X0)),inverse(double_divide(X2,inverse(X3))))) [forward demodulation 687,222]
700. double_divide(X3,double_divide(X0,X2)) = double_divide(inverse(X2),double_divide(inverse(X3),X0)) [forward demodulation 694,676]
701. double_divide(X1,double_divide(X0,double_divide(X3,inverse(X2)))) = double_divide(double_divide(X2,inverse(X3)),inverse(double_divide(X1,inverse(X0)))) [forward demodulation 695,573]
704. double_divide(X1,double_divide(X0,double_divide(X3,inverse(X2)))) = double_divide(X3,double_divide(double_divide(X1,inverse(X0)),X2)) [forward demodulation 701,676]
727. double_divide(inverse(X0),inverse(double_divide(inverse(double_divide(double_divide(X1,inverse(double_divide(inverse(double_divide(inverse(double_divide(double_divide(X1,X2),X3)),inverse(X0))),X2))),inverse(X4))),X3))) = X4 [superposition 30,557]
752. double_divide(inverse(X2),inverse(double_divide(inverse(double_divide(double_divide(double_divide(X3,inverse(double_divide(inverse(X6),X4))),X7),inverse(X0))),X7))) = double_divide(inverse(double_divide(double_divide(double_divide(X3,X4),X5),inverse(X6))),inverse(double_divide(inverse(double_divide(inverse(double_divide(double_divide(X0,X1),inverse(X2))),X1)),X5))) [superposition 30,25]
753. double_divide(inverse(double_divide(double_divide(double_divide(X1,X2),X3),inverse(X4))),inverse(double_divide(inverse(X0),X3))) = double_divide(inverse(double_divide(X1,inverse(double_divide(inverse(X4),X2)))),inverse(X0)) [superposition 30,557]
756. double_divide(inverse(double_divide(double_divide(double_divide(X1,X2),inverse(double_divide(X1,inverse(double_divide(inverse(X3),X2))))),inverse(X3))),inverse(X0)) = X0 [superposition 30,43]
766. double_divide(inverse(double_divide(double_divide(X1,inverse(double_divide(inverse(X4),X2))),inverse(X0))),X3) = double_divide(double_divide(double_divide(double_divide(X1,X2),X3),inverse(X4)),inverse(X0)) [superposition 557,30]
793. double_divide(inverse(double_divide(double_divide(X1,inverse(double_divide(inverse(X4),X2))),inverse(X0))),X3) = double_divide(X4,double_divide(X0,double_divide(double_divide(X1,X2),X3))) [forward demodulation 766,676]
802. inverse(double_divide(X0,inverse(double_divide(X3,inverse(double_divide(double_divide(X1,X2),inverse(double_divide(X1,inverse(double_divide(inverse(X3),X2)))))))))) = X0 [forward demodulation 756,222]
805. double_divide(inverse(double_divide(double_divide(double_divide(X1,X2),X3),inverse(X4))),inverse(double_divide(inverse(X0),X3))) = inverse(double_divide(X0,inverse(double_divide(double_divide(inverse(X4),X2),inverse(X1))))) [forward demodulation 753,222]
806. double_divide(inverse(X2),inverse(double_divide(inverse(double_divide(double_divide(double_divide(X3,inverse(double_divide(inverse(X6),X4))),X7),inverse(X0))),X7))) = double_divide(X3,inverse(double_divide(inverse(double_divide(inverse(double_divide(double_divide(X0,X1),inverse(X2))),X1)),inverse(double_divide(inverse(X6),X4))))) [forward demodulation 752,33]
830. double_divide(inverse(X0),inverse(inverse(double_divide(X4,inverse(double_divide(double_divide(double_divide(X1,X2),X3),inverse(double_divide(inverse(double_divide(double_divide(X1,X2),X3)),inverse(X0))))))))) = X4 [forward demodulation 727,421]
863. double_divide(X4,double_divide(X0,double_divide(double_divide(X1,X2),X3))) = double_divide(double_divide(X0,inverse(double_divide(X1,inverse(double_divide(inverse(X4),X2))))),X3) [forward demodulation 793,573]
872. double_divide(double_divide(X3,inverse(double_divide(double_divide(X1,X2),inverse(double_divide(X1,inverse(double_divide(inverse(X3),X2))))))),inverse(X0)) = X0 [forward demodulation 802,573]
875. double_divide(inverse(double_divide(double_divide(double_divide(X1,X2),X3),inverse(X4))),inverse(double_divide(inverse(X0),X3))) = double_divide(double_divide(double_divide(inverse(X4),X2),inverse(X1)),inverse(X0)) [forward demodulation 805,573]
876. double_divide(inverse(X2),inverse(double_divide(inverse(double_divide(double_divide(double_divide(X3,inverse(double_divide(inverse(X6),X4))),X7),inverse(X0))),X7))) = double_divide(X3,double_divide(double_divide(inverse(X6),X4),inverse(inverse(double_divide(inverse(double_divide(double_divide(X0,X1),inverse(X2))),X1))))) [forward demodulation 806,573]
894. inverse(double_divide(X0,inverse(double_divide(X4,inverse(double_divide(double_divide(double_divide(X1,X2),X3),inverse(double_divide(inverse(double_divide(double_divide(X1,X2),X3)),inverse(X0))))))))) = X4 [forward demodulation 830,109]
926. double_divide(X4,double_divide(X0,double_divide(double_divide(X1,X2),X3))) = double_divide(double_divide(X0,double_divide(double_divide(inverse(X4),X2),inverse(X1))),X3) [forward demodulation 863,573]
935. double_divide(double_divide(double_divide(X1,X2),inverse(double_divide(X1,inverse(double_divide(inverse(X3),X2))))),double_divide(X0,X3)) = X0 [forward demodulation 872,676]
938. double_divide(inverse(double_divide(double_divide(double_divide(X1,X2),X3),inverse(X4))),inverse(double_divide(inverse(X0),X3))) = double_divide(X1,double_divide(X0,double_divide(inverse(X4),X2))) [forward demodulation 875,676]
939. double_divide(inverse(X2),inverse(double_divide(inverse(double_divide(double_divide(double_divide(X3,inverse(double_divide(inverse(X6),X4))),X7),inverse(X0))),X7))) = double_divide(X3,inverse(double_divide(double_divide(X6,inverse(inverse(double_divide(inverse(double_divide(double_divide(X0,X1),inverse(X2))),X1)))),X4))) [forward demodulation 876,689]
956. double_divide(double_divide(X4,inverse(double_divide(double_divide(double_divide(X1,X2),X3),inverse(double_divide(inverse(double_divide(double_divide(X1,X2),X3)),inverse(X0)))))),inverse(X0)) = X4 [forward demodulation 894,573]
987. double_divide(X4,double_divide(X0,double_divide(double_divide(X1,X2),X3))) = double_divide(double_divide(X0,inverse(double_divide(double_divide(X4,inverse(X1)),X2))),X3) [forward demodulation 926,689]
996. double_divide(X3,double_divide(X0,X3)) = X0 [forward demodulation 935,29]
999. double_divide(X1,double_divide(X0,double_divide(inverse(X4),X2))) = inverse(double_divide(double_divide(inverse(X0),X3),inverse(double_divide(X4,inverse(double_divide(double_divide(X1,X2),X3)))))) [forward demodulation 938,222]
1000. double_divide(inverse(X2),inverse(double_divide(inverse(double_divide(double_divide(double_divide(X3,inverse(double_divide(inverse(X6),X4))),X7),inverse(X0))),X7))) = double_divide(X3,inverse(double_divide(double_divide(X6,double_divide(inverse(double_divide(double_divide(X0,X1),inverse(X2))),X1)),X4))) [forward demodulation 939,631]
1015. double_divide(double_divide(double_divide(double_divide(X1,X2),X3),inverse(double_divide(inverse(double_divide(double_divide(X1,X2),X3)),inverse(X0)))),double_divide(X0,X4)) = X4 [forward demodulation 956,676]
1055. double_divide(inverse(X0),inverse(double_divide(X1,inverse(double_divide(inverse(X4),X2))))) = double_divide(X1,double_divide(X0,double_divide(inverse(X4),X2))) [forward demodulation 999,534]
1056. double_divide(inverse(X2),inverse(double_divide(inverse(double_divide(double_divide(double_divide(X3,inverse(double_divide(inverse(X6),X4))),X7),inverse(X0))),X7))) = double_divide(X3,inverse(double_divide(double_divide(X6,double_divide(inverse(X2),inverse(X0))),X4))) [forward demodulation 1000,58]
1070. double_divide(X0,double_divide(X0,X4)) = X4 [forward demodulation 1015,557]
1108. double_divide(inverse(X0),double_divide(double_divide(inverse(X4),X2),inverse(X1))) = double_divide(X1,double_divide(X0,double_divide(inverse(X4),X2))) [forward demodulation 1055,573]
1109. double_divide(X3,inverse(double_divide(double_divide(X6,double_divide(inverse(X2),inverse(X0))),X4))) = double_divide(inverse(X2),inverse(double_divide(X3,inverse(double_divide(inverse(X0),inverse(double_divide(inverse(X6),X4))))))) [forward demodulation 1056,24]
1153. double_divide(X1,double_divide(X0,double_divide(inverse(X4),X2))) = double_divide(inverse(X0),inverse(double_divide(double_divide(X4,inverse(X1)),X2))) [forward demodulation 1108,689]
1154. double_divide(X3,inverse(double_divide(double_divide(X6,double_divide(inverse(X2),inverse(X0))),X4))) = double_divide(inverse(X2),inverse(double_divide(double_divide(double_divide(inverse(X0),X4),inverse(X3)),inverse(X6)))) [forward demodulation 1109,120]
1194. double_divide(X3,inverse(double_divide(double_divide(X6,double_divide(inverse(X2),inverse(X0))),X4))) = double_divide(X3,double_divide(X2,double_divide(inverse(double_divide(inverse(X0),X4)),inverse(X6)))) [forward demodulation 1154,1153]
1228. double_divide(X3,inverse(double_divide(double_divide(X6,double_divide(inverse(X2),inverse(X0))),X4))) = double_divide(X3,double_divide(X2,double_divide(inverse(X0),inverse(double_divide(inverse(X6),X4))))) [forward demodulation 1194,598]
1311. double_divide(inverse(double_divide(double_divide(inverse(X0),X4),inverse(X2))),X4) = double_divide(X1,inverse(double_divide(inverse(X2),inverse(double_divide(inverse(double_divide(double_divide(X1,X3),X0)),X3))))) [superposition 25,631]
1318. double_divide(inverse(double_divide(inverse(X0),inverse(X1))),X0) = X1 [superposition 43,631]
1321. double_divide(double_divide(X0,inverse(inverse(X1))),X0) = X1 [superposition 93,631]
1322. inverse(X0) = double_divide(double_divide(inverse(X1),inverse(X0)),inverse(X1)) [superposition 93,631]
1326. inverse(X0) = double_divide(X0,double_divide(X1,inverse(X1))) [forward demodulation 1322,676]
1327. double_divide(double_divide(X0,X1),X0) = X1 [forward demodulation 1321,631]
1330. double_divide(double_divide(X1,inverse(inverse(X0))),X0) = X1 [forward demodulation 1318,573]
1337. double_divide(inverse(double_divide(double_divide(inverse(X0),X4),inverse(X2))),X4) = double_divide(X1,double_divide(double_divide(inverse(double_divide(double_divide(X1,X3),X0)),X3),inverse(inverse(X2)))) [forward demodulation 1311,573]
1340. double_divide(double_divide(X1,X0),X0) = X1 [forward demodulation 1330,631]
1345. double_divide(inverse(double_divide(double_divide(inverse(X0),X4),inverse(X2))),X4) = double_divide(X1,inverse(double_divide(double_divide(double_divide(double_divide(X1,X3),X0),inverse(inverse(X2))),X3))) [forward demodulation 1337,689]
1351. double_divide(inverse(double_divide(double_divide(inverse(X0),X4),inverse(X2))),X4) = double_divide(X1,inverse(double_divide(double_divide(double_divide(double_divide(X1,X3),X0),X2),X3))) [forward demodulation 1345,631]
1354. double_divide(inverse(X2),inverse(inverse(X0))) = double_divide(X1,inverse(double_divide(double_divide(double_divide(double_divide(X1,X3),X0),X2),X3))) [forward demodulation 1351,58]
1355. inverse(double_divide(X2,inverse(X0))) = double_divide(X1,inverse(double_divide(double_divide(double_divide(double_divide(X1,X3),X0),X2),X3))) [forward demodulation 1354,109]
1356. double_divide(X0,inverse(X2)) = double_divide(X1,inverse(double_divide(double_divide(double_divide(double_divide(X1,X3),X0),X2),X3))) [forward demodulation 1355,573]
1360. double_divide(X1,inverse(double_divide(inverse(X4),inverse(double_divide(inverse(X3),inverse(double_divide(inverse(X1),inverse(X0)))))))) = double_divide(inverse(double_divide(double_divide(X0,X2),inverse(X3))),inverse(double_divide(inverse(X4),X2))) [superposition 33,557]
1362. double_divide(inverse(double_divide(double_divide(X0,X2),inverse(X3))),inverse(double_divide(inverse(X4),X2))) = double_divide(inverse(double_divide(X1,inverse(X0))),inverse(double_divide(inverse(X4),inverse(double_divide(inverse(X3),inverse(X1)))))) [superposition 33,43]
1369. double_divide(inverse(double_divide(double_divide(X0,X2),inverse(X3))),inverse(double_divide(inverse(X4),X2))) = double_divide(double_divide(inverse(X1),inverse(inverse(X0))),inverse(double_divide(inverse(X4),inverse(double_divide(inverse(X3),inverse(X1)))))) [superposition 33,93]
1371. double_divide(inverse(X1),inverse(double_divide(inverse(X3),inverse(double_divide(inverse(X2),inverse(inverse(X0))))))) = double_divide(inverse(double_divide(X0,inverse(X2))),inverse(double_divide(inverse(X3),inverse(X1)))) [superposition 33,93]
1379. double_divide(X1,inverse(double_divide(inverse(X6),inverse(double_divide(inverse(double_divide(inverse(double_divide(X4,inverse(X0))),inverse(double_divide(inverse(double_divide(double_divide(double_divide(double_divide(X1,X2),X3),X5),inverse(X4))),X5)))),X2))))) = double_divide(inverse(X0),inverse(double_divide(inverse(X6),X3))) [superposition 33,23]
1384. double_divide(X1,inverse(double_divide(inverse(double_divide(X3,inverse(X0))),inverse(double_divide(inverse(X4),X2))))) = double_divide(inverse(double_divide(double_divide(double_divide(X1,X2),inverse(X3)),inverse(X4))),inverse(X0)) [superposition 33,43]
1393. double_divide(X1,inverse(double_divide(inverse(X3),inverse(double_divide(inverse(X4),X2))))) = double_divide(inverse(double_divide(double_divide(double_divide(X1,X2),inverse(double_divide(inverse(inverse(X3)),inverse(X0)))),inverse(X4))),inverse(X0)) [superposition 33,557]
1416. double_divide(inverse(double_divide(double_divide(double_divide(X0,X3),X4),inverse(X2))),inverse(double_divide(inverse(X6),inverse(double_divide(inverse(X1),X4))))) = double_divide(inverse(double_divide(double_divide(double_divide(X0,inverse(double_divide(inverse(X1),inverse(double_divide(inverse(X2),X3))))),X5),inverse(X6))),X5) [superposition 24,33]
1418. double_divide(X4,inverse(double_divide(inverse(X5),inverse(double_divide(inverse(double_divide(double_divide(X4,X6),inverse(inverse(double_divide(double_divide(double_divide(X0,X3),X7),inverse(X2)))))),X6))))) = double_divide(inverse(double_divide(double_divide(X0,inverse(double_divide(inverse(X1),inverse(double_divide(inverse(X2),X3))))),inverse(X5))),inverse(double_divide(inverse(X1),X7))) [superposition 25,33]
1423. double_divide(X4,inverse(double_divide(inverse(X5),inverse(double_divide(inverse(double_divide(double_divide(X4,X6),inverse(inverse(double_divide(double_divide(double_divide(X0,X3),X7),inverse(X2)))))),X6))))) = double_divide(inverse(X1),inverse(double_divide(inverse(double_divide(double_divide(X0,inverse(double_divide(inverse(X1),inverse(double_divide(inverse(X2),X3))))),inverse(X5))),X7))) [forward demodulation 1418,84]
1425. double_divide(inverse(double_divide(double_divide(double_divide(X0,X3),X4),inverse(X2))),inverse(double_divide(inverse(X6),inverse(double_divide(inverse(X1),X4))))) = double_divide(X0,inverse(double_divide(inverse(X6),inverse(double_divide(inverse(X1),inverse(double_divide(inverse(X2),X3))))))) [forward demodulation 1416,24]
1446. double_divide(X1,inverse(double_divide(inverse(X3),inverse(double_divide(inverse(X4),X2))))) = inverse(double_divide(X4,inverse(double_divide(double_divide(double_divide(double_divide(X1,X2),inverse(X0)),inverse(X0)),inverse(inverse(X3)))))) [forward demodulation 1393,421]
1455. double_divide(X1,inverse(double_divide(inverse(double_divide(X3,inverse(X0))),inverse(double_divide(inverse(X4),X2))))) = inverse(double_divide(X0,inverse(double_divide(X4,inverse(double_divide(double_divide(X1,X2),inverse(X3))))))) [forward demodulation 1384,222]
1460. double_divide(inverse(X0),inverse(double_divide(inverse(X6),X3))) = inverse(double_divide(double_divide(X1,inverse(double_divide(inverse(double_divide(inverse(double_divide(double_divide(double_divide(double_divide(X1,X2),X3),X5),inverse(X4))),X5)),X2))),inverse(double_divide(X6,inverse(inverse(double_divide(X4,inverse(X0)))))))) [forward demodulation 1379,513]
1468. double_divide(inverse(X1),inverse(double_divide(inverse(X3),inverse(double_divide(inverse(X2),inverse(inverse(X0))))))) = inverse(double_divide(double_divide(inverse(X3),inverse(X1)),inverse(double_divide(X2,inverse(X0))))) [forward demodulation 1371,222]
1470. double_divide(inverse(double_divide(double_divide(X0,X2),inverse(X3))),inverse(double_divide(inverse(X4),X2))) = double_divide(inverse(X0),double_divide(double_divide(inverse(X4),inverse(double_divide(inverse(X3),inverse(X1)))),inverse(X1))) [forward demodulation 1369,676]
1477. double_divide(inverse(double_divide(double_divide(X0,X2),inverse(X3))),inverse(double_divide(inverse(X4),X2))) = inverse(double_divide(double_divide(inverse(X4),inverse(double_divide(inverse(X3),inverse(X1)))),inverse(double_divide(X0,inverse(X1))))) [forward demodulation 1362,222]
1479. double_divide(X1,inverse(double_divide(inverse(X4),inverse(double_divide(inverse(X3),inverse(double_divide(inverse(X1),inverse(X0)))))))) = inverse(double_divide(double_divide(inverse(X4),X2),inverse(double_divide(X3,inverse(double_divide(X0,X2)))))) [forward demodulation 1360,222]
1485. double_divide(X4,inverse(double_divide(inverse(X5),inverse(double_divide(inverse(double_divide(double_divide(X4,X6),inverse(inverse(double_divide(double_divide(double_divide(X0,X3),X7),inverse(X2)))))),X6))))) = double_divide(inverse(X1),inverse(inverse(double_divide(X5,inverse(double_divide(double_divide(double_divide(X0,inverse(double_divide(inverse(X2),X3))),X7),inverse(X1))))))) [forward demodulation 1423,421]
1487. double_divide(inverse(double_divide(double_divide(double_divide(X0,X3),X4),inverse(X2))),inverse(double_divide(inverse(X6),inverse(double_divide(inverse(X1),X4))))) = double_divide(X0,inverse(double_divide(double_divide(double_divide(inverse(X1),X3),inverse(inverse(X6))),inverse(X2)))) [forward demodulation 1425,120]
1507. double_divide(X1,inverse(double_divide(inverse(X3),inverse(double_divide(inverse(X4),X2))))) = double_divide(double_divide(double_divide(double_divide(double_divide(X1,X2),inverse(X0)),inverse(X0)),inverse(inverse(X3))),inverse(X4)) [forward demodulation 1446,573]
1516. double_divide(X1,inverse(double_divide(inverse(double_divide(X3,inverse(X0))),inverse(double_divide(inverse(X4),X2))))) = double_divide(double_divide(X4,inverse(double_divide(double_divide(X1,X2),inverse(X3)))),inverse(X0)) [forward demodulation 1455,573]
1521. double_divide(inverse(X0),inverse(double_divide(inverse(X6),X3))) = double_divide(double_divide(X6,inverse(inverse(double_divide(X4,inverse(X0))))),inverse(double_divide(X1,inverse(double_divide(inverse(double_divide(inverse(double_divide(double_divide(double_divide(double_divide(X1,X2),X3),X5),inverse(X4))),X5)),X2))))) [forward demodulation 1460,573]
1529. double_divide(inverse(X1),inverse(double_divide(inverse(X3),inverse(double_divide(inverse(X2),inverse(inverse(X0))))))) = double_divide(double_divide(X2,inverse(X0)),inverse(double_divide(inverse(X3),inverse(X1)))) [forward demodulation 1468,573]
1530. double_divide(inverse(double_divide(double_divide(X0,X2),inverse(X3))),inverse(double_divide(inverse(X4),X2))) = double_divide(inverse(X0),inverse(double_divide(double_divide(X4,inverse(X1)),inverse(double_divide(inverse(X3),inverse(X1)))))) [forward demodulation 1470,689]
1537. double_divide(inverse(double_divide(double_divide(X0,X2),inverse(X3))),inverse(double_divide(inverse(X4),X2))) = double_divide(double_divide(X0,inverse(X1)),inverse(double_divide(inverse(X4),inverse(double_divide(inverse(X3),inverse(X1)))))) [forward demodulation 1477,573]
1539. double_divide(X1,inverse(double_divide(inverse(X4),inverse(double_divide(inverse(X3),inverse(double_divide(inverse(X1),inverse(X0)))))))) = double_divide(double_divide(X3,inverse(double_divide(X0,X2))),inverse(double_divide(inverse(X4),X2))) [forward demodulation 1479,573]
1545. double_divide(X4,inverse(double_divide(inverse(X5),inverse(double_divide(inverse(double_divide(double_divide(X4,X6),inverse(inverse(double_divide(double_divide(double_divide(X0,X3),X7),inverse(X2)))))),X6))))) = inverse(double_divide(X1,inverse(double_divide(X5,inverse(double_divide(double_divide(double_divide(X0,inverse(double_divide(inverse(X2),X3))),X7),inverse(X1))))))) [forward demodulation 1485,109]
1547. double_divide(inverse(double_divide(double_divide(double_divide(X0,X3),X4),inverse(X2))),inverse(double_divide(inverse(X6),inverse(double_divide(inverse(X1),X4))))) = double_divide(X0,double_divide(X2,inverse(double_divide(double_divide(inverse(X1),X3),inverse(inverse(X6)))))) [forward demodulation 1487,573]
1566. double_divide(X1,inverse(double_divide(inverse(X3),inverse(double_divide(inverse(X4),X2))))) = double_divide(inverse(X3),double_divide(X4,double_divide(double_divide(double_divide(X1,X2),inverse(X0)),inverse(X0)))) [forward demodulation 1507,676]
1575. double_divide(X1,inverse(double_divide(inverse(double_divide(X3,inverse(X0))),inverse(double_divide(inverse(X4),X2))))) = double_divide(double_divide(double_divide(X1,X2),inverse(X3)),double_divide(X0,X4)) [forward demodulation 1516,676]
1580. double_divide(inverse(X0),inverse(double_divide(inverse(X6),X3))) = double_divide(inverse(double_divide(X4,inverse(X0))),double_divide(double_divide(X1,inverse(double_divide(inverse(double_divide(inverse(double_divide(double_divide(double_divide(double_divide(X1,X2),X3),X5),inverse(X4))),X5)),X2))),X6)) [forward demodulation 1521,676]
1588. double_divide(inverse(X1),inverse(double_divide(inverse(X3),inverse(double_divide(inverse(X2),inverse(inverse(X0))))))) = double_divide(X0,double_divide(double_divide(inverse(X3),inverse(X1)),X2)) [forward demodulation 1529,676]
1589. double_divide(inverse(double_divide(double_divide(X0,X2),inverse(X3))),inverse(double_divide(inverse(X4),X2))) = double_divide(X1,double_divide(X0,double_divide(inverse(X4),inverse(double_divide(inverse(X3),inverse(X1)))))) [forward demodulation 1530,1153]
1596. double_divide(inverse(double_divide(double_divide(X0,X2),inverse(X3))),inverse(double_divide(inverse(X4),X2))) = double_divide(X1,double_divide(double_divide(inverse(X4),inverse(double_divide(inverse(X3),inverse(X1)))),X0)) [forward demodulation 1537,676]
1598. double_divide(X1,inverse(double_divide(inverse(X4),inverse(double_divide(inverse(X3),inverse(double_divide(inverse(X1),inverse(X0)))))))) = double_divide(double_divide(X0,X2),double_divide(double_divide(inverse(X4),X2),X3)) [forward demodulation 1539,676]
1604. double_divide(X4,inverse(double_divide(inverse(X5),inverse(double_divide(inverse(double_divide(double_divide(X4,X6),inverse(inverse(double_divide(double_divide(double_divide(X0,X3),X7),inverse(X2)))))),X6))))) = double_divide(inverse(X5),inverse(double_divide(double_divide(X0,inverse(double_divide(inverse(X2),X3))),X7))) [forward demodulation 1545,126]
1606. double_divide(inverse(double_divide(double_divide(double_divide(X0,X3),X4),inverse(X2))),inverse(double_divide(inverse(X6),inverse(double_divide(inverse(X1),X4))))) = double_divide(X0,double_divide(X2,double_divide(inverse(X6),inverse(double_divide(inverse(X1),X3))))) [forward demodulation 1547,573]
1625. double_divide(X1,inverse(double_divide(inverse(X3),inverse(double_divide(inverse(X4),X2))))) = double_divide(inverse(X3),double_divide(X4,double_divide(X1,X2))) [forward demodulation 1566,1340]
1634. double_divide(double_divide(double_divide(X1,X2),inverse(X3)),double_divide(X0,X4)) = double_divide(X1,double_divide(double_divide(inverse(X4),X2),inverse(inverse(double_divide(X3,inverse(X0)))))) [forward demodulation 1575,573]
1639. double_divide(inverse(X0),inverse(double_divide(inverse(X6),X3))) = double_divide(inverse(double_divide(X4,inverse(X0))),double_divide(double_divide(X1,inverse(double_divide(inverse(double_divide(double_divide(X1,X2),inverse(double_divide(inverse(X4),X3)))),X2))),X6)) [forward demodulation 1580,24]
1646. double_divide(inverse(X1),inverse(double_divide(inverse(X3),inverse(double_divide(inverse(X2),inverse(inverse(X0))))))) = double_divide(X0,inverse(double_divide(double_divide(X3,X2),inverse(X1)))) [forward demodulation 1588,689]
1647. double_divide(inverse(double_divide(double_divide(X0,X2),inverse(X3))),inverse(double_divide(inverse(X4),X2))) = double_divide(X1,inverse(double_divide(double_divide(X3,double_divide(inverse(X0),inverse(X4))),inverse(X1)))) [forward demodulation 1589,1228]
1654. double_divide(inverse(double_divide(double_divide(X0,X2),inverse(X3))),inverse(double_divide(inverse(X4),X2))) = double_divide(X1,inverse(double_divide(double_divide(X4,X0),inverse(double_divide(inverse(X3),inverse(X1)))))) [forward demodulation 1596,689]
1656. double_divide(X1,inverse(double_divide(inverse(X4),inverse(double_divide(inverse(X3),inverse(double_divide(inverse(X1),inverse(X0)))))))) = double_divide(double_divide(X0,X2),inverse(double_divide(double_divide(X4,X3),X2))) [forward demodulation 1598,689]
1662. double_divide(X4,inverse(double_divide(inverse(X5),inverse(double_divide(inverse(double_divide(double_divide(X4,X6),inverse(inverse(double_divide(double_divide(double_divide(X0,X3),X7),inverse(X2)))))),X6))))) = double_divide(double_divide(inverse(X2),X3),double_divide(X5,double_divide(inverse(X0),X7))) [forward demodulation 1604,1153]
1664. double_divide(inverse(double_divide(double_divide(double_divide(X0,X3),X4),inverse(X2))),inverse(double_divide(inverse(X6),inverse(double_divide(inverse(X1),X4))))) = double_divide(X0,inverse(double_divide(double_divide(X1,double_divide(inverse(X2),inverse(X6))),X3))) [forward demodulation 1606,1228]
1680. double_divide(inverse(X3),double_divide(X4,double_divide(X1,X2))) = double_divide(X1,double_divide(double_divide(inverse(X4),X2),inverse(inverse(X3)))) [forward demodulation 1625,573]
1689. double_divide(double_divide(double_divide(X1,X2),inverse(X3)),double_divide(X0,X4)) = double_divide(X1,inverse(double_divide(double_divide(X4,inverse(inverse(double_divide(X3,inverse(X0))))),X2))) [forward demodulation 1634,689]
1694. double_divide(inverse(X0),inverse(double_divide(inverse(X6),X3))) = double_divide(inverse(double_divide(X4,inverse(X0))),double_divide(double_divide(inverse(X4),X3),X6)) [forward demodulation 1639,1]
1700. double_divide(inverse(X1),inverse(double_divide(inverse(X3),inverse(double_divide(inverse(X2),inverse(inverse(X0))))))) = double_divide(X0,double_divide(X1,inverse(double_divide(X3,X2)))) [forward demodulation 1646,573]
1701. double_divide(inverse(double_divide(double_divide(X0,X2),inverse(X3))),inverse(double_divide(inverse(X4),X2))) = double_divide(X1,double_divide(X1,inverse(double_divide(X3,double_divide(inverse(X0),inverse(X4)))))) [forward demodulation 1647,573]
1708. double_divide(inverse(double_divide(double_divide(X0,X2),inverse(X3))),inverse(double_divide(inverse(X4),X2))) = double_divide(X1,double_divide(double_divide(inverse(X3),inverse(X1)),inverse(double_divide(X4,X0)))) [forward demodulation 1654,573]
1710. double_divide(double_divide(X0,X2),inverse(double_divide(double_divide(X4,X3),X2))) = double_divide(X1,inverse(double_divide(double_divide(double_divide(inverse(X3),inverse(X0)),inverse(inverse(X4))),inverse(X1)))) [forward demodulation 1656,120]
1716. double_divide(double_divide(inverse(X2),X3),double_divide(X5,double_divide(inverse(X0),X7))) = double_divide(X4,double_divide(double_divide(inverse(double_divide(double_divide(X4,X6),inverse(inverse(double_divide(double_divide(double_divide(X0,X3),X7),inverse(X2)))))),X6),inverse(inverse(X5)))) [forward demodulation 1662,573]
1718. double_divide(X0,inverse(double_divide(double_divide(X1,double_divide(inverse(X2),inverse(X6))),X3))) = inverse(double_divide(double_divide(inverse(X6),inverse(double_divide(inverse(X1),X4))),inverse(double_divide(X2,inverse(double_divide(double_divide(X0,X3),X4)))))) [forward demodulation 1664,222]
1734. double_divide(inverse(X3),double_divide(X4,double_divide(X1,X2))) = double_divide(X1,inverse(double_divide(double_divide(X4,inverse(inverse(X3))),X2))) [forward demodulation 1680,689]
1743. double_divide(double_divide(double_divide(X1,X2),inverse(X3)),double_divide(X0,X4)) = double_divide(X1,inverse(double_divide(double_divide(X4,double_divide(X3,inverse(X0))),X2))) [forward demodulation 1689,631]
1747. double_divide(inverse(X0),inverse(double_divide(inverse(X6),X3))) = double_divide(inverse(double_divide(X4,inverse(X0))),inverse(double_divide(double_divide(X4,X6),X3))) [forward demodulation 1694,689]
1752. double_divide(X0,double_divide(X1,inverse(double_divide(X3,X2)))) = inverse(double_divide(double_divide(inverse(X2),inverse(inverse(X0))),inverse(double_divide(X3,inverse(inverse(X1)))))) [forward demodulation 1700,457]
1753. double_divide(inverse(double_divide(double_divide(X0,X2),inverse(X3))),inverse(double_divide(inverse(X4),X2))) = inverse(double_divide(X3,double_divide(inverse(X0),inverse(X4)))) [forward demodulation 1701,1070]
1760. double_divide(inverse(double_divide(double_divide(X0,X2),inverse(X3))),inverse(double_divide(inverse(X4),X2))) = double_divide(inverse(X3),inverse(inverse(double_divide(X4,X0)))) [forward demodulation 1708,661]
1762. double_divide(double_divide(X0,X2),inverse(double_divide(double_divide(X4,X3),X2))) = double_divide(X1,double_divide(X1,inverse(double_divide(double_divide(inverse(X3),inverse(X0)),inverse(inverse(X4)))))) [forward demodulation 1710,573]
1768. double_divide(double_divide(inverse(X2),X3),double_divide(X5,double_divide(inverse(X0),X7))) = double_divide(X4,inverse(double_divide(double_divide(double_divide(double_divide(X4,X6),inverse(inverse(double_divide(double_divide(double_divide(X0,X3),X7),inverse(X2))))),inverse(inverse(X5))),X6))) [forward demodulation 1716,689]
1770. double_divide(X0,inverse(double_divide(double_divide(X1,double_divide(inverse(X2),inverse(X6))),X3))) = double_divide(double_divide(X2,inverse(double_divide(double_divide(X0,X3),X4))),inverse(double_divide(inverse(X6),inverse(double_divide(inverse(X1),X4))))) [forward demodulation 1718,573]
1784. double_divide(inverse(X3),double_divide(X4,double_divide(X1,X2))) = double_divide(X1,inverse(double_divide(double_divide(X4,X3),X2))) [forward demodulation 1734,631]
1794. double_divide(inverse(X0),inverse(double_divide(inverse(X6),X3))) = inverse(double_divide(double_divide(double_divide(X4,X6),X3),inverse(double_divide(X0,inverse(X4))))) [forward demodulation 1747,222]
1799. double_divide(X0,double_divide(X1,inverse(double_divide(X3,X2)))) = double_divide(double_divide(X3,inverse(inverse(X1))),inverse(double_divide(inverse(X2),inverse(inverse(X0))))) [forward demodulation 1752,573]
1800. inverse(double_divide(double_divide(inverse(X4),X2),inverse(double_divide(X3,inverse(double_divide(X0,X2)))))) = inverse(double_divide(X3,double_divide(inverse(X0),inverse(X4)))) [forward demodulation 1753,222]
1807. double_divide(inverse(double_divide(double_divide(X0,X2),inverse(X3))),inverse(double_divide(inverse(X4),X2))) = inverse(double_divide(X3,inverse(double_divide(X4,X0)))) [forward demodulation 1760,109]
1809. double_divide(double_divide(X0,X2),inverse(double_divide(double_divide(X4,X3),X2))) = inverse(double_divide(double_divide(inverse(X3),inverse(X0)),inverse(inverse(X4)))) [forward demodulation 1762,1070]
1814. double_divide(double_divide(inverse(X2),X3),double_divide(X5,double_divide(inverse(X0),X7))) = double_divide(inverse(inverse(double_divide(double_divide(double_divide(X0,X3),X7),inverse(X2)))),inverse(inverse(inverse(X5)))) [forward demodulation 1768,1356]
1816. double_divide(X0,inverse(double_divide(double_divide(X1,double_divide(inverse(X2),inverse(X6))),X3))) = double_divide(double_divide(double_divide(X0,X3),X4),double_divide(double_divide(inverse(X6),inverse(double_divide(inverse(X1),X4))),X2)) [forward demodulation 1770,676]
1835. double_divide(inverse(X0),inverse(double_divide(inverse(X6),X3))) = double_divide(double_divide(X0,inverse(X4)),inverse(double_divide(double_divide(X4,X6),X3))) [forward demodulation 1794,573]
1840. double_divide(X0,double_divide(X1,inverse(double_divide(X3,X2)))) = double_divide(inverse(X1),double_divide(double_divide(inverse(X2),inverse(inverse(X0))),X3)) [forward demodulation 1799,676]
1841. double_divide(double_divide(X3,inverse(double_divide(X0,X2))),inverse(double_divide(inverse(X4),X2))) = inverse(double_divide(X3,double_divide(inverse(X0),inverse(X4)))) [forward demodulation 1800,573]
1848. double_divide(inverse(double_divide(double_divide(X0,X2),inverse(X3))),inverse(double_divide(inverse(X4),X2))) = double_divide(double_divide(X4,X0),inverse(X3)) [forward demodulation 1807,573]
1850. double_divide(double_divide(X0,X2),inverse(double_divide(double_divide(X4,X3),X2))) = double_divide(inverse(X4),inverse(double_divide(inverse(X3),inverse(X0)))) [forward demodulation 1809,573]
1855. double_divide(double_divide(inverse(X2),X3),double_divide(X5,double_divide(inverse(X0),X7))) = inverse(double_divide(inverse(double_divide(double_divide(double_divide(X0,X3),X7),inverse(X2))),inverse(inverse(X5)))) [forward demodulation 1814,109]
1857. double_divide(X0,inverse(double_divide(double_divide(X1,double_divide(inverse(X2),inverse(X6))),X3))) = double_divide(double_divide(double_divide(X0,X3),X4),inverse(double_divide(double_divide(X6,X2),inverse(double_divide(inverse(X1),X4))))) [forward demodulation 1816,689]
1872. double_divide(inverse(X0),inverse(double_divide(inverse(X6),X3))) = double_divide(X4,double_divide(double_divide(double_divide(X4,X6),X3),X0)) [forward demodulation 1835,676]
1877. double_divide(X0,double_divide(X1,inverse(double_divide(X3,X2)))) = double_divide(inverse(X1),inverse(double_divide(double_divide(X2,X3),inverse(inverse(X0))))) [forward demodulation 1840,689]
1878. double_divide(double_divide(X0,X2),double_divide(double_divide(inverse(X4),X2),X3)) = inverse(double_divide(X3,double_divide(inverse(X0),inverse(X4)))) [forward demodulation 1841,676]
1885. inverse(double_divide(double_divide(inverse(X4),X2),inverse(double_divide(X3,inverse(double_divide(X0,X2)))))) = double_divide(double_divide(X4,X0),inverse(X3)) [forward demodulation 1848,222]
1887. double_divide(double_divide(X0,X2),inverse(double_divide(double_divide(X4,X3),X2))) = inverse(double_divide(X0,inverse(double_divide(X3,inverse(inverse(X4)))))) [forward demodulation 1850,457]
1891. double_divide(double_divide(inverse(X2),X3),double_divide(X5,double_divide(inverse(X0),X7))) = double_divide(inverse(X5),inverse(inverse(double_divide(double_divide(double_divide(X0,X3),X7),inverse(X2))))) [forward demodulation 1855,573]
1893. double_divide(X0,inverse(double_divide(double_divide(X1,double_divide(inverse(X2),inverse(X6))),X3))) = double_divide(double_divide(double_divide(X0,X3),X4),double_divide(double_divide(inverse(X1),X4),inverse(double_divide(X6,X2)))) [forward demodulation 1857,573]
1912. double_divide(X0,double_divide(X1,inverse(double_divide(X3,X2)))) = double_divide(inverse(X1),double_divide(inverse(X0),inverse(double_divide(X2,X3)))) [forward demodulation 1877,573]
1913. double_divide(double_divide(X0,X2),inverse(double_divide(double_divide(X4,X3),X2))) = inverse(double_divide(X3,double_divide(inverse(X0),inverse(X4)))) [forward demodulation 1878,689]
1920. double_divide(double_divide(X3,inverse(double_divide(X0,X2))),inverse(double_divide(inverse(X4),X2))) = double_divide(double_divide(X4,X0),inverse(X3)) [forward demodulation 1885,573]
1922. double_divide(double_divide(X0,X2),inverse(double_divide(double_divide(X4,X3),X2))) = double_divide(double_divide(X3,inverse(inverse(X4))),inverse(X0)) [forward demodulation 1887,573]
1926. double_divide(double_divide(inverse(X2),X3),double_divide(X5,double_divide(inverse(X0),X7))) = inverse(double_divide(X5,inverse(double_divide(double_divide(double_divide(X0,X3),X7),inverse(X2))))) [forward demodulation 1891,109]
1928. double_divide(X0,inverse(double_divide(double_divide(X1,double_divide(inverse(X2),inverse(X6))),X3))) = double_divide(double_divide(double_divide(X0,X3),X4),inverse(double_divide(double_divide(X1,inverse(double_divide(X6,X2))),X4))) [forward demodulation 1893,689]
1941. double_divide(X0,double_divide(X1,inverse(double_divide(X3,X2)))) = double_divide(X0,double_divide(inverse(double_divide(X2,X3)),X1)) [forward demodulation 1912,700]
1948. double_divide(double_divide(X0,X2),double_divide(double_divide(inverse(X4),X2),X3)) = double_divide(double_divide(X4,X0),inverse(X3)) [forward demodulation 1920,676]
1950. double_divide(double_divide(X0,X2),inverse(double_divide(double_divide(X4,X3),X2))) = double_divide(inverse(X4),double_divide(X0,X3)) [forward demodulation 1922,676]
1954. double_divide(double_divide(inverse(X2),X3),double_divide(X5,double_divide(inverse(X0),X7))) = double_divide(double_divide(double_divide(double_divide(X0,X3),X7),inverse(X2)),inverse(X5)) [forward demodulation 1926,573]
1956. double_divide(X0,inverse(double_divide(double_divide(X1,double_divide(inverse(X2),inverse(X6))),X3))) = inverse(double_divide(inverse(double_divide(X6,X2)),double_divide(inverse(double_divide(X0,X3)),inverse(X1)))) [forward demodulation 1928,1913]
1968. double_divide(double_divide(X0,X2),inverse(double_divide(double_divide(X4,X3),X2))) = double_divide(double_divide(X4,X0),inverse(X3)) [forward demodulation 1948,689]
1973. double_divide(double_divide(inverse(X2),X3),double_divide(X5,double_divide(inverse(X0),X7))) = double_divide(X2,double_divide(X5,double_divide(double_divide(X0,X3),X7))) [forward demodulation 1954,676]
1974. double_divide(X0,inverse(double_divide(double_divide(X1,double_divide(inverse(X2),inverse(X6))),X3))) = inverse(double_divide(double_divide(X0,X3),double_divide(inverse(X1),double_divide(X6,X2)))) [forward demodulation 1956,700]
1983. double_divide(double_divide(X4,X0),inverse(X3)) = double_divide(inverse(X4),double_divide(X0,X3)) [forward demodulation 1968,1950]
1988. inverse(double_divide(double_divide(X0,X3),double_divide(inverse(X1),double_divide(X6,X2)))) = double_divide(double_divide(double_divide(X0,X3),inverse(inverse(X2))),double_divide(X6,X1)) [forward demodulation 1974,1743]
1998. inverse(double_divide(double_divide(X0,X3),double_divide(inverse(X1),double_divide(X6,X2)))) = double_divide(double_divide(inverse(X0),double_divide(X3,inverse(X2))),double_divide(X6,X1)) [forward demodulation 1988,1983]
2020. inverse(double_divide(double_divide(double_divide(X0,X2),X3),inverse(X1))) = double_divide(X3,double_divide(X0,inverse(double_divide(inverse(X1),X2)))) [superposition 996,24]
2025. inverse(double_divide(double_divide(X3,X4),inverse(X1))) = double_divide(X4,double_divide(X0,inverse(double_divide(inverse(X1),inverse(double_divide(inverse(double_divide(double_divide(X0,X2),inverse(X3))),X2)))))) [superposition 996,25]
2027. double_divide(X1,X2) = double_divide(inverse(double_divide(X1,inverse(double_divide(inverse(X0),X2)))),X0) [superposition 996,29]
2032. double_divide(inverse(double_divide(double_divide(X3,X4),inverse(X2))),X4) = double_divide(X1,inverse(double_divide(inverse(X2),inverse(double_divide(inverse(double_divide(X0,inverse(X3))),double_divide(X0,X1)))))) [superposition 25,996]
2057. double_divide(inverse(double_divide(double_divide(X3,X4),inverse(X2))),X4) = double_divide(X1,double_divide(double_divide(inverse(double_divide(X0,inverse(X3))),double_divide(X0,X1)),inverse(inverse(X2)))) [forward demodulation 2032,573]
2061. double_divide(X1,X2) = double_divide(double_divide(double_divide(inverse(X0),X2),inverse(X1)),X0) [forward demodulation 2027,573]
2063. inverse(double_divide(double_divide(X3,X4),inverse(X1))) = double_divide(X4,double_divide(X0,double_divide(double_divide(inverse(double_divide(double_divide(X0,X2),inverse(X3))),X2),inverse(inverse(X1))))) [forward demodulation 2025,573]
2067. double_divide(X1,inverse(double_divide(double_divide(X0,X2),X3))) = double_divide(X3,double_divide(X0,inverse(double_divide(inverse(X1),X2)))) [forward demodulation 2020,573]
2083. double_divide(inverse(double_divide(double_divide(X3,X4),inverse(X2))),X4) = double_divide(X1,inverse(double_divide(double_divide(double_divide(X0,inverse(X3)),inverse(inverse(X2))),double_divide(X0,X1)))) [forward demodulation 2057,689]
2085. double_divide(X1,X2) = double_divide(double_divide(inverse(inverse(X0)),double_divide(X2,X1)),X0) [forward demodulation 2061,1983]
2086. inverse(double_divide(double_divide(X3,X4),inverse(X1))) = double_divide(X4,double_divide(X0,inverse(double_divide(double_divide(double_divide(double_divide(X0,X2),inverse(X3)),inverse(inverse(X1))),X2)))) [forward demodulation 2063,689]
2104. double_divide(inverse(double_divide(double_divide(X3,X4),inverse(X2))),X4) = double_divide(X1,inverse(double_divide(double_divide(inverse(X0),double_divide(inverse(X3),inverse(X2))),double_divide(X0,X1)))) [forward demodulation 2083,1983]
2106. double_divide(X1,X2) = double_divide(double_divide(X0,double_divide(X2,X1)),X0) [forward demodulation 2085,631]
2107. inverse(double_divide(double_divide(X3,X4),inverse(X1))) = double_divide(X4,double_divide(inverse(X3),inverse(inverse(inverse(X1))))) [forward demodulation 2086,1356]
2123. double_divide(inverse(double_divide(double_divide(X3,X4),inverse(X2))),X4) = double_divide(double_divide(double_divide(X1,double_divide(X0,X1)),inverse(inverse(X3))),double_divide(X2,inverse(X0))) [forward demodulation 2104,1743]
2125. double_divide(X1,X2) = double_divide(X2,X1) [forward demodulation 2106,1327]
2126. inverse(double_divide(double_divide(X3,X4),inverse(X1))) = double_divide(X4,inverse(double_divide(X3,inverse(inverse(X1))))) [forward demodulation 2107,109]
2140. double_divide(inverse(double_divide(double_divide(X3,X4),inverse(X2))),X4) = double_divide(double_divide(inverse(X1),double_divide(double_divide(X0,X1),inverse(X3))),double_divide(X2,inverse(X0))) [forward demodulation 2123,1983]
2142. inverse(double_divide(double_divide(X3,X4),inverse(X1))) = double_divide(X4,double_divide(inverse(X1),inverse(X3))) [forward demodulation 2126,573]
2155. double_divide(inverse(double_divide(double_divide(X3,X4),inverse(X2))),X4) = inverse(double_divide(double_divide(X1,double_divide(X0,X1)),double_divide(inverse(inverse(X0)),double_divide(X2,X3)))) [forward demodulation 2140,1998]
2157. double_divide(X1,inverse(double_divide(X3,X4))) = double_divide(X4,double_divide(inverse(X1),inverse(X3))) [forward demodulation 2142,573]
2168. double_divide(inverse(double_divide(double_divide(X3,X4),inverse(X2))),X4) = inverse(double_divide(double_divide(X1,double_divide(X0,X1)),double_divide(X0,double_divide(X2,X3)))) [forward demodulation 2155,631]
2177. double_divide(inverse(double_divide(double_divide(X3,X4),inverse(X2))),X4) = inverse(double_divide(X0,double_divide(X0,double_divide(X2,X3)))) [forward demodulation 2168,996]
2185. inverse(double_divide(X2,X3)) = double_divide(inverse(double_divide(double_divide(X3,X4),inverse(X2))),X4) [forward demodulation 2177,1070]
2190. inverse(double_divide(X2,X3)) = double_divide(X4,inverse(double_divide(double_divide(X3,X4),inverse(X2)))) [forward demodulation 2185,2125]
2195. inverse(double_divide(X2,X3)) = double_divide(X4,double_divide(X2,inverse(double_divide(X3,X4)))) [forward demodulation 2190,573]
2200. double_divide(inverse(double_divide(X3,inverse(X0))),inverse(double_divide(inverse(double_divide(double_divide(X2,X4),inverse(X3))),X4))) = double_divide(X1,inverse(double_divide(inverse(X0),inverse(double_divide(inverse(double_divide(X5,inverse(X2))),inverse(double_divide(inverse(double_divide(double_divide(X1,X6),inverse(X5))),X6))))))) [superposition 45,23]
2202. double_divide(inverse(X2),inverse(double_divide(inverse(double_divide(double_divide(X4,X5),inverse(X0))),X5))) = double_divide(X3,inverse(double_divide(inverse(double_divide(inverse(double_divide(double_divide(X0,X1),inverse(X2))),X1)),inverse(double_divide(inverse(double_divide(X6,inverse(X4))),inverse(double_divide(inverse(double_divide(double_divide(X3,X7),inverse(X6))),X7))))))) [superposition 45,25]
2203. double_divide(inverse(X2),inverse(X0)) = double_divide(X1,inverse(double_divide(inverse(X0),inverse(double_divide(inverse(double_divide(X3,inverse(X2))),inverse(double_divide(inverse(double_divide(double_divide(X1,X4),inverse(X3))),X4))))))) [superposition 45,557]
2390. double_divide(inverse(X2),inverse(X0)) = double_divide(X1,inverse(double_divide(double_divide(double_divide(inverse(double_divide(X3,inverse(X2))),X4),inverse(inverse(X0))),inverse(double_divide(double_divide(X1,X4),inverse(X3)))))) [forward demodulation 2203,120]
2391. double_divide(inverse(X2),inverse(double_divide(inverse(double_divide(double_divide(X4,X5),inverse(X0))),X5))) = double_divide(X3,inverse(double_divide(double_divide(double_divide(inverse(double_divide(X6,inverse(X4))),X7),inverse(inverse(double_divide(inverse(double_divide(double_divide(X0,X1),inverse(X2))),X1)))),inverse(double_divide(double_divide(X3,X7),inverse(X6)))))) [forward demodulation 2202,120]
2393. double_divide(inverse(double_divide(X3,inverse(X0))),inverse(double_divide(inverse(double_divide(double_divide(X2,X4),inverse(X3))),X4))) = double_divide(X1,inverse(double_divide(double_divide(double_divide(inverse(double_divide(X5,inverse(X2))),X6),inverse(inverse(X0))),inverse(double_divide(double_divide(X1,X6),inverse(X5)))))) [forward demodulation 2200,120]
2484. double_divide(inverse(X2),inverse(X0)) = double_divide(X1,double_divide(double_divide(double_divide(X1,X4),inverse(X3)),inverse(double_divide(double_divide(inverse(double_divide(X3,inverse(X2))),X4),inverse(inverse(X0)))))) [forward demodulation 2390,573]
2485. double_divide(inverse(X2),inverse(double_divide(inverse(double_divide(double_divide(X4,X5),inverse(X0))),X5))) = double_divide(X3,double_divide(double_divide(double_divide(X3,X7),inverse(X6)),inverse(double_divide(double_divide(inverse(double_divide(X6,inverse(X4))),X7),inverse(inverse(double_divide(inverse(double_divide(double_divide(X0,X1),inverse(X2))),X1))))))) [forward demodulation 2391,573]
2487. double_divide(inverse(double_divide(X3,inverse(X0))),inverse(double_divide(inverse(double_divide(double_divide(X2,X4),inverse(X3))),X4))) = double_divide(X1,double_divide(double_divide(double_divide(X1,X6),inverse(X5)),inverse(double_divide(double_divide(inverse(double_divide(X5,inverse(X2))),X6),inverse(inverse(X0)))))) [forward demodulation 2393,573]
2576. double_divide(inverse(X2),inverse(X0)) = double_divide(inverse(inverse(double_divide(double_divide(inverse(double_divide(X3,inverse(X2))),X4),inverse(inverse(X0))))),inverse(double_divide(inverse(X4),inverse(X3)))) [forward demodulation 2484,1872]
2577. double_divide(inverse(X2),inverse(double_divide(inverse(double_divide(double_divide(X4,X5),inverse(X0))),X5))) = double_divide(inverse(inverse(double_divide(double_divide(inverse(double_divide(X6,inverse(X4))),X7),inverse(inverse(double_divide(inverse(double_divide(double_divide(X0,X1),inverse(X2))),X1)))))),inverse(double_divide(inverse(X7),inverse(X6)))) [forward demodulation 2485,1872]
2579. double_divide(inverse(double_divide(X3,inverse(X0))),inverse(double_divide(inverse(double_divide(double_divide(X2,X4),inverse(X3))),X4))) = double_divide(inverse(inverse(double_divide(double_divide(inverse(double_divide(X5,inverse(X2))),X6),inverse(inverse(X0))))),inverse(double_divide(inverse(X6),inverse(X5)))) [forward demodulation 2487,1872]
2667. double_divide(inverse(X2),inverse(X0)) = double_divide(inverse(X4),inverse(double_divide(inverse(inverse(double_divide(double_divide(inverse(double_divide(X3,inverse(X2))),X4),inverse(inverse(X0))))),inverse(X3)))) [forward demodulation 2576,84]
2668. double_divide(inverse(X2),inverse(double_divide(inverse(double_divide(double_divide(X4,X5),inverse(X0))),X5))) = double_divide(inverse(X7),inverse(double_divide(inverse(inverse(double_divide(double_divide(inverse(double_divide(X6,inverse(X4))),X7),inverse(inverse(double_divide(inverse(double_divide(double_divide(X0,X1),inverse(X2))),X1)))))),inverse(X6)))) [forward demodulation 2577,84]
2670. double_divide(inverse(double_divide(X3,inverse(X0))),inverse(double_divide(inverse(double_divide(double_divide(X2,X4),inverse(X3))),X4))) = double_divide(inverse(X6),inverse(double_divide(inverse(inverse(double_divide(double_divide(inverse(double_divide(X5,inverse(X2))),X6),inverse(inverse(X0))))),inverse(X5)))) [forward demodulation 2579,84]
2758. double_divide(inverse(X2),inverse(X0)) = inverse(double_divide(X3,inverse(double_divide(inverse(double_divide(double_divide(inverse(double_divide(X3,inverse(X2))),X4),inverse(inverse(X0)))),inverse(inverse(X4)))))) [forward demodulation 2667,457]
2759. double_divide(inverse(X2),inverse(double_divide(inverse(double_divide(double_divide(X4,X5),inverse(X0))),X5))) = inverse(double_divide(X6,inverse(double_divide(inverse(double_divide(double_divide(inverse(double_divide(X6,inverse(X4))),X7),inverse(inverse(double_divide(inverse(double_divide(double_divide(X0,X1),inverse(X2))),X1))))),inverse(inverse(X7)))))) [forward demodulation 2668,457]
2761. double_divide(inverse(double_divide(X3,inverse(X0))),inverse(double_divide(inverse(double_divide(double_divide(X2,X4),inverse(X3))),X4))) = inverse(double_divide(X5,inverse(double_divide(inverse(double_divide(double_divide(inverse(double_divide(X5,inverse(X2))),X6),inverse(inverse(X0)))),inverse(inverse(X6)))))) [forward demodulation 2670,457]
2849. double_divide(inverse(X2),inverse(X0)) = double_divide(double_divide(inverse(double_divide(double_divide(inverse(double_divide(X3,inverse(X2))),X4),inverse(inverse(X0)))),inverse(inverse(X4))),inverse(X3)) [forward demodulation 2758,573]
2850. double_divide(inverse(X2),inverse(double_divide(inverse(double_divide(double_divide(X4,X5),inverse(X0))),X5))) = double_divide(double_divide(inverse(double_divide(double_divide(inverse(double_divide(X6,inverse(X4))),X7),inverse(inverse(double_divide(inverse(double_divide(double_divide(X0,X1),inverse(X2))),X1))))),inverse(inverse(X7))),inverse(X6)) [forward demodulation 2759,573]
2852. double_divide(inverse(double_divide(X3,inverse(X0))),inverse(double_divide(inverse(double_divide(double_divide(X2,X4),inverse(X3))),X4))) = double_divide(double_divide(inverse(double_divide(double_divide(inverse(double_divide(X5,inverse(X2))),X6),inverse(inverse(X0)))),inverse(inverse(X6))),inverse(X5)) [forward demodulation 2761,573]
2940. double_divide(inverse(X2),inverse(X0)) = double_divide(inverse(X3),double_divide(inverse(double_divide(double_divide(inverse(double_divide(X3,inverse(X2))),X4),inverse(inverse(X0)))),inverse(inverse(X4)))) [forward demodulation 2849,2125]
2941. double_divide(inverse(X2),inverse(double_divide(inverse(double_divide(double_divide(X4,X5),inverse(X0))),X5))) = double_divide(inverse(X6),double_divide(inverse(double_divide(double_divide(inverse(double_divide(X6,inverse(X4))),X7),inverse(inverse(double_divide(inverse(double_divide(double_divide(X0,X1),inverse(X2))),X1))))),inverse(inverse(X7)))) [forward demodulation 2850,2125]
2943. double_divide(inverse(double_divide(X3,inverse(X0))),inverse(double_divide(inverse(double_divide(double_divide(X2,X4),inverse(X3))),X4))) = double_divide(inverse(X5),double_divide(inverse(double_divide(double_divide(inverse(double_divide(X5,inverse(X2))),X6),inverse(inverse(X0)))),inverse(inverse(X6)))) [forward demodulation 2852,2125]
3031. double_divide(inverse(X2),inverse(X0)) = double_divide(inverse(X3),double_divide(inverse(inverse(X4)),inverse(double_divide(inverse(inverse(X0)),double_divide(inverse(double_divide(X3,inverse(X2))),X4))))) [forward demodulation 2940,1941]
3032. double_divide(inverse(X2),inverse(double_divide(inverse(double_divide(double_divide(X4,X5),inverse(X0))),X5))) = double_divide(inverse(X6),double_divide(inverse(inverse(X7)),inverse(double_divide(inverse(inverse(double_divide(inverse(double_divide(double_divide(X0,X1),inverse(X2))),X1))),double_divide(inverse(double_divide(X6,inverse(X4))),X7))))) [forward demodulation 2941,1941]
3034. double_divide(inverse(double_divide(X3,inverse(X0))),inverse(double_divide(inverse(double_divide(double_divide(X2,X4),inverse(X3))),X4))) = double_divide(inverse(X5),double_divide(inverse(inverse(X6)),inverse(double_divide(inverse(inverse(X0)),double_divide(inverse(double_divide(X5,inverse(X2))),X6))))) [forward demodulation 2943,1941]
3121. double_divide(inverse(X2),inverse(X0)) = double_divide(inverse(X0),inverse(double_divide(double_divide(inverse(inverse(X4)),double_divide(inverse(double_divide(X3,inverse(X2))),X4)),inverse(X3)))) [forward demodulation 3031,2067]
3122. double_divide(inverse(X2),inverse(double_divide(inverse(double_divide(double_divide(X4,X5),inverse(X0))),X5))) = double_divide(inverse(double_divide(inverse(double_divide(double_divide(X0,X1),inverse(X2))),X1)),inverse(double_divide(double_divide(inverse(inverse(X7)),double_divide(inverse(double_divide(X6,inverse(X4))),X7)),inverse(X6)))) [forward demodulation 3032,2067]
3124. double_divide(inverse(double_divide(X3,inverse(X0))),inverse(double_divide(inverse(double_divide(double_divide(X2,X4),inverse(X3))),X4))) = double_divide(inverse(X0),inverse(double_divide(double_divide(inverse(inverse(X6)),double_divide(inverse(double_divide(X5,inverse(X2))),X6)),inverse(X5)))) [forward demodulation 3034,2067]
3209. double_divide(inverse(X2),inverse(X0)) = double_divide(inverse(X0),double_divide(X3,inverse(double_divide(inverse(inverse(X4)),double_divide(inverse(double_divide(X3,inverse(X2))),X4))))) [forward demodulation 3121,573]
3210. double_divide(inverse(X2),inverse(double_divide(inverse(double_divide(double_divide(X4,X5),inverse(X0))),X5))) = double_divide(inverse(double_divide(double_divide(X0,X1),inverse(X2))),inverse(double_divide(inverse(double_divide(double_divide(inverse(inverse(X7)),double_divide(inverse(double_divide(X6,inverse(X4))),X7)),inverse(X6))),X1))) [forward demodulation 3122,598]
3212. double_divide(inverse(double_divide(X3,inverse(X0))),inverse(double_divide(inverse(double_divide(double_divide(X2,X4),inverse(X3))),X4))) = double_divide(inverse(X0),double_divide(X5,inverse(double_divide(inverse(inverse(X6)),double_divide(inverse(double_divide(X5,inverse(X2))),X6))))) [forward demodulation 3124,573]
3296. double_divide(inverse(X2),inverse(X0)) = double_divide(inverse(X4),inverse(double_divide(double_divide(X3,double_divide(inverse(double_divide(X3,inverse(X2))),X4)),inverse(X0)))) [forward demodulation 3209,2067]
3297. double_divide(inverse(X2),inverse(double_divide(inverse(double_divide(double_divide(X4,X5),inverse(X0))),X5))) = inverse(double_divide(double_divide(inverse(double_divide(double_divide(inverse(inverse(X7)),double_divide(inverse(double_divide(X6,inverse(X4))),X7)),inverse(X6))),X1),inverse(double_divide(X2,inverse(double_divide(X0,X1)))))) [forward demodulation 3210,222]
3299. double_divide(inverse(double_divide(X3,inverse(X0))),inverse(double_divide(inverse(double_divide(double_divide(X2,X4),inverse(X3))),X4))) = double_divide(inverse(X6),inverse(double_divide(double_divide(X5,double_divide(inverse(double_divide(X5,inverse(X2))),X6)),inverse(X0)))) [forward demodulation 3212,2067]
3380. double_divide(inverse(X2),inverse(X0)) = double_divide(inverse(X4),double_divide(X0,inverse(double_divide(X3,double_divide(inverse(double_divide(X3,inverse(X2))),X4))))) [forward demodulation 3296,573]
3381. double_divide(inverse(X2),inverse(double_divide(inverse(double_divide(double_divide(X4,X5),inverse(X0))),X5))) = double_divide(double_divide(X2,inverse(double_divide(X0,X1))),inverse(double_divide(inverse(double_divide(double_divide(inverse(inverse(X7)),double_divide(inverse(double_divide(X6,inverse(X4))),X7)),inverse(X6))),X1))) [forward demodulation 3297,573]
3383. double_divide(inverse(double_divide(X3,inverse(X0))),inverse(double_divide(inverse(double_divide(double_divide(X2,X4),inverse(X3))),X4))) = double_divide(inverse(X6),double_divide(X0,inverse(double_divide(X5,double_divide(inverse(double_divide(X5,inverse(X2))),X6))))) [forward demodulation 3299,573]
3462. double_divide(inverse(X2),inverse(X0)) = double_divide(inverse(X4),double_divide(X0,inverse(double_divide(X3,double_divide(double_divide(X2,inverse(X3)),X4))))) [forward demodulation 3380,573]
3463. double_divide(inverse(X2),inverse(double_divide(inverse(double_divide(double_divide(X4,X5),inverse(X0))),X5))) = double_divide(inverse(X2),double_divide(inverse(double_divide(X0,X1)),double_divide(inverse(double_divide(double_divide(inverse(inverse(X7)),double_divide(inverse(double_divide(X6,inverse(X4))),X7)),inverse(X6))),X1))) [forward demodulation 3381,1983]
3465. double_divide(inverse(double_divide(X3,inverse(X0))),inverse(double_divide(inverse(double_divide(double_divide(X2,X4),inverse(X3))),X4))) = double_divide(inverse(X6),double_divide(X0,inverse(double_divide(X5,double_divide(double_divide(X2,inverse(X5)),X6))))) [forward demodulation 3383,573]
3542. double_divide(inverse(X2),inverse(double_divide(inverse(double_divide(double_divide(X4,X5),inverse(X0))),X5))) = double_divide(double_divide(X0,X1),double_divide(double_divide(inverse(double_divide(double_divide(inverse(inverse(X7)),double_divide(inverse(double_divide(X6,inverse(X4))),X7)),inverse(X6))),X1),X2)) [forward demodulation 3463,700]
3544. double_divide(inverse(double_divide(X3,inverse(X0))),inverse(double_divide(inverse(double_divide(double_divide(X2,X4),inverse(X3))),X4))) = double_divide(inverse(X2),inverse(X0)) [forward demodulation 3465,3462]
3617. double_divide(inverse(X2),inverse(double_divide(inverse(double_divide(double_divide(X4,X5),inverse(X0))),X5))) = double_divide(double_divide(X0,X1),inverse(double_divide(double_divide(double_divide(double_divide(inverse(inverse(X7)),double_divide(inverse(double_divide(X6,inverse(X4))),X7)),inverse(X6)),X2),X1))) [forward demodulation 3542,689]
3619. double_divide(inverse(X2),inverse(X0)) = inverse(double_divide(double_divide(inverse(double_divide(double_divide(X2,X4),inverse(X3))),X4),inverse(double_divide(X0,inverse(X3))))) [forward demodulation 3544,222]
3690. double_divide(inverse(X2),inverse(double_divide(inverse(double_divide(double_divide(X4,X5),inverse(X0))),X5))) = inverse(double_divide(X2,double_divide(inverse(X0),inverse(double_divide(double_divide(inverse(inverse(X7)),double_divide(inverse(double_divide(X6,inverse(X4))),X7)),inverse(X6)))))) [forward demodulation 3617,1913]
3692. double_divide(inverse(X2),inverse(X0)) = double_divide(double_divide(X0,inverse(X3)),inverse(double_divide(inverse(double_divide(double_divide(X2,X4),inverse(X3))),X4))) [forward demodulation 3619,573]
3759. double_divide(inverse(X2),inverse(double_divide(inverse(double_divide(double_divide(X4,X5),inverse(X0))),X5))) = inverse(double_divide(X0,inverse(double_divide(double_divide(double_divide(inverse(inverse(X7)),double_divide(inverse(double_divide(X6,inverse(X4))),X7)),inverse(X6)),X2)))) [forward demodulation 3690,2157]
3761. double_divide(inverse(X2),inverse(X0)) = double_divide(inverse(X0),double_divide(inverse(X3),double_divide(inverse(double_divide(double_divide(X2,X4),inverse(X3))),X4))) [forward demodulation 3692,1983]
3823. double_divide(inverse(X2),inverse(double_divide(inverse(double_divide(double_divide(X4,X5),inverse(X0))),X5))) = double_divide(double_divide(double_divide(double_divide(inverse(inverse(X7)),double_divide(inverse(double_divide(X6,inverse(X4))),X7)),inverse(X6)),X2),inverse(X0)) [forward demodulation 3759,573]
3825. double_divide(inverse(X2),inverse(X0)) = double_divide(X3,double_divide(double_divide(inverse(double_divide(double_divide(X2,X4),inverse(X3))),X4),X0)) [forward demodulation 3761,700]
3884. double_divide(inverse(X2),inverse(double_divide(inverse(double_divide(double_divide(X4,X5),inverse(X0))),X5))) = double_divide(inverse(double_divide(double_divide(inverse(inverse(X7)),double_divide(inverse(double_divide(X6,inverse(X4))),X7)),inverse(X6))),double_divide(X2,X0)) [forward demodulation 3823,1983]
3886. double_divide(inverse(X2),inverse(X0)) = double_divide(X3,inverse(double_divide(double_divide(double_divide(double_divide(X2,X4),inverse(X3)),X0),X4))) [forward demodulation 3825,689]
3940. double_divide(inverse(X2),inverse(double_divide(inverse(double_divide(double_divide(X4,X5),inverse(X0))),X5))) = double_divide(double_divide(X6,inverse(double_divide(inverse(inverse(X7)),double_divide(inverse(double_divide(X6,inverse(X4))),X7)))),double_divide(X2,X0)) [forward demodulation 3884,573]
3942. double_divide(inverse(X2),inverse(X0)) = double_divide(X3,inverse(double_divide(X4,double_divide(double_divide(double_divide(X2,X4),inverse(X3)),X0)))) [forward demodulation 3886,2125]
3993. double_divide(inverse(X2),inverse(double_divide(inverse(double_divide(double_divide(X4,X5),inverse(X0))),X5))) = double_divide(double_divide(X6,inverse(double_divide(double_divide(X6,inverse(X4)),double_divide(X7,inverse(X7))))),double_divide(X2,X0)) [forward demodulation 3940,700]
3995. double_divide(inverse(X2),inverse(X0)) = double_divide(X3,inverse(double_divide(X4,double_divide(double_divide(inverse(X2),double_divide(X4,X3)),X0)))) [forward demodulation 3942,1983]
4042. double_divide(inverse(X2),inverse(double_divide(inverse(double_divide(double_divide(X4,X5),inverse(X0))),X5))) = double_divide(X6,double_divide(X6,double_divide(double_divide(X4,double_divide(X7,inverse(X7))),double_divide(X2,X0)))) [forward demodulation 3993,987]
4044. double_divide(inverse(X2),inverse(X0)) = double_divide(X3,inverse(double_divide(X4,inverse(double_divide(double_divide(X2,X0),double_divide(X4,X3)))))) [forward demodulation 3995,689]
4085. double_divide(inverse(X2),inverse(double_divide(inverse(double_divide(double_divide(X4,X5),inverse(X0))),X5))) = double_divide(double_divide(X4,double_divide(X7,inverse(X7))),double_divide(X2,X0)) [forward demodulation 4042,1070]
4087. double_divide(inverse(X2),inverse(X0)) = double_divide(X3,double_divide(double_divide(double_divide(X2,X0),double_divide(X4,X3)),inverse(X4))) [forward demodulation 4044,573]
4126. double_divide(inverse(X2),inverse(double_divide(inverse(double_divide(double_divide(X4,X5),inverse(X0))),X5))) = double_divide(inverse(X4),double_divide(X2,X0)) [forward demodulation 4085,1326]
4127. double_divide(inverse(X2),inverse(X0)) = double_divide(X3,double_divide(inverse(X4),double_divide(double_divide(X2,X0),double_divide(X4,X3)))) [forward demodulation 4087,2125]
4164. double_divide(inverse(X4),double_divide(X2,X0)) = double_divide(inverse(X2),inverse(double_divide(X5,inverse(double_divide(double_divide(X4,X5),inverse(X0)))))) [forward demodulation 4126,2125]
4165. double_divide(inverse(X2),inverse(X0)) = double_divide(X3,double_divide(X4,inverse(double_divide(double_divide(double_divide(X2,X0),X4),X3)))) [forward demodulation 4127,1784]
4201. double_divide(inverse(X4),double_divide(X2,X0)) = double_divide(inverse(X2),double_divide(double_divide(double_divide(X4,X5),inverse(X0)),inverse(X5))) [forward demodulation 4164,573]
4202. double_divide(inverse(X2),inverse(X0)) = inverse(double_divide(X4,double_divide(double_divide(X2,X0),X4))) [forward demodulation 4165,2195]
4234. double_divide(inverse(X4),double_divide(X2,X0)) = double_divide(inverse(X2),double_divide(inverse(X5),double_divide(double_divide(X4,X5),inverse(X0)))) [forward demodulation 4201,2125]
4235. double_divide(inverse(X2),inverse(X0)) = inverse(double_divide(X2,X0)) [forward demodulation 4202,996]
4265. double_divide(inverse(X4),double_divide(X2,X0)) = double_divide(X5,double_divide(double_divide(double_divide(X4,X5),inverse(X0)),X2)) [forward demodulation 4234,700]
4293. double_divide(inverse(X4),double_divide(X2,X0)) = double_divide(X5,double_divide(double_divide(inverse(X4),double_divide(X5,X0)),X2)) [forward demodulation 4265,1983]
4317. double_divide(inverse(X4),double_divide(X2,X0)) = double_divide(X5,inverse(double_divide(double_divide(X4,X2),double_divide(X5,X0)))) [forward demodulation 4293,689]
4477. double_divide(X1,inverse(double_divide(inverse(X3),inverse(double_divide(inverse(X4),X2))))) = double_divide(inverse(double_divide(double_divide(double_divide(X1,X2),double_divide(inverse(X3),X0)),inverse(X4))),inverse(X0)) [superposition 33,1070]
4484. double_divide(X1,inverse(double_divide(inverse(X3),inverse(double_divide(inverse(X4),X2))))) = double_divide(inverse(X0),inverse(double_divide(double_divide(double_divide(X1,X2),double_divide(inverse(X3),X0)),inverse(X4)))) [forward demodulation 4477,2125]
4515. double_divide(X1,inverse(double_divide(inverse(X3),inverse(double_divide(inverse(X4),X2))))) = inverse(double_divide(X0,double_divide(double_divide(double_divide(X1,X2),double_divide(inverse(X3),X0)),inverse(X4)))) [forward demodulation 4484,4235]
4543. double_divide(X1,inverse(double_divide(inverse(X3),inverse(double_divide(inverse(X4),X2))))) = inverse(double_divide(X0,double_divide(inverse(double_divide(X1,X2)),double_divide(double_divide(inverse(X3),X0),X4)))) [forward demodulation 4515,1983]
4568. double_divide(X1,inverse(double_divide(inverse(X3),inverse(double_divide(inverse(X4),X2))))) = inverse(double_divide(X0,double_divide(inverse(double_divide(X1,X2)),inverse(double_divide(double_divide(X3,X4),X0))))) [forward demodulation 4543,689]
4591. double_divide(X1,inverse(double_divide(inverse(X3),inverse(double_divide(inverse(X4),X2))))) = inverse(inverse(double_divide(inverse(double_divide(X1,X2)),double_divide(X3,X4)))) [forward demodulation 4568,2195]
4611. double_divide(X1,inverse(double_divide(inverse(X3),inverse(double_divide(inverse(X4),X2))))) = double_divide(inverse(double_divide(X1,X2)),double_divide(X3,X4)) [forward demodulation 4591,631]
4626. double_divide(X1,double_divide(double_divide(inverse(X4),X2),inverse(inverse(X3)))) = double_divide(inverse(double_divide(X1,X2)),double_divide(X3,X4)) [forward demodulation 4611,573]
4639. double_divide(X1,inverse(double_divide(double_divide(X4,inverse(inverse(X3))),X2))) = double_divide(inverse(double_divide(X1,X2)),double_divide(X3,X4)) [forward demodulation 4626,689]
4648. double_divide(X1,inverse(double_divide(double_divide(X4,X3),X2))) = double_divide(inverse(double_divide(X1,X2)),double_divide(X3,X4)) [forward demodulation 4639,631]
4714. double_divide(X5,inverse(double_divide(inverse(X2),inverse(double_divide(inverse(double_divide(double_divide(X5,X6),inverse(double_divide(X3,X4)))),X6))))) = double_divide(inverse(double_divide(X1,inverse(X2))),inverse(double_divide(inverse(double_divide(X0,inverse(X1))),inverse(double_divide(X3,inverse(double_divide(inverse(X0),X4))))))) [superposition 35,29]
4768. double_divide(X1,inverse(double_divide(X0,inverse(double_divide(inverse(double_divide(double_divide(X1,X2),inverse(X3))),inverse(double_divide(inverse(X4),X5))))))) = double_divide(inverse(double_divide(X6,inverse(double_divide(double_divide(double_divide(X0,X5),X2),inverse(X4))))),inverse(double_divide(inverse(double_divide(double_divide(X3,X7),inverse(X6))),X7))) [superposition 35,33]
4770. double_divide(inverse(double_divide(X4,inverse(double_divide(double_divide(X3,inverse(double_divide(inverse(double_divide(double_divide(X5,X6),inverse(X7))),X6))),inverse(X1))))),inverse(double_divide(inverse(double_divide(double_divide(X7,X8),inverse(X4))),X8))) = double_divide(X5,inverse(double_divide(X0,inverse(double_divide(inverse(X1),inverse(double_divide(inverse(double_divide(double_divide(X0,X2),inverse(X3))),X2))))))) [superposition 35,25]
4817. double_divide(inverse(double_divide(X0,inverse(X1))),inverse(double_divide(inverse(double_divide(double_divide(X2,X3),inverse(X0))),X3))) = double_divide(inverse(double_divide(double_divide(X2,X6),inverse(X1))),X6) [superposition 25,35]
4825. double_divide(inverse(X1),inverse(double_divide(inverse(double_divide(double_divide(X5,X6),inverse(X2))),X6))) = double_divide(X4,inverse(double_divide(inverse(double_divide(inverse(double_divide(X0,inverse(X1))),inverse(double_divide(inverse(double_divide(double_divide(X2,X3),inverse(X0))),X3)))),inverse(double_divide(inverse(double_divide(X7,inverse(X5))),inverse(double_divide(inverse(double_divide(double_divide(X4,X8),inverse(X7))),X8))))))) [superposition 45,35]
4898. double_divide(inverse(X1),inverse(double_divide(inverse(double_divide(double_divide(X5,X6),inverse(X2))),X6))) = double_divide(X4,inverse(double_divide(double_divide(double_divide(inverse(double_divide(X7,inverse(X5))),X8),inverse(inverse(double_divide(inverse(double_divide(X0,inverse(X1))),inverse(double_divide(inverse(double_divide(double_divide(X2,X3),inverse(X0))),X3)))))),inverse(double_divide(double_divide(X4,X8),inverse(X7)))))) [forward demodulation 4825,120]
4906. double_divide(inverse(double_divide(X0,inverse(X1))),inverse(double_divide(inverse(double_divide(double_divide(X2,X3),inverse(X0))),X3))) = double_divide(X6,inverse(double_divide(double_divide(X2,X6),inverse(X1)))) [forward demodulation 4817,2125]
4951. double_divide(inverse(double_divide(X4,inverse(double_divide(double_divide(X3,inverse(double_divide(inverse(double_divide(double_divide(X5,X6),inverse(X7))),X6))),inverse(X1))))),inverse(double_divide(inverse(double_divide(double_divide(X7,X8),inverse(X4))),X8))) = double_divide(X5,inverse(double_divide(double_divide(double_divide(inverse(X1),X2),inverse(X0)),inverse(double_divide(double_divide(X0,X2),inverse(X3)))))) [forward demodulation 4770,120]
4953. double_divide(X1,inverse(double_divide(X0,inverse(double_divide(inverse(double_divide(double_divide(X1,X2),inverse(X3))),inverse(double_divide(inverse(X4),X5))))))) = double_divide(inverse(double_divide(double_divide(double_divide(X0,X5),X2),inverse(X4))),inverse(X3)) [forward demodulation 4768,59]
5005. double_divide(X5,inverse(double_divide(inverse(X2),inverse(double_divide(inverse(double_divide(double_divide(X5,X6),inverse(double_divide(X3,X4)))),X6))))) = inverse(double_divide(double_divide(inverse(double_divide(X0,inverse(X1))),inverse(double_divide(X3,inverse(double_divide(inverse(X0),X4))))),inverse(double_divide(X2,inverse(X1))))) [forward demodulation 4714,222]
5074. double_divide(inverse(X1),inverse(double_divide(inverse(double_divide(double_divide(X5,X6),inverse(X2))),X6))) = double_divide(X4,double_divide(double_divide(double_divide(X4,X8),inverse(X7)),inverse(double_divide(double_divide(inverse(double_divide(X7,inverse(X5))),X8),inverse(inverse(double_divide(inverse(double_divide(X0,inverse(X1))),inverse(double_divide(inverse(double_divide(double_divide(X2,X3),inverse(X0))),X3))))))))) [forward demodulation 4898,573]
5082. double_divide(inverse(double_divide(X0,inverse(X1))),inverse(double_divide(inverse(double_divide(double_divide(X2,X3),inverse(X0))),X3))) = double_divide(X6,double_divide(X1,inverse(double_divide(X2,X6)))) [forward demodulation 4906,573]
5121. double_divide(inverse(double_divide(X4,inverse(double_divide(double_divide(X3,inverse(double_divide(inverse(double_divide(double_divide(X5,X6),inverse(X7))),X6))),inverse(X1))))),inverse(double_divide(inverse(double_divide(double_divide(X7,X8),inverse(X4))),X8))) = double_divide(X5,inverse(double_divide(double_divide(X0,X2),inverse(double_divide(double_divide(double_divide(inverse(X1),X2),inverse(X0)),inverse(X3)))))) [forward demodulation 4951,469]
5123. double_divide(X1,inverse(double_divide(X0,inverse(double_divide(inverse(double_divide(double_divide(X1,X2),inverse(X3))),inverse(double_divide(inverse(X4),X5))))))) = inverse(double_divide(X3,inverse(double_divide(X4,inverse(double_divide(double_divide(X0,X5),X2)))))) [forward demodulation 4953,222]
5174. double_divide(X5,inverse(double_divide(inverse(X2),inverse(double_divide(inverse(double_divide(double_divide(X5,X6),inverse(double_divide(X3,X4)))),X6))))) = double_divide(double_divide(X2,inverse(X1)),inverse(double_divide(inverse(double_divide(X0,inverse(X1))),inverse(double_divide(X3,inverse(double_divide(inverse(X0),X4))))))) [forward demodulation 5005,573]
5243. double_divide(inverse(X1),inverse(double_divide(inverse(double_divide(double_divide(X5,X6),inverse(X2))),X6))) = double_divide(inverse(inverse(double_divide(double_divide(inverse(double_divide(X7,inverse(X5))),X8),inverse(inverse(double_divide(inverse(double_divide(X0,inverse(X1))),inverse(double_divide(inverse(double_divide(double_divide(X2,X3),inverse(X0))),X3)))))))),inverse(double_divide(inverse(X8),inverse(X7)))) [forward demodulation 5074,1872]
5251. double_divide(inverse(double_divide(X0,inverse(X1))),inverse(double_divide(inverse(double_divide(double_divide(X2,X3),inverse(X0))),X3))) = inverse(double_divide(X1,X2)) [forward demodulation 5082,2195]
5290. double_divide(inverse(double_divide(X4,inverse(double_divide(double_divide(X3,inverse(double_divide(inverse(double_divide(double_divide(X5,X6),inverse(X7))),X6))),inverse(X1))))),inverse(double_divide(inverse(double_divide(double_divide(X7,X8),inverse(X4))),X8))) = inverse(double_divide(X1,double_divide(X5,inverse(X3)))) [forward demodulation 5121,533]
5292. double_divide(X1,inverse(double_divide(X0,inverse(double_divide(inverse(double_divide(double_divide(X1,X2),inverse(X3))),inverse(double_divide(inverse(X4),X5))))))) = double_divide(double_divide(X4,inverse(double_divide(double_divide(X0,X5),X2))),inverse(X3)) [forward demodulation 5123,573]
5343. double_divide(X5,inverse(double_divide(inverse(X2),inverse(double_divide(inverse(double_divide(double_divide(X5,X6),inverse(double_divide(X3,X4)))),X6))))) = double_divide(inverse(X2),double_divide(inverse(X1),double_divide(inverse(double_divide(X0,inverse(X1))),inverse(double_divide(X3,inverse(double_divide(inverse(X0),X4))))))) [forward demodulation 5174,1983]
5412. double_divide(inverse(X1),inverse(double_divide(inverse(double_divide(double_divide(X5,X6),inverse(X2))),X6))) = double_divide(inverse(X8),inverse(double_divide(inverse(inverse(double_divide(double_divide(inverse(double_divide(X7,inverse(X5))),X8),inverse(inverse(double_divide(inverse(double_divide(X0,inverse(X1))),inverse(double_divide(inverse(double_divide(double_divide(X2,X3),inverse(X0))),X3)))))))),inverse(X7)))) [forward demodulation 5243,84]
5420. inverse(double_divide(X1,X2)) = inverse(double_divide(double_divide(inverse(double_divide(double_divide(X2,X3),inverse(X0))),X3),inverse(double_divide(X1,inverse(X0))))) [forward demodulation 5251,222]
5459. inverse(double_divide(X1,double_divide(X5,inverse(X3)))) = double_divide(inverse(double_divide(double_divide(X3,inverse(double_divide(inverse(double_divide(double_divide(X5,X6),inverse(X7))),X6))),inverse(X1))),inverse(X7)) [forward demodulation 5290,59]
5461. double_divide(X1,inverse(double_divide(X0,inverse(double_divide(inverse(double_divide(double_divide(X1,X2),inverse(X3))),inverse(double_divide(inverse(X4),X5))))))) = double_divide(inverse(X4),double_divide(inverse(double_divide(double_divide(X0,X5),X2)),X3)) [forward demodulation 5292,1983]
5512. double_divide(X5,inverse(double_divide(inverse(X2),inverse(double_divide(inverse(double_divide(double_divide(X5,X6),inverse(double_divide(X3,X4)))),X6))))) = double_divide(X1,double_divide(double_divide(inverse(double_divide(X0,inverse(X1))),inverse(double_divide(X3,inverse(double_divide(inverse(X0),X4))))),X2)) [forward demodulation 5343,700]
5581. double_divide(inverse(X1),inverse(double_divide(inverse(double_divide(double_divide(X5,X6),inverse(X2))),X6))) = inverse(double_divide(X7,inverse(double_divide(inverse(double_divide(double_divide(inverse(double_divide(X7,inverse(X5))),X8),inverse(inverse(double_divide(inverse(double_divide(X0,inverse(X1))),inverse(double_divide(inverse(double_divide(double_divide(X2,X3),inverse(X0))),X3))))))),inverse(inverse(X8)))))) [forward demodulation 5412,457]
5589. inverse(double_divide(X1,X2)) = double_divide(double_divide(X1,inverse(X0)),inverse(double_divide(inverse(double_divide(double_divide(X2,X3),inverse(X0))),X3))) [forward demodulation 5420,573]
5628. inverse(double_divide(X1,double_divide(X5,inverse(X3)))) = double_divide(inverse(X7),inverse(double_divide(double_divide(X3,inverse(double_divide(inverse(double_divide(double_divide(X5,X6),inverse(X7))),X6))),inverse(X1)))) [forward demodulation 5459,2125]
5630. double_divide(X1,inverse(double_divide(X0,inverse(double_divide(inverse(double_divide(double_divide(X1,X2),inverse(X3))),inverse(double_divide(inverse(X4),X5))))))) = double_divide(double_divide(double_divide(X0,X5),X2),double_divide(X3,X4)) [forward demodulation 5461,700]
5681. double_divide(X5,inverse(double_divide(inverse(X2),inverse(double_divide(inverse(double_divide(double_divide(X5,X6),inverse(double_divide(X3,X4)))),X6))))) = double_divide(X1,inverse(double_divide(double_divide(double_divide(X0,inverse(X1)),X2),inverse(double_divide(X3,inverse(double_divide(inverse(X0),X4))))))) [forward demodulation 5512,689]
5750. double_divide(inverse(X1),inverse(double_divide(inverse(double_divide(double_divide(X5,X6),inverse(X2))),X6))) = double_divide(double_divide(inverse(double_divide(double_divide(inverse(double_divide(X7,inverse(X5))),X8),inverse(inverse(double_divide(inverse(double_divide(X0,inverse(X1))),inverse(double_divide(inverse(double_divide(double_divide(X2,X3),inverse(X0))),X3))))))),inverse(inverse(X8))),inverse(X7)) [forward demodulation 5581,573]
5758. inverse(double_divide(X1,X2)) = double_divide(inverse(X1),double_divide(inverse(X0),double_divide(inverse(double_divide(double_divide(X2,X3),inverse(X0))),X3))) [forward demodulation 5589,1983]
5796. inverse(double_divide(X1,double_divide(X5,inverse(X3)))) = double_divide(double_divide(inverse(double_divide(double_divide(X5,X6),inverse(X7))),X6),double_divide(X7,double_divide(inverse(X3),inverse(X1)))) [forward demodulation 5628,1153]
5798. double_divide(X1,inverse(double_divide(double_divide(double_divide(inverse(double_divide(double_divide(X1,X2),inverse(X3))),X5),inverse(X0)),inverse(X4)))) = double_divide(double_divide(double_divide(X0,X5),X2),double_divide(X3,X4)) [forward demodulation 5630,120]
5844. double_divide(X5,inverse(double_divide(inverse(X2),inverse(double_divide(inverse(double_divide(double_divide(X5,X6),inverse(double_divide(X3,X4)))),X6))))) = double_divide(X1,inverse(double_divide(double_divide(double_divide(X3,X4),inverse(double_divide(double_divide(X0,inverse(X1)),X2))),inverse(X0)))) [forward demodulation 5681,120]
5913. double_divide(inverse(X1),inverse(double_divide(inverse(double_divide(double_divide(X5,X6),inverse(X2))),X6))) = double_divide(inverse(X7),double_divide(inverse(double_divide(double_divide(inverse(double_divide(X7,inverse(X5))),X8),inverse(inverse(double_divide(inverse(double_divide(X0,inverse(X1))),inverse(double_divide(inverse(double_divide(double_divide(X2,X3),inverse(X0))),X3))))))),inverse(inverse(X8)))) [forward demodulation 5750,2125]
5921. inverse(double_divide(X1,X2)) = double_divide(X0,double_divide(double_divide(inverse(double_divide(double_divide(X2,X3),inverse(X0))),X3),X1)) [forward demodulation 5758,700]
5958. inverse(double_divide(X1,double_divide(X5,inverse(X3)))) = double_divide(double_divide(double_divide(X5,X6),inverse(X7)),double_divide(X7,double_divide(double_divide(X3,X6),inverse(X1)))) [forward demodulation 5796,1973]
5960. double_divide(X1,double_divide(X4,inverse(double_divide(double_divide(inverse(double_divide(double_divide(X1,X2),inverse(X3))),X5),inverse(X0))))) = double_divide(double_divide(double_divide(X0,X5),X2),double_divide(X3,X4)) [forward demodulation 5798,573]
6006. double_divide(X5,inverse(double_divide(inverse(X2),inverse(double_divide(inverse(double_divide(double_divide(X5,X6),inverse(double_divide(X3,X4)))),X6))))) = double_divide(X1,double_divide(X0,inverse(double_divide(double_divide(X3,X4),inverse(double_divide(double_divide(X0,inverse(X1)),X2)))))) [forward demodulation 5844,573]
6075. double_divide(inverse(X1),inverse(double_divide(inverse(double_divide(double_divide(X5,X6),inverse(X2))),X6))) = double_divide(inverse(X7),double_divide(inverse(inverse(X8)),inverse(double_divide(inverse(inverse(double_divide(inverse(double_divide(X0,inverse(X1))),inverse(double_divide(inverse(double_divide(double_divide(X2,X3),inverse(X0))),X3))))),double_divide(inverse(double_divide(X7,inverse(X5))),X8))))) [forward demodulation 5913,1941]
6083. inverse(double_divide(X1,X2)) = double_divide(X0,inverse(double_divide(double_divide(double_divide(double_divide(X2,X3),inverse(X0)),X1),X3))) [forward demodulation 5921,689]
6119. inverse(double_divide(X1,double_divide(X5,inverse(X3)))) = double_divide(double_divide(X3,X6),inverse(double_divide(inverse(double_divide(X5,X6)),inverse(X1)))) [forward demodulation 5958,668]
6121. double_divide(X1,double_divide(X4,double_divide(X0,inverse(double_divide(inverse(double_divide(double_divide(X1,X2),inverse(X3))),X5))))) = double_divide(double_divide(double_divide(X0,X5),X2),double_divide(X3,X4)) [forward demodulation 5960,573]
6165. double_divide(X5,inverse(double_divide(inverse(X2),inverse(double_divide(inverse(double_divide(double_divide(X5,X6),inverse(double_divide(X3,X4)))),X6))))) = double_divide(X1,double_divide(X0,double_divide(double_divide(double_divide(X0,inverse(X1)),X2),inverse(double_divide(X3,X4))))) [forward demodulation 6006,573]
6234. double_divide(inverse(X1),inverse(double_divide(inverse(double_divide(double_divide(X5,X6),inverse(X2))),X6))) = double_divide(inverse(double_divide(inverse(double_divide(X0,inverse(X1))),inverse(double_divide(inverse(double_divide(double_divide(X2,X3),inverse(X0))),X3)))),inverse(double_divide(double_divide(inverse(inverse(X8)),double_divide(inverse(double_divide(X7,inverse(X5))),X8)),inverse(X7)))) [forward demodulation 6075,2067]
6242. inverse(double_divide(X1,X2)) = double_divide(X0,inverse(double_divide(X3,double_divide(double_divide(double_divide(X2,X3),inverse(X0)),X1)))) [forward demodulation 6083,2125]
6277. inverse(double_divide(X1,double_divide(X5,inverse(X3)))) = double_divide(inverse(X3),double_divide(X6,double_divide(inverse(double_divide(X5,X6)),inverse(X1)))) [forward demodulation 6119,1983]
6279. double_divide(double_divide(double_divide(X0,X5),X2),double_divide(X3,X4)) = double_divide(X1,double_divide(double_divide(double_divide(X1,X2),inverse(X3)),inverse(double_divide(double_divide(X0,X5),X4)))) [forward demodulation 6121,2067]
6320. double_divide(X5,inverse(double_divide(inverse(X2),inverse(double_divide(inverse(double_divide(double_divide(X5,X6),inverse(double_divide(X3,X4)))),X6))))) = double_divide(X1,double_divide(inverse(inverse(double_divide(X3,X4))),inverse(double_divide(inverse(inverse(X1)),X2)))) [forward demodulation 6165,1872]
6389. double_divide(inverse(X1),inverse(double_divide(inverse(double_divide(double_divide(X5,X6),inverse(X2))),X6))) = inverse(double_divide(double_divide(double_divide(inverse(inverse(X8)),double_divide(inverse(double_divide(X7,inverse(X5))),X8)),inverse(X7)),inverse(double_divide(double_divide(inverse(double_divide(double_divide(X2,X3),inverse(X0))),X3),inverse(inverse(double_divide(X0,inverse(X1)))))))) [forward demodulation 6234,222]
6397. inverse(double_divide(X1,X2)) = double_divide(X0,inverse(double_divide(X3,double_divide(double_divide(inverse(X2),double_divide(X3,X0)),X1)))) [forward demodulation 6242,1983]
6432. inverse(double_divide(X1,double_divide(X5,inverse(X3)))) = double_divide(inverse(X3),double_divide(double_divide(X5,X6),inverse(double_divide(X1,X6)))) [forward demodulation 6277,2157]
6434. double_divide(double_divide(double_divide(X0,X5),X2),double_divide(X3,X4)) = double_divide(inverse(inverse(double_divide(double_divide(X0,X5),X4))),inverse(double_divide(inverse(X2),inverse(X3)))) [forward demodulation 6279,1872]
6474. double_divide(X5,inverse(double_divide(inverse(X2),inverse(double_divide(inverse(double_divide(double_divide(X5,X6),inverse(double_divide(X3,X4)))),X6))))) = double_divide(inverse(X1),inverse(double_divide(double_divide(inverse(inverse(double_divide(X3,X4))),X2),X1))) [forward demodulation 6320,2067]
6542. double_divide(inverse(X1),inverse(double_divide(inverse(double_divide(double_divide(X5,X6),inverse(X2))),X6))) = double_divide(double_divide(double_divide(inverse(double_divide(double_divide(X2,X3),inverse(X0))),X3),inverse(inverse(double_divide(X0,inverse(X1))))),inverse(double_divide(double_divide(inverse(inverse(X8)),double_divide(inverse(double_divide(X7,inverse(X5))),X8)),inverse(X7)))) [forward demodulation 6389,573]
6550. inverse(double_divide(X1,X2)) = double_divide(X0,inverse(double_divide(X3,inverse(double_divide(double_divide(X2,X1),double_divide(X3,X0)))))) [forward demodulation 6397,689]
6582. inverse(double_divide(X1,double_divide(X5,inverse(X3)))) = double_divide(inverse(X3),double_divide(inverse(X5),double_divide(X6,double_divide(X1,X6)))) [forward demodulation 6432,1983]
6584. double_divide(double_divide(double_divide(X0,X5),X2),double_divide(X3,X4)) = inverse(double_divide(X3,inverse(double_divide(X2,inverse(inverse(inverse(double_divide(double_divide(X0,X5),X4)))))))) [forward demodulation 6434,457]
6624. double_divide(X5,inverse(double_divide(inverse(X2),inverse(double_divide(inverse(double_divide(double_divide(X5,X6),inverse(double_divide(X3,X4)))),X6))))) = inverse(double_divide(X1,double_divide(double_divide(inverse(inverse(double_divide(X3,X4))),X2),X1))) [forward demodulation 6474,4235]
6692. double_divide(inverse(X1),inverse(double_divide(inverse(double_divide(double_divide(X5,X6),inverse(X2))),X6))) = double_divide(inverse(double_divide(inverse(double_divide(double_divide(X2,X3),inverse(X0))),X3)),double_divide(inverse(inverse(double_divide(X0,inverse(X1)))),double_divide(double_divide(inverse(inverse(X8)),double_divide(inverse(double_divide(X7,inverse(X5))),X8)),inverse(X7)))) [forward demodulation 6542,1983]
6700. inverse(double_divide(X1,X2)) = double_divide(X0,double_divide(double_divide(double_divide(X2,X1),double_divide(X3,X0)),inverse(X3))) [forward demodulation 6550,573]
6732. inverse(double_divide(X1,double_divide(X5,inverse(X3)))) = double_divide(X5,double_divide(double_divide(X6,double_divide(X1,X6)),X3)) [forward demodulation 6582,700]
6734. double_divide(double_divide(double_divide(X0,X5),X2),double_divide(X3,X4)) = double_divide(double_divide(X2,inverse(inverse(inverse(double_divide(double_divide(X0,X5),X4))))),inverse(X3)) [forward demodulation 6584,573]
6770. double_divide(X5,inverse(double_divide(inverse(X2),inverse(double_divide(inverse(double_divide(double_divide(X5,X6),inverse(double_divide(X3,X4)))),X6))))) = inverse(double_divide(X1,inverse(double_divide(double_divide(inverse(double_divide(X3,X4)),X1),X2)))) [forward demodulation 6624,689]
6834. double_divide(inverse(X1),inverse(double_divide(inverse(double_divide(double_divide(X5,X6),inverse(X2))),X6))) = double_divide(inverse(double_divide(double_divide(X2,X3),inverse(X0))),inverse(double_divide(double_divide(double_divide(double_divide(inverse(inverse(X8)),double_divide(inverse(double_divide(X7,inverse(X5))),X8)),inverse(X7)),inverse(inverse(double_divide(X0,inverse(X1))))),X3))) [forward demodulation 6692,4648]
6842. inverse(double_divide(X1,X2)) = double_divide(X0,double_divide(inverse(X3),double_divide(double_divide(X2,X1),double_divide(X3,X0)))) [forward demodulation 6700,2125]
6873. inverse(double_divide(X1,double_divide(X5,inverse(X3)))) = double_divide(X5,double_divide(X1,X3)) [forward demodulation 6732,996]
6875. double_divide(double_divide(double_divide(X0,X5),X2),double_divide(X3,X4)) = double_divide(inverse(X2),double_divide(inverse(inverse(inverse(double_divide(double_divide(X0,X5),X4)))),X3)) [forward demodulation 6734,1983]
6908. double_divide(X5,inverse(double_divide(inverse(X2),inverse(double_divide(inverse(double_divide(double_divide(X5,X6),inverse(double_divide(X3,X4)))),X6))))) = double_divide(double_divide(double_divide(inverse(double_divide(X3,X4)),X1),X2),inverse(X1)) [forward demodulation 6770,573]
6972. double_divide(inverse(X1),inverse(double_divide(inverse(double_divide(double_divide(X5,X6),inverse(X2))),X6))) = inverse(double_divide(double_divide(double_divide(double_divide(double_divide(inverse(inverse(X8)),double_divide(inverse(double_divide(X7,inverse(X5))),X8)),inverse(X7)),inverse(inverse(double_divide(X0,inverse(X1))))),X3),inverse(double_divide(X0,inverse(double_divide(X2,X3)))))) [forward demodulation 6834,222]
6979. inverse(double_divide(X1,X2)) = double_divide(X0,double_divide(X3,inverse(double_divide(double_divide(double_divide(X2,X1),X3),X0)))) [forward demodulation 6842,1784]
7010. double_divide(double_divide(double_divide(X0,X5),X2),double_divide(X3,X4)) = double_divide(inverse(inverse(double_divide(double_divide(X0,X5),X4))),double_divide(X3,X2)) [forward demodulation 6875,700]
7042. double_divide(X5,inverse(double_divide(inverse(X2),inverse(double_divide(inverse(double_divide(double_divide(X5,X6),inverse(double_divide(X3,X4)))),X6))))) = double_divide(inverse(X1),double_divide(double_divide(inverse(double_divide(X3,X4)),X1),X2)) [forward demodulation 6908,2125]
7103. double_divide(inverse(X1),inverse(double_divide(inverse(double_divide(double_divide(X5,X6),inverse(X2))),X6))) = inverse(double_divide(X0,inverse(double_divide(double_divide(double_divide(double_divide(double_divide(inverse(inverse(X8)),double_divide(inverse(double_divide(X7,inverse(X5))),X8)),inverse(X7)),inverse(inverse(double_divide(X0,inverse(X1))))),X3),inverse(double_divide(X2,X3)))))) [forward demodulation 6972,469]
7110. inverse(double_divide(X1,X2)) = inverse(double_divide(X3,double_divide(double_divide(X2,X1),X3))) [forward demodulation 6979,2195]
7139. double_divide(double_divide(double_divide(X0,X5),X2),double_divide(X3,X4)) = double_divide(double_divide(double_divide(X0,X5),X4),double_divide(X3,X2)) [forward demodulation 7010,631]
7168. double_divide(X5,inverse(double_divide(inverse(X2),inverse(double_divide(inverse(double_divide(double_divide(X5,X6),inverse(double_divide(X3,X4)))),X6))))) = double_divide(inverse(X1),inverse(double_divide(double_divide(double_divide(X3,X4),X2),X1))) [forward demodulation 7042,689]
7228. double_divide(inverse(X1),inverse(double_divide(inverse(double_divide(double_divide(X5,X6),inverse(X2))),X6))) = double_divide(double_divide(double_divide(double_divide(double_divide(double_divide(inverse(inverse(X8)),double_divide(inverse(double_divide(X7,inverse(X5))),X8)),inverse(X7)),inverse(inverse(double_divide(X0,inverse(X1))))),X3),inverse(double_divide(X2,X3))),inverse(X0)) [forward demodulation 7103,573]
7234. inverse(double_divide(X1,X2)) = inverse(double_divide(X2,X1)) [forward demodulation 7110,996]
7290. double_divide(X5,inverse(double_divide(inverse(X2),inverse(double_divide(inverse(double_divide(double_divide(X5,X6),inverse(double_divide(X3,X4)))),X6))))) = inverse(double_divide(X1,double_divide(double_divide(double_divide(X3,X4),X2),X1))) [forward demodulation 7168,4235]
7346. double_divide(inverse(X1),inverse(double_divide(inverse(double_divide(double_divide(X5,X6),inverse(X2))),X6))) = double_divide(inverse(X0),double_divide(double_divide(double_divide(double_divide(double_divide(inverse(inverse(X8)),double_divide(inverse(double_divide(X7,inverse(X5))),X8)),inverse(X7)),inverse(inverse(double_divide(X0,inverse(X1))))),X3),inverse(double_divide(X2,X3)))) [forward demodulation 7228,2125]
7402. inverse(double_divide(double_divide(X3,X4),X2)) = double_divide(X5,inverse(double_divide(inverse(X2),inverse(double_divide(inverse(double_divide(double_divide(X5,X6),inverse(double_divide(X3,X4)))),X6))))) [forward demodulation 7290,996]
7454. double_divide(inverse(X1),inverse(double_divide(inverse(double_divide(double_divide(X5,X6),inverse(X2))),X6))) = double_divide(inverse(X0),double_divide(inverse(double_divide(double_divide(double_divide(inverse(inverse(X8)),double_divide(inverse(double_divide(X7,inverse(X5))),X8)),inverse(X7)),inverse(inverse(double_divide(X0,inverse(X1)))))),double_divide(X3,double_divide(X2,X3)))) [forward demodulation 7346,1983]
7505. inverse(double_divide(double_divide(X3,X4),X2)) = double_divide(X5,double_divide(double_divide(inverse(double_divide(double_divide(X5,X6),inverse(double_divide(X3,X4)))),X6),inverse(inverse(X2)))) [forward demodulation 7402,573]
7555. double_divide(inverse(X1),inverse(double_divide(inverse(double_divide(double_divide(X5,X6),inverse(X2))),X6))) = double_divide(double_divide(double_divide(double_divide(inverse(inverse(X8)),double_divide(inverse(double_divide(X7,inverse(X5))),X8)),inverse(X7)),inverse(inverse(double_divide(X0,inverse(X1))))),double_divide(double_divide(X3,double_divide(X2,X3)),X0)) [forward demodulation 7454,700]
7603. inverse(double_divide(double_divide(X3,X4),X2)) = double_divide(X5,inverse(double_divide(double_divide(double_divide(double_divide(X5,X6),inverse(double_divide(X3,X4))),inverse(inverse(X2))),X6))) [forward demodulation 7505,689]
7650. double_divide(inverse(X1),inverse(double_divide(inverse(double_divide(double_divide(X5,X6),inverse(X2))),X6))) = double_divide(double_divide(double_divide(double_divide(inverse(inverse(X8)),double_divide(inverse(double_divide(X7,inverse(X5))),X8)),inverse(X7)),X0),double_divide(double_divide(X3,double_divide(X2,X3)),inverse(inverse(double_divide(X0,inverse(X1)))))) [forward demodulation 7555,7139]
7693. inverse(double_divide(double_divide(X3,X4),X2)) = double_divide(inverse(double_divide(X3,X4)),inverse(inverse(inverse(X2)))) [forward demodulation 7603,1356]
7739. double_divide(inverse(X1),inverse(double_divide(inverse(double_divide(double_divide(X5,X6),inverse(X2))),X6))) = double_divide(double_divide(double_divide(double_divide(inverse(inverse(X8)),double_divide(inverse(double_divide(X7,inverse(X5))),X8)),inverse(X7)),X0),double_divide(inverse(X3),double_divide(double_divide(X2,X3),inverse(double_divide(X0,inverse(X1)))))) [forward demodulation 7650,1983]
7780. inverse(double_divide(double_divide(X3,X4),X2)) = double_divide(X3,inverse(double_divide(inverse(inverse(inverse(X2))),X4))) [forward demodulation 7693,598]
7823. double_divide(inverse(X1),inverse(double_divide(inverse(double_divide(double_divide(X5,X6),inverse(X2))),X6))) = double_divide(double_divide(double_divide(double_divide(inverse(inverse(X8)),double_divide(inverse(double_divide(X7,inverse(X5))),X8)),inverse(X7)),X0),double_divide(inverse(X3),double_divide(inverse(X2),double_divide(X3,double_divide(X0,inverse(X1)))))) [forward demodulation 7739,1983]
7860. double_divide(X3,inverse(double_divide(inverse(X2),X4))) = inverse(double_divide(double_divide(X3,X4),X2)) [forward demodulation 7780,631]
7902. double_divide(inverse(X1),inverse(double_divide(inverse(double_divide(double_divide(X5,X6),inverse(X2))),X6))) = double_divide(double_divide(double_divide(double_divide(inverse(inverse(X8)),double_divide(inverse(double_divide(X7,inverse(X5))),X8)),inverse(X7)),X0),double_divide(X2,double_divide(double_divide(X3,double_divide(X0,inverse(X1))),X3))) [forward demodulation 7823,700]
7975. double_divide(inverse(X1),inverse(double_divide(inverse(double_divide(double_divide(X5,X6),inverse(X2))),X6))) = double_divide(double_divide(double_divide(double_divide(inverse(inverse(X8)),double_divide(inverse(double_divide(X7,inverse(X5))),X8)),inverse(X7)),X0),double_divide(X2,double_divide(X3,double_divide(X3,double_divide(X0,inverse(X1)))))) [forward demodulation 7902,2125]
8044. double_divide(inverse(X1),inverse(double_divide(inverse(double_divide(double_divide(X5,X6),inverse(X2))),X6))) = double_divide(double_divide(double_divide(double_divide(inverse(inverse(X8)),double_divide(inverse(double_divide(X7,inverse(X5))),X8)),inverse(X7)),X0),double_divide(X2,double_divide(X0,inverse(X1)))) [forward demodulation 7975,1070]
8109. double_divide(inverse(X1),inverse(double_divide(inverse(double_divide(double_divide(X5,X6),inverse(X2))),X6))) = double_divide(X0,double_divide(double_divide(double_divide(double_divide(double_divide(inverse(inverse(X8)),double_divide(inverse(double_divide(X7,inverse(X5))),X8)),inverse(X7)),X0),inverse(X2)),X1)) [forward demodulation 8044,704]
8172. double_divide(inverse(X1),inverse(double_divide(inverse(double_divide(double_divide(X5,X6),inverse(X2))),X6))) = double_divide(X0,double_divide(double_divide(inverse(double_divide(double_divide(inverse(inverse(X8)),double_divide(inverse(double_divide(X7,inverse(X5))),X8)),inverse(X7))),double_divide(X0,X2)),X1)) [forward demodulation 8109,1983]
8228. double_divide(inverse(X1),inverse(double_divide(inverse(double_divide(double_divide(X5,X6),inverse(X2))),X6))) = double_divide(X0,inverse(double_divide(double_divide(double_divide(double_divide(inverse(inverse(X8)),double_divide(inverse(double_divide(X7,inverse(X5))),X8)),inverse(X7)),X1),double_divide(X0,X2)))) [forward demodulation 8172,689]
8278. double_divide(inverse(X1),inverse(double_divide(inverse(double_divide(double_divide(X5,X6),inverse(X2))),X6))) = double_divide(inverse(double_divide(double_divide(inverse(inverse(X8)),double_divide(inverse(double_divide(X7,inverse(X5))),X8)),inverse(X7))),double_divide(X1,X2)) [forward demodulation 8228,4317]
8325. double_divide(inverse(X1),inverse(double_divide(inverse(double_divide(double_divide(X5,X6),inverse(X2))),X6))) = double_divide(double_divide(inverse(inverse(X8)),double_divide(inverse(double_divide(X7,inverse(X5))),X8)),inverse(double_divide(double_divide(X2,X1),inverse(X7)))) [forward demodulation 8278,4648]
8367. double_divide(inverse(X1),inverse(double_divide(inverse(double_divide(double_divide(X5,X6),inverse(X2))),X6))) = double_divide(inverse(inverse(inverse(X8))),double_divide(double_divide(inverse(double_divide(X7,inverse(X5))),X8),double_divide(double_divide(X2,X1),inverse(X7)))) [forward demodulation 8325,1983]
8403. double_divide(inverse(X1),inverse(double_divide(inverse(double_divide(double_divide(X5,X6),inverse(X2))),X6))) = double_divide(inverse(inverse(inverse(X8))),inverse(double_divide(double_divide(double_divide(X7,inverse(X5)),double_divide(double_divide(X2,X1),inverse(X7))),X8))) [forward demodulation 8367,689]
8435. double_divide(inverse(X1),inverse(double_divide(inverse(double_divide(double_divide(X5,X6),inverse(X2))),X6))) = double_divide(double_divide(double_divide(inverse(inverse(inverse(X8))),X8),inverse(double_divide(X2,X1))),double_divide(X7,double_divide(X7,inverse(X5)))) [forward demodulation 8403,1743]
8463. double_divide(inverse(X1),inverse(double_divide(inverse(double_divide(double_divide(X5,X6),inverse(X2))),X6))) = double_divide(double_divide(double_divide(inverse(inverse(inverse(X8))),X8),inverse(double_divide(X2,X1))),inverse(X5)) [forward demodulation 8435,1070]
8484. double_divide(inverse(X1),inverse(double_divide(inverse(double_divide(double_divide(X5,X6),inverse(X2))),X6))) = double_divide(inverse(double_divide(inverse(inverse(inverse(X8))),X8)),double_divide(inverse(double_divide(X2,X1)),X5)) [forward demodulation 8463,1983]
8501. double_divide(inverse(X1),inverse(double_divide(inverse(double_divide(double_divide(X5,X6),inverse(X2))),X6))) = double_divide(inverse(inverse(inverse(X8))),inverse(double_divide(double_divide(X5,inverse(double_divide(X2,X1))),X8))) [forward demodulation 8484,4648]
8514. double_divide(inverse(X1),inverse(double_divide(inverse(double_divide(double_divide(X5,X6),inverse(X2))),X6))) = double_divide(double_divide(X2,X1),double_divide(inverse(inverse(X8)),double_divide(inverse(X5),X8))) [forward demodulation 8501,1153]
8526. double_divide(inverse(X1),inverse(double_divide(inverse(double_divide(double_divide(X5,X6),inverse(X2))),X6))) = double_divide(double_divide(X2,X1),double_divide(X5,double_divide(X8,inverse(X8)))) [forward demodulation 8514,700]
8538. double_divide(inverse(X1),inverse(double_divide(inverse(double_divide(double_divide(X5,X6),inverse(X2))),X6))) = double_divide(double_divide(X2,X1),inverse(X5)) [forward demodulation 8526,1326]
8548. double_divide(inverse(X1),inverse(double_divide(inverse(double_divide(double_divide(X5,X6),inverse(X2))),X6))) = double_divide(inverse(X2),double_divide(X1,X5)) [forward demodulation 8538,1983]
8558. double_divide(inverse(X2),double_divide(X1,X5)) = inverse(double_divide(double_divide(inverse(X1),X6),double_divide(double_divide(X5,X6),inverse(X2)))) [forward demodulation 8548,7860]
8565. double_divide(inverse(X2),double_divide(X1,X5)) = double_divide(double_divide(X5,X6),double_divide(double_divide(inverse(X1),X6),X2)) [forward demodulation 8558,6873]
8571. double_divide(inverse(X2),double_divide(X1,X5)) = double_divide(double_divide(X5,X6),inverse(double_divide(double_divide(X1,X2),X6))) [forward demodulation 8565,689]
8577. double_divide(inverse(X2),double_divide(X1,X5)) = double_divide(inverse(X5),double_divide(X6,double_divide(double_divide(X1,X2),X6))) [forward demodulation 8571,1983]
8581. double_divide(inverse(X2),double_divide(X1,X5)) = double_divide(inverse(X5),double_divide(X1,X2)) [forward demodulation 8577,996]
8669. inverse(double_divide(a4,b4)) != inverse(double_divide(a4,b4)) <- (~1) [superposition 9,2125]
8735. $false <- (~1) [trivial inequality removal 8669]
8736. 1 [avatar contradiction clause 8735]
9860. inverse(double_divide(c3,inverse(double_divide(b3,a3)))) != inverse(double_divide(a3,inverse(double_divide(c3,b3)))) <- (~2) [forward demodulation 13,7234]
9861. inverse(double_divide(c3,inverse(double_divide(b3,a3)))) != double_divide(double_divide(c3,b3),inverse(a3)) <- (~2) [forward demodulation 9860,573]
9862. inverse(double_divide(c3,inverse(double_divide(b3,a3)))) != double_divide(inverse(a3),double_divide(c3,b3)) <- (~2) [forward demodulation 9861,2125]
9863. inverse(double_divide(c3,inverse(double_divide(b3,a3)))) != double_divide(inverse(a3),double_divide(b3,c3)) <- (~2) [forward demodulation 9862,2125]
9864. double_divide(inverse(a3),double_divide(b3,c3)) != double_divide(double_divide(b3,a3),inverse(c3)) <- (~2) [forward demodulation 9863,573]
9865. double_divide(inverse(a3),double_divide(b3,c3)) != double_divide(inverse(c3),double_divide(b3,a3)) <- (~2) [forward demodulation 9864,2125]
9866. $false <- (~2) [forward subsumption resolution 9865,8581]
9867. 2 [avatar contradiction clause 9866]
9869. $false <- (~3) [forward subsumption resolution 17,223]
9870. 3 [avatar contradiction clause 9869]
9876. $false <- (~4) [forward subsumption resolution 21,464]
9877. 4 [avatar contradiction clause 9876]
s1. ~4 | ~3 | ~2 | ~1 [sat_conversion 22]
s3. 1 [sat_conversion 8736]
s4. 2 [sat_conversion 9867]
s5. 3 [sat_conversion 9870]
s6. 4 [sat_conversion 9877]
s7. # [rat s1,s3,s4,s5,s6]
9878. $false [avatar sat refutation s7]
% SZS output end Proof for GRP104-1
% ------------------------------
% Version: Vampire 5.0.0 (Release build, commit 2e2c9b7b8 on 2026-01-17 12:24:14 +0100)
% Linked with Z3 4.14.0.0 3c47fd96cf5645d0c42b2c819d9e9a84380aa721 z3-4.8.4-9178-g3c47fd96c
% CaDiCaL version: 2.1.3
% Termination reason: Refutation
% Time elapsed: 0.122 s
% Peak memory usage: 57 MB
% Instructions burned: 425 (million)
% ------------------------------
% ------------------------------
