% Running in auto input_syntax mode. Trying TPTP
% Refutation found. Thanks to Tanya!
% SZS status Unsatisfiable for GRP759+1
% SZS output start Proof for GRP759+1
1. ! [X0] : mult(X0,i(X0)) = e [input(axiom)]
2. ! [X0] : mult(X0,e) = X0 [input(axiom)]
3. ! [X0,X1,X2] : mult(X1,mult(X0,X2)) = mult(mult(X1,X0),X2) [input(axiom)]
4. mult(op_a,op_b) != mult(op_b,op_a) [input(axiom)]
5. ! [X0] : (X0 = c1 | X0 = c2 | X0 = c3 | X0 = c4) [input(axiom)]
6. c1 != c2 [input(axiom)]
7. c1 != c3 [input(axiom)]
8. c1 != c4 [input(axiom)]
9. c2 != c3 [input(axiom)]
10. c2 != c4 [input(axiom)]
11. c3 != c4 [input(axiom)]
12. mult(X0,i(X0)) = e [cnf transformation 1]
13. mult(X0,e) = X0 [cnf transformation 2]
14. mult(X1,mult(X0,X2)) = mult(mult(X1,X0),X2) [cnf transformation 3]
15. mult(op_a,op_b) != mult(op_b,op_a) [cnf transformation 4]
16. c4 = X0 | c2 = X0 | c3 = X0 | c1 = X0 [cnf transformation 5]
17. c1 != c2 [cnf transformation 6]
18. c1 != c3 [cnf transformation 7]
19. c1 != c4 [cnf transformation 8]
20. c2 != c3 [cnf transformation 9]
21. c2 != c4 [cnf transformation 10]
22. c3 != c4 [cnf transformation 11]
23. mult(X0,X1) = mult(X0,mult(e,X1)) [superposition 14,13]
24. mult(e,X1) = mult(X0,mult(i(X0),X1)) [superposition 14,12]
29. e = mult(X0,mult(X1,i(mult(X0,X1)))) [superposition 12,14]
32. mult(X0,e) = mult(X0,i(e)) [superposition 23,12]
39. mult(X0,i(e)) = X0 [forward demodulation 32,13]
41. c3 = X1 | c3 = X0 | X0 = X1 | c1 = X1 | c2 = X0 | c2 = X1 | c1 = X0 [superposition 16,16]
45. e = mult(X0,c4) | i(X0) = c2 | i(X0) = c3 | i(X0) = c1 [superposition 12,16]
46. mult(X0,mult(X1,X2)) = mult(c4,X2) | c2 = mult(X0,X1) | c3 = mult(X0,X1) | c1 = mult(X0,X1) [superposition 14,16]
51. mult(X0,X1) = mult(X0,c4) | c3 = mult(e,X1) | c2 = mult(e,X1) | c1 = mult(e,X1) [superposition 23,16]
52. mult(op_a,op_b) != c4 | mult(op_b,op_a) = c2 | mult(op_b,op_a) = c3 | mult(op_b,op_a) = c1 [superposition 15,16]
53. mult(X0,X1) = mult(X0,mult(c4,X1)) | e = c2 | e = c3 | e = c1 [superposition 23,16]
54. mult(X0,c4) = X0 | e = c2 | e = c3 | e = c1 [superposition 13,16]
55. mult(c4,op_b) != mult(op_b,c4) | op_a = c2 | op_a = c3 | op_a = c1 [superposition 15,16]
56. mult(op_a,c4) != mult(c4,op_a) | op_b = c2 | op_b = c3 | op_b = c1 [superposition 15,16]
61. 1 <=> op_b = c1 [avatar definition]
62. op_b != c1 <- (~1) [avatar component clause 61]
63. op_b = c1 <- (1) [avatar component clause 61]
65. 2 <=> op_b = c3 [avatar definition]
66. op_b != c3 <- (~2) [avatar component clause 65]
67. op_b = c3 <- (2) [avatar component clause 65]
69. 3 <=> op_b = c2 [avatar definition]
70. op_b != c2 <- (~3) [avatar component clause 69]
71. op_b = c2 <- (3) [avatar component clause 69]
73. 4 <=> mult(op_a,c4) = mult(c4,op_a) [avatar definition]
74. mult(op_a,c4) = mult(c4,op_a) <- (4) [avatar component clause 73]
75. mult(op_a,c4) != mult(c4,op_a) <- (~4) [avatar component clause 73]
76. 1 | 2 | 3 | ~4 [avatar split clause 56,73,69,65,61]
78. 5 <=> op_a = c1 [avatar definition]
79. op_a != c1 <- (~5) [avatar component clause 78]
80. op_a = c1 <- (5) [avatar component clause 78]
82. 6 <=> op_a = c3 [avatar definition]
83. op_a != c3 <- (~6) [avatar component clause 82]
84. op_a = c3 <- (6) [avatar component clause 82]
86. 7 <=> op_a = c2 [avatar definition]
87. op_a != c2 <- (~7) [avatar component clause 86]
88. op_a = c2 <- (7) [avatar component clause 86]
90. 8 <=> mult(c4,op_b) = mult(op_b,c4) [avatar definition]
91. mult(c4,op_b) = mult(op_b,c4) <- (8) [avatar component clause 90]
92. mult(c4,op_b) != mult(op_b,c4) <- (~8) [avatar component clause 90]
93. 5 | 6 | 7 | ~8 [avatar split clause 55,90,86,82,78]
95. 9 <=> e = c1 [avatar definition]
96. e != c1 <- (~9) [avatar component clause 95]
97. e = c1 <- (9) [avatar component clause 95]
99. 10 <=> e = c3 [avatar definition]
100. e != c3 <- (~10) [avatar component clause 99]
101. e = c3 <- (10) [avatar component clause 99]
103. 11 <=> e = c2 [avatar definition]
104. e != c2 <- (~11) [avatar component clause 103]
105. e = c2 <- (11) [avatar component clause 103]
107. 12 <=> ! [X0] : mult(X0,c4) = X0 [avatar definition]
108. mult(X0,c4) = X0 <- (12) [avatar component clause 107]
109. 9 | 10 | 11 | 12 [avatar split clause 54,107,103,99,95]
111. 13 <=> ! [X0,X1] : mult(X0,X1) = mult(X0,mult(c4,X1)) [avatar definition]
112. mult(X0,X1) = mult(X0,mult(c4,X1)) <- (13) [avatar component clause 111]
113. 9 | 10 | 11 | 13 [avatar split clause 53,111,103,99,95]
115. 14 <=> mult(op_b,op_a) = c1 [avatar definition]
116. mult(op_b,op_a) != c1 <- (~14) [avatar component clause 115]
117. mult(op_b,op_a) = c1 <- (14) [avatar component clause 115]
119. 15 <=> mult(op_b,op_a) = c3 [avatar definition]
120. mult(op_b,op_a) != c3 <- (~15) [avatar component clause 119]
121. mult(op_b,op_a) = c3 <- (15) [avatar component clause 119]
123. 16 <=> mult(op_b,op_a) = c2 [avatar definition]
124. mult(op_b,op_a) != c2 <- (~16) [avatar component clause 123]
125. mult(op_b,op_a) = c2 <- (16) [avatar component clause 123]
127. 17 <=> mult(op_a,op_b) = c4 [avatar definition]
128. mult(op_a,op_b) = c4 <- (17) [avatar component clause 127]
129. mult(op_a,op_b) != c4 <- (~17) [avatar component clause 127]
130. 14 | 15 | 16 | ~17 [avatar split clause 52,127,123,119,115]
144. mult(X0,X1) = mult(X0,mult(c1,X1)) <- (9) [superposition 23,97]
145. mult(X0,c1) = X0 <- (9) [superposition 13,97]
148. c4 != c4 | mult(op_a,op_b) = c2 | mult(op_a,op_b) = c3 | mult(op_a,op_b) = c1 <- (~17) [superposition 129,16]
149. mult(op_a,op_b) = c2 | mult(op_a,op_b) = c3 | mult(op_a,op_b) = c1 <- (~17) [trivial inequality removal 148]
151. 18 <=> mult(op_a,op_b) = c1 [avatar definition]
152. mult(op_a,op_b) != c1 <- (~18) [avatar component clause 151]
153. mult(op_a,op_b) = c1 <- (18) [avatar component clause 151]
155. 19 <=> mult(op_a,op_b) = c3 [avatar definition]
156. mult(op_a,op_b) != c3 <- (~19) [avatar component clause 155]
157. mult(op_a,op_b) = c3 <- (19) [avatar component clause 155]
159. 20 <=> mult(op_a,op_b) = c2 [avatar definition]
160. mult(op_a,op_b) != c2 <- (~20) [avatar component clause 159]
161. mult(op_a,op_b) = c2 <- (20) [avatar component clause 159]
162. 18 | 19 | 20 | 17 [avatar split clause 149,127,159,155,151]
164. 21 <=> c4 = mult(op_a,c4) [avatar definition]
165. c4 = mult(op_a,c4) <- (21) [avatar component clause 164]
166. c4 != mult(op_a,c4) <- (~21) [avatar component clause 164]
169. 22 <=> c4 = mult(c4,op_b) [avatar definition]
170. c4 = mult(c4,op_b) <- (22) [avatar component clause 169]
171. c4 != mult(c4,op_b) <- (~22) [avatar component clause 169]
176. mult(op_a,op_b) != c1 <- (14) [superposition 15,117]
180. 23 <=> c1 = mult(op_b,c4) [avatar definition]
181. c1 != mult(op_b,c4) <- (~23) [avatar component clause 180]
182. c1 = mult(op_b,c4) <- (23) [avatar component clause 180]
185. 24 <=> c1 = mult(c4,op_a) [avatar definition]
186. c1 != mult(c4,op_a) <- (~24) [avatar component clause 185]
187. c1 = mult(c4,op_a) <- (24) [avatar component clause 185]
189. c1 != mult(c4,op_a) | op_b = c2 | op_b = c3 | op_b = c1 <- (~14) [superposition 116,16]
190. c1 != mult(op_b,c4) | op_a = c2 | op_a = c3 | op_a = c1 <- (~14) [superposition 116,16]
192. 5 | 6 | 7 | ~23 | 14 [avatar split clause 190,115,180,86,82,78]
193. 1 | 2 | 3 | ~24 | 14 [avatar split clause 189,115,185,69,65,61]
195. c3 = mult(op_b,c4) | op_a = c2 | op_a = c3 | op_a = c1 <- (15) [superposition 121,16]
198. mult(op_a,op_b) != c3 <- (15) [superposition 15,121]
202. 25 <=> c3 = mult(op_b,c4) [avatar definition]
203. c3 != mult(op_b,c4) <- (~25) [avatar component clause 202]
204. c3 = mult(op_b,c4) <- (25) [avatar component clause 202]
205. 5 | 6 | 7 | 25 | ~15 [avatar split clause 195,119,202,86,82,78]
207. 26 <=> c3 = mult(c4,op_a) [avatar definition]
208. c3 != mult(c4,op_a) <- (~26) [avatar component clause 207]
209. c3 = mult(c4,op_a) <- (26) [avatar component clause 207]
221. mult(op_a,op_b) != c2 <- (16) [superposition 15,125]
225. 27 <=> c2 = mult(op_b,c4) [avatar definition]
226. c2 != mult(op_b,c4) <- (~27) [avatar component clause 225]
227. c2 = mult(op_b,c4) <- (27) [avatar component clause 225]
230. 28 <=> c2 = mult(c4,op_a) [avatar definition]
231. c2 != mult(c4,op_a) <- (~28) [avatar component clause 230]
232. c2 = mult(c4,op_a) <- (28) [avatar component clause 230]
234. c2 != mult(c4,op_a) | op_b = c2 | op_b = c3 | op_b = c1 <- (~16) [superposition 124,16]
238. 1 | 2 | 3 | ~28 | 16 [avatar split clause 234,123,230,69,65,61]
243. mult(c4,c4) != mult(c4,c4) | op_a = c2 | op_a = c3 | op_a = c1 <- (~4) [superposition 75,16]
246. op_a = c2 | op_a = c3 | op_a = c1 <- (~4) [trivial inequality removal 243]
248. 29 <=> c1 = mult(op_a,c4) [avatar definition]
249. c1 != mult(op_a,c4) <- (~29) [avatar component clause 248]
250. c1 = mult(op_a,c4) <- (29) [avatar component clause 248]
252. 30 <=> c3 = mult(op_a,c4) [avatar definition]
253. c3 != mult(op_a,c4) <- (~30) [avatar component clause 252]
254. c3 = mult(op_a,c4) <- (30) [avatar component clause 252]
256. 31 <=> c2 = mult(op_a,c4) [avatar definition]
257. c2 != mult(op_a,c4) <- (~31) [avatar component clause 256]
258. c2 = mult(op_a,c4) <- (31) [avatar component clause 256]
260. 32 <=> c4 = mult(c4,op_a) [avatar definition]
261. c4 = mult(c4,op_a) <- (32) [avatar component clause 260]
262. c4 != mult(c4,op_a) <- (~32) [avatar component clause 260]
264. 5 | 6 | 7 | 4 [avatar split clause 246,73,86,82,78]
266. c4 != mult(op_a,c1) <- (1, ~17) [superposition 129,63]
267. c2 != mult(c1,op_a) <- (1, ~16) [superposition 124,63]
268. c3 != mult(c1,op_a) <- (1, ~15) [superposition 120,63]
269. c1 != mult(c1,op_a) <- (1, ~14) [superposition 116,63]
274. c4 = mult(c4,op_a) | c2 = mult(op_a,c4) | c3 = mult(op_a,c4) | c1 = mult(op_a,c4) <- (4) [superposition 74,16]
275. mult(op_a,mult(c4,X0)) = mult(mult(c4,op_a),X0) <- (4) [superposition 14,74]
276. mult(op_a,mult(c4,X0)) = mult(c4,mult(op_a,X0)) <- (4) [forward demodulation 275,14]
277. c2 = mult(c4,op_a) | c4 = mult(c4,op_a) | c3 = mult(op_a,c4) | c1 = mult(op_a,c4) <- (4) [forward demodulation 274,74]
291. c1 != mult(c3,op_a) <- (2, ~14) [superposition 116,67]
292. c3 != mult(c3,op_a) <- (2, ~15) [superposition 120,67]
293. c2 != mult(c3,op_a) <- (2, ~16) [superposition 124,67]
294. c4 != mult(op_a,c3) <- (2, ~17) [superposition 129,67]
295. mult(c4,c3) != mult(c3,c4) <- (2, ~8) [superposition 92,67]
310. mult(e,X0) = mult(X1,mult(c4,X0)) | c2 = i(X1) | c3 = i(X1) | c1 = i(X1) [superposition 24,16]
311. mult(X0,e) = mult(e,i(i(X0))) [superposition 24,12]
313. mult(X1,mult(e,X0)) = mult(e,mult(i(i(X1)),X0)) [superposition 24,24]
316. mult(e,X0) = mult(X1,c4) | c2 = mult(i(X1),X0) | c3 = mult(i(X1),X0) | c1 = mult(i(X1),X0) [superposition 24,16]
320. mult(e,X0) = mult(X1,mult(X2,mult(i(mult(X1,X2)),X0))) [superposition 14,24]
330. mult(X1,mult(c1,X0)) = mult(c1,mult(i(i(X1)),X0)) <- (9) [forward demodulation 313,97]
332. mult(X0,c1) = mult(c1,i(i(X0))) <- (9) [forward demodulation 311,97]
337. mult(X1,X0) = mult(c1,mult(i(i(X1)),X0)) <- (9) [forward demodulation 330,144]
338. mult(c1,i(i(X0))) = X0 <- (9) [forward demodulation 332,145]
347. c1 = mult(op_a,c3) <- (2, 18) [superposition 153,67]
355. 33 <=> c1 = mult(c4,c3) [avatar definition]
356. c1 != mult(c4,c3) <- (~33) [avatar component clause 355]
357. c1 = mult(c4,c3) <- (33) [avatar component clause 355]
360. c1 = mult(c1,op_a) <- (1, 14) [forward demodulation 117,63]
361. $false <- (14, 18) [forward subsumption resolution 176,153]
362. ~14 | ~18 [avatar contradiction clause 361]
363. c1 = c4 <- (17, 18) [forward demodulation 128,153]
364. c1 = mult(c1,c4) <- (1, 23) [forward demodulation 182,63]
368. $false <- (17, 18) [forward subsumption resolution 363,19]
369. ~17 | ~18 [avatar contradiction clause 368]
375. c1 != mult(c2,op_a) <- (3, ~14) [forward demodulation 116,71]
377. c1 != mult(c2,c4) <- (3, ~23) [forward demodulation 181,71]
383. 34 <=> c1 = mult(c4,c2) [avatar definition]
384. c1 != mult(c4,c2) <- (~34) [avatar component clause 383]
385. c1 = mult(c4,c2) <- (34) [avatar component clause 383]
389. c1 != mult(c1,c4) <- (1, ~23) [forward demodulation 181,63]
398. c1 != mult(op_b,c3) <- (6, ~14) [forward demodulation 116,84]
400. c1 != mult(c1,c3) <- (1, 6, ~14) [forward demodulation 398,63]
402. mult(op_a,c1) != mult(c1,op_a) <- (1) [superposition 15,63]
403. mult(c1,c4) != mult(c4,c1) <- (1, ~8) [superposition 92,63]
406. c1 = mult(op_a,c1) <- (1, 18) [superposition 153,63]
413. c3 = mult(op_b,c3) <- (6, 15) [forward demodulation 121,84]
415. c4 = mult(op_a,c1) <- (1, 17) [forward demodulation 128,63]
416. c1 != mult(op_a,c1) <- (1, ~18) [forward demodulation 152,63]
417. c3 = mult(c1,c3) <- (1, 6, 15) [forward demodulation 413,63]
428. c3 != mult(op_b,c3) <- (6, ~15) [forward demodulation 120,84]
429. c3 != mult(c1,c3) <- (1, 6, ~15) [forward demodulation 268,84]
433. c3 = mult(op_a,c1) <- (1, 19) [forward demodulation 157,63]
442. mult(c4,c3) = mult(c3,c4) <- (4, 6) [superposition 74,84]
444. c2 != mult(op_b,c3) <- (6, ~16) [superposition 124,84]
445. c2 != mult(c1,c3) <- (1, 6, ~16) [forward demodulation 444,63]
457. e = mult(X0,mult(X1,i(c4))) | c2 = mult(X0,X1) | c3 = mult(X0,X1) | c1 = mult(X0,X1) [superposition 29,16]
458. e = mult(X0,mult(X1,c4)) | c2 = i(mult(X0,X1)) | c3 = i(mult(X0,X1)) | c1 = i(mult(X0,X1)) [superposition 29,16]
459. e = mult(X2,mult(X0,mult(X1,i(mult(X2,mult(X0,X1)))))) [superposition 29,14]
460. e = mult(X0,c4) | c2 = mult(X1,i(mult(X0,X1))) | c3 = mult(X1,i(mult(X0,X1))) | c1 = mult(X1,i(mult(X0,X1))) [superposition 29,16]
468. mult(X1,e) = mult(e,mult(X0,i(mult(i(X1),X0)))) [superposition 24,29]
470. mult(X0,e) = mult(X0,mult(X1,i(mult(e,X1)))) [superposition 23,29]
510. c4 != mult(c3,c4) <- (6, ~21) [superposition 166,84]
513. c4 != mult(c4,op_a) <- (4, ~21) [superposition 166,74]
523. e = mult(X1,X0) | c2 = i(X1) | c3 = i(X1) | c1 = i(X1) | c2 = X0 | c3 = X0 | c1 = X0 [superposition 45,16]
555. 35 <=> c2 = i(c1) [avatar definition]
556. c2 != i(c1) <- (~35) [avatar component clause 555]
557. c2 = i(c1) <- (35) [avatar component clause 555]
559. 36 <=> c3 = i(c1) [avatar definition]
560. c3 != i(c1) <- (~36) [avatar component clause 559]
561. c3 = i(c1) <- (36) [avatar component clause 559]
563. 37 <=> c1 = i(c1) [avatar definition]
564. c1 != i(c1) <- (~37) [avatar component clause 563]
565. c1 = i(c1) <- (37) [avatar component clause 563]
630. mult(X0,mult(X1,X2)) = mult(c3,X2) | mult(X0,X1) = X3 | c3 = X3 | c1 = X3 | c2 = mult(X0,X1) | c2 = X3 | c1 = mult(X0,X1) [superposition 14,41]
641. mult(X0,X1) = mult(X0,c3) | c3 = X2 | mult(e,X1) = X2 | c1 = X2 | c2 = mult(e,X1) | c2 = X2 | c1 = mult(e,X1) [superposition 23,41]
651. mult(op_b,c3) != mult(c3,op_b) | c3 = X0 | op_a = X0 | c1 = X0 | op_a = c2 | c2 = X0 | op_a = c1 [superposition 15,41]
712. mult(e,X1) = mult(X2,mult(X0,X1)) | c3 = i(X2) | c3 = X0 | c1 = i(X2) | c2 = X0 | c2 = i(X2) | c1 = X0 [superposition 24,41]
714. e = mult(X1,mult(X2,X0)) | c3 = i(mult(X1,X2)) | c3 = X0 | c1 = i(mult(X1,X2)) | c2 = X0 | c2 = i(mult(X1,X2)) | c1 = X0 [superposition 29,41]
716. e = mult(X1,mult(X2,i(X0))) | c3 = mult(X1,X2) | c3 = X0 | c1 = mult(X1,X2) | c2 = X0 | c2 = mult(X1,X2) | c1 = X0 [superposition 29,41]
719. e = mult(X1,X0) | c3 = mult(X2,i(mult(X1,X2))) | c3 = X0 | c1 = mult(X2,i(mult(X1,X2))) | c2 = X0 | c2 = mult(X2,i(mult(X1,X2))) | c1 = X0 [superposition 29,41]
728. mult(X1,X0) = mult(X1,X2) | c3 = mult(e,X2) | c3 = X0 | c1 = mult(e,X2) | c2 = X0 | c2 = mult(e,X2) | c1 = X0 [superposition 23,41]
732. mult(op_a,op_b) != X0 | mult(op_b,op_a) = c3 | c3 = X0 | mult(op_b,op_a) = c1 | c2 = X0 | mult(op_b,op_a) = c2 | c1 = X0 [superposition 15,41]
737. mult(X1,X0) = X1 | e = c3 | c3 = X0 | e = c1 | c2 = X0 | e = c2 | c1 = X0 [superposition 13,41]
744. mult(op_a,X0) != mult(X0,op_a) | op_b = c3 | c3 = X0 | op_b = c1 | c2 = X0 | op_b = c2 | c1 = X0 [superposition 15,41]
1063. c4 != mult(c4,c1) <- (1, ~22) [superposition 171,63]
1077. c4 = mult(c4,c1) <- (1, 22) [forward demodulation 170,63]
1078. mult(X0,e) = mult(c4,i(X1)) | c2 = mult(X0,X1) | c3 = mult(X0,X1) | c1 = mult(X0,X1) [superposition 46,12]
1081. mult(X0,e) = mult(c4,mult(X2,i(mult(X1,X2)))) | c2 = mult(X0,X1) | c3 = mult(X0,X1) | c1 = mult(X0,X1) [superposition 46,29]
1085. mult(X0,e) = mult(c4,c4) | c2 = mult(X0,X1) | c3 = mult(X0,X1) | c1 = mult(X0,X1) | c2 = i(X1) | c3 = i(X1) | c1 = i(X1) [superposition 46,45]
1091. mult(c4,X2) = mult(X0,c3) | c3 = mult(X0,X1) | c2 = mult(X1,X2) | mult(X1,X2) = X3 | c3 = X3 | c1 = mult(X0,X1) | c1 = mult(X1,X2) | c2 = X3 | c2 = mult(X0,X1) | c1 = X3 [superposition 46,41]
1098. c3 = mult(X1,mult(X2,X3)) | mult(c4,X3) = X0 | c3 = mult(X1,X2) | c1 = mult(X1,X2) | c3 = X0 | c2 = mult(X1,X2) | c1 = X0 | c2 = mult(X1,mult(X2,X3)) | c2 = X0 | c1 = mult(X1,mult(X2,X3)) [superposition 46,41]
1101. c3 = mult(X0,mult(X1,X2)) | c2 = mult(X0,X1) | c3 = mult(X0,X1) | c1 = mult(X0,X1) | c2 = mult(X0,mult(X1,X2)) | c4 = mult(c4,X2) | c1 = mult(X0,mult(X1,X2)) [superposition 46,16]
1102. mult(X1,X0) = mult(c4,X0) | c2 = mult(X1,e) | c3 = mult(X1,e) | c1 = mult(X1,e) [superposition 23,46]
1104. e = mult(c4,i(mult(X0,X1))) | c2 = mult(X0,X1) | c3 = mult(X0,X1) | c1 = mult(X0,X1) [superposition 29,46]
1105. e = mult(X1,mult(mult(X2,X0),i(mult(c4,X0)))) | c2 = mult(X1,X2) | c3 = mult(X1,X2) | c1 = mult(X1,X2) [superposition 29,46]
1107. mult(e,mult(X1,X0)) = mult(X2,mult(c4,X0)) | c2 = mult(i(X2),X1) | c3 = mult(i(X2),X1) | c1 = mult(i(X2),X1) [superposition 24,46]
1109. mult(X1,mult(c4,X0)) = mult(X1,mult(X2,X0)) | c2 = mult(e,X2) | c3 = mult(e,X2) | c1 = mult(e,X2) [superposition 23,46]
1115. c1 = mult(c4,c3) <- (6, 24) [superposition 187,84]
1133. 33 | ~6 | ~24 [avatar split clause 1115,185,82,355]
1137. c1 != mult(c4,c3) <- (6, ~24) [forward demodulation 186,84]
1142. c1 != mult(c3,c4) <- (4, 6, ~24) [forward demodulation 1137,442]
1144. c3 != mult(c1,c4) <- (1, ~25) [superposition 203,63]
1163. c2 != mult(c1,c4) <- (1, ~27) [superposition 226,63]
1185. c2 != mult(c4,c3) <- (6, ~28) [superposition 231,84]
1281. e != c1 | c2 = i(c3) | c3 = i(c3) | c1 = i(c3) <- (4, 6, ~24) [superposition 1142,45]
1320. mult(X0,X1) = mult(X0,mult(i(e),X1)) [superposition 14,39]
1381. mult(c3,c4) = X0 | c3 = X0 | c3 = mult(c4,c3) | c1 = X0 | c2 = mult(c4,c3) | c2 = X0 | c1 = mult(c4,c3) <- (4, 6) [superposition 442,41]
1384. c4 = mult(c3,c4) | c2 = mult(c4,c3) | c3 = mult(c4,c3) | c1 = mult(c4,c3) <- (4, 6) [superposition 442,16]
1405. mult(X1,X0) = mult(X1,i(i(X0))) <- (9) [superposition 144,338]
1663. c2 = mult(c1,c4) <- (1, 27) [forward demodulation 227,63]
1675. e = mult(X1,mult(X2,mult(X0,i(mult(c4,X0))))) | c2 = mult(X1,X2) | c3 = mult(X1,X2) | c1 = mult(X1,X2) [forward demodulation 1105,14]
1677. c2 = X1 | mult(X1,X0) = mult(c4,X0) | c3 = mult(X1,e) | c1 = mult(X1,e) [forward demodulation 1102,13]
1682. c3 = mult(X0,X1) | mult(c4,c4) = X0 | c2 = mult(X0,X1) | c1 = mult(X0,X1) | c2 = i(X1) | c3 = i(X1) | c1 = i(X1) [forward demodulation 1085,13]
1685. mult(c4,mult(X2,i(mult(X1,X2)))) = X0 | c3 = mult(X0,X1) | c2 = mult(X0,X1) | c1 = mult(X0,X1) [forward demodulation 1081,13]
1688. mult(c4,i(X1)) = X0 | c3 = mult(X0,X1) | c2 = mult(X0,X1) | c1 = mult(X0,X1) [forward demodulation 1078,13]
1717. c2 = i(c3) | c3 = i(c3) | c1 = i(c3) <- (4, 6, 9, ~24) [forward subsumption resolution 1281,97]
1768. c3 = X1 | c2 = X1 | mult(X1,X0) = mult(c4,X0) | c1 = mult(X1,e) [forward demodulation 1677,13]
1789. 38 <=> c1 = i(c3) [avatar definition]
1790. c1 != i(c3) <- (~38) [avatar component clause 1789]
1791. c1 = i(c3) <- (38) [avatar component clause 1789]
1793. 39 <=> c3 = i(c3) [avatar definition]
1794. c3 != i(c3) <- (~39) [avatar component clause 1793]
1795. c3 = i(c3) <- (39) [avatar component clause 1793]
1797. 40 <=> c2 = i(c3) [avatar definition]
1798. c2 != i(c3) <- (~40) [avatar component clause 1797]
1799. c2 = i(c3) <- (40) [avatar component clause 1797]
1800. 38 | 39 | 40 | ~4 | ~6 | ~9 | 24 [avatar split clause 1717,185,95,82,73,1797,1793,1789]
1830. mult(X1,X0) = mult(c4,X0) | c3 = X1 | c2 = X1 | c1 = X1 [forward demodulation 1768,13]
1953. mult(c1,c4) = mult(c4,c1) <- (1, 8) [forward demodulation 91,63]
1969. c3 = mult(c1,i(c1)) <- (9, 38) [superposition 338,1791]
1976. e = c3 <- (9, 38) [forward demodulation 1969,12]
1979. c1 = c3 <- (9, 38) [forward demodulation 1976,97]
1982. $false <- (9, 38) [forward subsumption resolution 1979,18]
1983. ~9 | ~38 [avatar contradiction clause 1982]
2067. c3 != mult(c4,c3) <- (6, ~26) [forward demodulation 208,84]
2072. c4 = mult(c4,c3) <- (6, 32) [forward demodulation 261,84]
2077. c3 = mult(c3,c4) | mult(c3,c4) = X0 | c3 = X0 | c1 = X0 | c2 = mult(c4,c3) | c2 = X0 | c1 = mult(c4,c3) <- (4, 6) [forward demodulation 1381,442]
2091. c3 != mult(c3,c4) <- (4, 6, ~26) [forward demodulation 2067,442]
2098. c2 = mult(c3,c4) | c3 = mult(c3,c4) | mult(c3,c4) = X0 | c3 = X0 | c1 = X0 | c2 = X0 | c1 = mult(c4,c3) <- (4, 6) [forward demodulation 2077,442]
2145. c4 = mult(c3,c4) <- (6, 21) [forward demodulation 165,84]
2146. c2 = mult(c3,c4) | c4 = mult(c3,c4) | c3 = mult(c4,c3) | c1 = mult(c4,c3) <- (4, 6) [forward demodulation 1384,442]
2171. c3 = mult(c1,i(c2)) <- (9, 40) [superposition 338,1799]
2222. e = mult(c1,c1) <- (37) [superposition 12,565]
2252. c2 = mult(c4,c3) <- (6, 28) [forward demodulation 232,84]
2254. c2 = mult(c3,c4) | mult(c3,c4) = X0 | c3 = X0 | c1 = X0 | c2 = X0 | c1 = mult(c4,c3) <- (4, 6, ~26) [forward subsumption resolution 2098,2091]
2287. c4 != mult(c4,c3) <- (6, ~32) [forward demodulation 262,84]
2293. c2 = mult(c3,c4) | c3 = mult(c4,c3) | c1 = mult(c4,c3) <- (4, 6, ~21) [forward subsumption resolution 2146,510]
2298. 41 <=> ! [X0] : (mult(c3,c4) = X0 | c1 = X0 | c2 = X0 | c3 = X0) [avatar definition]
2299. mult(c3,c4) = X0 | c1 = X0 | c2 = X0 | c3 = X0 <- (41) [avatar component clause 2298]
2301. 42 <=> c2 = mult(c3,c4) [avatar definition]
2302. c2 != mult(c3,c4) <- (~42) [avatar component clause 2301]
2303. c2 = mult(c3,c4) <- (42) [avatar component clause 2301]
2305. c1 = mult(c3,c4) | c2 = mult(c3,c4) | mult(c3,c4) = X0 | c3 = X0 | c1 = X0 | c2 = X0 <- (4, 6, ~26) [forward demodulation 2254,442]
2308. c3 = mult(c3,c4) | c2 = mult(c3,c4) | c1 = mult(c4,c3) <- (4, 6, ~21) [forward demodulation 2293,442]
2312. c2 = mult(c3,c4) | mult(c3,c4) = X0 | c3 = X0 | c1 = X0 | c2 = X0 <- (4, 6, ~24, ~26) [forward subsumption resolution 2305,1142]
2314. c2 = mult(c3,c4) | c1 = mult(c4,c3) <- (4, 6, ~21, ~26) [forward subsumption resolution 2308,2091]
2316. 41 | 42 | ~4 | ~6 | 24 | 26 [avatar split clause 2312,207,185,82,73,2301,2298]
2317. c1 = mult(c3,c4) | c2 = mult(c3,c4) <- (4, 6, ~21, ~26) [forward demodulation 2314,442]
2319. c2 = mult(c3,c4) <- (4, 6, ~21, ~24, ~26) [forward subsumption resolution 2317,1142]
2321. 42 | ~4 | ~6 | 21 | 24 | 26 [avatar split clause 2319,207,185,164,82,73,2301]
2590. 45 <=> ! [X0] : mult(X0,c3) = X0 [avatar definition]
2591. mult(X0,c3) = X0 <- (45) [avatar component clause 2590]
2595. 46 <=> ! [X0,X1] : (mult(X1,X0) = X1 | c2 = X0 | c1 = X0 | c3 = X0) [avatar definition]
2596. mult(X1,X0) = X1 | c2 = X0 | c1 = X0 | c3 = X0 <- (46) [avatar component clause 2595]
2648. e != c2 | c2 = i(c1) | c3 = i(c1) | c1 = i(c1) <- (1, ~27) [superposition 1163,45]
2830. mult(op_a,e) = mult(c4,mult(op_a,c4)) | c2 = i(c4) | c3 = i(c4) | c1 = i(c4) <- (4) [superposition 276,45]
2873. mult(op_a,e) = mult(c4,mult(c4,op_a)) | c2 = i(c4) | c3 = i(c4) | c1 = i(c4) <- (4) [forward demodulation 2830,74]
2989. 47 <=> c1 = i(c4) [avatar definition]
2990. c1 != i(c4) <- (~47) [avatar component clause 2989]
2991. c1 = i(c4) <- (47) [avatar component clause 2989]
2993. 48 <=> c3 = i(c4) [avatar definition]
2994. c3 != i(c4) <- (~48) [avatar component clause 2993]
2995. c3 = i(c4) <- (48) [avatar component clause 2993]
2997. 49 <=> c2 = i(c4) [avatar definition]
2998. c2 != i(c4) <- (~49) [avatar component clause 2997]
2999. c2 = i(c4) <- (49) [avatar component clause 2997]
3001. 50 <=> c3 = mult(c2,c4) [avatar definition]
3002. c3 != mult(c2,c4) <- (~50) [avatar component clause 3001]
3003. c3 = mult(c2,c4) <- (50) [avatar component clause 3001]
3055. c4 = mult(c1,i(c2)) <- (9, 49) [superposition 338,2999]
3057. e = mult(c4,c2) <- (49) [superposition 12,2999]
3060. c1 = mult(c4,c2) <- (9, 49) [forward demodulation 3057,97]
3062. c3 = c4 <- (9, 40, 49) [forward demodulation 3055,2171]
3065. 34 | ~9 | ~49 [avatar split clause 3060,2997,95,383]
3066. $false <- (9, 40, 49) [forward subsumption resolution 3062,22]
3067. ~9 | ~40 | ~49 [avatar contradiction clause 3066]
3092. mult(X0,c1) = mult(c1,i(i(X0))) <- (9) [superposition 337,145]
3138. mult(X0,c1) = mult(c1,X0) <- (9) [forward demodulation 3092,1405]
3168. mult(c1,X0) = X0 <- (9) [forward demodulation 3138,145]
3209. c4 = mult(c1,i(c1)) <- (9, 47) [superposition 338,2991]
3216. e = c4 <- (9, 47) [forward demodulation 3209,12]
3222. c1 = c4 <- (9, 47) [forward demodulation 3216,97]
3227. $false <- (9, 47) [forward subsumption resolution 3222,19]
3228. ~9 | ~47 [avatar contradiction clause 3227]
3234. c3 = mult(c1,c4) <- (1, 25) [forward demodulation 204,63]
3308. 51 <=> c3 = mult(c3,mult(c4,c4)) [avatar definition]
3309. c3 != mult(c3,mult(c4,c4)) <- (~51) [avatar component clause 3308]
3310. c3 = mult(c3,mult(c4,c4)) <- (51) [avatar component clause 3308]
3404. i(X0) != c1 | c2 = X0 | c3 = X0 | c1 = X0 <- (~47) [superposition 2990,16]
3639. c4 = mult(c1,i(c3)) <- (9, 48) [superposition 338,2995]
3646. c4 = i(c3) <- (9, 48) [forward demodulation 3639,3168]
3969. i(X0) != c3 | c2 = X0 | c3 = X0 | c1 = X0 <- (~48) [superposition 2994,16]
4229. i(X0) != c2 | c2 = X0 | c3 = X0 | c1 = X0 <- (~49) [superposition 2998,16]
4686. e = mult(c4,c4) | c3 = X0 | c2 = X0 | c1 = X0 | i(X0) = c2 | i(X0) = c3 | i(X0) = c1 [superposition 1830,45]
4734. e = mult(X0,mult(c4,i(mult(X0,X1)))) | c3 = X1 | c2 = X1 | c1 = X1 [superposition 29,1830]
4767. mult(op_a,op_b) != mult(c4,op_a) | op_b = c3 | op_b = c2 | op_b = c1 [superposition 15,1830]
4807. e = c3 | c2 = i(c2) | c3 = i(c2) | c1 = i(c2) <- (50) [superposition 3003,45]
4813. mult(c3,X0) = mult(c2,mult(c4,X0)) <- (50) [superposition 14,3003]
4814. e = mult(c2,mult(c4,i(c3))) <- (50) [superposition 29,3003]
4823. e = mult(c2,mult(c4,c2)) <- (40, 50) [forward demodulation 4814,1799]
4826. e = mult(c3,c2) <- (40, 50) [forward demodulation 4823,4813]
4991. op_a != mult(op_a,c1) <- (1, 9) [forward demodulation 402,3168]
4992. c3 != mult(op_b,c1) <- (5, ~15) [forward demodulation 120,80]
5031. mult(op_a,e) = mult(c4,mult(c4,op_a)) | c3 = i(c4) | c1 = i(c4) <- (4, ~49) [forward subsumption resolution 2873,2998]
5040. c3 != mult(c4,c1) <- (5, ~26) [forward demodulation 208,80]
5135. e = mult(c4,c4) | c3 = X0 | c2 = X0 | c1 = X0 | i(X0) = c3 | i(X0) = c1 <- (~49) [forward subsumption resolution 4686,4229]
5149. c1 = c3 | c2 = i(c2) | c3 = i(c2) | c1 = i(c2) <- (9, 50) [forward demodulation 4807,97]
5164. $false <- (1, 9) [forward subsumption resolution 4991,145]
5165. ~1 | ~9 [avatar contradiction clause 5164]
5166. op_b != c3 <- (5, 9, ~15) [forward demodulation 4992,145]
5200. mult(op_a,e) = mult(c4,mult(c4,op_a)) | c1 = i(c4) <- (4, ~48, ~49) [forward subsumption resolution 5031,2994]
5255. e = mult(c4,c4) | c3 = X0 | c2 = X0 | c1 = X0 | i(X0) = c1 <- (~48, ~49) [forward subsumption resolution 5135,3969]
5259. c2 = i(c2) | c3 = i(c2) | c1 = i(c2) <- (9, 50) [forward subsumption resolution 5149,18]
5291. mult(op_a,e) = mult(c4,mult(c4,op_a)) <- (4, ~47, ~48, ~49) [forward subsumption resolution 5200,2990]
5323. e = mult(c4,c4) | c3 = X0 | c2 = X0 | c1 = X0 <- (~47, ~48, ~49) [forward subsumption resolution 5255,3404]
5326. 52 <=> c1 = i(c2) [avatar definition]
5327. c1 != i(c2) <- (~52) [avatar component clause 5326]
5328. c1 = i(c2) <- (52) [avatar component clause 5326]
5330. 53 <=> c3 = i(c2) [avatar definition]
5331. c3 != i(c2) <- (~53) [avatar component clause 5330]
5332. c3 = i(c2) <- (53) [avatar component clause 5330]
5334. 54 <=> c2 = i(c2) [avatar definition]
5335. c2 != i(c2) <- (~54) [avatar component clause 5334]
5336. c2 = i(c2) <- (54) [avatar component clause 5334]
5338. 52 | 53 | 54 | ~9 | ~50 [avatar split clause 5259,3001,95,5334,5330,5326]
5374. c1 = mult(c4,c4) | c3 = X0 | c2 = X0 | c1 = X0 <- (9, ~47, ~48, ~49) [forward demodulation 5323,97]
5394. 55 <=> ! [X0] : (c3 = X0 | c1 = X0 | c2 = X0) [avatar definition]
5395. c3 = X0 | c1 = X0 | c2 = X0 <- (55) [avatar component clause 5394]
5397. 56 <=> c1 = mult(c4,c4) [avatar definition]
5398. c1 != mult(c4,c4) <- (~56) [avatar component clause 5397]
5399. c1 = mult(c4,c4) <- (56) [avatar component clause 5397]
5401. 55 | 56 | ~9 | 47 | 48 | 49 [avatar split clause 5374,2997,2993,2989,95,5397,5394]
5578. c4 = mult(c1,c4) <- (1, 8, 22) [forward demodulation 1953,1077]
5582. mult(c1,c1) != mult(c1,c1) <- (1, 5) [forward demodulation 402,80]
5583. $false <- (1, 5) [trivial inequality removal 5582]
5584. ~1 | ~5 [avatar contradiction clause 5583]
5654. c2 = mult(c4,c4) | c3 = X0 | c2 = X0 | c1 = X0 <- (11, ~47, ~48, ~49) [forward demodulation 5323,105]
5738. 58 <=> c2 = mult(c4,c4) [avatar definition]
5739. c2 != mult(c4,c4) <- (~58) [avatar component clause 5738]
5740. c2 = mult(c4,c4) <- (58) [avatar component clause 5738]
5742. 55 | 58 | ~11 | 47 | 48 | 49 [avatar split clause 5654,2997,2993,2989,103,5738,5394]
5925. mult(c1,c4) != mult(c4,c1) <- (1, ~8) [forward demodulation 92,63]
5945. c4 != mult(c1,c4) <- (1, ~8, 22) [forward demodulation 5925,1077]
5992. mult(c1,X0) = mult(c1,mult(op_a,X0)) <- (1, 14) [superposition 14,360]
5994. mult(c4,op_a) = mult(X0,c1) | c2 = mult(X0,c1) | c3 = mult(X0,c1) | c1 = mult(X0,c1) <- (1, 14) [superposition 46,360]
6020. c3 = mult(c1,c1) <- (10, 37) [forward demodulation 2222,101]
6037. mult(X0,c3) = X0 <- (10) [superposition 13,101]
6040. 45 | ~10 [avatar split clause 6037,99,2590]
6063. mult(e,X0) = mult(c2,mult(c1,X0)) <- (52) [superposition 24,5328]
6103. mult(op_a,c2) = mult(c4,mult(op_a,op_a)) <- (4, 28) [superposition 276,232]
6104. mult(c2,X0) = mult(c4,mult(op_a,X0)) <- (28) [superposition 14,232]
6110. mult(c2,op_a) = mult(op_a,c2) <- (4, 28) [forward demodulation 6103,6104]
6140. c3 = c4 <- (1, 17, 19) [superposition 433,415]
6155. $false <- (1, 17, 19) [forward subsumption resolution 6140,22]
6156. ~1 | ~17 | ~19 [avatar contradiction clause 6155]
6207. mult(c1,e) = mult(c1,i(op_a)) <- (1, 14) [superposition 5992,12]
6241. c1 = mult(c1,i(op_a)) <- (1, 14) [forward demodulation 6207,13]
6253. c3 != mult(op_a,c1) <- (1, ~19) [forward demodulation 156,63]
6268. mult(c1,c4) = mult(c1,c1) <- (1, 14, 17) [superposition 5992,415]
6274. c3 = mult(c1,c4) <- (1, 10, 14, 17, 37) [forward demodulation 6268,6020]
6276. $false <- (1, 10, 14, 17, ~25, 37) [forward subsumption resolution 6274,1144]
6277. ~1 | ~10 | ~14 | ~17 | 25 | ~37 [avatar contradiction clause 6276]
6279. c2 = mult(op_a,c1) <- (1, 20) [forward demodulation 161,63]
6344. c3 = mult(c1,op_a) <- (1, 15) [forward demodulation 121,63]
6349. c3 = mult(c1,c4) <- (1, 25) [forward demodulation 204,63]
6355. c1 = c3 <- (1, 23, 25) [forward demodulation 6349,364]
6360. $false <- (1, 23, 25) [forward subsumption resolution 6355,18]
6361. ~1 | ~23 | ~25 [avatar contradiction clause 6360]
6410. mult(c1,c2) = mult(c1,c1) <- (1, 14, 20) [superposition 5992,6279]
6460. mult(X1,X0) = mult(e,mult(i(i(X1)),X0)) [forward demodulation 313,23]
6461. mult(e,i(i(X0))) = X0 [forward demodulation 311,13]
6463. mult(X0,mult(X1,i(mult(e,X1)))) = X0 [forward demodulation 470,13]
6464. mult(e,mult(X0,i(mult(i(X1),X0)))) = X1 [forward demodulation 468,13]
6466. e = mult(c1,c2) <- (1, 14, 20, 37) [forward demodulation 6410,2222]
6487. op_a = mult(c4,op_a) <- (4, 12) [superposition 108,74]
6490. c2 = c3 <- (12, 42) [superposition 108,2303]
6498. mult(X0,X1) = mult(X0,mult(c4,X1)) <- (12) [superposition 14,108]
6523. $false <- (12, 42) [forward subsumption resolution 6490,20]
6524. ~12 | ~42 [avatar contradiction clause 6523]
6537. c1 = c2 | c4 = mult(c4,op_a) | c3 = mult(op_a,c4) | c1 = mult(op_a,c4) <- (4, 24) [forward demodulation 277,187]
6542. mult(c4,op_a) = mult(op_a,e) <- (4, 13, ~47, ~48, ~49) [forward demodulation 5291,112]
6548. c4 = mult(c4,op_a) | c3 = mult(op_a,c4) | c1 = mult(op_a,c4) <- (4, 24) [forward subsumption resolution 6537,17]
6549. op_a = mult(c4,op_a) <- (4, 13, ~47, ~48, ~49) [forward demodulation 6542,13]
6554. c1 = c4 | c3 = mult(op_a,c4) | c1 = mult(op_a,c4) <- (4, 24) [forward demodulation 6548,187]
6555. op_a = c1 <- (4, 13, 24, ~47, ~48, ~49) [forward demodulation 6549,187]
6556. c3 = mult(op_a,c4) | c1 = mult(op_a,c4) <- (4, 24) [forward subsumption resolution 6554,19]
6557. $false <- (4, ~5, 13, 24, ~47, ~48, ~49) [forward subsumption resolution 6555,79]
6558. ~4 | 5 | ~13 | ~24 | 47 | 48 | 49 [avatar contradiction clause 6557]
6559. c3 = mult(c4,op_a) | c1 = mult(op_a,c4) <- (4, 24) [forward demodulation 6556,74]
6560. c1 = c3 | c1 = mult(op_a,c4) <- (4, 24) [forward demodulation 6559,187]
6561. c1 = mult(op_a,c4) <- (4, 24) [forward subsumption resolution 6560,18]
6583. op_a = c4 <- (12, 21) [forward demodulation 165,108]
6592. mult(c4,op_b) != mult(op_b,c4) <- (12, 21) [superposition 15,6583]
6606. op_b != mult(c4,op_b) <- (12, 21) [forward demodulation 6592,108]
6679. c2 = mult(e,i(c1)) <- (52) [superposition 6461,5328]
6680. c1 = mult(e,i(c1)) <- (37) [superposition 6461,565]
6685. mult(e,i(c4)) = X0 | i(X0) = c2 | i(X0) = c3 | i(X0) = c1 [superposition 6461,16]
6697. mult(X1,X0) = mult(X1,i(i(X0))) [superposition 23,6461]
6703. c1 = mult(e,c1) <- (37) [forward demodulation 6680,565]
6704. c2 = mult(e,c1) <- (37, 52) [forward demodulation 6679,565]
6705. c1 = c2 <- (37, 52) [forward demodulation 6704,6703]
6706. $false <- (37, 52) [forward subsumption resolution 6705,17]
6707. ~37 | ~52 [avatar contradiction clause 6706]
6722. mult(X0,e) = mult(X0,i(c4)) <- (13) [superposition 112,12]
6776. mult(X0,i(c4)) = X0 <- (13) [forward demodulation 6722,13]
6810. mult(X1,mult(i(i(X0)),i(X0))) = X1 [superposition 6463,6461]
6835. mult(X2,mult(X0,mult(X1,i(mult(e,mult(X0,X1)))))) = X2 [superposition 6463,14]
6857. mult(e,i(mult(e,i(X0)))) = X0 [superposition 24,6463]
6860. mult(X0,X2) = mult(X0,mult(mult(X1,i(mult(e,X1))),X2)) [superposition 14,6463]
6861. e = mult(X0,mult(mult(X1,i(mult(e,X1))),i(X0))) [superposition 29,6463]
6880. e = mult(X0,mult(X1,mult(i(mult(e,X1)),i(X0)))) [forward demodulation 6861,14]
6881. mult(X0,X2) = mult(X0,mult(X1,mult(i(mult(e,X1)),X2))) [forward demodulation 6860,14]
6959. mult(e,e) = mult(X0,mult(X1,i(mult(i(i(X0)),X1)))) [superposition 6460,29]
6970. mult(X0,X1) = mult(e,c4) | c2 = mult(i(i(X0)),X1) | c3 = mult(i(i(X0)),X1) | c1 = mult(i(i(X0)),X1) [superposition 6460,16]
7000. e = mult(X0,mult(X1,i(mult(i(i(X0)),X1)))) [forward demodulation 6959,13]
7057. mult(e,mult(X0,mult(X1,i(mult(i(X2),mult(X0,X1)))))) = X2 [superposition 6464,14]
7075. mult(X1,i(mult(i(X0),i(i(X1))))) = X0 [superposition 6460,6464]
7076. mult(X1,mult(mult(X2,i(mult(i(X0),X2))),i(X0))) = X1 [superposition 6463,6464]
7077. mult(X1,X0) = mult(X1,mult(X2,i(mult(i(X0),X2)))) [superposition 23,6464]
7083. e = mult(e,mult(mult(X1,i(mult(i(X0),X1))),i(X0))) [superposition 29,6464]
7086. e = mult(e,mult(X1,mult(i(mult(i(X0),X1)),i(X0)))) [forward demodulation 7083,14]
7091. mult(X1,mult(X2,mult(i(mult(i(X0),X2)),i(X0)))) = X1 [forward demodulation 7076,14]
7092. mult(X1,i(mult(i(X0),X1))) = X0 [forward demodulation 7075,6697]
7196. mult(X1,e) = mult(e,i(mult(X0,i(mult(X1,X0))))) [superposition 320,29]
7198. mult(X2,mult(e,X0)) = mult(e,mult(i(mult(X1,i(mult(X2,X1)))),X0)) [superposition 320,320]
7201. mult(X1,X0) = mult(e,i(mult(i(X0),i(mult(X1,e))))) [superposition 320,6464]
7233. mult(e,mult(e,X0)) = mult(X1,mult(X2,mult(i(mult(i(i(X1)),X2)),X0))) [superposition 6460,320]
7253. mult(e,X0) = mult(X1,mult(X2,mult(i(mult(i(i(X1)),X2)),X0))) [forward demodulation 7233,23]
7268. mult(X1,X0) = mult(e,i(mult(i(X0),i(X1)))) [forward demodulation 7201,13]
7269. mult(X2,X0) = mult(e,mult(i(mult(X1,i(mult(X2,X1)))),X0)) [forward demodulation 7198,23]
7270. mult(e,i(mult(X0,i(mult(X1,X0))))) = X1 [forward demodulation 7196,13]
7353. e = c4 <- (13) [superposition 12,6776]
7360. mult(X0,i(X0)) = mult(e,i(c4)) <- (13) [superposition 24,6776]
7656. mult(c4,mult(X0,i(mult(i(X1),X0)))) = X1 <- (13) [superposition 6464,7353]
7657. mult(c4,X1) = X1 <- (13) [forward demodulation 7656,7077]
7707. mult(X1,X0) = X1 | c3 = mult(X0,mult(e,c4)) | c2 = mult(X0,mult(e,c4)) | c1 = mult(X0,mult(e,c4)) [superposition 6463,1688]
7723. e = c3 | mult(c4,i(i(X0))) = X0 | mult(X0,i(X0)) = c2 | mult(X0,i(X0)) = c1 [superposition 12,1688]
7736. e = c3 | mult(c4,i(mult(X1,i(mult(X0,X1))))) = X0 | c2 = mult(X0,mult(X1,i(mult(X0,X1)))) | c1 = mult(X0,mult(X1,i(mult(X0,X1)))) [superposition 29,1688]
7767. mult(c4,i(mult(X1,i(mult(X0,X1))))) = X0 | c2 = mult(X0,mult(X1,i(mult(X0,X1)))) | c1 = mult(X0,mult(X1,i(mult(X0,X1)))) <- (~10) [forward subsumption resolution 7736,100]
7778. mult(c4,i(i(X0))) = X0 | mult(X0,i(X0)) = c2 | mult(X0,i(X0)) = c1 <- (~10) [forward subsumption resolution 7723,100]
7795. i(mult(X1,i(mult(X0,X1)))) = X0 | c2 = mult(X0,mult(X1,i(mult(X0,X1)))) | c1 = mult(X0,mult(X1,i(mult(X0,X1)))) <- (~10, 13) [forward demodulation 7767,7657]
7806. i(i(X0)) = X0 | mult(X0,i(X0)) = c2 | mult(X0,i(X0)) = c1 <- (~10, 13) [forward demodulation 7778,7657]
7822. e = c2 | i(mult(X1,i(mult(X0,X1)))) = X0 | c1 = mult(X0,mult(X1,i(mult(X0,X1)))) <- (~10, 13) [forward demodulation 7795,29]
7832. e = c2 | i(i(X0)) = X0 | mult(X0,i(X0)) = c1 <- (~10, 13) [forward demodulation 7806,12]
7841. i(mult(X1,i(mult(X0,X1)))) = X0 | c1 = mult(X0,mult(X1,i(mult(X0,X1)))) <- (~10, ~11, 13) [forward subsumption resolution 7822,104]
7848. i(i(X0)) = X0 | mult(X0,i(X0)) = c1 <- (~10, ~11, 13) [forward subsumption resolution 7832,104]
7852. e = c1 | i(mult(X1,i(mult(X0,X1)))) = X0 <- (~10, ~11, 13) [forward demodulation 7841,29]
7856. e = c1 | i(i(X0)) = X0 <- (~10, ~11, 13) [forward demodulation 7848,12]
7860. i(mult(X1,i(mult(X0,X1)))) = X0 <- (~9, ~10, ~11, 13) [forward subsumption resolution 7852,96]
7862. i(i(X0)) = X0 <- (~9, ~10, ~11, 13) [forward subsumption resolution 7856,96]
7881. mult(X0,X1) = mult(e,mult(X0,X1)) <- (~9, ~10, ~11, 13) [superposition 6460,7862]
7883. e = mult(i(X0),X0) <- (~9, ~10, ~11, 13) [superposition 12,7862]
7887. i(X0) = mult(e,i(X0)) <- (~9, ~10, ~11, 13) [superposition 6461,7862]
7893. c4 = mult(i(X0),X0) <- (~9, ~10, ~11, 13) [forward demodulation 7883,7353]
7911. c1 = mult(e,mult(X0,i(mult(c2,X0)))) <- (35) [superposition 6464,557]
7961. mult(X0,X1) = mult(e,c4) | c3 = mult(X0,X1) | c2 = mult(X0,X1) | c1 = mult(X0,X1) [superposition 51,6460]
8056. mult(op_a,op_b) != mult(op_b,c4) | c3 = mult(e,op_a) | c2 = mult(e,op_a) | c1 = mult(e,op_a) [superposition 15,51]
8080. c3 = X1 | mult(X2,c4) = mult(X2,mult(X0,i(mult(i(X1),X0)))) | c2 = mult(e,mult(X0,i(mult(i(X1),X0)))) | c1 = mult(e,mult(X0,i(mult(i(X1),X0)))) [superposition 6464,51]
8082. e = mult(e,mult(X0,i(c3))) | mult(X1,X0) = mult(X1,c4) | c2 = mult(e,X0) | c1 = mult(e,X0) [superposition 29,51]
8136. mult(X2,c4) = mult(X2,X1) | c3 = X1 | c2 = mult(e,mult(X0,i(mult(i(X1),X0)))) | c1 = mult(e,mult(X0,i(mult(i(X1),X0)))) [forward demodulation 8080,7077]
8320. c3 = c4 <- (13, 45) [superposition 7657,2591]
8331. op_a != c3 <- (13, ~26) [superposition 208,7657]
8347. c4 = i(c4) <- (13) [superposition 6776,7657]
8384. $false <- (13, 45) [forward subsumption resolution 8320,22]
8385. ~13 | ~45 [avatar contradiction clause 8384]
8401. 13 | ~12 [avatar split clause 6498,107,111]
8458. c1 = mult(c2,mult(X0,i(mult(c2,X0)))) <- (11, 35) [forward demodulation 7911,105]
8503. e = c1 <- (11, 35) [forward demodulation 8458,29]
8537. $false <- (~9, 11, 35) [forward subsumption resolution 8503,96]
8538. 9 | ~11 | ~35 [avatar contradiction clause 8537]
8622. c2 = X1 | mult(X2,c4) = mult(X2,X1) | c3 = X1 | c1 = mult(e,mult(X0,i(mult(i(X1),X0)))) [forward demodulation 8136,6464]
8657. mult(X2,c4) = mult(X2,X1) | c2 = X1 | c1 = X1 | c3 = X1 [forward demodulation 8622,6464]
8714. mult(X0,c2) = X0 <- (11) [superposition 13,105]
8723. mult(c2,mult(X0,i(mult(i(X1),X0)))) = X1 <- (11) [superposition 6464,105]
8726. mult(c2,X1) = X1 <- (11) [forward demodulation 8723,7077]
8774. e = mult(c4,c2) <- (49) [superposition 12,2999]
8786. e = c4 <- (11, 49) [forward demodulation 8774,8714]
8791. c2 = c4 <- (11, 49) [forward demodulation 8786,105]
8797. $false <- (11, 49) [forward subsumption resolution 8791,21]
8798. ~11 | ~49 [avatar contradiction clause 8797]
8850. 29 | ~4 | ~24 [avatar split clause 6561,185,73,248]
8871. ~32 | ~4 | 21 [avatar split clause 513,164,73,260]
8893. c4 = mult(e,i(c3)) <- (48) [superposition 6461,2995]
8898. c4 = mult(c2,i(c3)) <- (11, 48) [forward demodulation 8893,105]
8903. c4 = i(c3) <- (11, 48) [forward demodulation 8898,8726]
8932. c3 != mult(op_a,c1) <- (1, ~19) [forward demodulation 156,63]
8991. e = mult(c4,mult(op_a,i(c3))) <- (26) [superposition 29,209]
9301. c3 = X0 | mult(c4,mult(X2,i(mult(mult(X1,i(mult(e,X1))),X2)))) = X0 | c2 = X0 | c1 = X0 [superposition 1685,6463]
9929. c2 = c3 <- (11, 45) [superposition 8726,2591]
9989. $false <- (11, 45) [forward subsumption resolution 9929,20]
9990. ~11 | ~45 [avatar contradiction clause 9989]
10037. mult(X0,i(X0)) = i(c4) <- (~9, ~10, ~11, 13) [forward demodulation 7360,7887]
10052. op_b != c1 <- (12, ~23) [forward demodulation 181,108]
10141. c4 = mult(c3,c1) <- (1, 6, 17) [forward demodulation 415,84]
10144. c3 != mult(c3,c1) <- (1, 6, ~19) [forward demodulation 8932,84]
10166. mult(X0,i(X0)) = c4 <- (~9, ~10, ~11, 13) [forward demodulation 10037,8347]
10175. $false <- (1, 12, ~23) [forward subsumption resolution 10052,63]
10176. ~1 | ~12 | 23 [avatar contradiction clause 10175]
10522. e = mult(c4,mult(c3,i(c3))) <- (6, 26) [forward demodulation 8991,84]
10617. e = mult(c4,e) <- (6, 26) [forward demodulation 10522,12]
10678. e = c4 <- (6, 26) [forward demodulation 10617,13]
10719. c3 = c4 <- (6, 10, 26) [forward demodulation 10678,101]
10741. $false <- (6, 10, 26) [forward subsumption resolution 10719,22]
10742. ~6 | ~10 | ~26 [avatar contradiction clause 10741]
10816. mult(op_b,c3) != mult(c3,op_b) <- (6) [superposition 15,84]
10824. c1 = mult(c1,c3) <- (1, 6, 14) [superposition 360,84]
10825. c1 != mult(c3,c1) <- (1, 6, ~18) [superposition 416,84]
10827. c1 = mult(c1,i(c3)) <- (1, 6, 14) [superposition 6241,84]
10833. mult(c1,c3) != mult(c3,c1) <- (1, 6) [forward demodulation 10816,63]
10848. mult(c3,mult(X0,i(mult(i(X1),X0)))) = X1 <- (10) [superposition 6464,101]
10851. mult(c3,X1) = X1 <- (10) [forward demodulation 10848,7077]
10867. mult(e,X0) = mult(c1,mult(c2,X0)) <- (35) [superposition 24,557]
10872. c1 = mult(e,mult(X0,i(mult(c2,X0)))) <- (35) [superposition 6464,557]
10978. c3 != mult(c1,X0) | c2 = X0 | c3 = X0 | c1 = X0 <- (1, ~25) [superposition 1144,16]
11031. mult(e,X0) = mult(c3,mult(c3,X0)) <- (39) [superposition 24,1795]
11127. c4 != mult(c3,c1) <- (1, 6, ~17) [forward demodulation 266,84]
11129. c2 = mult(c3,c1) <- (1, 6, 20) [forward demodulation 6279,84]
11132. $false <- (1, 6, 10, ~18) [forward subsumption resolution 10825,10851]
11133. ~1 | ~6 | ~10 | 18 [avatar contradiction clause 11132]
11134. c1 != mult(c1,c3) <- (1, 6, 10) [forward demodulation 10833,10851]
11144. $false <- (1, 6, 10, 45) [forward subsumption resolution 11134,2591]
11145. ~1 | ~6 | ~10 | ~45 [avatar contradiction clause 11144]
11174. c1 != mult(c4,c1) <- (1, 12, 21) [forward demodulation 6606,63]
11198. $false <- (6, 13, ~26) [forward subsumption resolution 8331,84]
11199. ~6 | ~13 | 26 [avatar contradiction clause 11198]
11210. c3 = mult(c3,c1) <- (1, 6, 19) [forward demodulation 433,84]
11330. c1 = mult(X0,i(mult(c2,X0))) <- (~9, ~10, ~11, 13, 35) [forward demodulation 10872,7881]
11352. $false <- (1, 12, 13, 21) [forward subsumption resolution 11174,7657]
11353. ~1 | ~12 | ~13 | ~21 [avatar contradiction clause 11352]
11838. mult(c4,X0) = mult(c1,mult(c2,X0)) <- (6, 26, 35) [forward demodulation 10867,10678]
11841. mult(c4,X0) = mult(c3,mult(c3,X0)) <- (6, 26, 39) [forward demodulation 11031,10678]
11923. mult(c1,mult(c2,X0)) = X0 <- (6, 13, 26, 35) [forward demodulation 11838,7657]
11924. mult(c3,mult(c3,X0)) = X0 <- (6, 13, 26, 39) [forward demodulation 11841,7657]
12164. mult(X0,c4) = X0 <- (6, 26) [superposition 13,10678]
12302. mult(mult(c1,c4),X0) = mult(c4,mult(c1,X0)) <- (1, 8) [superposition 14,1953]
12303. e = mult(c4,mult(c1,i(mult(c1,c4)))) <- (1, 8) [superposition 29,1953]
12311. e = mult(c1,i(mult(c1,c4))) <- (1, 8, 13) [forward demodulation 12303,7657]
12363. e = mult(c3,mult(c1,i(c3))) <- (1, 6, 19) [superposition 29,11210]
12373. e = mult(c3,c1) <- (1, 6, 14, 19) [forward demodulation 12363,10827]
12376. e = c3 <- (1, 6, 14, 19) [forward demodulation 12373,11210]
12379. $false <- (1, 6, ~10, 14, 19) [forward subsumption resolution 12376,100]
12380. ~1 | ~6 | 10 | ~14 | ~19 [avatar contradiction clause 12379]
12495. mult(X0,c1) = mult(X0,mult(c1,c4)) <- (1, 8, 13) [superposition 112,1953]
12561. mult(X0,mult(i(X0),X1)) = mult(e,mult(c4,X1)) <- (13) [superposition 24,112]
12581. mult(X0,mult(i(X0),X1)) = mult(c4,X1) <- (~9, ~10, ~11, 13) [forward demodulation 12561,7881]
12614. mult(X0,mult(i(X0),X1)) = X1 <- (~9, ~10, ~11, 13) [forward demodulation 12581,7657]
12763. mult(op_a,op_b) != c3 | op_b = mult(c4,c4) | mult(op_b,op_a) = c2 | mult(op_b,op_a) = c1 | c2 = i(op_a) | c3 = i(op_a) | c1 = i(op_a) [superposition 15,1682]
13054. mult(op_a,op_b) != X0 | mult(c3,X1) = mult(op_b,mult(op_a,X1)) | c3 = X0 | c1 = X0 | mult(op_b,op_a) = c2 | c2 = X0 | mult(op_b,op_a) = c1 [superposition 15,630]
13210. c1 = mult(c1,c4) <- (1, 8, 13) [superposition 7657,1953]
13549. c4 = mult(c2,c1) <- (~9, ~10, ~11, 13, 35) [superposition 7893,557]
13551. c4 = mult(c3,c3) <- (~9, ~10, ~11, 13, 39) [superposition 7893,1795]
13615. e = mult(i(mult(X0,X1)),mult(X0,mult(X1,i(c4)))) <- (~9, ~10, ~11, 13) [superposition 459,7893]
13626. e = mult(i(mult(X0,X1)),mult(X0,mult(X1,c4))) <- (~9, ~10, ~11, 13) [forward demodulation 13615,8347]
13644. e = mult(i(mult(X0,X1)),mult(X0,X1)) <- (~9, ~10, ~11, 12, 13) [forward demodulation 13626,108]
13653. e = c4 <- (~9, ~10, ~11, 12, 13) [forward demodulation 13644,7893]
14053. mult(c4,X0) = mult(c2,mult(c1,X0)) <- (~9, ~10, ~11, 13, 35) [superposition 14,13549]
14054. e = mult(c2,mult(c1,i(c4))) <- (~9, ~10, ~11, 13, 35) [superposition 29,13549]
14065. e = mult(e,i(c4)) <- (~9, ~10, ~11, 13, 35, 52) [forward demodulation 14054,6063]
14066. mult(c2,mult(c1,X0)) = X0 <- (~9, ~10, ~11, 13, 35) [forward demodulation 14053,7657]
14069. e = i(c4) <- (~9, ~10, ~11, 13, 35, 52) [forward demodulation 14065,7887]
14072. e = c4 <- (~9, ~10, ~11, 13, 35, 52) [forward demodulation 14069,8347]
17249. c4 = mult(c2,c1) <- (~9, ~10, ~11, 13, 52) [superposition 10166,5328]
18219. c2 = mult(c4,i(c1)) <- (6, 26, 52) [superposition 6679,10678]
18305. c2 = i(c1) <- (6, 13, 26, 52) [forward demodulation 18219,7657]
18997. e = mult(c3,mult(c4,mult(c4,i(c3)))) <- (51) [superposition 459,3310]
18999. mult(c3,X0) = mult(c3,mult(mult(c4,c4),X0)) <- (51) [superposition 14,3310]
19024. mult(c3,X0) = mult(c3,mult(c4,mult(c4,X0))) <- (51) [forward demodulation 18999,14]
20541. mult(X1,X0) = X1 | c3 = mult(X2,mult(X3,i(mult(e,c4)))) | c3 = mult(X2,X3) | c1 = mult(X2,X3) | c3 = X0 | c2 = mult(X2,X3) | c1 = X0 | c2 = mult(X2,mult(X3,i(mult(e,c4)))) | c2 = X0 | c1 = mult(X2,mult(X3,i(mult(e,c4)))) [superposition 6463,1098]
21641. c1 = mult(c3,c2) <- (1, 6, 13, 20, 26, 39) [superposition 11924,11129]
22097. c1 = mult(i(c2),i(c4)) <- (~9, ~10, ~11, 13, 35) [superposition 11330,10166]
22233. mult(e,mult(i(mult(c2,i(X0))),i(c1))) = X0 <- (~9, ~10, ~11, 13, 35) [superposition 6464,11330]
22234. mult(X0,c1) = mult(e,i(mult(c2,i(X0)))) <- (~9, ~10, ~11, 13, 35) [superposition 24,11330]
22240. mult(X0,c1) = mult(X0,i(mult(c2,e))) <- (~9, ~10, ~11, 13, 35) [superposition 23,11330]
22276. mult(X0,c1) = mult(X0,i(c2)) <- (~9, ~10, ~11, 13, 35) [forward demodulation 22240,13]
22281. mult(X0,c1) = i(mult(c2,i(X0))) <- (~9, ~10, ~11, 13, 35) [forward demodulation 22234,7887]
22282. mult(i(mult(c2,i(X0))),i(c1)) = X0 <- (~9, ~10, ~11, 13, 35) [forward demodulation 22233,7881]
22300. c1 = mult(i(c2),c4) <- (~9, ~10, ~11, 13, 35) [forward demodulation 22097,8347]
22306. mult(i(mult(c2,i(X0))),c2) = X0 <- (~9, ~10, ~11, 13, 35) [forward demodulation 22282,557]
22320. mult(mult(X0,c1),c2) = X0 <- (~9, ~10, ~11, 13, 35) [forward demodulation 22306,22281]
22327. mult(X0,mult(c1,c2)) = X0 <- (~9, ~10, ~11, 13, 35) [forward demodulation 22320,14]
22380. mult(c3,mult(c3,X0)) = X0 <- (~9, ~10, ~11, 13, 39) [superposition 12614,1795]
23047. c3 != c3 | c1 = c4 | c2 = c4 <- (55) [superposition 22,5395]
23082. c1 = c4 | c2 = c4 <- (55) [trivial inequality removal 23047]
23114. c2 = c4 <- (55) [forward subsumption resolution 23082,19]
23222. $false <- (55) [forward subsumption resolution 23114,21]
23223. ~55 [avatar contradiction clause 23222]
23472. mult(op_b,c3) != mult(c3,op_b) | c3 = X0 | op_a = X0 | c1 = X0 | op_a = c2 | c2 = X0 <- (~5) [forward subsumption resolution 651,79]
23483. op_a = mult(X0,c1) | c2 = mult(X0,c1) | c3 = mult(X0,c1) | c1 = mult(X0,c1) <- (1, 13, 14) [forward demodulation 5994,7657]
23587. mult(X1,X0) = X1 | c3 = X0 | e = c1 | c2 = X0 | e = c2 | c1 = X0 <- (~10) [forward subsumption resolution 737,100]
23849. c3 = mult(X0,c4) | mult(X1,X0) = X1 | c2 = mult(X0,mult(e,c4)) | c1 = mult(X0,mult(e,c4)) [forward demodulation 7707,23]
24408. c3 = X0 | c1 = X0 | c2 = X0 | c3 = X0 <- (12, 41) [forward demodulation 2299,108]
24409. c3 = X0 | c1 = X0 | c2 = X0 <- (12, 41) [duplicate literal removal 24408]
29266. c3 = mult(X2,mult(X3,i(e))) | mult(X1,X0) = X1 | c3 = mult(X2,X3) | c1 = mult(X2,X3) | c3 = X0 | c2 = mult(X2,X3) | c1 = X0 | c2 = mult(X2,mult(X3,i(mult(e,c4)))) | c2 = X0 | c1 = mult(X2,mult(X3,i(mult(e,c4)))) <- (12) [forward demodulation 20541,108]
30607. mult(c1,c3) != mult(c3,c1) | c3 = X0 | op_a = X0 | c1 = X0 | op_a = c2 | c2 = X0 <- (1, ~5) [forward demodulation 23472,63]
30614. c3 = mult(X0,c1) | c2 = mult(X0,c1) | c3 = mult(X0,c1) | c1 = mult(X0,c1) <- (1, 6, 13, 14) [forward demodulation 23483,84]
30615. c3 = mult(X0,c1) | c2 = mult(X0,c1) | c1 = mult(X0,c1) <- (1, 6, 13, 14) [duplicate literal removal 30614]
30694. mult(X1,X0) = X1 | c3 = X0 | c2 = X0 | e = c2 | c1 = X0 <- (~9, ~10) [forward subsumption resolution 23587,96]
31402. 55 | ~12 | ~41 [avatar split clause 24409,2298,107,5394]
33099. 66 <=> ! [X0] : mult(c2,X0) = X0 [avatar definition]
33100. mult(c2,X0) = X0 <- (66) [avatar component clause 33099]
33103. 67 <=> c1 = mult(c2,c2) [avatar definition]
33104. c1 = mult(c2,c2) <- (67) [avatar component clause 33103]
33105. c1 != mult(c2,c2) <- (~67) [avatar component clause 33103]
33108. 68 <=> c3 = mult(c2,c2) [avatar definition]
33109. c3 = mult(c2,c2) <- (68) [avatar component clause 33108]
33110. c3 != mult(c2,c2) <- (~68) [avatar component clause 33108]
33150. 75 <=> ! [X0] : mult(X0,c2) = X0 [avatar definition]
33151. mult(X0,c2) = X0 <- (75) [avatar component clause 33150]
33401. 77 <=> ! [X0] : mult(c3,X0) = X0 [avatar definition]
33402. mult(c3,X0) = X0 <- (77) [avatar component clause 33401]
34591. 84 <=> ! [X0] : (c3 = mult(X0,c3) | c2 = mult(X0,c3) | c1 = mult(X0,c3)) [avatar definition]
34592. c3 = mult(X0,c3) | c2 = mult(X0,c3) | c1 = mult(X0,c3) <- (84) [avatar component clause 34591]
35378. c3 = mult(X2,X3) | mult(X1,X0) = X1 | c3 = mult(X2,X3) | c1 = mult(X2,X3) | c3 = X0 | c2 = mult(X2,X3) | c1 = X0 | c2 = mult(X2,mult(X3,i(mult(e,c4)))) | c2 = X0 | c1 = mult(X2,mult(X3,i(mult(e,c4)))) <- (12) [forward demodulation 29266,39]
35379. c3 = mult(X2,X3) | mult(X1,X0) = X1 | c1 = mult(X2,X3) | c3 = X0 | c2 = mult(X2,X3) | c1 = X0 | c2 = mult(X2,mult(X3,i(mult(e,c4)))) | c2 = X0 | c1 = mult(X2,mult(X3,i(mult(e,c4)))) <- (12) [duplicate literal removal 35378]
36499. mult(X1,X0) = X1 | c3 = X0 | c2 = X0 | c1 = X0 <- (~9, ~10, ~11) [forward subsumption resolution 30694,104]
40090. c2 = mult(X2,mult(X3,i(e))) | c3 = mult(X2,X3) | mult(X1,X0) = X1 | c1 = mult(X2,X3) | c3 = X0 | c2 = mult(X2,X3) | c1 = X0 | c2 = X0 | c1 = mult(X2,mult(X3,i(mult(e,c4)))) <- (12) [forward demodulation 35379,108]
40909. 46 | 9 | 10 | 11 [avatar split clause 36499,103,99,95,2595]
43394. c2 = mult(X2,X3) | c3 = mult(X2,X3) | mult(X1,X0) = X1 | c1 = mult(X2,X3) | c3 = X0 | c2 = mult(X2,X3) | c1 = X0 | c2 = X0 | c1 = mult(X2,mult(X3,i(mult(e,c4)))) <- (12) [forward demodulation 40090,39]
43395. c2 = mult(X2,X3) | c3 = mult(X2,X3) | mult(X1,X0) = X1 | c1 = mult(X2,X3) | c3 = X0 | c1 = X0 | c2 = X0 | c1 = mult(X2,mult(X3,i(mult(e,c4)))) <- (12) [duplicate literal removal 43394]
45482. c1 = mult(X2,mult(X3,i(e))) | c2 = mult(X2,X3) | c3 = mult(X2,X3) | mult(X1,X0) = X1 | c1 = mult(X2,X3) | c3 = X0 | c1 = X0 | c2 = X0 <- (12) [forward demodulation 43395,108]
46812. c1 = mult(X2,X3) | c2 = mult(X2,X3) | c3 = mult(X2,X3) | mult(X1,X0) = X1 | c1 = mult(X2,X3) | c3 = X0 | c1 = X0 | c2 = X0 <- (12) [forward demodulation 45482,39]
46813. c1 = mult(X2,X3) | c2 = mult(X2,X3) | c3 = mult(X2,X3) | mult(X1,X0) = X1 | c3 = X0 | c1 = X0 | c2 = X0 <- (12) [duplicate literal removal 46812]
47638. 127 <=> ! [X1] : (c2 = X1 | c2 != mult(X1,c3) | c3 = X1 | c1 = X1) [avatar definition]
47639. c2 != mult(X1,c3) | c2 = X1 | c3 = X1 | c1 = X1 <- (127) [avatar component clause 47638]
47771. 128 <=> ! [X2,X3] : (c1 = mult(X2,X3) | c3 = mult(X2,X3) | c2 = mult(X2,X3)) [avatar definition]
47772. c3 = mult(X2,X3) | c1 = mult(X2,X3) | c2 = mult(X2,X3) <- (128) [avatar component clause 47771]
47773. 46 | 128 | ~12 [avatar split clause 46813,107,47771,2595]
50236. c3 = mult(e,i(c1)) <- (38) [superposition 6461,1791]
50238. c3 = i(c1) <- (~9, ~10, ~11, 13, 38) [superposition 7862,1791]
50241. c4 = mult(c3,c1) <- (~9, ~10, ~11, 13, 38) [superposition 10166,1791]
50256. $false <- (1, 6, ~9, ~10, ~11, 13, ~17, 38) [forward subsumption resolution 50241,11127]
50257. ~1 | ~6 | 9 | 10 | 11 | ~13 | 17 | ~38 [avatar contradiction clause 50256]
50260. c2 = c3 <- (~9, ~10, ~11, 13, 35, 38) [forward demodulation 50238,557]
50262. c2 = c3 <- (38, 52) [forward demodulation 50236,6679]
50272. $false <- (~9, ~10, ~11, 13, 35, 38) [forward subsumption resolution 50260,20]
50273. 9 | 10 | 11 | ~13 | ~35 | ~38 [avatar contradiction clause 50272]
50276. $false <- (38, 52) [forward subsumption resolution 50262,20]
50277. ~38 | ~52 [avatar contradiction clause 50276]
50904. c3 = c4 | c2 = mult(i(c1),c1) | c1 = mult(i(c1),c1) <- (1, 6, ~9, ~10, ~11, 13, 14) [superposition 7893,30615]
50958. c2 = mult(i(c1),c1) | c1 = mult(i(c1),c1) <- (1, 6, ~9, ~10, ~11, 13, 14) [forward subsumption resolution 50904,22]
50991. c2 = c4 | c1 = mult(i(c1),c1) <- (1, 6, ~9, ~10, ~11, 13, 14) [forward demodulation 50958,7893]
51016. c1 = mult(i(c1),c1) <- (1, 6, ~9, ~10, ~11, 13, 14) [forward subsumption resolution 50991,21]
51033. c1 = c4 <- (1, 6, ~9, ~10, ~11, 13, 14) [forward demodulation 51016,7893]
51039. $false <- (1, 6, ~9, ~10, ~11, 13, 14) [forward subsumption resolution 51033,19]
51040. ~1 | ~6 | 9 | 10 | 11 | ~13 | ~14 [avatar contradiction clause 51039]
51233. c2 = i(c1) | c3 = i(c1) | c1 = i(c1) <- (1, 11, ~27) [forward subsumption resolution 2648,105]
51865. c3 = i(c1) | c1 = i(c1) <- (1, 11, ~27, ~35) [forward subsumption resolution 51233,556]
52378. c3 = i(c1) <- (1, 11, ~27, ~35, ~37) [forward subsumption resolution 51865,564]
52752. 36 | ~1 | ~11 | 27 | 35 | 37 [avatar split clause 52378,563,555,225,103,61,559]
53585. 12 | ~6 | ~26 [avatar split clause 12164,207,82,107]
53612. 144 <=> c1 = mult(c2,c4) [avatar definition]
53613. c1 != mult(c2,c4) <- (~144) [avatar component clause 53612]
53614. c1 = mult(c2,c4) <- (144) [avatar component clause 53612]
53616. 145 <=> c2 = mult(c2,c4) [avatar definition]
53617. c2 != mult(c2,c4) <- (~145) [avatar component clause 53616]
53618. c2 = mult(c2,c4) <- (145) [avatar component clause 53616]
53894. c2 = mult(X0,c4) | c3 = mult(X0,c4) | mult(X1,X0) = X1 | c1 = mult(X0,mult(e,c4)) [forward demodulation 23849,23]
54495. c1 = mult(X0,c4) | c2 = mult(X0,c4) | c3 = mult(X0,c4) | mult(X1,X0) = X1 [forward demodulation 53894,23]
56162. mult(X1,X0) = c2 | c2 = i(X1) | c3 = i(X1) | c1 = i(X1) | c2 = X0 | c3 = X0 | c1 = X0 <- (11) [forward demodulation 523,105]
56163. c3 = mult(c2,X2) | mult(X1,X0) = mult(X1,X2) | c3 = X0 | c1 = mult(e,X2) | c2 = X0 | c2 = mult(e,X2) | c1 = X0 <- (11) [forward demodulation 728,105]
56168. c3 = mult(X2,i(mult(X1,X2))) | mult(X1,X0) = c2 | c3 = X0 | c1 = mult(X2,i(mult(X1,X2))) | c2 = X0 | c2 = mult(X2,i(mult(X1,X2))) | c1 = X0 <- (11) [forward demodulation 719,105]
56174. mult(X2,mult(X0,X1)) = mult(c2,X1) | c3 = i(X2) | c3 = X0 | c1 = i(X2) | c2 = X0 | c2 = i(X2) | c1 = X0 <- (11) [forward demodulation 712,105]
56187. mult(c2,X1) = X2 | mult(X0,X1) = mult(X0,c3) | c3 = X2 | c1 = X2 | c2 = mult(e,X1) | c2 = X2 | c1 = mult(e,X1) <- (11) [forward demodulation 641,105]
57274. c3 = mult(X1,i(mult(X0,X1))) | c2 = mult(X1,i(mult(X0,X1))) | c2 = mult(X0,c4) | c1 = mult(X1,i(mult(X0,X1))) <- (11) [forward demodulation 460,105]
57325. mult(X0,X1) = mult(c2,c4) | c3 = mult(X0,X1) | c2 = mult(X0,X1) | c1 = mult(X0,X1) <- (11) [forward demodulation 7961,105]
57454. mult(c1,mult(c4,X0)) = mult(c4,mult(c1,X0)) <- (1, 8) [forward demodulation 12302,14]
57456. e = mult(c3,mult(c4,mult(c4,c3))) <- (39, 51) [forward demodulation 18997,1795]
57493. c2 = mult(c2,X2) | mult(X1,mult(c4,X0)) = mult(X1,mult(X2,X0)) | c3 = mult(e,X2) | c1 = mult(e,X2) <- (11) [forward demodulation 1109,105]
57495. c2 = mult(c4,i(mult(X0,X1))) | c2 = mult(X0,X1) | c3 = mult(X0,X1) | c1 = mult(X0,X1) <- (11) [forward demodulation 1104,105]
57598. mult(c4,mult(X2,i(mult(X1,mult(i(mult(e,X1)),X2))))) = X0 | c3 = X0 | c2 = X0 | c1 = X0 [forward demodulation 9301,14]
57834. 158 <=> c3 = mult(c4,c4) [avatar definition]
57835. c3 = mult(c4,c4) <- (158) [avatar component clause 57834]
57836. c3 != mult(c4,c4) <- (~158) [avatar component clause 57834]
58112. 162 <=> ! [X1] : (c1 != mult(c4,X1) | c2 = X1 | c1 = X1 | c3 = X1) [avatar definition]
58113. c1 != mult(c4,X1) | c2 = X1 | c1 = X1 | c3 = X1 <- (162) [avatar component clause 58112]
58596. 181 <=> ! [X3] : mult(c3,X3) = mult(c4,mult(c4,X3)) [avatar definition]
58597. mult(c3,X3) = mult(c4,mult(c4,X3)) <- (181) [avatar component clause 58596]
58862. 198 <=> c3 = mult(c3,c3) [avatar definition]
58863. c3 != mult(c3,c3) <- (~198) [avatar component clause 58862]
58864. c3 = mult(c3,c3) <- (198) [avatar component clause 58862]
58877. c2 = mult(X1,mult(X2,mult(X0,i(mult(c4,X0))))) | c2 = mult(X1,X2) | c3 = mult(X1,X2) | c1 = mult(X1,X2) <- (11) [forward demodulation 1675,105]
58926. 199 <=> c4 = mult(c4,c4) [avatar definition]
58927. c4 != mult(c4,c4) <- (~199) [avatar component clause 58926]
58928. c4 = mult(c4,c4) <- (199) [avatar component clause 58926]
59117. c1 = mult(c2,X2) | c3 = mult(c2,X2) | mult(X1,X0) = mult(X1,X2) | c3 = X0 | c2 = X0 | c2 = mult(e,X2) | c1 = X0 <- (11) [forward demodulation 56163,105]
59125. c2 = mult(c2,X1) | mult(c2,X1) = X2 | mult(X0,X1) = mult(X0,c3) | c3 = X2 | c1 = X2 | c2 = X2 | c1 = mult(e,X1) <- (11) [forward demodulation 56187,105]
59590. c2 = mult(X0,X1) | c3 = mult(X0,X1) | c2 = mult(X0,X1) | c1 = mult(X0,X1) <- (11, 145) [forward demodulation 57325,53618]
59591. c2 = mult(X0,X1) | c3 = mult(X0,X1) | c1 = mult(X0,X1) <- (11, 145) [duplicate literal removal 59590]
59699. e = mult(c3,c3) <- (39, 51) [forward demodulation 57456,19024]
59730. c3 = mult(c2,X2) | c2 = mult(c2,X2) | mult(X1,mult(c4,X0)) = mult(X1,mult(X2,X0)) | c1 = mult(e,X2) <- (11) [forward demodulation 57493,105]
60447. mult(X1,X0) = mult(X1,X2) | c3 = mult(c2,X2) | c1 = mult(c2,X2) | c2 = mult(c2,X2) | c3 = X0 | c2 = X0 | c1 = X0 <- (11) [forward demodulation 59117,105]
60455. mult(X0,X1) = mult(X0,c3) | c2 = mult(c2,X1) | mult(c2,X1) = X2 | c1 = mult(c2,X1) | c3 = X2 | c1 = X2 | c2 = X2 <- (11) [forward demodulation 59125,105]
60757. 128 | ~11 | ~145 [avatar split clause 59591,53616,103,47771]
60855. mult(X1,mult(c4,X0)) = mult(X1,mult(X2,X0)) | c3 = mult(c2,X2) | c2 = mult(c2,X2) | c1 = mult(c2,X2) <- (11) [forward demodulation 59730,105]
62595. 242 <=> c3 = mult(c4,c2) [avatar definition]
62596. c3 != mult(c4,c2) <- (~242) [avatar component clause 62595]
62597. c3 = mult(c4,c2) <- (242) [avatar component clause 62595]
62618. c1 = c3 <- (47, 48) [forward demodulation 2995,2991]
62620. c1 = c2 <- (56, 58) [forward demodulation 5740,5399]
62624. c1 = c3 <- (56, 158) [forward demodulation 57835,5399]
62626. c1 = c4 <- (56, 199) [forward demodulation 58928,5399]
62645. c3 = mult(X0,X1) | c3 = mult(X0,X1) | c2 = mult(X0,X1) | c1 = mult(X0,X1) <- (11, 50) [forward demodulation 57325,3003]
62646. c3 = mult(X0,X1) | c2 = mult(X0,X1) | c1 = mult(X0,X1) <- (11, 50) [duplicate literal removal 62645]
62664. $false <- (47, 48) [forward subsumption resolution 62618,18]
62665. ~47 | ~48 [avatar contradiction clause 62664]
62668. $false <- (56, 58) [forward subsumption resolution 62620,17]
62669. ~56 | ~58 [avatar contradiction clause 62668]
62671. $false <- (56, 158) [forward subsumption resolution 62624,18]
62672. ~56 | ~158 [avatar contradiction clause 62671]
62673. $false <- (56, 199) [forward subsumption resolution 62626,19]
62674. ~56 | ~199 [avatar contradiction clause 62673]
62689. 128 | ~11 | ~50 [avatar split clause 62646,3001,103,47771]
62740. c2 = c3 <- (58, 158) [forward demodulation 57835,5740]
62763. c1 = mult(X0,X1) | c3 = mult(X0,X1) | c2 = mult(X0,X1) | c1 = mult(X0,X1) <- (11, 144) [forward demodulation 57325,53614]
62764. c1 = mult(X0,X1) | c3 = mult(X0,X1) | c2 = mult(X0,X1) <- (11, 144) [duplicate literal removal 62763]
62789. c2 = mult(X0,mult(X1,i(c4))) | c2 = mult(X0,X1) | c3 = mult(X0,X1) | c1 = mult(X0,X1) <- (11) [forward demodulation 457,105]
62900. $false <- (58, 158) [forward subsumption resolution 62740,20]
62901. ~58 | ~158 [avatar contradiction clause 62900]
62917. 128 | ~11 | ~144 [avatar split clause 62764,53612,103,47771]
63186. 246 <=> c2 = mult(c3,c3) [avatar definition]
63187. c2 != mult(c3,c3) <- (~246) [avatar component clause 63186]
63188. c2 = mult(c3,c3) <- (246) [avatar component clause 63186]
63190. 247 <=> c1 = mult(c3,c3) [avatar definition]
63191. c1 != mult(c3,c3) <- (~247) [avatar component clause 63190]
63192. c1 = mult(c3,c3) <- (247) [avatar component clause 63190]
63314. mult(X0,c2) = X0 <- (11) [superposition 13,105]
63323. mult(c2,mult(X0,i(mult(i(X1),X0)))) = X1 <- (11) [superposition 6464,105]
63334. mult(c2,X1) = X1 <- (11) [forward demodulation 63323,7077]
63340. 75 | ~11 [avatar split clause 63314,103,33150]
63341. 66 | ~11 [avatar split clause 63334,103,33099]
63507. e = mult(c1,c3) <- (36) [superposition 12,561]
63512. c1 = mult(e,i(c3)) <- (36) [superposition 6461,561]
63518. c1 = mult(e,c4) <- (11, 36, 48) [forward demodulation 63512,8903]
63521. e = c1 <- (1, 6, 14, 36) [forward demodulation 63507,10824]
63523. c1 = mult(c2,c4) <- (11, 36, 48) [forward demodulation 63518,105]
63526. $false <- (1, 6, ~9, 14, 36) [forward subsumption resolution 63521,96]
63527. ~1 | ~6 | 9 | ~14 | ~36 [avatar contradiction clause 63526]
63528. $false <- (11, 36, 48, ~144) [forward subsumption resolution 63523,53613]
63529. ~11 | ~36 | ~48 | 144 [avatar contradiction clause 63528]
63622. c3 = mult(e,i(c1)) <- (38) [superposition 6461,1791]
63638. c3 = mult(c2,i(c1)) <- (11, 38) [forward demodulation 63622,105]
63643. c3 = i(c1) <- (11, 38, 66) [forward demodulation 63638,33100]
63646. $false <- (11, ~36, 38, 66) [forward subsumption resolution 63643,560]
63647. ~11 | 36 | ~38 | ~66 [avatar contradiction clause 63646]
63693. mult(c2,X0) = mult(c1,mult(c4,X0)) <- (1, 27) [superposition 14,1663]
63723. mult(c1,mult(c4,X0)) = X0 <- (1, 27, 66) [forward demodulation 63693,33100]
63764. c3 = mult(e,mult(X0,i(mult(c2,X0)))) <- (40) [superposition 6464,1799]
63778. c3 = mult(e,mult(X0,i(X0))) <- (40, 66) [forward demodulation 63764,33100]
63783. c3 = mult(e,e) <- (40, 66) [forward demodulation 63778,12]
63789. e = c3 <- (40, 66) [forward demodulation 63783,13]
63794. $false <- (~10, 40, 66) [forward subsumption resolution 63789,100]
63795. 10 | ~40 | ~66 [avatar contradiction clause 63794]
63799. mult(c4,c3) != mult(c3,c4) <- (~4, 6) [forward demodulation 75,84]
63937. c2 != mult(c3,c4) <- (~4, 6, 28) [forward demodulation 63799,2252]
63999. ~42 | 4 | ~6 | ~28 [avatar split clause 63937,230,82,73,2301]
64238. e = mult(c3,c3) <- (39) [superposition 12,1795]
64255. c2 = mult(c3,c3) <- (11, 39) [forward demodulation 64238,105]
64260. 246 | ~11 | ~39 [avatar split clause 64255,1793,103,63186]
64454. mult(e,X0) = mult(c4,mult(c1,X0)) <- (47) [superposition 24,2991]
64458. c4 = mult(e,i(c1)) <- (47) [superposition 6461,2991]
64471. c4 = mult(c2,i(c1)) <- (11, 47) [forward demodulation 64458,105]
64475. mult(c2,X0) = mult(c4,mult(c1,X0)) <- (11, 47) [forward demodulation 64454,105]
64480. c4 = i(c1) <- (11, 47, 66) [forward demodulation 64471,33100]
64484. mult(c4,mult(c1,X0)) = X0 <- (11, 47, 66) [forward demodulation 64475,33100]
64504. mult(c4,mult(c1,X0)) = mult(c1,mult(c4,mult(op_a,X0))) <- (1, 8, 14) [superposition 57454,5992]
64517. mult(c4,e) = mult(c1,mult(c4,i(c1))) <- (1, 8) [superposition 57454,12]
64696. i(c1) = mult(c4,e) <- (1, 8, 27, 66) [forward demodulation 64517,63723]
64706. mult(op_a,X0) = mult(c4,mult(c1,X0)) <- (1, 8, 14, 27, 66) [forward demodulation 64504,63723]
64749. c4 = i(c1) <- (1, 8, 27, 66) [forward demodulation 64696,13]
64757. mult(op_a,X0) = X0 <- (1, 8, 11, 14, 27, 47, 66) [forward demodulation 64706,64484]
64793. mult(c3,X0) = X0 <- (1, 6, 8, 11, 14, 27, 47, 66) [forward demodulation 64757,84]
64816. 77 | ~1 | ~6 | ~8 | ~11 | ~14 | ~27 | ~47 | ~66 [avatar split clause 64793,33099,2989,225,115,103,90,82,61,33401]
65461. i(X0) != c2 | c2 = X0 | c3 = X0 | c1 = X0 <- (~49) [superposition 2998,16]
65909. 248 <=> ! [X1] : (c2 = X1 | c1 = i(X1) | c3 = i(X1) | c2 = i(X1)) [avatar definition]
65910. c3 = i(X1) | c1 = i(X1) | c2 = X1 | c2 = i(X1) <- (248) [avatar component clause 65909]
65960. c1 = mult(e,i(c4)) <- (1, 8, 27, 66) [superposition 6461,64749]
65963. c1 = mult(c2,i(c4)) <- (1, 8, 11, 27, 66) [forward demodulation 65960,105]
65968. c1 = i(c4) <- (1, 8, 11, 27, 66) [forward demodulation 65963,33100]
65973. mult(c1,c4) != mult(c4,c1) <- (1, ~8) [forward demodulation 92,63]
65974. c2 != mult(c4,c1) <- (1, ~8, 27) [forward demodulation 403,1663]
65977. 250 <=> c1 = mult(c4,c1) [avatar definition]
65978. c1 != mult(c4,c1) <- (~250) [avatar component clause 65977]
65979. c1 = mult(c4,c1) <- (250) [avatar component clause 65977]
65981. 251 <=> c2 = mult(c4,c1) [avatar definition]
65982. c2 != mult(c4,c1) <- (~251) [avatar component clause 65981]
65983. c2 = mult(c4,c1) <- (251) [avatar component clause 65981]
65985. 252 <=> ! [X1] : mult(c3,X1) = mult(c4,mult(c1,X1)) [avatar definition]
65986. mult(c3,X1) = mult(c4,mult(c1,X1)) <- (252) [avatar component clause 65985]
66001. ~251 | ~1 | 8 | ~27 [avatar split clause 65974,225,90,61,65981]
66455. c2 = mult(X0,c3) | mult(X0,e) = c2 | mult(X0,e) = c3 | mult(X0,e) = c1 | mult(X1,c4) = mult(X1,i(c4)) | c2 = mult(e,i(c4)) | c1 = mult(e,i(c4)) <- (11) [superposition 62789,51]
66643. c2 = X0 | c2 = mult(X0,c3) | mult(X0,e) = c3 | mult(X0,e) = c1 | mult(X1,c4) = mult(X1,i(c4)) | c2 = mult(e,i(c4)) | c1 = mult(e,i(c4)) <- (11) [forward demodulation 66455,13]
66677. c3 = X0 | c2 = X0 | c2 = mult(X0,c3) | mult(X0,e) = c1 | mult(X1,c4) = mult(X1,i(c4)) | c2 = mult(e,i(c4)) | c1 = mult(e,i(c4)) <- (11) [forward demodulation 66643,13]
66706. c1 = X0 | c3 = X0 | c2 = X0 | c2 = mult(X0,c3) | mult(X1,c4) = mult(X1,i(c4)) | c2 = mult(e,i(c4)) | c1 = mult(e,i(c4)) <- (11) [forward demodulation 66677,13]
66771. c4 != X0 | mult(c3,X1) = mult(c3,mult(c4,X1)) | c3 = X0 | c1 = X0 | c2 = mult(c3,c4) | c2 = X0 | c1 = mult(c3,c4) <- (6, ~21) [superposition 510,630]
66775. c4 != X0 | c3 = X0 | c3 = mult(c3,c4) | c1 = X0 | c2 = mult(c3,c4) | c2 = X0 | c1 = mult(c3,c4) <- (6, ~21) [superposition 510,41]
66795. c3 = X0 | c3 = mult(c3,c4) | c1 = X0 | c2 = mult(c3,c4) | c2 = X0 | c1 = mult(c3,c4) <- (6, ~21) [forward subsumption resolution 66775,16]
66798. mult(c3,X1) = mult(c3,mult(c4,X1)) | c3 = X0 | c1 = X0 | c2 = mult(c3,c4) | c2 = X0 | c1 = mult(c3,c4) <- (6, ~21) [forward subsumption resolution 66771,16]
66802. c3 = X0 | c3 = mult(c3,c4) | c1 = X0 | c2 = X0 | c1 = mult(c3,c4) <- (6, ~21, ~42) [forward subsumption resolution 66795,2302]
66804. 254 <=> c1 = mult(c3,c4) [avatar definition]
66805. c1 != mult(c3,c4) <- (~254) [avatar component clause 66804]
66806. c1 = mult(c3,c4) <- (254) [avatar component clause 66804]
66808. 255 <=> c3 = mult(c3,c4) [avatar definition]
66809. c3 != mult(c3,c4) <- (~255) [avatar component clause 66808]
66810. c3 = mult(c3,c4) <- (255) [avatar component clause 66808]
66812. mult(c3,X1) = mult(c3,mult(c4,X1)) | c3 = X0 | c1 = X0 | c2 = X0 | c1 = mult(c3,c4) <- (6, ~21, ~42) [forward subsumption resolution 66798,2302]
66814. 254 | 255 | 55 | ~6 | 21 | 42 [avatar split clause 66802,2301,164,82,5394,66808,66804]
66816. 256 <=> ! [X1] : mult(c3,X1) = mult(c3,mult(c4,X1)) [avatar definition]
66817. mult(c3,X1) = mult(c3,mult(c4,X1)) <- (256) [avatar component clause 66816]
66818. 254 | 55 | 256 | ~6 | 21 | 42 [avatar split clause 66812,2301,164,82,66816,5394,66804]
68602. mult(X0,c2) = mult(X0,mult(X1,c4)) | c3 = mult(c2,X1) | c2 = mult(c2,X1) | c1 = mult(c2,X1) <- (11, 58) [superposition 60855,5740]
69186. mult(X0,mult(X1,c4)) = X0 | c3 = mult(c2,X1) | c2 = mult(c2,X1) | c1 = mult(c2,X1) <- (11, 58, 75) [forward demodulation 68602,33151]
69311. c3 = X1 | mult(X0,mult(X1,c4)) = X0 | c2 = mult(c2,X1) | c1 = mult(c2,X1) <- (11, 58, 66, 75) [forward demodulation 69186,33100]
69431. c2 = X1 | c3 = X1 | mult(X0,mult(X1,c4)) = X0 | c1 = mult(c2,X1) <- (11, 58, 66, 75) [forward demodulation 69311,33100]
69504. c1 = X1 | c2 = X1 | c3 = X1 | mult(X0,mult(X1,c4)) = X0 <- (11, 58, 66, 75) [forward demodulation 69431,33100]
70103. c2 = mult(X0,mult(X1,c2)) | c2 = mult(X0,X1) | c3 = mult(X0,X1) | c1 = mult(X0,X1) | c2 = mult(c4,c4) | c3 = mult(c4,c4) | c1 = mult(c4,c4) <- (11) [superposition 58877,57495]
70538. c2 != mult(c2,X0) | c2 = X0 | c3 = X0 | c1 = X0 <- (~145) [superposition 53617,16]
70584. c2 = X0 | c3 = X0 | c1 = X0 <- (46, ~145) [forward subsumption resolution 70538,2596]
70587. 55 | ~46 | 145 [avatar split clause 70584,53616,2595,5394]
70636. c3 = mult(X0,i(mult(c4,X0))) | c2 = mult(X0,i(mult(c4,X0))) | c2 = mult(X1,c4) | c1 = mult(X0,i(mult(c4,X0))) | c3 = X1 | c2 = X1 | c1 = X1 <- (11) [superposition 57274,1830]
70678. c3 = mult(mult(op_a,X0),i(mult(c1,X0))) | c2 = mult(mult(op_a,X0),i(mult(c1,X0))) | c2 = mult(c1,c4) | c1 = mult(mult(op_a,X0),i(mult(c1,X0))) <- (1, 11, 14) [superposition 57274,5992]
72230. e = mult(c4,mult(c1,i(c1))) <- (250) [superposition 29,65979]
72257. e = mult(c4,e) <- (250) [forward demodulation 72230,12]
72264. e = c4 <- (250) [forward demodulation 72257,13]
72270. c2 = c4 <- (11, 250) [forward demodulation 72264,105]
72274. $false <- (11, 250) [forward subsumption resolution 72270,21]
72275. ~11 | ~250 [avatar contradiction clause 72274]
72778. e = c2 <- (66) [superposition 33100,13]
72832. c2 = i(e) <- (66) [superposition 39,33100]
72885. c2 = i(c2) <- (11, 66) [forward demodulation 72832,105]
75484. c3 != mult(c3,c2) <- (~51, 58) [superposition 3309,5740]
75487. c3 != mult(c3,mult(X0,c4)) | c3 = X0 | c2 = X0 | c1 = X0 <- (~51) [superposition 3309,1830]
75490. c3 != mult(c3,e) | c2 = i(c4) | c3 = i(c4) | c1 = i(c4) <- (~51) [superposition 3309,45]
75536. c2 = i(c4) | c3 = i(c4) | c1 = i(c4) <- (~51) [forward subsumption resolution 75490,13]
75538. c3 = X0 | c2 = X0 | c1 = X0 <- (11, ~51, 58, 66, 75) [forward subsumption resolution 75487,69504]
75539. $false <- (~51, 58, 75) [forward subsumption resolution 75484,33151]
75540. 51 | ~58 | ~75 [avatar contradiction clause 75539]
75549. c3 = i(c4) | c1 = i(c4) <- (~49, ~51) [forward subsumption resolution 75536,2998]
75550. 55 | ~11 | 51 | ~58 | ~66 | ~75 [avatar split clause 75538,33150,33099,5738,3308,103,5394]
75556. c1 = i(c4) <- (~48, ~49, ~51) [forward subsumption resolution 75549,2994]
75562. $false <- (~47, ~48, ~49, ~51) [forward subsumption resolution 75556,2990]
75563. 47 | 48 | 49 | 51 [avatar contradiction clause 75562]
76095. c2 = mult(X0,c2) | c2 = mult(X0,c2) | c3 = mult(X0,c2) | c1 = mult(X0,c2) | mult(X1,i(c4)) = mult(X1,c3) | mult(c2,i(c4)) = X2 | c1 = mult(c2,i(c4)) | c3 = X2 | c1 = X2 | c2 = X2 <- (11) [superposition 62789,60455]
76456. c2 = mult(X0,c2) | c3 = mult(X0,c2) | c1 = mult(X0,c2) | mult(X1,i(c4)) = mult(X1,c3) | mult(c2,i(c4)) = X2 | c1 = mult(c2,i(c4)) | c3 = X2 | c1 = X2 | c2 = X2 <- (11) [duplicate literal removal 76095]
76583. c2 = X0 | c3 = mult(X0,c2) | c1 = mult(X0,c2) | mult(X1,i(c4)) = mult(X1,c3) | mult(c2,i(c4)) = X2 | c1 = mult(c2,i(c4)) | c3 = X2 | c1 = X2 | c2 = X2 <- (11, 75) [forward demodulation 76456,33151]
76632. c3 = X0 | c2 = X0 | c1 = mult(X0,c2) | mult(X1,i(c4)) = mult(X1,c3) | mult(c2,i(c4)) = X2 | c1 = mult(c2,i(c4)) | c3 = X2 | c1 = X2 | c2 = X2 <- (11, 75) [forward demodulation 76583,33151]
76683. c1 = X0 | c3 = X0 | c2 = X0 | mult(X1,i(c4)) = mult(X1,c3) | mult(c2,i(c4)) = X2 | c1 = mult(c2,i(c4)) | c3 = X2 | c1 = X2 | c2 = X2 <- (11, 75) [forward demodulation 76632,33151]
76729. i(c4) = X2 | c1 = X0 | c3 = X0 | c2 = X0 | mult(X1,i(c4)) = mult(X1,c3) | c1 = mult(c2,i(c4)) | c3 = X2 | c1 = X2 | c2 = X2 <- (11, 66, 75) [forward demodulation 76683,33100]
76764. c1 = i(c4) | i(c4) = X2 | c1 = X0 | c3 = X0 | c2 = X0 | mult(X1,i(c4)) = mult(X1,c3) | c3 = X2 | c1 = X2 | c2 = X2 <- (11, 66, 75) [forward demodulation 76729,33100]
76791. i(c4) = X2 | c1 = X0 | c3 = X0 | c2 = X0 | mult(X1,i(c4)) = mult(X1,c3) | c3 = X2 | c1 = X2 | c2 = X2 <- (11, ~47, 66, 75) [forward subsumption resolution 76764,2990]
76806. 265 <=> ! [X1] : mult(X1,i(c4)) = mult(X1,c3) [avatar definition]
76807. mult(X1,i(c4)) = mult(X1,c3) <- (265) [avatar component clause 76806]
76809. 266 <=> ! [X2] : (i(c4) = X2 | c2 = X2 | c1 = X2 | c3 = X2) [avatar definition]
76810. i(c4) = X2 | c2 = X2 | c1 = X2 | c3 = X2 <- (266) [avatar component clause 76809]
76811. 265 | 55 | 266 | ~11 | 47 | ~66 | ~75 [avatar split clause 76791,33150,33099,2989,103,76809,5394,76806]
76869. i(c4) = mult(c1,e) <- (1, 27, 66) [superposition 63723,12]
77035. c1 = i(c4) <- (1, 27, 66) [forward demodulation 76869,13]
77206. 268 <=> ! [X0] : (c3 = mult(X0,c1) | c2 = mult(X0,c1) | c1 = mult(X0,c1)) [avatar definition]
77207. c3 = mult(X0,c1) | c2 = mult(X0,c1) | c1 = mult(X0,c1) <- (268) [avatar component clause 77206]
77423. 270 <=> ! [X0] : (c1 = X0 | c2 = mult(X0,c3) | c2 = X0 | c3 = X0) [avatar definition]
77424. c2 = mult(X0,c3) | c1 = X0 | c2 = X0 | c3 = X0 <- (270) [avatar component clause 77423]
77426. 271 <=> ! [X1] : mult(X1,c4) = mult(X1,c3) [avatar definition]
77427. mult(X1,c4) = mult(X1,c3) <- (271) [avatar component clause 77426]
77436. c1 != mult(c4,c3) <- (~4, 6, 254) [forward demodulation 63799,66806]
77552. e = mult(c4,c1) <- (47) [superposition 12,2991]
77581. e = c4 <- (1, 22, 47) [forward demodulation 77552,1077]
77597. c2 = mult(c4,c1) <- (11, 47) [forward demodulation 77552,105]
77599. $false <- (11, 47, ~251) [forward subsumption resolution 77597,65982]
77600. ~11 | ~47 | 251 [avatar contradiction clause 77599]
77612. c2 != mult(c1,c4) <- (1, ~8, 251) [forward demodulation 65973,65983]
77619. c3 = mult(mult(op_a,X0),i(mult(c1,X0))) | c2 = mult(mult(op_a,X0),i(mult(c1,X0))) | c1 = mult(mult(op_a,X0),i(mult(c1,X0))) <- (1, 11, 14, ~27) [forward subsumption resolution 70678,1163]
77628. 272 <=> ! [X1] : (c2 = mult(X1,c4) | c1 = X1 | c2 = X1 | c3 = X1) [avatar definition]
77629. c2 = mult(X1,c4) | c1 = X1 | c2 = X1 | c3 = X1 <- (272) [avatar component clause 77628]
77631. 273 <=> ! [X0] : (c3 = mult(X0,i(mult(c4,X0))) | c1 = mult(X0,i(mult(c4,X0))) | c2 = mult(X0,i(mult(c4,X0)))) [avatar definition]
77632. c3 = mult(X0,i(mult(c4,X0))) | c1 = mult(X0,i(mult(c4,X0))) | c2 = mult(X0,i(mult(c4,X0))) <- (273) [avatar component clause 77631]
77633. 272 | 273 | ~11 [avatar split clause 70636,103,77631,77628]
77647. c3 = mult(op_a,mult(X0,i(mult(c1,X0)))) | c2 = mult(mult(op_a,X0),i(mult(c1,X0))) | c1 = mult(mult(op_a,X0),i(mult(c1,X0))) <- (1, 11, 14, ~27) [forward demodulation 77619,14]
77971. c1 = mult(e,i(c1)) <- (37) [superposition 6461,565]
77972. c1 = mult(e,mult(X0,i(mult(c1,X0)))) <- (37) [superposition 6464,565]
77989. c1 = mult(e,c4) <- (11, 37, 47, 66) [forward demodulation 77971,64480]
77994. c1 = mult(c2,c4) <- (11, 37, 47, 66) [forward demodulation 77989,105]
77999. $false <- (11, 37, 47, 66, ~144) [forward subsumption resolution 77994,53613]
78000. ~11 | ~37 | ~47 | ~66 | 144 [avatar contradiction clause 77999]
78067. c3 = mult(c3,mult(X0,i(mult(c1,X0)))) | c2 = mult(mult(op_a,X0),i(mult(c1,X0))) | c1 = mult(mult(op_a,X0),i(mult(c1,X0))) <- (1, 6, 11, 14, ~27) [forward demodulation 77647,84]
78071. 276 <=> c1 = mult(c1,i(c4)) [avatar definition]
78072. c1 != mult(c1,i(c4)) <- (~276) [avatar component clause 78071]
78073. c1 = mult(c1,i(c4)) <- (276) [avatar component clause 78071]
78075. 277 <=> c2 = mult(c1,i(c4)) [avatar definition]
78076. c2 != mult(c1,i(c4)) <- (~277) [avatar component clause 78075]
78077. c2 = mult(c1,i(c4)) <- (277) [avatar component clause 78075]
78079. 278 <=> c3 = mult(c1,i(c4)) [avatar definition]
78080. c3 != mult(c1,i(c4)) <- (~278) [avatar component clause 78079]
78081. c3 = mult(c1,i(c4)) <- (278) [avatar component clause 78079]
78083. c1 = mult(c2,mult(X0,i(mult(c1,X0)))) <- (11, 37) [forward demodulation 77972,105]
78135. c2 = mult(op_a,mult(X0,i(mult(c1,X0)))) | c3 = mult(c3,mult(X0,i(mult(c1,X0)))) | c1 = mult(mult(op_a,X0),i(mult(c1,X0))) <- (1, 6, 11, 14, ~27) [forward demodulation 78067,14]
78137. c1 = mult(X0,i(mult(c1,X0))) <- (11, 37, 66) [forward demodulation 78083,33100]
78172. c2 = mult(c3,mult(X0,i(mult(c1,X0)))) | c3 = mult(c3,mult(X0,i(mult(c1,X0)))) | c1 = mult(mult(op_a,X0),i(mult(c1,X0))) <- (1, 6, 11, 14, ~27) [forward demodulation 78135,84]
78192. c2 = mult(c3,c1) | c3 = mult(c3,mult(X0,i(mult(c1,X0)))) | c1 = mult(mult(op_a,X0),i(mult(c1,X0))) <- (1, 6, 11, 14, ~27, 37, 66) [forward demodulation 78172,78137]
78211. c2 = c4 | c3 = mult(c3,mult(X0,i(mult(c1,X0)))) | c1 = mult(mult(op_a,X0),i(mult(c1,X0))) <- (1, 6, 11, 14, 17, ~27, 37, 66) [forward demodulation 78192,10141]
78222. c3 = mult(c3,mult(X0,i(mult(c1,X0)))) | c1 = mult(mult(op_a,X0),i(mult(c1,X0))) <- (1, 6, 11, 14, 17, ~27, 37, 66) [forward subsumption resolution 78211,21]
78231. c3 = mult(c3,c1) | c1 = mult(mult(op_a,X0),i(mult(c1,X0))) <- (1, 6, 11, 14, 17, ~27, 37, 66) [forward demodulation 78222,78137]
78241. c1 = mult(mult(op_a,X0),i(mult(c1,X0))) <- (1, 6, 11, 14, 17, ~19, ~27, 37, 66) [forward subsumption resolution 78231,10144]
78248. c1 = mult(op_a,mult(X0,i(mult(c1,X0)))) <- (1, 6, 11, 14, 17, ~19, ~27, 37, 66) [forward demodulation 78241,14]
78253. c1 = mult(op_a,c1) <- (1, 6, 11, 14, 17, ~19, ~27, 37, 66) [forward demodulation 78248,78137]
78256. $false <- (1, 6, 11, 14, 17, ~18, ~19, ~27, 37, 66) [forward subsumption resolution 78253,416]
78257. ~1 | ~6 | ~11 | ~14 | ~17 | 18 | 19 | 27 | ~37 | ~66 [avatar contradiction clause 78256]
78273. 47 | ~1 | ~8 | ~11 | ~27 | ~66 [avatar split clause 65968,33099,225,103,90,61,2989]
78295. 47 | ~1 | ~27 | ~66 [avatar split clause 77035,33099,225,61,2989]
78339. c3 != mult(c1,c3) | c3 = X0 | op_a = X0 | c1 = X0 | op_a = c2 | c2 = X0 <- (1, ~5, 6, 19) [forward demodulation 30607,11210]
78539. e = mult(c4,c1) <- (47) [superposition 12,2991]
78567. e = c2 <- (47, 251) [forward demodulation 78539,65983]
78787. c4 != X0 | mult(c3,X1) = mult(c4,mult(c3,X1)) | c3 = X0 | c1 = X0 | c2 = mult(c4,c3) | c2 = X0 | c1 = mult(c4,c3) <- (6, ~32) [superposition 2287,630]
78818. mult(c3,X1) = mult(c4,mult(c3,X1)) | c3 = X0 | c1 = X0 | c2 = mult(c4,c3) | c2 = X0 | c1 = mult(c4,c3) <- (6, ~32) [forward subsumption resolution 78787,16]
78822. mult(c3,X1) = mult(c4,mult(c3,X1)) | c3 = X0 | c1 = X0 | c2 = X0 | c1 = mult(c4,c3) <- (6, ~28, ~32) [forward subsumption resolution 78818,1185]
78824. mult(c3,X1) = mult(c4,mult(c3,X1)) | c3 = X0 | c1 = X0 | c2 = X0 <- (6, ~28, ~32, ~33) [forward subsumption resolution 78822,356]
78830. 280 <=> ! [X1] : mult(c3,X1) = mult(c4,mult(c3,X1)) [avatar definition]
78831. mult(c3,X1) = mult(c4,mult(c3,X1)) <- (280) [avatar component clause 78830]
78832. 55 | 280 | ~6 | 28 | 32 | 33 [avatar split clause 78824,355,260,230,82,78830,5394]
78878. 281 <=> ! [X1] : mult(c3,X1) = mult(c3,mult(c1,X1)) [avatar definition]
78879. mult(c3,X1) = mult(c3,mult(c1,X1)) <- (281) [avatar component clause 78878]
78932. c3 = mult(c1,i(c3)) | c2 = mult(c1,i(c3)) | c2 = mult(c3,c4) | c1 = mult(c1,i(c3)) <- (1, 6, 11, 19) [superposition 57274,11210]
78949. c3 = mult(c1,i(c3)) | c2 = mult(c1,i(c3)) | c1 = mult(c1,i(c3)) <- (1, 6, 11, 19, ~42) [forward subsumption resolution 78932,2302]
78955. c3 = mult(c1,c3) | c2 = mult(c1,i(c3)) | c1 = mult(c1,i(c3)) <- (1, 6, 11, 19, 39, ~42) [forward demodulation 78949,1795]
78956. c2 = mult(c1,i(c3)) | c1 = mult(c1,i(c3)) <- (1, 6, 11, ~15, 19, 39, ~42) [forward subsumption resolution 78955,429]
78957. c2 = mult(c1,c3) | c1 = mult(c1,i(c3)) <- (1, 6, 11, ~15, 19, 39, ~42) [forward demodulation 78956,1795]
78958. c1 = mult(c1,i(c3)) <- (1, 6, 11, ~15, ~16, 19, 39, ~42) [forward subsumption resolution 78957,445]
78959. c1 = mult(c1,c3) <- (1, 6, 11, ~15, ~16, 19, 39, ~42) [forward demodulation 78958,1795]
78960. $false <- (1, 6, 11, ~14, ~15, ~16, 19, 39, ~42) [forward subsumption resolution 78959,400]
78961. ~1 | ~6 | ~11 | 14 | 15 | 16 | ~19 | ~39 | 42 [avatar contradiction clause 78960]
78968. c3 = X0 | op_a = X0 | c1 = X0 | op_a = c2 | c2 = X0 <- (1, ~5, 6, 15, 19) [forward subsumption resolution 78339,417]
78980. c3 = X0 | c3 = X0 | c1 = X0 | op_a = c2 | c2 = X0 <- (1, ~5, 6, 15, 19) [forward demodulation 78968,84]
78981. c3 = X0 | c1 = X0 | op_a = c2 | c2 = X0 <- (1, ~5, 6, 15, 19) [duplicate literal removal 78980]
78986. c2 = c3 | c3 = X0 | c1 = X0 | c2 = X0 <- (1, ~5, 6, 15, 19) [forward demodulation 78981,84]
78988. c3 = X0 | c1 = X0 | c2 = X0 <- (1, ~5, 6, 15, 19) [forward subsumption resolution 78986,20]
78990. 55 | ~1 | 5 | ~6 | ~15 | ~19 [avatar split clause 78988,155,119,82,78,61,5394]
78996. c2 = mult(op_b,c3) <- (6, 16) [forward demodulation 125,84]
79000. c3 != mult(op_a,c1) | op_b = mult(c4,c4) | mult(op_b,op_a) = c2 | mult(op_b,op_a) = c1 | c2 = i(op_a) | c3 = i(op_a) | c1 = i(op_a) <- (1) [forward demodulation 12763,63]
79001. mult(op_a,c1) != X0 | mult(c3,X1) = mult(op_b,mult(op_a,X1)) | c3 = X0 | c1 = X0 | mult(op_b,op_a) = c2 | c2 = X0 | mult(op_b,op_a) = c1 <- (1) [forward demodulation 13054,63]
79010. c2 = mult(c1,c3) <- (1, 6, 16) [forward demodulation 78996,63]
79014. c3 != mult(c3,c1) | op_b = mult(c4,c4) | mult(op_b,op_a) = c2 | mult(op_b,op_a) = c1 | c2 = i(op_a) | c3 = i(op_a) | c1 = i(op_a) <- (1, 6) [forward demodulation 79000,84]
79015. mult(c3,c1) != X0 | mult(c3,X1) = mult(op_b,mult(op_a,X1)) | c3 = X0 | c1 = X0 | mult(op_b,op_a) = c2 | c2 = X0 | mult(op_b,op_a) = c1 <- (1, 6) [forward demodulation 79001,84]
79095. mult(c2,X0) = mult(c1,mult(c3,X0)) <- (1, 6, 16) [superposition 14,79010]
79133. mult(c1,mult(c3,X0)) = X0 <- (1, 6, 16, 66) [forward demodulation 79095,33100]
79195. c1 = mult(c1,c3) <- (1, 6, 16, 19, 66) [superposition 79133,11210]
79323. c1 = i(mult(e,c3)) <- (1, 6, 16, 66) [superposition 6463,79133]
79372. c1 = i(mult(c2,c3)) <- (1, 6, 11, 16, 66) [forward demodulation 79323,105]
79421. $false <- (1, 6, ~14, 16, 19, 66) [forward subsumption resolution 79195,400]
79422. ~1 | ~6 | 14 | ~16 | ~19 | ~66 [avatar contradiction clause 79421]
79433. c1 = i(c3) <- (1, 6, 11, 16, 66) [forward demodulation 79372,33100]
79471. 38 | ~1 | ~6 | ~11 | ~16 | ~66 [avatar split clause 79433,33099,123,103,82,61,1789]
79618. mult(c3,c4) != mult(X0,c3) | c3 = X0 | c2 = X0 | c1 = X0 <- (~4, 6) [superposition 63799,1830]
79652. c2 != mult(X0,c3) | c3 = X0 | c2 = X0 | c1 = X0 <- (~4, 6, 42) [forward demodulation 79618,2303]
79655. c3 = X0 | c2 = X0 | c1 = X0 <- (~4, 6, 42, 270) [forward subsumption resolution 79652,77424]
79656. 55 | 4 | ~6 | ~42 | ~270 [avatar split clause 79655,77423,2301,82,73,5394]
80346. c2 != mult(X0,c3) | c3 = X0 | c2 = X0 | c1 = X0 <- (6, ~28) [superposition 1185,1830]
81333. mult(c2,X0) = mult(c3,mult(c4,X0)) <- (42) [superposition 14,2303]
81367. mult(c3,mult(c4,X0)) = X0 <- (42, 66) [forward demodulation 81333,33100]
86335. c3 = mult(c3,X0) | mult(c3,X1) = mult(c4,mult(c4,X1)) | c3 = X0 | c1 = X0 | c2 = mult(c4,c4) | c2 = X0 | c1 = mult(c4,c4) <- (51) [superposition 3310,630]
86337. c3 = mult(c3,mult(c4,X0)) | c3 = mult(c2,X0) | c1 = mult(c2,X0) | c2 = mult(c2,X0) | c3 = c4 | c2 = c4 | c1 = c4 <- (11, 51) [superposition 3310,60447]
86356. c3 = mult(c2,c4) | c3 = i(c3) | c3 = c4 | c1 = i(c3) | c2 = c4 | c2 = i(c3) | c1 = c4 <- (11, 51) [superposition 3310,56174]
86396. c3 = mult(mult(c4,c4),i(c3)) | c2 = mult(c3,X0) | c3 = X0 | c1 = mult(mult(c4,c4),i(c3)) | c2 = X0 | c2 = mult(mult(c4,c4),i(c3)) | c1 = X0 <- (11, 51) [superposition 56168,3310]
86435. c3 = mult(c3,mult(c4,X0)) | c3 = mult(c2,X0) | c1 = mult(c2,X0) | c2 = mult(c2,X0) | c2 = c4 | c1 = c4 <- (11, 51) [forward subsumption resolution 86337,22]
86458. c3 = mult(c3,mult(c4,X0)) | c3 = mult(c2,X0) | c1 = mult(c2,X0) | c2 = mult(c2,X0) | c1 = c4 <- (11, 51) [forward subsumption resolution 86435,21]
86473. c3 = mult(c3,mult(c4,X0)) | c3 = mult(c2,X0) | c1 = mult(c2,X0) | c2 = mult(c2,X0) <- (11, 51) [forward subsumption resolution 86458,19]
86487. c3 = X0 | c3 = mult(c2,X0) | c1 = mult(c2,X0) | c2 = mult(c2,X0) <- (11, 42, 51, 66) [forward demodulation 86473,81367]
86497. c3 = X0 | c3 = X0 | c1 = mult(c2,X0) | c2 = mult(c2,X0) <- (11, 42, 51, 66) [forward demodulation 86487,33100]
86498. c3 = X0 | c1 = mult(c2,X0) | c2 = mult(c2,X0) <- (11, 42, 51, 66) [duplicate literal removal 86497]
86503. c1 = X0 | c3 = X0 | c2 = mult(c2,X0) <- (11, 42, 51, 66) [forward demodulation 86498,33100]
86508. c2 = X0 | c1 = X0 | c3 = X0 <- (11, 42, 51, 66) [forward demodulation 86503,33100]
86512. 55 | ~11 | ~42 | ~51 | ~66 [avatar split clause 86508,33099,3308,2301,103,5394]
86524. 286 <=> c2 = mult(c1,i(c3)) [avatar definition]
86525. c2 != mult(c1,i(c3)) <- (~286) [avatar component clause 86524]
86526. c2 = mult(c1,i(c3)) <- (286) [avatar component clause 86524]
86528. 287 <=> c1 = mult(c1,i(c3)) [avatar definition]
86529. c1 != mult(c1,i(c3)) <- (~287) [avatar component clause 86528]
86530. c1 = mult(c1,i(c3)) <- (287) [avatar component clause 86528]
86532. 288 <=> ! [X0] : (c2 = mult(c3,X0) | c1 = X0 | c2 = X0 | c3 = X0) [avatar definition]
86533. c2 = mult(c3,X0) | c1 = X0 | c2 = X0 | c3 = X0 <- (288) [avatar component clause 86532]
86535. 289 <=> c3 = mult(c1,i(c3)) [avatar definition]
86536. c3 != mult(c1,i(c3)) <- (~289) [avatar component clause 86535]
86537. c3 = mult(c1,i(c3)) <- (289) [avatar component clause 86535]
86540. c3 = mult(c4,mult(c4,i(c3))) | c2 = mult(c3,X0) | c3 = X0 | c1 = mult(mult(c4,c4),i(c3)) | c2 = X0 | c2 = mult(mult(c4,c4),i(c3)) | c1 = X0 <- (11, 51) [forward demodulation 86396,14]
86614. c3 = i(c3) | c3 = c4 | c1 = i(c3) | c2 = c4 | c2 = i(c3) | c1 = c4 <- (11, ~50, 51) [forward subsumption resolution 86356,3002]
86673. c3 = c4 | c1 = i(c3) | c2 = c4 | c2 = i(c3) | c1 = c4 <- (11, ~39, ~50, 51) [forward subsumption resolution 86614,1794]
86715. c1 = i(c3) | c2 = c4 | c2 = i(c3) | c1 = c4 <- (11, ~39, ~50, 51) [forward subsumption resolution 86673,22]
86747. c2 = c4 | c2 = i(c3) | c1 = c4 <- (11, ~38, ~39, ~50, 51) [forward subsumption resolution 86715,1790]
86766. c2 = i(c3) | c1 = c4 <- (11, ~38, ~39, ~50, 51) [forward subsumption resolution 86747,21]
86787. c1 = c4 <- (11, ~38, ~39, ~40, ~50, 51) [forward subsumption resolution 86766,1798]
86797. $false <- (11, ~38, ~39, ~40, ~50, 51) [forward subsumption resolution 86787,19]
86798. ~11 | 38 | 39 | 40 | 50 | ~51 [avatar contradiction clause 86797]
86821. e = mult(c1,c3) <- (36) [superposition 12,561]
86848. c2 = mult(c1,c3) <- (11, 36) [forward demodulation 86821,105]
86859. $false <- (1, 6, 11, ~16, 36) [forward subsumption resolution 86848,445]
86860. ~1 | ~6 | ~11 | 16 | ~36 [avatar contradiction clause 86859]
86964. c1 != mult(c1,c3) <- (39, ~287) [forward demodulation 86529,1795]
86981. c2 = mult(X0,mult(X1,c2)) | c2 = mult(X0,X1) | c3 = mult(X0,X1) | c1 = mult(X0,X1) | c3 = mult(c4,c4) | c1 = mult(c4,c4) <- (11, ~58) [forward subsumption resolution 70103,5739]
87004. c3 = mult(c3,X0) | mult(c3,X1) = mult(c4,mult(c4,X1)) | c3 = X0 | c1 = X0 | c2 = X0 | c1 = mult(c4,c4) <- (51, ~58) [forward subsumption resolution 86335,5739]
87010. c3 = mult(c4,mult(c4,c3)) | c2 = mult(c3,X0) | c3 = X0 | c1 = mult(mult(c4,c4),i(c3)) | c2 = X0 | c2 = mult(mult(c4,c4),i(c3)) | c1 = X0 <- (11, 39, 51) [forward demodulation 86540,1795]
87030. c2 = mult(X0,mult(X1,c2)) | c2 = mult(X0,X1) | c3 = mult(X0,X1) | c1 = mult(X0,X1) | c1 = mult(c4,c4) <- (11, ~58, ~158) [forward subsumption resolution 86981,57836]
87047. c3 = mult(c3,X0) | mult(c3,X1) = mult(c4,mult(c4,X1)) | c3 = X0 | c1 = X0 | c2 = X0 <- (51, ~56, ~58) [forward subsumption resolution 87004,5398]
87051. c1 = mult(c4,mult(c4,i(c3))) | c3 = mult(c4,mult(c4,c3)) | c2 = mult(c3,X0) | c3 = X0 | c2 = X0 | c2 = mult(mult(c4,c4),i(c3)) | c1 = X0 <- (11, 39, 51) [forward demodulation 87010,14]
87068. c2 = mult(X0,mult(X1,c2)) | c2 = mult(X0,X1) | c3 = mult(X0,X1) | c1 = mult(X0,X1) <- (11, ~56, ~58, ~158) [forward subsumption resolution 87030,5398]
87083. 290 <=> ! [X0] : (c3 = mult(c3,X0) | c2 = X0 | c1 = X0 | c3 = X0) [avatar definition]
87084. c3 = mult(c3,X0) | c2 = X0 | c1 = X0 | c3 = X0 <- (290) [avatar component clause 87083]
87085. 181 | 290 | ~51 | 56 | 58 [avatar split clause 87047,5738,5397,3308,87083,58596]
87089. c1 = mult(c4,mult(c4,c3)) | c3 = mult(c4,mult(c4,c3)) | c2 = mult(c3,X0) | c3 = X0 | c2 = X0 | c2 = mult(mult(c4,c4),i(c3)) | c1 = X0 <- (11, 39, 51) [forward demodulation 87051,1795]
87102. c2 = mult(X0,X1) | c2 = mult(X0,X1) | c3 = mult(X0,X1) | c1 = mult(X0,X1) <- (11, ~56, ~58, 75, ~158) [forward demodulation 87068,33151]
87103. c2 = mult(X0,X1) | c3 = mult(X0,X1) | c1 = mult(X0,X1) <- (11, ~56, ~58, 75, ~158) [duplicate literal removal 87102]
87115. c2 = mult(c4,mult(c4,i(c3))) | c1 = mult(c4,mult(c4,c3)) | c3 = mult(c4,mult(c4,c3)) | c2 = mult(c3,X0) | c3 = X0 | c2 = X0 | c1 = X0 <- (11, 39, 51) [forward demodulation 87089,14]
87124. 128 | ~11 | 56 | 58 | ~75 | 158 [avatar split clause 87103,57834,33150,5738,5397,103,47771]
87134. c2 = mult(c4,mult(c4,c3)) | c1 = mult(c4,mult(c4,c3)) | c3 = mult(c4,mult(c4,c3)) | c2 = mult(c3,X0) | c3 = X0 | c2 = X0 | c1 = X0 <- (11, 39, 51) [forward demodulation 87115,1795]
87145. 291 <=> c3 = mult(c4,mult(c4,c3)) [avatar definition]
87146. c3 != mult(c4,mult(c4,c3)) <- (~291) [avatar component clause 87145]
87147. c3 = mult(c4,mult(c4,c3)) <- (291) [avatar component clause 87145]
87149. 292 <=> c1 = mult(c4,mult(c4,c3)) [avatar definition]
87150. c1 != mult(c4,mult(c4,c3)) <- (~292) [avatar component clause 87149]
87151. c1 = mult(c4,mult(c4,c3)) <- (292) [avatar component clause 87149]
87153. 293 <=> c2 = mult(c4,mult(c4,c3)) [avatar definition]
87154. c2 != mult(c4,mult(c4,c3)) <- (~293) [avatar component clause 87153]
87155. c2 = mult(c4,mult(c4,c3)) <- (293) [avatar component clause 87153]
87156. 288 | 291 | 292 | 293 | ~11 | ~39 | ~51 [avatar split clause 87134,3308,1793,103,87153,87149,87145,86532]
87280. mult(c2,X0) = mult(c3,mult(c1,X0)) <- (1, 6, 20) [superposition 14,11129]
87323. mult(c3,mult(c1,X0)) = X0 <- (1, 6, 20, 66) [forward demodulation 87280,33100]
87372. e = mult(c3,c3) <- (39) [superposition 12,1795]
87400. e = c2 <- (39, 246) [forward demodulation 87372,63188]
87481. c2 != c2 | c2 = i(c3) | c3 = i(c3) | c1 = i(c3) | c2 = c4 | c3 = c4 | c1 = c4 <- (11, ~42) [superposition 2302,56162]
87503. c2 = i(c3) | c3 = i(c3) | c1 = i(c3) | c2 = c4 | c3 = c4 | c1 = c4 <- (11, ~42) [trivial inequality removal 87481]
87585. c2 != mult(X0,c4) | c3 = X0 | c2 = X0 | c1 = X0 <- (~58) [superposition 5739,1830]
87620. c3 = X0 | c2 = X0 | c1 = X0 <- (~58, 272) [forward subsumption resolution 87585,77629]
87623. 55 | 58 | ~272 [avatar split clause 87620,77628,5738,5394]
87712. c4 != X0 | mult(c3,X1) = mult(c4,mult(c4,X1)) | c3 = X0 | c1 = X0 | c2 = mult(c4,c4) | c2 = X0 | c1 = mult(c4,c4) <- (~199) [superposition 58927,630]
87739. mult(c3,X1) = mult(c4,mult(c4,X1)) | c3 = X0 | c1 = X0 | c2 = mult(c4,c4) | c2 = X0 | c1 = mult(c4,c4) <- (~199) [forward subsumption resolution 87712,16]
87742. mult(c3,X1) = mult(c4,mult(c4,X1)) | c3 = X0 | c1 = X0 | c2 = X0 | c1 = mult(c4,c4) <- (~58, ~199) [forward subsumption resolution 87739,5739]
87743. mult(c3,X1) = mult(c4,mult(c4,X1)) | c3 = X0 | c1 = X0 | c2 = X0 <- (~56, ~58, ~199) [forward subsumption resolution 87742,5398]
87744. 55 | 181 | 56 | 58 | 199 [avatar split clause 87743,58926,5738,5397,58596,5394]
87816. e = mult(c4,mult(c4,i(c4))) <- (199) [superposition 29,58928]
87852. e = mult(c4,e) <- (199) [forward demodulation 87816,12]
87859. e = c4 <- (199) [forward demodulation 87852,13]
87863. c2 = c4 <- (11, 199) [forward demodulation 87859,105]
87866. $false <- (11, 199) [forward subsumption resolution 87863,21]
87867. ~11 | ~199 [avatar contradiction clause 87866]
87986. c3 != c3 | c3 = mult(c4,c4) | c2 = mult(c3,mult(c4,c4)) | c1 = mult(c3,mult(c4,c4)) | c2 = i(mult(c4,c4)) | c3 = i(mult(c4,c4)) | c1 = i(mult(c4,c4)) <- (~51) [superposition 3309,1682]
88003. c3 = mult(c4,c4) | c2 = mult(c3,mult(c4,c4)) | c1 = mult(c3,mult(c4,c4)) | c2 = i(mult(c4,c4)) | c3 = i(mult(c4,c4)) | c1 = i(mult(c4,c4)) <- (~51) [trivial inequality removal 87986]
88008. c2 = mult(c3,mult(c4,c4)) | c1 = mult(c3,mult(c4,c4)) | c2 = i(mult(c4,c4)) | c3 = i(mult(c4,c4)) | c1 = i(mult(c4,c4)) <- (~51, ~158) [forward subsumption resolution 88003,57836]
88013. 294 <=> c1 = i(mult(c4,c4)) [avatar definition]
88015. c1 = i(mult(c4,c4)) <- (294) [avatar component clause 88013]
88017. 295 <=> c3 = i(mult(c4,c4)) [avatar definition]
88019. c3 = i(mult(c4,c4)) <- (295) [avatar component clause 88017]
88021. 296 <=> c2 = i(mult(c4,c4)) [avatar definition]
88023. c2 = i(mult(c4,c4)) <- (296) [avatar component clause 88021]
88025. 297 <=> c1 = mult(c3,mult(c4,c4)) [avatar definition]
88026. c1 != mult(c3,mult(c4,c4)) <- (~297) [avatar component clause 88025]
88027. c1 = mult(c3,mult(c4,c4)) <- (297) [avatar component clause 88025]
88029. 298 <=> c2 = mult(c3,mult(c4,c4)) [avatar definition]
88030. c2 != mult(c3,mult(c4,c4)) <- (~298) [avatar component clause 88029]
88031. c2 = mult(c3,mult(c4,c4)) <- (298) [avatar component clause 88029]
88032. 294 | 295 | 296 | 297 | 298 | 51 | 158 [avatar split clause 88008,57834,3308,88029,88025,88021,88017,88013]
88254. c3 = i(mult(e,c1)) <- (1, 6, 20, 66) [superposition 6463,87323]
88308. c3 = i(mult(c2,c1)) <- (1, 6, 11, 20, 66) [forward demodulation 88254,105]
88348. c3 = i(c1) <- (1, 6, 11, 20, 66) [forward demodulation 88308,33100]
88374. 36 | ~1 | ~6 | ~11 | ~20 | ~66 [avatar split clause 88348,33099,159,103,82,61,559]
88444. c4 != X0 | mult(c3,X1) = mult(op_b,mult(op_a,X1)) | c3 = X0 | c1 = X0 | mult(op_b,op_a) = c2 | c2 = X0 | mult(op_b,op_a) = c1 <- (1, 6, 17) [forward demodulation 79015,10141]
88457. mult(c3,X1) = mult(op_b,mult(op_a,X1)) | c3 = X0 | c1 = X0 | mult(op_b,op_a) = c2 | c2 = X0 | mult(op_b,op_a) = c1 <- (1, 6, 17) [forward subsumption resolution 88444,16]
88459. mult(c3,X1) = mult(op_b,mult(c3,X1)) | c3 = X0 | c1 = X0 | mult(op_b,op_a) = c2 | c2 = X0 | mult(op_b,op_a) = c1 <- (1, 6, 17) [forward demodulation 88457,84]
88460. mult(c3,X1) = mult(c1,mult(c3,X1)) | c3 = X0 | c1 = X0 | mult(op_b,op_a) = c2 | c2 = X0 | mult(op_b,op_a) = c1 <- (1, 6, 17) [forward demodulation 88459,63]
88461. c2 = mult(op_b,c3) | mult(c3,X1) = mult(c1,mult(c3,X1)) | c3 = X0 | c1 = X0 | c2 = X0 | mult(op_b,op_a) = c1 <- (1, 6, 17) [forward demodulation 88460,84]
88462. c2 = mult(c1,c3) | mult(c3,X1) = mult(c1,mult(c3,X1)) | c3 = X0 | c1 = X0 | c2 = X0 | mult(op_b,op_a) = c1 <- (1, 6, 17) [forward demodulation 88461,63]
88463. mult(c3,X1) = mult(c1,mult(c3,X1)) | c3 = X0 | c1 = X0 | c2 = X0 | mult(op_b,op_a) = c1 <- (1, 6, ~16, 17) [forward subsumption resolution 88462,445]
88464. c1 = mult(op_b,c3) | mult(c3,X1) = mult(c1,mult(c3,X1)) | c3 = X0 | c1 = X0 | c2 = X0 <- (1, 6, ~16, 17) [forward demodulation 88463,84]
88465. c1 = mult(c1,c3) | mult(c3,X1) = mult(c1,mult(c3,X1)) | c3 = X0 | c1 = X0 | c2 = X0 <- (1, 6, ~16, 17) [forward demodulation 88464,63]
88466. mult(c3,X1) = mult(c1,mult(c3,X1)) | c3 = X0 | c1 = X0 | c2 = X0 <- (1, 6, ~14, ~16, 17) [forward subsumption resolution 88465,400]
88468. 299 <=> ! [X1] : mult(c3,X1) = mult(c1,mult(c3,X1)) [avatar definition]
88469. mult(c3,X1) = mult(c1,mult(c3,X1)) <- (299) [avatar component clause 88468]
88470. 55 | 299 | ~1 | ~6 | 14 | 16 | ~17 [avatar split clause 88466,127,123,115,82,61,88468,5394]
88684. c2 = mult(c1,c1) <- (47, 277) [forward demodulation 78077,2991]
89008. c1 = mult(c3,c1) <- (1, 6, 18) [forward demodulation 406,84]
89212. e = mult(c3,mult(c1,i(c1))) <- (1, 6, 18) [superposition 29,89008]
89247. e = mult(c3,e) <- (1, 6, 18) [forward demodulation 89212,12]
89250. e = c3 <- (1, 6, 18) [forward demodulation 89247,13]
89253. $false <- (1, 6, ~10, 18) [forward subsumption resolution 89250,100]
89254. ~1 | ~6 | 10 | ~18 [avatar contradiction clause 89253]
89273. c3 = i(c3) | c1 = i(c3) | c2 = c4 | c3 = c4 | c1 = c4 <- (11, ~40, ~42) [forward subsumption resolution 87503,1798]
89279. op_b = mult(c4,c4) | mult(op_b,op_a) = c2 | mult(op_b,op_a) = c1 | c2 = i(op_a) | c3 = i(op_a) | c1 = i(op_a) <- (1, 6, 19) [forward subsumption resolution 79014,11210]
89289. c1 = i(c3) | c2 = c4 | c3 = c4 | c1 = c4 <- (11, ~39, ~40, ~42) [forward subsumption resolution 89273,1794]
89295. c1 = mult(c4,c4) | mult(op_b,op_a) = c2 | mult(op_b,op_a) = c1 | c2 = i(op_a) | c3 = i(op_a) | c1 = i(op_a) <- (1, 6, 19) [forward demodulation 89279,63]
89298. c2 = c4 | c3 = c4 | c1 = c4 <- (11, ~38, ~39, ~40, ~42) [forward subsumption resolution 89289,1790]
89304. mult(op_b,op_a) = c2 | mult(op_b,op_a) = c1 | c2 = i(op_a) | c3 = i(op_a) | c1 = i(op_a) <- (1, 6, 19, ~56) [forward subsumption resolution 89295,5398]
89307. c3 = c4 | c1 = c4 <- (11, ~38, ~39, ~40, ~42) [forward subsumption resolution 89298,21]
89316. c2 = mult(op_b,c3) | mult(op_b,op_a) = c1 | c2 = i(op_a) | c3 = i(op_a) | c1 = i(op_a) <- (1, 6, 19, ~56) [forward demodulation 89304,84]
89318. c1 = c4 <- (11, ~38, ~39, ~40, ~42) [forward subsumption resolution 89307,22]
89321. c2 = mult(c1,c3) | mult(op_b,op_a) = c1 | c2 = i(op_a) | c3 = i(op_a) | c1 = i(op_a) <- (1, 6, 19, ~56) [forward demodulation 89316,63]
89323. $false <- (11, ~38, ~39, ~40, ~42) [forward subsumption resolution 89318,19]
89324. ~11 | 38 | 39 | 40 | 42 [avatar contradiction clause 89323]
89327. mult(op_b,op_a) = c1 | c2 = i(op_a) | c3 = i(op_a) | c1 = i(op_a) <- (1, 6, ~16, 19, ~56) [forward subsumption resolution 89321,445]
89333. c1 = mult(op_b,c3) | c2 = i(op_a) | c3 = i(op_a) | c1 = i(op_a) <- (1, 6, ~16, 19, ~56) [forward demodulation 89327,84]
89334. c1 = mult(c1,c3) | c2 = i(op_a) | c3 = i(op_a) | c1 = i(op_a) <- (1, 6, ~16, 19, ~56) [forward demodulation 89333,63]
89335. c2 = i(op_a) | c3 = i(op_a) | c1 = i(op_a) <- (1, 6, ~14, ~16, 19, ~56) [forward subsumption resolution 89334,400]
89336. c2 = i(c3) | c3 = i(op_a) | c1 = i(op_a) <- (1, 6, ~14, ~16, 19, ~56) [forward demodulation 89335,84]
89337. c3 = i(op_a) | c1 = i(op_a) <- (1, 6, ~14, ~16, 19, ~40, ~56) [forward subsumption resolution 89336,1798]
89338. c3 = i(c3) | c1 = i(op_a) <- (1, 6, ~14, ~16, 19, ~40, ~56) [forward demodulation 89337,84]
89339. c1 = i(op_a) <- (1, 6, ~14, ~16, 19, ~39, ~40, ~56) [forward subsumption resolution 89338,1794]
89340. c1 = i(c3) <- (1, 6, ~14, ~16, 19, ~39, ~40, ~56) [forward demodulation 89339,84]
89341. $false <- (1, 6, ~14, ~16, 19, ~38, ~39, ~40, ~56) [forward subsumption resolution 89340,1790]
89342. ~1 | ~6 | 14 | 16 | ~19 | 38 | 39 | 40 | 56 [avatar contradiction clause 89341]
89927. c2 != mult(c1,c1) <- (47, ~277) [forward demodulation 78076,2991]
89940. c2 = mult(c3,X0) | c2 = X0 | c3 = X0 | c1 = X0 <- (42) [superposition 2303,16]
89982. mult(c2,X0) = mult(c3,mult(c4,X0)) <- (42) [superposition 14,2303]
90022. mult(c3,mult(c4,X0)) = X0 <- (42, 66) [forward demodulation 89982,33100]
90026. 288 | ~42 [avatar split clause 89940,2301,86532]
90357. 300 <=> ! [X1] : mult(c3,mult(c3,X1)) = X1 [avatar definition]
90358. mult(c3,mult(c3,X1)) = X1 <- (300) [avatar component clause 90357]
90499. 301 <=> c1 = i(i(c3)) [avatar definition]
90500. c1 != i(i(c3)) <- (~301) [avatar component clause 90499]
90501. c1 = i(i(c3)) <- (301) [avatar component clause 90499]
90739. e = mult(i(X0),X0) [superposition 12,6697]
90791. mult(e,X0) = X0 [superposition 6461,6697]
90800. mult(c2,X0) = i(i(X0)) <- (66) [superposition 33100,6697]
90812. i(i(X0)) = X0 <- (66) [forward demodulation 90800,33100]
91193. c4 = mult(e,i(mult(e,c1))) <- (47) [superposition 6857,2991]
91207. i(X0) = mult(e,i(X0)) [superposition 6857,6461]
91210. i(X0) = mult(e,i(mult(e,X0))) [superposition 6857,6697]
91227. mult(e,i(c4)) = X0 | c2 = mult(e,i(X0)) | c3 = mult(e,i(X0)) | c1 = mult(e,i(X0)) [superposition 6857,16]
91266. mult(X1,X0) = mult(X1,i(mult(e,i(X0)))) [superposition 23,6857]
91269. e = mult(e,mult(i(mult(e,i(X0))),i(X0))) [superposition 29,6857]
91342. c4 = mult(c2,i(mult(c2,c1))) <- (11, 47) [forward demodulation 91193,105]
91384. c4 = i(mult(c2,c1)) <- (11, 47, 66) [forward demodulation 91342,33100]
91421. c4 = i(c1) <- (11, 47, 66) [forward demodulation 91384,33100]
91558. c4 = i(c1) <- (47, 66) [superposition 90812,2991]
91617. i(X0) = mult(e,mult(X1,i(mult(X0,X1)))) <- (66) [superposition 6464,90812]
91630. i(X0) = mult(c2,mult(X1,i(mult(X0,X1)))) <- (11, 66) [forward demodulation 91617,105]
91653. i(X0) = mult(X1,i(mult(X0,X1))) <- (11, 66) [forward demodulation 91630,33100]
91722. mult(i(i(X0)),i(e)) = X0 [superposition 7092,12]
91831. mult(X0,X2) = mult(X1,mult(i(mult(i(X0),X1)),X2)) [superposition 14,7092]
91964. i(i(X0)) = X0 [forward demodulation 91722,39]
92175. mult(c4,c4) = mult(X0,i(mult(c2,X0))) <- (296) [superposition 7092,88023]
92194. mult(c4,c4) = i(c2) <- (11, 66, 296) [forward demodulation 92175,91653]
92211. c2 = mult(c4,c4) <- (11, 54, 66, 296) [forward demodulation 92194,5336]
92221. $false <- (11, 54, ~58, 66, 296) [forward subsumption resolution 92211,5739]
92222. ~11 | ~54 | 58 | ~66 | ~296 [avatar contradiction clause 92221]
92277. mult(c4,c2) = mult(c3,c1) <- (181, 251) [superposition 58597,65983]
92279. mult(c4,c3) = mult(c3,c4) <- (158, 181) [superposition 58597,57835]
92291. mult(c4,e) = mult(c3,i(c4)) <- (181) [superposition 58597,12]
92323. mult(c4,c4) = mult(c3,e) <- (181) [superposition 58597,13]
92404. c4 = mult(c3,i(mult(e,c4))) <- (181) [superposition 6463,58597]
92455. c4 = mult(c3,i(mult(c2,c4))) <- (11, 181) [forward demodulation 92404,105]
92466. c3 = mult(c4,c4) <- (181) [forward demodulation 92323,13]
92483. $false <- (~4, 6, 158, 181) [forward subsumption resolution 92279,63799]
92484. 4 | ~6 | ~158 | ~181 [avatar contradiction clause 92483]
92494. c4 = mult(c3,i(c4)) <- (11, 66, 181) [forward demodulation 92455,33100]
92523. c1 = mult(c3,c4) <- (4, 6, 24) [forward demodulation 6561,84]
92544. 127 | ~6 | 28 [avatar split clause 80346,230,82,47638]
92551. 254 | ~4 | ~6 | ~24 [avatar split clause 92523,185,82,73,66804]
92590. c1 = i(c1) <- (56, 294) [forward demodulation 88015,5399]
92609. 37 | ~56 | ~294 [avatar split clause 92590,88013,5397,563]
92649. c4 = i(mult(e,c4)) <- (77, 181) [forward demodulation 92404,33402]
92660. 158 | ~181 [avatar split clause 92466,58596,57834]
92664. i(c4) = mult(c4,e) <- (77, 181) [forward demodulation 92291,33402]
92802. c2 = c4 <- (42, 66, 298) [forward demodulation 88031,90022]
92816. c1 != mult(c1,c3) <- (48, ~276) [forward demodulation 78072,2995]
92848. $false <- (42, 66, 298) [forward subsumption resolution 92802,21]
92849. ~42 | ~66 | ~298 [avatar contradiction clause 92848]
92928. 304 <=> ! [X0] : (c3 != mult(c3,X0) | c2 = X0 | c1 = X0 | c3 = X0) [avatar definition]
92929. c3 != mult(c3,X0) | c2 = X0 | c1 = X0 | c3 = X0 <- (304) [avatar component clause 92928]
93218. mult(c4,X0) = mult(c3,mult(c1,X0)) <- (1, 6, 17) [superposition 14,10141]
93333. mult(X1,c4) = mult(X1,c3) | c1 = X0 | c3 = X0 | c2 = X0 | c2 = mult(X0,c3) | c2 = mult(e,i(c4)) | c1 = mult(e,i(c4)) <- (11, 48) [forward demodulation 66706,2995]
93348. c2 = mult(e,c3) | mult(X1,c4) = mult(X1,c3) | c1 = X0 | c3 = X0 | c2 = X0 | c2 = mult(X0,c3) | c1 = mult(e,i(c4)) <- (11, 48) [forward demodulation 93333,2995]
93352. c2 = mult(c2,c3) | mult(X1,c4) = mult(X1,c3) | c1 = X0 | c3 = X0 | c2 = X0 | c2 = mult(X0,c3) | c1 = mult(e,i(c4)) <- (11, 48) [forward demodulation 93348,105]
93355. c2 = c3 | mult(X1,c4) = mult(X1,c3) | c1 = X0 | c3 = X0 | c2 = X0 | c2 = mult(X0,c3) | c1 = mult(e,i(c4)) <- (11, 48, 66) [forward demodulation 93352,33100]
93357. mult(X1,c4) = mult(X1,c3) | c1 = X0 | c3 = X0 | c2 = X0 | c2 = mult(X0,c3) | c1 = mult(e,i(c4)) <- (11, 48, 66) [forward subsumption resolution 93355,20]
93359. c1 = mult(e,c3) | mult(X1,c4) = mult(X1,c3) | c1 = X0 | c3 = X0 | c2 = X0 | c2 = mult(X0,c3) <- (11, 48, 66) [forward demodulation 93357,2995]
93360. c1 = mult(c2,c3) | mult(X1,c4) = mult(X1,c3) | c1 = X0 | c3 = X0 | c2 = X0 | c2 = mult(X0,c3) <- (11, 48, 66) [forward demodulation 93359,105]
93361. c1 = c3 | mult(X1,c4) = mult(X1,c3) | c1 = X0 | c3 = X0 | c2 = X0 | c2 = mult(X0,c3) <- (11, 48, 66) [forward demodulation 93360,33100]
93362. mult(X1,c4) = mult(X1,c3) | c1 = X0 | c3 = X0 | c2 = X0 | c2 = mult(X0,c3) <- (11, 48, 66) [forward subsumption resolution 93361,18]
93363. 270 | 271 | ~11 | ~48 | ~66 [avatar split clause 93362,33099,2993,103,77426,77423]
93402. mult(X0,c1) = mult(c1,X0) | c2 = X0 | c3 = X0 | c1 = X0 <- (1, 8) [superposition 1953,16]
93460. mult(mult(c1,c4),X0) = mult(c4,mult(c1,X0)) <- (1, 8) [superposition 14,1953]
93493. mult(c3,X0) = mult(mult(c1,c4),X0) <- (1, 8, 252) [forward demodulation 93460,65986]
93501. mult(c3,X0) = mult(c1,mult(c4,X0)) <- (1, 8, 252) [forward demodulation 93493,14]
94066. 306 <=> c2 = i(mult(c1,c4)) [avatar definition]
94067. c2 != i(mult(c1,c4)) <- (~306) [avatar component clause 94066]
94068. c2 = i(mult(c1,c4)) <- (306) [avatar component clause 94066]
94070. 307 <=> c1 = i(mult(c1,c4)) [avatar definition]
94071. c1 != i(mult(c1,c4)) <- (~307) [avatar component clause 94070]
94072. c1 = i(mult(c1,c4)) <- (307) [avatar component clause 94070]
94146. c3 != mult(c3,c1) <- (~51, 56) [superposition 3309,5399]
94251. mult(c3,e) = mult(c4,i(c1)) <- (1, 6, 17) [superposition 93218,12]
94467. mult(c4,c1) = mult(c3,e) <- (1, 6, 17, 37) [forward demodulation 94251,565]
94485. c3 = mult(c4,c1) <- (1, 6, 17, 37) [forward demodulation 94467,13]
94977. c3 = mult(c1,c4) | c2 = c4 | c3 = c4 | c1 = c4 <- (1, 6, 8, 17, 37) [superposition 94485,93402]
95009. c3 = mult(c1,c4) | c2 = c4 | c3 = c4 | c1 = c4 <- (1, 6, 8, 17, 37) [superposition 93402,94485]
95044. c2 = c4 | c3 = c4 | c1 = c4 <- (1, 6, 8, 17, ~25, 37) [forward subsumption resolution 95009,10978]
95048. c2 = c4 | c3 = c4 | c1 = c4 <- (1, 6, 8, 17, ~25, 37) [forward subsumption resolution 94977,10978]
95052. c3 = c4 | c1 = c4 <- (1, 6, 8, 17, ~25, 37) [forward subsumption resolution 95044,21]
95053. c3 = c4 | c1 = c4 <- (1, 6, 8, 17, ~25, 37) [forward subsumption resolution 95048,21]
95055. c1 = c4 <- (1, 6, 8, 17, ~25, 37) [forward subsumption resolution 95052,22]
95056. c1 = c4 <- (1, 6, 8, 17, ~25, 37) [forward subsumption resolution 95053,22]
95058. $false <- (1, 6, 8, 17, ~25, 37) [forward subsumption resolution 95055,19]
95059. ~1 | ~6 | ~8 | ~17 | 25 | ~37 [avatar contradiction clause 95058]
95060. $false <- (1, 6, 8, 17, ~25, 37) [forward subsumption resolution 95056,19]
95061. ~1 | ~6 | ~8 | ~17 | 25 | ~37 [avatar contradiction clause 95060]
95118. c3 = mult(c1,c4) <- (11, 48, 289) [forward demodulation 86537,8903]
95251. $false <- (1, 6, 19, ~51, 56) [forward subsumption resolution 94146,11210]
95252. ~1 | ~6 | ~19 | 51 | ~56 [avatar contradiction clause 95251]
95309. c2 = mult(c4,c3) <- (42, 158, 181) [forward demodulation 92279,2303]
95312. c4 = mult(c3,c3) <- (11, 48, 66, 181) [forward demodulation 92494,2995]
95321. c3 != mult(c1,c4) <- (11, 48, ~289) [forward demodulation 86536,8903]
95515. mult(c4,X0) = mult(c3,mult(c1,X0)) <- (1, 6, 17) [superposition 14,10141]
95594. c3 != mult(c1,X0) | c2 = X0 | c3 = X0 | c1 = X0 <- (1, ~25) [superposition 1144,16]
95752. c3 != mult(c3,c1) <- (~51, 56) [superposition 3309,5399]
95858. mult(c3,e) = mult(c4,i(c1)) <- (1, 6, 17) [superposition 95515,12]
96400. mult(c2,X0) = mult(c3,mult(c3,X0)) <- (246) [superposition 14,63188]
96440. mult(c3,mult(c3,X0)) = X0 <- (66, 246) [forward demodulation 96400,33100]
96444. 300 | ~66 | ~246 [avatar split clause 96440,63186,33099,90357]
96898. e = mult(c1,e) <- (299) [superposition 88469,12]
97078. e = c1 <- (299) [forward demodulation 96898,13]
97113. $false <- (~9, 299) [forward subsumption resolution 97078,96]
97114. 9 | ~299 [avatar contradiction clause 97113]
97162. c3 = c4 <- (36, 47, 66) [forward demodulation 91558,561]
97200. c1 = X0 | c3 = X0 | c2 = X0 | mult(X1,c4) = mult(X1,i(c4)) | c2 = mult(e,i(c4)) | c1 = mult(e,i(c4)) <- (11, 127) [forward subsumption resolution 66706,47639]
97234. mult(c4,c3) = mult(c3,e) <- (1, 6, 17, 36) [forward demodulation 95858,561]
97276. $false <- (36, 47, 66) [forward subsumption resolution 97162,22]
97277. ~36 | ~47 | ~66 [avatar contradiction clause 97276]
97299. c3 = mult(c4,c3) <- (1, 6, 17, 36) [forward demodulation 97234,13]
97317. $false <- (1, 6, 17, ~26, 36) [forward subsumption resolution 97299,2067]
97318. ~1 | ~6 | ~17 | 26 | ~36 [avatar contradiction clause 97317]
97365. c1 = i(c2) <- (58, 294) [forward demodulation 88015,5740]
97386. c2 = mult(c2,i(c4)) | c1 = X0 | c3 = X0 | c2 = X0 | mult(X1,c4) = mult(X1,i(c4)) | c1 = mult(e,i(c4)) <- (11, 127) [forward demodulation 97200,105]
97393. c2 != mult(c1,c3) | c3 = X0 | op_a = X0 | c1 = X0 | op_a = c2 | c2 = X0 <- (1, ~5, 6, 20) [forward demodulation 30607,11129]
97426. $false <- (~52, 58, 294) [forward subsumption resolution 97365,5327]
97427. 52 | ~58 | ~294 [avatar contradiction clause 97426]
97444. c2 = i(c4) | c1 = X0 | c3 = X0 | c2 = X0 | mult(X1,c4) = mult(X1,i(c4)) | c1 = mult(e,i(c4)) <- (11, 66, 127) [forward demodulation 97386,33100]
97445. c3 = X0 | op_a = X0 | c1 = X0 | op_a = c2 | c2 = X0 <- (1, ~5, 6, 16, 20) [forward subsumption resolution 97393,79010]
97468. c1 = X0 | c3 = X0 | c2 = X0 | mult(X1,c4) = mult(X1,i(c4)) | c1 = mult(e,i(c4)) <- (11, ~49, 66, 127) [forward subsumption resolution 97444,2998]
97469. c3 = X0 | c3 = X0 | c1 = X0 | op_a = c2 | c2 = X0 <- (1, ~5, 6, 16, 20) [forward demodulation 97445,84]
97470. c3 = X0 | c1 = X0 | op_a = c2 | c2 = X0 <- (1, ~5, 6, 16, 20) [duplicate literal removal 97469]
97482. c1 = mult(c2,i(c4)) | c1 = X0 | c3 = X0 | c2 = X0 | mult(X1,c4) = mult(X1,i(c4)) <- (11, ~49, 66, 127) [forward demodulation 97468,105]
97483. c2 = c3 | c3 = X0 | c1 = X0 | c2 = X0 <- (1, ~5, 6, 16, 20) [forward demodulation 97470,84]
97487. c1 = i(c4) | c1 = X0 | c3 = X0 | c2 = X0 | mult(X1,c4) = mult(X1,i(c4)) <- (11, ~49, 66, 127) [forward demodulation 97482,33100]
97488. c3 = X0 | c1 = X0 | c2 = X0 <- (1, ~5, 6, 16, 20) [forward subsumption resolution 97483,20]
97490. c1 = X0 | c3 = X0 | c2 = X0 | mult(X1,c4) = mult(X1,i(c4)) <- (11, ~47, ~49, 66, 127) [forward subsumption resolution 97487,2990]
97491. 55 | ~1 | 5 | ~6 | ~16 | ~20 [avatar split clause 97488,159,123,82,78,61,5394]
97493. 314 <=> ! [X1] : mult(X1,c4) = mult(X1,i(c4)) [avatar definition]
97494. mult(X1,c4) = mult(X1,i(c4)) <- (314) [avatar component clause 97493]
97495. 314 | 55 | ~11 | 47 | 49 | ~66 | ~127 [avatar split clause 97490,47638,33099,2997,2989,103,5394,97493]
97704. op_b = c1 <- (12, 23) [forward demodulation 182,108]
97719. c2 != mult(c1,c4) <- (1, 8, ~251) [forward demodulation 65982,1953]
97727. c2 != mult(c1,c3) <- (39, ~286) [forward demodulation 86525,1795]
98095. $false <- (~11, 66) [forward subsumption resolution 72778,104]
98096. 11 | ~66 [avatar contradiction clause 98095]
98142. e = mult(i(mult(e,i(X0))),i(X0)) <- (~9, ~10, ~11, 13) [forward demodulation 91269,7881]
98611. e = mult(i(i(X0)),i(X0)) <- (~9, ~10, ~11, 13) [forward demodulation 98142,7887]
98928. e = c4 <- (~9, ~10, ~11, 13) [forward demodulation 98611,7893]
99611. c1 != i(c3) <- (39, ~301) [forward demodulation 90500,1795]
100473. i(X0) != c1 | c2 = X0 | c3 = X0 | c1 = X0 <- (~47) [superposition 2990,16]
103279. c1 = i(c2) <- (35) [superposition 91964,557]
103280. c2 = i(c1) <- (52) [superposition 91964,5328]
103283. i(c4) = X0 | i(X0) = c2 | i(X0) = c3 | i(X0) = c1 [superposition 91964,16]
103327. mult(X0,X1) = mult(e,mult(X0,X1)) [superposition 6460,91964]
103336. i(X0) = mult(e,i(mult(e,X0))) [superposition 6857,91964]
103337. i(X0) = mult(X1,i(mult(X0,X1))) [superposition 7092,91964]
103338. i(X0) = i(mult(e,X0)) <- (~9, ~10, ~11, 13) [forward demodulation 103336,7887]
104055. c3 = mult(c1,X0) | c3 = i(c4) | c3 = X0 | c1 = i(c4) | c2 = X0 | c2 = i(c4) | c1 = X0 <- (278) [superposition 78081,41]
104124. c3 = i(c4) | c3 = X0 | c1 = i(c4) | c2 = X0 | c2 = i(c4) | c1 = X0 <- (1, ~25, 278) [forward subsumption resolution 104055,95594]
104135. c3 = X0 | c1 = i(c4) | c2 = X0 | c2 = i(c4) | c1 = X0 <- (1, ~25, ~48, 278) [forward subsumption resolution 104124,2994]
104141. c3 = X0 | c2 = X0 | c2 = i(c4) | c1 = X0 <- (1, ~25, ~47, ~48, 278) [forward subsumption resolution 104135,2990]
104146. c3 = X0 | c2 = X0 | c1 = X0 <- (1, ~25, ~47, ~48, ~49, 278) [forward subsumption resolution 104141,2998]
104151. 55 | ~1 | 25 | 47 | 48 | 49 | ~278 [avatar split clause 104146,78079,2997,2993,2989,202,61,5394]
104518. c3 = i(mult(c1,i(c3))) <- (1, 6, ~9, ~10, ~11, 13, 19) [superposition 7860,11210]
104661. mult(X0,e) = mult(e,X0) <- (~9, ~10, ~11, 13) [superposition 6857,7860]
104667. mult(mult(X1,i(mult(X0,X1))),X2) = mult(e,mult(i(X0),X2)) <- (~9, ~10, ~11, 13) [superposition 6460,7860]
104678. mult(mult(X1,i(mult(X0,X1))),X2) = mult(i(X0),X2) <- (~9, ~10, ~11, 13) [forward demodulation 104667,7881]
104712. c3 = i(mult(c1,c3)) <- (1, 6, ~9, ~10, ~11, 13, 19, 39) [forward demodulation 104518,1795]
104747. mult(X1,mult(i(mult(X0,X1)),X2)) = mult(i(X0),X2) <- (~9, ~10, ~11, 13) [forward demodulation 104678,14]
106493. i(X0) = i(mult(X0,i(c4))) <- (~9, ~10, ~11, 13) [superposition 7860,7893]
106540. i(X0) = i(mult(X0,c4)) <- (~9, ~10, ~11, 13) [forward demodulation 106493,8347]
106827. mult(c3,c1) = mult(c3,mult(i(i(X0)),i(X0))) <- (281) [superposition 78879,6810]
106844. c3 = mult(c3,c1) <- (281) [forward demodulation 106827,6810]
107274. c3 = mult(e,i(mult(mult(c4,c4),i(c3)))) <- (51) [superposition 7270,3310]
107357. mult(e,i(mult(c4,i(mult(X0,X1))))) = X0 | c3 = X1 | c2 = X1 | c1 = X1 [superposition 7270,1830]
107856. e = mult(mult(c1,c3),c3) <- (1, 6, ~9, ~10, ~11, 13, 19, 39) [superposition 12,104712]
107887. e = mult(c1,mult(c3,c3)) <- (1, 6, ~9, ~10, ~11, 13, 19, 39) [forward demodulation 107856,14]
107903. e = mult(c1,c4) <- (1, 6, ~9, ~10, ~11, 13, 19, 39) [forward demodulation 107887,13551]
107920. e = c1 <- (1, 6, 8, ~9, ~10, ~11, 13, 19, 39) [forward demodulation 107903,13210]
107932. $false <- (1, 6, 8, ~9, ~10, ~11, 13, 19, 39) [forward subsumption resolution 107920,96]
107933. ~1 | ~6 | ~8 | 9 | 10 | 11 | ~13 | ~19 | ~39 [avatar contradiction clause 107932]
108029. c4 = mult(X1,mult(X2,X0)) | c3 = i(mult(X1,X2)) | c3 = X0 | c1 = i(mult(X1,X2)) | c2 = X0 | c2 = i(mult(X1,X2)) | c1 = X0 <- (~9, ~10, ~11, 12, 13) [forward demodulation 714,13653]
109309. op_a != mult(op_a,c4) <- (~4, 13) [forward demodulation 75,7657]
109332. $false <- (~4, 12, 13) [forward subsumption resolution 109309,108]
109333. 4 | ~12 | ~13 [avatar contradiction clause 109332]
109605. mult(e,X0) = mult(c1,mult(c1,X0)) <- (37) [superposition 24,565]
109634. mult(c4,X0) = mult(c1,mult(c1,X0)) <- (~9, ~10, ~11, 12, 13, 37) [forward demodulation 109605,13653]
109638. mult(c1,mult(c1,X0)) = X0 <- (~9, ~10, ~11, 12, 13, 37) [forward demodulation 109634,7657]
110125. mult(e,X0) = mult(c3,mult(c2,X0)) <- (40) [superposition 24,1799]
110128. mult(c3,X0) = mult(e,mult(i(c2),X0)) <- (40) [superposition 6460,1799]
110135. c4 = mult(c2,c3) <- (~9, ~10, ~11, 13, 40) [superposition 7893,1799]
110136. c4 = mult(c3,c2) <- (~9, ~10, ~11, 13, 40) [superposition 10166,1799]
110157. mult(c3,X0) = mult(i(c2),X0) <- (~9, ~10, ~11, 13, 40) [forward demodulation 110128,7881]
110158. mult(c4,X0) = mult(c3,mult(c2,X0)) <- (~9, ~10, ~11, 12, 13, 40) [forward demodulation 110125,13653]
110163. mult(c3,mult(c2,X0)) = X0 <- (~9, ~10, ~11, 12, 13, 40) [forward demodulation 110158,7657]
110417. c3 = c4 | c3 = i(mult(c3,c4)) | c3 = c4 | c1 = i(mult(c3,c4)) | c2 = c4 | c2 = i(mult(c3,c4)) | c1 = c4 <- (~9, ~10, ~11, 12, 13, 51) [superposition 3310,108029]
110430. c3 = c4 | c3 = i(mult(c3,c4)) | c1 = i(mult(c3,c4)) | c2 = c4 | c2 = i(mult(c3,c4)) | c1 = c4 <- (~9, ~10, ~11, 12, 13, 51) [duplicate literal removal 110417]
110440. c3 = i(mult(c3,c4)) | c1 = i(mult(c3,c4)) | c2 = c4 | c2 = i(mult(c3,c4)) | c1 = c4 <- (~9, ~10, ~11, 12, 13, 51) [forward subsumption resolution 110430,22]
110515. c3 = i(mult(c3,c4)) | c1 = i(mult(c3,c4)) | c2 = i(mult(c3,c4)) | c1 = c4 <- (~9, ~10, ~11, 12, 13, 51) [forward subsumption resolution 110440,21]
110578. c3 = i(mult(c3,c4)) | c1 = i(mult(c3,c4)) | c2 = i(mult(c3,c4)) <- (~9, ~10, ~11, 12, 13, 51) [forward subsumption resolution 110515,19]
110631. c3 = i(c3) | c1 = i(mult(c3,c4)) | c2 = i(mult(c3,c4)) <- (~9, ~10, ~11, 12, 13, 51) [forward demodulation 110578,108]
110661. c1 = i(mult(c3,c4)) | c2 = i(mult(c3,c4)) <- (~9, ~10, ~11, 12, 13, ~39, 51) [forward subsumption resolution 110631,1794]
110682. c1 = i(c3) | c2 = i(mult(c3,c4)) <- (~9, ~10, ~11, 12, 13, ~39, 51) [forward demodulation 110661,108]
110698. c2 = i(mult(c3,c4)) <- (~9, ~10, ~11, 12, 13, ~38, ~39, 51) [forward subsumption resolution 110682,1790]
110707. c2 = i(c3) <- (~9, ~10, ~11, 12, 13, ~38, ~39, 51) [forward demodulation 110698,108]
110737. c3 = c4 <- (13, 48) [superposition 2995,8347]
110768. c4 = i(c3) <- (48) [superposition 91964,2995]
110772. c2 = c4 <- (40, 48) [forward demodulation 110768,1799]
110786. $false <- (13, 48) [forward subsumption resolution 110737,22]
110787. ~13 | ~48 [avatar contradiction clause 110786]
110790. $false <- (40, 48) [forward subsumption resolution 110772,21]
110791. ~40 | ~48 [avatar contradiction clause 110790]
110996. c2 = i(c3) <- (53) [superposition 91964,5332]
112089. mult(X1,i(X0)) = mult(e,i(mult(X0,i(X1)))) [superposition 7268,91964]
112093. mult(X0,c3) = mult(e,i(mult(c2,i(X0)))) <- (40) [superposition 7268,1799]
112148. mult(i(X1),X0) = mult(e,i(mult(i(X0),X1))) [superposition 7268,6697]
112192. mult(e,X0) = mult(mult(X0,i(X1)),X1) <- (~9, ~10, ~11, 13) [superposition 7268,7860]
112249. mult(i(X1),i(X0)) = mult(e,i(mult(X0,X1))) [superposition 6857,7268]
112291. i(mult(X0,X1)) = mult(i(X1),i(X0)) <- (~9, ~10, ~11, 13) [forward demodulation 112249,7887]
112303. mult(e,X0) = mult(X0,mult(i(X1),X1)) <- (~9, ~10, ~11, 13) [forward demodulation 112192,14]
112311. mult(i(X1),X0) = i(mult(i(X0),X1)) <- (~9, ~10, ~11, 13) [forward demodulation 112148,7887]
112332. mult(X0,c3) = i(mult(c2,i(X0))) <- (~9, ~10, ~11, 13, 40) [forward demodulation 112093,7887]
112336. mult(X1,i(X0)) = i(mult(X0,i(X1))) <- (~9, ~10, ~11, 13) [forward demodulation 112089,7887]
112359. mult(e,X0) = mult(X0,c4) <- (~9, ~10, ~11, 13) [forward demodulation 112303,7893]
113020. e = mult(X2,mult(i(mult(i(X1),i(X0))),mult(i(mult(X0,X1)),i(X2)))) [superposition 6880,7268]
113194. e = mult(mult(X0,i(mult(e,X0))),e) [superposition 6880,29]
113196. e = mult(mult(i(i(X0)),i(mult(e,X0))),e) [superposition 6880,7000]
113230. e = mult(mult(X1,i(mult(e,c4))),X0) | c3 = mult(X0,X1) | c2 = mult(X0,X1) | c1 = mult(X0,X1) [superposition 6880,1685]
113390. mult(X1,e) = mult(e,mult(X0,mult(i(mult(e,X0)),i(i(X1))))) [superposition 24,6880]
113433. mult(X1,e) = mult(X0,mult(i(mult(e,X0)),i(i(X1)))) <- (~9, ~10, ~11, 13) [forward demodulation 113390,7881]
113487. e = mult(i(i(X0)),mult(i(mult(e,X0)),e)) [forward demodulation 113196,14]
113489. e = mult(X0,mult(i(mult(e,X0)),e)) [forward demodulation 113194,14]
113573. mult(X1,e) = mult(i(e),i(i(X1))) <- (~9, ~10, ~11, 13) [forward demodulation 113433,104747]
113624. e = mult(i(i(X0)),i(mult(e,X0))) [forward demodulation 113487,13]
113707. mult(X1,e) = i(mult(i(X1),e)) <- (~9, ~10, ~11, 13) [forward demodulation 113573,112291]
113815. mult(X1,e) = mult(i(e),X1) <- (~9, ~10, ~11, 13) [forward demodulation 113707,112311]
114843. 318 <=> ! [X1] : mult(c3,X1) = mult(c1,mult(c2,X1)) [avatar definition]
114844. mult(c3,X1) = mult(c1,mult(c2,X1)) <- (318) [avatar component clause 114843]
114846. 319 <=> ! [X0] : (i(X0) = c3 | c2 = X0 | c1 = X0 | c3 = X0) [avatar definition]
114847. i(X0) = c3 | c2 = X0 | c1 = X0 | c3 = X0 <- (319) [avatar component clause 114846]
115025. mult(c2,X0) = mult(c3,mult(c1,X0)) <- (1, 6, 20) [superposition 14,11129]
115040. c3 = i(mult(c1,i(c2))) <- (1, 6, ~9, ~10, ~11, 13, 20) [superposition 7860,11129]
115058. c3 = mult(c2,i(c1)) <- (1, 6, ~9, ~10, ~11, 13, 20) [forward demodulation 115040,112336]
115063. c3 = mult(c2,c1) <- (1, 6, ~9, ~10, ~11, 13, 20, 37) [forward demodulation 115058,565]
115098. mult(c3,c4) = mult(c2,i(c1)) <- (1, 6, ~9, ~10, ~11, 13, 20) [superposition 115025,10166]
116431. mult(c4,c4) = mult(c3,c3) <- (51, 300) [superposition 90358,3310]
116465. mult(c3,e) = mult(X0,i(mult(i(i(c3)),X0))) <- (300) [superposition 90358,7000]
116617. i(c3) = mult(c3,e) <- (300) [forward demodulation 116465,7092]
116660. c3 = i(c3) <- (300) [forward demodulation 116617,13]
116688. $false <- (~39, 300) [forward subsumption resolution 116660,1794]
116689. 39 | ~300 [avatar contradiction clause 116688]
117170. c1 = mult(c3,c3) <- (1, 6, ~9, ~10, ~11, 12, 13, 20, 37, 40) [superposition 110163,115063]
117210. c4 = mult(c3,c2) <- (~9, ~10, ~11, 12, 13, 40) [superposition 110163,108]
117370. $false <- (1, 6, ~9, ~10, ~11, 12, 13, 20, 37, 40, ~247) [forward subsumption resolution 117170,63191]
117371. ~1 | ~6 | 9 | 10 | 11 | ~12 | ~13 | ~20 | ~37 | ~40 | 247 [avatar contradiction clause 117370]
118493. c3 = mult(e,i(mult(c3,i(c1)))) <- (247) [superposition 7270,63192]
118494. c3 = i(mult(c3,i(c1))) <- (~9, ~10, ~11, 13, 247) [superposition 7860,63192]
118514. c3 = mult(c1,i(c3)) <- (~9, ~10, ~11, 13, 247) [forward demodulation 118494,112336]
118515. c3 = i(mult(c3,i(c1))) <- (~9, ~10, ~11, 13, 247) [forward demodulation 118493,7887]
118520. c3 = mult(c1,c2) <- (~9, ~10, ~11, 13, 40, 247) [forward demodulation 118514,1799]
118521. c3 = mult(c1,i(c3)) <- (~9, ~10, ~11, 13, 247) [forward demodulation 118515,112336]
119399. c2 = mult(c1,c3) <- (~9, ~10, ~11, 12, 13, 37, 40, 247) [superposition 109638,118520]
119434. $false <- (1, 6, ~9, ~10, ~11, 12, 13, ~16, 37, 40, 247) [forward subsumption resolution 119399,445]
119435. ~1 | ~6 | 9 | 10 | 11 | ~12 | ~13 | 16 | ~37 | ~40 | ~247 [avatar contradiction clause 119434]
119467. c1 = mult(c3,c4) <- (~9, ~10, ~11, 13, 35, 40) [forward demodulation 22300,110157]
119485. 52 | ~35 [avatar split clause 103279,555,5326]
119515. mult(c3,c4) = mult(c2,c2) <- (1, 6, ~9, ~10, ~11, 13, 20, 35) [forward demodulation 115098,557]
119544. c1 = c3 <- (~9, ~10, ~11, 12, 13, 35, 40) [forward demodulation 119467,108]
119591. $false <- (~9, ~10, ~11, 12, 13, 35, 40) [forward subsumption resolution 119544,18]
119592. 9 | 10 | 11 | ~12 | ~13 | ~35 | ~40 [avatar contradiction clause 119591]
119746. c3 = mult(c2,c2) <- (1, 6, ~9, ~10, ~11, 12, 13, 20, 35) [forward demodulation 119515,108]
119754. 300 | 9 | 10 | 11 | ~13 | ~39 [avatar split clause 22380,1793,111,103,99,95,90357]
119941. 68 | ~1 | ~6 | 9 | 10 | 11 | ~12 | ~13 | ~20 | ~35 [avatar split clause 119746,555,159,111,107,103,99,95,82,61,33108]
120597. c2 = i(c1) <- (52) [superposition 91964,5328]
121061. c2 = mult(c1,c3) <- (6, 13, 26, 35, 68) [superposition 11923,33109]
121078. c2 = mult(e,i(mult(c2,i(c3)))) <- (68) [superposition 7270,33109]
121092. c2 = i(mult(c2,i(c3))) <- (~9, ~10, ~11, 13, 68) [forward demodulation 121078,7887]
121096. $false <- (1, 6, 13, ~16, 26, 35, 68) [forward subsumption resolution 121061,445]
121097. ~1 | ~6 | ~13 | 16 | ~26 | ~35 | ~68 [avatar contradiction clause 121096]
121100. c2 = mult(c3,i(c2)) <- (~9, ~10, ~11, 13, 68) [forward demodulation 121092,112336]
121102. c2 = mult(c3,c1) <- (~9, ~10, ~11, 13, 35, 68) [forward demodulation 121100,22276]
121654. e = c1 | c2 = i(mult(c1,c4)) | c1 = i(mult(c1,c4)) | c3 = i(mult(c1,c4)) <- (1, 8, 13, 46) [superposition 2596,12311]
121894. c2 = i(mult(c1,c4)) | c1 = i(mult(c1,c4)) | c3 = i(mult(c1,c4)) <- (1, 8, ~9, 13, 46) [forward subsumption resolution 121654,96]
121929. c2 = i(c1) | c1 = i(mult(c1,c4)) | c3 = i(mult(c1,c4)) <- (1, 8, ~9, 13, 46) [forward demodulation 121894,13210]
121951. c1 = i(mult(c1,c4)) | c3 = i(mult(c1,c4)) <- (1, 8, ~9, 13, ~35, 46) [forward subsumption resolution 121929,556]
121969. c1 = i(c1) | c3 = i(mult(c1,c4)) <- (1, 8, ~9, 13, ~35, 46) [forward demodulation 121951,13210]
123192. mult(X2,X3) = mult(X2,mult(i(mult(i(X1),i(X0))),mult(i(mult(X0,X1)),X3))) [superposition 6881,7268]
123400. mult(X1,X0) = mult(X1,i(mult(e,i(mult(e,X0))))) [superposition 6881,6463]
123405. mult(X0,e) = mult(X0,mult(i(mult(e,i(mult(e,X1)))),i(X1))) [superposition 6881,6880]
125338. c3 = i(mult(c2,i(c1))) <- (1, 6, ~9, ~10, ~11, 13, 20, 26, 39) [superposition 7860,21641]
125360. c3 = mult(c1,i(c2)) <- (1, 6, ~9, ~10, ~11, 13, 20, 26, 39) [forward demodulation 125338,112336]
126832. 40 | ~53 [avatar split clause 110996,5330,1797]
129406. mult(c4,X0) = mult(e,mult(i(mult(c1,i(mult(c1,c4)))),X0)) <- (1, 8) [superposition 7269,1953]
129881. mult(c4,X0) = mult(i(mult(c1,i(mult(c1,c4)))),X0) <- (1, 8, ~9, ~10, ~11, 13) [forward demodulation 129406,7881]
130046. mult(c4,X0) = mult(mult(mult(c1,c4),i(c1)),X0) <- (1, 8, ~9, ~10, ~11, 13) [forward demodulation 129881,112336]
130194. mult(c4,X0) = mult(mult(c1,c4),mult(i(c1),X0)) <- (1, 8, ~9, ~10, ~11, 13) [forward demodulation 130046,14]
130323. mult(c4,X0) = mult(c1,mult(c4,mult(i(c1),X0))) <- (1, 8, ~9, ~10, ~11, 13) [forward demodulation 130194,14]
130424. mult(c4,X0) = mult(c1,mult(i(c1),X0)) <- (1, 8, ~9, ~10, ~11, 13) [forward demodulation 130323,112]
130481. mult(e,X0) = mult(c4,X0) <- (1, 8, ~9, ~10, ~11, 13) [forward demodulation 130424,24]
130516. mult(e,X0) = X0 <- (1, 8, ~9, ~10, ~11, 13) [forward demodulation 130481,7657]
130672. c3 = c4 | c2 = mult(i(c3),c3) | c1 = mult(i(c3),c3) <- (~9, ~10, ~11, 13, 84) [superposition 7893,34592]
130700. c3 != c3 | c2 = mult(c3,c3) | c1 = mult(c3,c3) <- (84, ~198) [superposition 58863,34592]
130711. c2 = mult(c3,c3) | c1 = mult(c3,c3) <- (84, ~198) [trivial inequality removal 130700]
130761. c2 = mult(i(c3),c3) | c1 = mult(i(c3),c3) <- (~9, ~10, ~11, 13, 84) [forward subsumption resolution 130672,22]
130800. c2 = c4 | c1 = mult(i(c3),c3) <- (~9, ~10, ~11, 13, 84) [forward demodulation 130761,7893]
130821. c1 = mult(i(c3),c3) <- (~9, ~10, ~11, 13, 84) [forward subsumption resolution 130800,21]
130838. c1 = c4 <- (~9, ~10, ~11, 13, 84) [forward demodulation 130821,7893]
130845. $false <- (~9, ~10, ~11, 13, 84) [forward subsumption resolution 130838,19]
130846. 9 | 10 | 11 | ~13 | ~84 [avatar contradiction clause 130845]
130984. c3 = X0 | c1 = X0 | c2 = X0 <- (128) [superposition 47772,7057]
131377. 55 | ~128 [avatar split clause 130984,47771,5394]
132194. e = mult(X0,X1) | c3 = mult(X0,X1) | c2 = mult(X0,X1) | c1 = mult(X0,X1) <- (12) [forward demodulation 7961,108]
133681. e = mult(X1,mult(i(mult(e,c4)),X0)) | c3 = mult(X0,X1) | c2 = mult(X0,X1) | c1 = mult(X0,X1) [forward demodulation 113230,14]
147039. mult(c1,c3) = i(c2) <- (1, 6, ~9, ~10, ~11, 12, 13, 20, 26, 37, 39) [superposition 109638,125360]
147086. c2 = mult(c1,c3) <- (1, 6, ~9, ~10, ~11, 12, 13, 20, 26, 37, 39, 54) [forward demodulation 147039,5336]
147100. $false <- (1, 6, ~9, ~10, ~11, 12, 13, ~16, 20, 26, 37, 39, 54) [forward subsumption resolution 147086,445]
147101. ~1 | ~6 | 9 | 10 | 11 | ~12 | ~13 | 16 | ~20 | ~26 | ~37 | ~39 | ~54 [avatar contradiction clause 147100]
147274. mult(e,X0) = mult(c1,mult(c3,X0)) <- (36) [superposition 24,561]
147292. mult(X0,c1) = mult(e,i(mult(c3,i(X0)))) <- (36) [superposition 7268,561]
147295. c4 = mult(c3,c1) <- (~9, ~10, ~11, 13, 36) [superposition 7893,561]
147296. c4 = mult(c1,c3) <- (~9, ~10, ~11, 13, 36) [superposition 10166,561]
147297. c1 = i(c3) <- (36) [superposition 91964,561]
147307. mult(X0,c1) = i(mult(c3,i(X0))) <- (~9, ~10, ~11, 13, 36) [forward demodulation 147292,7887]
147323. mult(c4,X0) = mult(c1,mult(c3,X0)) <- (~9, ~10, ~11, 12, 13, 36) [forward demodulation 147274,13653]
147326. mult(X0,c1) = mult(X0,i(c3)) <- (~9, ~10, ~11, 13, 36) [forward demodulation 147307,112336]
147579. c2 = mult(c1,c3) <- (39, 286) [forward demodulation 86526,1795]
147714. c3 = mult(e,i(mult(c1,i(c4)))) <- (1, 6, 17) [superposition 7270,10141]
147724. c3 = i(mult(c1,i(c4))) <- (1, 6, ~9, ~10, ~11, 13, 17) [forward demodulation 147714,7887]
147741. c3 = mult(c4,i(c1)) <- (1, 6, ~9, ~10, ~11, 13, 17) [forward demodulation 147724,112336]
147756. c3 = i(c1) <- (1, 6, ~9, ~10, ~11, 13, 17) [forward demodulation 147741,7657]
147770. c2 = c3 <- (1, 6, ~9, ~10, ~11, 13, 17, 35) [forward demodulation 147756,557]
147777. $false <- (1, 6, ~9, ~10, ~11, 13, 17, 35) [forward subsumption resolution 147770,20]
147778. ~1 | ~6 | 9 | 10 | 11 | ~13 | ~17 | ~35 [avatar contradiction clause 147777]
147792. c3 = i(c1) | c1 = i(c1) <- (1, 8, ~9, 13, ~35, 46) [forward demodulation 121969,13210]
147794. mult(c1,mult(c3,X0)) = X0 <- (~9, ~10, ~11, 12, 13, 36) [forward demodulation 147323,7657]
147798. c2 = c4 <- (1, 6, ~9, ~10, ~11, 13, 16, 36) [forward demodulation 147296,79010]
147799. 38 | ~36 [avatar split clause 147297,559,1789]
147810. $false <- (38, 39, ~301) [forward subsumption resolution 99611,1791]
147811. ~38 | ~39 | 301 [avatar contradiction clause 147810]
147832. $false <- (1, 6, ~9, ~10, ~11, 13, 16, 36) [forward subsumption resolution 147798,21]
147833. ~1 | ~6 | 9 | 10 | 11 | ~13 | ~16 | ~36 [avatar contradiction clause 147832]
147872. c1 != mult(c2,c3) <- (3, 6, ~14) [forward demodulation 375,84]
147892. c1 != mult(op_a,c2) <- (3, ~18) [forward demodulation 152,71]
147893. op_b != c2 <- (12, ~27) [forward demodulation 226,108]
147896. op_b = mult(c4,op_b) <- (8, 12) [forward demodulation 91,108]
147899. c3 != mult(c2,c3) <- (3, 6, ~15) [forward demodulation 428,71]
147906. $false <- (~1, 12, 23) [forward subsumption resolution 97704,62]
147907. 1 | ~12 | ~23 [avatar contradiction clause 147906]
147914. c2 != mult(op_a,c2) <- (3, 16) [forward demodulation 221,71]
147915. c2 = mult(c2,c3) <- (3, 6, 16) [forward demodulation 78996,71]
147917. c4 = mult(op_a,c2) <- (3, 17) [forward demodulation 128,71]
147932. $false <- (3, 12, ~27) [forward subsumption resolution 147893,71]
147933. ~3 | ~12 | 27 [avatar contradiction clause 147932]
147940. c4 = mult(c3,c2) <- (3, 6, 17) [forward demodulation 147917,84]
147985. mult(c3,c3) != mult(c3,c3) <- (2, 6) [forward demodulation 10816,67]
147986. $false <- (2, 6) [trivial inequality removal 147985]
147987. ~2 | ~6 [avatar contradiction clause 147986]
148004. c1 != mult(op_a,c3) <- (2, ~18) [forward demodulation 152,67]
148016. c4 = mult(op_a,c3) <- (2, 17) [forward demodulation 128,67]
148017. c2 != mult(op_a,c3) <- (2, ~20) [forward demodulation 160,67]
148171. c4 = mult(op_a,c2) <- (3, 17) [forward demodulation 128,71]
148408. mult(c4,c3) = mult(X0,c2) | c2 = mult(X0,c2) | c3 = mult(X0,c2) | c1 = mult(X0,c2) <- (3, 6, 16) [superposition 46,147915]
148462. c3 = mult(X0,c2) | c2 = mult(X0,c2) | c3 = mult(X0,c2) | c1 = mult(X0,c2) <- (3, 6, 13, 16) [forward demodulation 148408,7657]
148463. c3 = mult(X0,c2) | c2 = mult(X0,c2) | c1 = mult(X0,c2) <- (3, 6, 13, 16) [duplicate literal removal 148462]
148472. 320 <=> ! [X0] : (c3 = mult(X0,c2) | c2 = mult(X0,c2) | c1 = mult(X0,c2)) [avatar definition]
148473. c3 = mult(X0,c2) | c2 = mult(X0,c2) | c1 = mult(X0,c2) <- (320) [avatar component clause 148472]
148478. 320 | ~3 | ~6 | ~13 | ~16 [avatar split clause 148463,123,111,82,69,148472]
148566. c3 = mult(e,i(mult(c2,i(c4)))) <- (3, 6, 17) [superposition 7270,147940]
148576. c3 = i(mult(c2,i(c4))) <- (3, 6, ~9, ~10, ~11, 13, 17) [forward demodulation 148566,7887]
148593. c3 = mult(c4,i(c2)) <- (3, 6, ~9, ~10, ~11, 13, 17) [forward demodulation 148576,112336]
148609. c3 = i(c2) <- (3, 6, ~9, ~10, ~11, 13, 17) [forward demodulation 148593,7657]
148620. $false <- (3, 6, ~9, ~10, ~11, 13, 17, ~53) [forward subsumption resolution 148609,5331]
148621. ~3 | ~6 | 9 | 10 | 11 | ~13 | ~17 | 53 [avatar contradiction clause 148620]
148632. c4 != mult(op_a,c2) <- (3, ~17) [forward demodulation 129,71]
148633. c1 = mult(op_a,c2) <- (3, 18) [forward demodulation 153,71]
148639. c4 != mult(c3,c2) <- (3, 6, ~17) [forward demodulation 148632,84]
148640. c1 = mult(c3,c2) <- (3, 6, 18) [forward demodulation 148633,84]
148902. c3 = i(mult(c2,i(c1))) <- (3, 6, ~9, ~10, ~11, 13, 18) [superposition 7860,148640]
148922. c3 = mult(c1,i(c2)) <- (3, 6, ~9, ~10, ~11, 13, 18) [forward demodulation 148902,112336]
149477. c1 = mult(e,i(mult(c3,i(c2)))) <- (39, 286) [superposition 7270,147579]
149498. c1 = i(mult(c3,i(c2))) <- (~9, ~10, ~11, 13, 39, 286) [forward demodulation 149477,7887]
149507. c1 = mult(c2,i(c3)) <- (~9, ~10, ~11, 13, 39, 286) [forward demodulation 149498,112336]
149516. c1 = mult(c2,c3) <- (~9, ~10, ~11, 13, 39, 286) [forward demodulation 149507,1795]
149521. $false <- (3, 6, ~9, ~10, ~11, 13, ~14, 39, 286) [forward subsumption resolution 149516,147872]
149522. ~3 | ~6 | 9 | 10 | 11 | ~13 | 14 | ~39 | ~286 [avatar contradiction clause 149521]
149786. 322 <=> c2 = mult(c2,c1) [avatar definition]
149787. c2 != mult(c2,c1) <- (~322) [avatar component clause 149786]
149788. c2 = mult(c2,c1) <- (322) [avatar component clause 149786]
149826. e = mult(e,mult(X0,mult(i(mult(c2,X0)),c2))) <- (54) [superposition 7086,5336]
149852. e = mult(X0,mult(i(mult(c2,X0)),c2)) <- (~9, ~10, ~11, 13, 54) [forward demodulation 149826,7881]
149868. e = mult(i(c2),c2) <- (~9, ~10, ~11, 13, 54) [forward demodulation 149852,104747]
149875. e = c4 <- (~9, ~10, ~11, 13, 54) [forward demodulation 149868,7893]
150330. c3 = X0 | c1 = X0 | i(X0) = c2 | c2 = X0 <- (248) [superposition 65910,91964]
150334. c3 = c4 | c1 = c4 | c2 = c4 | c2 = c4 <- (13, 248) [superposition 65910,8347]
150404. c3 != c3 | c1 = i(c1) | c1 = c2 | c2 = i(c1) <- (~36, 248) [superposition 560,65910]
150413. c1 = i(c1) | c1 = c2 | c2 = i(c1) <- (~36, 248) [trivial inequality removal 150404]
150418. c3 = c4 | c1 = c4 | c2 = c4 <- (13, 248) [duplicate literal removal 150334]
150423. c1 = c2 | c2 = i(c1) <- (~36, ~37, 248) [forward subsumption resolution 150413,564]
150482. c1 = c4 | c2 = c4 <- (13, 248) [forward subsumption resolution 150418,22]
150486. c3 = X0 | c1 = X0 | c2 = X0 <- (~49, 248) [forward subsumption resolution 150330,65461]
150490. c2 = i(c1) <- (~36, ~37, 248) [forward subsumption resolution 150423,17]
150535. c2 = c4 <- (13, 248) [forward subsumption resolution 150482,19]
150539. 55 | 49 | ~248 [avatar split clause 150486,65909,2997,5394]
150543. $false <- (~35, ~36, ~37, 248) [forward subsumption resolution 150490,556]
150544. 35 | 36 | 37 | ~248 [avatar contradiction clause 150543]
150574. $false <- (13, 248) [forward subsumption resolution 150535,21]
150575. ~13 | ~248 [avatar contradiction clause 150574]
151191. 40 | 9 | 10 | 11 | ~12 | ~13 | 38 | 39 | ~51 [avatar split clause 110707,3308,1793,1789,111,107,103,99,95,1797]
151197. mult(X0,c3) = mult(X0,i(c2)) <- (~9, ~10, ~11, 13, 40) [forward demodulation 112332,112336]
151216. $false <- (3, 6, ~9, ~10, ~11, 13, ~17, 40) [forward subsumption resolution 110136,148639]
151217. ~3 | ~6 | 9 | 10 | 11 | ~13 | 17 | ~40 [avatar contradiction clause 151216]
152946. c1 = c2 <- (13, 34) [forward demodulation 385,7657]
153137. i(X0) = mult(c1,i(mult(c1,X0))) <- (9) [forward demodulation 91210,97]
153139. i(X0) = mult(c1,i(X0)) <- (9) [forward demodulation 91207,97]
153206. mult(X0,X1) = mult(c1,mult(X0,X1)) <- (9) [forward demodulation 103327,97]
153271. c3 = mult(e,i(mult(c4,mult(c4,i(c3))))) <- (51) [forward demodulation 107274,14]
153311. c1 = c4 <- (6, 9, 26) [forward demodulation 10678,97]
153364. mult(X1,X0) = c1 | c2 = i(X1) | c3 = i(X1) | c1 = i(X1) | c2 = X0 | c3 = X0 | c1 = X0 <- (9) [forward demodulation 523,97]
153367. mult(c1,X1) = mult(X2,mult(X0,X1)) | c3 = i(X2) | c3 = X0 | c1 = i(X2) | c2 = X0 | c2 = i(X2) | c1 = X0 <- (9) [forward demodulation 712,97]
153442. mult(c1,X0) = X0 <- (9) [forward demodulation 90791,97]
153514. c1 = c4 <- (9, 199) [forward demodulation 87859,97]
153622. mult(c1,i(mult(X0,X1))) = mult(i(X1),i(X0)) <- (9) [forward demodulation 112249,97]
153649. mult(X1,i(X0)) = mult(c1,i(mult(X0,i(X1)))) <- (9) [forward demodulation 112089,97]
153694. c1 = mult(X2,mult(i(mult(i(X1),i(X0))),mult(i(mult(X0,X1)),i(X2)))) <- (9) [forward demodulation 113020,97]
153701. e = mult(X0,i(mult(e,X0))) [forward demodulation 113489,13]
153958. mult(X0,c1) = mult(X0,mult(i(mult(c1,i(mult(c1,X1)))),i(X1))) <- (9) [forward demodulation 123405,97]
155697. c1 = mult(X0,X1) | c3 = mult(X0,X1) | c2 = mult(X0,X1) | c1 = mult(X0,X1) <- (9, 12) [forward demodulation 132194,97]
155698. c1 = mult(X0,X1) | c3 = mult(X0,X1) | c2 = mult(X0,X1) <- (9, 12) [duplicate literal removal 155697]
156538. $false <- (13, 34) [forward subsumption resolution 152946,17]
156539. ~13 | ~34 [avatar contradiction clause 156538]
156824. $false <- (6, 9, 26) [forward subsumption resolution 153311,19]
156825. ~6 | ~9 | ~26 [avatar contradiction clause 156824]
156976. $false <- (9, 199) [forward subsumption resolution 153514,19]
156977. ~9 | ~199 [avatar contradiction clause 156976]
157135. c1 = mult(X2,i(X2)) <- (9) [forward demodulation 153694,123192]
157142. e = i(e) [forward demodulation 153701,103337]
158796. 128 | ~9 | ~12 [avatar split clause 155698,107,95,47771]
159890. c1 = i(c1) <- (9) [forward demodulation 157142,97]
162016. $false <- (9, ~37) [forward subsumption resolution 159890,564]
162017. ~9 | 37 [avatar contradiction clause 162016]
167693. 332 <=> ! [X1] : (c2 = X1 | c2 = i(X1) | c1 = X1 | c3 = X1) [avatar definition]
167694. c2 = i(X1) | c2 = X1 | c1 = X1 | c3 = X1 <- (332) [avatar component clause 167693]
168858. i(mult(X0,X1)) = mult(i(X1),i(X0)) <- (9) [forward demodulation 153622,153139]
168871. mult(X1,i(X0)) = i(mult(X0,i(X1))) <- (9) [forward demodulation 153649,153139]
168910. mult(X0,c1) = mult(X0,mult(i(i(X1)),i(X1))) <- (9) [forward demodulation 153958,153137]
169682. mult(c1,X0) = mult(X1,mult(c4,X0)) | c2 = i(X1) | c3 = i(X1) | c1 = i(X1) <- (9) [forward demodulation 310,97]
169780. c2 = X0 | i(X0) = c2 | i(X0) = c3 | i(X0) = c1 <- (49) [forward demodulation 103283,2999]
169781. c3 != i(c4) <- (9, ~278) [forward demodulation 78080,153139]
169981. mult(X2,mult(c4,X0)) = mult(c1,mult(X1,X0)) | c2 = mult(i(X2),X1) | c3 = mult(i(X2),X1) | c1 = mult(i(X2),X1) <- (9) [forward demodulation 1107,97]
170781. c4 != mult(c4,c2) <- (3, ~22) [forward demodulation 171,71]
170985. c3 = mult(e,i(mult(c4,mult(c4,c3)))) <- (39, 51) [forward demodulation 153271,1795]
171217. c1 = c3 <- (254, 255) [forward demodulation 66810,66806]
171427. c3 != mult(c2,c4) <- (3, ~25) [forward demodulation 203,71]
171428. mult(c2,c4) = mult(c4,c2) <- (3, 8) [forward demodulation 91,71]
171766. mult(X0,c1) = X0 <- (9) [forward demodulation 168910,6810]
172291. mult(X1,mult(c4,X0)) = X0 | c2 = i(X1) | c3 = i(X1) | c1 = i(X1) <- (9) [forward demodulation 169682,153442]
172355. 248 | ~49 [avatar split clause 169780,2997,65909]
172493. mult(X1,X0) = mult(X2,mult(c4,X0)) | c3 = mult(i(X2),X1) | c2 = mult(i(X2),X1) | c1 = mult(i(X2),X1) <- (9) [forward demodulation 169981,153206]
172651. 337 <=> c4 = mult(c4,c1) [avatar definition]
172652. c4 != mult(c4,c1) <- (~337) [avatar component clause 172651]
172653. c4 = mult(c4,c1) <- (337) [avatar component clause 172651]
173357. $false <- (254, 255) [forward subsumption resolution 171217,18]
173358. ~254 | ~255 [avatar contradiction clause 173357]
179442. ~33 | 4 | ~6 | ~254 [avatar split clause 77436,66804,82,73,355]
179464. c3 = mult(e,i(mult(c4,c2))) <- (6, 28, 39, 51) [forward demodulation 170985,2252]
179467. mult(op_a,X0) != mult(X0,op_a) | c3 = X0 | op_b = c1 | c2 = X0 | op_b = c2 | c1 = X0 <- (~2) [forward subsumption resolution 744,66]
179469. mult(op_a,op_b) != mult(c4,op_a) | op_b = c2 | op_b = c1 <- (~2) [forward subsumption resolution 4767,66]
179474. mult(c3,op_b) != X0 | mult(c3,X1) = mult(op_b,mult(op_a,X1)) | c3 = X0 | c1 = X0 | mult(op_b,op_a) = c2 | c2 = X0 | mult(op_b,op_a) = c1 <- (6) [forward demodulation 13054,84]
179480. c3 != mult(c3,op_b) <- (6, ~19) [forward demodulation 156,84]
179481. c2 != mult(c3,op_b) <- (6, 16) [forward demodulation 221,84]
179484. c4 != mult(c3,op_b) <- (6, ~17) [forward demodulation 129,84]
179485. c1 = mult(c3,op_b) <- (6, 18) [forward demodulation 153,84]
179553. c1 != mult(c4,op_b) <- (8, ~23) [forward demodulation 181,91]
179661. mult(op_a,X0) != mult(X0,op_a) | c3 = X0 | c2 = X0 | op_b = c2 | c1 = X0 <- (~1, ~2) [forward subsumption resolution 179467,62]
179663. mult(op_a,op_b) != mult(c4,op_a) | op_b = c1 <- (~2, ~3) [forward subsumption resolution 179469,70]
179668. mult(c3,X1) = mult(op_b,mult(c3,X1)) | mult(c3,op_b) != X0 | c3 = X0 | c1 = X0 | mult(op_b,op_a) = c2 | c2 = X0 | mult(op_b,op_a) = c1 <- (6) [forward demodulation 179474,84]
179830. mult(op_a,op_b) != mult(c4,op_a) <- (~1, ~2, ~3) [forward subsumption resolution 179663,62]
179943. mult(c4,c3) != mult(c3,op_b) <- (~1, ~2, ~3, 6) [forward demodulation 179830,84]
180037. c1 != mult(c4,c3) <- (~1, ~2, ~3, 6, 18) [forward demodulation 179943,179485]
180199. c1 = mult(c4,c4) <- (51, 247, 300) [forward demodulation 116431,63192]
180299. c3 = mult(c1,i(mult(c4,c2))) <- (6, 9, 28, 39, 51) [forward demodulation 179464,97]
180373. c3 = i(mult(c4,c2)) <- (6, 9, 28, 39, 51) [forward demodulation 180299,153139]
180653. c1 != mult(c4,c3) | op_b = c3 | op_b = c2 | op_b = c1 <- (6, ~14) [superposition 398,1830]
180676. c1 != mult(c4,c3) | op_b = c2 | op_b = c1 <- (~2, 6, ~14) [forward subsumption resolution 180653,66]
180680. c1 != mult(c4,c3) | op_b = c1 <- (~2, ~3, 6, ~14) [forward subsumption resolution 180676,70]
180684. c1 != mult(c4,c3) <- (~1, ~2, ~3, 6, ~14) [forward subsumption resolution 180680,62]
180956. mult(c2,X0) = mult(op_b,mult(c3,X0)) <- (6, 16) [superposition 14,78996]
180974. op_b = mult(e,i(mult(c3,i(c2)))) <- (6, 16) [superposition 7270,78996]
180992. op_b = mult(e,mult(c2,i(c3))) <- (6, 9, 16) [forward demodulation 180974,168871]
181005. op_b = mult(e,mult(c2,c3)) <- (6, 9, 16, 39) [forward demodulation 180992,1795]
181015. op_b = mult(c1,mult(c2,c3)) <- (6, 9, 16, 39) [forward demodulation 181005,97]
181024. op_b = mult(c2,c3) <- (6, 9, 16, 39) [forward demodulation 181015,153206]
181291. mult(op_b,mult(c4,X0)) = mult(mult(c4,op_b),X0) <- (8) [superposition 14,91]
181334. mult(op_b,mult(c4,X0)) = mult(c4,mult(op_b,X0)) <- (8) [forward demodulation 181291,14]
181349. 340 <=> c2 = mult(c4,op_b) [avatar definition]
181350. c2 != mult(c4,op_b) <- (~340) [avatar component clause 181349]
181351. c2 = mult(c4,op_b) <- (340) [avatar component clause 181349]
181356. 342 <=> c3 = mult(c4,op_b) [avatar definition]
181357. c3 != mult(c4,op_b) <- (~342) [avatar component clause 181356]
181358. c3 = mult(c4,op_b) <- (342) [avatar component clause 181356]
181391. i(X0) != c3 | c2 = X0 | c3 = X0 | c1 = X0 <- (~48) [superposition 2994,16]
181473. c4 != c4 | c2 = mult(c4,op_b) | c3 = mult(c4,op_b) | c1 = mult(c4,op_b) <- (~22) [superposition 171,16]
181476. c4 != X0 | c3 = mult(c4,op_b) | c3 = X0 | c1 = mult(c4,op_b) | c2 = X0 | c2 = mult(c4,op_b) | c1 = X0 <- (~22) [superposition 171,41]
181492. c2 = mult(c4,op_b) | c3 = mult(c4,op_b) | c1 = mult(c4,op_b) <- (~22) [trivial inequality removal 181473]
181608. c3 != mult(c4,c4) | op_b = c3 | op_b = c2 | op_b = c1 <- (~25) [superposition 203,1830]
181636. c3 != mult(c4,c4) | op_b = c2 | op_b = c1 <- (~2, ~25) [forward subsumption resolution 181608,66]
181646. c3 != mult(c4,c4) | op_b = c1 <- (~2, ~3, ~25) [forward subsumption resolution 181636,70]
181651. c3 != mult(c4,c4) <- (~1, ~2, ~3, ~25) [forward subsumption resolution 181646,62]
181662. c3 = mult(c4,op_b) | c3 = X0 | c1 = mult(c4,op_b) | c2 = X0 | c2 = mult(c4,op_b) | c1 = X0 <- (~22) [forward subsumption resolution 181476,16]
181718. c2 = mult(c4,op_b) <- (8, 27) [superposition 227,91]
181864. c2 != mult(c4,op_b) <- (8, ~27) [forward demodulation 226,91]
181906. c3 = mult(c4,op_b) | c1 = mult(c4,op_b) <- (~22, ~340) [forward subsumption resolution 181492,181350]
181908. c3 = X0 | c1 = mult(c4,op_b) | c2 = X0 | c2 = mult(c4,op_b) | c1 = X0 <- (~22, ~342) [forward subsumption resolution 181662,181357]
181917. c1 = mult(c4,op_b) <- (~22, ~340, ~342) [forward subsumption resolution 181906,181357]
181922. c3 = X0 | c2 = X0 | c2 = mult(c4,op_b) | c1 = X0 <- (8, ~22, ~23, ~342) [forward subsumption resolution 181908,179553]
181932. c3 = X0 | c2 = X0 | c1 = X0 <- (8, ~22, ~23, ~340, ~342) [forward subsumption resolution 181922,181350]
181939. 55 | ~8 | 22 | 23 | 340 | 342 [avatar split clause 181932,181356,181349,180,169,90,5394]
181985. c4 = mult(c4,c4) | op_b = c2 | op_b = c3 | op_b = c1 <- (22) [superposition 170,16]
182075. c4 = mult(c4,c4) | op_b = c3 | op_b = c1 <- (~3, 22) [forward subsumption resolution 181985,70]
182089. c4 = mult(c4,c4) | op_b = c1 <- (~2, ~3, 22) [forward subsumption resolution 182075,66]
182099. c4 = mult(c4,c4) <- (~1, ~2, ~3, 22) [forward subsumption resolution 182089,62]
182108. c1 = c4 <- (~1, ~2, ~3, 22, 56) [forward demodulation 182099,5399]
182114. $false <- (~1, ~2, ~3, 22, 56) [forward subsumption resolution 182108,19]
182115. 1 | 2 | 3 | ~22 | ~56 [avatar contradiction clause 182114]
182356. c3 = mult(c4,op_b) <- (8, 25) [superposition 91,204]
182473. c1 = mult(c4,c4) | op_b = c2 | op_b = c3 | op_b = c1 <- (23) [superposition 182,16]
182507. c1 = mult(c4,op_b) <- (8, 23) [superposition 182,91]
182549. mult(e,X0) = mult(op_b,mult(c4,mult(i(c1),X0))) <- (23) [superposition 320,182]
182565. op_b = mult(e,i(mult(c4,i(c1)))) <- (23) [superposition 7270,182]
182581. op_b = mult(e,mult(c1,i(c4))) <- (9, 23) [forward demodulation 182565,168871]
182591. mult(e,X0) = mult(c4,mult(op_b,mult(i(c1),X0))) <- (8, 23) [forward demodulation 182549,181334]
182601. op_b = mult(e,i(c4)) <- (9, 23) [forward demodulation 182581,153139]
182616. op_b = mult(c1,i(c4)) <- (9, 23) [forward demodulation 182601,97]
182629. op_b = i(c4) <- (9, 23) [forward demodulation 182616,153139]
182655. mult(e,X0) = mult(c4,mult(op_b,mult(c1,X0))) <- (8, 23, 37) [forward demodulation 182591,565]
182660. mult(e,X0) = mult(c4,mult(op_b,X0)) <- (8, 9, 23, 37) [forward demodulation 182655,153442]
182664. mult(c1,X0) = mult(c4,mult(op_b,X0)) <- (8, 9, 23, 37) [forward demodulation 182660,97]
182667. mult(c4,mult(op_b,X0)) = X0 <- (8, 9, 23, 37) [forward demodulation 182664,153442]
182716. e = mult(c4,mult(X0,mult(i(mult(e,X0)),op_b))) <- (9, 23) [superposition 6880,182629]
182727. c4 = i(op_b) <- (9, 23) [superposition 91964,182629]
182735. e = mult(c4,op_b) <- (9, 23) [forward demodulation 182716,6881]
182793. c3 != mult(X0,c3) | c3 = X0 | c2 = X0 | c1 = X0 <- (6, ~26) [superposition 2067,1830]
182824. c4 = i(c4) | op_b = c2 | op_b = c3 | op_b = c1 <- (9, 23) [superposition 182727,16]
182896. c4 = i(c4) | op_b = c3 | op_b = c1 <- (~3, 9, 23) [forward subsumption resolution 182824,70]
182910. c4 = i(c4) | op_b = c1 <- (~2, ~3, 9, 23) [forward subsumption resolution 182896,66]
182918. c4 = i(c4) <- (~1, ~2, ~3, 9, 23) [forward subsumption resolution 182910,62]
182998. c4 = mult(e,i(mult(c3,i(c2)))) <- (6, 28) [superposition 7270,2252]
183019. c4 = mult(e,mult(c2,i(c3))) <- (6, 9, 28) [forward demodulation 182998,168871]
183026. c4 = mult(e,mult(c2,c3)) <- (6, 9, 28, 39) [forward demodulation 183019,1795]
183033. c4 = mult(e,op_b) <- (6, 9, 16, 28, 39) [forward demodulation 183026,181024]
183039. c4 = mult(c1,op_b) <- (6, 9, 16, 28, 39) [forward demodulation 183033,97]
183044. op_b = c4 <- (6, 9, 16, 28, 39) [forward demodulation 183039,153442]
183094. c3 != mult(c3,c4) | op_b = c2 | op_b = c3 | op_b = c1 <- (6, ~19) [superposition 179480,16]
183097. c3 != mult(c3,X0) | op_b = c3 | c3 = X0 | op_b = c1 | c2 = X0 | op_b = c2 | c1 = X0 <- (6, ~19) [superposition 179480,41]
183168. c2 = i(c2) <- (58, 296) [forward demodulation 88023,5740]
183169. c3 != mult(c3,X0) | c3 = X0 | op_b = c1 | c2 = X0 | op_b = c2 | c1 = X0 <- (~2, 6, ~19) [forward subsumption resolution 183097,66]
183179. c3 != mult(c3,c4) | op_b = c3 | op_b = c1 <- (~3, 6, ~19) [forward subsumption resolution 183094,70]
183203. op_b = c2 | op_b = c3 | op_b = c1 <- (23, ~56) [forward subsumption resolution 182473,5398]
183211. c3 != mult(c3,X0) | c3 = X0 | c2 = X0 | op_b = c2 | c1 = X0 <- (~1, ~2, 6, ~19) [forward subsumption resolution 183169,62]
183217. c3 != mult(c3,c4) | op_b = c1 <- (~2, ~3, 6, ~19) [forward subsumption resolution 183179,66]
183231. op_b = c3 | op_b = c1 <- (~3, 23, ~56) [forward subsumption resolution 183203,70]
183236. c3 != mult(c3,X0) | c3 = X0 | c2 = X0 | c1 = X0 <- (~1, ~2, ~3, 6, ~19) [forward subsumption resolution 183211,70]
183238. c3 != mult(c3,c4) <- (~1, ~2, ~3, 6, ~19) [forward subsumption resolution 183217,62]
183251. op_b = c1 <- (~2, ~3, 23, ~56) [forward subsumption resolution 183231,66]
183255. 304 | 1 | 2 | 3 | ~6 | 19 [avatar split clause 183236,155,82,69,65,61,92928]
183271. $false <- (~1, ~2, ~3, 23, ~56) [forward subsumption resolution 183251,62]
183272. 1 | 2 | 3 | ~23 | 56 [avatar contradiction clause 183271]
183302. c2 = c4 <- (~1, ~2, ~3, 22, 58) [forward demodulation 182099,5740]
183322. $false <- (~1, ~2, ~3, 22, 58) [forward subsumption resolution 183302,21]
183323. 1 | 2 | 3 | ~22 | ~58 [avatar contradiction clause 183322]
183457. c4 = mult(e,mult(X0,i(mult(c2,X0)))) <- (49) [superposition 6464,2999]
183461. e = mult(c4,mult(X0,mult(i(mult(e,X0)),c2))) <- (49) [superposition 6880,2999]
183469. c4 = mult(X0,i(mult(c2,X0))) <- (49) [superposition 7092,2999]
183472. c4 = i(c2) <- (49) [superposition 91964,2999]
183486. c4 = i(c2) <- (49) [forward demodulation 183469,103337]
183492. e = mult(c4,c2) <- (49) [forward demodulation 183461,6881]
183495. c4 = mult(e,i(c2)) <- (49) [forward demodulation 183457,103337]
183504. c2 = c4 <- (49, 54) [forward demodulation 183486,5336]
183509. e = c1 <- (34, 49) [forward demodulation 183492,385]
183511. c4 = mult(e,c2) <- (49, 54) [forward demodulation 183495,5336]
183517. $false <- (49, 54) [forward subsumption resolution 183504,21]
183518. ~49 | ~54 [avatar contradiction clause 183517]
183522. c4 = mult(c1,c2) <- (9, 49, 54) [forward demodulation 183511,97]
183531. c2 = c4 <- (9, 49, 54) [forward demodulation 183522,153442]
183536. $false <- (9, 49, 54) [forward subsumption resolution 183531,21]
183537. ~9 | ~49 | ~54 [avatar contradiction clause 183536]
183549. $false <- (~54, 58, 296) [forward subsumption resolution 183168,5335]
183550. 54 | ~58 | ~296 [avatar contradiction clause 183549]
183597. c3 = i(c2) <- (58, 295) [forward demodulation 88019,5740]
183599. $false <- (~53, 58, 295) [forward subsumption resolution 183597,5331]
183600. 53 | ~58 | ~295 [avatar contradiction clause 183599]
183602. c2 = mult(c3,c2) <- (58, 298) [forward demodulation 88031,5740]
183767. c3 = mult(e,i(mult(op_b,i(c1)))) <- (6, 18) [superposition 7270,179485]
183785. c3 = mult(e,mult(c1,i(op_b))) <- (6, 9, 18) [forward demodulation 183767,168871]
183796. c3 = mult(e,i(op_b)) <- (6, 9, 18) [forward demodulation 183785,153139]
183988. 340 | ~8 | ~27 [avatar split clause 181718,225,90,181349]
183995. c3 = mult(c1,i(op_b)) <- (6, 9, 18) [forward demodulation 183796,97]
184116. c3 = i(op_b) <- (6, 9, 18) [forward demodulation 183995,153139]
184682. i(X0) = c3 | op_b = c3 | c3 = X0 | op_b = c1 | c2 = X0 | op_b = c2 | c1 = X0 <- (6, 9, 18) [superposition 184116,41]
184720. e = mult(op_b,mult(X0,mult(i(mult(e,X0)),c3))) <- (6, 9, 18) [superposition 6880,184116]
184742. e = mult(op_b,c3) <- (6, 9, 18) [forward demodulation 184720,6881]
184751. op_b = c3 | c3 = X0 | op_b = c1 | c2 = X0 | op_b = c2 | c1 = X0 <- (6, 9, 18, ~48) [forward subsumption resolution 184682,181391]
184767. c3 = X0 | op_b = c1 | c2 = X0 | op_b = c2 | c1 = X0 <- (~2, 6, 9, 18, ~48) [forward subsumption resolution 184751,66]
184780. c3 = X0 | c2 = X0 | op_b = c2 | c1 = X0 <- (~1, ~2, 6, 9, 18, ~48) [forward subsumption resolution 184767,62]
184784. c3 = X0 | c2 = X0 | c1 = X0 <- (~1, ~2, ~3, 6, 9, 18, ~48) [forward subsumption resolution 184780,70]
184788. 55 | 1 | 2 | 3 | ~6 | ~9 | ~18 | 48 [avatar split clause 184784,2993,151,95,82,69,65,61,5394]
184789. c4 = mult(c3,op_b) <- (6, 17) [forward demodulation 128,84]
184790. c1 != mult(c3,op_b) <- (6, ~18) [forward demodulation 152,84]
184818. c4 = mult(c3,c4) | op_b = c2 | op_b = c3 | op_b = c1 <- (6, 17) [superposition 184789,16]
184965. e = mult(c2,mult(X0,mult(i(mult(e,X0)),c4))) <- (49) [superposition 6880,183472]
184984. e = mult(c2,c4) <- (49) [forward demodulation 184965,6881]
184996. e = c2 <- (49, 145) [forward demodulation 184984,53618]
185010. $false <- (~11, 49, 145) [forward subsumption resolution 184996,104]
185011. 11 | ~49 | ~145 [avatar contradiction clause 185010]
185015. c1 = mult(c2,c4) <- (9, 49) [forward demodulation 184984,97]
185020. $false <- (9, 49, ~144) [forward subsumption resolution 185015,53613]
185021. ~9 | ~49 | 144 [avatar contradiction clause 185020]
185079. e = mult(c3,mult(c4,i(c4))) <- (6, 21) [superposition 29,2145]
185097. c3 = mult(e,i(mult(c4,i(c4)))) <- (6, 21) [superposition 7270,2145]
185101. c3 = mult(e,mult(c4,i(c4))) <- (6, 9, 21) [forward demodulation 185097,168871]
185108. e = mult(c3,e) <- (6, 21) [forward demodulation 185079,12]
185111. c3 = mult(e,e) <- (6, 9, 21) [forward demodulation 185101,12]
185117. e = c3 <- (6, 21) [forward demodulation 185108,13]
185118. e = c3 <- (6, 9, 21) [forward demodulation 185111,13]
185122. $false <- (6, ~10, 21) [forward subsumption resolution 185117,100]
185123. ~6 | 10 | ~21 [avatar contradiction clause 185122]
185213. c2 != mult(c4,op_b) <- (8, ~27) [forward demodulation 226,91]
185226. c2 != mult(c4,c2) <- (3, ~340) [forward demodulation 181350,71]
185644. op_b = c3 <- (9, 23, 48) [forward demodulation 182629,2995]
185653. $false <- (9, 48, ~278) [forward subsumption resolution 169781,2995]
185654. ~9 | ~48 | 278 [avatar contradiction clause 185653]
185678. $false <- (~2, 9, 23, 48) [forward subsumption resolution 185644,66]
185679. 2 | ~9 | ~23 | ~48 [avatar contradiction clause 185678]
185723. c4 = mult(c4,c2) <- (3, 22) [forward demodulation 170,71]
185725. ~144 | ~3 | 23 [avatar split clause 377,180,69,53612]
185730. c2 != mult(c2,c4) <- (3, 8, ~340) [forward demodulation 185226,171428]
185842. e = mult(c4,mult(X0,mult(i(mult(e,X0)),c3))) <- (48) [superposition 6880,2995]
185864. e = mult(c4,c3) <- (48) [forward demodulation 185842,6881]
185913. c1 = mult(c4,c3) <- (9, 48) [forward demodulation 185864,97]
185922. $false <- (9, ~33, 48) [forward subsumption resolution 185913,356]
185923. ~9 | 33 | ~48 [avatar contradiction clause 185922]
186025. 347 <=> c4 = mult(c2,c4) [avatar definition]
186026. c4 != mult(c2,c4) <- (~347) [avatar component clause 186025]
186027. c4 = mult(c2,c4) <- (347) [avatar component clause 186025]
186064. mult(c2,c4) != mult(c4,c2) <- (3, ~8) [forward demodulation 92,71]
186073. c4 != mult(c2,c4) <- (3, ~8, 22) [forward demodulation 186064,185723]
186076. ~347 | ~3 | 8 | ~22 [avatar split clause 186073,169,90,69,186025]
186115. mult(e,X0) = mult(c3,mult(c4,X0)) <- (9, 48) [superposition 24,3646]
186151. mult(e,X0) = mult(c3,X0) <- (9, 48, 256) [forward demodulation 186115,66817]
186163. mult(c1,X0) = mult(c3,X0) <- (9, 48, 256) [forward demodulation 186151,97]
186169. mult(c3,X0) = X0 <- (9, 48, 256) [forward demodulation 186163,153442]
186170. 77 | ~9 | ~48 | ~256 [avatar split clause 186169,66816,2993,95,33401]
186410. c3 = mult(c4,c2) <- (3, 342) [forward demodulation 181358,71]
186411. 242 | ~3 | ~342 [avatar split clause 186410,181356,69,62595]
186437. c4 != X0 | mult(c3,X1) = mult(c4,mult(c2,X1)) | c3 = X0 | c1 = X0 | c2 = mult(c4,c2) | c2 = X0 | c1 = mult(c4,c2) <- (3, ~22) [superposition 170781,630]
186461. mult(c3,X1) = mult(c4,mult(c2,X1)) | c3 = X0 | c1 = X0 | c2 = mult(c4,c2) | c2 = X0 | c1 = mult(c4,c2) <- (3, ~22) [forward subsumption resolution 186437,16]
186466. mult(c3,X1) = mult(c4,mult(c2,X1)) | c3 = X0 | c1 = X0 | c2 = X0 | c1 = mult(c4,c2) <- (3, ~22, ~340) [forward subsumption resolution 186461,185226]
186468. mult(c3,X1) = mult(c4,mult(c2,X1)) | c3 = X0 | c1 = X0 | c2 = X0 <- (3, ~22, ~34, ~340) [forward subsumption resolution 186466,384]
186470. mult(c4,mult(c2,X1)) = X1 | c3 = X0 | c1 = X0 | c2 = X0 <- (3, ~22, ~34, 77, ~340) [forward demodulation 186468,33402]
186472. 349 <=> ! [X1] : mult(c4,mult(c2,X1)) = X1 [avatar definition]
186473. mult(c4,mult(c2,X1)) = X1 <- (349) [avatar component clause 186472]
186474. 55 | 349 | ~3 | 22 | 34 | ~77 | 340 [avatar split clause 186470,181349,33401,383,169,69,186472,5394]
187305. c1 = mult(c3,c2) <- (58, 297) [forward demodulation 88027,5740]
187393. 350 <=> ! [X1] : mult(c3,X1) = mult(c4,mult(c2,X1)) [avatar definition]
187394. mult(c3,X1) = mult(c4,mult(c2,X1)) <- (350) [avatar component clause 187393]
187397. 55 | 350 | ~3 | 22 | 34 | 340 [avatar split clause 186468,181349,383,169,69,187393,5394]
187911. ~158 | 1 | 2 | 3 | 25 [avatar split clause 181651,202,69,65,61,57834]
187912. ~33 | 1 | 2 | 3 | ~6 | 14 [avatar split clause 180684,115,82,69,65,61,355]
187914. c3 = mult(c3,op_b) <- (6, 19) [forward demodulation 157,84]
187938. c2 = i(c1) <- (56, 296) [forward demodulation 88023,5399]
187960. op_b = c2 | op_b = c3 | op_b = c1 <- (6, 17, ~21) [forward subsumption resolution 184818,510]
188006. $false <- (~35, 56, 296) [forward subsumption resolution 187938,556]
188007. 35 | ~56 | ~296 [avatar contradiction clause 188006]
188018. op_b = c3 | op_b = c1 <- (~3, 6, 17, ~21) [forward subsumption resolution 187960,70]
188057. op_b = c1 <- (~2, ~3, 6, 17, ~21) [forward subsumption resolution 188018,66]
188079. $false <- (~1, ~2, ~3, 6, 17, ~21) [forward subsumption resolution 188057,62]
188080. 1 | 2 | 3 | ~6 | ~17 | 21 [avatar contradiction clause 188079]
188347. i(X0) != c3 | c2 = X0 | c3 = X0 | c1 = X0 <- (~48) [superposition 2994,16]
188386. c2 = X0 | c3 = X0 | c1 = X0 <- (~48, 319) [forward subsumption resolution 188347,114847]
188389. 55 | 48 | ~319 [avatar split clause 188386,114846,2993,5394]
188485. i(X0) != c2 | c2 = X0 | c3 = X0 | c1 = X0 <- (~49) [superposition 2998,16]
188524. c2 = X0 | c3 = X0 | c1 = X0 <- (~49, 332) [forward subsumption resolution 188485,167694]
188527. 55 | 49 | ~332 [avatar split clause 188524,167693,2997,5394]
188570. mult(op_b,c4) = mult(c2,c2) <- (3, 6, 16, 17) [superposition 180956,147940]
188602. c1 = mult(op_b,c4) <- (3, 6, 16, 17, 67) [forward demodulation 188570,33104]
188605. $false <- (3, 6, 16, 17, ~23, 67) [forward subsumption resolution 188602,181]
188606. ~3 | ~6 | ~16 | ~17 | 23 | ~67 [avatar contradiction clause 188605]
188662. mult(c2,c4) != mult(c4,c2) <- (3, ~8) [superposition 92,71]
188711. mult(c4,op_b) != mult(c4,c4) | op_b = c3 | op_b = c2 | op_b = c1 <- (~8) [superposition 92,1830]
188745. c3 != mult(c2,c4) <- (3, ~8, 242) [forward demodulation 188662,62597]
188871. mult(c3,X0) != mult(X0,c3) | c2 = X0 | c3 = X0 | c1 = X0 <- (~4, 6) [superposition 63799,16]
189343. c3 = mult(c3,c2) <- (3, 6, 19) [superposition 187914,71]
189456. 351 <=> ! [X1] : mult(c4,X1) = mult(c3,X1) [avatar definition]
189457. mult(c4,X1) = mult(c3,X1) <- (351) [avatar component clause 189456]
189510. c1 != mult(X0,c3) | c3 = X0 | c2 = X0 | c1 = X0 <- (~33) [superposition 356,1830]
189769. c4 != mult(c3,X0) | c2 = X0 | c3 = X0 | c1 = X0 | c2 = mult(X0,c3) | c3 = mult(X0,c3) | c1 = mult(X0,c3) <- (~4, 6) [superposition 188871,16]
189912. c4 = mult(e,i(mult(c4,i(c1)))) <- (56) [superposition 7270,5399]
189930. c4 = mult(e,mult(c1,i(c4))) <- (9, 56) [forward demodulation 189912,168871]
189946. c4 = mult(e,i(c4)) <- (9, 56) [forward demodulation 189930,153139]
189955. c4 = mult(c1,i(c4)) <- (9, 56) [forward demodulation 189946,97]
189963. c4 = i(c4) <- (9, 56) [forward demodulation 189955,153139]
191085. e = mult(c4,mult(op_b,i(c2))) <- (340) [superposition 29,181351]
191102. c4 = mult(e,i(mult(op_b,i(c2)))) <- (340) [superposition 7270,181351]
191119. c4 = mult(e,mult(c2,i(op_b))) <- (9, 340) [forward demodulation 191102,168871]
191128. e = mult(c4,mult(c2,i(c2))) <- (3, 340) [forward demodulation 191085,71]
191140. c4 = mult(e,mult(c2,i(c2))) <- (3, 9, 340) [forward demodulation 191119,71]
191147. e = mult(c4,e) <- (3, 340) [forward demodulation 191128,12]
191154. c4 = mult(e,e) <- (3, 9, 340) [forward demodulation 191140,12]
191161. e = c4 <- (3, 340) [forward demodulation 191147,13]
191168. e = c4 <- (3, 9, 340) [forward demodulation 191154,13]
191176. c1 = c4 <- (3, 9, 340) [forward demodulation 191168,97]
191183. $false <- (3, 9, 340) [forward subsumption resolution 191176,19]
191184. ~3 | ~9 | ~340 [avatar contradiction clause 191183]
191456. c3 = mult(c4,c4) | op_b = c2 | op_b = c3 | op_b = c1 <- (342) [superposition 181358,16]
191523. c4 = mult(e,i(mult(op_b,i(c3)))) <- (342) [superposition 7270,181358]
191535. c4 = mult(e,mult(c3,i(op_b))) <- (9, 342) [forward demodulation 191523,168871]
191615. c1 = mult(c4,X0) | c2 = i(X1) | c3 = i(X1) | c1 = i(X1) | c2 = X0 | c3 = X0 | c1 = X0 | c3 = X1 | c2 = X1 | c1 = X1 <- (9) [superposition 153364,1830]
191806. c1 != c1 | c2 = i(op_b) | c3 = i(op_b) | c1 = i(op_b) | c2 = c4 | c3 = c4 | c1 = c4 <- (9, ~23) [superposition 181,153364]
191810. c1 != mult(X0,c3) | c2 = X0 | c3 = X0 | c1 = X0 | c2 = i(c3) | c3 = i(c3) | c1 = i(c3) | c2 = X0 | c3 = X0 | c1 = X0 <- (~4, 6, 9) [superposition 188871,153364]
191832. c1 != mult(X0,c3) | c2 = X0 | c3 = X0 | c1 = X0 | c2 = i(c3) | c3 = i(c3) | c1 = i(c3) <- (~4, 6, 9) [duplicate literal removal 191810]
191834. c2 = i(op_b) | c3 = i(op_b) | c1 = i(op_b) | c2 = c4 | c3 = c4 | c1 = c4 <- (9, ~23) [trivial inequality removal 191806]
191864. c1 = mult(c4,X0) | c3 = i(X1) | c1 = i(X1) | c2 = X0 | c3 = X0 | c1 = X0 | c3 = X1 | c2 = X1 | c1 = X1 <- (9, ~49) [forward subsumption resolution 191615,188485]
191866. c1 = mult(c4,X0) | c1 = i(X1) | c2 = X0 | c3 = X0 | c1 = X0 | c3 = X1 | c2 = X1 | c1 = X1 <- (9, ~48, ~49) [forward subsumption resolution 191864,188347]
191868. c1 = mult(c4,X0) | c2 = X0 | c3 = X0 | c1 = X0 | c3 = X1 | c2 = X1 | c1 = X1 <- (9, ~47, ~48, ~49) [forward subsumption resolution 191866,100473]
191870. 352 <=> ! [X1] : (c1 = mult(c4,X1) | c1 = X1 | c3 = X1 | c2 = X1) [avatar definition]
191871. c1 = mult(c4,X1) | c1 = X1 | c3 = X1 | c2 = X1 <- (352) [avatar component clause 191870]
191873. 55 | 352 | ~9 | 47 | 48 | 49 [avatar split clause 191868,2997,2993,2989,95,191870,5394]
191897. c4 != X0 | mult(c3,X1) = mult(c2,mult(c4,X1)) | c3 = X0 | c1 = X0 | c2 = mult(c2,c4) | c2 = X0 | c1 = mult(c2,c4) <- (~347) [superposition 186026,630]
191900. c4 != c4 | c2 = mult(c2,c4) | c3 = mult(c2,c4) | c1 = mult(c2,c4) <- (~347) [superposition 186026,16]
191903. c4 != X0 | c3 = mult(c2,c4) | c3 = X0 | c1 = mult(c2,c4) | c2 = X0 | c2 = mult(c2,c4) | c1 = X0 <- (~347) [superposition 186026,41]
191918. c2 = mult(c2,c4) | c3 = mult(c2,c4) | c1 = mult(c2,c4) <- (~347) [trivial inequality removal 191900]
191919. c3 = mult(c2,c4) | c3 = X0 | c1 = mult(c2,c4) | c2 = X0 | c2 = mult(c2,c4) | c1 = X0 <- (~347) [forward subsumption resolution 191903,16]
191921. c3 = mult(c2,c4) | c1 = mult(c2,c4) <- (~145, ~347) [forward subsumption resolution 191918,53617]
191923. mult(c3,X1) = mult(c2,mult(c4,X1)) | c3 = X0 | c1 = X0 | c2 = mult(c2,c4) | c2 = X0 | c1 = mult(c2,c4) <- (~347) [forward subsumption resolution 191897,16]
191927. c3 = X0 | c1 = mult(c2,c4) | c2 = X0 | c2 = mult(c2,c4) | c1 = X0 <- (~50, ~347) [forward subsumption resolution 191919,3002]
191929. c1 = mult(c2,c4) <- (~50, ~145, ~347) [forward subsumption resolution 191921,3002]
191930. mult(c3,X1) = mult(c2,mult(c4,X1)) | c3 = X0 | c1 = X0 | c2 = X0 | c1 = mult(c2,c4) <- (~145, ~347) [forward subsumption resolution 191923,53617]
191931. c3 = X0 | c2 = X0 | c2 = mult(c2,c4) | c1 = X0 <- (~50, ~144, ~347) [forward subsumption resolution 191927,53613]
191935. mult(c3,X1) = mult(c2,mult(c4,X1)) | c3 = X0 | c1 = X0 | c2 = X0 <- (~144, ~145, ~347) [forward subsumption resolution 191930,53613]
191936. c3 = X0 | c2 = X0 | c1 = X0 <- (~50, ~144, ~145, ~347) [forward subsumption resolution 191931,53617]
191939. 353 <=> ! [X1] : mult(c3,X1) = mult(c2,mult(c4,X1)) [avatar definition]
191940. mult(c3,X1) = mult(c2,mult(c4,X1)) <- (353) [avatar component clause 191939]
191941. 55 | 353 | 144 | 145 | 347 [avatar split clause 191935,186025,53616,53612,191939,5394]
191942. 55 | 50 | 144 | 145 | 347 [avatar split clause 191936,186025,53616,53612,3001,5394]
192500. e = mult(X0,mult(i(mult(i(X1),c4)),i(X1))) | c3 = mult(i(e),X0) | c2 = mult(i(e),X0) | c1 = mult(i(e),X0) <- (9) [superposition 7086,172493]
192703. e = mult(X0,i(mult(X1,mult(i(X1),c4)))) | c3 = mult(i(e),X0) | c2 = mult(i(e),X0) | c1 = mult(i(e),X0) <- (9) [forward demodulation 192500,168858]
192974. e = mult(X0,i(mult(e,c4))) | c3 = mult(i(e),X0) | c2 = mult(i(e),X0) | c1 = mult(i(e),X0) <- (9) [forward demodulation 192703,24]
193165. c1 = mult(X0,i(mult(c1,c4))) | c3 = mult(i(e),X0) | c2 = mult(i(e),X0) | c1 = mult(i(e),X0) <- (9) [forward demodulation 192974,97]
193310. c1 = mult(X0,i(c4)) | c3 = mult(i(e),X0) | c2 = mult(i(e),X0) | c1 = mult(i(e),X0) <- (9) [forward demodulation 193165,153442]
193882. e = mult(c2,mult(c4,i(c4))) <- (347) [superposition 29,186027]
193908. e = mult(c2,e) <- (347) [forward demodulation 193882,12]
193918. e = c2 <- (347) [forward demodulation 193908,13]
193925. $false <- (~11, 347) [forward subsumption resolution 193918,104]
193926. 11 | ~347 [avatar contradiction clause 193925]
195012. 355 <=> c2 = mult(c2,c2) [avatar definition]
195014. c2 = mult(c2,c2) <- (355) [avatar component clause 195012]
196635. c1 = c3 <- (9, 10) [forward demodulation 101,97]
196639. c1 = c3 <- (6, 9, 21) [forward demodulation 185118,97]
196647. 144 | 50 | 145 | 347 [avatar split clause 191929,186025,53616,3001,53612]
196660. c2 = X0 | c1 = X0 | c2 = X0 | c3 = X0 <- (45, 270) [forward demodulation 77424,2591]
196661. c2 = X0 | c1 = X0 | c3 = X0 <- (45, 270) [duplicate literal removal 196660]
196672. c4 != mult(c3,X0) | c2 = X0 | c3 = X0 | c1 = X0 | c2 = mult(X0,c3) | c1 = mult(X0,c3) <- (~4, 6, ~26) [forward subsumption resolution 189769,182793]
196772. op_b = c3 | op_b = c2 | op_b = c1 <- (~8) [forward subsumption resolution 188711,8657]
196806. c3 = mult(c4,c4) | op_b = c3 | op_b = c1 <- (~3, 342) [forward subsumption resolution 191456,70]
196826. $false <- (9, 10) [forward subsumption resolution 196635,18]
196827. ~9 | ~10 [avatar contradiction clause 196826]
196832. $false <- (6, 9, 21) [forward subsumption resolution 196639,18]
196833. ~6 | ~9 | ~21 [avatar contradiction clause 196832]
196841. 55 | ~45 | ~270 [avatar split clause 196661,77423,2590,5394]
196852. c4 != mult(c3,X0) | c2 = X0 | c3 = X0 | c1 = X0 | c2 = mult(X0,c3) <- (~4, 6, ~26, ~33) [forward subsumption resolution 196672,189510]
196950. op_b = c2 | op_b = c1 <- (~2, ~8) [forward subsumption resolution 196772,66]
196977. c3 = mult(c4,c4) | op_b = c1 <- (~2, ~3, 342) [forward subsumption resolution 196806,66]
196996. c4 != X0 | c2 = X0 | c3 = X0 | c1 = X0 | c2 = mult(X0,c3) <- (~4, 6, ~26, ~33, 77) [forward demodulation 196852,33402]
197077. op_b = c1 <- (~2, ~3, ~8) [forward subsumption resolution 196950,70]
197101. c3 = mult(c4,c4) <- (~1, ~2, ~3, 342) [forward subsumption resolution 196977,62]
197112. c2 = X0 | c3 = X0 | c1 = X0 | c2 = mult(X0,c3) <- (~4, 6, ~26, ~33, 77) [forward subsumption resolution 196996,16]
197167. $false <- (~1, ~2, ~3, ~8) [forward subsumption resolution 197077,62]
197168. 1 | 2 | 3 | 8 [avatar contradiction clause 197167]
197196. c2 = X0 | c2 = X0 | c3 = X0 | c1 = X0 <- (~4, 6, ~26, ~33, 45, 77) [forward demodulation 197112,2591]
197197. c2 = X0 | c3 = X0 | c1 = X0 <- (~4, 6, ~26, ~33, 45, 77) [duplicate literal removal 197196]
197259. 55 | 4 | ~6 | 26 | 33 | ~45 | ~77 [avatar split clause 197197,33401,2590,355,207,82,73,5394]
197392. c1 != mult(c2,c4) <- (3, ~8, 34) [forward demodulation 186064,385]
197403. c2 = mult(op_a,c2) <- (3, 20) [forward demodulation 161,71]
197419. c1 = c3 <- (34, 242) [forward demodulation 62597,385]
197697. c1 != mult(X0,c3) | c2 = X0 | c3 = X0 | c1 = X0 | c3 = i(c3) | c1 = i(c3) <- (~4, 6, 9, ~40) [forward subsumption resolution 191832,1798]
197699. c2 = i(op_b) | c3 = i(op_b) | c1 = i(op_b) | c3 = c4 | c1 = c4 <- (9, ~23) [forward subsumption resolution 191834,21]
198052. c3 != mult(c3,c2) <- (~51, 58) [forward demodulation 3309,5740]
198060. c4 = mult(e,mult(c3,i(c2))) <- (3, 9, 342) [forward demodulation 191535,71]
198096. c1 = mult(X0,c3) | c3 = mult(i(e),X0) | c2 = mult(i(e),X0) | c1 = mult(i(e),X0) <- (9, 48) [forward demodulation 193310,2995]
198170. c2 = mult(c3,c2) <- (3, 6, 20) [forward demodulation 197403,84]
198173. $false <- (34, 242) [forward subsumption resolution 197419,18]
198174. ~34 | ~242 [avatar contradiction clause 198173]
198386. c1 != mult(X0,c3) | c2 = X0 | c3 = X0 | c1 = X0 | c1 = i(c3) <- (~4, 6, 9, ~39, ~40) [forward subsumption resolution 197697,1794]
198388. c2 = i(op_b) | c3 = i(op_b) | c1 = i(op_b) | c1 = c4 <- (9, ~23) [forward subsumption resolution 197699,22]
198696. c4 = mult(e,mult(c3,c2)) <- (3, 9, 54, 342) [forward demodulation 198060,5336]
198725. c3 = mult(i(c1),X0) | c1 = mult(X0,c3) | c2 = mult(i(e),X0) | c1 = mult(i(e),X0) <- (9, 48) [forward demodulation 198096,97]
198942. c1 != mult(X0,c3) | c2 = X0 | c3 = X0 | c1 = X0 <- (~4, 6, 9, ~38, ~39, ~40) [forward subsumption resolution 198386,1790]
198944. c2 = i(op_b) | c3 = i(op_b) | c1 = i(op_b) <- (9, ~23) [forward subsumption resolution 198388,19]
199201. c4 = mult(c1,mult(c3,c2)) <- (3, 9, 54, 342) [forward demodulation 198696,97]
199226. c3 = mult(c1,X0) | c1 = mult(X0,c3) | c2 = mult(i(e),X0) | c1 = mult(i(e),X0) <- (9, 37, 48) [forward demodulation 198725,565]
199381. c2 = i(c2) | c3 = i(op_b) | c1 = i(op_b) <- (3, 9, ~23) [forward demodulation 198944,71]
199574. c4 = mult(c3,c2) <- (3, 9, 54, 342) [forward demodulation 199201,153206]
199591. c3 = X0 | c1 = mult(X0,c3) | c2 = mult(i(e),X0) | c1 = mult(i(e),X0) <- (9, 37, 48) [forward demodulation 199226,153442]
199876. $false <- (3, 6, 9, ~17, 54, 342) [forward subsumption resolution 199574,148639]
199877. ~3 | ~6 | ~9 | 17 | ~54 | ~342 [avatar contradiction clause 199876]
199892. c2 = mult(i(c1),X0) | c3 = X0 | c1 = mult(X0,c3) | c1 = mult(i(e),X0) <- (9, 37, 48) [forward demodulation 199591,97]
200118. c2 = mult(c1,X0) | c3 = X0 | c1 = mult(X0,c3) | c1 = mult(i(e),X0) <- (9, 37, 48) [forward demodulation 199892,565]
200276. c2 = X0 | c3 = X0 | c1 = mult(X0,c3) | c1 = mult(i(e),X0) <- (9, 37, 48) [forward demodulation 200118,153442]
200388. c1 = mult(i(c1),X0) | c2 = X0 | c3 = X0 | c1 = mult(X0,c3) <- (9, 37, 48) [forward demodulation 200276,97]
200470. c1 = mult(c1,X0) | c2 = X0 | c3 = X0 | c1 = mult(X0,c3) <- (9, 37, 48) [forward demodulation 200388,565]
200519. c1 = X0 | c2 = X0 | c3 = X0 | c1 = mult(X0,c3) <- (9, 37, 48) [forward demodulation 200470,153442]
200557. c1 = X0 | c2 = X0 | c3 = X0 <- (~4, 6, 9, 37, ~38, ~39, ~40, 48) [forward subsumption resolution 200519,198942]
200582. 55 | 4 | ~6 | ~9 | ~37 | 38 | 39 | 40 | ~48 [avatar split clause 200557,2993,1797,1793,1789,563,95,82,73,5394]
200803. c3 = i(op_b) | c1 = i(op_b) <- (3, 9, ~23, ~54) [forward subsumption resolution 199381,5335]
200830. c3 = i(c2) | c1 = i(op_b) <- (3, 9, ~23, ~54) [forward demodulation 200803,71]
200846. c1 = i(op_b) <- (3, 9, ~23, ~53, ~54) [forward subsumption resolution 200830,5331]
200859. c1 = i(c2) <- (3, 9, ~23, ~53, ~54) [forward demodulation 200846,71]
200875. $false <- (3, 9, ~23, ~52, ~53, ~54) [forward subsumption resolution 200859,5327]
200876. ~3 | ~9 | 23 | 52 | 53 | 54 [avatar contradiction clause 200875]
200888. ~145 | ~3 | ~8 | 340 [avatar split clause 185730,181349,90,69,53616]
200910. c2 = i(c4) <- (3, 9, 23) [forward demodulation 182629,71]
201350. c2 = c4 <- (9, 49, 56) [forward demodulation 189963,2999]
201423. c2 != mult(c3,c1) <- (56, ~298) [forward demodulation 88030,5399]
201424. c1 != mult(c3,c1) <- (56, ~297) [forward demodulation 88026,5399]
201472. $false <- (9, 49, 56) [forward subsumption resolution 201350,21]
201473. ~9 | ~49 | ~56 [avatar contradiction clause 201472]
201745. ~144 | ~3 | 8 | ~34 [avatar split clause 197392,383,90,69,53612]
202187. c3 = mult(e,i(mult(e,c2))) <- (40) [superposition 6857,1799]
202188. e = mult(c3,mult(X0,mult(i(mult(e,X0)),c2))) <- (40) [superposition 6880,1799]
202224. e = mult(c3,c2) <- (40) [forward demodulation 202188,6881]
202225. c3 = mult(c1,i(mult(c1,c2))) <- (9, 40) [forward demodulation 202187,97]
202236. e = c3 <- (3, 6, 19, 40) [forward demodulation 202224,189343]
202237. c3 = i(c2) <- (9, 40) [forward demodulation 202225,153137]
202248. c1 = c3 <- (3, 6, 9, 19, 40) [forward demodulation 202236,97]
202254. $false <- (3, 6, 9, 19, 40) [forward subsumption resolution 202248,18]
202255. ~3 | ~6 | ~9 | ~19 | ~40 [avatar contradiction clause 202254]
202302. 49 | ~3 | ~9 | ~23 [avatar split clause 200910,180,95,69,2997]
202328. c4 = mult(c3,i(mult(c1,c4))) <- (9, 181) [forward demodulation 92404,97]
202469. c4 = mult(c3,i(c4)) <- (9, 181) [forward demodulation 202328,153442]
202983. c1 != mult(c3,c4) <- (6, 9, 16, ~18, 28, 39) [forward demodulation 184790,183044]
203116. $false <- (6, 9, 16, ~18, 28, 39, 254) [forward subsumption resolution 202983,66806]
203117. ~6 | ~9 | ~16 | 18 | ~28 | ~39 | ~254 [avatar contradiction clause 203116]
203441. c1 = mult(op_b,c3) <- (6, 14) [forward demodulation 117,84]
203448. op_b = c4 <- (~1, ~2, ~3, 9, 23) [forward demodulation 182629,182918]
203629. c2 != mult(c3,op_b) <- (6, ~20) [forward demodulation 160,84]
204258. c4 != mult(c3,X0) | op_b = c3 | c3 = X0 | op_b = c1 | c2 = X0 | op_b = c2 | c1 = X0 <- (6, ~17) [superposition 179484,41]
204273. c4 != X0 | mult(c4,op_b) = mult(X1,c3) | c3 = mult(X1,c3) | c2 = mult(c3,op_b) | c3 = X0 | c1 = mult(X1,c3) | c1 = mult(c3,op_b) | c2 = X0 | c2 = mult(X1,c3) | c1 = X0 <- (6, ~17) [superposition 179484,1091]
204275. c4 != c4 | c2 = mult(c3,op_b) | c3 = mult(c3,op_b) | c1 = mult(c3,op_b) <- (6, ~17) [superposition 179484,16]
204277. c4 != X0 | c3 = X0 | c3 = mult(c3,op_b) | c1 = X0 | c2 = mult(c3,op_b) | c2 = X0 | c1 = mult(c3,op_b) <- (6, ~17) [superposition 179484,41]
204293. c2 = mult(c3,op_b) | c3 = mult(c3,op_b) | c1 = mult(c3,op_b) <- (6, ~17) [trivial inequality removal 204275]
204297. mult(c4,op_b) = mult(X1,c3) | c3 = mult(X1,c3) | c2 = mult(c3,op_b) | c3 = X0 | c1 = mult(X1,c3) | c1 = mult(c3,op_b) | c2 = X0 | c2 = mult(X1,c3) | c1 = X0 <- (6, ~17) [forward subsumption resolution 204273,16]
204299. c4 != mult(c3,X0) | c3 = X0 | op_b = c1 | c2 = X0 | op_b = c2 | c1 = X0 <- (~2, 6, ~17) [forward subsumption resolution 204258,66]
204302. c4 != mult(c3,X0) | c3 = X0 | c2 = X0 | op_b = c2 | c1 = X0 <- (~1, ~2, 6, ~17) [forward subsumption resolution 204299,62]
204305. c4 != mult(c3,X0) | c3 = X0 | c2 = X0 | c1 = X0 <- (~1, ~2, ~3, 6, ~17) [forward subsumption resolution 204302,70]
204469. mult(c1,X0) = mult(op_b,mult(c4,X0)) <- (23) [superposition 14,182]
204519. mult(c1,X0) = mult(c4,mult(c4,X0)) <- (~1, ~2, ~3, 9, 23) [forward demodulation 204469,203448]
204544. mult(c4,mult(c4,X0)) = X0 <- (~1, ~2, ~3, 9, 23) [forward demodulation 204519,153442]
204833. c1 != mult(c3,c4) | op_b = c2 | op_b = c3 | op_b = c1 <- (6, ~18) [superposition 184790,16]
204836. c1 != mult(c3,X0) | op_b = c3 | c3 = X0 | op_b = c1 | c2 = X0 | op_b = c2 | c1 = X0 <- (6, ~18) [superposition 184790,41]
204852. c1 != c1 | c2 = i(c3) | c3 = i(c3) | c1 = i(c3) | op_b = c2 | op_b = c3 | op_b = c1 <- (6, 9, ~18) [superposition 184790,153364]
204871. c2 = i(c3) | c3 = i(c3) | c1 = i(c3) | op_b = c2 | op_b = c3 | op_b = c1 <- (6, 9, ~18) [trivial inequality removal 204852]
204875. c1 != mult(c3,X0) | c3 = X0 | op_b = c1 | c2 = X0 | op_b = c2 | c1 = X0 <- (~2, 6, ~18) [forward subsumption resolution 204836,66]
204877. c1 != mult(c3,X0) | c3 = X0 | c2 = X0 | op_b = c2 | c1 = X0 <- (~1, ~2, 6, ~18) [forward subsumption resolution 204875,62]
204879. c1 != mult(c3,X0) | c3 = X0 | c2 = X0 | c1 = X0 <- (~1, ~2, ~3, 6, ~18) [forward subsumption resolution 204877,70]
205023. e = mult(c3,mult(op_b,i(c3))) <- (6, 19) [superposition 29,187914]
205025. mult(e,X0) = mult(c3,mult(op_b,mult(i(c3),X0))) <- (6, 19) [superposition 320,187914]
205036. c3 = mult(X0,c3) | c2 = mult(X0,c3) | c3 = mult(X0,c3) | c1 = mult(X0,c3) | c2 = mult(X0,c3) | c4 = mult(c4,op_b) | c1 = mult(X0,c3) <- (6, 19) [superposition 1101,187914]
205041. c3 = mult(e,i(mult(op_b,i(c3)))) <- (6, 19) [superposition 7270,187914]
205044. c3 = mult(X0,c3) | c2 = mult(X0,c3) | c1 = mult(X0,c3) | c4 = mult(c4,op_b) <- (6, 19) [duplicate literal removal 205036]
205059. c3 = mult(e,mult(c3,i(op_b))) <- (6, 9, 19) [forward demodulation 205041,168871]
205074. c3 = mult(e,mult(c3,c4)) <- (6, 9, 19, 23) [forward demodulation 205059,182727]
205456. c4 != X0 | c3 = X1 | c2 = X1 | c1 = X1 | c3 = X0 | c3 = mult(c3,X1) | c1 = X0 | c2 = mult(c3,X1) | c2 = X0 | c1 = mult(c3,X1) <- (~1, ~2, ~3, 6, ~17) [superposition 204305,41]
206023. c4 != X0 | mult(c4,c4) = mult(X1,c3) | c3 = mult(X1,c3) | c2 = mult(c3,c4) | c3 = X0 | c1 = mult(X1,c3) | c1 = mult(c3,c4) | c2 = X0 | c2 = mult(X1,c3) | c1 = X0 <- (6, ~21) [superposition 510,1091]
206034. mult(c4,c4) = mult(X1,c3) | c3 = mult(X1,c3) | c2 = mult(c3,c4) | c3 = X0 | c1 = mult(X1,c3) | c1 = mult(c3,c4) | c2 = X0 | c2 = mult(X1,c3) | c1 = X0 <- (6, ~21) [forward subsumption resolution 206023,16]
206099. e != c3 | c2 = i(c2) | c3 = i(c2) | c1 = i(c2) <- (~50) [superposition 3002,45]
206474. e != c3 | c3 = i(c2) | c1 = i(c2) <- (~50, ~54) [forward subsumption resolution 206099,5335]
206494. e != c3 | c1 = i(c2) <- (~50, ~53, ~54) [forward subsumption resolution 206474,5331]
206513. e != c3 <- (~50, ~52, ~53, ~54) [forward subsumption resolution 206494,5327]
206539. 53 | ~9 | ~40 [avatar split clause 202237,1797,95,5330]
206543. mult(e,X0) = mult(c3,mult(op_b,mult(c2,X0))) <- (6, 19, 40) [forward demodulation 205025,1799]
206544. e = mult(c3,mult(op_b,c2)) <- (6, 19, 40) [forward demodulation 205023,1799]
206565. mult(e,X0) = mult(c3,mult(c4,mult(c2,X0))) <- (~1, ~2, ~3, 6, 9, 19, 23, 40) [forward demodulation 206543,203448]
206566. e = mult(c3,mult(c4,c2)) <- (~1, ~2, ~3, 6, 9, 19, 23, 40) [forward demodulation 206544,203448]
206587. mult(e,X0) = mult(c3,mult(c2,X0)) <- (~1, ~2, ~3, 6, 9, 19, 23, 40, 256) [forward demodulation 206565,66817]
206588. e = mult(c3,c2) <- (~1, ~2, ~3, 6, 9, 19, 23, 40, 256) [forward demodulation 206566,66817]
206608. mult(c1,X0) = mult(c3,mult(c2,X0)) <- (~1, ~2, ~3, 6, 9, 19, 23, 40, 256) [forward demodulation 206587,97]
206609. c1 = mult(c3,c2) <- (~1, ~2, ~3, 6, 9, 19, 23, 40, 256) [forward demodulation 206588,97]
206629. mult(c3,mult(c2,X0)) = X0 <- (~1, ~2, ~3, 6, 9, 19, 23, 40, 256) [forward demodulation 206608,153442]
207012. c3 = mult(c1,c4) | c3 = i(c3) | c3 = c4 | c1 = i(c3) | c2 = c4 | c2 = i(c3) | c1 = c4 <- (9, 51) [superposition 3310,153367]
207020. mult(op_b,c3) = mult(c2,mult(c4,c4)) <- (6, 16, 51) [superposition 180956,3310]
207070. mult(c3,c4) = mult(op_b,c3) <- (6, 16, 51, 353) [forward demodulation 207020,191940]
207084. c2 = mult(c3,c4) <- (6, 16, 51, 353) [forward demodulation 207070,78996]
207093. $false <- (6, 16, ~42, 51, 353) [forward subsumption resolution 207084,2302]
207094. ~6 | ~16 | 42 | ~51 | ~353 [avatar contradiction clause 207093]
207151. c3 = mult(c4,c2) <- (6, 8, 9, 16, 23, 37) [superposition 182667,78996]
207407. $false <- (6, 8, 9, 16, 23, 37, ~242) [forward subsumption resolution 207151,62596]
207408. ~6 | ~8 | ~9 | ~16 | ~23 | ~37 | 242 [avatar contradiction clause 207407]
207707. c2 = mult(e,i(mult(c4,i(c1)))) <- (144) [superposition 7270,53614]
207714. c2 = mult(e,mult(c1,i(c4))) <- (9, 144) [forward demodulation 207707,168871]
207727. c2 = mult(e,i(c4)) <- (9, 144) [forward demodulation 207714,153139]
207736. c2 = mult(e,c4) <- (~1, ~2, ~3, 9, 23, 144) [forward demodulation 207727,182918]
207744. c2 = mult(c1,c4) <- (~1, ~2, ~3, 9, 23, 144) [forward demodulation 207736,97]
207751. c2 = c4 <- (~1, ~2, ~3, 9, 23, 144) [forward demodulation 207744,153442]
207754. $false <- (~1, ~2, ~3, 9, 23, 144) [forward subsumption resolution 207751,21]
207755. 1 | 2 | 3 | ~9 | ~23 | ~144 [avatar contradiction clause 207754]
207787. i(e) = mult(c4,c2) <- (349) [superposition 186473,39]
207801. mult(c4,e) = mult(X0,i(mult(i(i(c2)),X0))) <- (349) [superposition 186473,7000]
207808. mult(c4,c2) = mult(X0,mult(i(mult(i(X1),X0)),i(X1))) <- (349) [superposition 186473,7091]
207831. e = i(mult(c4,c2)) <- (349) [superposition 186473,29]
207868. c4 = i(mult(e,c2)) <- (349) [superposition 6463,186473]
207967. mult(c4,c2) = mult(X1,i(X1)) <- (349) [forward demodulation 207808,91831]
207974. mult(c4,e) = i(c2) <- (349) [forward demodulation 207801,7092]
208045. e = mult(c4,c2) <- (349) [forward demodulation 207967,12]
208748. c4 = mult(e,i(mult(c2,i(c3)))) <- (242) [superposition 7270,62597]
208759. c4 = mult(e,mult(c3,i(c2))) <- (9, 242) [forward demodulation 208748,168871]
208770. c4 = mult(e,mult(c3,c3)) <- (9, 53, 242) [forward demodulation 208759,5332]
208787. c4 = mult(c1,mult(c3,c3)) <- (9, 53, 242) [forward demodulation 208770,97]
208788. mult(c4,op_b) = mult(X1,c3) | c3 = mult(X1,c3) | c3 = X0 | c1 = mult(X1,c3) | c1 = mult(c3,op_b) | c2 = X0 | c2 = mult(X1,c3) | c1 = X0 <- (6, 16, ~17) [forward subsumption resolution 204297,179481]
208790. c3 = mult(X0,c3) | c2 = mult(X0,c3) | c1 = mult(X0,c3) <- (6, 19, ~22) [forward subsumption resolution 205044,171]
208798. mult(c4,c4) = mult(X1,c3) | c3 = mult(X1,c3) | c3 = X0 | c1 = mult(X1,c3) | c1 = mult(c3,c4) | c2 = X0 | c2 = mult(X1,c3) | c1 = X0 <- (6, ~21, ~42) [forward subsumption resolution 206034,2302]
208809. c4 = mult(c3,c3) <- (9, 53, 242) [forward demodulation 208787,153206]
208810. mult(c4,op_b) = mult(X1,c3) | c3 = mult(X1,c3) | c3 = X0 | c1 = mult(X1,c3) | c2 = X0 | c2 = mult(X1,c3) | c1 = X0 <- (6, 16, ~17, ~18) [forward subsumption resolution 208788,184790]
208812. 84 | ~6 | ~19 | 22 [avatar split clause 208790,169,155,82,34591]
208817. mult(c4,c4) = mult(X1,c3) | c3 = mult(X1,c3) | c3 = X0 | c1 = mult(X1,c3) | c2 = X0 | c2 = mult(X1,c3) | c1 = X0 <- (6, ~21, ~42, ~254) [forward subsumption resolution 208798,66805]
208823. c1 = mult(X1,c3) | c3 = mult(X1,c3) | c3 = X0 | c1 = mult(X1,c3) | c2 = X0 | c2 = mult(X1,c3) | c1 = X0 <- (6, 8, 16, ~17, ~18, 23) [forward demodulation 208810,182507]
208824. c1 = mult(X1,c3) | c3 = mult(X1,c3) | c3 = X0 | c2 = X0 | c2 = mult(X1,c3) | c1 = X0 <- (6, 8, 16, ~17, ~18, 23) [duplicate literal removal 208823]
208828. c1 = mult(X1,c3) | c3 = mult(X1,c3) | c3 = X0 | c1 = mult(X1,c3) | c2 = X0 | c2 = mult(X1,c3) | c1 = X0 <- (6, ~21, ~42, 56, ~254) [forward demodulation 208817,5399]
208829. c1 = mult(X1,c3) | c3 = mult(X1,c3) | c3 = X0 | c2 = X0 | c2 = mult(X1,c3) | c1 = X0 <- (6, ~21, ~42, 56, ~254) [duplicate literal removal 208828]
208831. 55 | 84 | ~6 | ~8 | ~16 | 17 | 18 | ~23 [avatar split clause 208824,180,151,127,123,90,82,34591,5394]
208833. 55 | 84 | ~6 | 21 | 42 | ~56 | 254 [avatar split clause 208829,66804,5397,2301,164,82,34591,5394]
208851. c4 = mult(c3,c2) <- (~1, ~2, ~3, 6, 9, 19, 23, 40, 145, 256) [superposition 206629,53618]
209056. c1 = c4 <- (~1, ~2, ~3, 6, 9, 19, 23, 40, 145, 256) [forward demodulation 208851,206609]
209112. $false <- (~1, ~2, ~3, 6, 9, 19, 23, 40, 145, 256) [forward subsumption resolution 209056,19]
209113. 1 | 2 | 3 | ~6 | ~9 | ~19 | ~23 | ~40 | ~145 | ~256 [avatar contradiction clause 209112]
209500. c3 = mult(e,c2) <- (6, 9, 19, 23, 42) [forward demodulation 205074,2303]
209517. c3 = mult(c1,c2) <- (6, 9, 19, 23, 42) [forward demodulation 209500,97]
209525. c2 = c3 <- (6, 9, 19, 23, 42) [forward demodulation 209517,153442]
209528. $false <- (6, 9, 19, 23, 42) [forward subsumption resolution 209525,20]
209529. ~6 | ~9 | ~19 | ~23 | ~42 [avatar contradiction clause 209528]
209545. c3 = X0 | c3 = mult(c3,op_b) | c1 = X0 | c2 = mult(c3,op_b) | c2 = X0 | c1 = mult(c3,op_b) <- (6, ~17) [forward subsumption resolution 204277,16]
209546. c2 = mult(c3,op_b) | c3 = mult(c3,op_b) <- (6, ~17, ~18) [forward subsumption resolution 204293,184790]
209562. c3 = X0 | c3 = mult(c3,op_b) | c1 = X0 | c2 = mult(c3,op_b) | c2 = X0 <- (6, ~17, ~18) [forward subsumption resolution 209545,184790]
209626. mult(c2,X0) = mult(c3,mult(c4,X0)) <- (42) [superposition 14,2303]
209708. mult(X0,mult(c3,mult(c3,i(mult(e,c3))))) = X0 <- (198) [superposition 6835,58864]
209711. c3 = mult(e,i(mult(c3,i(c3)))) <- (198) [superposition 7270,58864]
209722. c3 = mult(e,mult(c3,i(c3))) <- (9, 198) [forward demodulation 209711,168871]
209725. mult(X0,c3) = X0 <- (198) [forward demodulation 209708,6463]
209731. c3 = mult(e,e) <- (9, 198) [forward demodulation 209722,12]
209734. 45 | ~198 [avatar split clause 209725,58862,2590]
209739. e = c3 <- (9, 198) [forward demodulation 209731,13]
209745. c1 = c3 <- (9, 198) [forward demodulation 209739,97]
209751. $false <- (9, 198) [forward subsumption resolution 209745,18]
209752. ~9 | ~198 [avatar contradiction clause 209751]
209760. mult(c4,op_b) = mult(X1,c3) | c3 = mult(X1,c3) | c2 = mult(c3,op_b) | c3 = X0 | c1 = mult(X1,c3) | c2 = X0 | c2 = mult(X1,c3) | c1 = X0 <- (6, ~17, ~18) [forward subsumption resolution 204297,184790]
209850. c3 = mult(c4,c4) <- (~1, ~2, ~3, 6, 9, 23, 32) [superposition 204544,2072]
209894. c1 = c3 <- (~1, ~2, ~3, 6, 9, 23, 32, 56) [forward demodulation 209850,5399]
209907. $false <- (~1, ~2, ~3, 6, 9, 23, 32, 56) [forward subsumption resolution 209894,18]
209908. 1 | 2 | 3 | ~6 | ~9 | ~23 | ~32 | ~56 [avatar contradiction clause 209907]
210087. c4 = mult(e,i(mult(c3,i(c1)))) <- (33) [superposition 7270,357]
210103. c4 = mult(e,mult(c1,i(c3))) <- (9, 33) [forward demodulation 210087,168871]
210118. c4 = mult(e,i(c3)) <- (9, 33) [forward demodulation 210103,153139]
210152. 342 | ~8 | ~25 [avatar split clause 182356,202,90,181356]
210180. c2 = c3 <- (~1, ~2, ~3, 58, 342) [forward demodulation 197101,5740]
210269. c3 = i(c3) | c1 = i(c3) | op_b = c2 | op_b = c3 | op_b = c1 <- (6, 9, ~18, ~40) [forward subsumption resolution 204871,1798]
210286. c3 = mult(c1,c4) | c3 = c4 | c1 = i(c3) | c2 = c4 | c2 = i(c3) | c1 = c4 <- (9, ~39, 51) [forward subsumption resolution 207012,1794]
210294. c4 = mult(c1,i(c3)) <- (9, 33) [forward demodulation 210118,97]
210333. c2 = mult(op_b,c3) | mult(c3,X1) = mult(op_b,mult(c3,X1)) | mult(c3,op_b) != X0 | c3 = X0 | c1 = X0 | c2 = X0 | mult(op_b,op_a) = c1 <- (6) [forward demodulation 179668,84]
210337. 367 <=> c2 = mult(c3,op_b) [avatar definition]
210339. c2 = mult(c3,op_b) <- (367) [avatar component clause 210337]
210356. c2 = mult(c3,op_b) <- (6, ~17, ~18, ~19) [forward subsumption resolution 209546,179480]
210358. c3 = X0 | c1 = X0 | c2 = mult(c3,op_b) | c2 = X0 <- (6, ~17, ~18, ~19) [forward subsumption resolution 209562,179480]
210369. c3 = mult(X1,c3) | c3 = mult(X1,c3) | c2 = mult(c3,op_b) | c3 = X0 | c1 = mult(X1,c3) | c2 = X0 | c2 = mult(X1,c3) | c1 = X0 <- (6, ~17, ~18, 342) [forward demodulation 209760,181358]
210370. c3 = mult(X1,c3) | c2 = mult(c3,op_b) | c3 = X0 | c1 = mult(X1,c3) | c2 = X0 | c2 = mult(X1,c3) | c1 = X0 <- (6, ~17, ~18, 342) [duplicate literal removal 210369]
210388. $false <- (~1, ~2, ~3, 58, 342) [forward subsumption resolution 210180,20]
210389. 1 | 2 | 3 | ~58 | ~342 [avatar contradiction clause 210388]
210436. c1 = i(c3) | op_b = c2 | op_b = c3 | op_b = c1 <- (6, 9, ~18, ~39, ~40) [forward subsumption resolution 210269,1794]
210445. c3 = mult(c1,c4) | c1 = i(c3) | c2 = c4 | c2 = i(c3) | c1 = c4 <- (9, ~39, 51) [forward subsumption resolution 210286,22]
210451. c4 = i(c3) <- (9, 33) [forward demodulation 210294,153139]
210481. mult(c3,X1) = mult(op_b,mult(c3,X1)) | mult(c3,op_b) != X0 | c3 = X0 | c1 = X0 | c2 = X0 | mult(op_b,op_a) = c1 <- (6, ~16) [forward subsumption resolution 210333,444]
210494. 367 | 55 | ~6 | 17 | 18 | 19 [avatar split clause 210358,155,151,127,82,5394,210337]
210503. 55 | 367 | 84 | ~6 | 17 | 18 | ~342 [avatar split clause 210370,181356,151,127,82,34591,210337,5394]
210557. op_b = c2 | op_b = c3 | op_b = c1 <- (6, 9, ~18, ~38, ~39, ~40) [forward subsumption resolution 210436,1790]
210564. c3 = mult(c1,c4) | c2 = c4 | c2 = i(c3) | c1 = c4 <- (9, ~38, ~39, 51) [forward subsumption resolution 210445,1790]
210596. c1 = mult(op_b,c3) | mult(c3,X1) = mult(op_b,mult(c3,X1)) | mult(c3,op_b) != X0 | c3 = X0 | c1 = X0 | c2 = X0 <- (6, ~16) [forward demodulation 210481,84]
210649. op_b = c3 | op_b = c1 <- (~3, 6, 9, ~18, ~38, ~39, ~40) [forward subsumption resolution 210557,70]
210656. c3 = mult(c1,c4) | c2 = i(c3) | c1 = c4 <- (9, ~38, ~39, 51) [forward subsumption resolution 210564,21]
210731. op_b = c1 <- (~2, ~3, 6, 9, ~18, ~38, ~39, ~40) [forward subsumption resolution 210649,66]
210733. c3 = mult(c1,c4) | c1 = c4 <- (9, ~38, ~39, ~40, 51) [forward subsumption resolution 210656,1798]
210776. $false <- (~1, ~2, ~3, 6, 9, ~18, ~38, ~39, ~40) [forward subsumption resolution 210731,62]
210777. 1 | 2 | 3 | ~6 | ~9 | 18 | 38 | 39 | 40 [avatar contradiction clause 210776]
210779. c3 = mult(c1,c4) <- (9, ~38, ~39, ~40, 51) [forward subsumption resolution 210733,19]
210813. c3 = c4 <- (9, ~38, ~39, ~40, 51) [forward demodulation 210779,153442]
210838. $false <- (9, ~38, ~39, ~40, 51) [forward subsumption resolution 210813,22]
210839. ~9 | 38 | 39 | 40 | ~51 [avatar contradiction clause 210838]
210913. c1 != mult(c2,c4) <- (42, ~297) [forward demodulation 88026,209626]
211042. c1 = mult(c2,c4) <- (42, 297) [forward demodulation 88027,209626]
211073. e = mult(c3,c3) <- (39) [superposition 12,1795]
211074. mult(e,X0) = mult(c3,mult(c3,X0)) <- (39) [superposition 24,1795]
211079. c3 = mult(e,mult(X0,i(mult(c3,X0)))) <- (39) [superposition 6464,1795]
211117. c3 = mult(e,i(c3)) <- (39) [forward demodulation 211079,103337]
211122. mult(c1,X0) = mult(c3,mult(c3,X0)) <- (9, 39) [forward demodulation 211074,97]
211123. c1 = mult(c3,c3) <- (9, 39) [forward demodulation 211073,97]
211133. c3 = mult(e,c4) <- (9, 33, 39) [forward demodulation 211117,210451]
211136. mult(c3,mult(c3,X0)) = X0 <- (9, 39) [forward demodulation 211122,153442]
211137. 247 | ~9 | ~39 [avatar split clause 211123,1793,95,63190]
211142. c3 = mult(c1,c4) <- (9, 33, 39) [forward demodulation 211133,97]
211145. 300 | ~9 | ~39 [avatar split clause 211136,1793,95,90357]
211150. c3 = c4 <- (9, 33, 39) [forward demodulation 211142,153442]
211155. $false <- (9, 33, 39) [forward subsumption resolution 211150,22]
211156. ~9 | ~33 | ~39 [avatar contradiction clause 211155]
211376. c3 = X1 | c2 = X1 | c1 = X1 | c3 = X0 | c3 = mult(c3,X1) | c1 = X0 | c2 = mult(c3,X1) | c2 = X0 | c1 = mult(c3,X1) <- (~1, ~2, ~3, 6, ~17) [forward subsumption resolution 205456,16]
211378. op_b = c2 | op_b = c3 | op_b = c1 <- (6, ~18, 254) [forward subsumption resolution 204833,66806]
211390. c3 = X1 | c2 = X1 | c1 = X1 | c3 = X0 | c1 = X0 | c2 = mult(c3,X1) | c2 = X0 | c1 = mult(c3,X1) <- (~1, ~2, ~3, 6, ~17, 304) [forward subsumption resolution 211376,92929]
211392. op_b = c3 | op_b = c1 <- (~3, 6, ~18, 254) [forward subsumption resolution 211378,70]
211398. c3 = X1 | c2 = X1 | c1 = X1 | c3 = X0 | c1 = X0 | c2 = mult(c3,X1) | c2 = X0 <- (~1, ~2, ~3, 6, ~17, ~18, 304) [forward subsumption resolution 211390,204879]
211400. op_b = c1 <- (~2, ~3, 6, ~18, 254) [forward subsumption resolution 211392,66]
211402. 55 | 288 | 1 | 2 | 3 | ~6 | 17 | 18 | ~304 [avatar split clause 211398,92928,151,127,82,69,65,61,86532,5394]
211403. $false <- (~1, ~2, ~3, 6, ~18, 254) [forward subsumption resolution 211400,62]
211404. 1 | 2 | 3 | ~6 | 18 | ~254 [avatar contradiction clause 211403]
211427. c3 = mult(c4,c2) <- (3, 8, 25) [forward demodulation 182356,71]
211439. c1 != mult(c2,c4) <- (3, 8, ~34) [forward demodulation 384,171428]
211468. c2 = c4 | c1 = mult(c3,c3) <- (9, 53, 84, ~198, 242) [forward demodulation 130711,208809]
211646. c1 = mult(c3,c3) <- (9, 53, 84, ~198, 242) [forward subsumption resolution 211468,21]
211765. 247 | ~9 | ~53 | ~84 | 198 | ~242 [avatar split clause 211646,62595,58862,34591,5330,95,63190]
212071. c1 = mult(c2,c3) <- (3, 6, 14) [forward demodulation 203441,71]
212080. c1 = mult(c2,c3) | mult(c3,X1) = mult(op_b,mult(c3,X1)) | mult(c3,op_b) != X0 | c3 = X0 | c1 = X0 | c2 = X0 <- (3, 6, ~16) [forward demodulation 210596,71]
212105. mult(c2,op_a) != mult(op_a,c2) <- (3) [superposition 15,71]
212110. mult(c3,c2) != mult(c2,c3) <- (3, 6) [superposition 10816,71]
212125. mult(c3,c2) != mult(c2,c3) <- (3, 6) [forward demodulation 212105,84]
212242. e = mult(c3,mult(X0,mult(i(mult(e,X0)),c2))) <- (40) [superposition 6880,1799]
212250. c3 = mult(X0,i(mult(c2,X0))) <- (40) [superposition 7092,1799]
212274. c3 = i(c2) <- (40) [forward demodulation 212250,103337]
212279. e = mult(c3,c2) <- (40) [forward demodulation 212242,6881]
212317. e = mult(c2,c3) <- (3, 6, 9, 18) [forward demodulation 184742,71]
212329. $false <- (6, ~20, 367) [forward subsumption resolution 203629,210339]
212330. ~6 | 20 | ~367 [avatar contradiction clause 212329]
212343. c1 != mult(c2,c3) <- (3, 6, 18) [forward demodulation 212110,148640]
212352. c1 = mult(c2,c3) <- (3, 6, 9, 18) [forward demodulation 212317,97]
212365. $false <- (3, 6, 9, ~14, 18) [forward subsumption resolution 212352,147872]
212366. ~3 | ~6 | ~9 | 14 | ~18 [avatar contradiction clause 212365]
212387. ~50 | ~3 | 25 [avatar split clause 171427,202,69,3001]
212407. e = c4 <- (3, 6, 17, 40) [forward demodulation 212279,147940]
212425. c1 = c4 <- (3, 6, 9, 17, 40) [forward demodulation 212407,97]
212434. $false <- (3, 6, 9, 17, 40) [forward subsumption resolution 212425,19]
212435. ~3 | ~6 | ~9 | ~17 | ~40 [avatar contradiction clause 212434]
212444. c2 = mult(c3,c2) <- (3, 6, ~17, ~18, ~19) [forward demodulation 210356,71]
212474. $false <- (~11, 39, 246) [forward subsumption resolution 87400,104]
212475. 11 | ~39 | ~246 [avatar contradiction clause 212474]
212487. c3 = i(c4) <- (3, 6, 9, 22, 28, 39, 51) [forward demodulation 180373,185723]
212523. c2 = mult(c4,c4) <- (51, 246, 300) [forward demodulation 116431,63188]
212575. $false <- (3, 6, 9, 22, 28, 39, ~48, 51) [forward subsumption resolution 212487,2994]
212576. ~3 | ~6 | ~9 | ~22 | ~28 | ~39 | 48 | ~51 [avatar contradiction clause 212575]
212926. c2 = mult(e,i(mult(c3,i(c1)))) <- (3, 6, 14) [superposition 7270,212071]
212943. c2 = mult(e,mult(c1,i(c3))) <- (3, 6, 9, 14) [forward demodulation 212926,168871]
212952. c2 = mult(e,i(c3)) <- (3, 6, 9, 14) [forward demodulation 212943,153139]
212960. c2 = mult(e,c3) <- (3, 6, 9, 14, 39) [forward demodulation 212952,1795]
212967. c2 = mult(c1,c3) <- (3, 6, 9, 14, 39) [forward demodulation 212960,97]
212971. c2 = c3 <- (3, 6, 9, 14, 39) [forward demodulation 212967,153442]
212974. $false <- (3, 6, 9, 14, 39) [forward subsumption resolution 212971,20]
212975. ~3 | ~6 | ~9 | ~14 | ~39 [avatar contradiction clause 212974]
212983. c3 = mult(c2,c3) <- (3, 6, 15) [forward demodulation 413,71]
212994. mult(c3,X1) = mult(op_b,mult(c3,X1)) | mult(c3,op_b) != X0 | c3 = X0 | c1 = X0 | c2 = X0 <- (3, 6, ~14, ~16) [forward subsumption resolution 212080,147872]
213006. mult(c3,X1) = mult(c2,mult(c3,X1)) | mult(c3,op_b) != X0 | c3 = X0 | c1 = X0 | c2 = X0 <- (3, 6, ~14, ~16) [forward demodulation 212994,71]
213010. 369 <=> ! [X1] : mult(c3,X1) = mult(c2,mult(c3,X1)) [avatar definition]
213011. mult(c3,X1) = mult(c2,mult(c3,X1)) <- (369) [avatar component clause 213010]
213013. mult(c3,c2) != X0 | mult(c3,X1) = mult(c2,mult(c3,X1)) | c3 = X0 | c1 = X0 | c2 = X0 <- (3, 6, ~14, ~16) [forward demodulation 213006,71]
213014. c4 != X0 | mult(c3,X1) = mult(c2,mult(c3,X1)) | c3 = X0 | c1 = X0 | c2 = X0 <- (3, 6, ~14, ~16, 17) [forward demodulation 213013,147940]
213015. mult(c3,X1) = mult(c2,mult(c3,X1)) | c3 = X0 | c1 = X0 | c2 = X0 <- (3, 6, ~14, ~16, 17) [forward subsumption resolution 213014,16]
213016. 55 | 369 | ~3 | ~6 | 14 | 16 | ~17 [avatar split clause 213015,127,123,115,82,69,213010,5394]
213027. ~144 | ~3 | ~8 | 34 [avatar split clause 211439,383,90,69,53612]
213057. c1 = mult(c4,c2) <- (3, ~22, ~340, ~342) [forward demodulation 181917,71]
213703. c2 != mult(c2,c3) <- (3, 6, ~16) [superposition 444,71]
214132. mult(X0,mult(c3,mult(c2,i(mult(e,c2))))) = X0 <- (3, 6, ~17, ~18, ~19) [superposition 6835,212444]
214155. mult(X0,c3) = X0 <- (3, 6, ~17, ~18, ~19) [forward demodulation 214132,6463]
214163. 45 | ~3 | ~6 | 17 | 18 | 19 [avatar split clause 214155,155,151,127,82,69,2590]
214286. mult(X0,mult(c3,mult(c2,i(mult(e,c2))))) = X0 <- (3, 6, 20) [superposition 6835,198170]
214309. mult(X0,c3) = X0 <- (3, 6, 20) [forward demodulation 214286,6463]
214317. 45 | ~3 | ~6 | ~20 [avatar split clause 214309,159,82,69,2590]
214407. c2 = mult(X0,c1) | i(X0) = c2 | i(X0) = c3 | i(X0) = c1 <- (9, 34) [superposition 172291,385]
214446. c2 = X0 | i(X0) = c2 | i(X0) = c3 | i(X0) = c1 <- (9, 34) [forward demodulation 214407,171766]
214457. 248 | ~9 | ~34 [avatar split clause 214446,383,95,65909]
214555. mult(c4,X0) = mult(c4,mult(c2,X0)) <- (3, 22) [superposition 14,185723]
215461. c2 = mult(c3,mult(i(mult(i(X0),c3)),i(X0))) <- (369) [superposition 213011,7091]
215574. mult(X0,i(X0)) = c2 <- (369) [forward demodulation 215461,91831]
215652. c1 = c2 <- (9, 369) [forward demodulation 215574,157135]
215709. $false <- (9, 369) [forward subsumption resolution 215652,17]
215710. ~9 | ~369 [avatar contradiction clause 215709]
216601. mult(c1,X0) = mult(c3,mult(c3,X0)) <- (247) [superposition 14,63192]
216677. mult(c4,c4) = mult(c4,c2) <- (3, 22, 145) [superposition 214555,53618]
216880. c4 = mult(c4,c4) <- (3, 22, 145) [forward demodulation 216677,185723]
216933. c1 = c4 <- (3, 22, 56, 145) [forward demodulation 216880,5399]
216968. $false <- (3, 22, 56, 145) [forward subsumption resolution 216933,19]
216969. ~3 | ~22 | ~56 | ~145 [avatar contradiction clause 216968]
216994. ~144 | ~42 | 297 [avatar split clause 210913,88025,2301,53612]
217268. mult(c4,c4) = mult(c4,c3) <- (3, 22, 50) [superposition 214555,3003]
217288. c2 = mult(e,i(mult(c4,i(c3)))) <- (50) [superposition 7270,3003]
217298. c2 = mult(e,mult(c3,i(c4))) <- (9, 50) [forward demodulation 217288,168871]
217310. c2 = mult(e,mult(c3,c4)) <- (9, 50, 56) [forward demodulation 217298,189963]
217313. c2 = mult(e,c1) <- (9, 50, 56, 254) [forward demodulation 217310,66806]
217317. e = c2 <- (9, 50, 56, 254) [forward demodulation 217313,171766]
217319. $false <- (9, ~11, 50, 56, 254) [forward subsumption resolution 217317,104]
217320. ~9 | 11 | ~50 | ~56 | ~254 [avatar contradiction clause 217319]
217358. c4 = mult(c3,c3) <- (9, 48, 181) [forward demodulation 202469,2995]
217375. mult(c3,mult(c3,X0)) = X0 <- (9, 247) [forward demodulation 216601,153442]
217504. c1 = mult(c4,c4) <- (3, 22, 33, 50) [forward demodulation 217268,357]
217519. 300 | ~9 | ~247 [avatar split clause 217375,63190,95,90357]
217612. $false <- (3, 22, 33, 50, ~56) [forward subsumption resolution 217504,5398]
217613. ~3 | ~22 | ~33 | ~50 | 56 [avatar contradiction clause 217612]
217958. c3 = c4 <- (3, 22, 145, 158) [forward demodulation 216880,57835]
217997. $false <- (3, 22, 145, 158) [forward subsumption resolution 217958,22]
217998. ~3 | ~22 | ~145 | ~158 [avatar contradiction clause 217997]
218033. 242 | ~3 | ~8 | ~25 [avatar split clause 211427,202,90,69,62595]
218054. c4 != mult(c4,c2) <- (3, ~22) [forward demodulation 171,71]
218266. ~50 | ~3 | 8 | ~242 [avatar split clause 188745,62595,90,69,3001]
218461. c4 = mult(X0,i(mult(c3,X0))) <- (48) [superposition 7092,2995]
218477. c4 = i(c3) <- (48) [forward demodulation 218461,103337]
218563. c2 = mult(e,i(mult(c3,i(c1)))) <- (3, 6, 14) [superposition 7270,212071]
218580. c2 = mult(e,mult(c1,i(c3))) <- (3, 6, 9, 14) [forward demodulation 218563,168871]
218589. c2 = mult(e,i(c3)) <- (3, 6, 9, 14) [forward demodulation 218580,153139]
218597. c2 = mult(e,c4) <- (3, 6, 9, 14, 33) [forward demodulation 218589,210451]
218604. c2 = mult(c1,c4) <- (3, 6, 9, 14, 33) [forward demodulation 218597,97]
218608. c2 = c4 <- (3, 6, 9, 14, 33) [forward demodulation 218604,153442]
218611. $false <- (3, 6, 9, 14, 33) [forward subsumption resolution 218608,21]
218612. ~3 | ~6 | ~9 | ~14 | ~33 [avatar contradiction clause 218611]
218666. $false <- (~9, 34, 49) [forward subsumption resolution 183509,96]
218667. 9 | ~34 | ~49 [avatar contradiction clause 218666]
218671. $false <- (10, ~50, ~52, ~53, ~54) [forward subsumption resolution 206513,101]
218672. ~10 | 50 | 52 | 53 | 54 [avatar contradiction clause 218671]
218685. c3 = c4 <- (10, 199) [forward demodulation 87859,101]
218961. mult(c3,X0) = X0 <- (10) [forward demodulation 90791,101]
219047. c3 = mult(i(i(X0)),i(mult(c3,X0))) <- (10) [forward demodulation 113624,101]
221180. $false <- (10, 199) [forward subsumption resolution 218685,22]
221181. ~10 | ~199 [avatar contradiction clause 221180]
221335. 77 | ~10 [avatar split clause 218961,99,33401]
221392. c3 = mult(X0,i(mult(c3,X0))) <- (10) [forward demodulation 219047,91964]
223318. c3 = i(c3) <- (10) [forward demodulation 221392,103337]
224756. $false <- (10, ~39) [forward subsumption resolution 223318,1794]
224757. ~10 | 39 [avatar contradiction clause 224756]
227130. 54 | ~11 | ~66 [avatar split clause 72885,33099,103,5334]
227196. c2 = X1 | c1 = X1 | c3 = X1 <- (162, 352) [forward subsumption resolution 58113,191871]
229667. $false <- (3, ~22, 75) [forward subsumption resolution 218054,33151]
229668. ~3 | 22 | ~75 [avatar contradiction clause 229667]
229680. 55 | ~162 | ~352 [avatar split clause 227196,191870,58112,5394]
237702. mult(c2,c4) = mult(c4,c2) <- (3, 8) [forward demodulation 91,71]
237797. c3 != mult(c3,c2) <- (3, 6, 66) [forward demodulation 212125,33100]
239141. $false <- (3, 6, 66, 75) [forward subsumption resolution 237797,33151]
239142. ~3 | ~6 | ~66 | ~75 [avatar contradiction clause 239141]
239262. c4 = i(mult(c3,c4)) <- (10, 77, 181) [forward demodulation 92649,101]
239264. c4 = i(c4) <- (77, 181) [forward demodulation 92664,13]
239271. mult(c2,mult(c4,X1)) = X1 <- (77, 353) [forward demodulation 191940,33402]
239367. 11 | ~47 | ~251 [avatar split clause 78567,65981,2989,103]
239371. c1 = mult(c4,c2) <- (77, 181, 251) [forward demodulation 92277,33402]
241624. 34 | ~77 | ~181 | ~251 [avatar split clause 239371,65981,58596,33401,383]
248841. 34 | ~3 | 22 | 340 | 342 [avatar split clause 213057,181356,181349,169,69,383]
248860. c3 = c4 <- (39, 48) [forward demodulation 218477,1795]
248898. c3 = i(c1) <- (56, 295) [forward demodulation 88019,5399]
249117. $false <- (39, 48) [forward subsumption resolution 248860,22]
249118. ~39 | ~48 [avatar contradiction clause 249117]
249148. $false <- (~36, 56, 295) [forward subsumption resolution 248898,560]
249149. 36 | ~56 | ~295 [avatar contradiction clause 249148]
249931. $false <- (~35, 52) [forward subsumption resolution 103280,556]
249932. 35 | ~52 [avatar contradiction clause 249931]
249933. $false <- (~35, 52) [forward subsumption resolution 120597,556]
249934. 35 | ~52 [avatar contradiction clause 249933]
250746. c1 = c4 <- (13, 47) [forward demodulation 8347,2991]
250792. 35 | ~6 | ~13 | ~26 | ~52 [avatar split clause 18305,5326,207,111,82,555]
251458. e = mult(X0,i(mult(X0,X1))) | c3 = X1 | c2 = X1 | c1 = X1 <- (13) [forward demodulation 4734,112]
253404. $false <- (13, 47) [forward subsumption resolution 250746,19]
253405. ~13 | ~47 [avatar contradiction clause 253404]
260887. 382 <=> ! [X2,X1] : (c1 = X1 | c4 = X1 | mult(X2,X1) = X2 | c2 = X1) [avatar definition]
260888. mult(X2,X1) = X2 | c4 = X1 | c1 = X1 | c2 = X1 <- (382) [avatar component clause 260887]
270468. c4 = mult(c2,c4) <- (3, 8, 22) [forward demodulation 171428,185723]
270479. c4 = mult(c2,c4) <- (3, 8, 22) [forward demodulation 237702,185723]
270486. c2 = c4 <- (3, 8, 12, 22) [forward demodulation 270479,108]
270492. $false <- (3, 8, 12, 22) [forward subsumption resolution 270486,21]
270493. ~3 | ~8 | ~12 | ~22 [avatar contradiction clause 270492]
271292. mult(X1,i(X0)) = mult(c4,i(mult(X0,i(X1)))) <- (~9, ~10, ~11, 13, 35, 52) [forward demodulation 112089,14072]
272855. mult(X1,i(X0)) = i(mult(X0,i(X1))) <- (~9, ~10, ~11, 13, 35, 52) [forward demodulation 271292,7657]
281083. i(X0) != c3 | c2 = X0 | c3 = X0 | c1 = X0 <- (~48) [superposition 2994,16]
281605. i(X0) != c2 | c2 = X0 | c3 = X0 | c1 = X0 <- (~49) [superposition 2998,16]
283301. c3 != mult(c2,X0) | c2 = X0 | c3 = X0 | c1 = X0 <- (~50) [superposition 3002,16]
285615. mult(X1,i(i(X0))) = X0 | c4 = X1 | c1 = X1 | c2 = X1 <- (382) [superposition 7092,260888]
285652. c2 != c2 | c3 = c4 | c1 = c3 | c2 = c3 <- (3, 6, ~16, 382) [superposition 213703,260888]
285658. c3 != c3 | c3 = c4 | c1 = c3 | c2 = c3 <- (~198, 382) [superposition 58863,260888]
285666. c3 = c4 | c1 = c3 | c2 = c3 <- (~198, 382) [trivial inequality removal 285658]
285667. c3 = c4 | c1 = c3 | c2 = c3 <- (3, 6, ~16, 382) [trivial inequality removal 285652]
285675. c1 = c3 | c2 = c3 <- (~198, 382) [forward subsumption resolution 285666,22]
285676. c1 = c3 | c2 = c3 <- (3, 6, ~16, 382) [forward subsumption resolution 285667,22]
285710. mult(X1,X0) = X0 | c4 = X1 | c1 = X1 | c2 = X1 <- (382) [forward demodulation 285615,6697]
285803. c2 = c3 <- (~198, 382) [forward subsumption resolution 285675,18]
285804. c2 = c3 <- (3, 6, ~16, 382) [forward subsumption resolution 285676,18]
285832. $false <- (~198, 382) [forward subsumption resolution 285803,20]
285833. 198 | ~382 [avatar contradiction clause 285832]
285834. $false <- (3, 6, ~16, 382) [forward subsumption resolution 285804,20]
285835. ~3 | ~6 | 16 | ~382 [avatar contradiction clause 285834]
285928. c4 != c4 | c2 = mult(c4,c1) | c3 = mult(c4,c1) | c1 = mult(c4,c1) <- (~337) [superposition 172652,16]
285930. c4 != X0 | c3 = X0 | c3 = mult(c4,c1) | c1 = X0 | c2 = mult(c4,c1) | c2 = X0 | c1 = mult(c4,c1) <- (~337) [superposition 172652,41]
285933. c2 = mult(c4,c1) | c3 = mult(c4,c1) | c1 = mult(c4,c1) <- (~337) [trivial inequality removal 285928]
286138. c3 != c3 | c2 = mult(c2,c2) | c1 = mult(c2,c2) <- (~68, 320) [superposition 33110,148473]
286143. c3 != c3 | c2 = mult(c4,c2) | c1 = mult(c4,c2) <- (~242, 320) [superposition 62596,148473]
286148. c2 = mult(c4,c2) | c1 = mult(c4,c2) <- (~242, 320) [trivial inequality removal 286143]
286355. c3 = X0 | c3 = mult(c4,c1) | c1 = X0 | c2 = mult(c4,c1) | c2 = X0 | c1 = mult(c4,c1) <- (~337) [forward subsumption resolution 285930,16]
288311. mult(c4,X0) = mult(c3,mult(c3,X0)) <- (~9, ~10, ~11, 13, 39) [superposition 14,13551]
288468. mult(X0,mult(X1,mult(i(mult(X0,X1)),X2))) = mult(e,c4) | c2 = X2 | c1 = X2 | c3 = X2 [superposition 320,8657]
290473. c4 = mult(c2,c1) <- (~9, ~10, ~11, 13, 52) [superposition 10166,5328]
291392. e = mult(c1,mult(i(c2),i(c3))) <- (3, 6, ~9, ~10, ~11, 13, 18) [superposition 29,148922]
291788. c2 = mult(c3,c1) <- (3, 6, 18, 300) [superposition 90358,148640]
292335. e = mult(c4,c4) | c3 = X0 | c2 = X0 | c1 = X0 | i(X0) = c3 | i(X0) = c1 <- (~49) [forward subsumption resolution 4686,281605]
292376. c3 = mult(e,i(mult(c1,i(c2)))) <- (3, 6, 18, 300) [superposition 7270,291788]
292383. c3 = mult(e,mult(c2,i(c1))) <- (3, 6, ~9, ~10, ~11, 13, 18, 35, 52, 300) [forward demodulation 292376,272855]
292393. c3 = mult(c2,i(c1)) <- (3, 6, ~9, ~10, ~11, 13, 18, 35, 52, 300) [forward demodulation 292383,7881]
292397. c3 = mult(c2,c2) <- (3, 6, ~9, ~10, ~11, 13, 18, 35, 52, 300) [forward demodulation 292393,557]
292399. $false <- (3, 6, ~9, ~10, ~11, 13, 18, 35, 52, ~68, 300) [forward subsumption resolution 292397,33110]
292400. ~3 | ~6 | 9 | 10 | 11 | ~13 | ~18 | ~35 | ~52 | 68 | ~300 [avatar contradiction clause 292399]
292405. $false <- (6, 13, 26, 35, 39, 68, ~286) [forward subsumption resolution 121061,97727]
292406. ~6 | ~13 | ~26 | ~35 | ~39 | ~68 | 286 [avatar contradiction clause 292405]
292551. mult(X1,c4) = mult(i(c4),X1) <- (~9, ~10, ~11, 13, 54) [forward demodulation 113815,149875]
292855. mult(X1,i(X0)) = mult(c4,i(mult(X0,i(X1)))) <- (~9, ~10, ~11, 13, 54) [forward demodulation 112089,149875]
293209. c4 = mult(X0,i(mult(X0,X1))) | c3 = X1 | c2 = X1 | c1 = X1 <- (~9, ~10, ~11, 13, 54) [forward demodulation 251458,149875]
294530. e = mult(c1,mult(i(c2),c3)) <- (3, 6, ~9, ~10, ~11, 13, 18, 39) [forward demodulation 291392,1795]
294597. mult(c4,X1) = mult(X1,c4) <- (~9, ~10, ~11, 13, 54) [forward demodulation 292551,8347]
294779. mult(X1,i(X0)) = i(mult(X0,i(X1))) <- (~9, ~10, ~11, 13, 54) [forward demodulation 292855,7657]
295915. e = mult(c1,mult(c2,c3)) <- (3, 6, ~9, ~10, ~11, 13, 18, 39, 54) [forward demodulation 294530,5336]
296919. c4 = mult(c1,mult(c2,c3)) <- (3, 6, ~9, ~10, ~11, 13, 18, 39, 54) [forward demodulation 295915,149875]
304397. c4 = mult(c1,i(c4)) | c3 = mult(c2,c3) | c2 = mult(c2,c3) | c1 = mult(c2,c3) <- (3, 6, ~9, ~10, ~11, 13, 18, 39, 54) [superposition 293209,296919]
304400. c4 = mult(c1,i(c4)) | c2 = mult(c2,c3) | c1 = mult(c2,c3) <- (3, 6, ~9, ~10, ~11, 13, ~15, 18, 39, 54) [forward subsumption resolution 304397,147899]
304422. c4 = mult(c1,i(c4)) | c1 = mult(c2,c3) <- (3, 6, ~9, ~10, ~11, 13, ~15, ~16, 18, 39, 54) [forward subsumption resolution 304400,213703]
304444. c4 = mult(c1,i(c4)) <- (3, 6, ~9, ~10, ~11, 13, ~15, ~16, 18, 39, 54) [forward subsumption resolution 304422,212343]
304460. c4 = mult(c1,c4) <- (3, 6, ~9, ~10, ~11, 13, ~15, ~16, 18, 39, 54) [forward demodulation 304444,8347]
304474. c1 = c4 <- (3, 6, ~9, ~10, ~11, 12, 13, ~15, ~16, 18, 39, 54) [forward demodulation 304460,108]
304484. $false <- (3, 6, ~9, ~10, ~11, 12, 13, ~15, ~16, 18, 39, 54) [forward subsumption resolution 304474,19]
304485. ~3 | ~6 | 9 | 10 | 11 | ~12 | ~13 | 15 | 16 | ~18 | ~39 | ~54 [avatar contradiction clause 304484]
304521. c1 = c3 <- (301) [forward demodulation 90501,91964]
304529. $false <- (301) [forward subsumption resolution 304521,18]
304530. ~301 [avatar contradiction clause 304529]
305067. e = mult(c2,mult(c3,i(c3))) <- (3, 6, 15) [superposition 29,212983]
305109. e = mult(c2,e) <- (3, 6, 15) [forward demodulation 305067,12]
305124. e = c2 <- (3, 6, 15) [forward demodulation 305109,13]
305132. 11 | ~3 | ~6 | ~15 [avatar split clause 305124,119,82,69,103]
305410. c2 = mult(c1,c1) <- (3, 6, ~9, ~10, ~11, 12, 13, 18, 36) [superposition 147794,148640]
305744. c1 = mult(e,i(mult(c1,i(c2)))) <- (3, 6, ~9, ~10, ~11, 12, 13, 18, 36) [superposition 7270,305410]
305750. c1 = mult(e,mult(c2,i(c1))) <- (3, 6, ~9, ~10, ~11, 12, 13, 18, 36, 54) [forward demodulation 305744,294779]
305760. c1 = mult(c2,i(c1)) <- (3, 6, ~9, ~10, ~11, 12, 13, 18, 36, 54) [forward demodulation 305750,7881]
305764. c1 = mult(c2,c3) <- (3, 6, ~9, ~10, ~11, 12, 13, 18, 36, 54) [forward demodulation 305760,561]
305766. $false <- (3, 6, ~9, ~10, ~11, 12, 13, 18, 36, 54) [forward subsumption resolution 305764,212343]
305767. ~3 | ~6 | 9 | 10 | 11 | ~12 | ~13 | ~18 | ~36 | ~54 [avatar contradiction clause 305766]
305832. c1 = c4 <- (3, 6, ~9, ~10, ~11, 13, 14, 40) [forward demodulation 110135,212071]
305849. c2 = c3 <- (40, 54) [forward demodulation 212274,5336]
305964. $false <- (3, 6, ~9, ~10, ~11, 13, 14, 40) [forward subsumption resolution 305832,19]
305965. ~3 | ~6 | 9 | 10 | 11 | ~13 | ~14 | ~40 [avatar contradiction clause 305964]
305991. $false <- (40, 54) [forward subsumption resolution 305849,20]
305992. ~40 | ~54 [avatar contradiction clause 305991]
306106. 385 <=> ! [X1] : mult(c1,X1) = X1 [avatar definition]
306107. mult(c1,X1) = X1 <- (385) [avatar component clause 306106]
306170. c2 = mult(c3,c3) <- (11, 39, 51) [forward demodulation 59699,105]
306249. c1 = mult(c4,c1) <- (33, 292) [forward demodulation 87151,357]
306431. mult(c2,X0) = mult(X1,mult(c4,X0)) | c2 = i(X1) | c3 = i(X1) | c1 = i(X1) <- (11) [forward demodulation 310,105]
306881. c1 = mult(c1,c3) <- (265, 276) [forward demodulation 78073,76807]
306923. c3 = mult(c4,c1) | c1 = mult(c4,c1) <- (~251, ~337) [forward subsumption resolution 285933,65982]
306924. c3 = X0 | c3 = mult(c4,c1) | c1 = X0 | c2 = X0 | c1 = mult(c4,c1) <- (~251, ~337) [forward subsumption resolution 286355,65982]
307179. mult(X0,mult(X1,mult(i(mult(X0,X1)),X2))) = mult(e,c3) | c2 = X2 | c1 = X2 | c3 = X2 <- (271) [forward demodulation 288468,77427]
307369. c2 = mult(i(X0),X0) <- (11) [forward demodulation 90739,105]
308059. mult(X1,X0) = c2 | c2 = i(X1) | c3 = i(X1) | c1 = i(X1) | c2 = X0 | c3 = X0 | c1 = X0 <- (11) [forward demodulation 523,105]
308062. mult(X2,mult(X0,X1)) = mult(c2,X1) | c3 = i(X2) | c3 = X0 | c1 = i(X2) | c2 = X0 | c2 = i(X2) | c1 = X0 <- (11) [forward demodulation 712,105]
308143. mult(X1,i(X0)) = mult(c2,i(mult(X0,i(X1)))) <- (11) [forward demodulation 112089,105]
308195. c2 = mult(X1,mult(X2,i(X0))) | c3 = mult(X1,X2) | c3 = X0 | c1 = mult(X1,X2) | c2 = X0 | c2 = mult(X1,X2) | c1 = X0 <- (11) [forward demodulation 716,105]
308503. mult(op_a,op_b) != mult(c4,op_a) | op_b = c1 <- (~2, ~3) [forward subsumption resolution 179469,70]
308504. mult(op_a,X0) != mult(X0,op_a) | c3 = X0 | c2 = X0 | c1 = X0 <- (~1, ~2, ~3) [forward subsumption resolution 179661,70]
308541. $false <- (33, ~250, 292) [forward subsumption resolution 306249,65978]
308542. ~33 | 250 | ~292 [avatar contradiction clause 308541]
308691. mult(X1,mult(c4,X0)) = X0 | c2 = i(X1) | c3 = i(X1) | c1 = i(X1) <- (11, 66) [forward demodulation 306431,33100]
309066. c3 = mult(c4,c1) <- (~250, ~251, ~337) [forward subsumption resolution 306923,65978]
309067. c3 = X0 | c3 = mult(c4,c1) | c1 = X0 | c2 = X0 <- (~250, ~251, ~337) [forward subsumption resolution 306924,65978]
309292. mult(X0,mult(X1,mult(i(mult(X0,X1)),X2))) = mult(c2,c3) | c2 = X2 | c1 = X2 | c3 = X2 <- (11, 271) [forward demodulation 307179,105]
310082. mult(X2,mult(X0,X1)) = X1 | c3 = i(X2) | c3 = X0 | c1 = i(X2) | c2 = X0 | c2 = i(X2) | c1 = X0 <- (11, 66) [forward demodulation 308062,33100]
310134. mult(X1,i(X0)) = i(mult(X0,i(X1))) <- (11, 66) [forward demodulation 308143,33100]
310400. mult(op_a,op_b) != mult(c4,op_a) <- (~1, ~2, ~3) [forward subsumption resolution 308503,62]
310762. 387 <=> c3 = mult(c4,c1) [avatar definition]
310764. c3 = mult(c4,c1) <- (387) [avatar component clause 310762]
310767. 387 | 250 | 251 | 337 [avatar split clause 309066,172651,65981,65977,310762]
310768. 387 | 55 | 250 | 251 | 337 [avatar split clause 309067,172651,65981,65977,5394,310762]
310953. c3 = mult(X0,mult(X1,mult(i(mult(X0,X1)),X2))) | c2 = X2 | c1 = X2 | c3 = X2 <- (11, 66, 271) [forward demodulation 309292,33100]
312107. c3 = mult(e,X2) | c2 = X2 | c1 = X2 | c3 = X2 <- (11, 66, 271) [forward demodulation 310953,320]
313018. c3 = mult(c2,X2) | c2 = X2 | c1 = X2 | c3 = X2 <- (11, 66, 271) [forward demodulation 312107,105]
313777. c2 = X2 | c1 = X2 | c3 = X2 <- (11, ~50, 66, 271) [forward subsumption resolution 313018,283301]
314334. 55 | ~11 | 50 | ~66 | ~271 [avatar split clause 313777,77426,33099,3001,103,5394]
315833. c2 = mult(X0,mult(X1,c4)) | c2 = i(mult(X0,X1)) | c3 = i(mult(X0,X1)) | c1 = i(mult(X0,X1)) <- (11) [forward demodulation 458,105]
316064. c1 = mult(c1,c4) <- (276, 314) [forward demodulation 78073,97494]
317862. c3 = mult(c4,c1) <- (33, 291) [forward demodulation 87147,357]
318215. mult(c1,X0) = mult(op_b,mult(c3,X0)) <- (6, 14) [superposition 14,203441]
318461. c1 != mult(c4,c4) | op_b = c2 | op_b = c3 | op_b = c1 <- (~23) [superposition 181,16]
318532. c1 != mult(c4,c4) | op_b = c3 | op_b = c1 <- (~3, ~23) [forward subsumption resolution 318461,70]
318537. c1 != mult(c4,c4) | op_b = c1 <- (~2, ~3, ~23) [forward subsumption resolution 318532,66]
318542. c1 != mult(c4,c4) <- (~1, ~2, ~3, ~23) [forward subsumption resolution 318537,62]
318615. mult(c2,X0) = mult(op_b,mult(c4,X0)) <- (27) [superposition 14,227]
318634. op_b = mult(e,i(mult(c4,i(c2)))) <- (27) [superposition 7270,227]
318648. op_b = mult(e,mult(c2,i(c4))) <- (11, 27, 66) [forward demodulation 318634,310134]
318663. mult(op_b,mult(c4,X0)) = X0 <- (27, 66) [forward demodulation 318615,33100]
318666. op_b = mult(e,i(c4)) <- (11, 27, 66) [forward demodulation 318648,33100]
318682. op_b = mult(e,c4) <- (11, 27, 66, 314) [forward demodulation 318666,97494]
318695. op_b = mult(c2,c4) <- (11, 27, 66, 314) [forward demodulation 318682,105]
318701. op_b = c4 <- (11, 27, 66, 314) [forward demodulation 318695,33100]
318846. c1 != mult(c4,c4) | op_b = c2 | op_b = c1 | op_b = c3 <- (8, ~23) [superposition 179553,8657]
318865. c1 != mult(c4,c4) | op_b = c1 | op_b = c3 <- (~3, 8, ~23) [forward subsumption resolution 318846,70]
318875. c1 != mult(c4,c4) | op_b = c3 <- (~1, ~3, 8, ~23) [forward subsumption resolution 318865,62]
318882. c1 != mult(c4,c4) <- (~1, ~2, ~3, 8, ~23) [forward subsumption resolution 318875,66]
319084. mult(op_b,c3) = mult(c1,op_b) <- (6, 14, 19) [superposition 318215,187914]
319342. mult(c4,c3) = mult(c1,c4) <- (6, 11, 14, 19, 27, 66, 314) [forward demodulation 319084,318701]
319547. c4 = mult(e,i(mult(c3,i(c1)))) <- (33) [superposition 7270,357]
319554. c4 = mult(e,mult(c1,i(c3))) <- (11, 33, 66) [forward demodulation 319547,310134]
319691. mult(c2,X0) = mult(c4,mult(c4,X0)) <- (58) [superposition 14,5740]
319705. c4 = mult(e,i(mult(c4,i(c2)))) <- (58) [superposition 7270,5740]
319709. c4 = mult(e,mult(c2,i(c4))) <- (11, 58, 66) [forward demodulation 319705,310134]
319717. mult(c4,mult(c4,X0)) = X0 <- (58, 66) [forward demodulation 319691,33100]
319721. c4 = mult(e,i(c4)) <- (11, 58, 66) [forward demodulation 319709,33100]
319942. mult(c2,i(i(X0))) = X0 <- (75) [superposition 7092,33151]
320579. mult(c4,mult(c4,X0)) = X0 | c3 = X1 | c2 = X1 | c1 = X1 | c2 = i(X1) | c3 = i(X1) | c1 = i(X1) <- (11, 66) [superposition 1830,308691]
322049. c4 = mult(e,i(mult(op_b,i(c2)))) <- (340) [superposition 7270,181351]
322054. c4 = mult(e,mult(c2,i(op_b))) <- (11, 66, 340) [forward demodulation 322049,310134]
322072. c4 = mult(e,i(op_b)) <- (11, 66, 340) [forward demodulation 322054,33100]
322245. c2 = mult(c4,c4) | c2 = mult(X0,X1) | c3 = mult(X0,X1) | c1 = mult(X0,X1) | c2 = i(mult(X0,X1)) | c3 = i(mult(X0,X1)) | c1 = i(mult(X0,X1)) <- (11) [superposition 46,315833]
322711. c1 != mult(c1,c4) <- (~276, 314) [forward demodulation 78072,97494]
322712. c1 = mult(c1,c4) <- (6, 11, 14, 19, 27, 33, 66, 314) [forward demodulation 319342,357]
322716. $false <- (6, 11, 14, 19, 27, 33, 66, ~276, 314) [forward subsumption resolution 322712,322711]
322717. ~6 | ~11 | ~14 | ~19 | ~27 | ~33 | ~66 | 276 | ~314 [avatar contradiction clause 322716]
322754. e = mult(c1,c1) <- (37) [superposition 12,565]
322755. mult(e,X0) = mult(c1,mult(c1,X0)) <- (37) [superposition 24,565]
322804. mult(c2,X0) = mult(c1,mult(c1,X0)) <- (11, 37) [forward demodulation 322755,105]
322805. c2 = mult(c1,c1) <- (11, 37) [forward demodulation 322754,105]
322817. mult(c1,mult(c1,X0)) = X0 <- (11, 37, 66) [forward demodulation 322804,33100]
323004. mult(op_a,op_b) != c2 | c2 = i(op_b) | c3 = i(op_b) | c1 = i(op_b) | op_a = c2 | op_a = c3 | op_a = c1 <- (11) [superposition 15,308059]
325142. mult(X0,e) = c4 | i(X0) = c3 | c3 = X1 | i(X0) = c1 | c2 = X1 | i(X0) = c2 | c1 = X1 | c2 = i(X1) | c3 = i(X1) | c1 = i(X1) <- (11, 66) [superposition 310082,45]
325486. mult(X0,e) = c4 | i(X0) = c3 | c3 = X1 | i(X0) = c1 | c2 = X1 | i(X0) = c2 | c1 = X1 | c2 = i(X1) | c1 = i(X1) <- (11, ~48, 66) [forward subsumption resolution 325142,281083]
325687. 390 <=> ! [X2,X0] : (mult(c4,mult(X2,X0)) = X0 | c1 = X2 | c2 = X2 | c3 = X2) [avatar definition]
325688. mult(c4,mult(X2,X0)) = X0 | c1 = X2 | c2 = X2 | c3 = X2 <- (390) [avatar component clause 325687]
325886. mult(X1,X0) = c2 | c3 = mult(X1,e) | i(X0) = c3 | c1 = mult(X1,e) | i(X0) = c2 | c2 = mult(X1,e) | i(X0) = c1 <- (11) [superposition 308195,6461]
326129. c3 = X1 | mult(X1,X0) = c2 | i(X0) = c3 | c1 = mult(X1,e) | i(X0) = c2 | c2 = mult(X1,e) | i(X0) = c1 <- (11) [forward demodulation 325886,13]
326169. c1 = X1 | c3 = X1 | mult(X1,X0) = c2 | i(X0) = c3 | i(X0) = c2 | c2 = mult(X1,e) | i(X0) = c1 <- (11) [forward demodulation 326129,13]
326205. c2 = X1 | c1 = X1 | c3 = X1 | mult(X1,X0) = c2 | i(X0) = c3 | i(X0) = c2 | i(X0) = c1 <- (11) [forward demodulation 326169,13]
326895. mult(X0,i(mult(c4,X0))) = mult(op_b,e) <- (27, 66) [superposition 318663,29]
326916. c4 = mult(op_b,e) | c2 = i(c4) | c3 = i(c4) | c1 = i(c4) <- (27, 66) [superposition 318663,45]
326997. op_b = mult(e,i(mult(mult(c4,X0),i(X0)))) <- (27, 66) [superposition 7270,318663]
327006. op_b = mult(e,mult(X0,i(mult(c4,X0)))) <- (11, 27, 66) [forward demodulation 326997,310134]
327069. c4 = mult(op_b,e) | c3 = i(c4) | c1 = i(c4) <- (27, ~49, 66) [forward subsumption resolution 326916,2998]
327088. op_b = mult(X0,i(mult(c4,X0))) <- (27, 66) [forward demodulation 326895,13]
327120. op_b = mult(e,i(c4)) <- (11, 27, 66) [forward demodulation 327006,103337]
327173. c4 = mult(op_b,e) | c1 = i(c4) <- (27, ~48, ~49, 66) [forward subsumption resolution 327069,2994]
327186. op_b = i(c4) <- (27, 66) [forward demodulation 327088,103337]
327400. c4 = mult(c1,c1) <- (11, 37, 66, 276, 314) [superposition 322817,316064]
327598. c2 = c4 <- (11, 37, 66, 276, 314) [forward demodulation 327400,322805]
327653. $false <- (11, 37, 66, 276, 314) [forward subsumption resolution 327598,21]
327654. ~11 | ~37 | ~66 | ~276 | ~314 [avatar contradiction clause 327653]
327793. c4 = mult(e,c1) <- (11, 47, 58, 66) [forward demodulation 319721,2991]
327838. c4 = mult(c2,i(op_b)) <- (11, 66, 340) [forward demodulation 322072,105]
327870. op_b = mult(e,c1) <- (11, 27, 47, 66) [forward demodulation 327120,2991]
327881. op_b = c1 <- (27, 47, 66) [forward demodulation 327186,2991]
327896. mult(X0,e) = c4 | i(X0) = c3 | c3 = X1 | i(X0) = c1 | c2 = X1 | i(X0) = c2 | c1 = X1 | c1 = i(X1) <- (11, ~48, ~49, 66) [forward subsumption resolution 325486,281605]
327970. c4 = mult(c2,c1) <- (11, 47, 58, 66) [forward demodulation 327793,105]
328012. c4 = i(op_b) <- (11, 66, 340) [forward demodulation 327838,33100]
328045. op_b = mult(c2,c1) <- (11, 27, 47, 66) [forward demodulation 327870,105]
328060. $false <- (~1, 27, 47, 66) [forward subsumption resolution 327881,62]
328061. 1 | ~27 | ~47 | ~66 [avatar contradiction clause 328060]
328082. c4 = X0 | i(X0) = c3 | c3 = X1 | i(X0) = c1 | c2 = X1 | i(X0) = c2 | c1 = X1 | c1 = i(X1) <- (11, ~48, ~49, 66) [forward demodulation 327896,13]
328084. 391 <=> ! [X2] : (c3 = X2 | c1 = i(X2) | c1 = X2 | c2 = X2) [avatar definition]
328085. c1 = i(X2) | c3 = X2 | c1 = X2 | c2 = X2 <- (391) [avatar component clause 328084]
328137. c1 = c4 <- (11, 47, 58, 66) [forward demodulation 327970,33100]
328192. op_b = c1 <- (11, 27, 47, 66) [forward demodulation 328045,33100]
328226. $false <- (11, 47, 58, 66) [forward subsumption resolution 328137,19]
328227. ~11 | ~47 | ~58 | ~66 [avatar contradiction clause 328226]
328268. $false <- (~1, 11, 27, 47, 66) [forward subsumption resolution 328192,62]
328269. 1 | ~11 | ~27 | ~47 | ~66 [avatar contradiction clause 328268]
328449. c2 = c3 <- (58, 66, 293) [forward demodulation 87155,319717]
328596. c4 = mult(op_b,e) <- (27, ~47, ~48, ~49, 66) [forward subsumption resolution 327173,2990]
328712. c4 = mult(e,mult(c1,c1)) <- (11, 33, 38, 66) [forward demodulation 319554,1791]
328772. $false <- (58, 66, 293) [forward subsumption resolution 328449,20]
328773. ~58 | ~66 | ~293 [avatar contradiction clause 328772]
328877. op_b = c4 <- (27, ~47, ~48, ~49, 66) [forward demodulation 328596,13]
328979. c4 = mult(c2,mult(c1,c1)) <- (11, 33, 38, 66) [forward demodulation 328712,105]
329165. c4 = mult(c1,c1) <- (11, 33, 38, 66) [forward demodulation 328979,33100]
330059. c3 = mult(op_b,c4) <- (6, 27, 32, 66) [superposition 318663,2072]
330103. c2 = c3 <- (6, 27, 32, 66) [forward demodulation 330059,227]
330113. $false <- (6, 27, 32, 66) [forward subsumption resolution 330103,20]
330114. ~6 | ~27 | ~32 | ~66 [avatar contradiction clause 330113]
330255. c3 = mult(op_b,c2) <- (6, 27, 28, 66) [superposition 318663,2252]
330307. op_b = c3 <- (6, 27, 28, 66, 75) [forward demodulation 330255,33151]
330320. $false <- (~2, 6, 27, 28, 66, 75) [forward subsumption resolution 330307,66]
330321. 2 | ~6 | ~27 | ~28 | ~66 | ~75 [avatar contradiction clause 330320]
330348. ~33 | 1 | 2 | 3 | ~6 | ~18 [avatar split clause 180037,151,82,69,65,61,355]
330351. ~255 | 1 | 2 | 3 | ~6 | 19 [avatar split clause 183238,155,82,69,65,61,66808]
330385. c3 = i(c4) | c1 = mult(X0,i(mult(c4,X0))) | c2 = mult(X0,i(mult(c4,X0))) <- (273) [forward demodulation 77632,103337]
330390. c1 = mult(c3,c1) <- (56, 297) [forward demodulation 88027,5399]
330472. mult(c4,mult(c4,X0)) = X0 | c3 = X1 | c2 = X1 | c1 = X1 | c3 = i(X1) | c1 = i(X1) <- (11, ~49, 66) [forward subsumption resolution 320579,281605]
330476. c2 = mult(c4,c4) | c2 = mult(X0,X1) | c3 = mult(X0,X1) | c1 = mult(X0,X1) | c3 = i(mult(X0,X1)) | c1 = i(mult(X0,X1)) <- (11, ~49) [forward subsumption resolution 322245,281605]
330487. 393 <=> ! [X0] : (c4 = X0 | i(X0) = c2 | i(X0) = c1 | i(X0) = c3) [avatar definition]
330488. i(X0) = c3 | i(X0) = c2 | i(X0) = c1 | c4 = X0 <- (393) [avatar component clause 330487]
330489. 391 | 393 | ~11 | 48 | 49 | ~66 [avatar split clause 328082,33099,2997,2993,103,330487,328084]
330498. c3 = mult(c4,c4) <- (6, 32, 291) [forward demodulation 87147,2072]
330704. c1 = c3 <- (6, 32, 56, 291) [forward demodulation 330498,5399]
330854. 394 <=> ! [X0] : mult(c4,mult(c4,X0)) = X0 [avatar definition]
330855. mult(c4,mult(c4,X0)) = X0 <- (394) [avatar component clause 330854]
330866. $false <- (6, 32, 56, 291) [forward subsumption resolution 330704,18]
330867. ~6 | ~32 | ~56 | ~291 [avatar contradiction clause 330866]
331266. c2 = mult(c3,c1) <- (56, 298) [forward demodulation 88031,5399]
332105. e = c1 | c2 = i(op_b) | c3 = i(op_b) | c1 = i(op_b) <- (23) [superposition 182,45]
332159. op_b = mult(e,i(mult(c4,i(c1)))) <- (23) [superposition 7270,182]
332179. op_b = mult(e,mult(c1,i(c4))) <- (11, 23, 66) [forward demodulation 332159,310134]
332193. c2 = i(op_b) | c3 = i(op_b) | c1 = i(op_b) <- (~9, 23) [forward subsumption resolution 332105,96]
332199. op_b = mult(e,mult(c1,c1)) <- (11, 23, 47, 66) [forward demodulation 332179,2991]
332210. 396 <=> c1 = i(op_b) [avatar definition]
332211. c1 != i(op_b) <- (~396) [avatar component clause 332210]
332212. c1 = i(op_b) <- (396) [avatar component clause 332210]
332214. 397 <=> c3 = i(op_b) [avatar definition]
332215. c3 != i(op_b) <- (~397) [avatar component clause 332214]
332216. c3 = i(op_b) <- (397) [avatar component clause 332214]
332218. 398 <=> c2 = i(op_b) [avatar definition]
332219. c2 != i(op_b) <- (~398) [avatar component clause 332218]
332220. c2 = i(op_b) <- (398) [avatar component clause 332218]
332223. 396 | 397 | 398 | 9 | ~23 [avatar split clause 332193,180,95,332218,332214,332210]
332229. op_b = mult(c2,mult(c1,c1)) <- (11, 23, 47, 66) [forward demodulation 332199,105]
332243. op_b = mult(c1,c1) <- (11, 23, 47, 66) [forward demodulation 332229,33100]
332612. c4 = mult(X0,i(mult(c1,X0))) <- (47) [superposition 7092,2991]
332626. c4 = i(c1) <- (47) [forward demodulation 332612,103337]
332818. c2 = mult(c1,op_b) <- (5, 20) [forward demodulation 161,80]
332944. op_b = mult(e,mult(c1,c3)) <- (11, 23, 48, 66) [forward demodulation 332179,2995]
332954. mult(c1,c4) != mult(c4,c1) <- (~4, 5) [forward demodulation 75,80]
332955. c4 != mult(c1,op_b) <- (5, ~17) [forward demodulation 129,80]
332959. mult(c4,c1) != mult(c1,op_b) <- (~1, ~2, ~3, 5) [forward demodulation 310400,80]
332961. c2 = i(op_b) | c3 = i(op_b) | c1 = i(op_b) | op_a = c2 | op_a = c3 | op_a = c1 <- (11) [forward subsumption resolution 323004,326205]
332964. c3 != mult(c1,op_b) <- (5, ~19) [forward demodulation 156,80]
332966. c2 != mult(op_b,c1) <- (5, ~16) [forward demodulation 124,80]
333057. op_b = mult(c2,mult(c1,c3)) <- (11, 23, 48, 66) [forward demodulation 332944,105]
333069. c2 != mult(c4,c1) <- (~1, ~2, ~3, 5, 20) [forward demodulation 332959,332818]
333130. op_b = mult(c1,c3) <- (11, 23, 48, 66) [forward demodulation 333057,33100]
333260. c2 = mult(c2,op_b) <- (7, 20) [forward demodulation 161,88]
333261. c4 != mult(c4,c2) <- (7, ~32) [forward demodulation 262,88]
333269. mult(c2,c4) != mult(c4,c2) <- (~4, 7) [forward demodulation 75,88]
333270. c4 != mult(c2,op_b) <- (7, ~17) [forward demodulation 129,88]
333271. c3 != mult(c4,c2) <- (7, ~26) [forward demodulation 208,88]
333279. c3 != mult(c2,c4) <- (7, ~30) [forward demodulation 253,88]
333281. c2 != mult(c4,c2) <- (7, ~28) [forward demodulation 231,88]
333293. c4 != mult(c2,c4) <- (~4, 7, 75) [forward demodulation 333269,33151]
333311. $false <- (~4, 7, 66, 75) [forward subsumption resolution 333293,33100]
333312. 4 | ~7 | ~66 | ~75 [avatar contradiction clause 333311]
333348. ~387 | ~5 | 26 [avatar split clause 5040,207,78,310762]
333350. ~251 | 1 | 2 | 3 | ~5 | ~20 [avatar split clause 333069,159,78,69,65,61,65981]
333371. mult(X0,c1) != mult(c1,X0) | c3 = X0 | c2 = X0 | c1 = X0 <- (~1, ~2, ~3, 5) [forward demodulation 308504,80]
333396. c3 = mult(op_b,c1) <- (5, 15) [forward demodulation 121,80]
333397. c3 != mult(c1,op_b) <- (5, 15) [forward demodulation 198,80]
333419. mult(op_b,c1) != mult(c1,op_b) <- (5) [superposition 15,80]
333430. c2 != mult(op_b,c1) <- (5, 20) [forward demodulation 333419,332818]
333766. i(X0) != c1 | c2 = X0 | c3 = X0 | c1 = X0 <- (~47) [superposition 2990,16]
333790. c2 = X0 | c3 = X0 | c1 = X0 <- (~47, 391) [forward subsumption resolution 333766,328085]
333793. 55 | 47 | ~391 [avatar split clause 333790,328084,2989,5394]
333865. e = mult(c4,c3) <- (48) [superposition 12,2995]
333908. c2 = mult(c4,c3) <- (11, 48) [forward demodulation 333865,105]
333980. c1 = mult(e,i(mult(op_b,i(c2)))) <- (5, 20) [superposition 7270,332818]
333998. c1 = mult(e,mult(c2,i(op_b))) <- (5, 11, 20, 66) [forward demodulation 333980,310134]
334013. c1 = mult(e,i(op_b)) <- (5, 11, 20, 66) [forward demodulation 333998,33100]
334027. c1 = mult(e,c3) <- (5, 11, 20, 66, 397) [forward demodulation 334013,332216]
334041. c1 = mult(c2,c3) <- (5, 11, 20, 66, 397) [forward demodulation 334027,105]
334049. c1 = c3 <- (5, 11, 20, 66, 397) [forward demodulation 334041,33100]
334052. $false <- (5, 11, 20, 66, 397) [forward subsumption resolution 334049,18]
334053. ~5 | ~11 | ~20 | ~66 | ~397 [avatar contradiction clause 334052]
334106. op_b = mult(X0,i(mult(c1,X0))) <- (396) [superposition 7092,332212]
334110. op_b = i(c1) <- (396) [superposition 91964,332212]
334123. op_b = i(c1) <- (396) [forward demodulation 334106,103337]
334148. op_b = c1 <- (37, 396) [forward demodulation 334123,565]
334170. $false <- (~1, 37, 396) [forward subsumption resolution 334148,62]
334171. 1 | ~37 | ~396 [avatar contradiction clause 334170]
334221. c4 = mult(c1,op_b) <- (5, 17) [forward demodulation 128,80]
334222. c1 != mult(c1,op_b) <- (5, ~18) [forward demodulation 152,80]
334223. c2 != mult(c1,op_b) <- (5, ~20) [forward demodulation 160,80]
334293. c1 = mult(e,i(mult(op_b,i(c4)))) <- (5, 17) [superposition 7270,334221]
334299. c1 = mult(e,mult(c4,i(op_b))) <- (5, 11, 17, 66) [forward demodulation 334293,310134]
334313. c1 = mult(e,mult(c4,c3)) <- (5, 11, 17, 66, 397) [forward demodulation 334299,332216]
334326. c1 = mult(e,c2) <- (5, 11, 17, 48, 66, 397) [forward demodulation 334313,333908]
334339. e = c1 <- (5, 11, 17, 48, 66, 75, 397) [forward demodulation 334326,33151]
334348. $false <- (5, ~9, 11, 17, 48, 66, 75, 397) [forward subsumption resolution 334339,96]
334349. ~5 | 9 | ~11 | ~17 | ~48 | ~66 | ~75 | ~397 [avatar contradiction clause 334348]
334355. c1 = mult(e,mult(c4,c2)) <- (5, 11, 17, 66, 398) [forward demodulation 334299,332220]
334361. c1 = mult(e,c4) <- (5, 11, 17, 66, 75, 398) [forward demodulation 334355,33151]
334368. c1 = mult(c2,c4) <- (5, 11, 17, 66, 75, 398) [forward demodulation 334361,105]
334373. c1 = c4 <- (5, 11, 17, 66, 75, 398) [forward demodulation 334368,33100]
334378. $false <- (5, 11, 17, 66, 75, 398) [forward subsumption resolution 334373,19]
334379. ~5 | ~11 | ~17 | ~66 | ~75 | ~398 [avatar contradiction clause 334378]
334387. c1 = mult(c1,op_b) <- (5, 18) [forward demodulation 153,80]
334395. c1 != i(c4) | op_b = c2 | op_b = c3 | op_b = c1 <- (~396) [superposition 332211,16]
334398. i(X0) != c1 | op_b = c3 | c3 = X0 | op_b = c1 | c2 = X0 | op_b = c2 | c1 = X0 <- (~396) [superposition 332211,41]
334420. c4 != mult(c1,X0) | op_b = c3 | c3 = X0 | op_b = c1 | c2 = X0 | op_b = c2 | c1 = X0 <- (5, ~17) [superposition 332955,41]
334434. c4 != X0 | mult(c3,X1) = mult(c1,mult(op_b,X1)) | c3 = X0 | c1 = X0 | c2 = mult(c1,op_b) | c2 = X0 | c1 = mult(c1,op_b) <- (5, ~17) [superposition 332955,630]
334438. c4 != c4 | c2 = mult(c1,op_b) | c3 = mult(c1,op_b) | c1 = mult(c1,op_b) <- (5, ~17) [superposition 332955,16]
334441. c4 != X0 | c3 = mult(c1,op_b) | c3 = X0 | c1 = mult(c1,op_b) | c2 = X0 | c2 = mult(c1,op_b) | c1 = X0 <- (5, ~17) [superposition 332955,41]
334456. c2 = mult(c1,op_b) | c3 = mult(c1,op_b) | c1 = mult(c1,op_b) <- (5, ~17) [trivial inequality removal 334438]
334457. c3 = mult(c1,op_b) | c3 = X0 | c1 = mult(c1,op_b) | c2 = X0 | c2 = mult(c1,op_b) | c1 = X0 <- (5, ~17) [forward subsumption resolution 334441,16]
334459. mult(c3,X1) = mult(c1,mult(op_b,X1)) | c3 = X0 | c1 = X0 | c2 = mult(c1,op_b) | c2 = X0 | c1 = mult(c1,op_b) <- (5, ~17) [forward subsumption resolution 334434,16]
334460. c4 != mult(c1,X0) | c3 = X0 | op_b = c1 | c2 = X0 | op_b = c2 | c1 = X0 <- (~2, 5, ~17) [forward subsumption resolution 334420,66]
334462. c4 != mult(c1,X0) | c3 = X0 | c2 = X0 | op_b = c2 | c1 = X0 <- (~1, ~2, 5, ~17) [forward subsumption resolution 334460,62]
334464. c4 != mult(c1,X0) | c3 = X0 | c2 = X0 | c1 = X0 <- (~1, ~2, ~3, 5, ~17) [forward subsumption resolution 334462,70]
334505. op_b = mult(X0,i(mult(c3,X0))) <- (397) [superposition 7092,332216]
334509. op_b = i(c3) <- (397) [superposition 91964,332216]
334517. op_b = c4 <- (11, 48, 397) [forward demodulation 334509,8903]
334521. op_b = i(c3) <- (397) [forward demodulation 334505,103337]
334621. 404 <=> c2 = mult(c1,c4) [avatar definition]
334622. c2 != mult(c1,c4) <- (~404) [avatar component clause 334621]
334623. c2 = mult(c1,c4) <- (404) [avatar component clause 334621]
334789. c2 != mult(c1,X0) | op_b = c3 | c3 = X0 | op_b = c1 | c2 = X0 | op_b = c2 | c1 = X0 <- (5, ~20) [superposition 334223,41]
334806. c2 != c2 | c2 = i(c1) | c3 = i(c1) | c1 = i(c1) | op_b = c2 | op_b = c3 | op_b = c1 <- (5, 11, ~20) [superposition 334223,308059]
334828. c2 = i(c1) | c3 = i(c1) | c1 = i(c1) | op_b = c2 | op_b = c3 | op_b = c1 <- (5, 11, ~20) [trivial inequality removal 334806]
334830. c2 != mult(c1,X0) | c3 = X0 | op_b = c1 | c2 = X0 | op_b = c2 | c1 = X0 <- (~2, 5, ~20) [forward subsumption resolution 334789,66]
334836. c2 != mult(c1,X0) | c3 = X0 | c2 = X0 | op_b = c2 | c1 = X0 <- (~1, ~2, 5, ~20) [forward subsumption resolution 334830,62]
334840. c2 != mult(c1,X0) | c3 = X0 | c2 = X0 | c1 = X0 <- (~1, ~2, ~3, 5, ~20) [forward subsumption resolution 334836,70]
334847. c1 = mult(c1,c4) <- (5, 11, 18, 48, 397) [superposition 334387,334517]
334891. e = mult(c1,mult(op_b,i(c1))) <- (5, 18) [superposition 29,334387]
334907. c1 = mult(e,i(mult(op_b,i(c1)))) <- (5, 18) [superposition 7270,334387]
334930. c1 = mult(e,mult(c1,i(op_b))) <- (5, 11, 18, 66) [forward demodulation 334907,310134]
334938. e = mult(c1,mult(op_b,c1)) <- (5, 18, 37) [forward demodulation 334891,565]
334948. c1 = mult(e,mult(c1,c3)) <- (5, 11, 18, 66, 397) [forward demodulation 334930,332216]
334954. e = mult(c1,c3) <- (5, 15, 18, 37) [forward demodulation 334938,333396]
334961. c1 = mult(e,op_b) <- (5, 11, 18, 23, 48, 66, 397) [forward demodulation 334948,333130]
334967. c2 = mult(c1,c3) <- (5, 11, 15, 18, 37) [forward demodulation 334954,105]
334974. c1 = mult(e,c4) <- (5, 11, 18, 23, 48, 66, 397) [forward demodulation 334961,334517]
334983. c1 = mult(c2,c4) <- (5, 11, 18, 23, 48, 66, 397) [forward demodulation 334974,105]
334987. c1 = c4 <- (5, 11, 18, 23, 48, 66, 397) [forward demodulation 334983,33100]
334991. $false <- (5, 11, 18, 23, 48, 66, 397) [forward subsumption resolution 334987,19]
334992. ~5 | ~11 | ~18 | ~23 | ~48 | ~66 | ~397 [avatar contradiction clause 334991]
335564. c1 != mult(op_b,c1) <- (5, 18) [forward demodulation 333419,334387]
335599. c3 = mult(c1,c4) <- (5, 30) [forward demodulation 254,80]
335610. c1 = mult(c1,c4) <- (5, 29) [forward demodulation 250,80]
335611. c3 != mult(c1,c4) <- (5, ~30) [forward demodulation 253,80]
335612. c3 != i(c4) | op_b = c2 | op_b = c3 | op_b = c1 <- (~397) [superposition 332215,16]
335638. op_b = c2 | op_b = c3 | op_b = c1 <- (48, ~397) [forward subsumption resolution 335612,2995]
335641. op_b = c3 | op_b = c1 <- (~3, 48, ~397) [forward subsumption resolution 335638,70]
335644. op_b = c1 <- (~2, ~3, 48, ~397) [forward subsumption resolution 335641,66]
335647. $false <- (~1, ~2, ~3, 48, ~397) [forward subsumption resolution 335644,62]
335648. 1 | 2 | 3 | ~48 | 397 [avatar contradiction clause 335647]
335659. c3 = mult(c1,op_b) | c1 = mult(c1,op_b) <- (5, ~17, ~20) [forward subsumption resolution 334456,334223]
335660. c3 = mult(c1,op_b) | c3 = X0 | c2 = X0 | c2 = mult(c1,op_b) | c1 = X0 <- (5, ~17, ~18) [forward subsumption resolution 334457,334222]
335662. mult(c3,X1) = mult(c1,mult(op_b,X1)) | c3 = X0 | c1 = X0 | c2 = X0 | c1 = mult(c1,op_b) <- (5, ~17, ~20) [forward subsumption resolution 334459,334223]
335671. c3 = mult(c1,op_b) <- (5, ~17, ~18, ~20) [forward subsumption resolution 335659,334222]
335672. c3 = mult(c1,op_b) | c3 = X0 | c2 = X0 | c1 = X0 <- (5, ~17, ~18, ~20) [forward subsumption resolution 335660,334223]
335674. mult(c3,X1) = mult(c1,mult(op_b,X1)) | c3 = X0 | c1 = X0 | c2 = X0 <- (5, ~17, ~18, ~20) [forward subsumption resolution 335662,334222]
335680. c3 = mult(c1,c4) | c3 = X0 | c2 = X0 | c1 = X0 <- (5, 11, ~17, ~18, ~20, 48, 397) [forward demodulation 335672,334517]
335685. c3 = X0 | c2 = X0 | c1 = X0 <- (5, 11, ~17, ~18, ~20, 48, ~289, 397) [forward subsumption resolution 335680,95321]
335687. 55 | ~5 | ~11 | 17 | 18 | 20 | ~48 | 289 | ~397 [avatar split clause 335685,332214,86535,2993,159,151,127,103,78,5394]
335723. $false <- (5, 11, ~30, 48, 289) [forward subsumption resolution 335611,95118]
335724. ~5 | ~11 | 30 | ~48 | ~289 [avatar contradiction clause 335723]
335758. c1 != mult(c1,c4) <- (5, ~29) [forward demodulation 249,80]
335760. c3 != mult(c4,c1) | op_b = c2 | op_b = c3 | op_b = c1 <- (5, ~15) [superposition 4992,16]
335816. c3 != mult(c4,c1) | op_b = c3 | op_b = c1 <- (~3, 5, ~15) [forward subsumption resolution 335760,70]
335823. c3 != mult(c4,c1) | op_b = c1 <- (~2, ~3, 5, ~15) [forward subsumption resolution 335816,66]
335830. c3 != mult(c4,c1) <- (~1, ~2, ~3, 5, ~15) [forward subsumption resolution 335823,62]
335872. c1 != mult(c1,X0) | op_b = c3 | c3 = X0 | op_b = c1 | c2 = X0 | op_b = c2 | c1 = X0 <- (5, ~18) [superposition 334222,41]
335908. c1 != mult(c1,X0) | c3 = X0 | op_b = c1 | c2 = X0 | op_b = c2 | c1 = X0 <- (~2, 5, ~18) [forward subsumption resolution 335872,66]
335910. c1 != mult(c1,X0) | c3 = X0 | c2 = X0 | op_b = c2 | c1 = X0 <- (~1, ~2, 5, ~18) [forward subsumption resolution 335908,62]
335912. c1 != mult(c1,X0) | c3 = X0 | c2 = X0 | c1 = X0 <- (~1, ~2, ~3, 5, ~18) [forward subsumption resolution 335910,70]
336200. c4 = mult(e,i(mult(c4,i(c1)))) <- (56) [superposition 7270,5399]
336208. c4 = mult(e,mult(c1,i(c4))) <- (11, 56, 66) [forward demodulation 336200,310134]
336288. c4 != c4 | c3 = X0 | c2 = X0 | c1 = X0 | c2 = mult(c1,X0) | c3 = mult(c1,X0) | c1 = mult(c1,X0) <- (~1, ~2, ~3, 5, ~17) [superposition 334464,16]
336309. c3 = X0 | c2 = X0 | c1 = X0 | c2 = mult(c1,X0) | c3 = mult(c1,X0) | c1 = mult(c1,X0) <- (~1, ~2, ~3, 5, ~17) [trivial inequality removal 336288]
336315. c3 = X0 | c2 = X0 | c1 = X0 | c3 = mult(c1,X0) | c1 = mult(c1,X0) <- (~1, ~2, ~3, 5, ~17, ~20) [forward subsumption resolution 336309,334840]
336333. c3 = X0 | c2 = X0 | c1 = X0 | c3 = mult(c1,X0) <- (~1, ~2, ~3, 5, ~17, ~18, ~20) [forward subsumption resolution 336315,335912]
336587. mult(c1,X0) != mult(c4,c1) | c3 = X0 | c2 = X0 | c1 = X0 | c3 = X0 | c2 = X0 | c1 = X0 <- (~1, ~2, ~3, 5) [superposition 333371,1830]
336653. mult(c1,X0) != mult(c4,c1) | c3 = X0 | c2 = X0 | c1 = X0 <- (~1, ~2, ~3, 5) [duplicate literal removal 336587]
336834. e != c2 | c2 = i(c1) | c3 = i(c1) | c1 = i(c1) <- (~404) [superposition 334622,45]
337240. c3 != mult(c1,X0) | c3 = X0 | c2 = X0 | c1 = X0 <- (~1, ~2, ~3, 5, 387) [forward demodulation 336653,310764]
337282. c3 = X0 | c2 = X0 | c1 = X0 <- (~1, ~2, ~3, 5, ~17, ~18, ~20, 387) [forward subsumption resolution 337240,336333]
337305. 55 | 1 | 2 | 3 | ~5 | 17 | 18 | 20 | ~387 [avatar split clause 337282,310762,159,151,127,78,69,65,61,5394]
337330. ~387 | 1 | 2 | 3 | ~5 | 15 [avatar split clause 335830,119,78,69,65,61,310762]
337332. c2 = mult(op_b,c1) <- (5, 16) [forward demodulation 125,80]
337632. op_b = c3 <- (39, 397) [forward demodulation 334521,1795]
337640. 406 <=> ! [X1] : mult(c3,X1) = mult(c1,mult(op_b,X1)) [avatar definition]
337641. mult(c3,X1) = mult(c1,mult(op_b,X1)) <- (406) [avatar component clause 337640]
337642. 55 | 406 | ~5 | 17 | 18 | 20 [avatar split clause 335674,159,151,127,78,337640,5394]
337648. c4 = mult(e,mult(c1,c1)) <- (11, 47, 56, 66) [forward demodulation 336208,2991]
337658. op_b = c3 | c3 = X0 | op_b = c1 | c2 = X0 | op_b = c2 | c1 = X0 <- (391, ~396) [forward subsumption resolution 334398,328085]
337660. op_b = c2 | op_b = c3 | op_b = c1 <- (47, ~396) [forward subsumption resolution 334395,2991]
337663. c3 = i(c1) | c1 = i(c1) | op_b = c2 | op_b = c3 | op_b = c1 <- (5, 11, ~20, ~35) [forward subsumption resolution 334828,556]
337681. c2 = i(c1) | c3 = i(c1) | c1 = i(c1) <- (11, ~404) [forward subsumption resolution 336834,105]
337795. $false <- (~2, 39, 397) [forward subsumption resolution 337632,66]
337796. 2 | ~39 | ~397 [avatar contradiction clause 337795]
337804. c4 = mult(e,op_b) <- (11, 23, 47, 56, 66) [forward demodulation 337648,332243]
337811. c3 = X0 | op_b = c1 | c2 = X0 | op_b = c2 | c1 = X0 <- (~2, 391, ~396) [forward subsumption resolution 337658,66]
337813. op_b = c3 | op_b = c1 <- (~3, 47, ~396) [forward subsumption resolution 337660,70]
337816. c1 = i(c1) | op_b = c2 | op_b = c3 | op_b = c1 <- (5, 11, ~20, ~35, ~36) [forward subsumption resolution 337663,560]
337830. c3 = i(c1) | c1 = i(c1) <- (11, ~35, ~404) [forward subsumption resolution 337681,556]
337905. c4 = mult(c2,op_b) <- (11, 23, 47, 56, 66) [forward demodulation 337804,105]
337912. c3 = X0 | c2 = X0 | op_b = c2 | c1 = X0 <- (~1, ~2, 391, ~396) [forward subsumption resolution 337811,62]
337914. op_b = c1 <- (~2, ~3, 47, ~396) [forward subsumption resolution 337813,66]
337917. op_b = c2 | op_b = c3 | op_b = c1 <- (5, 11, ~20, ~35, ~36, ~37) [forward subsumption resolution 337816,564]
337930. c1 = i(c1) <- (11, ~35, ~36, ~404) [forward subsumption resolution 337830,560]
337967. op_b = c4 <- (11, 23, 47, 56, 66) [forward demodulation 337905,33100]
337971. $false <- (~1, ~2, ~3, 47, ~396) [forward subsumption resolution 337914,62]
337972. 1 | 2 | 3 | ~47 | 396 [avatar contradiction clause 337971]
337974. op_b = c3 | op_b = c1 <- (~3, 5, 11, ~20, ~35, ~36, ~37) [forward subsumption resolution 337917,70]
338018. op_b = c1 <- (~2, ~3, 5, 11, ~20, ~35, ~36, ~37) [forward subsumption resolution 337974,66]
338048. $false <- (~1, ~2, ~3, 5, 11, ~20, ~35, ~36, ~37) [forward subsumption resolution 338018,62]
338049. 1 | 2 | 3 | ~5 | ~11 | 20 | 35 | 36 | 37 [avatar contradiction clause 338048]
338100. ~56 | 1 | 2 | 3 | 23 [avatar split clause 318542,180,69,65,61,5397]
338101. ~56 | 1 | 2 | 3 | ~8 | 23 [avatar split clause 318882,180,90,69,65,61,5397]
338136. c4 = mult(c3,c1) <- (75, 181, 251) [forward demodulation 92277,33151]
338920. mult(e,X0) = mult(c1,mult(c1,X0)) <- (37) [superposition 24,565]
338969. mult(c2,X0) = mult(c1,mult(c1,X0)) <- (11, 37) [forward demodulation 338920,105]
338982. mult(c1,mult(c1,X0)) = X0 <- (11, 37, 66) [forward demodulation 338969,33100]
339052. op_b = mult(e,i(mult(c1,i(c2)))) <- (5, 16) [superposition 7270,337332]
339068. op_b = mult(e,mult(c2,i(c1))) <- (5, 11, 16, 66) [forward demodulation 339052,310134]
339083. op_b = mult(e,i(c1)) <- (5, 11, 16, 66) [forward demodulation 339068,33100]
339098. op_b = mult(e,c1) <- (5, 11, 16, 37, 66) [forward demodulation 339083,565]
339112. op_b = mult(c2,c1) <- (5, 11, 16, 37, 66) [forward demodulation 339098,105]
339123. op_b = c1 <- (5, 11, 16, 37, 66) [forward demodulation 339112,33100]
339132. $false <- (~1, 5, 11, 16, 37, 66) [forward subsumption resolution 339123,62]
339133. 1 | ~5 | ~11 | ~16 | ~37 | ~66 [avatar contradiction clause 339132]
339447. op_b = mult(e,i(mult(c4,i(c3)))) <- (25) [superposition 7270,204]
339460. op_b = mult(e,mult(c3,i(c4))) <- (11, 25, 66) [forward demodulation 339447,310134]
339488. op_b = mult(e,mult(c3,c3)) <- (11, 25, 48, 66) [forward demodulation 339460,2995]
339511. op_b = mult(e,c4) <- (11, 25, 48, 66, 181) [forward demodulation 339488,95312]
339531. op_b = mult(c2,c4) <- (11, 25, 48, 66, 181) [forward demodulation 339511,105]
339545. op_b = c4 <- (11, 25, 48, 66, 181) [forward demodulation 339531,33100]
339592. e = mult(c4,c3) <- (48) [superposition 12,2995]
339916. c1 = mult(e,i(mult(c4,i(c3)))) <- (5, 30) [superposition 7270,335599]
339927. c1 = mult(e,mult(c3,i(c4))) <- (5, 11, 30, 66) [forward demodulation 339916,310134]
339935. c1 = mult(e,mult(c3,c3)) <- (5, 11, 30, 48, 66) [forward demodulation 339927,2995]
339937. c1 = mult(e,c4) <- (5, 11, 30, 48, 66, 181) [forward demodulation 339935,95312]
339939. c1 = mult(c2,c4) <- (5, 11, 30, 48, 66, 181) [forward demodulation 339937,105]
339941. c1 = c4 <- (5, 11, 30, 48, 66, 181) [forward demodulation 339939,33100]
339943. $false <- (5, 11, 30, 48, 66, 181) [forward subsumption resolution 339941,19]
339944. ~5 | ~11 | ~30 | ~48 | ~66 | ~181 [avatar contradiction clause 339943]
340916. mult(c4,c3) = mult(c3,c4) <- (158, 181) [superposition 58597,57835]
341464. c2 = mult(c4,c3) | c1 = X0 | c2 = X0 | c3 = X0 | c3 = X0 | c2 = X0 | c1 = X0 <- (270) [superposition 77424,1830]
341490. mult(e,i(mult(c3,i(c2)))) = X0 | c1 = X0 | c2 = X0 | c3 = X0 <- (270) [superposition 7270,77424]
341526. c2 = mult(c4,c3) | c1 = X0 | c2 = X0 | c3 = X0 <- (270) [duplicate literal removal 341464]
341552. mult(e,mult(c2,i(c3))) = X0 | c1 = X0 | c2 = X0 | c3 = X0 <- (11, 66, 270) [forward demodulation 341490,310134]
341586. mult(e,i(c3)) = X0 | c1 = X0 | c2 = X0 | c3 = X0 <- (11, 66, 270) [forward demodulation 341552,33100]
341793. c3 = mult(e,i(mult(X0,i(c2)))) | c1 = X0 | c2 = X0 | c3 = X0 <- (288) [superposition 7270,86533]
341882. c3 = mult(e,mult(c2,i(X0))) | c1 = X0 | c2 = X0 | c3 = X0 <- (11, 66, 288) [forward demodulation 341793,310134]
341940. c3 = mult(e,i(X0)) | c1 = X0 | c2 = X0 | c3 = X0 <- (11, 66, 288) [forward demodulation 341882,33100]
341991. c3 = mult(c2,i(X0)) | c1 = X0 | c2 = X0 | c3 = X0 <- (11, 66, 288) [forward demodulation 341940,105]
342032. i(X0) = c3 | c1 = X0 | c2 = X0 | c3 = X0 <- (11, 66, 288) [forward demodulation 341991,33100]
342297. mult(c4,c4) = mult(c3,c1) <- (181, 337) [superposition 58597,172653]
342329. c3 = mult(c3,c1) <- (158, 181, 337) [forward demodulation 342297,57835]
342482. e = mult(c3,mult(c1,i(c3))) <- (158, 181, 337) [superposition 29,342329]
342512. e = mult(c3,mult(c1,c4)) <- (11, 48, 158, 181, 337) [forward demodulation 342482,8903]
342520. e = mult(c3,c1) <- (5, 11, 18, 48, 158, 181, 337, 397) [forward demodulation 342512,334847]
342527. e = c3 <- (5, 11, 18, 48, 158, 181, 337, 397) [forward demodulation 342520,342329]
342534. $false <- (5, ~10, 11, 18, 48, 158, 181, 337, 397) [forward subsumption resolution 342527,100]
342535. ~5 | 10 | ~11 | ~18 | ~48 | ~158 | ~181 | ~337 | ~397 [avatar contradiction clause 342534]
342590. c3 = mult(c1,c2) <- (5, 11, 15, 18, 37, 66) [superposition 338982,334967]
342618. c1 = c3 <- (5, 11, 15, 18, 37, 66, 75) [forward demodulation 342590,33151]
342627. $false <- (5, 11, 15, 18, 37, 66, 75) [forward subsumption resolution 342618,18]
342628. ~5 | ~11 | ~15 | ~18 | ~37 | ~66 | ~75 [avatar contradiction clause 342627]
342684. c4 = mult(c4,c2) <- (7, 32) [forward demodulation 261,88]
342795. mult(c1,c4) != mult(c4,c1) <- (1, ~8) [forward demodulation 92,63]
342804. c3 = mult(c4,c1) <- (1, 342) [forward demodulation 181358,63]
342807. c2 != mult(c4,c1) <- (1, ~340) [forward demodulation 181350,63]
342890. c2 = i(c1) <- (1, 398) [forward demodulation 332220,63]
342892. $false <- (1, ~35, 398) [forward subsumption resolution 342890,556]
342893. ~1 | 35 | ~398 [avatar contradiction clause 342892]
342902. c1 = i(c1) <- (1, 396) [forward demodulation 332212,63]
342932. mult(op_a,c1) != mult(c1,op_a) <- (1) [superposition 15,63]
343184. c1 = c3 <- (29, 30) [forward demodulation 254,250]
343185. $false <- (29, 30) [forward subsumption resolution 343184,18]
343186. ~29 | ~30 [avatar contradiction clause 343185]
343259. mult(op_a,mult(c4,X0)) = mult(mult(c4,op_a),X0) <- (4) [superposition 14,74]
343305. mult(op_a,mult(c4,X0)) = mult(c4,mult(op_a,X0)) <- (4) [forward demodulation 343259,14]
343353. 407 <=> c1 = i(op_a) [avatar definition]
343354. c1 != i(op_a) <- (~407) [avatar component clause 343353]
343355. c1 = i(op_a) <- (407) [avatar component clause 343353]
343357. 408 <=> c3 = i(op_a) [avatar definition]
343358. c3 != i(op_a) <- (~408) [avatar component clause 343357]
343359. c3 = i(op_a) <- (408) [avatar component clause 343357]
343361. 409 <=> c2 = i(op_a) [avatar definition]
343362. c2 != i(op_a) <- (~409) [avatar component clause 343361]
343363. c2 = i(op_a) <- (409) [avatar component clause 343361]
343442. mult(e,X0) = mult(op_a,mult(c2,X0)) <- (409) [superposition 24,343363]
343463. op_a = i(c2) <- (409) [superposition 91964,343363]
343498. mult(e,X0) = mult(op_a,X0) <- (66, 409) [forward demodulation 343442,33100]
343523. mult(op_a,X0) = mult(c2,X0) <- (11, 66, 409) [forward demodulation 343498,105]
343545. mult(op_a,X0) = X0 <- (11, 66, 409) [forward demodulation 343523,33100]
343642. op_a = i(c3) <- (408) [superposition 91964,343359]
343651. op_a = c4 <- (11, 48, 408) [forward demodulation 343642,8903]
343866. mult(c3,op_a) = mult(c4,c3) <- (26, 181) [superposition 58597,209]
343888. c4 = mult(e,i(mult(op_a,i(c3)))) <- (26) [superposition 7270,209]
343906. c4 = mult(e,mult(c3,i(op_a))) <- (11, 26, 66) [forward demodulation 343888,310134]
344094. c4 != mult(c4,c1) | op_a = c2 | op_a = c3 | op_a = c1 <- (1, ~17) [superposition 266,16]
344190. c3 != mult(c1,c4) <- (1, 11, ~15, 48, 408) [superposition 268,343651]
344457. e = mult(op_a,mult(c1,i(c1))) <- (1, 18) [superposition 29,406]
344489. e = mult(op_a,e) <- (1, 18) [forward demodulation 344457,12]
344510. e = op_a <- (1, 18) [forward demodulation 344489,13]
344571. c3 != mult(c4,c1) <- (1, 11, ~19, 48, 408) [forward demodulation 6253,343651]
344649. c4 = mult(e,mult(c3,c1)) <- (11, 26, 66, 407) [forward demodulation 343906,343355]
344684. c4 = mult(c2,mult(c3,c1)) <- (11, 26, 66, 407) [forward demodulation 344649,105]
344731. c4 = mult(c3,c1) <- (11, 26, 66, 407) [forward demodulation 344684,33100]
344792. c2 = c3 <- (1, 251, 342) [forward demodulation 342804,65983]
344821. $false <- (1, 251, 342) [forward subsumption resolution 344792,20]
344822. ~1 | ~251 | ~342 [avatar contradiction clause 344821]
344843. c2 = mult(c4,c1) <- (1, 340) [forward demodulation 181351,63]
344846. c3 != mult(c4,c1) <- (1, ~342) [forward demodulation 181357,63]
344855. c1 = mult(c4,c1) <- (1, ~22, ~340, ~342) [forward demodulation 181917,63]
345399. c2 = c3 <- (30, 31) [forward demodulation 254,258]
345440. $false <- (30, 31) [forward subsumption resolution 345399,20]
345441. ~30 | ~31 [avatar contradiction clause 345440]
345725. op_a = mult(e,i(mult(c1,i(c3)))) <- (1, 19) [superposition 7270,433]
345736. op_a = mult(e,mult(c3,i(c1))) <- (1, 11, 19, 66) [forward demodulation 345725,310134]
345755. op_a = mult(e,mult(c3,c1)) <- (1, 11, 19, 37, 66) [forward demodulation 345736,565]
345773. op_a = mult(c2,mult(c3,c1)) <- (1, 11, 19, 37, 66) [forward demodulation 345755,105]
345787. op_a = mult(c3,c1) <- (1, 11, 19, 37, 66) [forward demodulation 345773,33100]
345798. c4 = mult(c3,c1) <- (1, 11, 19, 37, 48, 66, 408) [forward demodulation 345787,343651]
345856. mult(op_a,c3) = mult(c4,mult(op_a,c4)) <- (4, 158) [superposition 343305,57835]
345868. mult(c4,mult(op_a,i(c4))) = mult(op_a,e) <- (4) [superposition 343305,12]
345990. mult(c4,mult(op_a,X0)) = X0 | c2 = i(op_a) | c3 = i(op_a) | c1 = i(op_a) <- (4, 11, 66) [superposition 308691,343305]
346144. op_a = mult(c4,mult(op_a,i(c4))) <- (4) [forward demodulation 345868,13]
346150. mult(op_a,c3) = mult(c4,mult(c4,op_a)) <- (4, 158) [forward demodulation 345856,74]
346227. mult(op_a,c3) = mult(c3,op_a) <- (4, 158, 181) [forward demodulation 346150,58597]
346536. c2 != mult(X0,c1) | c3 = X0 | c2 = X0 | c1 = X0 <- (~251) [superposition 65982,1830]
347457. c1 = mult(e,i(mult(c4,c2))) <- (306) [superposition 7270,94068]
347508. c1 = mult(e,i(c4)) <- (75, 306) [forward demodulation 347457,33151]
347536. c1 = mult(e,c3) <- (48, 75, 306) [forward demodulation 347508,2995]
347559. c1 = mult(c2,c3) <- (11, 48, 75, 306) [forward demodulation 347536,105]
347583. c1 = c3 <- (11, 48, 66, 75, 306) [forward demodulation 347559,33100]
347604. $false <- (11, 48, 66, 75, 306) [forward subsumption resolution 347583,18]
347605. ~11 | ~48 | ~66 | ~75 | ~306 [avatar contradiction clause 347604]
347637. mult(c4,c3) = mult(c3,c1) <- (181, 387) [superposition 58597,310764]
347670. c4 = mult(c4,c3) <- (1, 11, 19, 37, 48, 66, 181, 387, 408) [forward demodulation 347637,345798]
347674. c2 = c4 <- (1, 11, 19, 37, 42, 48, 66, 158, 181, 387, 408) [forward demodulation 347670,95309]
347678. $false <- (1, 11, 19, 37, 42, 48, 66, 158, 181, 387, 408) [forward subsumption resolution 347674,21]
347679. ~1 | ~11 | ~19 | ~37 | ~42 | ~48 | ~66 | ~158 | ~181 | ~387 | ~408 [avatar contradiction clause 347678]
347729. op_a = c2 | op_a = c3 | op_a = c1 <- (1, ~17, 337) [forward subsumption resolution 344094,172653]
347758. op_a = c3 | op_a = c1 <- (1, ~7, ~17, 337) [forward subsumption resolution 347729,87]
347783. op_a = c1 <- (1, ~6, ~7, ~17, 337) [forward subsumption resolution 347758,83]
347800. $false <- (1, ~5, ~6, ~7, ~17, 337) [forward subsumption resolution 347783,79]
347801. ~1 | 5 | 6 | 7 | 17 | ~337 [avatar contradiction clause 347800]
347829. c1 = mult(op_b,c2) <- (7, 14) [forward demodulation 117,88]
347831. c1 = mult(c1,c2) <- (1, 7, 14) [forward demodulation 360,88]
347855. mult(c1,c2) != mult(c2,c1) <- (1, 7) [forward demodulation 342932,88]
347905. mult(c4,mult(op_a,X0)) = X0 | c3 = i(op_a) | c1 = i(op_a) <- (4, 11, 66, ~409) [forward subsumption resolution 345990,343362]
348065. c1 != mult(c1,c2) <- (1, 7, 66) [forward demodulation 347855,33100]
348120. mult(c4,mult(op_a,X0)) = X0 | c3 = i(op_a) <- (4, 11, 66, ~407, ~409) [forward subsumption resolution 347905,343354]
348270. $false <- (1, 7, 66, 75) [forward subsumption resolution 348065,33151]
348271. ~1 | ~7 | ~66 | ~75 [avatar contradiction clause 348270]
348936. ~387 | ~1 | ~11 | 19 | ~48 | ~408 [avatar split clause 344571,343357,2993,155,103,61,310762]
348940. 337 | ~1 | ~22 [avatar split clause 1077,169,61,172651]
348945. c1 = c4 <- (1, 11, 25, 48, 66, 181) [forward demodulation 339545,63]
349183. $false <- (1, 11, 25, 48, 66, 181) [forward subsumption resolution 348945,19]
349184. ~1 | ~11 | ~25 | ~48 | ~66 | ~181 [avatar contradiction clause 349183]
350291. op_a = mult(e,i(mult(c1,i(c4)))) <- (1, 17) [superposition 7270,415]
350294. op_a = mult(e,mult(c4,i(c1))) <- (1, 11, 17, 66) [forward demodulation 350291,310134]
350314. op_a = mult(e,mult(c4,c1)) <- (1, 11, 17, 37, 66) [forward demodulation 350294,565]
350334. op_a = mult(e,c4) <- (1, 11, 17, 37, 66, 337) [forward demodulation 350314,172653]
350353. op_a = mult(c2,c4) <- (1, 11, 17, 37, 66, 337) [forward demodulation 350334,105]
350367. op_a = c4 <- (1, 11, 17, 37, 66, 337) [forward demodulation 350353,33100]
350395. c3 = X2 | c2 = X2 | c1 = X2 | c3 = X2 <- (48, 266) [forward demodulation 76810,2995]
350396. c3 = X2 | c2 = X2 | c1 = X2 <- (48, 266) [duplicate literal removal 350395]
350406. 55 | ~48 | ~266 [avatar split clause 350396,76809,2993,5394]
350449. $false <- (~51, 56, 281) [forward subsumption resolution 95752,106844]
350450. 51 | ~56 | ~281 [avatar contradiction clause 350449]
350572. c2 = mult(c4,c3) <- (11, 48) [forward demodulation 339592,105]
350581. 412 <=> c2 = mult(c4,c3) [avatar definition]
350582. c2 != mult(c4,c3) <- (~412) [avatar component clause 350581]
350583. c2 = mult(c4,c3) <- (412) [avatar component clause 350581]
350688. 412 | ~11 | ~48 [avatar split clause 350572,2993,103,350581]
351222. op_a = mult(X0,i(mult(c3,X0))) <- (408) [superposition 7092,343359]
351239. op_a = i(c3) <- (408) [forward demodulation 351222,103337]
351425. mult(op_a,c1) = mult(c4,mult(op_a,c4)) <- (4, 56) [superposition 343305,5399]
351430. mult(c1,X0) = mult(c4,mult(c4,X0)) <- (56) [superposition 14,5399]
351444. c4 = mult(e,i(mult(c4,i(c1)))) <- (56) [superposition 7270,5399]
351452. c4 = mult(e,mult(c1,i(c4))) <- (11, 56, 66) [forward demodulation 351444,310134]
351459. mult(op_a,c1) = mult(c4,mult(c4,op_a)) <- (4, 56) [forward demodulation 351425,74]
351462. c4 = mult(e,mult(c1,c3)) <- (11, 48, 56, 66) [forward demodulation 351452,2995]
351469. mult(op_a,c1) = mult(c1,op_a) <- (4, 56) [forward demodulation 351459,351430]
351477. mult(c1,c4) = mult(c4,c1) <- (4, 11, 48, 56, 408) [forward demodulation 351469,343651]
351506. ~337 | ~1 | 22 [avatar split clause 1063,169,61,172651]
351532. c3 != mult(c1,c4) <- (1, ~8, 387) [forward demodulation 342795,310764]
351537. c3 = mult(c1,c4) <- (4, 11, 48, 56, 387, 408) [forward demodulation 351477,310764]
351566. $false <- (1, ~8, 25, 387) [forward subsumption resolution 351532,3234]
351567. ~1 | 8 | ~25 | ~387 [avatar contradiction clause 351566]
351635. c4 = mult(c2,mult(c1,c3)) <- (11, 48, 56, 66) [forward demodulation 351462,105]
351636. $false <- (1, 4, 11, ~15, 48, 56, 387, 408) [forward subsumption resolution 351537,344190]
351637. ~1 | ~4 | ~11 | 15 | ~48 | ~56 | ~387 | ~408 [avatar contradiction clause 351636]
351643. c4 = mult(c1,c3) <- (11, 48, 56, 66) [forward demodulation 351635,33100]
351686. 246 | ~11 | ~39 | ~51 [avatar split clause 306170,3308,1793,103,63186]
351697. 58 | ~51 | ~246 | ~300 [avatar split clause 212523,90357,63186,3308,5738]
351869. c1 = mult(X0,i(mult(c4,X0))) | c2 = mult(X0,i(mult(c4,X0))) <- (~48, 273) [forward subsumption resolution 330385,2994]
351956. mult(e,c3) = X0 | c1 = X0 | c2 = X0 | c3 = X0 <- (11, 39, 66, 270) [forward demodulation 341586,1795]
352174. op_a = c3 <- (39, 408) [forward demodulation 351239,1795]
352318. c1 = i(c4) | c2 = mult(X0,i(mult(c4,X0))) <- (~48, 273) [forward demodulation 351869,103337]
352389. mult(c2,c3) = X0 | c1 = X0 | c2 = X0 | c3 = X0 <- (11, 39, 66, 270) [forward demodulation 351956,105]
352554. $false <- (~6, 39, 408) [forward subsumption resolution 352174,83]
352555. 6 | ~39 | ~408 [avatar contradiction clause 352554]
352648. c2 = mult(X0,i(mult(c4,X0))) <- (~47, ~48, 273) [forward subsumption resolution 352318,2990]
352680. c3 = X0 | c1 = X0 | c2 = X0 | c3 = X0 <- (11, 39, 66, 270) [forward demodulation 352389,33100]
352681. c3 = X0 | c1 = X0 | c2 = X0 <- (11, 39, 66, 270) [duplicate literal removal 352680]
352829. c2 = i(c4) <- (~47, ~48, 273) [forward demodulation 352648,103337]
352859. 55 | ~11 | ~39 | ~66 | ~270 [avatar split clause 352681,77423,33099,1793,103,5394]
352979. $false <- (~47, ~48, ~49, 273) [forward subsumption resolution 352829,2998]
352980. 47 | 48 | 49 | ~273 [avatar contradiction clause 352979]
353317. 414 <=> c4 = mult(c4,c3) [avatar definition]
353318. c4 != mult(c4,c3) <- (~414) [avatar component clause 353317]
353319. c4 = mult(c4,c3) <- (414) [avatar component clause 353317]
353616. c4 = mult(c4,c1) | op_a = c2 | op_a = c3 | op_a = c1 <- (1, 17) [superposition 415,16]
353619. c4 = mult(X0,c1) | op_a = c3 | c3 = X0 | op_a = c1 | c2 = X0 | op_a = c2 | c1 = X0 <- (1, 17) [superposition 415,41]
353659. mult(c4,X0) = mult(op_a,mult(c1,X0)) <- (1, 17) [superposition 14,415]
353702. mult(c4,X0) = mult(c4,mult(c1,X0)) <- (1, 11, 17, 37, 66, 337) [forward demodulation 353659,350367]
353704. c4 = mult(X0,c1) | c3 = X0 | op_a = c1 | c2 = X0 | op_a = c2 | c1 = X0 <- (1, ~6, 17) [forward subsumption resolution 353619,83]
353723. c4 = mult(X0,c1) | c3 = X0 | c2 = X0 | op_a = c2 | c1 = X0 <- (1, ~5, ~6, 17) [forward subsumption resolution 353704,79]
353742. c4 = mult(X0,c1) | c3 = X0 | c2 = X0 | c1 = X0 <- (1, ~5, ~6, ~7, 17) [forward subsumption resolution 353723,87]
354548. mult(op_a,mult(c4,X0)) = mult(c4,mult(op_a,mult(c1,X0))) <- (1, 4, 11, 17, 37, 66, 337) [superposition 343305,353702]
354634. mult(c4,mult(c4,X0)) = mult(c4,mult(c4,mult(c1,X0))) <- (1, 4, 11, 17, 37, 66, 337) [forward demodulation 354548,350367]
354714. mult(c1,X0) = mult(c4,mult(c4,X0)) <- (1, 4, 11, 17, 37, 66, 337, 394) [forward demodulation 354634,330855]
354759. mult(c1,X0) = X0 <- (1, 4, 11, 17, 37, 66, 337, 394) [forward demodulation 354714,330855]
354787. 385 | ~1 | ~4 | ~11 | ~17 | ~37 | ~66 | ~337 | ~394 [avatar split clause 354759,330854,172651,33099,563,127,103,73,61,306106]
354864. c4 = mult(e,i(mult(c4,i(c2)))) <- (58) [superposition 7270,5740]
354873. c4 = mult(e,mult(c2,i(c4))) <- (11, 58, 66) [forward demodulation 354864,310134]
354890. c4 = mult(e,i(c4)) <- (11, 58, 66) [forward demodulation 354873,33100]
354986. mult(e,i(mult(c1,i(c4)))) = X0 | c3 = X0 | c2 = X0 | c1 = X0 <- (1, ~5, ~6, ~7, 17) [superposition 7270,353742]
355001. e = mult(X0,mult(c1,i(c4))) | c3 = i(i(X0)) | c2 = i(i(X0)) | c1 = i(i(X0)) <- (1, ~5, ~6, ~7, 17) [superposition 7000,353742]
355053. mult(e,mult(c4,i(c1))) = X0 | c3 = X0 | c2 = X0 | c1 = X0 <- (1, ~5, ~6, ~7, 11, 17, 66) [forward demodulation 354986,310134]
355229. c1 = mult(i(i(X0)),i(X0)) <- (385) [superposition 306107,6810]
355240. e = c1 <- (385) [superposition 306107,13]
355284. mult(e,i(i(mult(X0,c1)))) = X0 <- (385) [superposition 7270,306107]
355395. mult(X0,c1) = X0 <- (385) [forward demodulation 355284,6461]
355424. $false <- (~9, 385) [forward subsumption resolution 355240,96]
355425. 9 | ~385 [avatar contradiction clause 355424]
355436. c1 = c2 <- (11, 385) [forward demodulation 355229,307369]
355527. $false <- (11, 385) [forward subsumption resolution 355436,17]
355528. ~11 | ~385 [avatar contradiction clause 355527]
355663. c2 = mult(X0,mult(c1,i(c4))) | c3 = i(i(X0)) | c2 = i(i(X0)) | c1 = i(i(X0)) <- (1, ~5, ~6, ~7, 11, 17) [forward demodulation 355001,105]
355761. 37 | ~1 | ~396 [avatar split clause 342902,332210,61,563]
355860. mult(c4,mult(op_a,X0)) = X0 <- (4, 11, 66, ~407, ~408, ~409) [forward subsumption resolution 348120,343358]
355917. c4 = mult(c2,i(c4)) <- (11, 58, 66) [forward demodulation 354890,105]
355919. mult(e,mult(c4,c3)) = X0 | c3 = X0 | c2 = X0 | c1 = X0 <- (1, ~5, ~6, ~7, 11, 17, 36, 66) [forward demodulation 355053,561]
355929. c3 = X0 | c2 = mult(X0,mult(c1,i(c4))) | c2 = i(i(X0)) | c1 = i(i(X0)) <- (1, ~5, ~6, ~7, 11, 17) [forward demodulation 355663,91964]
356112. c4 = i(c4) <- (11, 58, 66) [forward demodulation 355917,33100]
356114. mult(e,c2) = X0 | c3 = X0 | c2 = X0 | c1 = X0 <- (1, ~5, ~6, ~7, 11, 17, 36, 66, 412) [forward demodulation 355919,350583]
356126. c2 = X0 | c3 = X0 | c2 = mult(X0,mult(c1,i(c4))) | c1 = i(i(X0)) <- (1, ~5, ~6, ~7, 11, 17) [forward demodulation 355929,91964]
356241. e = X0 | c3 = X0 | c2 = X0 | c1 = X0 <- (1, ~5, ~6, ~7, 11, 17, 36, 66, 75, 412) [forward demodulation 356114,33151]
356247. c2 = mult(X0,mult(c1,c4)) | c2 = X0 | c3 = X0 | c1 = i(i(X0)) <- (1, ~5, ~6, ~7, 11, 17, 58, 66) [forward demodulation 356126,356112]
356329. c2 = X0 | c3 = X0 | c2 = X0 | c1 = X0 <- (1, ~5, ~6, ~7, 11, 17, 36, 66, 75, 412) [forward demodulation 356241,105]
356330. c2 = X0 | c3 = X0 | c1 = X0 <- (1, ~5, ~6, ~7, 11, 17, 36, 66, 75, 412) [duplicate literal removal 356329]
356332. c2 = mult(X0,c3) | c2 = X0 | c3 = X0 | c1 = i(i(X0)) <- (1, ~5, ~6, ~7, 11, 17, 25, 58, 66) [forward demodulation 356247,3234]
356391. 55 | ~1 | 5 | 6 | 7 | ~11 | ~17 | ~36 | ~66 | ~75 | ~412 [avatar split clause 356330,350581,33150,33099,559,127,103,86,82,78,61,5394]
356393. c1 = X0 | c2 = mult(X0,c3) | c2 = X0 | c3 = X0 <- (1, ~5, ~6, ~7, 11, 17, 25, 58, 66) [forward demodulation 356332,91964]
356440. 270 | ~1 | 5 | 6 | 7 | ~11 | ~17 | ~25 | ~58 | ~66 [avatar split clause 356393,33099,5738,202,127,103,86,82,78,61,77423]
356566. c3 != mult(c1,c4) <- (11, 58, 66, ~278) [forward demodulation 78080,356112]
356598. c2 = mult(X0,c1) | c2 = X0 | c3 = X0 | c1 = i(i(X0)) <- (1, ~5, ~6, ~7, 11, 17, 23, 58, 66) [forward demodulation 356247,364]
356637. c1 = X0 | c2 = mult(X0,c1) | c2 = X0 | c3 = X0 <- (1, ~5, ~6, ~7, 11, 17, 23, 58, 66) [forward demodulation 356598,91964]
356653. c1 = X0 | c2 = X0 | c3 = X0 <- (1, ~5, ~6, ~7, 11, 17, 23, 58, 66, ~251) [forward subsumption resolution 356637,346536]
356665. 55 | ~1 | 5 | 6 | 7 | ~11 | ~17 | ~23 | ~58 | ~66 | 251 [avatar split clause 356653,65981,33099,5738,180,127,103,86,82,78,61,5394]
356683. c4 = i(c1) <- (1, 11, 66, 340) [forward demodulation 328012,63]
356696. c4 = mult(c4,c1) | op_a = c3 | op_a = c1 <- (1, ~7, 17) [forward subsumption resolution 353616,87]
356715. c3 = c4 <- (1, 11, 36, 66, 340) [forward demodulation 356683,561]
356725. c4 = mult(c4,c1) | op_a = c1 <- (1, ~6, ~7, 17) [forward subsumption resolution 356696,83]
356733. $false <- (1, 11, 36, 66, 340) [forward subsumption resolution 356715,22]
356734. ~1 | ~11 | ~36 | ~66 | ~340 [avatar contradiction clause 356733]
356740. c4 = mult(c4,c1) <- (1, ~5, ~6, ~7, 17) [forward subsumption resolution 356725,79]
356750. c2 = c4 <- (1, ~5, ~6, ~7, 17, 251) [forward demodulation 356740,65983]
356757. $false <- (1, ~5, ~6, ~7, 17, 251) [forward subsumption resolution 356750,21]
356758. ~1 | 5 | 6 | 7 | ~17 | ~251 [avatar contradiction clause 356757]
357224. e = mult(op_a,c1) <- (407) [superposition 12,343355]
357242. op_a = mult(X0,i(mult(c1,X0))) <- (407) [superposition 7092,343355]
357267. op_a = i(c1) <- (407) [forward demodulation 357242,103337]
357282. e = c2 <- (1, 20, 407) [forward demodulation 357224,6279]
357694. c1 = mult(c1,X0) | op_a = c3 | c3 = X0 | op_a = c1 | c2 = X0 | op_a = c2 | c1 = X0 <- (1, 14) [superposition 360,41]
357780. c1 = mult(c1,X0) | c3 = X0 | op_a = c1 | c2 = X0 | op_a = c2 | c1 = X0 <- (1, ~6, 14) [forward subsumption resolution 357694,83]
357790. c1 = mult(c1,X0) | c3 = X0 | c2 = X0 | op_a = c2 | c1 = X0 <- (1, ~5, ~6, 14) [forward subsumption resolution 357780,79]
357800. c1 = mult(c1,X0) | c3 = X0 | c2 = X0 | c1 = X0 <- (1, ~5, ~6, ~7, 14) [forward subsumption resolution 357790,87]
358098. c1 != mult(c4,c4) | op_a = c2 | op_a = c1 | op_a = c3 <- (~24) [superposition 186,8657]
358118. c1 != mult(c4,c4) | op_a = c1 | op_a = c3 <- (~7, ~24) [forward subsumption resolution 358098,87]
358126. c1 != mult(c4,c4) | op_a = c3 <- (~5, ~7, ~24) [forward subsumption resolution 358118,79]
358131. c1 != mult(c4,c4) <- (~5, ~6, ~7, ~24) [forward subsumption resolution 358126,83]
359496. c1 != i(c1) | c3 = c4 | c2 = c4 | c1 = c4 <- (1, ~5, ~6, ~7, 14, ~307) [superposition 94071,357800]
359642. c1 != i(c1) | c2 = c4 | c1 = c4 <- (1, ~5, ~6, ~7, 14, ~307) [forward subsumption resolution 359496,22]
359695. c1 != i(c1) | c1 = c4 <- (1, ~5, ~6, ~7, 14, ~307) [forward subsumption resolution 359642,21]
359742. c1 != i(c1) <- (1, ~5, ~6, ~7, 14, ~307) [forward subsumption resolution 359695,19]
361065. c2 != i(e) | c2 = i(c1) | c3 = i(c1) | c1 = i(c1) <- (~306) [superposition 94067,45]
362073. c4 = mult(c4,mult(c4,i(c4))) | op_a = c2 | op_a = c3 | op_a = c1 <- (4) [superposition 346144,16]
362192. c4 = mult(c4,mult(c4,i(c4))) | op_a = c3 | op_a = c1 <- (4, ~7) [forward subsumption resolution 362073,87]
362225. c4 = mult(c4,mult(c4,i(c4))) | op_a = c1 <- (4, ~6, ~7) [forward subsumption resolution 362192,83]
362246. c4 = mult(c4,mult(c4,i(c4))) <- (4, ~5, ~6, ~7) [forward subsumption resolution 362225,79]
362266. c4 = i(c4) <- (4, ~5, ~6, ~7, 394) [forward demodulation 362246,330855]
363216. c2 = mult(X0,c3) | c3 = X0 | c2 = X0 | c1 = X0 <- (412) [superposition 1830,350583]
363219. c3 = mult(c4,c2) <- (394, 412) [superposition 330855,350583]
363236. c4 = mult(e,i(mult(c3,i(c2)))) <- (412) [superposition 7270,350583]
363243. c4 = mult(e,mult(c2,i(c3))) <- (11, 66, 412) [forward demodulation 363236,310134]
363253. $false <- (~242, 394, 412) [forward subsumption resolution 363219,62596]
363254. 242 | ~394 | ~412 [avatar contradiction clause 363253]
363257. 270 | ~412 [avatar split clause 363216,350581,77423]
363262. c4 = mult(e,i(c3)) <- (11, 66, 412) [forward demodulation 363243,33100]
363274. c4 = mult(e,c1) <- (11, 38, 66, 412) [forward demodulation 363262,1791]
363284. c4 = mult(c2,c1) <- (11, 38, 66, 412) [forward demodulation 363274,105]
363290. c1 = c4 <- (11, 38, 66, 412) [forward demodulation 363284,33100]
363294. $false <- (11, 38, 66, 412) [forward subsumption resolution 363290,19]
363295. ~11 | ~38 | ~66 | ~412 [avatar contradiction clause 363294]
363479. c4 != X0 | mult(c3,X1) = mult(c4,mult(c3,X1)) | c3 = X0 | c1 = X0 | c2 = mult(c4,c3) | c2 = X0 | c1 = mult(c4,c3) <- (~414) [superposition 353318,630]
363488. mult(c3,X1) = mult(c4,mult(c3,X1)) | c3 = X0 | c1 = X0 | c2 = mult(c4,c3) | c2 = X0 | c1 = mult(c4,c3) <- (~414) [forward subsumption resolution 363479,16]
363491. mult(c3,X1) = mult(c4,mult(c3,X1)) | c3 = X0 | c1 = X0 | c2 = X0 | c1 = mult(c4,c3) <- (~412, ~414) [forward subsumption resolution 363488,350582]
363492. mult(c3,X1) = mult(c4,mult(c3,X1)) | c3 = X0 | c1 = X0 | c2 = X0 <- (~33, ~412, ~414) [forward subsumption resolution 363491,356]
363493. 55 | 280 | 33 | 412 | 414 [avatar split clause 363492,353317,350581,355,78830,5394]
363507. e = mult(c4,e) <- (280) [superposition 78831,12]
363585. mult(c4,X0) = mult(c3,i(mult(i(X0),c3))) <- (280) [superposition 7077,78831]
363611. mult(X1,mult(c4,mult(mult(c3,X0),i(mult(e,mult(c3,X0)))))) = X1 <- (280) [superposition 6835,78831]
363628. mult(X1,c4) = X1 <- (280) [forward demodulation 363611,6463]
363645. mult(c4,X0) = X0 <- (280) [forward demodulation 363585,7092]
363690. e = c4 <- (280) [forward demodulation 363507,13]
363697. 12 | ~280 [avatar split clause 363628,78830,107]
363737. c2 = c4 <- (11, 280) [forward demodulation 363690,105]
363776. $false <- (11, 280) [forward subsumption resolution 363737,21]
363777. ~11 | ~280 [avatar contradiction clause 363776]
363964. 37 | ~11 | 35 | 36 | 404 [avatar split clause 337930,334621,559,555,103,563]
364068. c2 = mult(c3,c1) | c1 = X0 | c2 = X0 | c3 = X0 <- (181, 270, 387) [forward demodulation 341526,347637]
364073. 319 | ~11 | ~66 | ~288 [avatar split clause 342032,86532,33099,103,114846]
364094. c2 = mult(c3,c3) <- (351, 412) [forward demodulation 350583,189457]
364336. c2 != i(c2) <- (3, ~398) [forward demodulation 332219,71]
364345. c3 = mult(op_a,c2) <- (3, 19) [forward demodulation 157,71]
364439. 417 <=> c2 = mult(c3,c1) [avatar definition]
364440. c2 != mult(c3,c1) <- (~417) [avatar component clause 364439]
364441. c2 = mult(c3,c1) <- (417) [avatar component clause 364439]
364443. 55 | 417 | ~181 | ~270 | ~387 [avatar split clause 364068,310762,77423,58596,364439,5394]
364451. $false <- (~246, 351, 412) [forward subsumption resolution 364094,63187]
364452. 246 | ~351 | ~412 [avatar contradiction clause 364451]
364652. $false <- (3, 54, ~398) [forward subsumption resolution 364336,5336]
364653. ~3 | ~54 | 398 [avatar contradiction clause 364652]
364660. op_a = c3 <- (3, 19, 75) [forward demodulation 364345,33151]
364856. $false <- (3, ~6, 19, 75) [forward subsumption resolution 364660,83]
364857. ~3 | 6 | ~19 | ~75 [avatar contradiction clause 364856]
365368. c2 = mult(op_b,c2) <- (7, 16) [forward demodulation 125,88]
365721. c3 != mult(c1,c4) <- (~4, 5, 387) [forward demodulation 332954,310764]
365727. c2 != mult(c2,c1) <- (3, 5, ~16) [forward demodulation 332966,71]
365728. c4 != mult(c1,c2) <- (3, 5, ~17) [forward demodulation 332955,71]
365732. c1 = mult(c1,c2) <- (3, 5, 18) [forward demodulation 334387,71]
365734. c1 != mult(c2,c1) <- (3, 5, 18) [forward demodulation 335564,71]
365736. c2 != mult(c1,c2) <- (3, 5, ~20) [forward demodulation 334223,71]
365767. c1 != i(c1) <- (5, ~407) [forward demodulation 343354,80]
365799. $false <- (3, 5, 18, 66) [forward subsumption resolution 365734,33100]
365800. ~3 | ~5 | ~18 | ~66 [avatar contradiction clause 365799]
365825. c4 != mult(c1,c3) <- (2, 5, ~17) [forward demodulation 294,80]
365826. c3 != mult(c3,c1) <- (2, 5, ~15) [forward demodulation 292,80]
365827. c2 != mult(c3,c1) <- (2, 5, ~16) [forward demodulation 293,80]
365828. c1 != mult(c1,c3) <- (2, 5, ~18) [forward demodulation 148004,80]
365834. c2 = mult(c1,c3) <- (2, 5, 20) [forward demodulation 332818,67]
365835. c2 != mult(c3,c1) <- (2, 5, 20) [forward demodulation 333430,67]
365843. mult(c4,c3) = mult(c3,c4) <- (2, 8) [forward demodulation 91,67]
365844. c2 != mult(c4,c3) <- (2, 8, ~27) [forward demodulation 185213,67]
365847. c1 != mult(c4,c3) <- (2, 8, ~23) [forward demodulation 179553,67]
365848. c2 != mult(c4,c3) <- (2, 8, ~27) [forward demodulation 181864,67]
365849. c4 = mult(c4,c3) <- (2, 22) [forward demodulation 170,67]
365852. c3 != i(c3) <- (2, ~397) [forward demodulation 332215,67]
365889. c2 = mult(c4,c3) <- (2, 8, 42) [forward demodulation 365843,2303]
365894. $false <- (2, 8, ~27, 412) [forward subsumption resolution 365848,350583]
365895. ~2 | ~8 | 27 | ~412 [avatar contradiction clause 365894]
365944. c2 = mult(c3,c4) <- (2, 27) [forward demodulation 227,67]
366011. c2 = c4 <- (412, 414) [forward demodulation 353319,350583]
366052. $false <- (412, 414) [forward subsumption resolution 366011,21]
366053. ~412 | ~414 [avatar contradiction clause 366052]
366076. c3 = mult(c3,c1) <- (2, 5, 15) [forward demodulation 333396,67]
366148. mult(op_b,c1) != mult(c1,op_b) <- (5) [superposition 15,80]
366162. mult(c1,c3) != mult(c3,c1) <- (2, 5) [forward demodulation 366148,67]
366213. c2 != mult(c4,op_a) | c2 = i(op_a) | c3 = i(op_a) | c1 = i(op_a) | c2 = c4 | c3 = c4 | c1 = c4 <- (~4, 11) [superposition 75,308059]
366233. c2 = i(op_a) | c3 = i(op_a) | c1 = i(op_a) | c2 = c4 | c3 = c4 | c1 = c4 <- (~4, 11) [forward subsumption resolution 366213,326205]
366244. c2 = i(op_a) | c1 = i(op_a) | c2 = c4 | c3 = c4 | c1 = c4 <- (~4, 11, ~408) [forward subsumption resolution 366233,343358]
366254. c2 = i(op_a) | c1 = i(op_a) | c3 = c4 | c1 = c4 <- (~4, 11, ~408) [forward subsumption resolution 366244,21]
366261. c2 = i(op_a) | c1 = i(op_a) | c1 = c4 <- (~4, 11, ~408) [forward subsumption resolution 366254,22]
366268. c2 = i(op_a) | c1 = i(op_a) <- (~4, 11, ~408) [forward subsumption resolution 366261,19]
366272. c2 = i(c1) | c1 = i(op_a) <- (~4, 5, 11, ~408) [forward demodulation 366268,80]
366275. c1 = i(op_a) <- (~4, 5, 11, ~35, ~408) [forward subsumption resolution 366272,556]
366278. c1 = i(c1) <- (~4, 5, 11, ~35, ~408) [forward demodulation 366275,80]
366464. c1 != i(c1) <- (5, 29, ~307) [superposition 94071,335610]
366515. $false <- (5, 29, 37, ~307) [forward subsumption resolution 366464,565]
366516. ~5 | ~29 | ~37 | 307 [avatar contradiction clause 366515]
366806. c4 != X0 | mult(c3,X1) = mult(c1,mult(c3,X1)) | c3 = X0 | c1 = X0 | c2 = mult(c1,c3) | c2 = X0 | c1 = mult(c1,c3) <- (2, 5, ~17) [superposition 365825,630]
366878. c1 = mult(e,i(mult(c3,i(c2)))) <- (2, 5, 20) [superposition 7270,365834]
366895. c1 = mult(e,mult(c2,i(c3))) <- (2, 5, 11, 20, 66) [forward demodulation 366878,310134]
366904. c1 = mult(e,i(c3)) <- (2, 5, 11, 20, 66) [forward demodulation 366895,33100]
366912. c1 = mult(e,c4) <- (2, 5, 11, 20, 48, 66) [forward demodulation 366904,8903]
366919. c1 = mult(c2,c4) <- (2, 5, 11, 20, 48, 66) [forward demodulation 366912,105]
366923. c1 = c4 <- (2, 5, 11, 20, 48, 66) [forward demodulation 366919,33100]
366926. $false <- (2, 5, 11, 20, 48, 66) [forward subsumption resolution 366923,19]
366927. ~2 | ~5 | ~11 | ~20 | ~48 | ~66 [avatar contradiction clause 366926]
366929. c3 = mult(op_a,c3) <- (2, 19) [forward demodulation 157,67]
366932. c2 != mult(c1,c3) <- (2, 5, ~20) [forward demodulation 148017,80]
366935. mult(c3,X1) = mult(c1,mult(c3,X1)) <- (2, 406) [forward demodulation 337641,67]
366943. mult(c3,X1) = mult(c1,mult(c3,X1)) | c3 = X0 | c1 = X0 | c2 = mult(c1,c3) | c2 = X0 | c1 = mult(c1,c3) <- (2, 5, ~17) [forward subsumption resolution 366806,16]
366951. 299 | ~2 | ~406 [avatar split clause 366935,337640,65,88468]
366957. mult(c3,X1) = mult(c1,mult(c3,X1)) | c3 = X0 | c1 = X0 | c2 = X0 | c1 = mult(c1,c3) <- (2, 5, ~17, ~20) [forward subsumption resolution 366943,366932]
366964. mult(c3,X1) = mult(c1,mult(c3,X1)) | c3 = X0 | c1 = X0 | c2 = X0 <- (2, 5, ~17, ~20, 48, ~276) [forward subsumption resolution 366957,92816]
366967. 55 | 299 | ~2 | ~5 | 17 | 20 | ~48 | 276 [avatar split clause 366964,78071,2993,159,127,78,65,88468,5394]
366977. c1 = mult(op_a,c3) <- (2, 18) [forward demodulation 153,67]
366988. c3 = mult(c1,c3) <- (48, 278) [forward demodulation 78081,2995]
367006. c4 != mult(c1,c3) <- (2, 5, 75, 181, 251) [forward demodulation 366162,338136]
367020. c1 = mult(c1,c3) <- (2, 5, 18) [forward demodulation 366977,80]
367690. c1 = mult(e,i(mult(c3,i(c1)))) <- (265, 276) [superposition 7270,306881]
367698. c1 = mult(e,mult(c1,i(c3))) <- (11, 66, 265, 276) [forward demodulation 367690,310134]
367705. c1 = mult(e,mult(c1,c4)) <- (11, 48, 66, 265, 276) [forward demodulation 367698,8903]
367888. c4 = mult(e,i(mult(c1,i(c2)))) <- (251) [superposition 7270,65983]
367896. c4 = mult(e,mult(c2,i(c1))) <- (11, 66, 251) [forward demodulation 367888,310134]
367909. c4 = mult(e,i(c1)) <- (11, 66, 251) [forward demodulation 367896,33100]
367917. c4 = mult(e,c1) <- (11, 37, 66, 251) [forward demodulation 367909,565]
367925. c4 = mult(c2,c1) <- (11, 37, 66, 251) [forward demodulation 367917,105]
367932. c1 = c4 <- (11, 37, 66, 251) [forward demodulation 367925,33100]
367936. $false <- (11, 37, 66, 251) [forward subsumption resolution 367932,19]
367937. ~11 | ~37 | ~66 | ~251 [avatar contradiction clause 367936]
368015. c2 != i(e) | c3 = i(c1) | c1 = i(c1) <- (~35, ~306) [forward subsumption resolution 361065,556]
368018. c1 = i(c1) <- (5, 407) [forward demodulation 357267,80]
368021. $false <- (~4, 5, 11, ~35, ~37, ~408) [forward subsumption resolution 366278,564]
368022. 4 | ~5 | ~11 | 35 | 37 | 408 [avatar contradiction clause 368021]
368065. c2 != i(e) | c1 = i(c1) <- (~35, ~36, ~306) [forward subsumption resolution 368015,560]
368070. $false <- (5, ~37, 407) [forward subsumption resolution 368018,564]
368071. ~5 | 37 | ~407 [avatar contradiction clause 368070]
368082. c2 != i(e) <- (~35, ~36, ~37, ~306) [forward subsumption resolution 368065,564]
368089. c2 != i(c2) <- (11, ~35, ~36, ~37, ~306) [forward demodulation 368082,105]
368097. $false <- (11, ~35, ~36, ~37, 54, ~306) [forward subsumption resolution 368089,5336]
368098. ~11 | 35 | 36 | 37 | ~54 | 306 [avatar contradiction clause 368097]
368156. ~417 | ~56 | 298 [avatar split clause 201423,88029,5397,364439]
368159. $false <- (2, 5, 11, ~17, 48, 56, 66) [forward subsumption resolution 351643,365825]
368160. ~2 | ~5 | ~11 | 17 | ~48 | ~56 | ~66 [avatar contradiction clause 368159]
368250. c1 = mult(c2,mult(c1,c4)) <- (11, 48, 66, 265, 276) [forward demodulation 367705,105]
368301. c1 = mult(c1,c4) <- (11, 48, 66, 265, 276) [forward demodulation 368250,33100]
368334. $false <- (5, 11, ~29, 48, 66, 265, 276) [forward subsumption resolution 368301,335758]
368335. ~5 | ~11 | 29 | ~48 | ~66 | ~265 | ~276 [avatar contradiction clause 368334]
368415. c4 = mult(c1,c3) <- (2, 5, 17) [forward demodulation 148016,80]
368428. $false <- (2, 5, 15, ~51, 56) [forward subsumption resolution 95752,366076]
368429. ~2 | ~5 | ~15 | 51 | ~56 [avatar contradiction clause 368428]
369082. c1 = mult(e,i(mult(c3,i(c4)))) <- (2, 5, 17) [superposition 7270,368415]
369086. c1 = mult(e,mult(c4,i(c3))) <- (2, 5, 11, 17, 66) [forward demodulation 369082,310134]
369094. c1 = mult(e,mult(c4,c4)) <- (2, 5, 11, 17, 48, 66) [forward demodulation 369086,8903]
369101. c1 = mult(e,c3) <- (2, 5, 11, 17, 48, 66, 158) [forward demodulation 369094,57835]
369108. c1 = mult(c2,c3) <- (2, 5, 11, 17, 48, 66, 158) [forward demodulation 369101,105]
369113. c1 = c3 <- (2, 5, 11, 17, 48, 66, 158) [forward demodulation 369108,33100]
369116. $false <- (2, 5, 11, 17, 48, 66, 158) [forward subsumption resolution 369113,18]
369117. ~2 | ~5 | ~11 | ~17 | ~48 | ~66 | ~158 [avatar contradiction clause 369116]
369129. 387 | ~33 | ~291 [avatar split clause 317862,87145,355,310762]
369162. c3 = c4 <- (2, 27, ~47, ~48, ~49, 66) [forward demodulation 328877,67]
369482. $false <- (2, 39, ~397) [forward subsumption resolution 365852,1795]
369483. ~2 | ~39 | 397 [avatar contradiction clause 369482]
369504. c2 != mult(c1,c3) <- (39, ~286) [forward demodulation 86525,1795]
369505. c1 = mult(c1,c3) <- (39, 287) [forward demodulation 86530,1795]
369506. c1 = mult(c3,c4) <- (2, 8, 33) [forward demodulation 365843,357]
369510. $false <- (2, 8, ~23, 33) [forward subsumption resolution 365847,357]
369511. ~2 | ~8 | 23 | ~33 [avatar contradiction clause 369510]
369515. $false <- (2, 27, ~47, ~48, ~49, 66) [forward subsumption resolution 369162,22]
369516. ~2 | ~27 | 47 | 48 | 49 | ~66 [avatar contradiction clause 369515]
369738. $false <- (2, 5, 20, 39, ~286) [forward subsumption resolution 369504,365834]
369739. ~2 | ~5 | ~20 | ~39 | 286 [avatar contradiction clause 369738]
369740. $false <- (2, 5, ~18, 39, 287) [forward subsumption resolution 369505,365828]
369741. ~2 | ~5 | 18 | ~39 | ~287 [avatar contradiction clause 369740]
370036. c3 = i(c3) <- (2, 397) [forward demodulation 332216,67]
370124. c4 != mult(c1,c3) <- (2, 5, 11, 26, 66, 407) [forward demodulation 366162,344731]
370457. i(X0) != c3 | c2 = X0 | c3 = X0 | c1 = X0 <- (~48) [superposition 2994,16]
370955. c4 = mult(e,i(mult(c3,i(c1)))) <- (33) [superposition 7270,357]
370966. c4 = mult(e,mult(c1,i(c3))) <- (11, 33, 66) [forward demodulation 370955,310134]
370973. c4 = mult(e,mult(c1,c3)) <- (11, 33, 39, 66) [forward demodulation 370966,1795]
370980. c4 = mult(e,c1) <- (2, 5, 11, 18, 33, 39, 66) [forward demodulation 370973,367020]
370987. c4 = mult(c2,c1) <- (2, 5, 11, 18, 33, 39, 66) [forward demodulation 370980,105]
370992. c1 = c4 <- (2, 5, 11, 18, 33, 39, 66) [forward demodulation 370987,33100]
370995. $false <- (2, 5, 11, 18, 33, 39, 66) [forward subsumption resolution 370992,19]
370996. ~2 | ~5 | ~11 | ~18 | ~33 | ~39 | ~66 [avatar contradiction clause 370995]
371047. $false <- (2, 5, 11, 17, 26, 66, 407) [forward subsumption resolution 370124,368415]
371048. ~2 | ~5 | ~11 | ~17 | ~26 | ~66 | ~407 [avatar contradiction clause 371047]
371159. c4 = mult(c2,mult(c1,c3)) <- (11, 33, 39, 66) [forward demodulation 370973,105]
371177. c4 = mult(c1,c3) <- (11, 33, 39, 66) [forward demodulation 371159,33100]
372371. c2 != mult(c3,c4) <- (2, 8, ~27) [forward demodulation 365844,365843]
372372. c1 != mult(c3,c4) <- (2, 8, ~23) [forward demodulation 365847,365843]
372389. 39 | ~2 | ~397 [avatar split clause 370036,332214,65,1793]
372393. $false <- (2, 5, 17, 75, 181, 251) [forward subsumption resolution 367006,368415]
372394. ~2 | ~5 | ~17 | ~75 | ~181 | ~251 [avatar contradiction clause 372393]
372395. mult(c1,c4) = mult(c4,c1) <- (4, 5) [forward demodulation 74,80]
372409. mult(c4,mult(c1,X0)) = X0 <- (4, 5, 11, 66, ~407, ~408, ~409) [forward demodulation 355860,80]
372437. c1 != mult(c3,c4) <- (2, 8, ~33) [forward demodulation 356,365843]
372821. mult(op_a,c3) != X0 | mult(op_b,op_a) = c3 | c3 = X0 | mult(op_b,op_a) = c1 | c2 = X0 | mult(op_b,op_a) = c2 | c1 = X0 <- (2) [forward demodulation 732,67]
372823. mult(op_a,c3) != X0 | mult(c3,X1) = mult(op_b,mult(op_a,X1)) | c3 = X0 | c1 = X0 | mult(op_b,op_a) = c2 | c2 = X0 | mult(op_b,op_a) = c1 <- (2) [forward demodulation 13054,67]
372879. mult(c1,c3) != mult(c3,c1) <- (2, 5) [forward demodulation 366148,67]
372883. c2 = mult(c1,c4) <- (4, 5, 251) [forward demodulation 372395,65983]
373133. mult(c1,c3) != X0 | mult(op_b,op_a) = c3 | c3 = X0 | mult(op_b,op_a) = c1 | c2 = X0 | mult(op_b,op_a) = c2 | c1 = X0 <- (2, 5) [forward demodulation 372821,80]
373135. mult(c1,c3) != X0 | mult(c3,X1) = mult(op_b,mult(op_a,X1)) | c3 = X0 | c1 = X0 | mult(op_b,op_a) = c2 | c2 = X0 | mult(op_b,op_a) = c1 <- (2, 5) [forward demodulation 372823,80]
373350. c4 != X0 | mult(op_b,op_a) = c3 | c3 = X0 | mult(op_b,op_a) = c1 | c2 = X0 | mult(op_b,op_a) = c2 | c1 = X0 <- (2, 5, 17) [forward demodulation 373133,368415]
373352. c4 != X0 | mult(c3,X1) = mult(op_b,mult(op_a,X1)) | c3 = X0 | c1 = X0 | mult(op_b,op_a) = c2 | c2 = X0 | mult(op_b,op_a) = c1 <- (2, 5, 17) [forward demodulation 373135,368415]
373480. mult(op_b,op_a) = c3 | c3 = X0 | mult(op_b,op_a) = c1 | c2 = X0 | mult(op_b,op_a) = c2 | c1 = X0 <- (2, 5, 17) [forward subsumption resolution 373350,16]
373482. mult(c3,X1) = mult(op_b,mult(op_a,X1)) | c3 = X0 | c1 = X0 | mult(op_b,op_a) = c2 | c2 = X0 | mult(op_b,op_a) = c1 <- (2, 5, 17) [forward subsumption resolution 373352,16]
373541. c3 = mult(op_b,c1) | c3 = X0 | mult(op_b,op_a) = c1 | c2 = X0 | mult(op_b,op_a) = c2 | c1 = X0 <- (2, 5, 17) [forward demodulation 373480,80]
373543. mult(c3,X1) = mult(op_b,mult(c1,X1)) | c3 = X0 | c1 = X0 | mult(op_b,op_a) = c2 | c2 = X0 | mult(op_b,op_a) = c1 <- (2, 5, 17) [forward demodulation 373482,80]
373582. c3 = mult(c3,c1) | c3 = X0 | mult(op_b,op_a) = c1 | c2 = X0 | mult(op_b,op_a) = c2 | c1 = X0 <- (2, 5, 17) [forward demodulation 373541,67]
373584. mult(c3,X1) = mult(c3,mult(c1,X1)) | c3 = X0 | c1 = X0 | mult(op_b,op_a) = c2 | c2 = X0 | mult(op_b,op_a) = c1 <- (2, 5, 17) [forward demodulation 373543,67]
373684. c2 = mult(op_b,c1) | mult(c3,X1) = mult(c3,mult(c1,X1)) | c3 = X0 | c1 = X0 | c2 = X0 | mult(op_b,op_a) = c1 <- (2, 5, 17) [forward demodulation 373584,80]
373752. c3 = X0 | mult(op_b,op_a) = c1 | c2 = X0 | mult(op_b,op_a) = c2 | c1 = X0 <- (2, 5, ~15, 17) [forward subsumption resolution 373582,365826]
373754. c1 != mult(c3,c4) <- (2, ~23) [forward demodulation 181,67]
373759. c2 != mult(c3,c4) <- (2, ~27) [forward demodulation 226,67]
373772. c2 = mult(c3,c1) | mult(c3,X1) = mult(c3,mult(c1,X1)) | c3 = X0 | c1 = X0 | c2 = X0 | mult(op_b,op_a) = c1 <- (2, 5, 17) [forward demodulation 373684,67]
373806. c1 = mult(op_b,c1) | c3 = X0 | c2 = X0 | mult(op_b,op_a) = c2 | c1 = X0 <- (2, 5, ~15, 17) [forward demodulation 373752,80]
373813. mult(c3,X1) = mult(c3,mult(c1,X1)) | c3 = X0 | c1 = X0 | c2 = X0 | mult(op_b,op_a) = c1 <- (2, 5, 17, ~417) [forward subsumption resolution 373772,364440]
373838. c1 = mult(c3,c1) | c3 = X0 | c2 = X0 | mult(op_b,op_a) = c2 | c1 = X0 <- (2, 5, ~15, 17) [forward demodulation 373806,67]
373841. c1 = mult(op_b,c1) | mult(c3,X1) = mult(c3,mult(c1,X1)) | c3 = X0 | c1 = X0 | c2 = X0 <- (2, 5, 17, ~417) [forward demodulation 373813,80]
373862. c3 = X0 | c2 = X0 | mult(op_b,op_a) = c2 | c1 = X0 <- (2, 5, ~15, 17, 56, ~297) [forward subsumption resolution 373838,201424]
373864. c1 = mult(c3,c1) | mult(c3,X1) = mult(c3,mult(c1,X1)) | c3 = X0 | c1 = X0 | c2 = X0 <- (2, 5, 17, ~417) [forward demodulation 373841,67]
373882. c2 = mult(op_b,c1) | c3 = X0 | c2 = X0 | c1 = X0 <- (2, 5, ~15, 17, 56, ~297) [forward demodulation 373862,80]
373884. mult(c3,X1) = mult(c3,mult(c1,X1)) | c3 = X0 | c1 = X0 | c2 = X0 <- (2, 5, 17, 56, ~297, ~417) [forward subsumption resolution 373864,201424]
373899. c2 = mult(c3,c1) | c3 = X0 | c2 = X0 | c1 = X0 <- (2, 5, ~15, 17, 56, ~297) [forward demodulation 373882,67]
373901. 55 | 281 | ~2 | ~5 | ~17 | ~56 | 297 | 417 [avatar split clause 373884,364439,88025,5397,127,78,65,78878,5394]
373912. c3 = X0 | c2 = X0 | c1 = X0 <- (2, 5, ~15, 17, 56, ~297, ~417) [forward subsumption resolution 373899,364440]
373917. 55 | ~2 | ~5 | 15 | ~17 | ~56 | 297 | 417 [avatar split clause 373912,364439,88025,5397,127,119,78,65,5394]
373945. mult(op_a,c3) != mult(c3,op_a) <- (2) [superposition 15,67]
373983. mult(c4,X0) = mult(c1,mult(c3,X0)) <- (2, 5, 17) [superposition 14,368415]
374699. mult(c3,c4) != X0 | mult(c3,X1) = mult(c4,mult(c3,X1)) | c3 = X0 | c1 = X0 | c2 = mult(c4,c3) | c2 = X0 | c1 = mult(c4,c3) <- (2, ~8) [superposition 295,630]
374826. mult(c1,e) = mult(c4,mult(X0,i(mult(c3,X0)))) <- (2, 5, 17) [superposition 373983,29]
375036. mult(c1,e) = mult(c4,i(c3)) <- (2, 5, 17) [forward demodulation 374826,103337]
375098. mult(c4,c3) = mult(c1,e) <- (2, 5, 17, 39) [forward demodulation 375036,1795]
375138. c1 = mult(c4,c3) <- (2, 5, 17, 39) [forward demodulation 375098,13]
375455. c1 = mult(e,i(mult(c4,c2))) <- (306) [superposition 7270,94068]
375506. c1 = mult(e,i(c4)) <- (75, 306) [forward demodulation 375455,33151]
375918. mult(c3,X0) = mult(c3,mult(c4,X0)) <- (255) [superposition 14,66810]
375920. mult(c4,c4) = mult(X0,c3) | c2 = mult(X0,c3) | c3 = mult(X0,c3) | c1 = mult(X0,c3) <- (255) [superposition 46,66810]
375959. c1 = mult(X0,c3) | c2 = mult(X0,c3) | c3 = mult(X0,c3) | c1 = mult(X0,c3) <- (56, 255) [forward demodulation 375920,5399]
375960. c1 = mult(X0,c3) | c2 = mult(X0,c3) | c3 = mult(X0,c3) <- (56, 255) [duplicate literal removal 375959]
375962. 256 | ~255 [avatar split clause 375918,66808,66816]
375979. 84 | ~56 | ~255 [avatar split clause 375960,66808,5397,34591]
376403. 414 | ~2 | ~22 [avatar split clause 365849,169,65,353317]
376407. $false <- (2, ~8, 158, 181) [forward subsumption resolution 340916,295]
376408. ~2 | 8 | ~158 | ~181 [avatar contradiction clause 376407]
376582. mult(c3,c4) != X0 | mult(c3,X1) = mult(c4,mult(c3,X1)) | c3 = X0 | c1 = X0 | c2 = mult(c4,c3) | c2 = X0 <- (2, ~8, ~33) [forward subsumption resolution 374699,356]
376666. c2 = c4 | mult(c3,c4) != X0 | mult(c3,X1) = mult(c4,mult(c3,X1)) | c3 = X0 | c1 = X0 | c2 = X0 <- (2, ~8, ~33, 414) [forward demodulation 376582,353319]
376703. mult(c3,c4) != X0 | mult(c3,X1) = mult(c4,mult(c3,X1)) | c3 = X0 | c1 = X0 | c2 = X0 <- (2, ~8, ~33, 414) [forward subsumption resolution 376666,21]
376727. 418 <=> ! [X0] : (mult(c3,c4) != X0 | c2 = X0 | c1 = X0 | c3 = X0) [avatar definition]
376728. mult(c3,c4) != X0 | c2 = X0 | c1 = X0 | c3 = X0 <- (418) [avatar component clause 376727]
376729. 280 | 418 | ~2 | 8 | 33 | ~414 [avatar split clause 376703,353317,355,90,65,376727,78830]
376826. c1 != mult(c4,c4) <- (~292, 414) [forward demodulation 87150,353319]
376827. c1 != mult(c3,c1) <- (2, 5, 18) [forward demodulation 372879,367020]
376903. $false <- (56, ~292, 414) [forward subsumption resolution 376826,5399]
376904. ~56 | 292 | ~414 [avatar contradiction clause 376903]
377039. c2 != mult(c4,c4) <- (~293, 414) [forward demodulation 87154,353319]
377042. 417 | ~56 | ~298 [avatar split clause 331266,88029,5397,364439]
377155. c3 = mult(c4,c1) <- (2, 4, 5, 11, 18, 66, ~407, ~408, ~409) [superposition 372409,367020]
377173. c1 = mult(e,i(mult(c3,i(c1)))) <- (2, 5, 18) [superposition 7270,367020]
377194. c1 = mult(e,mult(c1,i(c3))) <- (2, 5, 11, 18, 66) [forward demodulation 377173,310134]
377201. c2 = c3 <- (2, 4, 5, 11, 18, 66, 251, ~407, ~408, ~409) [forward demodulation 377155,65983]
377209. $false <- (2, 4, 5, 11, 18, 66, 251, ~407, ~408, ~409) [forward subsumption resolution 377201,20]
377210. ~2 | ~4 | ~5 | ~11 | ~18 | ~66 | ~251 | 407 | 408 | 409 [avatar contradiction clause 377209]
377421. mult(c1,X0) = X0 <- (5, 11, 66, 409) [forward demodulation 343545,80]
377436. $false <- (~291, 394) [forward subsumption resolution 87146,330855]
377437. 291 | ~394 [avatar contradiction clause 377436]
377440. e = mult(c4,c4) | c3 = X0 | c2 = X0 | c1 = X0 | i(X0) = c1 <- (~48, ~49) [forward subsumption resolution 292335,370457]
377591. c1 = mult(e,mult(c1,c1)) <- (2, 5, 11, 18, 38, 66) [forward demodulation 377194,1791]
377675. 385 | ~5 | ~11 | ~66 | ~409 [avatar split clause 377421,343361,33099,103,78,306106]
377787. c1 = mult(e,c4) <- (2, 5, 11, 18, 33, 38, 66) [forward demodulation 377591,329165]
377865. c1 = mult(c2,c4) <- (2, 5, 11, 18, 33, 38, 66) [forward demodulation 377787,105]
377868. 419 <=> ! [X0] : (i(X0) != c1 | c2 = X0 | c1 = X0 | c3 = X0) [avatar definition]
377869. i(X0) != c1 | c2 = X0 | c1 = X0 | c3 = X0 <- (419) [avatar component clause 377868]
377921. c1 = c4 <- (2, 5, 11, 18, 33, 38, 66) [forward demodulation 377865,33100]
377948. $false <- (2, 5, 11, 18, 33, 38, 66) [forward subsumption resolution 377921,19]
377949. ~2 | ~5 | ~11 | ~18 | ~33 | ~38 | ~66 [avatar contradiction clause 377948]
378007. ~417 | ~2 | ~5 | ~20 [avatar split clause 365835,159,78,65,364439]
378027. c3 = mult(c1,c4) <- (11, 58, 66, 278) [forward demodulation 78081,356112]
378098. c2 != i(c2) <- (~306, 404) [forward demodulation 94067,334623]
378099. $false <- (~4, 5, 11, 58, 66, 278, 387) [forward subsumption resolution 378027,365721]
378100. 4 | ~5 | ~11 | ~58 | ~66 | ~278 | ~387 [avatar contradiction clause 378099]
378106. $false <- (54, ~306, 404) [forward subsumption resolution 378098,5336]
378107. ~54 | 306 | ~404 [avatar contradiction clause 378106]
378129. c1 = mult(e,c4) <- (11, 58, 66, 75, 306) [forward demodulation 375506,356112]
378132. c1 = mult(c2,c4) <- (11, 58, 66, 75, 306) [forward demodulation 378129,105]
378134. c1 = c4 <- (11, 58, 66, 75, 306) [forward demodulation 378132,33100]
378137. $false <- (11, 58, 66, 75, 306) [forward subsumption resolution 378134,19]
378138. ~11 | ~58 | ~66 | ~75 | ~306 [avatar contradiction clause 378137]
378291. c1 = mult(e,i(mult(c3,i(c4)))) <- (2, 5, 17) [superposition 7270,368415]
378295. c1 = mult(e,mult(c4,i(c3))) <- (2, 5, 11, 17, 66) [forward demodulation 378291,310134]
378303. c1 = mult(e,mult(c4,c1)) <- (2, 5, 11, 17, 38, 66) [forward demodulation 378295,1791]
378310. c1 = mult(e,c3) <- (2, 5, 11, 17, 38, 66, 387) [forward demodulation 378303,310764]
378317. c1 = mult(c2,c3) <- (2, 5, 11, 17, 38, 66, 387) [forward demodulation 378310,105]
378322. c1 = c3 <- (2, 5, 11, 17, 38, 66, 387) [forward demodulation 378317,33100]
378325. $false <- (2, 5, 11, 17, 38, 66, 387) [forward subsumption resolution 378322,18]
378326. ~2 | ~5 | ~11 | ~17 | ~38 | ~66 | ~387 [avatar contradiction clause 378325]
378569. c2 = i(op_b) | c3 = i(op_b) | c1 = i(op_b) | op_a = c2 | op_a = c1 <- (~6, 11) [forward subsumption resolution 332961,83]
378680. c2 = i(op_b) | c3 = i(op_b) | c1 = i(op_b) | op_a = c2 <- (~5, ~6, 11) [forward subsumption resolution 378569,79]
378725. c2 = i(c3) | c3 = i(op_b) | c1 = i(op_b) | op_a = c2 <- (2, ~5, ~6, 11) [forward demodulation 378680,67]
378732. c3 = i(op_b) | c1 = i(op_b) | op_a = c2 <- (2, ~5, ~6, 11, ~40) [forward subsumption resolution 378725,1798]
378736. c3 = i(c3) | c1 = i(op_b) | op_a = c2 <- (2, ~5, ~6, 11, ~40) [forward demodulation 378732,67]
378800. c3 = mult(op_b,c2) <- (7, 15) [forward demodulation 121,88]
378812. c2 != mult(c2,c4) <- (7, ~31) [forward demodulation 257,88]
378849. c2 != mult(c3,c2) <- (2, 7, ~16) [forward demodulation 293,88]
378850. c4 != mult(c2,c3) <- (2, 7, ~17) [forward demodulation 294,88]
378854. c3 = mult(c2,c3) <- (2, 7, 19) [forward demodulation 366929,88]
378868. c1 != mult(c2,c4) <- (7, ~29) [forward demodulation 249,88]
378876. mult(c3,c2) != mult(c2,c3) <- (2, 7) [forward demodulation 373945,88]
378879. c1 != mult(c3,c2) <- (2, 7, ~14) [forward demodulation 291,88]
378887. c2 != mult(c2,c3) <- (2, 7, ~20) [forward demodulation 148017,88]
378941. c3 != mult(c3,c2) <- (2, 7, 66) [forward demodulation 378876,33100]
378966. $false <- (2, 7, 66, 75) [forward subsumption resolution 378941,33151]
378967. ~2 | ~7 | ~66 | ~75 [avatar contradiction clause 378966]
379293. mult(e,X0) = mult(c1,mult(c1,X0)) <- (37) [superposition 24,565]
379341. mult(c2,X0) = mult(c1,mult(c1,X0)) <- (11, 37) [forward demodulation 379293,105]
379354. mult(c1,mult(c1,X0)) = X0 <- (11, 37, 66) [forward demodulation 379341,33100]
379488. i(X0) != c1 | c2 = X0 | c3 = X0 | c1 = X0 <- (~47) [superposition 2990,16]
379524. 419 | 47 [avatar split clause 379488,2989,377868]
379678. c1 != mult(c3,c4) <- (2, ~8, 33) [superposition 295,357]
380096. c1 = mult(e,i(mult(c4,i(c3)))) <- (11, 58, 66, 278) [superposition 7270,378027]
380106. c1 = mult(e,mult(c3,i(c4))) <- (11, 58, 66, 278) [forward demodulation 380096,310134]
380116. c1 = mult(e,mult(c3,c4)) <- (11, 58, 66, 278) [forward demodulation 380106,356112]
380123. c1 = mult(c2,mult(c3,c4)) <- (11, 58, 66, 278) [forward demodulation 380116,105]
380130. c1 = mult(c3,c4) <- (11, 58, 66, 278) [forward demodulation 380123,33100]
380136. $false <- (11, 58, 66, ~254, 278) [forward subsumption resolution 380130,66805]
380137. ~11 | ~58 | ~66 | 254 | ~278 [avatar contradiction clause 380136]
381365. c3 = mult(c1,c4) <- (11, 33, 37, 39, 66) [superposition 379354,371177]
381394. $false <- (11, 33, 37, 39, 58, 66, ~278) [forward subsumption resolution 381365,356566]
381395. ~11 | ~33 | ~37 | ~39 | ~58 | ~66 | 278 [avatar contradiction clause 381394]
381429. $false <- (2, ~8, 33, 254) [forward subsumption resolution 379678,66806]
381430. ~2 | 8 | ~33 | ~254 [avatar contradiction clause 381429]
381458. c3 = i(c3) | c1 = i(op_b) <- (2, ~5, ~6, ~7, 11, ~40) [forward subsumption resolution 378736,87]
381495. mult(e,X0) = mult(c1,mult(c3,X0)) <- (36) [superposition 24,561]
381536. mult(c2,X0) = mult(c1,mult(c3,X0)) <- (11, 36) [forward demodulation 381495,105]
381549. mult(c1,mult(c3,X0)) = X0 <- (11, 36, 66) [forward demodulation 381536,33100]
381587. e = mult(c3,c1) <- (38) [superposition 12,1791]
381641. c2 = mult(c3,c1) <- (11, 38) [forward demodulation 381587,105]
381654. 417 | ~11 | ~38 [avatar split clause 381641,1789,103,364439]
382505. c3 = mult(e,i(mult(c1,i(c2)))) <- (417) [superposition 7270,364441]
382518. c3 = mult(e,mult(c2,i(c1))) <- (11, 66, 417) [forward demodulation 382505,310134]
382532. c3 = mult(e,i(c1)) <- (11, 66, 417) [forward demodulation 382518,33100]
382737. c1 = mult(c4,c3) <- (387, 394) [superposition 330855,310764]
382738. mult(c3,X0) = mult(c4,mult(c1,X0)) <- (387) [superposition 14,310764]
382755. c4 = mult(e,i(mult(c1,i(c3)))) <- (387) [superposition 7270,310764]
382766. c4 = mult(e,mult(c3,i(c1))) <- (11, 66, 387) [forward demodulation 382755,310134]
382774. c4 = mult(e,mult(c3,c3)) <- (11, 36, 66, 387) [forward demodulation 382766,561]
382777. c4 = mult(c2,mult(c3,c3)) <- (11, 36, 66, 387) [forward demodulation 382774,105]
382779. c4 = mult(c3,c3) <- (11, 36, 66, 387) [forward demodulation 382777,33100]
384000. c3 = mult(c1,c4) <- (11, 36, 66, 387) [superposition 381549,382779]
384032. $false <- (11, 36, 58, 66, ~278, 387) [forward subsumption resolution 384000,356566]
384033. ~11 | ~36 | ~58 | ~66 | 278 | ~387 [avatar contradiction clause 384032]
384068. c3 = c4 <- (2, 11, 23, 47, 56, 66) [forward demodulation 337967,67]
384297. mult(c4,mult(c4,X0)) = X0 | c3 = X1 | c2 = X1 | c1 = X1 | c1 = i(X1) <- (11, ~48, ~49, 66) [forward subsumption resolution 330472,370457]
384298. c1 = c3 <- (291, 292) [forward demodulation 87147,87151]
384305. 252 | ~387 [avatar split clause 382738,310762,65985]
384306. c2 = mult(c4,c4) | c2 = mult(X0,X1) | c3 = mult(X0,X1) | c1 = mult(X0,X1) | c1 = i(mult(X0,X1)) <- (11, ~48, ~49) [forward subsumption resolution 330476,370457]
384413. e = mult(c4,c4) | c3 = X0 | c2 = X0 | c1 = X0 <- (~48, ~49, 419) [forward subsumption resolution 377440,377869]
384452. c4 != mult(c3,op_a) <- (2, 17) [forward demodulation 373945,148016]
384497. c3 = mult(e,c4) <- (11, 47, 66, 417) [forward demodulation 382532,91421]
384514. $false <- (2, 11, 23, 47, 56, 66) [forward subsumption resolution 384068,22]
384515. ~2 | ~11 | ~23 | ~47 | ~56 | ~66 [avatar contradiction clause 384514]
384555. mult(c4,mult(c4,X0)) = X0 | c3 = X1 | c2 = X1 | c1 = X1 <- (11, ~48, ~49, 66, 419) [forward subsumption resolution 384297,377869]
384556. $false <- (291, 292) [forward subsumption resolution 384298,18]
384557. ~291 | ~292 [avatar contradiction clause 384556]
384563. c2 = mult(c4,c4) | c2 = mult(X0,X1) | c3 = mult(X0,X1) | c1 = mult(X0,X1) <- (11, ~48, ~49, 419) [forward subsumption resolution 384306,377869]
384640. e = c1 | c3 = X0 | c2 = X0 | c1 = X0 <- (~48, ~49, 56, 419) [forward demodulation 384413,5399]
384685. c3 = mult(c2,c4) <- (11, 47, 66, 417) [forward demodulation 384497,105]
384697. 55 | 394 | ~11 | 48 | 49 | ~66 | ~419 [avatar split clause 384555,377868,33099,2997,2993,103,330854,5394]
384702. c1 = c2 | c2 = mult(X0,X1) | c3 = mult(X0,X1) | c1 = mult(X0,X1) <- (11, ~48, ~49, 56, 419) [forward demodulation 384563,5399]
384768. c3 = X0 | c2 = X0 | c1 = X0 <- (~9, ~48, ~49, 56, 419) [forward subsumption resolution 384640,96]
384789. $false <- (11, 47, ~50, 66, 417) [forward subsumption resolution 384685,3002]
384790. ~11 | ~47 | 50 | ~66 | ~417 [avatar contradiction clause 384789]
384807. c2 = mult(X0,X1) | c3 = mult(X0,X1) | c1 = mult(X0,X1) <- (11, ~48, ~49, 56, 419) [forward subsumption resolution 384702,17]
384864. 55 | 9 | 48 | 49 | ~56 | ~419 [avatar split clause 384768,377868,5397,2997,2993,95,5394]
384883. 128 | ~11 | 48 | 49 | ~56 | ~419 [avatar split clause 384807,377868,5397,2997,2993,103,47771]
385176. op_a = mult(X0,i(mult(c1,X0))) <- (407) [superposition 7092,343355]
385200. op_a = i(c1) <- (407) [forward demodulation 385176,103337]
385713. e = mult(op_a,mult(c4,i(c1))) <- (29) [superposition 29,250]
385731. op_a = mult(e,i(mult(c4,i(c1)))) <- (29) [superposition 7270,250]
385913. c4 = mult(X0,i(mult(c1,X0))) <- (47) [superposition 7092,2991]
385935. c4 = i(c1) <- (47) [forward demodulation 385913,103337]
386597. mult(c1,X0) = mult(c4,mult(c4,X0)) <- (56) [superposition 14,5399]
387675. e = mult(c3,mult(c1,i(c1))) <- (56, 297) [superposition 29,330390]
387685. mult(X0,mult(c3,mult(c1,i(mult(e,c1))))) = X0 <- (56, 297) [superposition 6835,330390]
387686. mult(e,mult(c3,mult(c1,i(mult(i(X0),c1))))) = X0 <- (56, 297) [superposition 7057,330390]
387688. c3 = mult(e,i(mult(c1,i(c1)))) <- (56, 297) [superposition 7270,330390]
387701. c3 = mult(e,mult(c1,i(c1))) <- (11, 56, 66, 297) [forward demodulation 387688,310134]
387703. mult(e,mult(c3,X0)) = X0 <- (56, 297) [forward demodulation 387686,7077]
387704. mult(X0,c3) = X0 <- (56, 297) [forward demodulation 387685,6463]
387711. e = mult(c3,e) <- (56, 297) [forward demodulation 387675,12]
387712. c3 = mult(e,e) <- (11, 56, 66, 297) [forward demodulation 387701,12]
387714. mult(c2,mult(c3,X0)) = X0 <- (11, 56, 297) [forward demodulation 387703,105]
387715. 45 | ~56 | ~297 [avatar split clause 387704,88025,5397,2590]
387720. e = c3 <- (56, 297) [forward demodulation 387711,13]
387721. e = c3 <- (11, 56, 66, 297) [forward demodulation 387712,13]
387723. mult(c3,X0) = X0 <- (11, 56, 66, 297) [forward demodulation 387714,33100]
387725. $false <- (~10, 56, 297) [forward subsumption resolution 387720,100]
387726. 10 | ~56 | ~297 [avatar contradiction clause 387725]
387727. $false <- (~10, 11, 56, 66, 297) [forward subsumption resolution 387721,100]
387728. 10 | ~11 | ~56 | ~66 | ~297 [avatar contradiction clause 387727]
387730. 77 | ~11 | ~56 | ~66 | ~297 [avatar split clause 387723,88025,33099,5397,103,33401]
387734. c2 = mult(c3,op_a) <- (2, 16) [forward demodulation 125,67]
387762. 42 | ~2 | ~27 [avatar split clause 365944,225,65,2301]
387963. e = mult(op_a,mult(c4,c1)) <- (29, 37) [forward demodulation 385713,565]
388012. c1 = i(op_b) <- (2, ~5, ~6, ~7, 11, ~39, ~40) [forward subsumption resolution 381458,1794]
388014. c3 != mult(c1,c3) <- (56, ~291) [forward demodulation 87146,386597]
388147. c1 = i(c3) <- (2, ~5, ~6, ~7, 11, ~39, ~40) [forward demodulation 388012,67]
388257. $false <- (2, ~5, ~6, ~7, 11, ~38, ~39, ~40) [forward subsumption resolution 388147,1790]
388258. ~2 | 5 | 6 | 7 | ~11 | 38 | 39 | 40 [avatar contradiction clause 388257]
388436. ~145 | ~7 | 31 [avatar split clause 378812,256,86,53616]
388438. ~340 | ~8 | 27 [avatar split clause 185213,225,90,181349]
388542. mult(c2,X0) = X0 <- (75) [forward demodulation 319942,6697]
389227. mult(X0,X1) = mult(c1,mult(X0,X1)) <- (9) [forward demodulation 103327,97]
389613. mult(X1,X0) = mult(X1,i(mult(c1,i(X0)))) <- (9) [forward demodulation 91266,97]
389618. i(X0) = mult(c1,i(mult(c1,X0))) <- (9) [forward demodulation 91210,97]
389619. i(X0) = mult(c1,i(X0)) <- (9) [forward demodulation 91207,97]
389694. mult(c1,X0) = X0 <- (9) [forward demodulation 90791,97]
389737. mult(X1,i(X0)) = mult(c1,i(mult(X0,i(X1)))) <- (9) [forward demodulation 112089,97]
389762. mult(X0,c1) = mult(X0,mult(i(mult(c1,i(mult(c1,X1)))),i(X1))) <- (9) [forward demodulation 123405,97]
389764. mult(X1,X0) = mult(X1,i(mult(c1,i(mult(c1,X0))))) <- (9) [forward demodulation 123400,97]
390592. op_a = mult(e,i(mult(c4,c1))) <- (29, 37) [forward demodulation 385731,565]
390617. op_a = c4 <- (9, 48, 408) [forward demodulation 351239,3646]
390639. e = mult(op_a,c4) <- (29, 37, 337) [forward demodulation 387963,172653]
390656. c2 != mult(c2,op_b) <- (7, ~20) [forward demodulation 160,88]
390657. c1 != mult(c2,op_b) <- (7, ~18) [forward demodulation 152,88]
390693. 66 | ~75 [avatar split clause 388542,33150,33099]
391355. 385 | ~9 [avatar split clause 389694,95,306106]
391381. mult(X1,i(X0)) = i(mult(X0,i(X1))) <- (9) [forward demodulation 389737,389619]
391396. mult(X0,c1) = mult(X0,mult(i(i(X1)),i(X1))) <- (9) [forward demodulation 389762,389618]
391398. mult(X1,X0) = mult(X1,mult(c1,X0)) <- (9) [forward demodulation 389764,389613]
391997. op_a = mult(e,i(c4)) <- (29, 37, 337) [forward demodulation 390592,172653]
392021. c2 = c4 <- (7, 9, 48, 408) [forward demodulation 390617,88]
392031. e = c1 <- (29, 37, 337) [forward demodulation 390639,250]
392572. mult(X0,c1) = X0 <- (9) [forward demodulation 391396,6810]
393103. op_a = mult(e,c3) <- (29, 37, 48, 337) [forward demodulation 391997,2995]
393119. $false <- (7, 9, 48, 408) [forward subsumption resolution 392021,21]
393120. ~7 | ~9 | ~48 | ~408 [avatar contradiction clause 393119]
393929. op_a = mult(c1,c3) <- (9, 29, 37, 48, 337) [forward demodulation 393103,97]
394463. op_a = c3 <- (9, 29, 37, 48, 278, 337) [forward demodulation 393929,366988]
394808. $false <- (~6, 9, 29, 37, 48, 278, 337) [forward subsumption resolution 394463,83]
394809. 6 | ~9 | ~29 | ~37 | ~48 | ~278 | ~337 [avatar contradiction clause 394808]
395482. ~144 | ~7 | 29 [avatar split clause 378868,248,86,53612]
395527. c3 != mult(c4,c2) <- (~4, 7, 50) [forward demodulation 333269,3003]
396584. c1 != mult(c4,X0) | op_b = c3 | c3 = X0 | op_b = c1 | c2 = X0 | op_b = c2 | c1 = X0 <- (8, ~23) [superposition 179553,41]
396629. op_b = c3 | c3 = X0 | op_b = c1 | c2 = X0 | op_b = c2 | c1 = X0 <- (8, ~23, 352) [forward subsumption resolution 396584,191871]
396636. c3 = X0 | op_b = c1 | c2 = X0 | op_b = c2 | c1 = X0 <- (~2, 8, ~23, 352) [forward subsumption resolution 396629,66]
396642. c3 = X0 | c2 = X0 | op_b = c2 | c1 = X0 <- (~1, ~2, 8, ~23, 352) [forward subsumption resolution 396636,62]
396646. c3 = X0 | c2 = X0 | c1 = X0 <- (~1, ~2, ~3, 8, ~23, 352) [forward subsumption resolution 396642,70]
396650. 55 | 1 | 2 | 3 | ~8 | 23 | ~352 [avatar split clause 396646,191870,180,90,69,65,61,5394]
396717. c4 != X0 | mult(c3,X1) = mult(c4,mult(c2,X1)) | c3 = X0 | c1 = X0 | c2 = mult(c4,c2) | c2 = X0 | c1 = mult(c4,c2) <- (7, ~32) [superposition 333261,630]
396741. mult(c3,X1) = mult(c4,mult(c2,X1)) | c3 = X0 | c1 = X0 | c2 = mult(c4,c2) | c2 = X0 | c1 = mult(c4,c2) <- (7, ~32) [forward subsumption resolution 396717,16]
396744. mult(c3,X1) = mult(c4,mult(c2,X1)) | c3 = X0 | c1 = X0 | c2 = X0 | c1 = mult(c4,c2) <- (7, ~28, ~32) [forward subsumption resolution 396741,333281]
396745. mult(c3,X1) = mult(c4,mult(c2,X1)) | c3 = X0 | c1 = X0 | c2 = X0 <- (7, ~28, ~32, ~34) [forward subsumption resolution 396744,384]
396764. 55 | 350 | ~7 | 28 | 32 | 34 [avatar split clause 396745,383,260,230,86,187393,5394]
398667. mult(c1,X0) = mult(c4,mult(c3,X0)) <- (33) [superposition 14,357]
400615. c2 = mult(e,i(mult(c4,i(c3)))) <- (50) [superposition 7270,3003]
400620. c2 = mult(e,mult(c3,i(c4))) <- (9, 50) [forward demodulation 400615,391381]
400631. c2 = mult(e,mult(c3,c3)) <- (9, 48, 50) [forward demodulation 400620,2995]
400635. c2 = mult(e,c4) <- (9, 48, 50, 181) [forward demodulation 400631,217358]
400638. c2 = mult(c1,c4) <- (9, 48, 50, 181) [forward demodulation 400635,97]
400640. $false <- (9, 48, 50, 181, ~404) [forward subsumption resolution 400638,334622]
400641. ~9 | ~48 | ~50 | ~181 | 404 [avatar contradiction clause 400640]
400667. c2 = c4 <- (385, 404) [forward demodulation 334623,306107]
400670. c2 = c4 <- (9, 48, 50, 181, 385) [forward demodulation 400638,306107]
400711. $false <- (385, 404) [forward subsumption resolution 400667,21]
400712. ~385 | ~404 [avatar contradiction clause 400711]
400713. $false <- (9, 48, 50, 181, 385) [forward subsumption resolution 400670,21]
400714. ~9 | ~48 | ~50 | ~181 | ~385 [avatar contradiction clause 400713]
400733. ~50 | ~7 | 30 [avatar split clause 333279,252,86,3001]
402805. c1 != mult(c4,X0) | c2 = X0 | c1 = X0 | c3 = X0 <- (~56) [superposition 5398,8657]
407735. c4 = mult(e,i(mult(op_b,i(c3)))) <- (342) [superposition 7270,181358]
409172. c2 = mult(e,i(mult(c2,i(c1)))) <- (67) [superposition 7270,33104]
409179. c2 = mult(e,mult(c1,i(c2))) <- (9, 67) [forward demodulation 409172,391381]
409191. c2 = mult(e,i(c2)) <- (9, 67) [forward demodulation 409179,391398]
409199. c2 = mult(e,c2) <- (9, 54, 67) [forward demodulation 409191,5336]
409204. c2 = mult(c1,c2) <- (9, 54, 67) [forward demodulation 409199,97]
409221. mult(c4,c3) = mult(c3,op_b) <- (181, 342) [superposition 58597,181358]
409331. e = mult(c3,mult(i(mult(e,c4)),i(c4))) <- (181) [superposition 6880,58597]
409558. e = c2 | c2 = i(c2) | c3 = i(c2) | c1 = i(c2) <- (145) [superposition 53618,45]
409570. e = c2 | c2 = i(c2) | c3 = i(c2) | c1 = i(c2) <- (145) [superposition 45,53618]
409575. mult(c4,c4) = mult(X0,c2) | c2 = mult(X0,c2) | c3 = mult(X0,c2) | c1 = mult(X0,c2) <- (145) [superposition 46,53618]
409585. c2 = mult(e,i(mult(c4,i(c2)))) <- (145) [superposition 7270,53618]
409598. c2 = mult(e,mult(c2,i(c4))) <- (9, 145) [forward demodulation 409585,391381]
409607. c3 = mult(X0,c2) | c2 = mult(X0,c2) | c3 = mult(X0,c2) | c1 = mult(X0,c2) <- (145, 158) [forward demodulation 409575,57835]
409608. c3 = mult(X0,c2) | c2 = mult(X0,c2) | c1 = mult(X0,c2) <- (145, 158) [duplicate literal removal 409607]
409613. c2 = mult(e,mult(c2,c3)) <- (9, 48, 145) [forward demodulation 409598,2995]
409620. 320 | ~145 | ~158 [avatar split clause 409608,57834,53616,148472]
409625. c2 = mult(c1,mult(c2,c3)) <- (9, 48, 145) [forward demodulation 409613,97]
409634. c2 = mult(c2,c3) <- (9, 48, 145) [forward demodulation 409625,389227]
409649. c1 = mult(c4,c2) <- (7, ~28, ~242, 320) [forward subsumption resolution 286148,333281]
409674. c2 = mult(c4,c2) | c1 = mult(c4,c2) <- (~242, 320) [trivial inequality removal 286143]
409678. c2 = mult(c4,c2) <- (7, 28) [forward demodulation 232,88]
409679. c2 = mult(c4,c2) <- (~34, ~242, 320) [forward subsumption resolution 409674,384]
409711. c1 = mult(c3,op_a) <- (26, 33, 181) [forward demodulation 343866,357]
409716. c1 = mult(c3,c2) <- (7, 26, 33, 181) [forward demodulation 409711,88]
409802. c4 = mult(e,i(mult(c2,i(c3)))) <- (242) [superposition 7270,62597]
409812. c4 = mult(e,mult(c3,i(c2))) <- (9, 242) [forward demodulation 409802,391381]
409825. c4 = mult(e,mult(c3,c2)) <- (9, 54, 242) [forward demodulation 409812,5336]
409849. c4 = mult(e,c1) <- (7, 9, 26, 33, 54, 181, 242) [forward demodulation 409825,409716]
409853. e = c4 <- (7, 9, 26, 33, 54, 181, 242) [forward demodulation 409849,392572]
409856. c1 = c4 <- (7, 9, 26, 33, 54, 181, 242) [forward demodulation 409853,97]
409858. $false <- (7, 9, 26, 33, 54, 181, 242) [forward subsumption resolution 409856,19]
409859. ~7 | ~9 | ~26 | ~33 | ~54 | ~181 | ~242 [avatar contradiction clause 409858]
409896. e = c2 | c3 = i(c2) | c1 = i(c2) <- (~54, 145) [forward subsumption resolution 409570,5335]
409897. e = c2 | c3 = i(c2) | c1 = i(c2) <- (~54, 145) [forward subsumption resolution 409558,5335]
409931. e = c2 | c1 = i(c2) <- (~53, ~54, 145) [forward subsumption resolution 409896,5331]
409932. e = c2 | c1 = i(c2) <- (~53, ~54, 145) [forward subsumption resolution 409897,5331]
409959. e = c2 <- (~52, ~53, ~54, 145) [forward subsumption resolution 409931,5327]
409960. e = c2 <- (~52, ~53, ~54, 145) [forward subsumption resolution 409932,5327]
409971. c1 = c2 <- (9, ~52, ~53, ~54, 145) [forward demodulation 409960,97]
409980. $false <- (9, ~52, ~53, ~54, 145) [forward subsumption resolution 409971,17]
409981. ~9 | 52 | 53 | 54 | ~145 [avatar contradiction clause 409980]
409996. $false <- (9, ~337) [forward subsumption resolution 172652,392572]
409997. ~9 | 337 [avatar contradiction clause 409996]
410162. c2 = mult(c2,c2) | c1 = mult(c2,c2) <- (~68, 320) [trivial inequality removal 286138]
410177. c2 = mult(c2,op_a) <- (3, 16) [forward demodulation 125,71]
410205. c2 = mult(op_a,c2) <- (3, 20) [forward demodulation 161,71]
410258. $false <- (3, 16, 20) [forward subsumption resolution 410205,147914]
410259. ~3 | ~16 | ~20 [avatar contradiction clause 410258]
410328. ~242 | ~7 | 26 [avatar split clause 333271,207,86,62595]
410332. 34 | ~7 | 28 | 242 | ~320 [avatar split clause 409649,148472,62595,230,86,383]
410403. e = mult(c4,c4) | c3 = X0 | c2 = X0 | c1 = X0 | i(X0) = c3 <- (~49, 419) [forward subsumption resolution 292335,377869]
410410. mult(c1,X0) = mult(c4,X0) <- (33, 77) [forward demodulation 398667,33402]
410592. mult(c4,mult(X2,i(mult(X1,mult(i(mult(c3,X1)),X2))))) = X0 | c3 = X0 | c2 = X0 | c1 = X0 <- (10) [forward demodulation 57598,101]
412028. mult(X0,X1) = mult(c3,c4) | c2 = mult(i(i(X0)),X1) | c3 = mult(i(i(X0)),X1) | c1 = mult(i(i(X0)),X1) <- (10) [forward demodulation 6970,101]
412048. mult(X0,X1) = mult(c3,c4) | c3 = mult(X0,X1) | c2 = mult(X0,X1) | c1 = mult(X0,X1) <- (10) [forward demodulation 7961,101]
412396. c4 = mult(e,i(mult(op_b,c3))) <- (39, 342) [forward demodulation 407735,1795]
412404. e = mult(i(mult(e,c4)),i(c4)) <- (77, 181) [forward demodulation 409331,33402]
412435. c3 = c4 <- (337, 387) [forward demodulation 172653,310764]
412440. c1 != mult(c4,c2) <- (7, ~24) [forward demodulation 186,88]
412664. mult(c1,mult(X2,i(mult(X1,mult(i(mult(c3,X1)),X2))))) = X0 | c3 = X0 | c2 = X0 | c1 = X0 <- (10, 33, 77) [forward demodulation 410592,410410]
413952. c1 = mult(X0,X1) | c2 = mult(i(i(X0)),X1) | c3 = mult(i(i(X0)),X1) | c1 = mult(i(i(X0)),X1) <- (10, 254) [forward demodulation 412028,66806]
413969. c3 = mult(X0,X1) | c2 = mult(X0,X1) | c1 = mult(X0,X1) <- (10, 418) [forward subsumption resolution 412048,376728]
414277. c4 = mult(e,i(op_b)) <- (39, 45, 342) [forward demodulation 412396,2591]
414282. e = mult(i(mult(e,c4)),c4) <- (77, 181) [forward demodulation 412404,239264]
414314. $false <- (337, 387) [forward subsumption resolution 412435,22]
414315. ~337 | ~387 [avatar contradiction clause 414314]
414322. $false <- (7, ~24, 34) [forward subsumption resolution 412440,385]
414323. ~7 | 24 | ~34 [avatar contradiction clause 414322]
414485. mult(c1,mult(X2,i(mult(X1,mult(i(X1),X2))))) = X0 | c3 = X0 | c2 = X0 | c1 = X0 <- (10, 33, 77) [forward demodulation 412664,33402]
415513. c2 = mult(X0,X1) | c1 = mult(X0,X1) | c3 = mult(i(i(X0)),X1) | c1 = mult(i(i(X0)),X1) <- (10, 254) [forward demodulation 413952,91964]
415531. 128 | ~10 | ~418 [avatar split clause 413969,376727,99,47771]
415810. c4 = mult(c3,i(op_b)) <- (10, 39, 45, 342) [forward demodulation 414277,101]
415815. c3 = mult(i(mult(c3,c4)),c4) <- (10, 77, 181) [forward demodulation 414282,101]
415959. mult(c1,mult(X2,i(mult(e,X2)))) = X0 | c3 = X0 | c2 = X0 | c1 = X0 <- (10, 33, 77) [forward demodulation 414485,24]
416751. c3 = mult(X0,X1) | c2 = mult(X0,X1) | c1 = mult(X0,X1) | c1 = mult(i(i(X0)),X1) <- (10, 254) [forward demodulation 415513,91964]
417012. c4 = i(op_b) <- (10, 39, 45, 77, 342) [forward demodulation 415810,33402]
417102. c1 = X0 | c3 = X0 | c2 = X0 | c1 = X0 <- (10, 33, 77) [forward demodulation 415959,6463]
417103. c1 = X0 | c3 = X0 | c2 = X0 <- (10, 33, 77) [duplicate literal removal 417102]
417751. c1 = mult(X0,X1) | c3 = mult(X0,X1) | c2 = mult(X0,X1) | c1 = mult(X0,X1) <- (10, 254) [forward demodulation 416751,91964]
417752. c1 = mult(X0,X1) | c3 = mult(X0,X1) | c2 = mult(X0,X1) <- (10, 254) [duplicate literal removal 417751]
418044. 55 | ~10 | ~33 | ~77 [avatar split clause 417103,33401,355,99,5394]
418554. 128 | ~10 | ~254 [avatar split clause 417752,66804,99,47771]
420456. c4 != mult(c2,c1) <- (1, 7, ~17) [forward demodulation 266,88]
420457. c2 != mult(c1,c2) <- (1, 7, ~16) [forward demodulation 267,88]
420458. c3 != mult(c1,c2) <- (1, 7, ~15) [forward demodulation 268,88]
420459. c1 != mult(c1,c2) <- (1, 7, ~14) [forward demodulation 269,88]
420460. c1 != mult(c2,c1) <- (1, 7, ~18) [forward demodulation 416,88]
420463. c3 != mult(c2,c1) <- (1, 7, ~19) [forward demodulation 6253,88]
420481. ~387 | ~1 | 342 [avatar split clause 344846,181356,61,310762]
420483. ~251 | ~1 | 340 [avatar split clause 342807,181349,61,65981]
420484. 250 | ~1 | 22 | 340 | 342 [avatar split clause 344855,181356,181349,169,61,65977]
420747. c1 = mult(c4,c1) <- (1, 8, 12) [forward demodulation 147896,63]
420834. c3 != mult(c4,c3) <- (13, ~291) [forward demodulation 87146,7657]
420911. c1 != mult(c4,c3) <- (13, ~292) [forward demodulation 87150,7657]
422361. mult(X1,i(X0)) = i(mult(X0,i(X1))) <- (1, 8, ~9, ~10, ~11, 13) [forward demodulation 112089,130516]
422851. e = mult(X1,mult(i(e),X0)) | c3 = mult(X0,X1) | c2 = mult(X0,X1) | c1 = mult(X0,X1) <- (~9, ~10, ~11, 13) [forward demodulation 133681,106540]
423104. $false <- (13, ~291) [forward subsumption resolution 420834,7657]
423105. ~13 | 291 [avatar contradiction clause 423104]
423128. $false <- (13, 33, ~292) [forward subsumption resolution 420911,357]
423129. ~13 | ~33 | 292 [avatar contradiction clause 423128]
424721. e = mult(X1,X0) | c3 = mult(X0,X1) | c2 = mult(X0,X1) | c1 = mult(X0,X1) <- (~9, ~10, ~11, 13) [forward demodulation 422851,1320]
426174. mult(X1,X0) = c4 | c3 = mult(X0,X1) | c2 = mult(X0,X1) | c1 = mult(X0,X1) <- (~9, ~10, ~11, 13) [forward demodulation 424721,98928]
429288. mult(op_a,c1) != mult(c1,op_a) <- (1) [superposition 15,63]
429302. mult(c1,c2) != mult(c2,c1) <- (1, 7) [forward demodulation 429288,88]
429339. mult(c2,op_b) != mult(op_b,c2) <- (7) [superposition 15,88]
429944. i(X0) != c3 | c2 = X0 | c3 = X0 | c1 = X0 <- (~48) [superposition 2994,16]
430411. c2 = mult(c2,c1) <- (1, 7, 20) [superposition 333260,63]
430538. c3 = mult(c2,c1) <- (1, 7, 19) [forward demodulation 433,88]
430541. c2 != mult(op_a,c1) <- (1, ~20) [forward demodulation 160,63]
430566. c2 != mult(c2,c1) <- (1, 7, ~20) [forward demodulation 430541,88]
430600. $false <- (1, 7, ~20, 322) [forward subsumption resolution 430566,149788]
430601. ~1 | ~7 | 20 | ~322 [avatar contradiction clause 430600]
430779. c4 != mult(X0,c2) | c3 = X0 | c2 = X0 | c1 = X0 <- (7, ~32) [superposition 333261,1830]
430783. c4 != c4 | c2 = mult(c4,c2) | c3 = mult(c4,c2) | c1 = mult(c4,c2) <- (7, ~32) [superposition 333261,16]
430801. c2 = mult(c4,c2) | c3 = mult(c4,c2) | c1 = mult(c4,c2) <- (7, ~32) [trivial inequality removal 430783]
430809. c4 != X0 | mult(c3,X1) = mult(c2,mult(c1,X1)) | c3 = X0 | c1 = X0 | c2 = mult(c2,c1) | c2 = X0 | c1 = mult(c2,c1) <- (1, 7, ~17) [superposition 420456,630]
430831. mult(c3,X1) = mult(c2,mult(c1,X1)) | c3 = X0 | c1 = X0 | c2 = mult(c2,c1) | c2 = X0 | c1 = mult(c2,c1) <- (1, 7, ~17) [forward subsumption resolution 430809,16]
430833. mult(c3,X1) = mult(c2,mult(c1,X1)) | c3 = X0 | c1 = X0 | c2 = X0 | c1 = mult(c2,c1) <- (1, 7, ~17, ~322) [forward subsumption resolution 430831,149787]
430835. mult(c3,X1) = mult(c2,mult(c1,X1)) | c3 = X0 | c1 = X0 | c2 = X0 <- (1, 7, ~17, ~18, ~322) [forward subsumption resolution 430833,420460]
430838. 425 <=> ! [X1] : mult(c3,X1) = mult(c2,mult(c1,X1)) [avatar definition]
430839. mult(c3,X1) = mult(c2,mult(c1,X1)) <- (425) [avatar component clause 430838]
430840. 55 | 425 | ~1 | ~7 | 17 | 18 | 322 [avatar split clause 430835,149786,151,127,86,61,430838,5394]
430986. c2 = mult(e,i(mult(c1,i(c3)))) <- (1, 7, 19) [superposition 7270,430538]
430994. c2 = i(mult(c1,i(c3))) <- (1, 7, 8, ~9, ~10, ~11, 13, 19) [forward demodulation 430986,130516]
431006. c2 = mult(c3,i(c1)) <- (1, 7, 8, ~9, ~10, ~11, 13, 19) [forward demodulation 430994,422361]
431014. c2 = mult(c3,c1) <- (1, 7, 8, ~9, ~10, ~11, 13, 19, 37) [forward demodulation 431006,565]
431063. c4 != mult(c1,c2) | c2 = mult(c2,c1) | c3 = mult(c2,c1) | c1 = mult(c2,c1) <- (1, 7) [superposition 429302,16]
431066. mult(c1,c2) != X0 | c3 = mult(c2,c1) | c3 = X0 | c1 = mult(c2,c1) | c2 = X0 | c2 = mult(c2,c1) | c1 = X0 <- (1, 7) [superposition 429302,41]
431081. c2 = mult(c2,c1) | c3 = mult(c2,c1) | c1 = mult(c2,c1) <- (1, 7, ~9, ~10, ~11, 13) [forward subsumption resolution 431063,426174]
437736. c2 != i(c1) <- (1, 23, ~306) [superposition 94067,364]
439254. mult(c3,c4) = mult(c2,c1) <- (1, 23, 425) [superposition 430839,364]
439292. mult(c3,e) = mult(c2,c1) <- (425) [superposition 430839,13]
439737. e = X1 | c2 = mult(X0,i(mult(i(X1),X0))) | c1 = mult(X0,i(mult(i(X1),X0))) | c3 = mult(X0,i(mult(i(X1),X0))) <- (46) [superposition 6464,2596]
442090. mult(c2,c4) = mult(c3,i(c1)) <- (~9, ~10, ~11, 13, 425) [superposition 430839,10166]
442309. c4 != c4 | c3 = i(c2) | c2 = i(c2) | c1 = i(c2) <- (7, ~9, ~10, ~11, 13, ~32) [superposition 430779,7893]
442321. c3 = i(c2) | c2 = i(c2) | c1 = i(c2) <- (7, ~9, ~10, ~11, 13, ~32) [trivial inequality removal 442309]
443228. c1 = mult(c3,c2) <- (300, 417) [superposition 90358,364441]
443600. c3 = c4 | c2 = mult(i(c1),c1) | c1 = mult(i(c1),c1) <- (~9, ~10, ~11, 13, 268) [superposition 7893,77207]
443662. c2 = mult(i(c1),c1) | c1 = mult(i(c1),c1) <- (~9, ~10, ~11, 13, 268) [forward subsumption resolution 443600,22]
443693. c2 = c4 | c1 = mult(i(c1),c1) <- (~9, ~10, ~11, 13, 268) [forward demodulation 443662,7893]
443716. c1 = mult(i(c1),c1) <- (~9, ~10, ~11, 13, 268) [forward subsumption resolution 443693,21]
443729. c1 = c4 <- (~9, ~10, ~11, 13, 268) [forward demodulation 443716,7893]
443736. $false <- (~9, ~10, ~11, 13, 268) [forward subsumption resolution 443729,19]
443737. 9 | 10 | 11 | ~13 | ~268 [avatar contradiction clause 443736]
443818. c3 = mult(e,i(mult(c2,i(c1)))) <- (300, 417) [superposition 7270,443228]
443823. c3 = i(mult(c2,i(c1))) <- (1, 8, ~9, ~10, ~11, 13, 300, 417) [forward demodulation 443818,130516]
443834. c3 = mult(c1,i(c2)) <- (1, 8, ~9, ~10, ~11, 13, 300, 417) [forward demodulation 443823,422361]
443845. c3 = mult(c1,c2) <- (1, 8, ~9, ~10, ~11, 13, 54, 300, 417) [forward demodulation 443834,5336]
443853. $false <- (1, 7, 8, ~9, ~10, ~11, 13, ~15, 54, 300, 417) [forward subsumption resolution 443845,420458]
443854. ~1 | ~7 | ~8 | 9 | 10 | 11 | ~13 | 15 | ~54 | ~300 | ~417 [avatar contradiction clause 443853]
443861. c3 = mult(c1,c2) <- (1, 7, 15) [forward demodulation 6344,88]
443890. e = c2 <- (1, 7, 18) [forward demodulation 344510,88]
443939. c3 = mult(c2,c1) <- (425) [forward demodulation 439292,13]
443940. c3 = mult(c2,c1) <- (1, 12, 23, 425) [forward demodulation 439254,108]
443965. c3 = mult(c2,c1) | c1 = mult(c2,c1) <- (1, 7, ~9, ~10, ~11, 13, ~322) [forward subsumption resolution 431081,149787]
443976. 11 | ~1 | ~7 | ~18 [avatar split clause 443890,151,86,61,103]
443986. $false <- (1, 7, ~19, 425) [forward subsumption resolution 443939,420463]
443987. ~1 | ~7 | 19 | ~425 [avatar contradiction clause 443986]
443988. $false <- (1, 7, 12, ~19, 23, 425) [forward subsumption resolution 443940,420463]
443989. ~1 | ~7 | ~12 | 19 | ~23 | ~425 [avatar contradiction clause 443988]
444025. c4 = mult(c2,c1) <- (1, 7, 17) [forward demodulation 415,88]
444034. c1 = mult(c2,c1) <- (1, 7, ~9, ~10, ~11, 13, ~19, ~322) [forward subsumption resolution 443965,420463]
444041. $false <- (1, 7, ~9, ~10, ~11, 13, ~18, ~19, ~322) [forward subsumption resolution 444034,420460]
444042. ~1 | ~7 | 9 | 10 | 11 | ~13 | 18 | 19 | 322 [avatar contradiction clause 444041]
444059. 417 | ~1 | ~7 | ~8 | 9 | 10 | 11 | ~13 | ~19 | ~37 [avatar split clause 431014,563,155,111,103,99,95,90,86,61,364439]
444070. 11 | 52 | 53 | 54 | ~145 [avatar split clause 409959,53616,5334,5330,5326,103]
444108. mult(c2,c4) = mult(c3,c1) <- (~9, ~10, ~11, 13, 37, 425) [forward demodulation 442090,565]
444218. c2 = i(c2) | c1 = i(c2) <- (7, ~9, ~10, ~11, 13, ~32, ~53) [forward subsumption resolution 442321,5331]
445280. mult(c2,e) = mult(c3,mult(X0,i(mult(c1,X0)))) <- (425) [superposition 430839,29]
445433. mult(c3,i(c1)) = mult(c2,e) <- (425) [forward demodulation 445280,103337]
445491. c2 = mult(c3,i(c1)) <- (425) [forward demodulation 445433,13]
446030. c3 != c3 | c2 = i(op_b) | c1 = i(op_b) | op_b = c4 <- (393, ~397) [superposition 332215,330488]
446032. c3 != c3 | c2 = i(c1) | c1 = i(c1) | c1 = c4 <- (~36, 393) [superposition 560,330488]
446037. c3 != c3 | c2 = i(c3) | c1 = i(c3) | c3 = c4 <- (~39, 393) [superposition 1794,330488]
446041. c2 = i(c3) | c1 = i(c3) | c3 = c4 <- (~39, 393) [trivial inequality removal 446037]
447365. c1 = mult(c3,c3) <- (1, 7, ~9, ~10, ~11, 12, 13, 19, 40) [superposition 110163,430538]
447574. $false <- (1, 7, ~9, ~10, ~11, 12, 13, 19, 40, ~247) [forward subsumption resolution 447365,63191]
447575. ~1 | ~7 | 9 | 10 | 11 | ~12 | ~13 | ~19 | ~40 | 247 [avatar contradiction clause 447574]
447677. c3 = mult(c1,c2) <- (~9, ~10, ~11, 13, 40, 247) [forward demodulation 118521,1799]
447685. $false <- (1, 7, ~9, ~10, ~11, 13, ~15, 40, 247) [forward subsumption resolution 447677,420458]
447686. ~1 | ~7 | 9 | 10 | 11 | ~13 | 15 | ~40 | ~247 [avatar contradiction clause 447685]
447711. 322 | ~1 | ~7 | ~20 [avatar split clause 430411,159,86,61,149786]
447717. c2 = mult(c2,c2) <- (~67, ~68, 320) [forward subsumption resolution 410162,33105]
447790. c3 = c4 | c2 = mult(i(c2),c2) | c1 = mult(i(c2),c2) <- (~9, ~10, ~11, 13, 320) [superposition 7893,148473]
447817. c3 != c3 | c2 = mult(c1,c2) | c1 = mult(c1,c2) <- (1, 7, ~15, 320) [superposition 420458,148473]
447832. c2 = mult(c1,c2) | c1 = mult(c1,c2) <- (1, 7, ~15, 320) [trivial inequality removal 447817]
447837. c1 = mult(c1,c2) <- (1, 7, ~15, ~16, 320) [forward subsumption resolution 447832,420457]
447856. c2 = mult(i(c2),c2) | c1 = mult(i(c2),c2) <- (~9, ~10, ~11, 13, 320) [forward subsumption resolution 447790,22]
447872. $false <- (1, 7, ~14, ~15, ~16, 320) [forward subsumption resolution 447837,420459]
447873. ~1 | ~7 | 14 | 15 | 16 | ~320 [avatar contradiction clause 447872]
447888. c2 = c4 | c1 = mult(i(c2),c2) <- (~9, ~10, ~11, 13, 320) [forward demodulation 447856,7893]
447907. c1 = mult(i(c2),c2) <- (~9, ~10, ~11, 13, 320) [forward subsumption resolution 447888,21]
447923. c1 = c4 <- (~9, ~10, ~11, 13, 320) [forward demodulation 447907,7893]
447929. $false <- (~9, ~10, ~11, 13, 320) [forward subsumption resolution 447923,19]
447930. 9 | 10 | 11 | ~13 | ~320 [avatar contradiction clause 447929]
447944. c3 = mult(c4,c4) <- (10, 77, 181) [forward demodulation 415815,239262]
447957. c2 = mult(c1,c2) <- (1, 7, 16) [forward demodulation 365368,63]
447987. c2 = c3 <- (39, 40) [forward demodulation 1795,1799]
448150. op_a = c1 <- (37, 407) [forward demodulation 385200,565]
448151. c3 != i(c2) <- (7, ~408) [forward demodulation 343358,88]
448169. mult(c1,c2) != X0 | c3 = X0 | c1 = mult(c2,c1) | c2 = X0 | c2 = mult(c2,c1) | c1 = X0 <- (1, 7, ~19) [forward subsumption resolution 431066,420463]
448172. 162 | 56 [avatar split clause 402805,5397,58112]
448185. 434 <=> ! [X0] : mult(c4,X0) = X0 [avatar definition]
448186. mult(c4,X0) = X0 <- (434) [avatar component clause 448185]
448227. e = mult(c4,c4) | c3 = X0 | c2 = X0 | c1 = X0 <- (~48, ~49, 419) [forward subsumption resolution 410403,429944]
448310. mult(c3,X0) = mult(X1,mult(c4,X0)) | c2 = i(X1) | c3 = i(X1) | c1 = i(X1) <- (10) [forward demodulation 310,101]
448805. c3 = c4 <- (77, 255) [forward demodulation 66810,33402]
448916. c3 = c4 <- (10, 250) [forward demodulation 72264,101]
448942. c3 = mult(c4,c4) <- (51, 77) [forward demodulation 3310,33402]
448957. mult(e,c4) = X0 | i(X0) = c2 | i(X0) = c3 | i(X0) = c1 <- (77, 181) [forward demodulation 6685,239264]
449641. mult(X1,i(X0)) = mult(c3,i(mult(X0,i(X1)))) <- (10) [forward demodulation 112089,101]
449922. c3 = i(c3) <- (10) [forward demodulation 157142,101]
450044. c3 = mult(X0,mult(X1,c4)) | c2 = i(mult(X0,X1)) | c3 = i(mult(X0,X1)) | c1 = i(mult(X0,X1)) <- (10) [forward demodulation 458,101]
450196. c3 = X1 | c2 = mult(X0,i(mult(i(X1),X0))) | c1 = mult(X0,i(mult(i(X1),X0))) | c3 = mult(X0,i(mult(i(X1),X0))) <- (10, 46) [forward demodulation 439737,101]
450561. $false <- (39, 40) [forward subsumption resolution 447987,20]
450562. ~39 | ~40 [avatar contradiction clause 450561]
450637. $false <- (~5, 37, 407) [forward subsumption resolution 448150,79]
450638. 5 | ~37 | ~407 [avatar contradiction clause 450637]
450639. $false <- (7, 53, ~408) [forward subsumption resolution 448151,5332]
450640. ~7 | ~53 | 408 [avatar contradiction clause 450639]
450648. mult(c1,c2) != X0 | c3 = X0 | c2 = X0 | c2 = mult(c2,c1) | c1 = X0 <- (1, 7, ~18, ~19) [forward subsumption resolution 448169,420460]
450758. mult(X1,mult(c4,X0)) = X0 | c2 = i(X1) | c3 = i(X1) | c1 = i(X1) <- (10, 77) [forward demodulation 448310,33402]
451074. $false <- (77, 255) [forward subsumption resolution 448805,22]
451075. ~77 | ~255 [avatar contradiction clause 451074]
451167. $false <- (10, 250) [forward subsumption resolution 448916,22]
451168. ~10 | ~250 [avatar contradiction clause 451167]
451201. mult(c3,c4) = X0 | i(X0) = c2 | i(X0) = c3 | i(X0) = c1 <- (10, 77, 181) [forward demodulation 448957,101]
451805. mult(X1,i(X0)) = i(mult(X0,i(X1))) <- (10, 77) [forward demodulation 449641,33402]
452025. c2 = c3 <- (10, 40) [forward demodulation 449922,1799]
452254. c2 = X1 | c3 = X1 | c1 = mult(X0,i(mult(i(X1),X0))) | c3 = mult(X0,i(mult(i(X1),X0))) <- (10, 46) [forward demodulation 450196,7092]
452570. c2 = c4 | mult(c1,c2) != X0 | c3 = X0 | c2 = X0 | c1 = X0 <- (1, 7, 17, ~18, ~19) [forward demodulation 450648,444025]
452918. c4 = X0 | i(X0) = c2 | i(X0) = c3 | i(X0) = c1 <- (10, 77, 181) [forward demodulation 451201,33402]
453463. $false <- (10, 40) [forward subsumption resolution 452025,20]
453464. ~10 | ~40 [avatar contradiction clause 453463]
453638. c1 = X1 | c2 = X1 | c3 = X1 | c3 = mult(X0,i(mult(i(X1),X0))) <- (10, 46) [forward demodulation 452254,7092]
453876. mult(c1,c2) != X0 | c3 = X0 | c2 = X0 | c1 = X0 <- (1, 7, 17, ~18, ~19) [forward subsumption resolution 452570,21]
454700. c3 = X1 | c1 = X1 | c2 = X1 | c3 = X1 <- (10, 46) [forward demodulation 453638,7092]
454701. c3 = X1 | c1 = X1 | c2 = X1 <- (10, 46) [duplicate literal removal 454700]
454851. 435 <=> ! [X0] : (mult(c1,c2) != X0 | c2 = X0 | c1 = X0 | c3 = X0) [avatar definition]
454852. mult(c1,c2) != X0 | c2 = X0 | c1 = X0 | c3 = X0 <- (435) [avatar component clause 454851]
454854. 436 <=> ! [X1] : mult(c2,mult(c1,X1)) = X1 [avatar definition]
454855. mult(c2,mult(c1,X1)) = X1 <- (436) [avatar component clause 454854]
454859. 435 | ~1 | ~7 | ~17 | 18 | 19 [avatar split clause 453876,155,151,127,86,61,454851]
455550. 55 | ~10 | ~46 [avatar split clause 454701,2595,99,5394]
457590. c3 = mult(c4,c1) <- (1, 8, 25) [forward demodulation 182356,63]
457628. mult(c1,mult(c4,X0)) = X0 <- (1, 8, 77, 252) [forward demodulation 93501,33402]
457639. c4 = i(c1) <- (1, 10, 39, 45, 77, 342) [forward demodulation 417012,63]
457642. op_b = mult(c4,c3) <- (77, 181, 342) [forward demodulation 409221,33402]
457647. mult(c4,mult(c2,X1)) = X1 <- (77, 350) [forward demodulation 187394,33402]
457650. c1 = c4 <- (45, 387, 394) [forward demodulation 382737,2591]
457652. c1 != i(c2) <- (7, ~407) [forward demodulation 343354,88]
457790. c3 = X0 | c2 = X0 | c1 = X0 | c3 = X0 <- (77, 290) [forward demodulation 87084,33402]
457791. c3 = X0 | c2 = X0 | c1 = X0 <- (77, 290) [duplicate literal removal 457790]
458034. op_b = c4 <- (45, 77, 181, 342) [forward demodulation 457642,2591]
458038. 349 | ~77 | ~350 [avatar split clause 457647,187393,33401,186472]
458040. $false <- (45, 387, 394) [forward subsumption resolution 457650,19]
458041. ~45 | ~387 | ~394 [avatar contradiction clause 458040]
458141. 55 | ~77 | ~290 [avatar split clause 457791,87083,33401,5394]
458748. mult(c2,c4) != mult(c4,c2) <- (~4, 7) [forward demodulation 75,88]
458750. ~242 | 4 | ~7 | ~50 [avatar split clause 395527,3001,86,73,62595]
458790. c4 = i(c2) <- (349) [forward demodulation 207974,13]
458820. c1 != mult(c2,c4) <- (~4, 7, 34) [forward demodulation 458748,385]
459160. mult(c1,X0) = mult(e,mult(i(mult(c2,i(c2))),X0)) <- (1, 7, 16) [superposition 7269,447957]
459176. mult(c1,X0) = mult(e,mult(mult(c2,i(c2)),X0)) <- (1, 7, 10, 16, 77) [forward demodulation 459160,451805]
459187. mult(c1,X0) = mult(e,mult(c2,mult(i(c2),X0))) <- (1, 7, 10, 16, 77) [forward demodulation 459176,14]
459195. mult(e,mult(e,X0)) = mult(c1,X0) <- (1, 7, 10, 16, 77) [forward demodulation 459187,24]
459203. mult(e,X0) = mult(c1,X0) <- (1, 7, 10, 16, 77) [forward demodulation 459195,23]
459209. mult(c1,X0) = mult(c3,X0) <- (1, 7, 10, 16, 77) [forward demodulation 459203,101]
459211. mult(c1,X0) = X0 <- (1, 7, 10, 16, 77) [forward demodulation 459209,33402]
459212. 385 | ~1 | ~7 | ~10 | ~16 | ~77 [avatar split clause 459211,33401,123,99,86,61,306106]
459308. c1 = mult(e,i(mult(c2,i(c3)))) <- (1, 7, 15) [superposition 7270,443861]
459316. c1 = mult(e,mult(c3,i(c2))) <- (1, 7, 10, 15, 77) [forward demodulation 459308,451805]
459329. c1 = mult(e,i(c2)) <- (1, 7, 10, 15, 77) [forward demodulation 459316,33402]
459336. c1 = mult(c3,i(c2)) <- (1, 7, 10, 15, 77) [forward demodulation 459329,101]
459340. c1 = i(c2) <- (1, 7, 10, 15, 77) [forward demodulation 459336,33402]
459348. ~404 | ~1 | 8 | ~251 [avatar split clause 77612,65981,90,61,334621]
459414. c3 != c3 | c2 = i(c2) | c1 = i(c2) | c2 = c4 <- (~53, 393) [superposition 5331,330488]
459435. c2 = i(c2) | c1 = i(c2) | c2 = c4 <- (~53, 393) [trivial inequality removal 459414]
459437. c1 = i(c2) | c2 = c4 <- (~53, ~54, 393) [forward subsumption resolution 459435,5335]
459438. c2 = c4 <- (~52, ~53, ~54, 393) [forward subsumption resolution 459437,5327]
459439. $false <- (~52, ~53, ~54, 393) [forward subsumption resolution 459438,21]
459440. 52 | 53 | 54 | ~393 [avatar contradiction clause 459439]
459441. 393 | ~10 | ~77 | ~181 [avatar split clause 452918,58596,33401,99,330487]
459444. c2 = i(c1) | c1 = i(c1) | c1 = c4 <- (~36, 393) [trivial inequality removal 446032]
459500. c3 = mult(X0,c1) | c2 = mult(X0,c1) | c3 = mult(X0,c1) | c1 = mult(X0,c1) | c2 = mult(X0,c1) | c4 = mult(c4,c2) | c1 = mult(X0,c1) <- (1, 7, 14) [superposition 1101,347831]
459506. c3 = mult(X0,c1) | c2 = mult(X0,c1) | c1 = mult(X0,c1) | c4 = mult(c4,c2) <- (1, 7, 14) [duplicate literal removal 459500]
459528. c3 = mult(X0,c1) | c2 = mult(X0,c1) | c1 = mult(X0,c1) <- (1, 7, 14, ~32) [forward subsumption resolution 459506,333261]
459546. 268 | ~1 | ~7 | ~14 | 32 [avatar split clause 459528,260,115,86,61,77206]
459782. mult(e,X0) = mult(c4,mult(X1,mult(i(mult(i(c4),X1)),X0))) <- (77, 181) [superposition 7253,239264]
459788. mult(e,X0) = mult(c4,mult(c4,X0)) <- (77, 181) [forward demodulation 459782,91831]
459920. mult(c1,X0) = mult(c4,mult(c2,X0)) <- (34) [superposition 14,385]
459921. e = mult(c4,mult(c2,i(c1))) <- (34) [superposition 29,385]
459934. c4 = mult(e,i(mult(c2,i(c1)))) <- (34) [superposition 7270,385]
459944. c4 = mult(e,mult(c1,i(c2))) <- (10, 34, 77) [forward demodulation 459934,451805]
459950. e = mult(c4,mult(c2,c1)) <- (34, 37) [forward demodulation 459921,565]
459951. c4 = mult(e,mult(c1,c2)) <- (10, 34, 54, 77) [forward demodulation 459944,5336]
459957. e = mult(c1,c1) <- (34, 37) [forward demodulation 459950,459920]
459958. c4 = mult(e,c1) <- (1, 7, 10, 14, 34, 54, 77) [forward demodulation 459951,347831]
459965. c4 = mult(c3,c1) <- (1, 7, 10, 14, 34, 54, 77) [forward demodulation 459958,101]
460011. c4 = mult(c3,mult(c1,c2)) <- (10, 34, 54, 77) [forward demodulation 459951,101]
460020. c4 = mult(c1,c2) <- (10, 34, 54, 77) [forward demodulation 460011,33402]
460081. c1 = mult(e,i(mult(c4,i(c3)))) <- (1, 25) [superposition 7270,3234]
460089. c1 = mult(e,mult(c3,i(c4))) <- (1, 10, 25, 77) [forward demodulation 460081,451805]
460099. c1 = mult(e,i(c4)) <- (1, 10, 25, 77) [forward demodulation 460089,33402]
460108. c1 = mult(e,c4) <- (1, 10, 25, 77, 181) [forward demodulation 460099,239264]
460115. c1 = mult(c3,c4) <- (1, 10, 25, 77, 181) [forward demodulation 460108,101]
460118. c1 = c4 <- (1, 10, 25, 77, 181) [forward demodulation 460115,33402]
460120. $false <- (1, 10, 25, 77, 181) [forward subsumption resolution 460118,19]
460121. ~1 | ~10 | ~25 | ~77 | ~181 [avatar contradiction clause 460120]
460125. ~404 | ~1 | 27 [avatar split clause 1163,225,61,334621]
460489. mult(c4,mult(c4,X0)) = X0 | c3 = X1 | c2 = X1 | c1 = X1 | c2 = i(X1) | c3 = i(X1) | c1 = i(X1) <- (10, 77) [superposition 1830,450758]
461642. c2 = mult(e,i(mult(c4,i(c3)))) <- (50) [superposition 7270,3003]
461649. c2 = mult(e,mult(c3,i(c4))) <- (10, 50, 77) [forward demodulation 461642,451805]
461664. c2 = mult(e,i(c4)) <- (10, 50, 77) [forward demodulation 461649,33402]
461677. c2 = mult(e,c4) <- (10, 50, 77, 181) [forward demodulation 461664,239264]
461683. c2 = mult(c3,c4) <- (10, 50, 77, 181) [forward demodulation 461677,101]
461686. $false <- (10, ~42, 50, 77, 181) [forward subsumption resolution 461683,2302]
461687. ~10 | 42 | ~50 | ~77 | ~181 [avatar contradiction clause 461686]
462542. c3 = mult(c4,c4) | c2 = mult(X0,X1) | c3 = mult(X0,X1) | c1 = mult(X0,X1) | c2 = i(mult(X0,X1)) | c3 = i(mult(X0,X1)) | c1 = i(mult(X0,X1)) <- (10) [superposition 46,450044]
465454. c1 != c1 <- (39, 45, ~287) [superposition 86964,2591]
465461. $false <- (39, 45, ~287) [trivial inequality removal 465454]
465462. ~39 | ~45 | 287 [avatar contradiction clause 465461]
466886. c2 = mult(e,i(mult(c2,i(c3)))) <- (68) [superposition 7270,33109]
466891. c2 = mult(e,mult(c3,i(c2))) <- (10, 68, 77) [forward demodulation 466886,451805]
466905. c2 = mult(e,i(c2)) <- (10, 68, 77) [forward demodulation 466891,33402]
466975. c2 = mult(e,i(mult(c4,i(c1)))) <- (144) [superposition 7270,53614]
466981. c2 = mult(e,mult(c1,i(c4))) <- (10, 77, 144) [forward demodulation 466975,451805]
466993. c2 = mult(e,mult(c1,c4)) <- (10, 77, 144, 181) [forward demodulation 466981,239264]
467003. c2 = mult(c3,mult(c1,c4)) <- (10, 77, 144, 181) [forward demodulation 466993,101]
467011. c2 = mult(c1,c4) <- (10, 77, 144, 181) [forward demodulation 467003,33402]
467127. c1 = mult(e,i(mult(c4,i(c2)))) <- (404) [superposition 7270,334623]
467133. c1 = mult(e,mult(c2,i(c4))) <- (10, 77, 404) [forward demodulation 467127,451805]
467141. c1 = mult(e,mult(c2,c4)) <- (10, 77, 181, 404) [forward demodulation 467133,239264]
467224. mult(c1,X0) = mult(e,mult(i(mult(c4,c2)),X0)) <- (306) [superposition 7269,94068]
467225. c1 = mult(e,i(mult(c4,c2))) <- (306) [superposition 7270,94068]
467276. c1 = mult(e,i(c1)) <- (34, 306) [forward demodulation 467225,385]
467373. c4 = mult(e,i(mult(c1,i(c2)))) <- (251) [superposition 7270,65983]
467379. c4 = mult(e,mult(c2,i(c1))) <- (10, 77, 251) [forward demodulation 467373,451805]
467386. c4 = mult(e,mult(c2,c1)) <- (10, 37, 77, 251) [forward demodulation 467379,565]
467393. c4 = mult(e,c2) <- (10, 37, 77, 251, 322) [forward demodulation 467386,149788]
467400. c4 = mult(c3,c2) <- (10, 37, 77, 251, 322) [forward demodulation 467393,101]
467405. c2 = c4 <- (10, 37, 77, 251, 322) [forward demodulation 467400,33402]
467408. $false <- (10, 37, 77, 251, 322) [forward subsumption resolution 467405,21]
467409. ~10 | ~37 | ~77 | ~251 | ~322 [avatar contradiction clause 467408]
467499. c2 = i(c1) <- (77, 425) [forward demodulation 445491,33402]
467556. $false <- (~35, 77, 425) [forward subsumption resolution 467499,556]
467557. 35 | ~77 | ~425 [avatar contradiction clause 467556]
467625. c1 = c4 <- (1, 7, 10, 14, 34, 54, 77) [forward demodulation 459965,33402]
467661. c1 = i(c1) | c1 = c4 <- (~35, ~36, 393) [forward subsumption resolution 459444,556]
467672. c1 = mult(c3,i(c1)) <- (10, 34, 306) [forward demodulation 467276,101]
467726. $false <- (1, 7, 10, 14, 34, 54, 77) [forward subsumption resolution 467625,19]
467727. ~1 | ~7 | ~10 | ~14 | ~34 | ~54 | ~77 [avatar contradiction clause 467726]
467754. c1 = i(c1) <- (10, 34, 77, 306) [forward demodulation 467672,33402]
467774. $false <- (10, 34, ~37, 77, 306) [forward subsumption resolution 467754,564]
467775. ~10 | ~34 | 37 | ~77 | ~306 [avatar contradiction clause 467774]
467795. $false <- (1, 8, ~251, 404) [forward subsumption resolution 97719,334623]
467796. ~1 | ~8 | 251 | ~404 [avatar contradiction clause 467795]
467811. e = mult(c1,i(c3)) <- (77, 158, 181, 337) [forward demodulation 342482,33402]
467814. c1 = mult(c4,c4) <- (77, 181, 337) [forward demodulation 342297,33402]
467821. mult(c4,c2) = i(c3) <- (10, 349) [forward demodulation 207787,101]
467825. c3 = i(mult(c4,c2)) <- (10, 349) [forward demodulation 207831,101]
467827. c3 = mult(c4,c2) <- (10, 349) [forward demodulation 208045,101]
467831. c4 = i(mult(c3,c2)) <- (10, 349) [forward demodulation 207868,101]
467832. c2 = c4 <- (54, 349) [forward demodulation 458790,5336]
467910. $false <- (7, 52, ~407) [forward subsumption resolution 457652,5328]
467911. ~7 | ~52 | 407 [avatar contradiction clause 467910]
467932. c3 = mult(c4,c2) | c1 = mult(c4,c2) <- (7, ~28, ~32) [forward subsumption resolution 430801,333281]
467952. mult(c1,X0) = mult(c3,mult(i(mult(c4,c2)),X0)) <- (10, 306) [forward demodulation 467224,101]
467986. e = mult(c1,c3) <- (39, 77, 158, 181, 337) [forward demodulation 467811,1795]
467990. $false <- (~56, 77, 181, 337) [forward subsumption resolution 467814,5398]
467991. 56 | ~77 | ~181 | ~337 [avatar contradiction clause 467990]
467997. c3 = mult(c4,c2) <- (10, 39, 349) [forward demodulation 467821,1795]
468001. $false <- (10, ~242, 349) [forward subsumption resolution 467827,62596]
468002. ~10 | 242 | ~349 [avatar contradiction clause 468001]
468005. c4 = i(c2) <- (10, 77, 349) [forward demodulation 467831,33402]
468006. $false <- (54, 349) [forward subsumption resolution 467832,21]
468007. ~54 | ~349 [avatar contradiction clause 468006]
468016. c1 = mult(c4,c2) <- (7, ~28, ~32, ~242) [forward subsumption resolution 467932,62596]
468031. mult(c1,X0) = mult(i(mult(c4,c2)),X0) <- (10, 77, 306) [forward demodulation 467952,33402]
468048. e = c1 <- (39, 45, 77, 158, 181, 337) [forward demodulation 467986,2591]
468054. $false <- (10, 39, ~242, 349) [forward subsumption resolution 467997,62596]
468055. ~10 | ~39 | 242 | ~349 [avatar contradiction clause 468054]
468057. c2 = c4 <- (10, 54, 77, 349) [forward demodulation 468005,5336]
468082. mult(c1,X0) = mult(c3,X0) <- (10, 77, 306, 349) [forward demodulation 468031,467825]
468090. $false <- (~9, 39, 45, 77, 158, 181, 337) [forward subsumption resolution 468048,96]
468091. 9 | ~39 | ~45 | ~77 | ~158 | ~181 | ~337 [avatar contradiction clause 468090]
468098. $false <- (10, 54, 77, 349) [forward subsumption resolution 468057,21]
468099. ~10 | ~54 | ~77 | ~349 [avatar contradiction clause 468098]
468102. mult(c1,X0) = X0 <- (10, 77, 306, 349) [forward demodulation 468082,33402]
468108. 385 | ~10 | ~77 | ~306 | ~349 [avatar split clause 468102,186472,94066,33401,99,306106]
468117. ~144 | 4 | ~7 | ~34 [avatar split clause 458820,383,86,73,53612]
468143. 11 | ~1 | ~20 | ~407 [avatar split clause 357282,343353,159,61,103]
468343. c2 = mult(e,c1) <- (10, 52, 68, 77) [forward demodulation 466905,5328]
468400. c2 = mult(c3,c1) <- (10, 52, 68, 77) [forward demodulation 468343,101]
468421. $false <- (10, 52, 68, 77, ~417) [forward subsumption resolution 468400,364440]
468422. ~10 | ~52 | ~68 | ~77 | 417 [avatar contradiction clause 468421]
468443. 355 | 67 | 68 | ~320 [avatar split clause 447717,148472,33108,33103,195012]
468681. 439 <=> ! [X1] : mult(c1,mult(c2,X1)) = X1 [avatar definition]
468682. mult(c1,mult(c2,X1)) = X1 <- (439) [avatar component clause 468681]
468711. c1 = mult(e,i(mult(e,c2))) <- (35) [superposition 6857,557]
468712. e = mult(c1,mult(X0,mult(i(mult(e,X0)),c2))) <- (35) [superposition 6880,557]
468745. e = mult(c1,c2) <- (35) [forward demodulation 468712,6881]
468746. c1 = mult(c3,i(mult(c3,c2))) <- (10, 35) [forward demodulation 468711,101]
468760. c1 = i(mult(c3,c2)) <- (10, 35, 77) [forward demodulation 468746,33402]
468770. c1 = i(c2) <- (10, 35, 77) [forward demodulation 468760,33402]
468918. c2 = mult(e,i(mult(c1,i(c4)))) <- (1, 7, 17) [superposition 7270,444025]
468919. c2 = mult(e,mult(c4,i(c1))) <- (1, 7, 10, 17, 77) [forward demodulation 468918,451805]
468929. c2 = mult(e,mult(c4,c2)) <- (1, 7, 10, 17, 35, 77) [forward demodulation 468919,557]
468937. c2 = mult(e,c1) <- (1, 7, 10, 17, 34, 35, 77) [forward demodulation 468929,385]
468943. c2 = mult(c3,c1) <- (1, 7, 10, 17, 34, 35, 77) [forward demodulation 468937,101]
468954. c1 = c2 <- (77, 417) [forward demodulation 364441,33402]
468960. c1 = c2 <- (1, 7, 10, 17, 34, 35, 77) [forward demodulation 468943,33402]
468961. $false <- (77, 417) [forward subsumption resolution 468954,17]
468962. ~77 | ~417 [avatar contradiction clause 468961]
468968. $false <- (1, 7, 10, 17, 34, 35, 77) [forward subsumption resolution 468960,17]
468969. ~1 | ~7 | ~10 | ~17 | ~34 | ~35 | ~77 [avatar contradiction clause 468968]
469074. 404 | ~10 | ~77 | ~144 | ~181 [avatar split clause 467011,58596,53612,33401,99,334621]
469183. c3 = mult(c1,c2) <- (10, 35) [forward demodulation 468745,101]
469229. $false <- (1, 7, 10, ~15, 35) [forward subsumption resolution 469183,420458]
469230. ~1 | ~7 | ~10 | 15 | ~35 [avatar contradiction clause 469229]
469403. mult(c4,mult(c4,X0)) = X0 | c3 = X1 | c2 = X1 | c1 = X1 | c3 = i(X1) | c1 = i(X1) <- (10, ~49, 77) [forward subsumption resolution 460489,281605]
469575. $false <- (~199, 434) [forward subsumption resolution 58927,448186]
469576. 199 | ~434 [avatar contradiction clause 469575]
469577. $false <- (58, ~293, 414) [forward subsumption resolution 377039,5740]
469578. ~58 | 293 | ~414 [avatar contradiction clause 469577]
469590. e = c2 | c3 = X0 | c2 = X0 | c1 = X0 <- (~48, ~49, 58, 419) [forward demodulation 448227,5740]
469594. c3 = mult(c4,c4) | c2 = mult(X0,X1) | c3 = mult(X0,X1) | c1 = mult(X0,X1) | c3 = i(mult(X0,X1)) | c1 = i(mult(X0,X1)) <- (10, ~49) [forward subsumption resolution 462542,281605]
469725. mult(c4,mult(c4,X0)) = X0 | c3 = X1 | c2 = X1 | c1 = X1 | c1 = i(X1) <- (10, ~48, ~49, 77) [forward subsumption resolution 469403,429944]
469869. c2 = c3 | c3 = X0 | c2 = X0 | c1 = X0 <- (10, ~48, ~49, 58, 419) [forward demodulation 469590,101]
469872. c3 = mult(c4,c4) | c2 = mult(X0,X1) | c3 = mult(X0,X1) | c1 = mult(X0,X1) | c1 = i(mult(X0,X1)) <- (10, ~48, ~49) [forward subsumption resolution 469594,429944]
470028. c3 = X0 | c2 = X0 | c1 = X0 <- (10, ~48, ~49, 58, 419) [forward subsumption resolution 469869,20]
470029. c3 = mult(c4,c4) | c2 = mult(X0,X1) | c3 = mult(X0,X1) | c1 = mult(X0,X1) <- (10, ~48, ~49, 419) [forward subsumption resolution 469872,377869]
470160. 55 | ~10 | 48 | 49 | ~58 | ~419 [avatar split clause 470028,377868,5738,2997,2993,99,5394]
470161. c2 = c3 | c2 = mult(X0,X1) | c3 = mult(X0,X1) | c1 = mult(X0,X1) <- (10, ~48, ~49, 58, 419) [forward demodulation 470029,5740]
470270. c2 = mult(X0,X1) | c3 = mult(X0,X1) | c1 = mult(X0,X1) <- (10, ~48, ~49, 58, 419) [forward subsumption resolution 470161,20]
470360. 128 | ~10 | 48 | 49 | ~58 | ~419 [avatar split clause 470270,377868,5738,2997,2993,99,47771]
470538. c3 = c4 <- (1, 10, 22, 47) [forward demodulation 77581,101]
470555. c2 = c4 <- (35, 47) [forward demodulation 385935,557]
470627. e = mult(c4,c4) | c3 = X0 | c2 = X0 | c1 = X0 | i(X0) = c1 <- (~48, ~49) [forward subsumption resolution 292335,429944]
470630. 391 | 394 | ~10 | 48 | 49 | ~77 [avatar split clause 469725,33401,2997,2993,99,330854,328084]
470668. $false <- (1, 10, 22, 47) [forward subsumption resolution 470538,22]
470669. ~1 | ~10 | ~22 | ~47 [avatar contradiction clause 470668]
470681. $false <- (35, 47) [forward subsumption resolution 470555,21]
470682. ~35 | ~47 [avatar contradiction clause 470681]
470741. e = c2 | c3 = X0 | c2 = X0 | c1 = X0 | i(X0) = c1 <- (~48, ~49, 58) [forward demodulation 470627,5740]
470793. c2 = c3 | c3 = X0 | c2 = X0 | c1 = X0 | i(X0) = c1 <- (10, ~48, ~49, 58) [forward demodulation 470741,101]
470826. c3 = X0 | c2 = X0 | c1 = X0 | i(X0) = c1 <- (10, ~48, ~49, 58) [forward subsumption resolution 470793,20]
470849. 391 | ~10 | 48 | 49 | ~58 [avatar split clause 470826,5738,2997,2993,99,328084]
470915. 387 | ~1 | ~8 | ~25 [avatar split clause 457590,202,90,61,310762]
471368. c2 = mult(e,i(mult(c1,i(c4)))) <- (1, 7, 17) [superposition 7270,444025]
471369. c2 = mult(e,mult(c4,i(c1))) <- (1, 7, 10, 17, 77) [forward demodulation 471368,451805]
471482. c1 = mult(e,i(mult(c4,i(c3)))) <- (1, 25) [superposition 7270,3234]
471491. c1 = mult(e,mult(c3,i(c4))) <- (1, 10, 25, 77) [forward demodulation 471482,451805]
471506. c1 = mult(e,i(c4)) <- (1, 10, 25, 77) [forward demodulation 471491,33402]
471689. c1 = mult(e,i(mult(e,c4))) <- (1, 10, 39, 45, 77, 342) [superposition 6857,457639]
471690. e = mult(c1,mult(X0,mult(i(mult(e,X0)),c4))) <- (1, 10, 39, 45, 77, 342) [superposition 6880,457639]
471715. e = mult(c1,c4) <- (1, 10, 39, 45, 77, 342) [forward demodulation 471690,6881]
471716. c1 = mult(c3,i(mult(c3,c4))) <- (1, 10, 39, 45, 77, 342) [forward demodulation 471689,101]
471731. c1 = i(mult(c3,c4)) <- (1, 10, 39, 45, 77, 342) [forward demodulation 471716,33402]
471741. c1 = i(c4) <- (1, 10, 39, 45, 77, 342) [forward demodulation 471731,33402]
471814. c2 = mult(e,i(mult(c4,i(c3)))) <- (50) [superposition 7270,3003]
471820. c2 = mult(e,mult(c3,i(c4))) <- (10, 50, 77) [forward demodulation 471814,451805]
471834. c2 = mult(e,i(c4)) <- (10, 50, 77) [forward demodulation 471820,33402]
471845. c2 = mult(e,c1) <- (10, 47, 50, 77) [forward demodulation 471834,2991]
471850. c2 = mult(c3,c1) <- (10, 47, 50, 77) [forward demodulation 471845,101]
471854. c1 = c2 <- (10, 47, 50, 77) [forward demodulation 471850,33402]
471857. $false <- (10, 47, 50, 77) [forward subsumption resolution 471854,17]
471858. ~10 | ~47 | ~50 | ~77 [avatar contradiction clause 471857]
471880. 52 | ~1 | ~7 | ~10 | ~15 | ~77 [avatar split clause 459340,33401,119,99,86,61,5326]
471894. 52 | ~10 | ~35 | ~77 [avatar split clause 468770,33401,555,99,5326]
471937. c1 = mult(e,c2) <- (1, 10, 25, 49, 77) [forward demodulation 471506,2999]
471956. $false <- (1, 10, 39, 45, ~47, 77, 342) [forward subsumption resolution 471741,2990]
471957. ~1 | ~10 | ~39 | ~45 | 47 | ~77 | ~342 [avatar contradiction clause 471956]
471991. c1 = mult(c3,c2) <- (1, 10, 25, 49, 77) [forward demodulation 471937,101]
472019. c1 = c2 <- (1, 10, 25, 49, 77) [forward demodulation 471991,33402]
472034. $false <- (1, 10, 25, 49, 77) [forward subsumption resolution 472019,17]
472035. ~1 | ~10 | ~25 | ~49 | ~77 [avatar contradiction clause 472034]
472083. c2 = mult(e,mult(c4,c2)) <- (1, 7, 10, 17, 35, 77) [forward demodulation 471369,557]
472102. c2 = mult(e,c4) <- (1, 7, 10, 17, 32, 35, 77) [forward demodulation 472083,342684]
472112. c2 = mult(c3,c4) <- (1, 7, 10, 17, 32, 35, 77) [forward demodulation 472102,101]
472118. $false <- (1, 7, 10, 17, 32, 35, ~42, 77) [forward subsumption resolution 472112,2302]
472119. ~1 | ~7 | ~10 | ~17 | ~32 | ~35 | 42 | ~77 [avatar contradiction clause 472118]
472202. c2 = mult(e,c3) <- (1, 7, 10, 17, 35, 77, 242) [forward demodulation 472083,62597]
472215. e = c2 <- (1, 7, 10, 17, 35, 45, 77, 242) [forward demodulation 472202,2591]
472217. 11 | ~1 | ~7 | ~10 | ~17 | ~35 | ~45 | ~77 | ~242 [avatar split clause 472215,62595,33401,2590,555,127,99,86,61,103]
472399. c3 = mult(c1,c4) <- (1, 10, 39, 45, 77, 342) [forward demodulation 471715,101]
472453. $false <- (1, 10, ~25, 39, 45, 77, 342) [forward subsumption resolution 472399,1144]
472454. ~1 | ~10 | 25 | ~39 | ~45 | ~77 | ~342 [avatar contradiction clause 472453]
472954. e = mult(c4,mult(c2,i(c2))) <- (7, 28) [superposition 29,409678]
472967. mult(X0,mult(c4,mult(c2,i(mult(e,c2))))) = X0 <- (7, 28) [superposition 6835,409678]
472992. mult(X0,c4) = X0 <- (7, 28) [forward demodulation 472967,6463]
472997. e = mult(c4,e) <- (7, 28) [forward demodulation 472954,12]
473001. 12 | ~7 | ~28 [avatar split clause 472992,230,86,107]
473005. e = c4 <- (7, 28) [forward demodulation 472997,13]
473010. c3 = c4 <- (7, 10, 28) [forward demodulation 473005,101]
473015. $false <- (7, 10, 28) [forward subsumption resolution 473010,22]
473016. ~7 | ~10 | ~28 [avatar contradiction clause 473015]
473443. c2 = mult(c1,c4) <- (1, 7, 8, 32, 77, 252) [superposition 457628,342684]
473703. $false <- (1, 7, 8, 32, 77, 252, ~404) [forward subsumption resolution 473443,334622]
473704. ~1 | ~7 | ~8 | ~32 | ~77 | ~252 | 404 [avatar contradiction clause 473703]
473868. 34 | ~7 | 28 | 32 | 242 [avatar split clause 468016,62595,260,230,86,383]
474754. c4 = mult(e,i(mult(c4,i(c2)))) <- (58) [superposition 7270,5740]
474762. c4 = mult(e,mult(c2,i(c4))) <- (10, 58, 77) [forward demodulation 474754,451805]
474775. c4 = mult(e,mult(c2,c1)) <- (10, 47, 58, 77) [forward demodulation 474762,2991]
474783. c4 = mult(e,c2) <- (10, 47, 58, 77, 322) [forward demodulation 474775,149788]
474791. c4 = mult(c3,c2) <- (10, 47, 58, 77, 322) [forward demodulation 474783,101]
474796. c2 = c4 <- (10, 47, 58, 77, 322) [forward demodulation 474791,33402]
474799. $false <- (10, 47, 58, 77, 322) [forward subsumption resolution 474796,21]
474800. ~10 | ~47 | ~58 | ~77 | ~322 [avatar contradiction clause 474799]
474952. c4 = mult(e,i(mult(c4,i(c1)))) <- (56) [superposition 7270,5399]
474961. c4 = mult(e,mult(c1,i(c4))) <- (10, 56, 77) [forward demodulation 474952,451805]
474974. c4 = mult(e,mult(c1,c1)) <- (10, 47, 56, 77) [forward demodulation 474961,2991]
474984. c4 = mult(e,c2) <- (10, 47, 56, 77, 277) [forward demodulation 474974,88684]
474992. c4 = mult(c3,c2) <- (10, 47, 56, 77, 277) [forward demodulation 474984,101]
474997. c2 = c4 <- (10, 47, 56, 77, 277) [forward demodulation 474992,33402]
475000. $false <- (10, 47, 56, 77, 277) [forward subsumption resolution 474997,21]
475001. ~10 | ~47 | ~56 | ~77 | ~277 [avatar contradiction clause 475000]
475144. c4 = mult(e,mult(c1,c2)) <- (10, 49, 56, 77) [forward demodulation 474961,2999]
475225. c4 = mult(c3,mult(c1,c2)) <- (10, 49, 56, 77) [forward demodulation 475144,101]
475285. c4 = mult(c1,c2) <- (10, 49, 56, 77) [forward demodulation 475225,33402]
475533. mult(c1,X0) = mult(e,mult(i(mult(c4,i(c4))),X0)) <- (1, 8, 22) [superposition 7269,5578]
475540. mult(c1,X0) = mult(e,mult(mult(c4,i(c4)),X0)) <- (1, 8, 10, 22, 77) [forward demodulation 475533,451805]
475552. mult(c1,X0) = mult(e,mult(c4,mult(i(c4),X0))) <- (1, 8, 10, 22, 77) [forward demodulation 475540,14]
475562. mult(e,mult(e,X0)) = mult(c1,X0) <- (1, 8, 10, 22, 77) [forward demodulation 475552,24]
475571. mult(e,X0) = mult(c1,X0) <- (1, 8, 10, 22, 77) [forward demodulation 475562,23]
475575. mult(c1,X0) = mult(c3,X0) <- (1, 8, 10, 22, 77) [forward demodulation 475571,101]
475579. mult(c1,X0) = X0 <- (1, 8, 10, 22, 77) [forward demodulation 475575,33402]
475580. 385 | ~1 | ~8 | ~10 | ~22 | ~77 [avatar split clause 475579,33401,169,99,90,61,306106]
475615. mult(c1,X0) != X0 | c2 = X0 | c3 = X0 | c1 = X0 <- (1, ~8, 22) [superposition 5945,16]
475640. c4 != X0 | c3 = mult(c1,c4) | c3 = X0 | c1 = mult(c1,c4) | c2 = X0 | c2 = mult(c1,c4) | c1 = X0 <- (1, ~8, 22) [superposition 5945,41]
475656. c3 = mult(c1,c4) | c3 = X0 | c1 = mult(c1,c4) | c2 = X0 | c2 = mult(c1,c4) | c1 = X0 <- (1, ~8, 22) [forward subsumption resolution 475640,16]
475662. c3 = X0 | c1 = mult(c1,c4) | c2 = X0 | c2 = mult(c1,c4) | c1 = X0 <- (1, ~8, 22, ~25) [forward subsumption resolution 475656,1144]
475666. c3 = X0 | c2 = X0 | c2 = mult(c1,c4) | c1 = X0 <- (1, ~8, 22, ~23, ~25) [forward subsumption resolution 475662,389]
475671. c3 = X0 | c2 = X0 | c1 = X0 <- (1, ~8, 22, ~23, ~25, ~404) [forward subsumption resolution 475666,334622]
475674. 55 | ~1 | 8 | ~22 | 23 | 25 | 404 [avatar split clause 475671,334621,202,180,169,90,61,5394]
475709. mult(e,X0) = mult(c4,mult(c2,X0)) <- (49) [superposition 24,2999]
475757. mult(c3,X0) = mult(c4,mult(c2,X0)) <- (10, 49) [forward demodulation 475709,101]
475770. mult(c4,mult(c2,X0)) = X0 <- (10, 49, 77) [forward demodulation 475757,33402]
475781. 349 | ~10 | ~49 | ~77 [avatar split clause 475770,33401,2997,99,186472]
476104. c3 = mult(c1,c2) <- (1, 10, 14, 20, 37) [forward demodulation 6466,101]
476133. $false <- (1, 7, 10, 14, ~15, 20, 37) [forward subsumption resolution 476104,420458]
476134. ~1 | ~7 | ~10 | ~14 | 15 | ~20 | ~37 [avatar contradiction clause 476133]
476264. c1 != mult(c1,X0) | c2 = X0 | c1 = X0 | c3 = X0 <- (1, ~23) [superposition 389,8657]
476353. c3 != mult(c1,X0) | c2 = X0 | c1 = X0 | c3 = X0 <- (1, ~25) [superposition 1144,8657]
476409. c4 != X0 | c2 = X0 | c3 = X0 | c1 = X0 | c2 = mult(c1,X0) | c3 = mult(c1,X0) | c1 = mult(c1,X0) <- (1, ~8, 22) [superposition 475615,16]
476435. c2 = X0 | c3 = X0 | c1 = X0 | c2 = mult(c1,X0) | c3 = mult(c1,X0) | c1 = mult(c1,X0) <- (1, ~8, 22) [forward subsumption resolution 476409,16]
476448. c2 = X0 | c3 = X0 | c1 = X0 | c2 = mult(c1,X0) | c1 = mult(c1,X0) <- (1, ~8, 22, ~25) [forward subsumption resolution 476435,476353]
476460. c2 = X0 | c3 = X0 | c1 = X0 | c2 = mult(c1,X0) <- (1, ~8, 22, ~23, ~25) [forward subsumption resolution 476448,476264]
476470. 440 <=> ! [X1] : (c2 = X1 | c2 = mult(c1,X1) | c1 = X1 | c3 = X1) [avatar definition]
476471. c2 = mult(c1,X1) | c2 = X1 | c1 = X1 | c3 = X1 <- (440) [avatar component clause 476470]
476474. 440 | ~1 | 8 | ~22 | 23 | 25 [avatar split clause 476460,202,180,169,90,61,476470]
476674. mult(c2,X0) = mult(c4,mult(c4,X0)) <- (58) [superposition 14,5740]
476675. e = mult(c4,mult(c4,i(c2))) <- (58) [superposition 29,5740]
476688. c4 = mult(e,i(mult(c4,i(c2)))) <- (58) [superposition 7270,5740]
476696. c4 = mult(e,mult(c2,i(c4))) <- (10, 58, 77) [forward demodulation 476688,451805]
476704. e = mult(c4,mult(c4,c4)) <- (49, 58) [forward demodulation 476675,183472]
476707. c4 = mult(e,mult(c2,c2)) <- (10, 49, 58, 77) [forward demodulation 476696,2999]
476714. e = mult(c2,c4) <- (49, 58) [forward demodulation 476704,476674]
476733. c4 = mult(c3,mult(c2,c2)) <- (10, 49, 58, 77) [forward demodulation 476707,101]
476734. c4 = mult(c2,c2) <- (10, 49, 58, 77) [forward demodulation 476733,33402]
476782. c1 = mult(e,i(mult(c4,i(c2)))) <- (404) [superposition 7270,334623]
476788. c1 = mult(e,mult(c2,i(c4))) <- (10, 77, 404) [forward demodulation 476782,451805]
476796. c1 = mult(e,mult(c2,c2)) <- (10, 49, 77, 404) [forward demodulation 476788,2999]
476803. c1 = mult(e,c4) <- (10, 49, 58, 77, 404) [forward demodulation 476796,476734]
476810. c1 = mult(c3,c4) <- (10, 49, 58, 77, 404) [forward demodulation 476803,101]
476815. c1 = c4 <- (10, 49, 58, 77, 404) [forward demodulation 476810,33402]
476818. $false <- (10, 49, 58, 77, 404) [forward subsumption resolution 476815,19]
476819. ~10 | ~49 | ~58 | ~77 | ~404 [avatar contradiction clause 476818]
476825. mult(X0,c4) = mult(X0,c1) <- (1, 8, 13, 22) [forward demodulation 12495,5578]
476843. 37 | 36 | ~1 | ~8 | 9 | ~13 | 35 | ~46 [avatar split clause 147792,2595,555,111,95,90,61,559,563]
476855. 250 | ~1 | ~8 | ~12 [avatar split clause 420747,107,90,61,65977]
476916. 36 | 9 | 10 | 11 | ~13 | ~38 [avatar split clause 50238,1789,111,103,99,95,559]
476987. c2 = i(c2) <- (7, ~9, ~10, ~11, 13, ~32, ~52, ~53) [forward subsumption resolution 444218,5327]
477139. 434 | ~13 [avatar split clause 7657,111,448185]
477730. e = mult(X0,i(c3)) | mult(X1,X0) = mult(X1,c4) | c2 = mult(e,X0) | c1 = mult(e,X0) <- (1, 8, ~9, ~10, ~11, 13) [forward demodulation 8082,130516]
478117. e = X0 | c2 = mult(X1,i(mult(X0,X1))) | c3 = mult(X1,i(mult(X0,X1))) | c1 = mult(X1,i(mult(X0,X1))) <- (12) [forward demodulation 460,108]
479203. i(c4) = X0 | c2 = mult(e,i(X0)) | c3 = mult(e,i(X0)) | c1 = mult(e,i(X0)) <- (1, 8, ~9, ~10, ~11, 13) [forward demodulation 91227,130516]
479235. mult(X0,c1) = X0 <- (1, 8, 12, 13, 22) [forward demodulation 476825,108]
479598. e = mult(X0,c1) | mult(X1,X0) = mult(X1,c4) | c2 = mult(e,X0) | c1 = mult(e,X0) <- (1, 8, ~9, ~10, ~11, 13, 36) [forward demodulation 477730,147326]
479976. c4 = X0 | c2 = mult(X1,i(mult(X0,X1))) | c3 = mult(X1,i(mult(X0,X1))) | c1 = mult(X1,i(mult(X0,X1))) <- (~9, ~10, ~11, 12, 13) [forward demodulation 478117,98928]
480872. c4 = X0 | c2 = mult(e,i(X0)) | c3 = mult(e,i(X0)) | c1 = mult(e,i(X0)) <- (1, 8, ~9, ~10, ~11, 13) [forward demodulation 479203,8347]
481115. e = X0 | mult(X1,X0) = mult(X1,c4) | c2 = mult(e,X0) | c1 = mult(e,X0) <- (1, 8, ~9, ~10, ~11, 12, 13, 22, 36) [forward demodulation 479598,479235]
481392. i(X0) = c2 | c4 = X0 | c3 = mult(X1,i(mult(X0,X1))) | c1 = mult(X1,i(mult(X0,X1))) <- (~9, ~10, ~11, 12, 13) [forward demodulation 479976,103337]
482138. i(X0) = c2 | c4 = X0 | c3 = mult(e,i(X0)) | c1 = mult(e,i(X0)) <- (1, 8, ~9, ~10, ~11, 13) [forward demodulation 480872,130516]
482328. c4 = X0 | mult(X1,X0) = mult(X1,c4) | c2 = mult(e,X0) | c1 = mult(e,X0) <- (1, 8, ~9, ~10, ~11, 12, 13, 22, 36) [forward demodulation 481115,98928]
482522. i(X0) = c3 | i(X0) = c2 | c4 = X0 | c1 = mult(X1,i(mult(X0,X1))) <- (~9, ~10, ~11, 12, 13) [forward demodulation 481392,103337]
483073. i(X0) = c3 | i(X0) = c2 | c4 = X0 | c1 = mult(e,i(X0)) <- (1, 8, ~9, ~10, ~11, 13) [forward demodulation 482138,130516]
483224. mult(X1,X0) = X1 | c4 = X0 | c2 = mult(e,X0) | c1 = mult(e,X0) <- (1, 8, ~9, ~10, ~11, 12, 13, 22, 36) [forward demodulation 482328,108]
483353. i(X0) = c1 | i(X0) = c3 | i(X0) = c2 | c4 = X0 <- (~9, ~10, ~11, 12, 13) [forward demodulation 482522,103337]
483732. i(X0) = c1 | i(X0) = c3 | i(X0) = c2 | c4 = X0 <- (1, 8, ~9, ~10, ~11, 13) [forward demodulation 483073,130516]
483842. c2 = X0 | mult(X1,X0) = X1 | c4 = X0 | c1 = mult(e,X0) <- (1, 8, ~9, ~10, ~11, 12, 13, 22, 36) [forward demodulation 483224,130516]
484224. c1 = X0 | c2 = X0 | mult(X1,X0) = X1 | c4 = X0 <- (1, 8, ~9, ~10, ~11, 12, 13, 22, 36) [forward demodulation 483842,130516]
484476. 382 | ~1 | ~8 | 9 | 10 | 11 | ~12 | ~13 | ~22 | ~36 [avatar split clause 484224,559,169,111,107,103,99,95,90,61,260887]
491418. c2 = mult(c3,i(mult(e,c1))) <- (425) [superposition 430839,6463]
491476. c2 = mult(e,i(mult(mult(c1,X0),i(mult(c3,X0))))) <- (425) [superposition 7270,430839]
492724. 393 | 9 | 10 | 11 | ~12 | ~13 [avatar split clause 483353,111,107,103,99,95,330487]
492726. 393 | ~1 | ~8 | 9 | 10 | 11 | ~13 [avatar split clause 483732,111,103,99,95,90,61,330487]
495711. mult(c2,c4) = mult(c3,c3) <- (~9, ~10, ~11, 13, 36, 425) [superposition 430839,147296]
495742. c2 = mult(c3,c3) <- (~9, ~10, ~11, 12, 13, 36, 425) [forward demodulation 495711,108]
495767. c4 != X0 | c2 = X0 | c1 = X0 | c3 = X0 | c2 = mult(c1,c2) | c3 = mult(c1,c2) | c1 = mult(c1,c2) <- (435) [superposition 454852,16]
495776. c2 = X0 | c1 = X0 | c3 = X0 | c2 = mult(c1,c2) | c3 = mult(c1,c2) | c1 = mult(c1,c2) <- (435) [forward subsumption resolution 495767,16]
495780. c2 = X0 | c1 = X0 | c3 = X0 | c3 = mult(c1,c2) | c1 = mult(c1,c2) <- (1, 7, ~16, 435) [forward subsumption resolution 495776,420457]
495785. c2 = X0 | c1 = X0 | c3 = X0 | c1 = mult(c1,c2) <- (1, 7, ~15, ~16, 435) [forward subsumption resolution 495780,420458]
495788. c2 = X0 | c1 = X0 | c3 = X0 <- (1, 7, ~14, ~15, ~16, 435) [forward subsumption resolution 495785,420459]
495791. 55 | ~1 | ~7 | 14 | 15 | 16 | ~435 [avatar split clause 495788,454851,123,119,115,86,61,5394]
495802. c3 = mult(c1,c2) <- (~9, ~10, ~11, 12, 13, 36, 246) [superposition 147794,63188]
495832. $false <- (1, 7, ~9, ~10, ~11, 12, 13, ~15, 36, 246) [forward subsumption resolution 495802,420458]
495833. ~1 | ~7 | 9 | 10 | 11 | ~12 | ~13 | 15 | ~36 | ~246 [avatar contradiction clause 495832]
495861. $false <- (1, 7, ~9, ~10, ~11, 13, ~17, 35) [forward subsumption resolution 13549,420456]
495862. ~1 | ~7 | 9 | 10 | 11 | ~13 | 17 | ~35 [avatar contradiction clause 495861]
495863. 436 | 9 | 10 | 11 | ~13 | ~35 [avatar split clause 14066,555,111,103,99,95,454854]
495896. mult(c3,mult(c3,X0)) = X0 <- (~9, ~10, ~11, 13, 39, 434) [forward demodulation 288311,448186]
495906. $false <- (1, 7, ~9, ~10, ~11, 13, ~17, 52) [forward subsumption resolution 290473,420456]
495907. ~1 | ~7 | 9 | 10 | 11 | ~13 | 17 | ~52 [avatar contradiction clause 495906]
496236. $false <- (1, 23, 35, ~306) [forward subsumption resolution 437736,557]
496237. ~1 | ~23 | ~35 | 306 [avatar contradiction clause 496236]
496684. mult(c2,c2) != mult(c2,c2) <- (3, 7) [forward demodulation 429339,71]
496685. $false <- (3, 7) [trivial inequality removal 496684]
496686. ~3 | ~7 [avatar contradiction clause 496685]
496723. i(X0) = i(mult(c4,X0)) <- (~9, ~10, ~11, 13) [forward demodulation 103338,98928]
496844. mult(X0,c4) = mult(c4,X0) <- (~9, ~10, ~11, 13) [forward demodulation 104661,98928]
497480. i(X0) = mult(c4,i(X0)) <- (~9, ~10, ~11, 13) [forward demodulation 91207,98928]
497532. mult(X1,i(X0)) = mult(c4,i(mult(X0,i(X1)))) <- (~9, ~10, ~11, 13) [forward demodulation 112089,98928]
498505. c2 = mult(e,i(mult(c1,mult(X0,i(mult(c3,X0)))))) <- (425) [forward demodulation 491476,14]
498530. c2 = mult(c3,i(mult(c4,c1))) <- (~9, ~10, ~11, 13, 425) [forward demodulation 491418,98928]
499544. mult(X1,i(X0)) = i(mult(X0,i(X1))) <- (~9, ~10, ~11, 13, 434) [forward demodulation 497532,448186]
500376. c2 = mult(e,i(mult(c1,i(c3)))) <- (425) [forward demodulation 498505,103337]
505853. c2 = mult(c3,c2) <- (2, 7, 16) [forward demodulation 387734,88]
505897. mult(c3,c2) != mult(c2,c3) <- (2, 7) [forward demodulation 429339,67]
506077. e = mult(c3,mult(c2,i(c2))) <- (2, 7, 16) [superposition 29,505853]
506120. e = mult(c3,e) <- (2, 7, 16) [forward demodulation 506077,12]
506129. e = c3 <- (2, 7, 16) [forward demodulation 506120,13]
506135. $false <- (2, 7, ~10, 16) [forward subsumption resolution 506129,100]
506136. ~2 | ~7 | 10 | ~16 [avatar contradiction clause 506135]
506147. c1 = mult(c3,c2) <- (2, 7, 14) [forward demodulation 347829,67]
506544. c3 = X0 | mult(c3,X1) = mult(c2,mult(c3,X1)) | c3 = X0 | c1 = X0 | c2 = mult(c2,c3) | c2 = X0 | c1 = mult(c2,c3) <- (2, 7, 19) [superposition 378854,630]
506578. mult(e,mult(c2,mult(c3,i(mult(i(X0),c3))))) = X0 <- (2, 7, 19) [superposition 7057,378854]
506587. c3 = X0 | mult(c3,X1) = mult(c2,mult(c3,X1)) | c1 = X0 | c2 = mult(c2,c3) | c2 = X0 | c1 = mult(c2,c3) <- (2, 7, 19) [duplicate literal removal 506544]
506593. mult(e,mult(c2,X0)) = X0 <- (2, 7, 19) [forward demodulation 506578,7077]
506604. c2 = c3 | c3 = X0 | mult(c3,X1) = mult(c2,mult(c3,X1)) | c1 = X0 | c2 = X0 | c1 = mult(c2,c3) <- (2, 7, 19) [forward demodulation 506587,378854]
506607. mult(c4,mult(c2,X0)) = X0 <- (2, 7, ~9, ~10, ~11, 13, 19) [forward demodulation 506593,98928]
506614. c3 = X0 | mult(c3,X1) = mult(c2,mult(c3,X1)) | c1 = X0 | c2 = X0 | c1 = mult(c2,c3) <- (2, 7, 19) [forward subsumption resolution 506604,20]
506617. mult(c2,X0) = X0 <- (2, 7, ~9, ~10, ~11, 13, 19, 434) [forward demodulation 506607,448186]
506621. c1 = c3 | c3 = X0 | mult(c3,X1) = mult(c2,mult(c3,X1)) | c1 = X0 | c2 = X0 <- (2, 7, 19) [forward demodulation 506614,378854]
506624. 66 | ~2 | ~7 | 9 | 10 | 11 | ~13 | ~19 | ~434 [avatar split clause 506617,448185,155,111,103,99,95,86,65,33099]
506626. c3 = X0 | mult(c3,X1) = mult(c2,mult(c3,X1)) | c1 = X0 | c2 = X0 <- (2, 7, 19) [forward subsumption resolution 506621,18]
506628. 369 | 55 | ~2 | ~7 | ~19 [avatar split clause 506626,155,86,65,5394,213010]
506631. c4 = mult(c2,c3) <- (2, 7, 17) [forward demodulation 148016,88]
506843. c2 = mult(e,i(mult(c3,i(c4)))) <- (2, 7, 17) [superposition 7270,506631]
506847. c2 = mult(e,mult(c4,i(c3))) <- (2, 7, ~9, ~10, ~11, 13, 17, 434) [forward demodulation 506843,499544]
506860. c2 = mult(e,i(c3)) <- (2, 7, ~9, ~10, ~11, 13, 17, 434) [forward demodulation 506847,112]
506871. c2 = mult(e,c3) <- (2, 7, ~9, ~10, ~11, 13, 17, 39, 434) [forward demodulation 506860,1795]
506879. c2 = mult(c4,c3) <- (2, 7, ~9, ~10, ~11, 13, 17, 39, 434) [forward demodulation 506871,98928]
506883. c2 = c3 <- (2, 7, ~9, ~10, ~11, 13, 17, 39, 434) [forward demodulation 506879,448186]
506886. $false <- (2, 7, ~9, ~10, ~11, 13, 17, 39, 434) [forward subsumption resolution 506883,20]
506887. ~2 | ~7 | 9 | 10 | 11 | ~13 | ~17 | ~39 | ~434 [avatar contradiction clause 506886]
506894. c2 = mult(c2,c3) <- (2, 7, 20) [forward demodulation 333260,67]
507109. mult(c4,c3) = mult(X0,c2) | c2 = mult(X0,c2) | c3 = mult(X0,c2) | c1 = mult(X0,c2) <- (2, 7, 20) [superposition 46,506894]
507158. c3 = mult(X0,c2) | c2 = mult(X0,c2) | c3 = mult(X0,c2) | c1 = mult(X0,c2) <- (2, 7, 20, 434) [forward demodulation 507109,448186]
507159. c3 = mult(X0,c2) | c2 = mult(X0,c2) | c1 = mult(X0,c2) <- (2, 7, 20, 434) [duplicate literal removal 507158]
507171. 320 | ~2 | ~7 | ~20 | ~434 [avatar split clause 507159,448185,159,86,65,148472]
507198. c1 = mult(c2,c3) <- (2, 7, 18) [forward demodulation 347,88]
507326. mult(c2,c3) != X0 | mult(c3,X1) = mult(c3,mult(c2,X1)) | c3 = X0 | c1 = X0 | c2 = mult(c3,c2) | c2 = X0 | c1 = mult(c3,c2) <- (2, 7) [superposition 505897,630]
507331. mult(c2,c3) != X0 | c3 = mult(c3,c2) | c3 = X0 | c1 = mult(c3,c2) | c2 = X0 | c2 = mult(c3,c2) | c1 = X0 <- (2, 7) [superposition 505897,41]
507354. mult(c2,c3) != X0 | mult(c3,X1) = mult(c3,mult(c2,X1)) | c3 = X0 | c1 = X0 | c2 = X0 | c1 = mult(c3,c2) <- (2, 7, ~16) [forward subsumption resolution 507326,378849]
508106. c2 = mult(e,i(mult(c3,i(c1)))) <- (2, 7, 18) [superposition 7270,507198]
508114. c2 = mult(e,mult(c1,i(c3))) <- (2, 7, ~9, ~10, ~11, 13, 18, 434) [forward demodulation 508106,499544]
508126. c2 = mult(e,mult(c1,c3)) <- (2, 7, ~9, ~10, ~11, 13, 18, 39, 434) [forward demodulation 508114,1795]
508136. c2 = mult(c4,mult(c1,c3)) <- (2, 7, ~9, ~10, ~11, 13, 18, 39, 434) [forward demodulation 508126,98928]
508143. c2 = mult(c1,c3) <- (2, 7, ~9, ~10, ~11, 13, 18, 39, 434) [forward demodulation 508136,448186]
508148. $false <- (2, 7, ~9, ~10, ~11, 13, 18, 39, ~286, 434) [forward subsumption resolution 508143,97727]
508149. ~2 | ~7 | 9 | 10 | 11 | ~13 | ~18 | ~39 | 286 | ~434 [avatar contradiction clause 508148]
508229. c3 = mult(c2,c2) <- (39, 286, 436) [superposition 454855,147579]
508253. mult(X0,i(mult(c1,X0))) = mult(c2,e) <- (436) [superposition 454855,29]
508412. c2 = mult(X0,i(mult(c1,X0))) <- (436) [forward demodulation 508253,13]
508431. $false <- (39, ~68, 286, 436) [forward subsumption resolution 508229,33110]
508432. ~39 | 68 | ~286 | ~436 [avatar contradiction clause 508431]
508483. c2 = i(c1) <- (436) [forward demodulation 508412,103337]
508556. 417 | 9 | 10 | 11 | ~13 | ~35 | ~68 [avatar split clause 121102,33108,555,111,103,99,95,364439]
508585. $false <- (2, 7, ~14, 300, 417) [forward subsumption resolution 443228,378879]
508586. ~2 | ~7 | 14 | ~300 | ~417 [avatar contradiction clause 508585]
508588. c2 = i(op_b) | c1 = i(op_b) | op_b = c4 <- (393, ~397) [trivial inequality removal 446030]
508664. 54 | ~7 | 9 | 10 | 11 | ~13 | 32 | 52 | 53 [avatar split clause 476987,5330,5326,260,111,103,99,95,86,5334]
508900. $false <- (~35, 436) [forward subsumption resolution 508483,556]
508901. 35 | ~436 [avatar contradiction clause 508900]
510234. mult(c1,c2) = mult(X0,mult(i(mult(i(X1),X0)),i(X1))) <- (439) [superposition 468682,7091]
510285. c1 = i(mult(e,c2)) <- (439) [superposition 6463,468682]
510377. mult(c1,c2) = mult(X1,i(X1)) <- (439) [forward demodulation 510234,91831]
510449. e = mult(c1,c2) <- (439) [forward demodulation 510377,12]
511276. c2 = mult(c1,c4) | c2 = X0 | c1 = X0 | c3 = X0 | c2 = X0 | c1 = X0 | c3 = X0 <- (440) [superposition 8657,476471]
511333. c2 = mult(c1,c4) | c2 = X0 | c1 = X0 | c3 = X0 <- (440) [duplicate literal removal 511276]
511848. c4 = mult(c1,c3) <- (~9, ~10, ~11, 13, 38) [superposition 7893,1791]
512521. mult(e,i(mult(i(X0),i(c4)))) = X0 <- (~9, ~10, ~11, 13) [superposition 7270,10166]
512595. mult(c4,X0) = X0 <- (~9, ~10, ~11, 13) [forward demodulation 512521,7268]
513477. mult(c4,mult(c4,X0)) = X0 | c1 = X1 | c2 = X1 | c3 = X1 | c3 = X1 | c2 = X1 | c1 = X1 <- (390) [superposition 325688,1830]
513625. mult(c4,mult(c4,X0)) = X0 | c1 = X1 | c2 = X1 | c3 = X1 <- (390) [duplicate literal removal 513477]
513996. 448 <=> c4 = mult(c2,c1) [avatar definition]
513997. c4 != mult(c2,c1) <- (~448) [avatar component clause 513996]
513998. c4 = mult(c2,c1) <- (448) [avatar component clause 513996]
514991. mult(e,X0) = mult(c2,mult(c1,mult(i(c4),X0))) <- (448) [superposition 320,513998]
515001. c2 = mult(e,i(mult(c1,i(c4)))) <- (448) [superposition 7270,513998]
515004. c2 = mult(e,mult(c4,i(c1))) <- (~9, ~10, ~11, 13, 434, 448) [forward demodulation 515001,499544]
515012. mult(e,X0) = mult(c2,mult(c1,mult(c4,X0))) <- (13, 448) [forward demodulation 514991,8347]
515016. c2 = mult(e,i(c1)) <- (~9, ~10, ~11, 13, 434, 448) [forward demodulation 515004,112]
515023. mult(e,X0) = mult(c2,mult(c1,X0)) <- (13, 448) [forward demodulation 515012,112]
515027. c2 = mult(e,c3) <- (~9, ~10, ~11, 13, 36, 434, 448) [forward demodulation 515016,561]
515032. mult(c4,X0) = mult(c2,mult(c1,X0)) <- (~9, ~10, ~11, 13, 448) [forward demodulation 515023,98928]
515034. c2 = mult(c4,c3) <- (~9, ~10, ~11, 13, 36, 434, 448) [forward demodulation 515027,98928]
515037. mult(c2,mult(c1,X0)) = X0 <- (~9, ~10, ~11, 13, 434, 448) [forward demodulation 515032,448186]
515038. c2 = c3 <- (~9, ~10, ~11, 13, 36, 434, 448) [forward demodulation 515034,448186]
515041. 436 | 9 | 10 | 11 | ~13 | ~434 | ~448 [avatar split clause 515037,513996,448185,111,103,99,95,454854]
515042. $false <- (~9, ~10, ~11, 13, 36, 434, 448) [forward subsumption resolution 515038,20]
515043. 9 | 10 | 11 | ~13 | ~36 | ~434 | ~448 [avatar contradiction clause 515042]
515744. c4 != X0 | mult(c3,X1) = mult(c2,mult(c1,X1)) | c3 = X0 | c1 = X0 | c2 = mult(c2,c1) | c2 = X0 | c1 = mult(c2,c1) <- (~448) [superposition 513997,630]
515745. c4 != c4 | c2 = mult(c2,c1) | c3 = mult(c2,c1) | c1 = mult(c2,c1) <- (~448) [superposition 513997,16]
515747. c4 != X0 | c3 = X0 | c3 = mult(c2,c1) | c1 = X0 | c2 = mult(c2,c1) | c2 = X0 | c1 = mult(c2,c1) <- (~448) [superposition 513997,41]
515750. c2 = mult(c2,c1) | c3 = mult(c2,c1) | c1 = mult(c2,c1) <- (~448) [trivial inequality removal 515745]
515752. c3 = X0 | c3 = mult(c2,c1) | c1 = X0 | c2 = mult(c2,c1) | c2 = X0 | c1 = mult(c2,c1) <- (~448) [forward subsumption resolution 515747,16]
515753. c3 = mult(c2,c1) | c1 = mult(c2,c1) <- (~322, ~448) [forward subsumption resolution 515750,149787]
515754. mult(c3,X1) = mult(c2,mult(c1,X1)) | c3 = X0 | c1 = X0 | c2 = mult(c2,c1) | c2 = X0 | c1 = mult(c2,c1) <- (~448) [forward subsumption resolution 515744,16]
515756. c3 = X0 | c3 = mult(c2,c1) | c1 = X0 | c2 = X0 | c1 = mult(c2,c1) <- (~322, ~448) [forward subsumption resolution 515752,149787]
515758. 449 <=> c1 = mult(c2,c1) [avatar definition]
515759. c1 != mult(c2,c1) <- (~449) [avatar component clause 515758]
515760. c1 = mult(c2,c1) <- (449) [avatar component clause 515758]
515762. 450 <=> c3 = mult(c2,c1) [avatar definition]
515764. c3 = mult(c2,c1) <- (450) [avatar component clause 515762]
515765. 449 | 450 | 322 | 448 [avatar split clause 515753,513996,149786,515762,515758]
515766. mult(c3,X1) = mult(c2,mult(c1,X1)) | c3 = X0 | c1 = X0 | c2 = X0 | c1 = mult(c2,c1) <- (~322, ~448) [forward subsumption resolution 515754,149787]
515768. 449 | 450 | 55 | 322 | 448 [avatar split clause 515756,513996,149786,5394,515762,515758]
515769. 449 | 55 | 425 | 322 | 448 [avatar split clause 515766,513996,149786,430838,5394,515758]
516247. e = mult(c2,mult(c1,i(c1))) <- (449) [superposition 29,515760]
516273. e = mult(c2,e) <- (449) [forward demodulation 516247,12]
516284. e = c2 <- (449) [forward demodulation 516273,13]
516290. 11 | ~449 [avatar split clause 516284,515758,103]
518337. mult(c3,c2) = mult(c2,c3) <- (~9, ~10, ~11, 12, 13, 36, 246, 425) [superposition 430839,495802]
518370. $false <- (2, 7, ~9, ~10, ~11, 12, 13, 36, 246, 425) [forward subsumption resolution 518337,505897]
518371. ~2 | ~7 | 9 | 10 | 11 | ~12 | ~13 | ~36 | ~246 | ~425 [avatar contradiction clause 518370]
519897. mult(c2,X0) = mult(c2,mult(c1,X0)) <- (322) [superposition 14,149788]
519898. e = mult(c2,mult(c1,i(c2))) <- (322) [superposition 29,149788]
519899. mult(c4,c1) = mult(X0,c2) | c2 = mult(X0,c2) | c3 = mult(X0,c2) | c1 = mult(X0,c2) <- (322) [superposition 46,149788]
519922. c1 = mult(X0,c2) | c2 = mult(X0,c2) | c3 = mult(X0,c2) | c1 = mult(X0,c2) <- (322, 434) [forward demodulation 519899,448186]
519923. c1 = mult(X0,c2) | c2 = mult(X0,c2) | c3 = mult(X0,c2) <- (322, 434) [duplicate literal removal 519922]
519924. e = mult(c2,mult(c1,c2)) <- (54, 322) [forward demodulation 519898,5336]
519933. 320 | ~322 | ~434 [avatar split clause 519923,448185,149786,148472]
519934. e = mult(c2,c2) <- (54, 322) [forward demodulation 519924,519897]
519956. c1 = i(c1) <- (~35, ~36, 393) [forward subsumption resolution 467661,19]
519990. $false <- (2, 7, ~9, ~10, ~11, 13, ~17, 40) [forward subsumption resolution 110135,378850]
519991. ~2 | ~7 | 9 | 10 | 11 | ~13 | 17 | ~40 [avatar contradiction clause 519990]
520725. c4 != mult(c3,c2) <- (2, 7, 17) [forward demodulation 384452,88]
520751. $false <- (2, 7, ~9, ~10, ~11, 12, 13, 17, 40) [forward subsumption resolution 520725,117210]
520752. ~2 | ~7 | 9 | 10 | 11 | ~12 | ~13 | ~17 | ~40 [avatar contradiction clause 520751]
520772. c3 = i(c4) <- (2, 9, 23) [forward demodulation 182629,67]
520781. e = mult(c4,c3) <- (2, 9, 23) [forward demodulation 182735,67]
520804. $false <- (2, 7, 9, ~20, 48, 145) [forward subsumption resolution 409634,378887]
520805. ~2 | ~7 | ~9 | 20 | ~48 | ~145 [avatar contradiction clause 520804]
520841. 254 | ~2 | ~8 | ~33 [avatar split clause 369506,355,90,65,66804]
522693. mult(X1,i(X0)) = mult(c1,i(mult(X0,i(X1)))) <- (9) [forward demodulation 112089,97]
522982. mult(c1,X1) = mult(X2,mult(X0,X1)) | c3 = i(X2) | c3 = X0 | c1 = i(X2) | c2 = X0 | c2 = i(X2) | c1 = X0 <- (9) [forward demodulation 712,97]
523258. c2 = mult(e,i(i(c3))) <- (385, 425) [forward demodulation 500376,306107]
524635. mult(X1,i(X0)) = i(mult(X0,i(X1))) <- (9, 385) [forward demodulation 522693,306107]
524899. mult(X2,mult(X0,X1)) = X1 | c3 = i(X2) | c3 = X0 | c1 = i(X2) | c2 = X0 | c2 = i(X2) | c1 = X0 <- (9, 385) [forward demodulation 522982,306107]
525128. c2 = c3 <- (385, 425) [forward demodulation 523258,6461]
526382. $false <- (385, 425) [forward subsumption resolution 525128,20]
526383. ~385 | ~425 [avatar contradiction clause 526382]
529832. c2 = c4 <- (385, 448) [forward demodulation 513998,355395]
529837. $false <- (385, 448) [forward subsumption resolution 529832,21]
529838. ~385 | ~448 [avatar contradiction clause 529837]
530149. c3 = mult(e,i(mult(c2,i(c1)))) <- (2, 7, 14) [superposition 7270,506147]
530166. c3 = mult(e,mult(c1,i(c2))) <- (2, 7, 9, 14, 385) [forward demodulation 530149,524635]
530180. c3 = mult(e,i(c2)) <- (2, 7, 9, 14, 385) [forward demodulation 530166,306107]
530192. c3 = mult(e,c2) <- (2, 7, 9, 14, 54, 385) [forward demodulation 530180,5336]
530201. c3 = mult(c1,c2) <- (2, 7, 9, 14, 54, 385) [forward demodulation 530192,97]
530206. c2 = c3 <- (2, 7, 9, 14, 54, 67, 385) [forward demodulation 530201,409204]
530209. $false <- (2, 7, 9, 14, 54, 67, 385) [forward subsumption resolution 530206,20]
530210. ~2 | ~7 | ~9 | ~14 | ~54 | ~67 | ~385 [avatar contradiction clause 530209]
530229. c3 = mult(c3,c2) <- (2, 7, 15) [forward demodulation 378800,67]
530240. mult(c2,c3) != X0 | c3 = mult(c3,c2) | c3 = X0 | c2 = X0 | c2 = mult(c3,c2) | c1 = X0 <- (2, 7, ~14) [forward subsumption resolution 507331,378879]
530243. mult(c2,c3) != X0 | mult(c3,X1) = mult(c3,mult(c2,X1)) | c3 = X0 | c1 = X0 | c2 = X0 <- (2, 7, ~14, ~16) [forward subsumption resolution 507354,378879]
530277. mult(c2,c3) != X0 | c3 = X0 | c2 = X0 | c2 = mult(c3,c2) | c1 = X0 <- (2, 7, ~14, ~51, 58) [forward subsumption resolution 530240,198052]
530279. c4 != X0 | mult(c3,X1) = mult(c3,mult(c2,X1)) | c3 = X0 | c1 = X0 | c2 = X0 <- (2, 7, ~14, ~16, 17) [forward demodulation 530243,506631]
530282. 455 <=> ! [X1] : mult(c3,X1) = mult(c3,mult(c2,X1)) [avatar definition]
530283. mult(c3,X1) = mult(c3,mult(c2,X1)) <- (455) [avatar component clause 530282]
530289. mult(c2,c3) != X0 | c3 = X0 | c2 = X0 | c1 = X0 <- (2, 7, ~14, ~16, ~51, 58) [forward subsumption resolution 530277,378849]
530291. mult(c3,X1) = mult(c3,mult(c2,X1)) | c3 = X0 | c1 = X0 | c2 = X0 <- (2, 7, ~14, ~16, 17) [forward subsumption resolution 530279,16]
530295. c4 != X0 | c3 = X0 | c2 = X0 | c1 = X0 <- (2, 7, ~14, ~16, 17, ~51, 58) [forward demodulation 530289,506631]
530297. 55 | 455 | ~2 | ~7 | 14 | 16 | ~17 [avatar split clause 530291,127,123,115,86,65,530282,5394]
530302. c3 = X0 | c2 = X0 | c1 = X0 <- (2, 7, ~14, ~16, 17, ~51, 58) [forward subsumption resolution 530295,16]
530306. 55 | ~2 | ~7 | 14 | 16 | ~17 | 51 | ~58 [avatar split clause 530302,5738,3308,127,123,115,86,65,5394]
530356. 56 | ~51 | ~247 | ~300 [avatar split clause 180199,90357,63190,3308,5397]
530369. $false <- (56, ~291, 385) [forward subsumption resolution 388014,306107]
530370. ~56 | 291 | ~385 [avatar contradiction clause 530369]
530602. mult(e,c4) = X0 | i(X0) = c2 | i(X0) = c3 | i(X0) = c1 <- (9, 56) [forward demodulation 6685,189963]
530721. e = c4 <- (2, 9, 23, 414) [forward demodulation 520781,353319]
530981. mult(c1,c4) = X0 | i(X0) = c2 | i(X0) = c3 | i(X0) = c1 <- (9, 56) [forward demodulation 530602,97]
531063. c1 = c4 <- (2, 9, 23, 414) [forward demodulation 530721,97]
531224. c4 = X0 | i(X0) = c2 | i(X0) = c3 | i(X0) = c1 <- (9, 56, 385) [forward demodulation 530981,306107]
531304. $false <- (2, 9, 23, 414) [forward subsumption resolution 531063,19]
531305. ~2 | ~9 | ~23 | ~414 [avatar contradiction clause 531304]
531413. 393 | ~9 | ~56 | ~385 [avatar split clause 531224,306106,5397,95,330487]
531875. ~254 | ~2 | 23 [avatar split clause 373754,180,65,66804]
531968. mult(c4,X0) = mult(c2,mult(c3,X0)) <- (2, 7, 17) [superposition 14,506631]
531971. mult(e,X0) = mult(c2,mult(c3,mult(i(c4),X0))) <- (2, 7, 17) [superposition 320,506631]
532001. mult(e,X0) = mult(c2,mult(c3,mult(c4,X0))) <- (2, 7, 9, 17, 56) [forward demodulation 531971,189963]
532012. mult(e,X0) = mult(c4,mult(c4,X0)) <- (2, 7, 9, 17, 56) [forward demodulation 532001,531968]
532021. mult(c1,X0) = mult(c4,mult(c4,X0)) <- (2, 7, 9, 17, 56) [forward demodulation 532012,97]
532028. mult(c4,mult(c4,X0)) = X0 <- (2, 7, 9, 17, 56, 385) [forward demodulation 532021,306107]
532032. 394 | ~2 | ~7 | ~9 | ~17 | ~56 | ~385 [avatar split clause 532028,306106,5397,127,95,86,65,330854]
532268. i(X0) != c3 | c2 = X0 | c3 = X0 | c1 = X0 <- (~48) [superposition 2994,16]
532732. c2 = c4 <- (2, 7, 17, 20) [superposition 506894,506631]
532810. $false <- (2, 7, 17, 20) [forward subsumption resolution 532732,21]
532811. ~2 | ~7 | ~17 | ~20 [avatar contradiction clause 532810]
533024. mult(c4,c2) = mult(c2,c3) <- (2, 7, 15, 17) [superposition 531968,530229]
533269. c4 = mult(c4,c2) <- (2, 7, 15, 17) [forward demodulation 533024,506631]
536391. mult(c4,c4) = mult(X0,c2) | c2 = mult(X0,c2) | c3 = mult(X0,c2) | c1 = mult(X0,c2) <- (145) [superposition 46,53618]
536990. mult(c3,X0) = mult(c4,mult(c2,X0)) <- (242) [superposition 14,62597]
537005. mult(c4,X0) = mult(e,mult(i(mult(c2,i(c3))),X0)) <- (242) [superposition 7269,62597]
537012. mult(c4,X0) = mult(e,mult(mult(c3,i(c2)),X0)) <- (9, 242, 385) [forward demodulation 537005,524635]
537021. 350 | ~242 [avatar split clause 536990,62595,187393]
537028. mult(c4,X0) = mult(e,mult(c3,mult(i(c2),X0))) <- (9, 242, 385) [forward demodulation 537012,14]
537038. mult(c4,X0) = mult(e,mult(c3,mult(c2,X0))) <- (9, 54, 242, 385) [forward demodulation 537028,5336]
537047. mult(c4,X0) = mult(e,mult(c3,X0)) <- (9, 54, 242, 385, 455) [forward demodulation 537038,530283]
537054. mult(c4,X0) = mult(c1,mult(c3,X0)) <- (9, 54, 242, 385, 455) [forward demodulation 537047,97]
537063. mult(c3,X0) = mult(c4,X0) <- (9, 54, 242, 385, 455) [forward demodulation 537054,306107]
537067. 351 | ~9 | ~54 | ~242 | ~385 | ~455 [avatar split clause 537063,530282,306106,62595,5334,95,189456]
539188. mult(c4,mult(X0,X1)) = X1 | c3 = i(X2) | c3 = X0 | c1 = i(X2) | c2 = X0 | c2 = i(X2) | c1 = X0 | c3 = X2 | c2 = X2 | c1 = X2 <- (9, 385) [superposition 524899,1830]
539406. mult(c4,mult(X0,X1)) = X1 | c3 = X0 | c1 = i(X2) | c2 = X0 | c2 = i(X2) | c1 = X0 | c3 = X2 | c2 = X2 | c1 = X2 <- (9, ~48, 385) [forward subsumption resolution 539188,532268]
539498. mult(c4,mult(X0,X1)) = X1 | c3 = X0 | c2 = X0 | c2 = i(X2) | c1 = X0 | c3 = X2 | c2 = X2 | c1 = X2 <- (9, ~48, 385, 419) [forward subsumption resolution 539406,377869]
539567. 332 | 390 | ~9 | 48 | ~385 | ~419 [avatar split clause 539498,377868,306106,2993,95,325687,167693]
540535. c3 = mult(c4,c4) | c2 = mult(c3,c4) | c3 = mult(c3,c4) | c1 = mult(c3,c4) <- (51) [superposition 3310,46]
540595. c3 = mult(c4,c4) | c3 = mult(c3,c4) | c1 = mult(c3,c4) <- (~42, 51) [forward subsumption resolution 540535,2302]
540613. c3 = mult(c4,c4) | c1 = mult(c3,c4) <- (~42, 51, ~255) [forward subsumption resolution 540595,66809]
540618. c3 = mult(c4,c4) <- (~42, 51, ~254, ~255) [forward subsumption resolution 540613,66805]
540622. c1 = c3 <- (~42, 51, 56, ~254, ~255) [forward demodulation 540618,5399]
540627. $false <- (~42, 51, 56, ~254, ~255) [forward subsumption resolution 540622,18]
540628. 42 | ~51 | ~56 | 254 | 255 [avatar contradiction clause 540627]
540711. c2 = mult(c4,c3) <- (242, 394) [superposition 330855,62597]
541080. mult(c4,X0) = mult(c4,mult(c1,X0)) <- (337) [superposition 14,172653]
541081. e = mult(c4,mult(c1,i(c4))) <- (337) [superposition 29,172653]
541123. mult(c4,c2) = mult(c3,c3) <- (2, 7, 20, 350) [superposition 187394,506894]
541124. mult(c3,c4) = mult(c4,c2) <- (145, 350) [superposition 187394,53618]
541317. c3 = mult(c3,c4) <- (145, 242, 350) [forward demodulation 541124,62597]
541318. c1 = mult(c4,c2) <- (2, 7, 20, 247, 350) [forward demodulation 541123,63192]
541370. 34 | ~2 | ~7 | ~20 | ~247 | ~350 [avatar split clause 541318,187393,63190,159,86,65,383]
541460. c2 = i(c3) | c3 = c4 <- (~38, ~39, 393) [forward subsumption resolution 446041,1790]
541519. c2 = i(c3) | c1 = i(op_b) | op_b = c4 <- (2, 393, ~397) [forward demodulation 508588,67]
541766. c2 = mult(X0,c2) | c2 = mult(X0,c2) | c3 = mult(X0,c2) | c1 = mult(X0,c2) <- (58, 145) [forward demodulation 536391,5740]
541767. c2 = mult(X0,c2) | c3 = mult(X0,c2) | c1 = mult(X0,c2) <- (58, 145) [duplicate literal removal 541766]
541880. c2 = i(c3) <- (~38, ~39, 393) [forward subsumption resolution 541460,22]
541894. c2 = c4 | c1 = i(op_b) | op_b = c4 <- (2, 9, 33, 393, ~397) [forward demodulation 541519,210451]
542066. 320 | ~58 | ~145 [avatar split clause 541767,53616,5738,148472]
542143. 40 | 38 | 39 | ~393 [avatar split clause 541880,330487,1793,1789,1797]
542148. c1 = i(op_b) | op_b = c4 <- (2, 9, 33, 393, ~397) [forward subsumption resolution 541894,21]
542350. c1 = i(c3) | op_b = c4 <- (2, 9, 33, 393, ~397) [forward demodulation 542148,67]
542463. op_b = c4 <- (2, 9, 33, ~38, 393, ~397) [forward subsumption resolution 542350,1790]
542565. c3 = c4 <- (2, 9, 33, ~38, 393, ~397) [forward demodulation 542463,67]
542654. $false <- (2, 9, 33, ~38, 393, ~397) [forward subsumption resolution 542565,22]
542655. ~2 | ~9 | ~33 | 38 | ~393 | 397 [avatar contradiction clause 542654]
542829. c3 = mult(c3,c3) <- (2, 7, 20, 242, 350) [forward demodulation 541123,62597]
542872. $false <- (2, 7, 20, ~198, 242, 350) [forward subsumption resolution 542829,58863]
542873. ~2 | ~7 | ~20 | 198 | ~242 | ~350 [avatar contradiction clause 542872]
543208. e = mult(c3,mult(X0,mult(i(mult(e,X0)),c4))) <- (9, 33) [superposition 6880,210451]
543216. c3 = mult(X0,i(mult(c4,X0))) <- (9, 33) [superposition 7092,210451]
543227. c3 = i(c4) <- (9, 33) [forward demodulation 543216,103337]
543232. e = mult(c3,c4) <- (9, 33) [forward demodulation 543208,6881]
544003. c4 = mult(e,i(mult(c4,i(c2)))) <- (58) [superposition 7270,5740]
544011. c4 = mult(e,mult(c2,i(c4))) <- (9, 58, 385) [forward demodulation 544003,524635]
544023. c4 = mult(e,mult(c2,c3)) <- (9, 48, 58, 385) [forward demodulation 544011,2995]
544032. c4 = mult(e,c1) <- (2, 7, 9, 18, 48, 58, 385) [forward demodulation 544023,507198]
544041. e = c4 <- (2, 7, 9, 18, 48, 58, 385) [forward demodulation 544032,355395]
544047. c1 = c4 <- (2, 7, 9, 18, 48, 58, 385) [forward demodulation 544041,97]
544051. $false <- (2, 7, 9, 18, 48, 58, 385) [forward subsumption resolution 544047,19]
544052. ~2 | ~7 | ~9 | ~18 | ~48 | ~58 | ~385 [avatar contradiction clause 544051]
544058. ~254 | ~2 | ~8 | 23 [avatar split clause 372372,180,90,65,66804]
544070. ~254 | ~2 | ~8 | 33 [avatar split clause 372437,355,90,65,66804]
544106. 412 | ~2 | ~8 | ~42 [avatar split clause 365889,2301,90,65,350581]
544356. 412 | ~242 | ~394 [avatar split clause 540711,330854,62595,350581]
545981. c2 = mult(e,i(mult(c3,i(c1)))) <- (2, 7, 18) [superposition 7270,507198]
545985. c2 = mult(e,mult(c1,i(c3))) <- (2, 7, 9, 18, 385) [forward demodulation 545981,524635]
545995. c2 = mult(e,i(c3)) <- (2, 7, 9, 18, 385) [forward demodulation 545985,306107]
546004. c2 = mult(e,c3) <- (2, 7, 9, 18, 39, 385) [forward demodulation 545995,1795]
546012. c2 = mult(c1,c3) <- (2, 7, 9, 18, 39, 385) [forward demodulation 546004,97]
546017. c2 = c3 <- (2, 7, 9, 18, 39, 385) [forward demodulation 546012,306107]
546020. $false <- (2, 7, 9, 18, 39, 385) [forward subsumption resolution 546017,20]
546021. ~2 | ~7 | ~9 | ~18 | ~39 | ~385 [avatar contradiction clause 546020]
546043. $false <- (2, 7, 15, 17, ~32) [forward subsumption resolution 533269,333261]
546044. ~2 | ~7 | ~15 | ~17 | 32 [avatar contradiction clause 546043]
546999. c2 = mult(e,i(mult(c3,i(c4)))) <- (2, 7, 17) [superposition 7270,506631]
547003. c2 = mult(e,mult(c4,i(c3))) <- (2, 7, 9, 17, 385) [forward demodulation 546999,524635]
547012. c2 = mult(e,mult(c4,c2)) <- (2, 7, 9, 17, 40, 385) [forward demodulation 547003,1799]
547020. c2 = mult(e,c3) <- (2, 7, 9, 17, 40, 242, 385) [forward demodulation 547012,62597]
547028. c2 = mult(c1,c3) <- (2, 7, 9, 17, 40, 242, 385) [forward demodulation 547020,97]
547034. c2 = c3 <- (2, 7, 9, 17, 40, 242, 385) [forward demodulation 547028,306107]
547038. $false <- (2, 7, 9, 17, 40, 242, 385) [forward subsumption resolution 547034,20]
547039. ~2 | ~7 | ~9 | ~17 | ~40 | ~242 | ~385 [avatar contradiction clause 547038]
547092. c1 = mult(c3,c2) <- (9, 40, 50) [forward demodulation 4826,97]
547102. $false <- (2, 7, 9, ~14, 40, 50) [forward subsumption resolution 547092,378879]
547103. ~2 | ~7 | ~9 | 14 | ~40 | ~50 [avatar contradiction clause 547102]
547114. c2 != mult(c3,c4) <- (2, ~8, 412) [forward demodulation 295,350583]
547123. ~42 | ~2 | 27 [avatar split clause 373759,225,65,2301]
548339. mult(c3,c2) = mult(c2,c3) <- (4, 7, 158, 181) [forward demodulation 346227,88]
548470. $false <- (2, 4, 7, 158, 181) [forward subsumption resolution 548339,505897]
548471. ~2 | ~4 | ~7 | ~158 | ~181 [avatar contradiction clause 548470]
548888. c3 = mult(e,i(mult(c2,i(c1)))) <- (2, 7, 14) [superposition 7270,506147]
548905. c3 = mult(e,mult(c1,i(c2))) <- (2, 7, 9, 14, 385) [forward demodulation 548888,524635]
548919. c3 = mult(e,i(c2)) <- (2, 7, 9, 14, 385) [forward demodulation 548905,306107]
548931. c3 = mult(e,c4) <- (2, 7, 9, 14, 49, 385) [forward demodulation 548919,183472]
548940. c3 = mult(c1,c4) <- (2, 7, 9, 14, 49, 385) [forward demodulation 548931,97]
548945. c3 = c4 <- (2, 7, 9, 14, 49, 385) [forward demodulation 548940,306107]
548948. $false <- (2, 7, 9, 14, 49, 385) [forward subsumption resolution 548945,22]
548949. ~2 | ~7 | ~9 | ~14 | ~49 | ~385 [avatar contradiction clause 548948]
548984. c1 = mult(c3,c4) <- (9, 33) [forward demodulation 543232,97]
548990. 48 | ~9 | ~33 [avatar split clause 543227,355,95,2993]
549032. c1 = mult(c2,c2) <- (9, 54, 322) [forward demodulation 519934,97]
550279. e = mult(op_b,mult(c4,i(c2))) <- (27) [superposition 29,227]
550294. mult(X0,mult(op_b,mult(c4,i(mult(e,c2))))) = X0 <- (27) [superposition 6835,227]
550321. mult(X0,mult(op_b,mult(c4,i(mult(c1,c2))))) = X0 <- (9, 27) [forward demodulation 550294,97]
550330. e = mult(op_b,mult(c4,c2)) <- (27, 54) [forward demodulation 550279,5336]
550353. mult(X0,mult(op_b,mult(c4,i(c2)))) = X0 <- (9, 27, 385) [forward demodulation 550321,306107]
550362. e = mult(op_b,c4) <- (7, 27, 32, 54) [forward demodulation 550330,342684]
550381. mult(X0,mult(op_b,mult(c4,c2))) = X0 <- (9, 27, 54, 385) [forward demodulation 550353,5336]
550390. e = c2 <- (7, 27, 32, 54) [forward demodulation 550362,227]
550407. mult(X0,mult(op_b,c4)) = X0 <- (7, 9, 27, 32, 54, 385) [forward demodulation 550381,342684]
550428. mult(X0,c2) = X0 <- (7, 9, 27, 32, 54, 385) [forward demodulation 550407,227]
550444. 75 | ~7 | ~9 | ~27 | ~32 | ~54 | ~385 [avatar split clause 550428,306106,5334,260,225,95,86,33150]
550466. c3 != mult(c2,op_b) <- (7, 15) [forward demodulation 198,88]
550663. 255 | ~145 | ~242 | ~350 [avatar split clause 541317,187393,62595,53616,66808]
552049. mult(X0,c3) = mult(e,i(mult(c3,i(X0)))) <- (39) [superposition 7268,1795]
552164. mult(c1,X0) = mult(op_b,mult(c4,X0)) <- (23) [superposition 14,182]
552165. e = mult(op_b,mult(c4,i(c1))) <- (23) [superposition 29,182]
552215. e = mult(op_b,mult(c4,c1)) <- (23, 37) [forward demodulation 552165,565]
552242. e = mult(op_b,c4) <- (23, 37, 337) [forward demodulation 552215,172653]
552266. e = c1 <- (23, 37, 337) [forward demodulation 552242,182]
552771. mult(c1,X0) = mult(c4,mult(c4,X0)) <- (56) [superposition 14,5399]
553012. mult(e,mult(c3,mult(mult(c4,c4),i(mult(i(X0),c3))))) = X0 <- (51) [superposition 7057,3310]
553026. mult(e,mult(c3,mult(c4,mult(c4,i(mult(i(X0),c3)))))) = X0 <- (51) [forward demodulation 553012,14]
554526. c2 = mult(c4,c3) | c1 = X0 | c2 = X0 | c3 = X0 | c3 = X0 | c2 = X0 | c1 = X0 <- (270) [superposition 77424,1830]
554577. c2 = mult(c4,c3) | c1 = X0 | c2 = X0 | c3 = X0 <- (270) [duplicate literal removal 554526]
555058. e != c1 | c2 = i(c3) | c3 = i(c3) | c1 = i(c3) <- (~254) [superposition 66805,45]
555211. c4 = mult(e,i(mult(c3,i(c2)))) <- (412) [superposition 7270,350583]
555217. c4 = mult(e,mult(c2,i(c3))) <- (9, 385, 412) [forward demodulation 555211,524635]
555226. c4 = mult(e,mult(c2,c3)) <- (9, 39, 385, 412) [forward demodulation 555217,1795]
555229. c4 = mult(c1,mult(c2,c3)) <- (9, 39, 385, 412) [forward demodulation 555226,97]
555232. c4 = mult(c2,c3) <- (9, 39, 385, 412) [forward demodulation 555229,306107]
555956. c3 = c4 | c2 = c4 | c1 = c4 <- (9, 39, 84, 385, 412) [superposition 34592,555232]
556049. c2 = c4 | c1 = c4 <- (9, 39, 84, 385, 412) [forward subsumption resolution 555956,22]
556080. c1 = c4 <- (9, 39, 84, 385, 412) [forward subsumption resolution 556049,21]
556100. $false <- (9, 39, 84, 385, 412) [forward subsumption resolution 556080,19]
556101. ~9 | ~39 | ~84 | ~385 | ~412 [avatar contradiction clause 556100]
556158. 144 | ~42 | ~297 [avatar split clause 211042,88025,2301,53612]
556217. op_b = c4 <- (47, 396) [forward demodulation 334110,332626]
556243. e = mult(c4,mult(c1,c1)) <- (47, 337) [forward demodulation 541081,2991]
556346. mult(e,mult(c4,mult(c4,i(mult(i(X0),c3))))) = X0 <- (51, 77) [forward demodulation 553026,33402]
556704. mult(X2,mult(c4,X0)) = mult(c3,mult(X1,X0)) | c2 = mult(i(X2),X1) | c3 = mult(i(X2),X1) | c1 = mult(i(X2),X1) <- (10) [forward demodulation 1107,101]
556949. mult(c3,X0) = mult(X1,c4) | c2 = mult(i(X1),X0) | c3 = mult(i(X1),X0) | c1 = mult(i(X1),X0) <- (10) [forward demodulation 316,101]
557033. mult(X0,X1) = mult(c3,c4) | c3 = mult(X0,X1) | c2 = mult(X0,X1) | c1 = mult(X0,X1) <- (10) [forward demodulation 7961,101]
557112. c3 = mult(i(X0),X0) <- (10) [forward demodulation 90739,101]
557714. mult(i(X1),i(X0)) = mult(c3,i(mult(X0,X1))) <- (10) [forward demodulation 112249,101]
557718. mult(X1,i(X0)) = mult(c3,i(mult(X0,i(X1)))) <- (10) [forward demodulation 112089,101]
558260. mult(X0,c3) = mult(e,i(i(X0))) <- (39, 77) [forward demodulation 552049,33402]
558351. e = mult(c4,c1) <- (47, 337) [forward demodulation 556243,541080]
558410. mult(e,mult(c1,i(mult(i(X0),c3)))) = X0 <- (51, 56, 77) [forward demodulation 556346,552771]
558667. mult(X1,X0) = mult(X2,mult(c4,X0)) | c3 = mult(i(X2),X1) | c2 = mult(i(X2),X1) | c1 = mult(i(X2),X1) <- (10, 77) [forward demodulation 556704,33402]
558877. c3 = mult(i(X1),X0) | c2 = mult(i(X1),X0) | mult(X1,c4) = X0 | c1 = mult(i(X1),X0) <- (10, 77) [forward demodulation 556949,33402]
558964. c2 = mult(X0,X1) | c3 = mult(X0,X1) | c2 = mult(X0,X1) | c1 = mult(X0,X1) <- (10, 42) [forward demodulation 557033,2303]
558965. c2 = mult(X0,X1) | c3 = mult(X0,X1) | c1 = mult(X0,X1) <- (10, 42) [duplicate literal removal 558964]
559499. i(mult(X0,X1)) = mult(i(X1),i(X0)) <- (10, 77) [forward demodulation 557714,33402]
559503. mult(X1,i(X0)) = i(mult(X0,i(X1))) <- (10, 77) [forward demodulation 557718,33402]
559989. mult(X0,c3) = X0 <- (39, 77) [forward demodulation 558260,6461]
560056. e = c4 <- (47, 337) [forward demodulation 558351,172653]
560093. mult(e,mult(c1,i(i(X0)))) = X0 <- (45, 51, 56, 77) [forward demodulation 558410,2591]
560418. 128 | ~10 | ~42 [avatar split clause 558965,2301,99,47771]
561230. c3 = c4 <- (10, 47, 337) [forward demodulation 560056,101]
561263. mult(e,mult(c1,X0)) = X0 <- (45, 51, 56, 77) [forward demodulation 560093,6697]
562134. $false <- (10, 47, 337) [forward subsumption resolution 561230,22]
562135. ~10 | ~47 | ~337 [avatar contradiction clause 562134]
562162. mult(c3,mult(c1,X0)) = X0 <- (10, 45, 51, 56, 77) [forward demodulation 561263,101]
562900. mult(c1,X0) = X0 <- (10, 45, 51, 56, 77) [forward demodulation 562162,33402]
563468. 385 | ~10 | ~45 | ~51 | ~56 | ~77 [avatar split clause 562900,33401,5397,3308,2590,99,306106]
565106. c1 = mult(c4,c4) <- (23, 47, 396) [superposition 182,556217]
565141. c4 != X0 | c3 = mult(c2,op_b) | c3 = X0 | c1 = mult(c2,op_b) | c2 = X0 | c2 = mult(c2,op_b) | c1 = X0 <- (7, ~17) [superposition 333270,41]
565157. c3 = mult(c2,op_b) | c3 = X0 | c1 = mult(c2,op_b) | c2 = X0 | c2 = mult(c2,op_b) | c1 = X0 <- (7, ~17) [forward subsumption resolution 565141,16]
565377. mult(c4,op_b) = mult(X0,c2) | c2 = mult(X0,c2) | c3 = mult(X0,c2) | c1 = mult(X0,c2) <- (7, 20) [superposition 46,333260]
565387. c3 = mult(X0,c2) | c2 = mult(X0,c2) | c3 = mult(X0,c2) | c1 = mult(X0,c2) | c2 = mult(X0,c2) | c4 = mult(c4,op_b) | c1 = mult(X0,c2) <- (7, 20) [superposition 1101,333260]
565395. c3 = mult(X0,c2) | c2 = mult(X0,c2) | c1 = mult(X0,c2) | c4 = mult(c4,op_b) <- (7, 20) [duplicate literal removal 565387]
565419. c3 = mult(X0,c2) | c2 = mult(X0,c2) | c1 = mult(X0,c2) <- (7, 20, ~22) [forward subsumption resolution 565395,171]
565428. c1 = mult(X0,c2) | c2 = mult(X0,c2) | c3 = mult(X0,c2) | c1 = mult(X0,c2) <- (7, 8, 20, 23) [forward demodulation 565377,182507]
565429. c1 = mult(X0,c2) | c2 = mult(X0,c2) | c3 = mult(X0,c2) <- (7, 8, 20, 23) [duplicate literal removal 565428]
565444. 320 | ~7 | ~20 | 22 [avatar split clause 565419,169,159,86,148472]
565449. 320 | ~7 | ~8 | ~20 | ~23 [avatar split clause 565429,180,159,90,86,148472]
565548. 457 <=> ! [X1] : mult(c2,mult(c4,X1)) = X1 [avatar definition]
565549. mult(c2,mult(c4,X1)) = X1 <- (457) [avatar component clause 565548]
567802. mult(X0,X1) = mult(X0,c3) | c2 = mult(i(e),X1) | mult(e,c4) = X1 | c1 = mult(i(e),X1) <- (10, 77) [superposition 1320,558877]
567976. mult(X0,X1) = X0 | c2 = mult(i(e),X1) | mult(e,c4) = X1 | c1 = mult(i(e),X1) <- (10, 45, 77) [forward demodulation 567802,2591]
568052. c2 = mult(i(c3),X1) | mult(X0,X1) = X0 | mult(e,c4) = X1 | c1 = mult(i(e),X1) <- (10, 45, 77) [forward demodulation 567976,101]
568111. c2 = mult(c3,X1) | mult(X0,X1) = X0 | mult(e,c4) = X1 | c1 = mult(i(e),X1) <- (10, 39, 45, 77) [forward demodulation 568052,1795]
568157. c2 = X1 | mult(X0,X1) = X0 | mult(e,c4) = X1 | c1 = mult(i(e),X1) <- (10, 39, 45, 77) [forward demodulation 568111,33402]
568191. mult(c3,c4) = X1 | c2 = X1 | mult(X0,X1) = X0 | c1 = mult(i(e),X1) <- (10, 39, 45, 77) [forward demodulation 568157,101]
568216. c4 = X1 | c2 = X1 | mult(X0,X1) = X0 | c1 = mult(i(e),X1) <- (10, 39, 45, 77) [forward demodulation 568191,33402]
568238. c1 = mult(i(c3),X1) | c4 = X1 | c2 = X1 | mult(X0,X1) = X0 <- (10, 39, 45, 77) [forward demodulation 568216,101]
568258. c1 = mult(c3,X1) | c4 = X1 | c2 = X1 | mult(X0,X1) = X0 <- (10, 39, 45, 77) [forward demodulation 568238,1795]
568272. c1 = X1 | c4 = X1 | c2 = X1 | mult(X0,X1) = X0 <- (10, 39, 45, 77) [forward demodulation 568258,33402]
568281. 382 | ~10 | ~39 | ~45 | ~77 [avatar split clause 568272,33401,2590,1793,99,260887]
568915. c2 = mult(e,i(mult(c4,i(c1)))) <- (144) [superposition 7270,53614]
568919. c2 = mult(e,mult(c1,i(c4))) <- (10, 77, 144) [forward demodulation 568915,559503]
568930. c2 = mult(e,mult(c1,c1)) <- (10, 47, 77, 144) [forward demodulation 568919,2991]
568939. c2 = mult(c3,mult(c1,c1)) <- (10, 47, 77, 144) [forward demodulation 568930,101]
568948. c2 = mult(c1,c1) <- (10, 47, 77, 144) [forward demodulation 568939,33402]
568954. $false <- (10, 47, 77, 144, ~277) [forward subsumption resolution 568948,89927]
568955. ~10 | ~47 | ~77 | ~144 | 277 [avatar contradiction clause 568954]
569496. c1 = c4 <- (7, 32, 34) [superposition 385,342684]
569541. $false <- (7, 32, 34) [forward subsumption resolution 569496,19]
569542. ~7 | ~32 | ~34 [avatar contradiction clause 569541]
570346. e = mult(X0,mult(i(mult(i(X1),c4)),i(X1))) | c3 = mult(i(e),X0) | c2 = mult(i(e),X0) | c1 = mult(i(e),X0) <- (10, 77) [superposition 7086,558667]
570502. e = mult(X0,i(mult(X1,mult(i(X1),c4)))) | c3 = mult(i(e),X0) | c2 = mult(i(e),X0) | c1 = mult(i(e),X0) <- (10, 77) [forward demodulation 570346,559499]
570742. e = mult(X0,i(mult(e,c4))) | c3 = mult(i(e),X0) | c2 = mult(i(e),X0) | c1 = mult(i(e),X0) <- (10, 77) [forward demodulation 570502,24]
570901. c3 = mult(X0,i(mult(c3,c4))) | c3 = mult(i(e),X0) | c2 = mult(i(e),X0) | c1 = mult(i(e),X0) <- (10, 77) [forward demodulation 570742,101]
571011. c3 = mult(X0,i(c4)) | c3 = mult(i(e),X0) | c2 = mult(i(e),X0) | c1 = mult(i(e),X0) <- (10, 77) [forward demodulation 570901,33402]
572643. c2 != i(c4) | c2 = mult(c1,c4) | c3 = mult(c1,c4) | c1 = mult(c1,c4) <- (~306) [superposition 94067,16]
572645. i(X0) != c2 | c3 = X0 | c3 = mult(c1,c4) | c1 = X0 | c2 = mult(c1,c4) | c2 = X0 | c1 = mult(c1,c4) <- (~306) [superposition 94067,41]
572796. c4 = mult(e,i(mult(c1,i(c3)))) <- (387) [superposition 7270,310764]
572805. c4 = mult(e,mult(c3,i(c1))) <- (10, 77, 387) [forward demodulation 572796,559503]
572821. c4 = mult(e,i(c1)) <- (10, 77, 387) [forward demodulation 572805,33402]
572860. mult(op_b,c1) = mult(c1,op_b) <- (8, 23) [superposition 552164,182507]
572862. mult(op_b,c1) = mult(c1,c2) <- (23, 34) [superposition 552164,385]
573062. c4 = mult(op_b,c1) <- (10, 23, 34, 54, 77) [forward demodulation 572862,460020]
573064. mult(c1,c4) = mult(c4,c1) <- (8, 23, 47, 396) [forward demodulation 572860,556217]
573567. c3 = X0 | c1 = mult(c2,op_b) | c2 = X0 | c2 = mult(c2,op_b) | c1 = X0 <- (7, 15, ~17) [forward subsumption resolution 565157,550466]
573637. i(X0) != c2 | c3 = X0 | c3 = mult(c1,c4) | c1 = X0 | c2 = X0 | c1 = mult(c1,c4) <- (~306, ~404) [forward subsumption resolution 572645,334622]
573638. c2 = mult(c1,c4) | c3 = mult(c1,c4) | c1 = mult(c1,c4) <- (49, ~306) [forward subsumption resolution 572643,2999]
573640. c4 = mult(e,c2) <- (10, 35, 77, 387) [forward demodulation 572821,557]
573878. c3 = X0 | c2 = X0 | c2 = mult(c2,op_b) | c1 = X0 <- (7, 15, ~17, ~18) [forward subsumption resolution 573567,390657]
573931. c3 = mult(c1,c4) | c1 = mult(c1,c4) <- (49, ~306, ~404) [forward subsumption resolution 573638,334622]
573933. c4 = mult(c3,c2) <- (10, 35, 77, 387) [forward demodulation 573640,101]
574069. c3 = X0 | c2 = X0 | c1 = X0 <- (7, 15, ~17, ~18, ~20) [forward subsumption resolution 573878,390656]
574117. 461 <=> c1 = mult(c1,c4) [avatar definition]
574118. c1 != mult(c1,c4) <- (~461) [avatar component clause 574117]
574119. c1 = mult(c1,c4) <- (461) [avatar component clause 574117]
574121. 462 <=> c3 = mult(c1,c4) [avatar definition]
574122. c3 != mult(c1,c4) <- (~462) [avatar component clause 574121]
574123. c3 = mult(c1,c4) <- (462) [avatar component clause 574121]
574126. 461 | 462 | ~49 | 306 | 404 [avatar split clause 573931,334621,94066,2997,574121,574117]
574131. c2 = c4 <- (10, 35, 77, 387) [forward demodulation 573933,33402]
574191. 55 | ~7 | ~15 | 17 | 18 | 20 [avatar split clause 574069,159,151,127,119,86,5394]
574215. $false <- (10, 35, 77, 387) [forward subsumption resolution 574131,21]
574216. ~10 | ~35 | ~77 | ~387 [avatar contradiction clause 574215]
574502. mult(e,X0) = mult(c1,mult(c2,X0)) <- (35) [superposition 24,557]
574511. e = mult(c1,mult(X0,mult(i(mult(e,X0)),c2))) <- (35) [superposition 6880,557]
574547. e = mult(c1,c2) <- (35) [forward demodulation 574511,6881]
574555. mult(c3,X0) = mult(c1,mult(c2,X0)) <- (10, 35) [forward demodulation 574502,101]
574564. e = c4 <- (10, 35, 49, 56, 77) [forward demodulation 574547,475285]
574569. mult(c1,mult(c2,X0)) = X0 <- (10, 35, 77) [forward demodulation 574555,33402]
574577. c3 = c4 <- (10, 35, 49, 56, 77) [forward demodulation 574564,101]
574582. 439 | ~10 | ~35 | ~77 [avatar split clause 574569,33401,555,99,468681]
574591. $false <- (10, 35, 49, 56, 77) [forward subsumption resolution 574577,22]
574592. ~10 | ~35 | ~49 | ~56 | ~77 [avatar contradiction clause 574591]
574681. c1 = i(mult(c3,c2)) <- (10, 439) [forward demodulation 510285,101]
574682. c3 = mult(c1,c2) <- (10, 439) [forward demodulation 510449,101]
574793. c1 = i(c2) <- (10, 77, 439) [forward demodulation 574681,33402]
575036. 158 | ~51 | ~77 [avatar split clause 448942,33401,3308,57834]
575150. mult(c3,X0) = mult(c4,mult(c4,X0)) <- (10, 77, 181) [forward demodulation 459788,101]
575188. c2 = c4 <- (10, 39, 45, 77, 342, 398) [forward demodulation 417012,332220]
575637. $false <- (10, 39, 45, 77, 342, 398) [forward subsumption resolution 575188,21]
575638. ~10 | ~39 | ~45 | ~77 | ~342 | ~398 [avatar contradiction clause 575637]
576225. i(X0) != c2 | c3 = X0 | c1 = X0 | c2 = X0 | c1 = mult(c1,c4) <- (~306, ~404, ~462) [forward subsumption resolution 573637,574122]
576230. 464 <=> ! [X0] : (i(X0) != c2 | c1 = X0 | c2 = X0 | c3 = X0) [avatar definition]
576231. i(X0) != c2 | c1 = X0 | c2 = X0 | c3 = X0 <- (464) [avatar component clause 576230]
576233. 461 | 464 | 306 | 404 | 462 [avatar split clause 576225,574121,334621,94066,576230,574117]
576286. e = mult(op_b,mult(c2,i(c1))) <- (7, 14) [superposition 29,347829]
576300. mult(X0,mult(op_b,mult(c2,i(mult(e,c1))))) = X0 <- (7, 14) [superposition 6835,347829]
576324. mult(X0,mult(op_b,mult(c2,i(mult(c3,c1))))) = X0 <- (7, 10, 14) [forward demodulation 576300,101]
576333. e = mult(op_b,mult(c2,c2)) <- (7, 14, 35) [forward demodulation 576286,557]
576342. mult(X0,mult(op_b,mult(c2,i(c1)))) = X0 <- (7, 10, 14, 77) [forward demodulation 576324,33402]
576351. e = mult(op_b,c2) <- (7, 14, 35, 355) [forward demodulation 576333,195014]
576359. mult(X0,mult(op_b,mult(c2,c2))) = X0 <- (7, 10, 14, 35, 77) [forward demodulation 576342,557]
576368. e = c1 <- (7, 14, 35, 355) [forward demodulation 576351,347829]
576382. $false <- (7, ~9, 14, 35, 355) [forward subsumption resolution 576368,96]
576383. ~7 | 9 | ~14 | ~35 | ~355 [avatar contradiction clause 576382]
576400. mult(X0,mult(op_b,c1)) = X0 <- (7, 10, 14, 35, 67, 77) [forward demodulation 576359,33104]
576403. mult(X0,mult(c4,c1)) = X0 <- (7, 10, 14, 35, 45, 67, 77, 181, 342) [forward demodulation 576400,458034]
576406. mult(X0,c2) = X0 <- (7, 10, 14, 35, 45, 67, 77, 181, 251, 342) [forward demodulation 576403,65983]
576409. 75 | ~7 | ~10 | ~14 | ~35 | ~45 | ~67 | ~77 | ~181 | ~251 | ~342 [avatar split clause 576406,181356,65981,58596,33401,33103,2590,555,115,99,86,33150]
576411. 37 | 35 | 36 | ~393 [avatar split clause 519956,330487,559,555,563]
576418. c3 = mult(c1,c1) <- (10, 34, 37) [forward demodulation 459957,101]
576931. c2 != mult(c2,c4) | op_b = c2 | op_b = c3 | op_b = c1 <- (7, ~20) [superposition 390656,16]
576976. op_b = c2 | op_b = c3 | op_b = c1 <- (7, ~20, 145) [forward subsumption resolution 576931,53618]
576982. op_b = c3 | op_b = c1 <- (~3, 7, ~20, 145) [forward subsumption resolution 576976,70]
576986. op_b = c1 <- (~2, ~3, 7, ~20, 145) [forward subsumption resolution 576982,66]
576989. $false <- (~1, ~2, ~3, 7, ~20, 145) [forward subsumption resolution 576986,62]
576990. 1 | 2 | 3 | ~7 | 20 | ~145 [avatar contradiction clause 576989]
579104. c2 = mult(c4,c1) <- (34, 394) [superposition 330855,385]
579125. mult(c4,c4) = mult(i(i(X0)),i(X0)) <- (394) [superposition 330855,6810]
579308. c3 = mult(c4,c4) <- (10, 394) [forward demodulation 579125,557112]
579527. mult(X0,i(mult(c4,X0))) = mult(c2,e) <- (457) [superposition 565549,29]
579708. c2 = mult(X0,i(mult(c4,X0))) <- (457) [forward demodulation 579527,13]
579796. c2 = i(c4) <- (457) [forward demodulation 579708,103337]
579864. $false <- (~49, 457) [forward subsumption resolution 579796,2998]
579865. 49 | ~457 [avatar contradiction clause 579864]
580692. op_b != mult(op_a,op_b) | op_a = c4 | op_a = c1 | op_a = c2 <- (382) [superposition 15,260888]
580710. c4 != c4 | op_b = c4 | op_b = c1 | op_b = c2 <- (~22, 382) [superposition 171,260888]
580724. op_a = c4 | op_a = c1 | op_a = c2 <- (382) [forward subsumption resolution 580692,285710]
581098. c1 = mult(e,c2) <- (10, 77, 145, 181, 404) [forward demodulation 467141,53618]
581190. c1 = mult(c3,c2) <- (10, 77, 145, 181, 404) [forward demodulation 581098,101]
581214. c1 = c2 <- (10, 77, 145, 181, 404) [forward demodulation 581190,33402]
581216. $false <- (10, 77, 145, 181, 404) [forward subsumption resolution 581214,17]
581217. ~10 | ~77 | ~145 | ~181 | ~404 [avatar contradiction clause 581216]
581466. c3 = mult(X0,c1) | c3 = mult(i(e),X0) | c2 = mult(i(e),X0) | c1 = mult(i(e),X0) <- (10, 47, 77) [forward demodulation 571011,2991]
581620. mult(X0,mult(op_b,mult(c2,c4))) = X0 <- (7, 10, 14, 47, 77) [forward demodulation 576342,332626]
581779. c3 = mult(i(c3),X0) | c3 = mult(X0,c1) | c2 = mult(i(e),X0) | c1 = mult(i(e),X0) <- (10, 47, 77) [forward demodulation 581466,101]
581850. mult(X0,mult(op_b,c2)) = X0 <- (7, 10, 14, 47, 77, 145) [forward demodulation 581620,53618]
581964. c3 = mult(c3,X0) | c3 = mult(X0,c1) | c2 = mult(i(e),X0) | c1 = mult(i(e),X0) <- (10, 39, 47, 77) [forward demodulation 581779,1795]
582019. mult(X0,c1) = X0 <- (7, 10, 14, 47, 77, 145) [forward demodulation 581850,347829]
582077. c3 = X0 | c3 = mult(X0,c1) | c2 = mult(i(e),X0) | c1 = mult(i(e),X0) <- (10, 39, 47, 77) [forward demodulation 581964,33402]
582166. c3 = X0 | c3 = X0 | c2 = mult(i(e),X0) | c1 = mult(i(e),X0) <- (7, 10, 14, 39, 47, 77, 145) [forward demodulation 582077,582019]
582167. c3 = X0 | c2 = mult(i(e),X0) | c1 = mult(i(e),X0) <- (7, 10, 14, 39, 47, 77, 145) [duplicate literal removal 582166]
582230. c2 = mult(i(c3),X0) | c3 = X0 | c1 = mult(i(e),X0) <- (7, 10, 14, 39, 47, 77, 145) [forward demodulation 582167,101]
582272. c2 = mult(c3,X0) | c3 = X0 | c1 = mult(i(e),X0) <- (7, 10, 14, 39, 47, 77, 145) [forward demodulation 582230,1795]
582303. c2 = X0 | c3 = X0 | c1 = mult(i(e),X0) <- (7, 10, 14, 39, 47, 77, 145) [forward demodulation 582272,33402]
582316. c1 = mult(i(c3),X0) | c2 = X0 | c3 = X0 <- (7, 10, 14, 39, 47, 77, 145) [forward demodulation 582303,101]
582326. c1 = mult(c3,X0) | c2 = X0 | c3 = X0 <- (7, 10, 14, 39, 47, 77, 145) [forward demodulation 582316,1795]
582329. c1 = X0 | c2 = X0 | c3 = X0 <- (7, 10, 14, 39, 47, 77, 145) [forward demodulation 582326,33402]
582331. 55 | ~7 | ~10 | ~14 | ~39 | ~47 | ~77 | ~145 [avatar split clause 582329,53616,33401,2989,1793,115,99,86,5394]
582352. 11 | ~7 | ~27 | ~32 | ~54 [avatar split clause 550390,5334,260,225,86,103]
582660. c2 != mult(op_a,c3) <- (2, 16) [forward demodulation 221,67]
582683. 251 | ~34 | ~394 [avatar split clause 579104,330854,383,65981]
582937. mult(c4,mult(c4,X0)) = X0 <- (10, 77, 181) [forward demodulation 575150,33402]
583400. op_a != c2 <- (2, 16, 45) [forward demodulation 582660,2591]
583741. $false <- (2, 7, 16, 45) [forward subsumption resolution 583400,88]
583742. ~2 | ~7 | ~16 | ~45 [avatar contradiction clause 583741]
584095. c2 != mult(op_b,c2) <- (7, ~16) [forward demodulation 124,88]
584118. c2 != mult(c3,c2) <- (2, 7, ~16) [forward demodulation 584095,67]
584130. $false <- (2, 7, ~16, 77) [forward subsumption resolution 584118,33402]
584131. ~2 | ~7 | 16 | ~77 [avatar contradiction clause 584130]
584249. c2 = mult(c3,c1) <- (~9, ~10, ~11, 13, 37, 145, 425) [forward demodulation 444108,53618]
584272. 434 | 9 | 10 | 11 | ~13 [avatar split clause 512595,111,103,99,95,448185]
584408. 300 | 9 | 10 | 11 | ~13 | ~39 | ~434 [avatar split clause 495896,448185,1793,111,103,99,95,90357]
584757. 434 | ~280 [avatar split clause 363645,78830,448185]
586627. i(X0) = mult(c4,i(mult(c4,X0))) <- (3, 340) [forward demodulation 91210,191161]
586659. mult(c4,X0) = X0 <- (3, 340) [forward demodulation 90791,191161]
586680. mult(X1,i(X0)) = mult(c4,i(mult(X0,i(X1)))) <- (3, 340) [forward demodulation 112089,191161]
587164. mult(op_a,c2) != X0 | mult(op_b,op_a) = c3 | c3 = X0 | mult(op_b,op_a) = c1 | c2 = X0 | mult(op_b,op_a) = c2 | c1 = X0 <- (3) [forward demodulation 732,71]
587173. c3 != mult(op_b,c1) <- (5, ~15) [forward demodulation 120,80]
588879. mult(X1,i(X0)) = i(mult(X0,i(X1))) <- (3, ~9, ~10, ~11, 13, 340) [forward demodulation 586680,497480]
589270. c3 != mult(c2,c1) <- (3, 5, ~15) [forward demodulation 587173,71]
590772. $false <- (3, 5, ~15, 450) [forward subsumption resolution 589270,515764]
590773. ~3 | ~5 | 15 | ~450 [avatar contradiction clause 590772]
594939. c3 != mult(c1,c2) <- (3, 5, 15) [forward demodulation 333397,71]
595020. mult(c2,op_a) != mult(op_a,c2) <- (3) [superposition 15,71]
595583. c4 != X0 | mult(c3,X1) = mult(op_a,mult(c2,X1)) | c3 = X0 | c1 = X0 | c2 = mult(op_a,c2) | c2 = X0 | c1 = mult(op_a,c2) <- (3, ~17) [superposition 148632,630]
595591. c4 != c4 | c2 = mult(op_a,c2) | c3 = mult(op_a,c2) | c1 = mult(op_a,c2) <- (3, ~17) [superposition 148632,16]
595609. c2 = mult(op_a,c2) | c3 = mult(op_a,c2) | c1 = mult(op_a,c2) <- (3, ~17) [trivial inequality removal 595591]
595789. e = mult(c4,op_a) | c2 = i(op_a) | c3 = i(op_a) | c1 = i(op_a) <- (4) [superposition 74,45]
595877. e = op_a | c2 = i(op_a) | c3 = i(op_a) | c1 = i(op_a) <- (4, 12) [forward demodulation 595789,6487]
595911. e = c1 | c2 = i(op_a) | c3 = i(op_a) | c1 = i(op_a) <- (4, 5, 12) [forward demodulation 595877,80]
595932. c2 = i(op_a) | c3 = i(op_a) | c1 = i(op_a) <- (4, 5, ~9, 12) [forward subsumption resolution 595911,96]
595948. c2 = i(c1) | c3 = i(op_a) | c1 = i(op_a) <- (4, 5, ~9, 12) [forward demodulation 595932,80]
595964. c3 = i(op_a) | c1 = i(op_a) <- (4, 5, ~9, 12, ~35) [forward subsumption resolution 595948,556]
595977. c3 = i(c1) | c1 = i(op_a) <- (4, 5, ~9, 12, ~35) [forward demodulation 595964,80]
595987. c1 = i(op_a) <- (4, 5, ~9, 12, ~35, ~36) [forward subsumption resolution 595977,560]
595995. c1 = i(c1) <- (4, 5, ~9, 12, ~35, ~36) [forward demodulation 595987,80]
596051. e != c3 | c2 = i(op_b) | c3 = i(op_b) | c1 = i(op_b) <- (~25) [superposition 203,45]
596060. c3 != c3 | op_b = mult(c4,c4) | c2 = mult(op_b,c4) | c1 = mult(op_b,c4) | c2 = i(c4) | c3 = i(c4) | c1 = i(c4) <- (~25) [superposition 203,1682]
596083. op_b = mult(c4,c4) | c2 = mult(op_b,c4) | c1 = mult(op_b,c4) | c2 = i(c4) | c3 = i(c4) | c1 = i(c4) <- (~25) [trivial inequality removal 596060]
596088. op_b = mult(c4,c4) | c2 = mult(op_b,c4) | c1 = mult(op_b,c4) | c3 = i(c4) | c1 = i(c4) <- (~25, ~49) [forward subsumption resolution 596083,2998]
596626. e = mult(op_a,mult(c2,i(c2))) <- (3, 20) [superposition 29,197403]
596671. e = mult(op_a,e) <- (3, 20) [forward demodulation 596626,12]
596686. e = op_a <- (3, 20) [forward demodulation 596671,13]
596699. e = c1 <- (3, 5, 20) [forward demodulation 596686,80]
596710. $false <- (3, 5, ~9, 20) [forward subsumption resolution 596699,96]
596711. ~3 | ~5 | 9 | ~20 [avatar contradiction clause 596710]
596738. c3 = mult(op_a,c2) <- (3, 19) [forward demodulation 157,71]
596754. c3 = mult(c1,c2) <- (3, 5, ~17, ~18, ~20) [forward demodulation 335671,71]
596759. mult(c1,c2) != X0 | mult(op_b,op_a) = c3 | c3 = X0 | mult(op_b,op_a) = c1 | c2 = X0 | mult(op_b,op_a) = c2 | c1 = X0 <- (3, 5) [forward demodulation 587164,80]
596763. mult(c1,c2) != mult(c2,c1) <- (3, 5) [forward demodulation 595020,80]
596765. c2 = mult(op_a,c2) | c3 = mult(op_a,c2) <- (3, ~17, ~18) [forward subsumption resolution 595609,147892]
596766. mult(c3,X1) = mult(op_a,mult(c2,X1)) | c3 = X0 | c1 = X0 | c2 = mult(op_a,c2) | c2 = X0 | c1 = mult(op_a,c2) <- (3, ~17) [forward subsumption resolution 595583,16]
596778. c3 = mult(c1,c2) <- (3, 5, 19) [forward demodulation 596738,80]
596797. c3 = mult(op_b,c1) | mult(c1,c2) != X0 | c3 = X0 | mult(op_b,op_a) = c1 | c2 = X0 | mult(op_b,op_a) = c2 | c1 = X0 <- (3, 5) [forward demodulation 596759,80]
596802. c2 = mult(c1,c2) | c3 = mult(op_a,c2) <- (3, 5, ~17, ~18) [forward demodulation 596765,80]
596803. mult(c3,X1) = mult(op_a,mult(c2,X1)) | c3 = X0 | c1 = X0 | c2 = mult(op_a,c2) | c2 = X0 <- (3, ~17, ~18) [forward subsumption resolution 596766,147892]
596809. $false <- (3, 5, 15, 19) [forward subsumption resolution 596778,594939]
596810. ~3 | ~5 | ~15 | ~19 [avatar contradiction clause 596809]
596811. c3 = mult(c2,c1) | mult(c1,c2) != X0 | c3 = X0 | mult(op_b,op_a) = c1 | c2 = X0 | mult(op_b,op_a) = c2 | c1 = X0 <- (3, 5) [forward demodulation 596797,71]
596815. c3 = mult(op_a,c2) <- (3, 5, ~17, ~18, ~20) [forward subsumption resolution 596802,365736]
596816. mult(c3,X1) = mult(c1,mult(c2,X1)) | c3 = X0 | c1 = X0 | c2 = mult(op_a,c2) | c2 = X0 <- (3, 5, ~17, ~18) [forward demodulation 596803,80]
596824. c3 = mult(c1,c2) <- (3, 5, ~17, ~18, ~20) [forward demodulation 596815,80]
596825. c2 = mult(c1,c2) | mult(c3,X1) = mult(c1,mult(c2,X1)) | c3 = X0 | c1 = X0 | c2 = X0 <- (3, 5, ~17, ~18) [forward demodulation 596816,80]
596831. $false <- (3, 5, 15, ~17, ~18, ~20) [forward subsumption resolution 596824,594939]
596832. ~3 | ~5 | ~15 | 17 | 18 | 20 [avatar contradiction clause 596831]
596833. mult(c3,X1) = mult(c1,mult(c2,X1)) | c3 = X0 | c1 = X0 | c2 = X0 <- (3, 5, ~17, ~18, ~20) [forward subsumption resolution 596825,365736]
596836. 55 | 318 | ~3 | ~5 | 17 | 18 | 20 [avatar split clause 596833,159,151,127,78,69,114843,5394]
596962. c3 = mult(X0,c1) | c2 = mult(X0,c1) | c3 = mult(X0,c1) | c1 = mult(X0,c1) | c2 = mult(X0,c1) | c4 = mult(c4,c2) | c1 = mult(X0,c1) <- (3, 5, 18) [superposition 1101,365732]
596969. c3 = mult(X0,c1) | c2 = mult(X0,c1) | c1 = mult(X0,c1) | c4 = mult(c4,c2) <- (3, 5, 18) [duplicate literal removal 596962]
596992. c3 = mult(X0,c1) | c2 = mult(X0,c1) | c1 = mult(X0,c1) <- (3, 5, 18, ~22) [forward subsumption resolution 596969,170781]
597009. 268 | ~3 | ~5 | ~18 | 22 [avatar split clause 596992,169,151,78,69,77206]
597041. c4 = mult(c1,c2) <- (3, 5, 17) [forward demodulation 148171,80]
597096. c1 = mult(e,i(mult(c2,i(c4)))) <- (3, 5, 17) [superposition 7270,597041]
597097. c1 = mult(e,mult(c4,i(c2))) <- (3, 5, ~9, ~10, ~11, 13, 17, 340) [forward demodulation 597096,588879]
597111. c1 = mult(e,i(c2)) <- (3, 5, ~9, ~10, ~11, 13, 17, 340) [forward demodulation 597097,112]
597124. c1 = mult(e,c2) <- (3, 5, ~9, ~10, ~11, 13, 17, 54, 340) [forward demodulation 597111,5336]
597134. c1 = mult(c4,c2) <- (3, 5, ~9, ~10, ~11, 13, 17, 54, 340) [forward demodulation 597124,191161]
597141. c1 = mult(c2,c4) <- (3, 5, ~9, ~10, ~11, 13, 17, 54, 340) [forward demodulation 597134,294597]
597145. $false <- (3, 5, ~9, ~10, ~11, 13, 17, 54, ~144, 340) [forward subsumption resolution 597141,53613]
597146. ~3 | ~5 | 9 | 10 | 11 | ~13 | ~17 | ~54 | 144 | ~340 [avatar contradiction clause 597145]
597173. mult(X0,c3) = X0 <- (3, 5, ~9, ~10, ~11, 13, ~17, ~18, ~20, 35) [forward demodulation 22327,596754]
597209. 448 | 9 | 10 | 11 | ~13 | ~52 [avatar split clause 17249,5326,111,103,99,95,513996]
597317. c4 != mult(c1,c2) <- (3, 5, 448) [forward demodulation 596763,513998]
597318. c3 = c4 | mult(c1,c2) != X0 | c3 = X0 | mult(op_b,op_a) = c1 | c2 = X0 | mult(op_b,op_a) = c2 | c1 = X0 <- (3, 5, 448) [forward demodulation 596811,513998]
597509. 45 | ~3 | ~5 | 9 | 10 | 11 | ~13 | 17 | 18 | 20 | ~35 [avatar split clause 597173,555,159,151,127,111,103,99,95,78,69,2590]
597553. mult(c1,c2) != X0 | c3 = X0 | mult(op_b,op_a) = c1 | c2 = X0 | mult(op_b,op_a) = c2 | c1 = X0 <- (3, 5, 448) [forward subsumption resolution 597318,22]
598042. $false <- (3, 5, 17, 448) [forward subsumption resolution 597317,597041]
598043. ~3 | ~5 | ~17 | ~448 [avatar contradiction clause 598042]
598045. c4 != X0 | c3 = X0 | mult(op_b,op_a) = c1 | c2 = X0 | mult(op_b,op_a) = c2 | c1 = X0 <- (3, 5, 17, 448) [forward demodulation 597553,597041]
598072. c3 = X0 | mult(op_b,op_a) = c1 | c2 = X0 | mult(op_b,op_a) = c2 | c1 = X0 <- (3, 5, 17, 448) [forward subsumption resolution 598045,16]
598080. c1 = mult(op_b,c1) | c3 = X0 | c2 = X0 | mult(op_b,op_a) = c2 | c1 = X0 <- (3, 5, 17, 448) [forward demodulation 598072,80]
598086. c1 = mult(c2,c1) | c3 = X0 | c2 = X0 | mult(op_b,op_a) = c2 | c1 = X0 <- (3, 5, 17, 448) [forward demodulation 598080,71]
598092. c3 = X0 | c2 = X0 | mult(op_b,op_a) = c2 | c1 = X0 <- (3, 5, 17, 448, ~449) [forward subsumption resolution 598086,515759]
598098. c2 = mult(op_b,c1) | c3 = X0 | c2 = X0 | c1 = X0 <- (3, 5, 17, 448, ~449) [forward demodulation 598092,80]
598104. c2 = mult(c2,c1) | c3 = X0 | c2 = X0 | c1 = X0 <- (3, 5, 17, 448, ~449) [forward demodulation 598098,71]
598110. c3 = X0 | c2 = X0 | c1 = X0 <- (3, 5, 17, ~322, 448, ~449) [forward subsumption resolution 598104,149787]
598116. 55 | ~3 | ~5 | ~17 | 322 | ~448 | 449 [avatar split clause 598110,515758,513996,149786,127,78,69,5394]
598160. 37 | ~4 | ~5 | 9 | ~12 | 35 | 36 [avatar split clause 595995,559,555,107,95,78,73,563]
598264. c2 = mult(c3,i(c1)) <- (~9, ~10, ~11, 13, 425) [forward demodulation 498530,496723]
598536. c1 = mult(e,c3) <- (3, 5, ~9, ~10, ~11, 13, 17, 40, 340) [forward demodulation 597111,151197]
598578. c2 = mult(c3,c1) <- (~9, ~10, ~11, 13, 37, 425) [forward demodulation 598264,565]
598718. c1 = mult(c4,c3) <- (3, 5, ~9, ~10, ~11, 13, 17, 40, 340) [forward demodulation 598536,191161]
598827. $false <- (3, 5, ~9, ~10, ~11, 13, 17, ~33, 40, 340) [forward subsumption resolution 598718,356]
598828. ~3 | ~5 | 9 | 10 | 11 | ~13 | ~17 | 33 | ~40 | ~340 [avatar contradiction clause 598827]
599055. 465 <=> op_a = c4 [avatar definition]
599057. op_a = c4 <- (465) [avatar component clause 599055]
599064. ~56 | 5 | 6 | 7 | 24 [avatar split clause 358131,185,86,82,78,5397]
599069. 158 | ~10 | ~77 | ~181 [avatar split clause 447944,58596,33401,99,57834]
599102. 158 | ~10 | ~394 [avatar split clause 579308,330854,99,57834]
599127. 52 | ~10 | ~77 | ~439 [avatar split clause 574793,468681,33401,99,5326]
599196. 45 | ~39 | ~77 [avatar split clause 559989,33401,1793,2590]
599470. mult(c1,mult(c2,X1)) = X1 <- (77, 318) [forward demodulation 114844,33402]
599493. op_a = c4 | op_a = c2 <- (~5, 382) [forward subsumption resolution 580724,79]
599661. 434 | ~3 | ~340 [avatar split clause 586659,181349,69,448185]
600413. mult(c2,c4) != mult(op_a,c2) | c3 = mult(e,op_a) | c2 = mult(e,op_a) | c1 = mult(e,op_a) <- (3) [forward demodulation 8056,71]
600760. mult(c4,i(mult(c4,i(mult(X0,X1))))) = X0 | c3 = X1 | c2 = X1 | c1 = X1 <- (3, 340) [forward demodulation 107357,191161]
601272. c2 != i(c1) <- (~306, 461) [forward demodulation 94067,574119]
601464. op_a = c4 <- (~5, ~7, 382) [forward subsumption resolution 599493,87]
602529. i(i(mult(X0,X1))) = X0 | c3 = X1 | c2 = X1 | c1 = X1 <- (3, 340) [forward demodulation 600760,586627]
602911. $false <- (35, ~306, 461) [forward subsumption resolution 601272,557]
602912. ~35 | 306 | ~461 [avatar contradiction clause 602911]
603073. 465 | 5 | 7 | ~382 [avatar split clause 601464,260887,86,78,599055]
603848. mult(X0,X1) = X0 | c3 = X1 | c2 = X1 | c1 = X1 <- (3, 340) [forward demodulation 602529,91964]
604846. 46 | ~3 | ~340 [avatar split clause 603848,181349,69,2595]
606772. mult(X1,X0) = c3 | c2 = i(X1) | c3 = i(X1) | c1 = i(X1) | c2 = X0 | c3 = X0 | c1 = X0 <- (10) [forward demodulation 523,101]
607032. mult(X1,i(X0)) = mult(c3,i(mult(X0,i(X1)))) <- (10) [forward demodulation 112089,101]
607399. c2 = i(op_b) | c3 = i(op_b) | c1 = i(op_b) <- (10, ~25) [forward subsumption resolution 596051,101]
608179. c3 = mult(i(X0),X0) <- (10) [forward demodulation 90739,101]
608958. mult(X1,i(X0)) = i(mult(X0,i(X1))) <- (10, 77) [forward demodulation 607032,33402]
614096. mult(c2,X0) = mult(c2,mult(op_a,X0)) <- (3, 16) [superposition 14,410177]
614143. mult(c2,X0) = mult(c2,mult(c4,X0)) <- (3, 16, 465) [forward demodulation 614096,599057]
614442. c3 != i(c4) | op_a = c2 | op_a = c3 | op_a = c1 <- (~408) [superposition 343358,16]
614481. c3 != i(c4) | op_a = c3 | op_a = c1 <- (~7, ~408) [forward subsumption resolution 614442,87]
614485. c3 != i(c4) | op_a = c1 <- (~6, ~7, ~408) [forward subsumption resolution 614481,83]
614488. c3 != i(c4) <- (~5, ~6, ~7, ~408) [forward subsumption resolution 614485,79]
614714. e = mult(c2,c1) <- (52) [superposition 12,5328]
614724. e = mult(c2,mult(X0,mult(i(mult(e,X0)),c1))) <- (52) [superposition 6880,5328]
614747. e = mult(c2,c1) <- (52) [forward demodulation 614724,6881]
615399. mult(c2,c4) != mult(c4,c2) | c3 = mult(e,op_a) | c2 = mult(e,op_a) | c1 = mult(e,op_a) <- (3, 465) [forward demodulation 600413,599057]
615426. c1 != mult(c2,c4) | c3 = mult(e,op_a) | c2 = mult(e,op_a) | c1 = mult(e,op_a) <- (3, 34, 465) [forward demodulation 615399,385]
615498. mult(c2,c4) = mult(c2,mult(X0,mult(i(mult(i(X1),X0)),i(X1)))) <- (3, 16, 465) [superposition 614143,7091]
615684. c2 = mult(c2,c4) <- (3, 16, 465) [forward demodulation 615498,7091]
615810. mult(c2,c1) = mult(c2,c2) <- (3, 16, 34, 465) [superposition 614143,385]
615826. c4 = mult(e,i(mult(c2,i(c1)))) <- (34) [superposition 7270,385]
615830. c4 = mult(e,mult(c1,i(c2))) <- (10, 34, 77) [forward demodulation 615826,608958]
615840. c2 = mult(c2,c1) <- (3, 16, 34, 355, 465) [forward demodulation 615810,195014]
615850. $false <- (3, 16, 34, ~322, 355, 465) [forward subsumption resolution 615840,149787]
615851. ~3 | ~16 | ~34 | 322 | ~355 | ~465 [avatar contradiction clause 615850]
615872. c1 = mult(c2,c1) <- (3, 16, 34, 67, 465) [forward demodulation 615810,33104]
615873. $false <- (3, 16, 34, 67, ~449, 465) [forward subsumption resolution 615872,515759]
615874. ~3 | ~16 | ~34 | ~67 | 449 | ~465 [avatar contradiction clause 615873]
615928. e = c2 <- (52, 322) [forward demodulation 614714,149788]
615942. 11 | ~52 | ~322 [avatar split clause 615928,149786,5326,103]
615953. c3 != mult(c1,c2) <- (3, 5, ~19) [forward demodulation 332964,71]
615967. ~322 | ~3 | ~5 | 16 [avatar split clause 365727,123,78,69,149786]
615987. 404 | ~4 | ~5 | ~251 [avatar split clause 372883,65981,78,73,334621]
616039. mult(c1,c2) = mult(c2,c1) <- (3, 8, 23) [forward demodulation 572860,71]
616040. c2 != mult(op_b,c4) <- (~16, 465) [forward demodulation 124,599057]
616075. e = c4 <- (52, 448) [forward demodulation 614747,513998]
616088. c3 = mult(e,op_a) | c2 = mult(e,op_a) | c1 = mult(e,op_a) <- (3, 34, 144, 465) [forward subsumption resolution 615426,53614]
616302. $false <- (3, 5, 10, ~19, 439) [forward subsumption resolution 615953,574682]
616303. ~3 | ~5 | ~10 | 19 | ~439 [avatar contradiction clause 616302]
616330. c4 = mult(c1,c2) <- (3, 8, 23, 448) [forward demodulation 616039,513998]
616331. c2 != mult(c2,c4) <- (3, ~16, 465) [forward demodulation 616040,71]
616363. c3 = c4 <- (10, 52, 448) [forward demodulation 616075,101]
616369. c3 = mult(e,c4) | c2 = mult(e,op_a) | c1 = mult(e,op_a) <- (3, 34, 144, 465) [forward demodulation 616088,599057]
616512. c3 = c4 <- (3, 8, 10, 23, 439, 448) [forward demodulation 616330,574682]
616525. $false <- (10, 52, 448) [forward subsumption resolution 616363,22]
616526. ~10 | ~52 | ~448 [avatar contradiction clause 616525]
616531. c3 = mult(c3,c4) | c2 = mult(e,op_a) | c1 = mult(e,op_a) <- (3, 10, 34, 144, 465) [forward demodulation 616369,101]
616637. $false <- (3, 8, 10, 23, 439, 448) [forward subsumption resolution 616512,22]
616638. ~3 | ~8 | ~10 | ~23 | ~439 | ~448 [avatar contradiction clause 616637]
616644. c3 = c4 | c2 = mult(e,op_a) | c1 = mult(e,op_a) <- (3, 10, 34, 77, 144, 465) [forward demodulation 616531,33402]
616717. c2 = mult(e,op_a) | c1 = mult(e,op_a) <- (3, 10, 34, 77, 144, 465) [forward subsumption resolution 616644,22]
616767. c2 = mult(e,c4) | c1 = mult(e,op_a) <- (3, 10, 34, 77, 144, 465) [forward demodulation 616717,599057]
616803. c2 = mult(c3,c4) | c1 = mult(e,op_a) <- (3, 10, 34, 77, 144, 465) [forward demodulation 616767,101]
616829. c2 = c4 | c1 = mult(e,op_a) <- (3, 10, 34, 77, 144, 465) [forward demodulation 616803,33402]
616836. c1 = mult(e,op_a) <- (3, 10, 34, 77, 144, 465) [forward subsumption resolution 616829,21]
616842. c1 = mult(e,c4) <- (3, 10, 34, 77, 144, 465) [forward demodulation 616836,599057]
616847. c1 = mult(c3,c4) <- (3, 10, 34, 77, 144, 465) [forward demodulation 616842,101]
616852. $false <- (3, 10, 34, 77, 144, ~254, 465) [forward subsumption resolution 616847,66805]
616853. ~3 | ~10 | ~34 | ~77 | ~144 | 254 | ~465 [avatar contradiction clause 616852]
617007. 439 | ~77 | ~318 [avatar split clause 599470,114843,33401,468681]
617014. c1 = c4 <- (3, 5, 8, 18, 23, 448) [forward demodulation 616330,365732]
617023. c4 = mult(e,mult(c1,c2)) <- (10, 34, 54, 77) [forward demodulation 615830,5336]
617107. $false <- (3, 5, 8, 18, 23, 448) [forward subsumption resolution 617014,19]
617108. ~3 | ~5 | ~8 | ~18 | ~23 | ~448 [avatar contradiction clause 617107]
617112. c4 = mult(e,c1) <- (3, 5, 10, 18, 34, 54, 77) [forward demodulation 617023,365732]
617155. c4 = mult(c3,c1) <- (3, 5, 10, 18, 34, 54, 77) [forward demodulation 617112,101]
617183. c1 = c4 <- (3, 5, 10, 18, 34, 54, 77) [forward demodulation 617155,33402]
617203. $false <- (3, 5, 10, 18, 34, 54, 77) [forward subsumption resolution 617183,19]
617204. ~3 | ~5 | ~10 | ~18 | ~34 | ~54 | ~77 [avatar contradiction clause 617203]
617317. 145 | ~3 | ~16 | ~465 [avatar split clause 615684,599055,123,69,53616]
617907. c1 != i(c4) | op_a = c2 | op_a = c3 | op_a = c1 <- (~407) [superposition 343354,16]
618487. ~37 | ~5 | 407 [avatar split clause 365767,343353,78,563]
619901. $false <- (2, 5, 18, 77) [forward subsumption resolution 376827,33402]
619902. ~2 | ~5 | ~18 | ~77 [avatar contradiction clause 619901]
620166. 251 | ~1 | ~340 [avatar split clause 344843,181349,61,65981]
620170. ~37 | ~1 | 5 | 6 | 7 | ~14 | 307 [avatar split clause 359742,94070,115,86,82,78,61,563]
620221. c4 = mult(c1,c1) <- (1, 10, 23, 34, 54, 77) [forward demodulation 573062,63]
620636. 394 | ~10 | ~77 | ~181 [avatar split clause 582937,58596,33401,99,330854]
620997. op_b = c3 | c2 = mult(op_b,c4) | c1 = mult(op_b,c4) | c3 = i(c4) | c1 = i(c4) <- (~25, ~49, 158) [forward demodulation 596088,57835]
621048. c1 != i(c4) | op_a = c3 | op_a = c1 <- (~7, ~407) [forward subsumption resolution 617907,87]
621085. c2 = i(c1) | c3 = i(op_b) | c1 = i(op_b) <- (1, 10, ~25) [forward demodulation 607399,63]
621105. c3 = c4 <- (1, 10, 23, 34, 37, 54, 77) [forward demodulation 620221,576418]
621374. c1 = c3 | c2 = mult(op_b,c4) | c1 = mult(op_b,c4) | c3 = i(c4) | c1 = i(c4) <- (1, ~25, ~49, 158) [forward demodulation 620997,63]
621404. c1 != i(c4) | op_a = c1 <- (~6, ~7, ~407) [forward subsumption resolution 621048,83]
621431. c3 = i(op_b) | c1 = i(op_b) <- (1, 10, ~25, ~35) [forward subsumption resolution 621085,556]
621436. $false <- (1, 10, 23, 34, 37, 54, 77) [forward subsumption resolution 621105,22]
621437. ~1 | ~10 | ~23 | ~34 | ~37 | ~54 | ~77 [avatar contradiction clause 621436]
621533. c2 = mult(op_b,c4) | c1 = mult(op_b,c4) | c3 = i(c4) | c1 = i(c4) <- (1, ~25, ~49, 158) [forward subsumption resolution 621374,18]
621559. c1 != i(c4) <- (~5, ~6, ~7, ~407) [forward subsumption resolution 621404,79]
621572. c3 = i(c1) | c1 = i(op_b) <- (1, 10, ~25, ~35) [forward demodulation 621431,63]
621612. c2 = mult(c1,c4) | c1 = mult(op_b,c4) | c3 = i(c4) | c1 = i(c4) <- (1, ~25, ~49, 158) [forward demodulation 621533,63]
621628. c1 = i(op_b) <- (1, 10, ~25, ~35, ~36) [forward subsumption resolution 621572,560]
621662. c1 = mult(op_b,c4) | c3 = i(c4) | c1 = i(c4) <- (1, ~25, ~49, 158, ~404) [forward subsumption resolution 621612,334622]
621676. c1 = i(c1) <- (1, 10, ~25, ~35, ~36) [forward demodulation 621628,63]
621698. c1 = mult(c1,c4) | c3 = i(c4) | c1 = i(c4) <- (1, ~25, ~49, 158, ~404) [forward demodulation 621662,63]
621727. c3 = i(c4) | c1 = i(c4) <- (1, ~25, ~49, 158, ~404, ~461) [forward subsumption resolution 621698,574118]
621742. c3 = c4 | c1 = i(c4) <- (1, 4, ~5, ~6, ~7, ~25, ~49, 158, 394, ~404, ~461) [forward demodulation 621727,362266]
621745. c1 = i(c4) <- (1, 4, ~5, ~6, ~7, ~25, ~49, 158, 394, ~404, ~461) [forward subsumption resolution 621742,22]
621747. 47 | ~1 | ~4 | 5 | 6 | 7 | 25 | 49 | ~158 | ~394 | 404 | 461 [avatar split clause 621745,574117,334621,330854,57834,2997,202,86,82,78,73,61,2989]
621755. c3 = c4 <- (~1, ~2, ~3, 22, 158) [forward demodulation 182099,57835]
622104. c2 != i(c1) <- (5, ~409) [forward demodulation 343362,80]
622128. $false <- (~1, ~2, ~3, 22, 158) [forward subsumption resolution 621755,22]
622129. 1 | 2 | 3 | ~22 | ~158 [avatar contradiction clause 622128]
622285. $false <- (5, 35, ~409) [forward subsumption resolution 622104,557]
622286. ~5 | ~35 | 409 [avatar contradiction clause 622285]
622530. op_b = c4 | op_b = c1 | op_b = c2 <- (~22, 382) [trivial inequality removal 580710]
622618. mult(op_b,c1) != mult(c1,op_b) <- (5) [superposition 15,80]
623197. mult(c4,op_a) != mult(op_a,X0) | c2 = X0 | c1 = X0 | c3 = X0 <- (~4) [superposition 75,8657]
623199. mult(c4,op_a) != mult(op_a,X0) | c3 = mult(e,X0) | c2 = mult(e,X0) | c1 = mult(e,X0) <- (~4) [superposition 75,51]
623211. c4 != mult(c4,op_a) | c2 = mult(op_a,c4) | c3 = mult(op_a,c4) | c1 = mult(op_a,c4) <- (~4) [superposition 75,16]
623232. c2 = mult(op_a,c4) | c3 = mult(op_a,c4) | c1 = mult(op_a,c4) <- (~4) [forward subsumption resolution 623211,54495]
623237. mult(c1,X0) != mult(c4,c1) | c3 = mult(e,X0) | c2 = mult(e,X0) | c1 = mult(e,X0) <- (~4, 5) [forward demodulation 623199,80]
623239. mult(c1,X0) != mult(c4,c1) | c2 = X0 | c1 = X0 | c3 = X0 <- (~4, 5) [forward demodulation 623197,80]
623246. c2 = mult(c1,c4) | c3 = mult(op_a,c4) | c1 = mult(op_a,c4) <- (~4, 5) [forward demodulation 623232,80]
623256. c3 = mult(op_a,c4) | c1 = mult(op_a,c4) <- (~4, 5, ~404) [forward subsumption resolution 623246,334622]
623263. c3 = mult(c1,c4) | c1 = mult(op_a,c4) <- (~4, 5, ~404) [forward demodulation 623256,80]
623270. c1 = mult(op_a,c4) <- (~4, 5, ~404, ~462) [forward subsumption resolution 623263,574122]
623273. c1 = mult(c1,c4) <- (~4, 5, ~404, ~462) [forward demodulation 623270,80]
624330. ~461 | ~5 | 29 [avatar split clause 335758,248,78,574117]
628588. c3 = mult(c4,op_b) | c2 = i(op_b) | c3 = i(op_b) | c1 = i(op_b) | c2 = c4 | c3 = c4 | c1 = c4 <- (8, 10) [superposition 606772,91]
628704. c3 != mult(c4,op_a) | c2 = i(op_a) | c3 = i(op_a) | c1 = i(op_a) | c2 = c4 | c3 = c4 | c1 = c4 <- (~4, 10) [superposition 75,606772]
628766. c3 != mult(c4,op_a) | c2 = i(op_a) | c1 = i(op_a) | c2 = c4 | c3 = c4 | c1 = c4 <- (~4, 10, ~408) [forward subsumption resolution 628704,343358]
628796. c3 = mult(c4,op_b) | c2 = i(op_b) | c3 = i(op_b) | c1 = i(op_b) | c3 = c4 | c1 = c4 <- (8, 10) [forward subsumption resolution 628588,21]
628802. c3 != mult(c4,op_a) | c2 = i(op_a) | c1 = i(op_a) | c3 = c4 | c1 = c4 <- (~4, 10, ~408) [forward subsumption resolution 628766,21]
628831. c3 = mult(c4,op_b) | c2 = i(op_b) | c3 = i(op_b) | c1 = i(op_b) | c1 = c4 <- (8, 10) [forward subsumption resolution 628796,22]
628837. c3 != mult(c4,op_a) | c2 = i(op_a) | c1 = i(op_a) | c1 = c4 <- (~4, 10, ~408) [forward subsumption resolution 628802,22]
628862. c3 = mult(c4,op_b) | c2 = i(op_b) | c3 = i(op_b) | c1 = i(op_b) <- (8, 10) [forward subsumption resolution 628831,19]
628868. c3 != mult(c4,op_a) | c2 = i(op_a) | c1 = i(op_a) <- (~4, 10, ~408) [forward subsumption resolution 628837,19]
628893. c3 != mult(c4,c1) | c2 = i(op_a) | c1 = i(op_a) <- (~4, 5, 10, ~408) [forward demodulation 628868,80]
631508. c1 = mult(e,i(mult(c4,i(c3)))) <- (462) [superposition 7270,574123]
631515. c1 = mult(e,mult(c3,i(c4))) <- (10, 77, 462) [forward demodulation 631508,608958]
631529. c1 = mult(e,i(c4)) <- (10, 77, 462) [forward demodulation 631515,33402]
631541. c1 = mult(e,c4) <- (10, 77, 181, 462) [forward demodulation 631529,239264]
631549. c1 = mult(c3,c4) <- (10, 77, 181, 462) [forward demodulation 631541,101]
631553. $false <- (10, 77, 181, ~254, 462) [forward subsumption resolution 631549,66805]
631554. ~10 | ~77 | ~181 | 254 | ~462 [avatar contradiction clause 631553]
631569. 56 | ~23 | ~47 | ~396 [avatar split clause 565106,332210,2989,180,5397]
631725. mult(c1,X0) != mult(c1,c4) | c3 = mult(e,X0) | c2 = mult(e,X0) | c1 = mult(e,X0) <- (~4, 5, 8, 23, 47, 396) [forward demodulation 623237,573064]
631727. mult(c1,X0) != mult(c1,c4) | c2 = X0 | c1 = X0 | c3 = X0 <- (~4, 5, 8, 23, 47, 396) [forward demodulation 623239,573064]
631730. c2 = i(op_a) | c1 = i(op_a) <- (~4, 5, 10, 387, ~408) [forward subsumption resolution 628893,310764]
632083. c3 = mult(e,X0) | c2 = mult(e,X0) | c1 = mult(e,X0) <- (~4, 5, 8, 23, 47, 396) [forward subsumption resolution 631725,51]
632085. c2 = X0 | c1 = X0 | c3 = X0 <- (~4, 5, 8, 23, 47, 396) [forward subsumption resolution 631727,8657]
632088. c2 = i(c1) | c1 = i(op_a) <- (~4, 5, 10, 387, ~408) [forward demodulation 631730,80]
632300. c3 = mult(c3,X0) | c2 = mult(e,X0) | c1 = mult(e,X0) <- (~4, 5, 8, 10, 23, 47, 396) [forward demodulation 632083,101]
632302. 55 | 4 | ~5 | ~8 | ~23 | ~47 | ~396 [avatar split clause 632085,332210,2989,180,90,78,73,5394]
632305. c1 = i(op_a) <- (~4, 5, 10, ~35, 387, ~408) [forward subsumption resolution 632088,556]
632458. c3 = X0 | c2 = mult(e,X0) | c1 = mult(e,X0) <- (~4, 5, 8, 10, 23, 47, 77, 396) [forward demodulation 632300,33402]
632461. c1 = i(c1) <- (~4, 5, 10, ~35, 387, ~408) [forward demodulation 632305,80]
632556. c2 = mult(c3,X0) | c3 = X0 | c1 = mult(e,X0) <- (~4, 5, 8, 10, 23, 47, 77, 396) [forward demodulation 632458,101]
632560. $false <- (~4, 5, 10, ~35, ~37, 387, ~408) [forward subsumption resolution 632461,564]
632561. 4 | ~5 | ~10 | 35 | 37 | ~387 | 408 [avatar contradiction clause 632560]
632639. c2 = X0 | c3 = X0 | c1 = mult(e,X0) <- (~4, 5, 8, 10, 23, 47, 77, 396) [forward demodulation 632556,33402]
632693. c1 = mult(c3,X0) | c2 = X0 | c3 = X0 <- (~4, 5, 8, 10, 23, 47, 77, 396) [forward demodulation 632639,101]
632737. c1 = X0 | c2 = X0 | c3 = X0 <- (~4, 5, 8, 10, 23, 47, 77, 396) [forward demodulation 632693,33402]
632756. 55 | 4 | ~5 | ~8 | ~10 | ~23 | ~47 | ~77 | ~396 [avatar split clause 632737,332210,33401,2989,180,99,90,78,73,5394]
632793. c3 = mult(c2,c4) <- (10, 49, 58) [forward demodulation 476714,101]
632967. 457 | ~77 | ~353 [avatar split clause 239271,191939,33401,565548]
633293. op_b = c4 | op_b = c2 <- (~1, ~22, 382) [forward subsumption resolution 622530,62]
633324. c3 = mult(c4,op_b) | c3 = i(op_b) | c1 = i(op_b) <- (8, 10, ~398) [forward subsumption resolution 628862,332219]
633567. op_b = c4 <- (~1, ~3, ~22, 382) [forward subsumption resolution 633293,70]
633588. c3 = mult(c4,op_b) | c1 = i(op_b) <- (8, 10, ~397, ~398) [forward subsumption resolution 633324,332215]
633750. c3 = mult(c4,op_b) <- (8, 10, ~396, ~397, ~398) [forward subsumption resolution 633588,332211]
633841. c2 = c3 <- (8, 10, 340, ~396, ~397, ~398) [forward demodulation 633750,181351]
633924. $false <- (8, 10, 340, ~396, ~397, ~398) [forward subsumption resolution 633841,20]
633925. ~8 | ~10 | ~340 | 396 | 397 | 398 [avatar contradiction clause 633924]
634749. c2 = mult(c1,c4) | op_b = c2 | op_b = c3 | op_b = c1 <- (5, 20) [superposition 332818,16]
634836. op_b = c2 | op_b = c3 | op_b = c1 <- (5, 20, ~404) [forward subsumption resolution 634749,334622]
634853. op_b = c3 | op_b = c1 <- (~3, 5, 20, ~404) [forward subsumption resolution 634836,70]
634866. op_b = c1 <- (~2, ~3, 5, 20, ~404) [forward subsumption resolution 634853,66]
634879. $false <- (~1, ~2, ~3, 5, 20, ~404) [forward subsumption resolution 634866,62]
634880. 1 | 2 | 3 | ~5 | ~20 | 404 [avatar contradiction clause 634879]
634901. mult(c1,c4) != mult(c4,c1) <- (~1, ~3, 5, ~22, 382) [forward demodulation 622618,633567]
637965. c1 = mult(c4,c2) <- (322, 349) [superposition 186473,149788]
638181. $false <- (~34, 322, 349) [forward subsumption resolution 637965,384]
638182. 34 | ~322 | ~349 [avatar contradiction clause 638181]
638326. c2 != mult(c1,c4) <- (~1, ~3, 5, ~22, 251, 382) [forward demodulation 634901,65983]
638476. mult(c1,c4) = mult(c4,c1) <- (~1, ~3, 8, ~22, 23, 382) [forward demodulation 572860,633567]
638483. $false <- (~9, 23, 37, 337) [forward subsumption resolution 552266,96]
638484. 9 | ~23 | ~37 | ~337 [avatar contradiction clause 638483]
639417. ~404 | 1 | 3 | ~5 | 22 | ~251 | ~382 [avatar split clause 638326,260887,65981,169,78,69,61,334621]
639427. c2 = X0 | c1 = X0 | c3 = X0 <- (~404, 440) [forward subsumption resolution 511333,334622]
639466. c2 = mult(c1,c4) <- (~1, ~3, 8, ~22, 23, 251, 382) [forward demodulation 638476,65983]
639477. 55 | 404 | ~440 [avatar split clause 639427,476470,334621,5394]
639491. $false <- (~1, ~3, 8, ~22, 23, 251, 382, ~404) [forward subsumption resolution 639466,334622]
639492. 1 | 3 | ~8 | 22 | ~23 | ~251 | ~382 | 404 [avatar contradiction clause 639491]
639725. op_a = c4 <- (49, 409) [forward demodulation 343463,183472]
640048. c1 = c4 <- (5, 49, 409) [forward demodulation 639725,80]
640183. $false <- (5, 49, 409) [forward subsumption resolution 640048,19]
640184. ~5 | ~49 | ~409 [avatar contradiction clause 640183]
640346. 37 | ~1 | ~10 | 25 | 35 | 36 [avatar split clause 621676,559,555,202,99,61,563]
640440. c1 != mult(c1,c4) <- (1, ~23) [forward demodulation 181,63]
640441. c1 != mult(op_b,c4) <- (~14, 465) [forward demodulation 116,599057]
640492. $false <- (1, ~23, 461) [forward subsumption resolution 640440,574119]
640493. ~1 | 23 | ~461 [avatar contradiction clause 640492]
640494. c1 != mult(c1,c4) <- (1, ~14, 465) [forward demodulation 640441,63]
640599. ~461 | ~1 | 14 | ~465 [avatar split clause 640494,599055,115,61,574117]
640608. 337 | ~1 | 5 | 6 | 7 | ~17 [avatar split clause 356740,127,86,82,78,61,172651]
640623. c2 != mult(c4,c4) <- (~28, 465) [forward demodulation 231,599057]
640626. $false <- (~9, 29, 37, 337) [forward subsumption resolution 392031,96]
640627. 9 | ~29 | ~37 | ~337 [avatar contradiction clause 640626]
640642. mult(c1,c4) = mult(c4,c1) <- (4, 56, 465) [forward demodulation 351469,599057]
640834. c4 = mult(c1,c4) <- (4, 56, 337, 465) [forward demodulation 640642,172653]
640880. $false <- (1, 4, ~8, 22, 56, 337, 465) [forward subsumption resolution 640834,5945]
640881. ~1 | ~4 | 8 | ~22 | ~56 | ~337 | ~465 [avatar contradiction clause 640880]
640959. 3 | 55 | 1 | 2 | ~391 | 396 [avatar split clause 337912,332210,328084,65,61,5394,69]
641000. ~145 | ~3 | 16 | ~465 [avatar split clause 616331,599055,123,69,53616]
641514. $false <- (~5, ~6, ~7, 47, ~407) [forward subsumption resolution 621559,2991]
641515. 5 | 6 | 7 | ~47 | 407 [avatar contradiction clause 641514]
641547. c2 != mult(c4,c2) <- (3, ~340) [forward demodulation 181350,71]
642291. mult(c2,c4) = mult(c4,c2) <- (4, 28, 465) [forward demodulation 6110,599057]
642334. c4 = mult(c2,c4) <- (3, 4, 22, 28, 465) [forward demodulation 642291,185723]
642353. c1 = c4 <- (3, 4, 22, 28, 144, 465) [forward demodulation 642334,53614]
642362. $false <- (3, 4, 22, 28, 144, 465) [forward subsumption resolution 642353,19]
642363. ~3 | ~4 | ~22 | ~28 | ~144 | ~465 [avatar contradiction clause 642362]
642408. ~58 | 28 | ~465 [avatar split clause 640623,599055,230,5738]
644458. c4 = mult(e,i(mult(c4,i(c1)))) <- (56) [superposition 7270,5399]
644467. c4 = mult(e,mult(c1,i(c4))) <- (10, 56, 77) [forward demodulation 644458,608958]
644479. c4 = mult(e,mult(c1,c1)) <- (10, 47, 56, 77) [forward demodulation 644467,2991]
644488. c4 = mult(c3,mult(c1,c1)) <- (10, 47, 56, 77) [forward demodulation 644479,101]
644497. c4 = mult(c1,c1) <- (10, 47, 56, 77) [forward demodulation 644488,33402]
644931. mult(c4,c4) = mult(X0,c2) | c2 = mult(X0,c2) | c3 = mult(X0,c2) | c1 = mult(X0,c2) <- (145) [superposition 46,53618]
644959. c1 = mult(X0,c2) | c2 = mult(X0,c2) | c3 = mult(X0,c2) | c1 = mult(X0,c2) <- (56, 145) [forward demodulation 644931,5399]
644960. c1 = mult(X0,c2) | c2 = mult(X0,c2) | c3 = mult(X0,c2) <- (56, 145) [duplicate literal removal 644959]
644972. 320 | ~56 | ~145 [avatar split clause 644960,53616,5397,148472]
646126. c1 = mult(e,i(mult(c4,i(c3)))) <- (462) [superposition 7270,574123]
646129. c1 = mult(e,mult(c3,i(c4))) <- (10, 77, 462) [forward demodulation 646126,608958]
646141. c1 = mult(e,i(c4)) <- (10, 77, 462) [forward demodulation 646129,33402]
646241. c4 = mult(e,i(mult(c1,i(c3)))) <- (387) [superposition 7270,310764]
646248. c4 = mult(e,mult(c3,i(c1))) <- (10, 77, 387) [forward demodulation 646241,608958]
646262. c4 = mult(e,i(c1)) <- (10, 77, 387) [forward demodulation 646248,33402]
646326. e = c3 <- (77) [superposition 33402,13]
646889. c3 = c4 | c2 = c4 | c1 = c4 <- (10, 47, 56, 77, 268) [superposition 77207,644497]
646975. c2 = c4 | c1 = c4 <- (10, 47, 56, 77, 268) [forward subsumption resolution 646889,22]
647010. c1 = c4 <- (10, 47, 56, 77, 268) [forward subsumption resolution 646975,21]
647037. $false <- (10, 47, 56, 77, 268) [forward subsumption resolution 647010,19]
647038. ~10 | ~47 | ~56 | ~77 | ~268 [avatar contradiction clause 647037]
647395. c3 = c4 | c2 = c4 | c1 = c4 <- (10, 34, 54, 77, 320) [superposition 148473,460020]
647477. c2 = c4 | c1 = c4 <- (10, 34, 54, 77, 320) [forward subsumption resolution 647395,22]
647509. c1 = c4 <- (10, 34, 54, 77, 320) [forward subsumption resolution 647477,21]
647533. $false <- (10, 34, 54, 77, 320) [forward subsumption resolution 647509,19]
647534. ~10 | ~34 | ~54 | ~77 | ~320 [avatar contradiction clause 647533]
647901. $false <- (3, ~34, ~242, 320, ~340) [forward subsumption resolution 641547,409679]
647902. ~3 | 34 | 242 | ~320 | 340 [avatar contradiction clause 647901]
648260. mult(c4,X0) = mult(c4,mult(c2,X0)) <- (3, 22) [superposition 14,185723]
648975. mult(c4,c4) = mult(c4,c1) <- (3, 22, 144) [superposition 648260,53614]
649167. c3 = mult(c4,c4) <- (3, 22, 144, 387) [forward demodulation 648975,310764]
649215. c2 = c3 <- (3, 22, 58, 144, 387) [forward demodulation 649167,5740]
649246. $false <- (3, 22, 58, 144, 387) [forward subsumption resolution 649215,20]
649247. ~3 | ~22 | ~58 | ~144 | ~387 [avatar contradiction clause 649246]
649312. 347 | ~3 | ~8 | ~22 [avatar split clause 270468,169,90,69,186025]
649373. 50 | ~10 | ~49 | ~58 [avatar split clause 632793,5738,2997,99,3001]
649951. c1 = mult(e,c2) <- (10, 49, 77, 462) [forward demodulation 646141,2999]
649953. c4 = mult(e,c1) <- (10, 37, 77, 387) [forward demodulation 646262,565]
650260. c1 = mult(c3,c2) <- (10, 49, 77, 462) [forward demodulation 649951,101]
650262. c4 = mult(c3,c1) <- (10, 37, 77, 387) [forward demodulation 649953,101]
650459. c1 = c2 <- (10, 49, 77, 462) [forward demodulation 650260,33402]
650461. c1 = c4 <- (10, 37, 77, 387) [forward demodulation 650262,33402]
650570. $false <- (10, 49, 77, 462) [forward subsumption resolution 650459,17]
650571. ~10 | ~49 | ~77 | ~462 [avatar contradiction clause 650570]
650572. $false <- (10, 37, 77, 387) [forward subsumption resolution 650461,19]
650573. ~10 | ~37 | ~77 | ~387 [avatar contradiction clause 650572]
650777. 461 | 4 | ~5 | 404 | 462 [avatar split clause 623273,574121,334621,78,73,574117]
651018. mult(e,X0) = mult(c1,mult(c1,X0)) <- (37) [superposition 24,565]
651069. mult(c3,X0) = mult(c1,mult(c1,X0)) <- (10, 37) [forward demodulation 651018,101]
651082. mult(c1,mult(c1,X0)) = X0 <- (10, 37, 77) [forward demodulation 651069,33402]
651090. mult(X0,c1) != mult(c1,X0) | c2 = X0 | c3 = X0 | c1 = X0 <- (~4, 5) [superposition 332954,16]
651159. mult(c1,X0) != mult(c4,c1) | c2 = X0 | c3 = X0 | c1 = X0 | c3 = X0 | c2 = X0 | c1 = X0 <- (~4, 5) [superposition 651090,1830]
651228. mult(c1,X0) != mult(c4,c1) | c2 = X0 | c3 = X0 | c1 = X0 <- (~4, 5) [duplicate literal removal 651159]
652145. c1 = mult(e,i(mult(c4,c1))) <- (307) [superposition 7270,94072]
652171. c3 = mult(c1,mult(c1,c4)) <- (10, 307) [superposition 608179,94072]
652178. c3 = c4 <- (10, 37, 77, 307) [forward demodulation 652171,651082]
652200. c1 = mult(e,i(c2)) <- (251, 307) [forward demodulation 652145,65983]
652209. $false <- (10, 37, 77, 307) [forward subsumption resolution 652178,22]
652210. ~10 | ~37 | ~77 | ~307 [avatar contradiction clause 652209]
652230. c1 = mult(e,c4) <- (49, 251, 307) [forward demodulation 652200,183472]
652251. c1 = mult(c3,c4) <- (10, 49, 251, 307) [forward demodulation 652230,101]
652267. $false <- (10, 49, 251, ~254, 307) [forward subsumption resolution 652251,66805]
652268. ~10 | ~49 | ~251 | 254 | ~307 [avatar contradiction clause 652267]
652292. $false <- (3, 5, 10, ~17, 49, 56, 77) [forward subsumption resolution 475285,365728]
652293. ~3 | ~5 | ~10 | 17 | ~49 | ~56 | ~77 [avatar contradiction clause 652292]
652377. c4 != mult(c1,X0) | c2 = X0 | c3 = X0 | c1 = X0 <- (~4, 5, 337) [forward demodulation 651228,172653]
652719. $false <- (45, ~198) [forward subsumption resolution 58863,2591]
652720. ~45 | 198 [avatar contradiction clause 652719]
654147. mult(X0,mult(X1,mult(i(mult(X0,X1)),X2))) = mult(c1,c4) | c2 = X2 | c1 = X2 | c3 = X2 <- (9) [forward demodulation 288468,97]
654756. c1 = c3 <- (9, 77) [forward demodulation 646326,97]
654860. c2 = i(c3) | c3 = i(c3) | c1 = i(c3) <- (9, ~254) [forward subsumption resolution 555058,97]
655936. c4 = mult(X0,mult(X1,mult(i(mult(X0,X1)),X2))) | c2 = X2 | c1 = X2 | c3 = X2 <- (9, 385) [forward demodulation 654147,306107]
656433. $false <- (9, 77) [forward subsumption resolution 654756,18]
656434. ~9 | ~77 [avatar contradiction clause 656433]
656499. c3 = i(c3) | c1 = i(c3) <- (9, ~40, ~254) [forward subsumption resolution 654860,1798]
657186. c4 = mult(e,X2) | c2 = X2 | c1 = X2 | c3 = X2 <- (9, 385) [forward demodulation 655936,320]
657569. c1 = i(c3) <- (9, ~39, ~40, ~254) [forward subsumption resolution 656499,1794]
658071. c4 = mult(c1,X2) | c2 = X2 | c1 = X2 | c3 = X2 <- (9, 385) [forward demodulation 657186,97]
658390. $false <- (9, ~38, ~39, ~40, ~254) [forward subsumption resolution 657569,1790]
658391. ~9 | 38 | 39 | 40 | 254 [avatar contradiction clause 658390]
658813. c2 = X2 | c1 = X2 | c3 = X2 <- (~4, 5, 9, 337, 385) [forward subsumption resolution 658071,652377]
659364. 55 | 4 | ~5 | ~9 | ~337 | ~385 [avatar split clause 658813,306106,172651,95,78,73,5394]
660579. 254 | ~9 | ~33 [avatar split clause 548984,355,95,66804]
660627. 67 | ~9 | ~54 | ~322 [avatar split clause 549032,149786,5334,95,33103]
662790. op_b = c3 <- (5, ~17, ~18, ~20, 385) [forward demodulation 335671,306107]
662835. $false <- (~2, 5, ~17, ~18, ~20, 385) [forward subsumption resolution 662790,66]
662836. 2 | ~5 | 17 | 18 | 20 | ~385 [avatar contradiction clause 662835]
662917. c1 = mult(op_a,c2) <- (3, 18) [forward demodulation 153,71]
662953. c1 = mult(c1,c2) <- (3, 5, 18) [forward demodulation 662917,80]
662974. c1 = c2 <- (3, 5, 18, 385) [forward demodulation 662953,306107]
662995. $false <- (3, 5, 18, 385) [forward subsumption resolution 662974,17]
662996. ~3 | ~5 | ~18 | ~385 [avatar contradiction clause 662995]
663002. c4 = mult(op_a,c2) <- (3, 17) [forward demodulation 128,71]
663432. 55 | 394 | ~390 [avatar split clause 513625,325687,330854,5394]
663828. c4 = mult(c1,c2) <- (3, 5, 17) [forward demodulation 663002,80]
664110. c2 = c4 <- (3, 5, 17, 385) [forward demodulation 663828,306107]
664250. $false <- (3, 5, 17, 385) [forward subsumption resolution 664110,21]
664251. ~3 | ~5 | ~17 | ~385 [avatar contradiction clause 664250]
664477. ~42 | ~2 | ~8 | 27 [avatar split clause 372371,225,90,65,2301]
664577. 417 | 9 | 10 | 11 | ~13 | ~37 | ~425 [avatar split clause 598578,430838,563,111,103,99,95,364439]
664782. 417 | 9 | 10 | 11 | ~13 | ~37 | ~145 | ~425 [avatar split clause 584249,430838,53616,563,111,103,99,95,364439]
665964. mult(X1,i(X0)) = mult(c4,i(mult(X0,i(X1)))) <- (~9, ~10, ~11, 13) [forward demodulation 112089,98928]
668262. mult(X1,i(X0)) = i(mult(X0,i(X1))) <- (~9, ~10, ~11, 13, 434) [forward demodulation 665964,448186]
676799. mult(X0,c1) = mult(c4,c3) | c2 = mult(X0,c1) | c3 = mult(X0,c1) | c1 = mult(X0,c1) <- (2, 5, 18) [superposition 46,367020]
676848. mult(X0,c1) = mult(c3,c4) | c2 = mult(X0,c1) | c3 = mult(X0,c1) | c1 = mult(X0,c1) <- (2, 5, 8, 18) [forward demodulation 676799,365843]
676864. c3 = mult(X0,c1) | c2 = mult(X0,c1) | c3 = mult(X0,c1) | c1 = mult(X0,c1) <- (2, 5, 8, 12, 18) [forward demodulation 676848,108]
676865. c3 = mult(X0,c1) | c2 = mult(X0,c1) | c1 = mult(X0,c1) <- (2, 5, 8, 12, 18) [duplicate literal removal 676864]
676878. 268 | ~2 | ~5 | ~8 | ~12 | ~18 [avatar split clause 676865,151,107,90,78,65,77206]
677052. c1 = mult(e,i(mult(c3,i(c4)))) <- (2, 5, 17) [superposition 7270,368415]
677056. c1 = mult(e,mult(c4,i(c3))) <- (2, 5, ~9, ~10, ~11, 13, 17, 434) [forward demodulation 677052,668262]
677070. c1 = mult(e,i(c3)) <- (2, 5, ~9, ~10, ~11, 13, 17, 434) [forward demodulation 677056,112]
677082. c1 = mult(e,c2) <- (2, 5, ~9, ~10, ~11, 13, 17, 40, 434) [forward demodulation 677070,1799]
677093. c1 = mult(c2,c4) <- (2, 5, ~9, ~10, ~11, 13, 17, 40, 434) [forward demodulation 677082,112359]
677098. c1 = c2 <- (2, 5, ~9, ~10, ~11, 12, 13, 17, 40, 434) [forward demodulation 677093,108]
677101. $false <- (2, 5, ~9, ~10, ~11, 12, 13, 17, 40, 434) [forward subsumption resolution 677098,17]
677102. ~2 | ~5 | 9 | 10 | 11 | ~12 | ~13 | ~17 | ~40 | ~434 [avatar contradiction clause 677101]
677189. $false <- (2, 5, 17, ~33, 39) [forward subsumption resolution 375138,356]
677190. ~2 | ~5 | ~17 | 33 | ~39 [avatar contradiction clause 677189]
677780. $false <- (~8, ~9, ~10, ~11, 13) [forward subsumption resolution 92,496844]
677781. 8 | 9 | 10 | 11 | ~13 [avatar contradiction clause 677780]
677849. ~417 | ~2 | ~5 | 16 [avatar split clause 365827,123,78,65,364439]
678032. $false <- (2, 5, ~9, ~10, ~11, 13, ~17, 36) [forward subsumption resolution 147296,365825]
678033. ~2 | ~5 | 9 | 10 | 11 | ~13 | 17 | ~36 [avatar contradiction clause 678032]
678052. 246 | 9 | 10 | 11 | ~12 | ~13 | ~36 | ~425 [avatar split clause 495742,430838,559,111,107,103,99,95,63186]
678134. $false <- (2, 5, ~9, ~10, ~11, 13, ~17, 38) [forward subsumption resolution 511848,365825]
678135. ~2 | ~5 | 9 | 10 | 11 | ~13 | 17 | ~38 [avatar contradiction clause 678134]
678250. c3 = i(c1) <- (5, 408) [forward demodulation 343359,80]
679050. c4 != mult(c3,c1) <- (2, 5, 17) [forward demodulation 384452,80]
679121. $false <- (2, 5, ~9, ~10, ~11, 13, 17, 36) [forward subsumption resolution 679050,147295]
679122. ~2 | ~5 | 9 | 10 | 11 | ~13 | ~17 | ~36 [avatar contradiction clause 679121]
679190. $false <- (2, 5, 9, ~15) [forward subsumption resolution 5166,67]
679191. ~2 | ~5 | ~9 | 15 [avatar contradiction clause 679190]
679235. 48 | ~2 | ~9 | ~23 [avatar split clause 520772,180,95,65,2993]
679718. $false <- (5, ~36, 408) [forward subsumption resolution 678250,560]
679719. ~5 | 36 | ~408 [avatar contradiction clause 679718]
680626. mult(X1,i(X0)) = mult(c1,i(mult(X0,i(X1)))) <- (9) [forward demodulation 112089,97]
682309. mult(X1,i(X0)) = i(mult(X0,i(X1))) <- (9, 385) [forward demodulation 680626,306107]
687071. c3 != mult(op_a,c3) <- (2, 15) [forward demodulation 198,67]
687233. c3 != mult(c1,c3) <- (2, 5, 15) [forward demodulation 687071,80]
687293. $false <- (2, 5, 15, 385) [forward subsumption resolution 687233,306107]
687294. ~2 | ~5 | ~15 | ~385 [avatar contradiction clause 687293]
687400. ~48 | 5 | 6 | 7 | 408 [avatar split clause 614488,343357,86,82,78,2993]
687569. c3 = X0 | c1 = X0 | c2 = X0 <- (248, 464) [forward subsumption resolution 150330,576231]
687577. 55 | 412 | ~270 [avatar split clause 554577,77423,350581,5394]
688162. 55 | ~248 | ~464 [avatar split clause 687569,576230,65909,5394]
689078. ~42 | ~2 | 8 | ~412 [avatar split clause 547114,350581,90,65,2301]
698528. c3 = mult(e,i(mult(c2,i(c1)))) <- (58, 297) [superposition 7270,187305]
698531. c3 = mult(e,mult(c1,i(c2))) <- (9, 58, 297, 385) [forward demodulation 698528,682309]
698543. c3 = mult(e,i(c2)) <- (9, 58, 297, 385) [forward demodulation 698531,306107]
698553. c3 = mult(e,c4) <- (9, 49, 58, 297, 385) [forward demodulation 698543,183472]
698561. c3 = mult(c1,c4) <- (9, 49, 58, 297, 385) [forward demodulation 698553,97]
698566. c3 = c4 <- (9, 49, 58, 297, 385) [forward demodulation 698561,306107]
698569. $false <- (9, 49, 58, 297, 385) [forward subsumption resolution 698566,22]
698570. ~9 | ~49 | ~58 | ~297 | ~385 [avatar contradiction clause 698569]
698755. e = mult(c3,mult(c2,i(c2))) <- (58, 298) [superposition 29,183602]
698776. e = mult(c3,e) <- (58, 298) [forward demodulation 698755,12]
698786. e = c3 <- (58, 298) [forward demodulation 698776,13]
698793. c1 = c3 <- (9, 58, 298) [forward demodulation 698786,97]
698798. $false <- (9, 58, 298) [forward subsumption resolution 698793,18]
698799. ~9 | ~58 | ~298 [avatar contradiction clause 698798]
s1. ~4 | 1 | 2 | 3 [sat_conversion 76]
s2. ~8 | 5 | 6 | 7 [sat_conversion 93]
s3. 9 | 10 | 11 | 12 [sat_conversion 109]
s4. 9 | 10 | 11 | 13 [sat_conversion 113]
s5. ~17 | 14 | 15 | 16 [sat_conversion 130]
s6. 17 | 18 | 19 | 20 [sat_conversion 162]
s11. ~23 | 5 | 6 | 7 | 14 [sat_conversion 192]
s12. ~24 | 1 | 2 | 3 | 14 [sat_conversion 193]
s13. ~15 | 5 | 6 | 7 | 25 [sat_conversion 205]
s20. ~28 | 1 | 2 | 3 | 16 [sat_conversion 238]
s22. 4 | 5 | 6 | 7 [sat_conversion 264]
s26. ~18 | ~14 [sat_conversion 362]
s27. ~18 | ~17 [sat_conversion 369]
s37. ~24 | ~6 | 33 [sat_conversion 1133]
s45. ~9 | ~6 | ~4 | 24 | 38 | 39 | 40 [sat_conversion 1800]
s51. ~38 | ~9 [sat_conversion 1983]
s65. ~6 | ~4 | 24 | 26 | 41 | 42 [sat_conversion 2316]
s66. ~6 | ~4 | 21 | 24 | 26 | 42 [sat_conversion 2321]
s73. ~49 | ~9 | 34 [sat_conversion 3065]
s74. ~49 | ~40 | ~9 [sat_conversion 3067]
s76. ~47 | ~9 [sat_conversion 3228]
s91. ~9 | ~1 [sat_conversion 5165]
s99. ~50 | ~9 | 52 | 53 | 54 [sat_conversion 5338]
s102. ~9 | 47 | 48 | 49 | 55 | 56 [sat_conversion 5401]
s104. ~5 | ~1 [sat_conversion 5584]
s115. ~11 | 47 | 48 | 49 | 55 | 58 [sat_conversion 5742]
s129. ~10 | 45 [sat_conversion 6040]
s131. ~19 | ~17 | ~1 [sat_conversion 6156]
s134. ~37 | ~17 | ~14 | ~10 | ~1 | 25 [sat_conversion 6277]
s139. ~25 | ~23 | ~1 [sat_conversion 6361]
s143. ~42 | ~12 [sat_conversion 6524]
s151. ~24 | ~13 | ~4 | 5 | 47 | 48 | 49 [sat_conversion 6558]
s157. ~52 | ~37 [sat_conversion 6707]
s162. ~45 | ~13 [sat_conversion 8385]
s164. ~12 | 13 [sat_conversion 8401]
s165. ~35 | ~11 | 9 [sat_conversion 8538]
s172. ~49 | ~11 [sat_conversion 8798]
s177. ~24 | ~4 | 29 [sat_conversion 8850]
s182. ~32 | ~4 | 21 [sat_conversion 8871]
s190. ~45 | ~11 [sat_conversion 9990]
s198. ~12 | ~1 | 23 [sat_conversion 10176]
s206. ~26 | ~10 | ~6 [sat_conversion 10742]
s209. ~10 | ~6 | ~1 | 18 [sat_conversion 11133]
s210. ~45 | ~10 | ~6 | ~1 [sat_conversion 11145]
s213. ~13 | ~6 | 26 [sat_conversion 11199]
s221. ~21 | ~13 | ~12 | ~1 [sat_conversion 11353]
s236. ~19 | ~14 | ~6 | ~1 | 10 [sat_conversion 12380]
s237. ~55 [sat_conversion 23223]
s263. ~41 | ~12 | 55 [sat_conversion 31402]
s362. 9 | 10 | 11 | 46 [sat_conversion 40909]
s422. ~12 | 46 | 128 [sat_conversion 47773]
s474. ~38 | ~13 | ~6 | ~1 | 9 | 10 | 11 | 17 [sat_conversion 50257]
s476. ~38 | ~35 | ~13 | 9 | 10 | 11 [sat_conversion 50273]
s478. ~52 | ~38 [sat_conversion 50277]
s495. ~14 | ~13 | ~6 | ~1 | 9 | 10 | 11 [sat_conversion 51040]
s498. ~11 | ~1 | 27 | 35 | 36 | 37 [sat_conversion 52752]
s507. ~26 | ~6 | 12 [sat_conversion 53585]
s639. ~145 | ~11 | 128 [sat_conversion 60757]
s699. ~48 | ~47 [sat_conversion 62665]
s701. ~58 | ~56 [sat_conversion 62669]
s703. ~158 | ~56 [sat_conversion 62672]
s704. ~199 | ~56 [sat_conversion 62674]
s706. ~50 | ~11 | 128 [sat_conversion 62689]
s713. ~158 | ~58 [sat_conversion 62901]
s716. ~144 | ~11 | 128 [sat_conversion 62917]
s729. ~11 | 75 [sat_conversion 63340]
s730. ~11 | 66 [sat_conversion 63341]
s736. ~36 | ~14 | ~6 | ~1 | 9 [sat_conversion 63527]
s737. ~48 | ~36 | ~11 | 144 [sat_conversion 63529]
s740. ~66 | ~38 | ~11 | 36 [sat_conversion 63647]
s743. ~66 | ~40 | 10 [sat_conversion 63795]
s746. ~42 | ~28 | ~6 | 4 [sat_conversion 63999]
s747. ~39 | ~11 | 246 [sat_conversion 64260]
s751. ~66 | ~47 | ~27 | ~14 | ~11 | ~8 | ~6 | ~1 | 77 [sat_conversion 64816]
s759. ~251 | ~27 | ~1 | 8 [sat_conversion 66001]
s765. ~6 | 21 | 42 | 55 | 254 | 255 [sat_conversion 66814]
s766. ~6 | 21 | 42 | 55 | 254 | 256 [sat_conversion 66818]
s775. ~46 | 55 | 145 [sat_conversion 70587]
s779. ~250 | ~11 [sat_conversion 72275]
s786. ~75 | ~58 | 51 [sat_conversion 75540]
s787. ~75 | ~66 | ~58 | ~11 | 51 | 55 [sat_conversion 75550]
s788. 47 | 48 | 49 | 51 [sat_conversion 75563]
s795. ~75 | ~66 | ~11 | 47 | 55 | 265 | 266 [sat_conversion 76811]
s828. ~47 | ~11 | 251 [sat_conversion 77600]
s830. ~11 | 272 | 273 [sat_conversion 77633]
s842. ~66 | ~47 | ~37 | ~11 | 144 [sat_conversion 78000]
s847. ~66 | ~37 | ~17 | ~14 | ~11 | ~6 | ~1 | 18 | 19 | 27 [sat_conversion 78257]
s849. ~66 | ~27 | ~11 | ~8 | ~1 | 47 [sat_conversion 78273]
s851. ~66 | ~27 | ~1 | 47 [sat_conversion 78295]
s854. ~6 | 28 | 32 | 33 | 55 | 280 [sat_conversion 78832]
s856. ~39 | ~19 | ~11 | ~6 | ~1 | 14 | 15 | 16 | 42 [sat_conversion 78961]
s862. ~19 | ~15 | ~6 | ~1 | 5 | 55 [sat_conversion 78990]
s864. ~66 | ~19 | ~16 | ~6 | ~1 | 14 [sat_conversion 79422]
s867. ~66 | ~16 | ~11 | ~6 | ~1 | 38 [sat_conversion 79471]
s872. ~270 | ~42 | ~6 | 4 | 55 [sat_conversion 79656]
s892. ~66 | ~51 | ~42 | ~11 | 55 [sat_conversion 86512]
s905. ~51 | ~11 | 38 | 39 | 40 | 50 [sat_conversion 86798]
s909. ~36 | ~11 | ~6 | ~1 | 16 [sat_conversion 86860]
s916. ~51 | 56 | 58 | 181 | 290 [sat_conversion 87085]
s922. ~75 | ~11 | 56 | 58 | 128 | 158 [sat_conversion 87124]
s925. ~51 | ~39 | ~11 | 288 | 291 | 292 | 293 [sat_conversion 87156]
s931. ~272 | 55 | 58 [sat_conversion 87623]
s932. 55 | 56 | 58 | 181 | 199 [sat_conversion 87744]
s933. ~199 | ~11 [sat_conversion 87867]
s934. 51 | 158 | 294 | 295 | 296 | 297 | 298 [sat_conversion 88032]
s937. ~66 | ~20 | ~11 | ~6 | ~1 | 36 [sat_conversion 88374]
s944. ~17 | ~6 | ~1 | 14 | 16 | 55 | 299 [sat_conversion 88470]
s955. ~18 | ~6 | ~1 | 10 [sat_conversion 89254]
s960. ~11 | 38 | 39 | 40 | 42 [sat_conversion 89324]
s963. ~19 | ~6 | ~1 | 14 | 16 | 38 | 39 | 40 | 56 [sat_conversion 89342]
s972. ~42 | 288 [sat_conversion 90026]
s987. ~296 | ~66 | ~54 | ~11 | 58 [sat_conversion 92222]
s997. ~181 | ~158 | ~6 | 4 [sat_conversion 92484]
s1006. ~6 | 28 | 127 [sat_conversion 92544]
s1010. ~24 | ~6 | ~4 | 254 [sat_conversion 92551]
s1019. ~294 | ~56 | 37 [sat_conversion 92609]
s1026. ~181 | 158 [sat_conversion 92660]
s1048. ~298 | ~66 | ~42 [sat_conversion 92849]
s1074. ~66 | ~48 | ~11 | 270 | 271 [sat_conversion 93363]
s1080. ~37 | ~17 | ~8 | ~6 | ~1 | 25 [sat_conversion 95059]
s1081. ~37 | ~17 | ~8 | ~6 | ~1 | 25 [sat_conversion 95061]
s1086. ~56 | ~19 | ~6 | ~1 | 51 [sat_conversion 95252]
s1107. ~246 | ~66 | 300 [sat_conversion 96444]
s1113. ~299 | 9 [sat_conversion 97114]
s1141. ~66 | ~47 | ~36 [sat_conversion 97277]
s1145. ~36 | ~17 | ~6 | ~1 | 26 [sat_conversion 97318]
s1154. ~294 | ~58 | 52 [sat_conversion 97427]
s1160. ~20 | ~16 | ~6 | ~1 | 5 | 55 [sat_conversion 97491]
s1162. ~127 | ~66 | ~11 | 47 | 49 | 55 | 314 [sat_conversion 97495]
s1197. ~66 | 11 [sat_conversion 98096]
s1258. ~278 | ~1 | 25 | 47 | 48 | 49 | 55 [sat_conversion 104151]
s1299. ~39 | ~19 | ~13 | ~8 | ~6 | ~1 | 9 | 10 | 11 [sat_conversion 107933]
s1307. ~13 | ~12 | 4 [sat_conversion 109333]
s1319. ~48 | ~13 [sat_conversion 110787]
s1320. ~48 | ~40 [sat_conversion 110791]
s1396. ~300 | 39 [sat_conversion 116689]
s1400. ~40 | ~37 | ~20 | ~13 | ~12 | ~6 | ~1 | 9 | 10 | 11 | 247 [sat_conversion 117371]
s1404. ~247 | ~40 | ~37 | ~13 | ~12 | ~6 | ~1 | 9 | 10 | 11 | 16 [sat_conversion 119435]
s1431. ~35 | 52 [sat_conversion 119485]
s1440. ~40 | ~35 | ~13 | ~12 | 9 | 10 | 11 [sat_conversion 119592]
s1507. ~39 | ~13 | 9 | 10 | 11 | 300 [sat_conversion 119754]
s1509. ~35 | ~20 | ~13 | ~12 | ~6 | ~1 | 9 | 10 | 11 | 68 [sat_conversion 119941]
s1539. ~68 | ~35 | ~26 | ~13 | ~6 | ~1 | 16 [sat_conversion 121097]
s1546. ~53 | 40 [sat_conversion 126832]
s1566. ~84 | ~13 | 9 | 10 | 11 [sat_conversion 130846]
s1570. ~128 | 55 [sat_conversion 131377]
s1646. ~54 | ~39 | ~37 | ~26 | ~20 | ~13 | ~12 | ~6 | ~1 | 9 | 10 | 11 | 16 [sat_conversion 147101]
s1717. ~35 | ~17 | ~13 | ~6 | ~1 | 9 | 10 | 11 [sat_conversion 147778]
s1723. ~36 | 38 [sat_conversion 147799]
s1729. ~39 | ~38 | 301 [sat_conversion 147811]
s1731. ~36 | ~16 | ~13 | ~6 | ~1 | 9 | 10 | 11 [sat_conversion 147833]
s1735. ~23 | ~12 | 1 [sat_conversion 147907]
s1736. ~12 | ~3 | 27 [sat_conversion 147933]
s1737. ~6 | ~2 [sat_conversion 147987]
s1750. ~16 | ~13 | ~6 | ~3 | 320 [sat_conversion 148478]
s1754. ~17 | ~13 | ~6 | ~3 | 9 | 10 | 11 | 53 [sat_conversion 148621]
s1756. ~286 | ~39 | ~13 | ~6 | ~3 | 9 | 10 | 11 | 14 [sat_conversion 149522]
s1763. ~248 | 49 | 55 [sat_conversion 150539]
s1764. ~248 | 35 | 36 | 37 [sat_conversion 150544]
s1765. ~248 | ~13 [sat_conversion 150575]
s1856. ~51 | ~13 | ~12 | 9 | 10 | 11 | 38 | 39 | 40 [sat_conversion 151191]
s1874. ~40 | ~13 | ~6 | ~3 | 9 | 10 | 11 | 17 [sat_conversion 151217]
s1935. ~34 | ~13 [sat_conversion 156539]
s1948. ~26 | ~9 | ~6 [sat_conversion 156825]
s1956. ~199 | ~9 [sat_conversion 156977]
s1980. ~12 | ~9 | 128 [sat_conversion 158796]
s2031. ~9 | 37 [sat_conversion 162017]
s2201. ~49 | 248 [sat_conversion 172355]
s2206. ~255 | ~254 [sat_conversion 173358]
s2242. ~254 | ~33 | ~6 | 4 [sat_conversion 179442]
s2286. ~8 | 22 | 23 | 55 | 340 | 342 [sat_conversion 181939]
s2288. ~56 | ~22 | 1 | 2 | 3 [sat_conversion 182115]
s2310. ~6 | 1 | 2 | 3 | 19 | 304 [sat_conversion 183255]
s2314. ~23 | 1 | 2 | 3 | 56 [sat_conversion 183272]
s2319. ~58 | ~22 | 1 | 2 | 3 [sat_conversion 183323]
s2325. ~54 | ~49 [sat_conversion 183518]
s2329. ~54 | ~49 | ~9 [sat_conversion 183537]
s2331. ~296 | ~58 | 54 [sat_conversion 183550]
s2334. ~295 | ~58 | 53 [sat_conversion 183600]
s2337. ~27 | ~8 | 340 [sat_conversion 183988]
s2345. ~18 | ~9 | ~6 | 1 | 2 | 3 | 48 | 55 [sat_conversion 184788]
s2350. ~145 | ~49 | 11 [sat_conversion 185011]
s2353. ~49 | ~9 | 144 [sat_conversion 185021]
s2355. ~21 | ~6 | 10 [sat_conversion 185123]
s2384. ~48 | ~9 | 278 [sat_conversion 185654]
s2386. ~48 | ~23 | ~9 | 2 [sat_conversion 185679]
s2389. ~144 | ~3 | 23 [sat_conversion 185725]
s2400. ~48 | ~9 | 33 [sat_conversion 185923]
s2416. ~347 | ~22 | ~3 | 8 [sat_conversion 186076]
s2417. ~256 | ~48 | ~9 | 77 [sat_conversion 186170]
s2421. ~342 | ~3 | 242 [sat_conversion 186411]
s2422. ~77 | ~3 | 22 | 34 | 55 | 340 | 349 [sat_conversion 186474]
s2435. ~3 | 22 | 34 | 55 | 340 | 350 [sat_conversion 187397]
s2444. ~158 | 1 | 2 | 3 | 25 [sat_conversion 187911]
s2445. ~33 | ~6 | 1 | 2 | 3 | 14 [sat_conversion 187912]
s2458. ~296 | ~56 | 35 [sat_conversion 188007]
s2459. ~17 | ~6 | 1 | 2 | 3 | 21 [sat_conversion 188080]
s2486. ~319 | 48 | 55 [sat_conversion 188389]
s2489. ~332 | 49 | 55 [sat_conversion 188527]
s2492. ~67 | ~17 | ~16 | ~6 | ~3 | 23 [sat_conversion 188606]
s2498. ~340 | ~9 | ~3 [sat_conversion 191184]
s2500. ~9 | 47 | 48 | 49 | 55 | 352 [sat_conversion 191873]
s2502. 55 | 144 | 145 | 347 | 353 [sat_conversion 191941]
s2503. 50 | 55 | 144 | 145 | 347 [sat_conversion 191942]
s2507. ~347 | 11 [sat_conversion 193926]
s2542. 50 | 144 | 145 | 347 [sat_conversion 196647]
s2549. ~10 | ~9 [sat_conversion 196827]
s2552. ~21 | ~9 | ~6 [sat_conversion 196833]
s2554. ~270 | ~45 | 55 [sat_conversion 196841]
s2564. 1 | 2 | 3 | 8 [sat_conversion 197168]
s2575. ~77 | ~45 | ~6 | 4 | 26 | 33 | 55 [sat_conversion 197259]
s2602. ~242 | ~34 [sat_conversion 198174]
s2613. ~342 | ~54 | ~9 | ~6 | ~3 | 17 [sat_conversion 199877]
s2622. ~48 | ~37 | ~9 | ~6 | 4 | 38 | 39 | 40 | 55 [sat_conversion 200582]
s2637. ~9 | ~3 | 23 | 52 | 53 | 54 [sat_conversion 200876]
s2643. ~145 | ~8 | ~3 | 340 [sat_conversion 200888]
s2664. ~56 | ~49 | ~9 [sat_conversion 201473]
s2665. ~144 | ~34 | ~3 | 8 [sat_conversion 201745]
s2679. ~40 | ~19 | ~9 | ~6 | ~3 [sat_conversion 202255]
s2721. ~23 | ~9 | ~3 | 49 [sat_conversion 202302]
s2800. ~254 | ~39 | ~28 | ~16 | ~9 | ~6 | 18 [sat_conversion 203117]
s2843. ~40 | ~9 | 53 [sat_conversion 206539]
s2849. ~353 | ~51 | ~16 | ~6 | 42 [sat_conversion 207094]
s2850. ~37 | ~23 | ~16 | ~9 | ~8 | ~6 | 242 [sat_conversion 207408]
s2853. ~144 | ~23 | ~9 | 1 | 2 | 3 [sat_conversion 207755]
s2903. ~19 | ~6 | 22 | 84 [sat_conversion 208812]
s2906. ~23 | ~16 | ~8 | ~6 | 17 | 18 | 55 | 84 [sat_conversion 208831]
s2908. ~56 | ~6 | 21 | 42 | 55 | 84 | 254 [sat_conversion 208833]
s2909. ~256 | ~145 | ~40 | ~23 | ~19 | ~9 | ~6 | 1 | 2 | 3 [sat_conversion 209113]
s2936. ~42 | ~23 | ~19 | ~9 | ~6 [sat_conversion 209529]
s2939. ~198 | 45 [sat_conversion 209734]
s2943. ~198 | ~9 [sat_conversion 209752]
s2950. ~56 | ~32 | ~23 | ~9 | ~6 | 1 | 2 | 3 [sat_conversion 209908]
s2971. ~25 | ~8 | 342 [sat_conversion 210152]
s2984. ~342 | ~58 | 1 | 2 | 3 [sat_conversion 210389]
s2988. ~6 | 17 | 18 | 19 | 55 | 367 [sat_conversion 210494]
s2989. ~342 | ~6 | 17 | 18 | 55 | 84 | 367 [sat_conversion 210503]
s3003. ~9 | ~6 | 1 | 2 | 3 | 18 | 38 | 39 | 40 [sat_conversion 210777]
s3007. ~51 | ~9 | 38 | 39 | 40 [sat_conversion 210839]
s3022. ~39 | ~9 | 247 [sat_conversion 211137]
s3026. ~39 | ~9 | 300 [sat_conversion 211145]
s3030. ~39 | ~33 | ~9 [sat_conversion 211156]
s3059. ~304 | ~6 | 1 | 2 | 3 | 17 | 18 | 55 | 288 [sat_conversion 211402]
s3060. ~254 | ~6 | 1 | 2 | 3 | 18 [sat_conversion 211404]
s3094. ~242 | ~84 | ~53 | ~9 | 198 | 247 [sat_conversion 211765]
s3112. ~367 | ~6 | 20 [sat_conversion 212330]
s3121. ~18 | ~9 | ~6 | ~3 | 14 [sat_conversion 212366]
s3122. ~50 | ~3 | 25 [sat_conversion 212387]
s3134. ~40 | ~17 | ~9 | ~6 | ~3 [sat_conversion 212435]
s3143. ~246 | ~39 | 11 [sat_conversion 212475]
s3158. ~51 | ~39 | ~28 | ~22 | ~9 | ~6 | ~3 | 48 [sat_conversion 212576]
s3175. ~39 | ~14 | ~9 | ~6 | ~3 [sat_conversion 212975]
s3178. ~17 | ~6 | ~3 | 14 | 16 | 55 | 369 [sat_conversion 213016]
s3195. ~144 | ~8 | ~3 | 34 [sat_conversion 213027]
s3215. ~6 | ~3 | 17 | 18 | 19 | 45 [sat_conversion 214163]
s3221. ~20 | ~6 | ~3 | 45 [sat_conversion 214317]
s3228. ~34 | ~9 | 248 [sat_conversion 214457]
s3281. ~369 | ~9 [sat_conversion 215710]
s3305. ~145 | ~56 | ~22 | ~3 [sat_conversion 216969]
s3321. ~144 | ~42 | 297 [sat_conversion 216994]
s3335. ~254 | ~56 | ~50 | ~9 | 11 [sat_conversion 217320]
s3360. ~247 | ~9 | 300 [sat_conversion 217519]
s3361. ~50 | ~33 | ~22 | ~3 | 56 [sat_conversion 217613]
s3393. ~158 | ~145 | ~22 | ~3 [sat_conversion 217998]
s3409. ~25 | ~8 | ~3 | 242 [sat_conversion 218033]
s3453. ~242 | ~50 | ~3 | 8 [sat_conversion 218266]
s3475. ~33 | ~14 | ~9 | ~6 | ~3 [sat_conversion 218612]
s3532. ~49 | ~34 | 9 [sat_conversion 218667]
s3534. ~10 | 50 | 52 | 53 | 54 [sat_conversion 218672]
s3551. ~199 | ~10 [sat_conversion 221181]
s3565. ~10 | 77 [sat_conversion 221335]
s3633. ~10 | 39 [sat_conversion 224757]
s3733. ~66 | ~11 | 54 [sat_conversion 227130]
s3769. ~75 | ~3 | 22 [sat_conversion 229668]
s3771. ~352 | ~162 | 55 [sat_conversion 229680]
s3818. ~75 | ~66 | ~6 | ~3 [sat_conversion 239142]
s3843. ~251 | ~47 | 11 [sat_conversion 239367]
s3850. ~251 | ~181 | ~77 | 34 [sat_conversion 241624]
s3864. ~3 | 22 | 34 | 340 | 342 [sat_conversion 248841]
s3881. ~48 | ~39 [sat_conversion 249118]
s3882. ~295 | ~56 | 36 [sat_conversion 249149]
s3953. ~52 | 35 [sat_conversion 249932]
s3954. ~52 | 35 [sat_conversion 249934]
s4083. ~52 | ~26 | ~13 | ~6 | 35 [sat_conversion 250792]
s4089. ~47 | ~13 [sat_conversion 253405]
s4306. ~22 | ~12 | ~8 | ~3 [sat_conversion 270493]
s4402. ~382 | 198 [sat_conversion 285833]
s4403. ~382 | ~6 | ~3 | 16 [sat_conversion 285835]
s4457. ~300 | ~52 | ~35 | ~18 | ~13 | ~6 | ~3 | 9 | 10 | 11 | 68 [sat_conversion 292400]
s4458. ~68 | ~39 | ~35 | ~26 | ~13 | ~6 | 286 [sat_conversion 292406]
s4473. ~54 | ~39 | ~18 | ~13 | ~12 | ~6 | ~3 | 9 | 10 | 11 | 15 | 16 [sat_conversion 304485]
s4490. ~301 [sat_conversion 304530]
s4498. ~15 | ~6 | ~3 | 11 [sat_conversion 305132]
s4505. ~54 | ~36 | ~18 | ~13 | ~12 | ~6 | ~3 | 9 | 10 | 11 [sat_conversion 305767]
s4524. ~40 | ~14 | ~13 | ~6 | ~3 | 9 | 10 | 11 [sat_conversion 305965]
s4537. ~54 | ~40 [sat_conversion 305992]
s4620. ~292 | ~33 | 250 [sat_conversion 308542]
s4637. 250 | 251 | 337 | 387 [sat_conversion 310767]
s4638. 55 | 250 | 251 | 337 | 387 [sat_conversion 310768]
s4694. ~271 | ~66 | ~11 | 50 | 55 [sat_conversion 314334]
s4743. ~314 | ~66 | ~33 | ~27 | ~19 | ~14 | ~11 | ~6 | 276 [sat_conversion 322717]
s4749. ~314 | ~276 | ~66 | ~37 | ~11 [sat_conversion 327654]
s4756. ~66 | ~47 | ~27 | 1 [sat_conversion 328061]
s4769. ~66 | ~58 | ~47 | ~11 [sat_conversion 328227]
s4770. ~66 | ~47 | ~27 | ~11 | 1 [sat_conversion 328269]
s4783. ~293 | ~66 | ~58 [sat_conversion 328773]
s4809. ~66 | ~32 | ~27 | ~6 [sat_conversion 330114]
s4813. ~75 | ~66 | ~28 | ~27 | ~6 | 2 [sat_conversion 330321]
s4817. ~33 | ~18 | ~6 | 1 | 2 | 3 [sat_conversion 330348]
s4818. ~255 | ~6 | 1 | 2 | 3 | 19 [sat_conversion 330351]
s4841. ~66 | ~11 | 48 | 49 | 391 | 393 [sat_conversion 330489]
s4866. ~291 | ~56 | ~32 | ~6 [sat_conversion 330867]
s4957. ~23 | 9 | 396 | 397 | 398 [sat_conversion 332223]
s4974. ~75 | ~66 | ~7 | 4 [sat_conversion 333312]
s4980. ~387 | ~5 | 26 [sat_conversion 333348]
s4982. ~251 | ~20 | ~5 | 1 | 2 | 3 [sat_conversion 333350]
s4989. ~391 | 47 | 55 [sat_conversion 333793]
s4995. ~397 | ~66 | ~20 | ~11 | ~5 [sat_conversion 334053]
s4998. ~396 | ~37 | 1 [sat_conversion 334171]
s5015. ~397 | ~75 | ~66 | ~48 | ~17 | ~11 | ~5 | 9 [sat_conversion 334349]
s5018. ~398 | ~75 | ~66 | ~17 | ~11 | ~5 [sat_conversion 334379]
s5030. ~397 | ~66 | ~48 | ~23 | ~18 | ~11 | ~5 [sat_conversion 334992]
s5050. ~48 | 1 | 2 | 3 | 397 [sat_conversion 335648]
s5056. ~397 | ~48 | ~11 | ~5 | 17 | 18 | 20 | 55 | 289 [sat_conversion 335687]
s5067. ~289 | ~48 | ~11 | ~5 | 30 [sat_conversion 335724]
s5093. ~387 | ~5 | 1 | 2 | 3 | 17 | 18 | 20 | 55 [sat_conversion 337305]
s5094. ~387 | ~5 | 1 | 2 | 3 | 15 [sat_conversion 337330]
s5114. ~5 | 17 | 18 | 20 | 55 | 406 [sat_conversion 337642]
s5116. ~397 | ~39 | 2 [sat_conversion 337796]
s5118. ~47 | 1 | 2 | 3 | 396 [sat_conversion 337972]
s5124. ~11 | ~5 | 1 | 2 | 3 | 20 | 35 | 36 | 37 [sat_conversion 338049]
s5126. ~56 | 1 | 2 | 3 | 23 [sat_conversion 338100]
s5127. ~56 | ~8 | 1 | 2 | 3 | 23 [sat_conversion 338101]
s5148. ~66 | ~37 | ~16 | ~11 | ~5 | 1 [sat_conversion 339133]
s5154. ~181 | ~66 | ~48 | ~30 | ~11 | ~5 [sat_conversion 339944]
s5160. ~397 | ~337 | ~181 | ~158 | ~48 | ~18 | ~11 | ~5 | 10 [sat_conversion 342535]
s5174. ~75 | ~66 | ~37 | ~18 | ~15 | ~11 | ~5 [sat_conversion 342628]
s5199. ~398 | ~1 | 35 [sat_conversion 342893]
s5208. ~30 | ~29 [sat_conversion 343186]
s5270. ~342 | ~251 | ~1 [sat_conversion 344822]
s5291. ~31 | ~30 [sat_conversion 345441]
s5331. ~306 | ~75 | ~66 | ~48 | ~11 [sat_conversion 347605]
s5340. ~408 | ~387 | ~181 | ~158 | ~66 | ~48 | ~42 | ~37 | ~19 | ~11 | ~1 [sat_conversion 347679]
s5356. ~337 | ~1 | 5 | 6 | 7 | 17 [sat_conversion 347801]
s5371. ~75 | ~66 | ~7 | ~1 [sat_conversion 348271]
s5397. ~408 | ~387 | ~48 | ~11 | ~1 | 19 [sat_conversion 348936]
s5417. ~22 | ~1 | 337 [sat_conversion 348940]
s5419. ~181 | ~66 | ~48 | ~25 | ~11 | ~1 [sat_conversion 349184]
s5451. ~266 | ~48 | 55 [sat_conversion 350406]
s5456. ~281 | ~56 | 51 [sat_conversion 350450]
s5464. ~48 | ~11 | 412 [sat_conversion 350688]
s5503. ~337 | ~1 | 22 [sat_conversion 351506]
s5521. ~387 | ~25 | ~1 | 8 [sat_conversion 351567]
s5530. ~408 | ~387 | ~56 | ~48 | ~11 | ~4 | ~1 | 15 [sat_conversion 351637]
s5534. ~51 | ~39 | ~11 | 246 [sat_conversion 351686]
s5540. ~300 | ~246 | ~51 | 58 [sat_conversion 351697]
s5559. ~408 | ~39 | 6 [sat_conversion 352555]
s5574. ~270 | ~66 | ~39 | ~11 | 55 [sat_conversion 352859]
s5582. ~273 | 47 | 48 | 49 [sat_conversion 352980]
s5596. ~394 | ~337 | ~66 | ~37 | ~17 | ~11 | ~4 | ~1 | 385 [sat_conversion 354787]
s5604. ~385 | 9 [sat_conversion 355425]
s5614. ~385 | ~11 [sat_conversion 355528]
s5641. ~396 | ~1 | 37 [sat_conversion 355761]
s5654. ~412 | ~75 | ~66 | ~36 | ~17 | ~11 | ~1 | 5 | 6 | 7 | 55 [sat_conversion 356391]
s5657. ~66 | ~58 | ~25 | ~17 | ~11 | ~1 | 5 | 6 | 7 | 270 [sat_conversion 356440]
s5672. ~66 | ~58 | ~23 | ~17 | ~11 | ~1 | 5 | 6 | 7 | 55 | 251 [sat_conversion 356665]
s5678. ~340 | ~66 | ~36 | ~11 | ~1 [sat_conversion 356734]
s5683. ~251 | ~17 | ~1 | 5 | 6 | 7 [sat_conversion 356758]
s5757. ~412 | ~394 | 242 [sat_conversion 363254]
s5758. ~412 | 270 [sat_conversion 363257]
s5766. ~412 | ~66 | ~38 | ~11 [sat_conversion 363295]
s5775. 33 | 55 | 280 | 412 | 414 [sat_conversion 363493]
s5781. ~280 | 12 [sat_conversion 363697]
s5788. ~280 | ~11 [sat_conversion 363777]
s5814. ~11 | 35 | 36 | 37 | 404 [sat_conversion 363964]
s5818. ~288 | ~66 | ~11 | 319 [sat_conversion 364073]
s5836. ~387 | ~270 | ~181 | 55 | 417 [sat_conversion 364443]
s5837. ~412 | ~351 | 246 [sat_conversion 364452]
s5840. ~54 | ~3 | 398 [sat_conversion 364653]
s5855. ~75 | ~19 | ~3 | 6 [sat_conversion 364857]
s5900. ~66 | ~18 | ~5 | ~3 [sat_conversion 365800]
s5909. ~412 | ~8 | ~2 | 27 [sat_conversion 365895]
s5930. ~414 | ~412 [sat_conversion 366053]
s5933. ~37 | ~29 | ~5 | 307 [sat_conversion 366516]
s5941. ~66 | ~48 | ~20 | ~11 | ~5 | ~2 [sat_conversion 366927]
s5944. ~406 | ~2 | 299 [sat_conversion 366951]
s5947. ~48 | ~5 | ~2 | 17 | 20 | 55 | 276 | 299 [sat_conversion 366967]
s5970. ~251 | ~66 | ~37 | ~11 [sat_conversion 367937]
s5981. ~11 | ~5 | 4 | 35 | 37 | 408 [sat_conversion 368022]
s5991. ~407 | ~5 | 37 [sat_conversion 368071]
s5996. ~54 | ~11 | 35 | 36 | 37 | 306 [sat_conversion 368098]
s6004. ~417 | ~56 | 298 [sat_conversion 368156]
s6005. ~66 | ~56 | ~48 | ~11 | ~5 | ~2 | 17 [sat_conversion 368160]
s6011. ~276 | ~265 | ~66 | ~48 | ~11 | ~5 | 29 [sat_conversion 368335]
s6012. ~56 | ~15 | ~5 | ~2 | 51 [sat_conversion 368429]
s6018. ~158 | ~66 | ~48 | ~17 | ~11 | ~5 | ~2 [sat_conversion 369117]
s6021. ~291 | ~33 | 387 [sat_conversion 369129]
s6041. ~39 | ~2 | 397 [sat_conversion 369483]
s6043. ~33 | ~8 | ~2 | 23 [sat_conversion 369511]
s6045. ~66 | ~27 | ~2 | 47 | 48 | 49 [sat_conversion 369516]
s6082. ~39 | ~20 | ~5 | ~2 | 286 [sat_conversion 369739]
s6083. ~287 | ~39 | ~5 | ~2 | 18 [sat_conversion 369741]
s6109. ~66 | ~39 | ~33 | ~18 | ~11 | ~5 | ~2 [sat_conversion 370996]
s6111. ~407 | ~66 | ~26 | ~17 | ~11 | ~5 | ~2 [sat_conversion 371048]
s6159. ~397 | ~2 | 39 [sat_conversion 372389]
s6161. ~251 | ~181 | ~75 | ~17 | ~5 | ~2 [sat_conversion 372394]
s6295. ~56 | ~17 | ~5 | ~2 | 55 | 281 | 297 | 417 [sat_conversion 373901]
s6296. ~56 | ~17 | ~5 | ~2 | 15 | 55 | 297 | 417 [sat_conversion 373917]
s6298. ~255 | 256 [sat_conversion 375962]
s6299. ~255 | ~56 | 84 [sat_conversion 375979]
s6315. ~22 | ~2 | 414 [sat_conversion 376403]
s6317. ~181 | ~158 | ~2 | 8 [sat_conversion 376408]
s6322. ~414 | ~2 | 8 | 33 | 280 | 418 [sat_conversion 376729]
s6327. ~414 | ~56 | 292 [sat_conversion 376904]
s6328. ~298 | ~56 | 417 [sat_conversion 377042]
s6330. ~251 | ~66 | ~18 | ~11 | ~5 | ~4 | ~2 | 407 | 408 | 409 [sat_conversion 377210]
s6377. ~394 | 291 [sat_conversion 377437]
s6411. ~409 | ~66 | ~11 | ~5 | 385 [sat_conversion 377675]
s6425. ~66 | ~38 | ~33 | ~18 | ~11 | ~5 | ~2 [sat_conversion 377949]
s6426. ~417 | ~20 | ~5 | ~2 [sat_conversion 378007]
s6466. ~387 | ~278 | ~66 | ~58 | ~11 | ~5 | 4 [sat_conversion 378100]
s6467. ~404 | ~54 | 306 [sat_conversion 378107]
s6473. ~306 | ~75 | ~66 | ~58 | ~11 [sat_conversion 378138]
s6478. ~387 | ~66 | ~38 | ~17 | ~11 | ~5 | ~2 [sat_conversion 378326]
s6522. ~75 | ~66 | ~7 | ~2 [sat_conversion 378967]
s6530. 47 | 419 [sat_conversion 379524]
s6535. ~278 | ~66 | ~58 | ~11 | 254 [sat_conversion 380137]
s6540. ~66 | ~58 | ~39 | ~37 | ~33 | ~11 | 278 [sat_conversion 381395]
s6553. ~254 | ~33 | ~2 | 8 [sat_conversion 381430]
s6576. ~38 | ~11 | 417 [sat_conversion 381654]
s6584. ~387 | ~66 | ~58 | ~36 | ~11 | 278 [sat_conversion 384033]
s6607. ~387 | 252 [sat_conversion 384305]
s6609. ~66 | ~56 | ~47 | ~23 | ~11 | ~2 [sat_conversion 384515]
s6623. ~292 | ~291 [sat_conversion 384557]
s6634. ~419 | ~66 | ~11 | 48 | 49 | 55 | 394 [sat_conversion 384697]
s6635. ~417 | ~66 | ~47 | ~11 | 50 [sat_conversion 384790]
s6643. ~419 | ~56 | 9 | 48 | 49 | 55 [sat_conversion 384864]
s6646. ~419 | ~56 | ~11 | 48 | 49 | 128 [sat_conversion 384883]
s6679. ~297 | ~56 | 45 [sat_conversion 387715]
s6680. ~297 | ~56 | 10 [sat_conversion 387726]
s6681. ~297 | ~66 | ~56 | ~11 | 10 [sat_conversion 387728]
s6682. ~297 | ~66 | ~56 | ~11 | 77 [sat_conversion 387730]
s6685. ~27 | ~2 | 42 [sat_conversion 387762]
s6704. ~11 | ~2 | 5 | 6 | 7 | 38 | 39 | 40 [sat_conversion 388258]
s6737. ~145 | ~7 | 31 [sat_conversion 388436]
s6738. ~340 | ~8 | 27 [sat_conversion 388438]
s6752. ~75 | 66 [sat_conversion 390693]
s6753. ~9 | 385 [sat_conversion 391355]
s6797. ~408 | ~48 | ~9 | ~7 [sat_conversion 393120]
s6809. ~337 | ~278 | ~48 | ~37 | ~29 | ~9 | 6 [sat_conversion 394809]
s6816. ~144 | ~7 | 29 [sat_conversion 395482]
s6828. ~352 | ~8 | 1 | 2 | 3 | 23 | 55 [sat_conversion 396650]
s6833. ~7 | 28 | 32 | 34 | 55 | 350 [sat_conversion 396764]
s6840. ~181 | ~50 | ~48 | ~9 | 404 [sat_conversion 400641]
s6858. ~404 | ~385 [sat_conversion 400712]
s6859. ~385 | ~181 | ~50 | ~48 | ~9 [sat_conversion 400714]
s6866. ~50 | ~7 | 30 [sat_conversion 400733]
s6871. ~158 | ~145 | 320 [sat_conversion 409620]
s6890. ~242 | ~181 | ~54 | ~33 | ~26 | ~9 | ~7 [sat_conversion 409859]
s6898. ~145 | ~9 | 52 | 53 | 54 [sat_conversion 409981]
s6903. ~9 | 337 [sat_conversion 409997]
s6956. ~20 | ~16 | ~3 [sat_conversion 410259]
s6959. ~242 | ~7 | 26 [sat_conversion 410328]
s6963. ~320 | ~7 | 28 | 34 | 242 [sat_conversion 410332]
s6990. ~387 | ~337 [sat_conversion 414315]
s6993. ~34 | ~7 | 24 [sat_conversion 414323]
s7004. ~418 | ~10 | 128 [sat_conversion 415531]
s7037. ~77 | ~33 | ~10 | 55 [sat_conversion 418044]
s7043. ~254 | ~10 | 128 [sat_conversion 418554]
s7094. ~387 | ~1 | 342 [sat_conversion 420481]
s7096. ~251 | ~1 | 340 [sat_conversion 420483]
s7099. ~1 | 22 | 250 | 340 | 342 [sat_conversion 420484]
s7244. ~13 | 291 [sat_conversion 423105]
s7245. ~33 | ~13 | 292 [sat_conversion 423129]
s7291. ~322 | ~7 | ~1 | 20 [sat_conversion 430601]
s7296. ~7 | ~1 | 17 | 18 | 55 | 322 | 425 [sat_conversion 430840]
s7409. ~268 | ~13 | 9 | 10 | 11 [sat_conversion 443737]
s7412. ~417 | ~300 | ~54 | ~13 | ~8 | ~7 | ~1 | 9 | 10 | 11 | 15 [sat_conversion 443854]
s7430. ~18 | ~7 | ~1 | 11 [sat_conversion 443976]
s7432. ~425 | ~7 | ~1 | 19 [sat_conversion 443987]
s7433. ~425 | ~23 | ~12 | ~7 | ~1 | 19 [sat_conversion 443989]
s7440. ~13 | ~7 | ~1 | 9 | 10 | 11 | 18 | 19 | 322 [sat_conversion 444042]
s7441. ~37 | ~19 | ~13 | ~8 | ~7 | ~1 | 9 | 10 | 11 | 417 [sat_conversion 444059]
s7442. ~145 | 11 | 52 | 53 | 54 [sat_conversion 444070]
s7581. ~40 | ~19 | ~13 | ~12 | ~7 | ~1 | 9 | 10 | 11 | 247 [sat_conversion 447575]
s7585. ~247 | ~40 | ~13 | ~7 | ~1 | 9 | 10 | 11 | 15 [sat_conversion 447686]
s7588. ~20 | ~7 | ~1 | 322 [sat_conversion 447711]
s7591. ~320 | ~7 | ~1 | 14 | 15 | 16 [sat_conversion 447873]
s7594. ~320 | ~13 | 9 | 10 | 11 [sat_conversion 447930]
s7636. 56 | 162 [sat_conversion 448172]
s7657. ~40 | ~39 [sat_conversion 450562]
s7680. ~407 | ~37 | 5 [sat_conversion 450638]
s7681. ~53 | ~7 | 408 [sat_conversion 450640]
s7690. ~255 | ~77 [sat_conversion 451075]
s7693. ~250 | ~10 [sat_conversion 451168]
s7747. ~40 | ~10 [sat_conversion 453464]
s7801. ~17 | ~7 | ~1 | 18 | 19 | 435 [sat_conversion 454859]
s7810. ~46 | ~10 | 55 [sat_conversion 455550]
s7881. ~350 | ~77 | 349 [sat_conversion 458038]
s7882. ~394 | ~387 | ~45 [sat_conversion 458041]
s7886. ~290 | ~77 | 55 [sat_conversion 458141]
s7903. ~242 | ~50 | ~7 | 4 [sat_conversion 458750]
s7934. ~77 | ~16 | ~10 | ~7 | ~1 | 385 [sat_conversion 459212]
s7936. ~404 | ~251 | ~1 | 8 [sat_conversion 459348]
s7943. ~393 | 52 | 53 | 54 [sat_conversion 459440]
s7944. ~181 | ~77 | ~10 | 393 [sat_conversion 459441]
s7953. ~14 | ~7 | ~1 | 32 | 268 [sat_conversion 459546]
s7969. ~181 | ~77 | ~25 | ~10 | ~1 [sat_conversion 460121]
s7970. ~404 | ~1 | 27 [sat_conversion 460125]
s7973. ~181 | ~77 | ~50 | ~10 | 42 [sat_conversion 461687]
s7991. ~45 | ~39 | 287 [sat_conversion 465462]
s8028. ~322 | ~251 | ~77 | ~37 | ~10 [sat_conversion 467409]
s8050. ~425 | ~77 | 35 [sat_conversion 467557]
s8060. ~77 | ~54 | ~34 | ~14 | ~10 | ~7 | ~1 [sat_conversion 467727]
s8067. ~306 | ~77 | ~34 | ~10 | 37 [sat_conversion 467775]
s8077. ~404 | ~8 | ~1 | 251 [sat_conversion 467796]
s8103. ~52 | ~7 | 407 [sat_conversion 467911]
s8121. ~337 | ~181 | ~77 | 56 [sat_conversion 467991]
s8123. ~349 | ~10 | 242 [sat_conversion 468002]
s8124. ~349 | ~54 [sat_conversion 468007]
s8136. ~349 | ~39 | ~10 | 242 [sat_conversion 468055]
s8149. ~337 | ~181 | ~158 | ~77 | ~45 | ~39 | 9 [sat_conversion 468091]
s8152. ~349 | ~77 | ~54 | ~10 [sat_conversion 468099]
s8156. ~349 | ~306 | ~77 | ~10 | 385 [sat_conversion 468108]
s8158. ~144 | ~34 | ~7 | 4 [sat_conversion 468117]
s8170. ~407 | ~20 | ~1 | 11 [sat_conversion 468143]
s8206. ~77 | ~68 | ~52 | ~10 | 417 [sat_conversion 468422]
s8207. ~320 | 67 | 68 | 355 [sat_conversion 468443]
s8222. ~417 | ~77 [sat_conversion 468962]
s8223. ~77 | ~35 | ~34 | ~17 | ~10 | ~7 | ~1 [sat_conversion 468969]
s8248. ~181 | ~144 | ~77 | ~10 | 404 [sat_conversion 469074]
s8255. ~35 | ~10 | ~7 | ~1 | 15 [sat_conversion 469230]
s8276. ~434 | 199 [sat_conversion 469576]
s8277. ~414 | ~58 | 293 [sat_conversion 469578]
s8295. ~419 | ~58 | ~10 | 48 | 49 | 55 [sat_conversion 470160]
s8299. ~419 | ~58 | ~10 | 48 | 49 | 128 [sat_conversion 470360]
s8309. ~77 | ~10 | 48 | 49 | 391 | 394 [sat_conversion 470630]
s8314. ~47 | ~22 | ~10 | ~1 [sat_conversion 470669]
s8320. ~47 | ~35 [sat_conversion 470682]
s8322. ~58 | ~10 | 48 | 49 | 391 [sat_conversion 470849]
s8330. ~25 | ~8 | ~1 | 387 [sat_conversion 470915]
s8356. ~77 | ~50 | ~47 | ~10 [sat_conversion 471858]
s8357. ~77 | ~15 | ~10 | ~7 | ~1 | 52 [sat_conversion 471880]
s8375. ~77 | ~35 | ~10 | 52 [sat_conversion 471894]
s8382. ~342 | ~77 | ~45 | ~39 | ~10 | ~1 | 47 [sat_conversion 471957]
s8387. ~77 | ~49 | ~25 | ~10 | ~1 [sat_conversion 472035]
s8444. ~77 | ~35 | ~32 | ~17 | ~10 | ~7 | ~1 | 42 [sat_conversion 472119]
s8452. ~242 | ~77 | ~45 | ~35 | ~17 | ~10 | ~7 | ~1 | 11 [sat_conversion 472217]
s8486. ~342 | ~77 | ~45 | ~39 | ~10 | ~1 | 25 [sat_conversion 472454]
s8487. ~28 | ~7 | 12 [sat_conversion 473001]
s8489. ~28 | ~10 | ~7 [sat_conversion 473016]
s8496. ~252 | ~77 | ~32 | ~8 | ~7 | ~1 | 404 [sat_conversion 473704]
s8536. ~7 | 28 | 32 | 34 | 242 [sat_conversion 473868]
s8543. ~322 | ~77 | ~58 | ~47 | ~10 [sat_conversion 474800]
s8558. ~277 | ~77 | ~56 | ~47 | ~10 [sat_conversion 475001]
s8611. ~77 | ~22 | ~10 | ~8 | ~1 | 385 [sat_conversion 475580]
s8613. ~22 | ~1 | 8 | 23 | 25 | 55 | 404 [sat_conversion 475674]
s8615. ~77 | ~49 | ~10 | 349 [sat_conversion 475781]
s8642. ~37 | ~20 | ~14 | ~10 | ~7 | ~1 | 15 [sat_conversion 476134]
s8650. ~22 | ~1 | 8 | 23 | 25 | 440 [sat_conversion 476474]
s8652. ~404 | ~77 | ~58 | ~49 | ~10 [sat_conversion 476819]
s8656. ~46 | ~13 | ~8 | ~1 | 9 | 35 | 36 | 37 [sat_conversion 476843]
s8676. ~12 | ~8 | ~1 | 250 [sat_conversion 476855]
s8722. ~38 | ~13 | 9 | 10 | 11 | 36 [sat_conversion 476916]
s8849. ~13 | 434 [sat_conversion 477139]
s8887. ~36 | ~22 | ~13 | ~12 | ~8 | ~1 | 9 | 10 | 11 | 382 [sat_conversion 484476]
s8931. ~13 | ~12 | 9 | 10 | 11 | 393 [sat_conversion 492724]
s8944. ~13 | ~8 | ~1 | 9 | 10 | 11 | 393 [sat_conversion 492726]
s8985. ~435 | ~7 | ~1 | 14 | 15 | 16 | 55 [sat_conversion 495791]
s8986. ~246 | ~36 | ~13 | ~12 | ~7 | ~1 | 9 | 10 | 11 | 15 [sat_conversion 495833]
s8996. ~35 | ~13 | ~7 | ~1 | 9 | 10 | 11 | 17 [sat_conversion 495862]
s9001. ~35 | ~13 | 9 | 10 | 11 | 436 [sat_conversion 495863]
s9060. ~52 | ~13 | ~7 | ~1 | 9 | 10 | 11 | 17 [sat_conversion 495907]
s9062. ~35 | ~23 | ~1 | 306 [sat_conversion 496237]
s9071. ~7 | ~3 [sat_conversion 496686]
s9162. ~16 | ~7 | ~2 | 10 [sat_conversion 506136]
s9172. ~434 | ~19 | ~13 | ~7 | ~2 | 9 | 10 | 11 | 66 [sat_conversion 506624]
s9174. ~19 | ~7 | ~2 | 55 | 369 [sat_conversion 506628]
s9176. ~434 | ~39 | ~17 | ~13 | ~7 | ~2 | 9 | 10 | 11 [sat_conversion 506887]
s9178. ~434 | ~20 | ~7 | ~2 | 320 [sat_conversion 507171]
s9180. ~434 | ~39 | ~18 | ~13 | ~7 | ~2 | 9 | 10 | 11 | 286 [sat_conversion 508149]
s9181. ~436 | ~286 | ~39 | 68 [sat_conversion 508432]
s9191. ~68 | ~35 | ~13 | 9 | 10 | 11 | 417 [sat_conversion 508556]
s9195. ~417 | ~300 | ~7 | ~2 | 14 [sat_conversion 508586]
s9242. ~13 | ~7 | 9 | 10 | 11 | 32 | 52 | 53 | 54 [sat_conversion 508664]
s9248. ~436 | 35 [sat_conversion 508901]
s9294. ~448 | ~434 | ~13 | 9 | 10 | 11 | 436 [sat_conversion 515041]
s9295. ~448 | ~434 | ~36 | ~13 | 9 | 10 | 11 [sat_conversion 515043]
s9297. 322 | 448 | 449 | 450 [sat_conversion 515765]
s9299. 55 | 322 | 448 | 449 | 450 [sat_conversion 515768]
s9300. 55 | 322 | 425 | 448 | 449 [sat_conversion 515769]
s9303. ~449 | 11 [sat_conversion 516290]
s9329. ~425 | ~246 | ~36 | ~13 | ~12 | ~7 | ~2 | 9 | 10 | 11 [sat_conversion 518371]
s9349. ~434 | ~322 | 320 [sat_conversion 519933]
s9375. ~40 | ~13 | ~7 | ~2 | 9 | 10 | 11 | 17 [sat_conversion 519991]
s9449. ~40 | ~17 | ~13 | ~12 | ~7 | ~2 | 9 | 10 | 11 [sat_conversion 520752]
s9477. ~145 | ~48 | ~9 | ~7 | ~2 | 20 [sat_conversion 520805]
s9491. ~33 | ~8 | ~2 | 254 [sat_conversion 520841]
s9570. ~425 | ~385 [sat_conversion 526383]
s9596. ~448 | ~385 [sat_conversion 529838]
s9597. ~385 | ~67 | ~54 | ~14 | ~9 | ~7 | ~2 [sat_conversion 530210]
s9610. ~17 | ~7 | ~2 | 14 | 16 | 55 | 455 [sat_conversion 530297]
s9612. ~58 | ~17 | ~7 | ~2 | 14 | 16 | 51 | 55 [sat_conversion 530306]
s9626. ~300 | ~247 | ~51 | 56 [sat_conversion 530356]
s9631. ~385 | ~56 | 291 [sat_conversion 530370]
s9646. ~414 | ~23 | ~9 | ~2 [sat_conversion 531305]
s9647. ~385 | ~56 | ~9 | 393 [sat_conversion 531413]
s9659. ~254 | ~2 | 23 [sat_conversion 531875]
s9666. ~385 | ~56 | ~17 | ~9 | ~7 | ~2 | 394 [sat_conversion 532032]
s9673. ~20 | ~17 | ~7 | ~2 [sat_conversion 532811]
s9685. ~242 | 350 [sat_conversion 537021]
s9693. ~455 | ~385 | ~242 | ~54 | ~9 | 351 [sat_conversion 537067]
s9696. ~419 | ~385 | ~9 | 48 | 332 | 390 [sat_conversion 539567]
s9698. ~56 | ~51 | 42 | 254 | 255 [sat_conversion 540628]
s9706. ~350 | ~247 | ~20 | ~7 | ~2 | 34 [sat_conversion 541370]
s9722. ~145 | ~58 | 320 [sat_conversion 542066]
s9723. ~393 | 38 | 39 | 40 [sat_conversion 542143]
s9743. ~393 | ~33 | ~9 | ~2 | 38 | 397 [sat_conversion 542655]
s9753. ~350 | ~242 | ~20 | ~7 | ~2 | 198 [sat_conversion 542873]
s9777. ~385 | ~58 | ~48 | ~18 | ~9 | ~7 | ~2 [sat_conversion 544052]
s9778. ~254 | ~8 | ~2 | 23 [sat_conversion 544058]
s9792. ~254 | ~8 | ~2 | 33 [sat_conversion 544070]
s9804. ~42 | ~8 | ~2 | 412 [sat_conversion 544106]
s9819. ~394 | ~242 | 412 [sat_conversion 544356]
s9821. ~385 | ~39 | ~18 | ~9 | ~7 | ~2 [sat_conversion 546021]
s9822. ~17 | ~15 | ~7 | ~2 | 32 [sat_conversion 546044]
s9873. ~385 | ~242 | ~40 | ~17 | ~9 | ~7 | ~2 [sat_conversion 547039]
s9874. ~50 | ~40 | ~9 | ~7 | ~2 | 14 [sat_conversion 547103]
s9899. ~42 | ~2 | 27 [sat_conversion 547123]
s9992. ~181 | ~158 | ~7 | ~4 | ~2 [sat_conversion 548471]
s9994. ~385 | ~49 | ~14 | ~9 | ~7 | ~2 [sat_conversion 548949]
s10045. ~33 | ~9 | 48 [sat_conversion 548990]
s10062. ~385 | ~54 | ~32 | ~27 | ~9 | ~7 | 75 [sat_conversion 550444]
s10115. ~350 | ~242 | ~145 | 255 [sat_conversion 550663]
s10133. ~412 | ~385 | ~84 | ~39 | ~9 [sat_conversion 556101]
s10203. ~297 | ~42 | 144 [sat_conversion 556158]
s10221. ~42 | ~10 | 128 [sat_conversion 560418]
s10230. ~337 | ~47 | ~10 [sat_conversion 562135]
s10265. ~77 | ~56 | ~51 | ~45 | ~10 | 385 [sat_conversion 563468]
s10298. ~20 | ~7 | 22 | 320 [sat_conversion 565444]
s10300. ~23 | ~20 | ~8 | ~7 | 320 [sat_conversion 565449]
s10311. ~77 | ~45 | ~39 | ~10 | 382 [sat_conversion 568281]
s10312. ~144 | ~77 | ~47 | ~10 | 277 [sat_conversion 568955]
s10334. ~34 | ~32 | ~7 [sat_conversion 569542]
s10436. ~49 | 306 | 404 | 461 | 462 [sat_conversion 574126]
s10438. ~15 | ~7 | 17 | 18 | 20 | 55 [sat_conversion 574191]
s10441. ~387 | ~77 | ~35 | ~10 [sat_conversion 574216]
s10448. ~77 | ~35 | ~10 | 439 [sat_conversion 574582]
s10452. ~77 | ~56 | ~49 | ~35 | ~10 [sat_conversion 574592]
s10526. ~77 | ~51 | 158 [sat_conversion 575036]
s10536. ~398 | ~342 | ~77 | ~45 | ~39 | ~10 [sat_conversion 575638]
s10543. 306 | 404 | 461 | 462 | 464 [sat_conversion 576233]
s10544. ~355 | ~35 | ~14 | ~7 | 9 [sat_conversion 576383]
s10546. ~342 | ~251 | ~181 | ~77 | ~67 | ~45 | ~35 | ~14 | ~10 | ~7 | 75 [sat_conversion 576409]
s10547. ~393 | 35 | 36 | 37 [sat_conversion 576411]
s10551. ~145 | ~7 | 1 | 2 | 3 | 20 [sat_conversion 576990]
s10606. ~457 | 49 [sat_conversion 579865]
s10695. ~404 | ~181 | ~145 | ~77 | ~10 [sat_conversion 581217]
s10749. ~145 | ~77 | ~47 | ~39 | ~14 | ~10 | ~7 | 55 [sat_conversion 582331]
s10796. ~54 | ~32 | ~27 | ~7 | 11 [sat_conversion 582352]
s10854. ~394 | ~34 | 251 [sat_conversion 582683]
s10891. ~45 | ~16 | ~7 | ~2 [sat_conversion 583742]
s10899. ~77 | ~7 | ~2 | 16 [sat_conversion 584131]
s10968. ~13 | 9 | 10 | 11 | 434 [sat_conversion 584272]
s11139. ~434 | ~39 | ~13 | 9 | 10 | 11 | 300 [sat_conversion 584408]
s11403. ~280 | 434 [sat_conversion 584757]
s11443. ~450 | ~5 | ~3 | 15 [sat_conversion 590773]
s11448. ~20 | ~5 | ~3 | 9 [sat_conversion 596711]
s11462. ~19 | ~15 | ~5 | ~3 [sat_conversion 596810]
s11466. ~15 | ~5 | ~3 | 17 | 18 | 20 [sat_conversion 596832]
s11468. ~5 | ~3 | 17 | 18 | 20 | 55 | 318 [sat_conversion 596836]
s11475. ~18 | ~5 | ~3 | 22 | 268 [sat_conversion 597009]
s11486. ~340 | ~54 | ~17 | ~13 | ~5 | ~3 | 9 | 10 | 11 | 144 [sat_conversion 597146]
s11574. ~52 | ~13 | 9 | 10 | 11 | 448 [sat_conversion 597209]
s11585. ~35 | ~13 | ~5 | ~3 | 9 | 10 | 11 | 17 | 18 | 20 | 45 [sat_conversion 597509]
s11606. ~448 | ~17 | ~5 | ~3 [sat_conversion 598043]
s11613. ~448 | ~17 | ~5 | ~3 | 55 | 322 | 449 [sat_conversion 598116]
s11627. ~12 | ~5 | ~4 | 9 | 35 | 36 | 37 [sat_conversion 598160]
s11702. ~340 | ~40 | ~17 | ~13 | ~5 | ~3 | 9 | 10 | 11 | 33 [sat_conversion 598828]
s11717. ~56 | 5 | 6 | 7 | 24 [sat_conversion 599064]
s11745. ~181 | ~77 | ~10 | 158 [sat_conversion 599069]
s11838. ~394 | ~10 | 158 [sat_conversion 599102]
s11891. ~439 | ~77 | ~10 | 52 [sat_conversion 599127]
s11957. ~77 | ~39 | 45 [sat_conversion 599196]
s12021. ~340 | ~3 | 434 [sat_conversion 599661]
s12140. ~461 | ~35 | 306 [sat_conversion 602912]
s12186. ~382 | 5 | 7 | 465 [sat_conversion 603073]
s12283. ~340 | ~3 | 46 [sat_conversion 604846]
s12464. ~465 | ~355 | ~34 | ~16 | ~3 | 322 [sat_conversion 615851]
s12465. ~465 | ~67 | ~34 | ~16 | ~3 | 449 [sat_conversion 615874]
s12542. ~322 | ~52 | 11 [sat_conversion 615942]
s12550. ~322 | ~5 | ~3 | 16 [sat_conversion 615967]
s12560. ~251 | ~5 | ~4 | 404 [sat_conversion 615987]
s12655. ~439 | ~10 | ~5 | ~3 | 19 [sat_conversion 616303]
s12671. ~448 | ~52 | ~10 [sat_conversion 616526]
s12672. ~448 | ~439 | ~23 | ~10 | ~8 | ~3 [sat_conversion 616638]
s12675. ~465 | ~144 | ~77 | ~34 | ~10 | ~3 | 254 [sat_conversion 616853]
s12683. ~318 | ~77 | 439 [sat_conversion 617007]
s12686. ~448 | ~23 | ~18 | ~8 | ~5 | ~3 [sat_conversion 617108]
s12694. ~77 | ~54 | ~34 | ~18 | ~10 | ~5 | ~3 [sat_conversion 617204]
s12724. ~465 | ~16 | ~3 | 145 [sat_conversion 617317]
s12800. ~37 | ~5 | 407 [sat_conversion 618487]
s12852. ~77 | ~18 | ~5 | ~2 [sat_conversion 619902]
s12864. ~340 | ~1 | 251 [sat_conversion 620166]
s12870. ~37 | ~14 | ~1 | 5 | 6 | 7 | 307 [sat_conversion 620170]
s12917. ~181 | ~77 | ~10 | 394 [sat_conversion 620636]
s12927. ~77 | ~54 | ~37 | ~34 | ~23 | ~10 | ~1 [sat_conversion 621437]
s12928. ~394 | ~158 | ~4 | ~1 | 5 | 6 | 7 | 25 | 47 | 49 | 404 | 461 [sat_conversion 621747]
s13068. ~158 | ~22 | 1 | 2 | 3 [sat_conversion 622129]
s13069. ~35 | ~5 | 409 [sat_conversion 622286]
s13120. ~461 | ~5 | 29 [sat_conversion 624330]
s13137. ~462 | ~181 | ~77 | ~10 | 254 [sat_conversion 631554]
s13140. ~396 | ~47 | ~23 | 56 [sat_conversion 631569]
s13257. ~396 | ~47 | ~23 | ~8 | ~5 | 4 | 55 [sat_conversion 632302]
s13261. ~387 | ~10 | ~5 | 4 | 35 | 37 | 408 [sat_conversion 632561]
s13262. ~396 | ~77 | ~47 | ~23 | ~10 | ~8 | ~5 | 4 | 55 [sat_conversion 632756]
s13320. ~353 | ~77 | 457 [sat_conversion 632967]
s13330. ~340 | ~10 | ~8 | 396 | 397 | 398 [sat_conversion 633925]
s13338. ~20 | ~5 | 1 | 2 | 3 | 404 [sat_conversion 634880]
s13343. ~349 | ~322 | 34 [sat_conversion 638182]
s13366. ~337 | ~37 | ~23 | 9 [sat_conversion 638484]
s13491. ~404 | ~382 | ~251 | ~5 | 1 | 3 | 22 [sat_conversion 639417]
s13493. ~440 | 55 | 404 [sat_conversion 639477]
s13495. ~382 | ~251 | ~23 | ~8 | 1 | 3 | 22 | 404 [sat_conversion 639492]
s13601. ~409 | ~49 | ~5 [sat_conversion 640184]
s13614. ~10 | ~1 | 25 | 35 | 36 | 37 [sat_conversion 640346]
s13634. ~461 | ~1 | 23 [sat_conversion 640493]
s13650. ~465 | ~461 | ~1 | 14 [sat_conversion 640599]
s13651. ~17 | ~1 | 5 | 6 | 7 | 337 [sat_conversion 640608]
s13671. ~337 | ~37 | ~29 | 9 [sat_conversion 640627]
s13672. ~465 | ~337 | ~56 | ~22 | ~4 | ~1 | 8 [sat_conversion 640881]
s13673. ~391 | 1 | 2 | 3 | 55 | 396 [sat_conversion 640959]
s13724. ~465 | ~145 | ~3 | 16 [sat_conversion 641000]
s13754. ~47 | 5 | 6 | 7 | 407 [sat_conversion 641515]
s13790. ~465 | ~144 | ~28 | ~22 | ~4 | ~3 [sat_conversion 642363]
s13836. ~465 | ~58 | 28 [sat_conversion 642408]
s13876. ~145 | ~56 | 320 [sat_conversion 644972]
s13879. ~268 | ~77 | ~56 | ~47 | ~10 [sat_conversion 647038]
s13880. ~320 | ~77 | ~54 | ~34 | ~10 [sat_conversion 647534]
s13957. ~320 | ~3 | 34 | 242 | 340 [sat_conversion 647902]
s13958. ~387 | ~144 | ~58 | ~22 | ~3 [sat_conversion 649247]
s13995. ~22 | ~8 | ~3 | 347 [sat_conversion 649312]
s14018. ~58 | ~49 | ~10 | 50 [sat_conversion 649373]
s14112. ~462 | ~77 | ~49 | ~10 [sat_conversion 650571]
s14113. ~387 | ~77 | ~37 | ~10 [sat_conversion 650573]
s14123. ~5 | 4 | 404 | 461 | 462 [sat_conversion 650777]
s14151. ~307 | ~77 | ~37 | ~10 [sat_conversion 652210]
s14152. ~307 | ~251 | ~49 | ~10 | 254 [sat_conversion 652268]
s14182. ~77 | ~56 | ~49 | ~10 | ~5 | ~3 | 17 [sat_conversion 652293]
s14277. ~45 | 198 [sat_conversion 652720]
s14306. ~77 | ~9 [sat_conversion 656434]
s14334. ~9 | 38 | 39 | 40 | 254 [sat_conversion 658391]
s14339. ~385 | ~337 | ~9 | ~5 | 4 | 55 [sat_conversion 659364]
s14396. ~33 | ~9 | 254 [sat_conversion 660579]
s14403. ~322 | ~54 | ~9 | 67 [sat_conversion 660627]
s14457. ~385 | ~5 | 2 | 17 | 18 | 20 [sat_conversion 662836]
s14486. ~385 | ~18 | ~5 | ~3 [sat_conversion 662996]
s14534. ~390 | 55 | 394 [sat_conversion 663432]
s14550. ~385 | ~17 | ~5 | ~3 [sat_conversion 664251]
s14556. ~42 | ~8 | ~2 | 27 [sat_conversion 664477]
s14690. ~425 | ~37 | ~13 | 9 | 10 | 11 | 417 [sat_conversion 664577]
s15143. ~425 | ~145 | ~37 | ~13 | 9 | 10 | 11 | 417 [sat_conversion 664782]
s15524. ~18 | ~12 | ~8 | ~5 | ~2 | 268 [sat_conversion 676878]
s15526. ~434 | ~40 | ~17 | ~13 | ~12 | ~5 | ~2 | 9 | 10 | 11 [sat_conversion 677102]
s15628. ~39 | ~17 | ~5 | ~2 | 33 [sat_conversion 677190]
s15639. ~13 | 8 | 9 | 10 | 11 [sat_conversion 677781]
s15642. ~417 | ~5 | ~2 | 16 [sat_conversion 677849]
s15656. ~36 | ~13 | ~5 | ~2 | 9 | 10 | 11 | 17 [sat_conversion 678033]
s15701. ~425 | ~36 | ~13 | ~12 | 9 | 10 | 11 | 246 [sat_conversion 678052]
s15785. ~38 | ~13 | ~5 | ~2 | 9 | 10 | 11 | 17 [sat_conversion 678135]
s15832. ~36 | ~17 | ~13 | ~5 | ~2 | 9 | 10 | 11 [sat_conversion 679122]
s15836. ~9 | ~5 | ~2 | 15 [sat_conversion 679191]
s15887. ~23 | ~9 | ~2 | 48 [sat_conversion 679235]
s16025. ~408 | ~5 | 36 [sat_conversion 679719]
s16088. ~385 | ~15 | ~5 | ~2 [sat_conversion 687294]
s16097. ~48 | 5 | 6 | 7 | 408 [sat_conversion 687400]
s16188. ~270 | 55 | 412 [sat_conversion 687577]
s16205. ~464 | ~248 | 55 [sat_conversion 688162]
s16252. ~412 | ~42 | ~2 | 8 [sat_conversion 689078]
s16272. ~385 | ~297 | ~58 | ~49 | ~9 [sat_conversion 698570]
s16276. ~298 | ~58 | ~9 [sat_conversion 698799]
s16285. ~39 | ~38 [rat s1729,s4490]
s16291. ~128 [rat s1570,s237]
s16303. ~11 | 47 | 48 | 49 | 58 [rat s115,s237]
s16307. ~9 | 47 | 48 | 49 | 56 [rat s102,s237]
s16309. 11 | 10 | 9 | 4 [rat s1307,s3,s4]
s16310. ~11 | ~7 | 4 [rat s4974,s729,s730]
s16311. ~20 | 320 | 199 | ~7 | 3 | 2 | 1 [rat s1026,s932,s2319,s13068,s5126,s10298,s10300,s2564,s237]
s16312. ~22 | 199 | 3 | 2 | 1 [rat s932,s1026,s2288,s2319,s13068,s237]
s16313. ~181 | 34 | ~10 | 9 [rat s4638,s7882,s3850,s8149,s11745,s12917,s7693,s3633,s3565,s129,s237]
s16314. 56 | 50 | 49 | ~32 | 181 | ~10 | ~7 | 3 | 2 | 1 [rat s3534,s10796,s3954,s6738,s8320,s2286,s4989,s2984,s8322,s932,s2314,s2564,s16310,s1,s1546,s7747,s3881,s3633,s16312,s3551,s237]
s16315. 242 | 34 | 9 | ~7 | 3 | 2 | 1 [rat s8558,s10312,s788,s10265,s16314,s6866,s5208,s6816,s2502,s10551,s16311,s13320,s10606,s8615,s6963,s8536,s8123,s2507,s5604,s3565,s3551,s129,s8489,s3881,s3633,s16313,s16309,s16310,s1,s237]
s16316. 34 | 9 | ~7 | 3 | 2 | 1 [rat s932,s10452,s14018,s8309,s4989,s8320,s3954,s3534,s8152,s7881,s7903,s9685,s9819,s16315,s16313,s3565,s3551,s1546,s7747,s3881,s3633,s5758,s2554,s129,s16309,s16310,s1,s237]
s16317. 9 | ~7 | 3 | 2 | 1 [rat s8207,s10544,s10546,s8206,s3954,s2971,s3534,s2444,s10854,s932,s6866,s13880,s10526,s8309,s6643,s8299,s5291,s10298,s788,s4989,s6530,s6737,s10551,s10749,s2502,s13320,s10606,s12,s3532,s6993,s8158,s16316,s16312,s8222,s3881,s1546,s129,s3551,s3565,s3633,s7747,s16309,s2564,s2507,s6752,s1197,s16310,s1,s237,s16291]
s16318. 34 | ~181 | 352 | ~9 | 347 | ~7 | 6 [rat s6890,s6959,s6963,s6871,s6898,s2503,s6816,s6809,s7681,s6859,s2384,s2400,s6797,s2500,s73,s6903,s6753,s76,s157,s2031,s8487,s1980,s1026,s237,s16291]
s16319. ~34 | ~9 | ~7 | 4 [rat s1763,s2353,s3228,s8158,s237]
s16320. ~145 | ~27 | 255 | 53 | ~58 | 34 | ~9 | 75 | ~7 [rat s10115,s6833,s6963,s10062,s9722,s6898,s6753,s157,s2031,s8487,s1980,s237,s16291]
s16321. 56 | ~7 | 6 | 3 | 2 | 1 [rat s10062,s8536,s99,s7903,s2542,s16320,s6738,s6816,s2286,s6809,s6298,s7681,s2984,s2384,s2417,s6797,s932,s2500,s16318,s3771,s2314,s7636,s2564,s2507,s6752,s1197,s16310,s14306,s6903,s6753,s76,s157,s2031,s8487,s1980,s16312,s1956,s73,s16319,s1,s16317,s237,s16291]
s16322. 6 | 5 | 3 | 2 | 1 [rat s3094,s2843,s3360,s9723,s1396,s10133,s6299,s10115,s2503,s7903,s9685,s5757,s14534,s5775,s9696,s6327,s2386,s2853,s6021,s6623,s5127,s9631,s9647,s16321,s2489,s73,s16319,s6530,s5781,s6990,s51,s76,s1980,s2943,s6753,s6903,s16317,s2507,s16310,s2,s2564,s1,s237,s16291]
s16324. ~48 | ~9 | ~6 | 4 [rat s2622,s1320,s3881,s2031,s51,s237]
s16325. 49 | ~9 | ~6 | 3 | 2 | 1 [rat s3003,s2909,s2502,s10133,s4818,s2849,s2908,s765,s766,s5775,s20,s746,s6327,s854,s6623,s2950,s2853,s9631,s6828,s788,s16307,s2500,s2564,s2552,s76,s51,s5781,s1980,s2507,s5614,s6753,s10045,s3060,s2345,s16324,s1,s237,s16291]
s16326. ~58 | 51 | ~49 | ~9 [rat s934,s2334,s2331,s1154,s16272,s713,s16276,s6753,s157,s2031,s2329,s1546,s74]
s16327. ~181 | ~6 | 4 [rat s997,s1026]
s16328. ~9 | ~6 | 3 | 2 | 1 [rat s9626,s3022,s3026,s16326,s14334,s932,s3060,s74,s2664,s2345,s16325,s16324,s51,s1956,s16327,s1,s237]
s16329. ~48 | 9 | ~6 | 4 [rat s960,s872,s5766,s1074,s4694,s5464,s706,s730,s16309,s3633,s1320,s3881,s237,s16291]
s16330. 47 | ~27 | 280 | ~58 | 49 | ~6 | 3 | 2 | 1 [rat s4749,s10547,s4743,s6584,s2310,s6535,s3059,s2242,s2445,s4817,s6021,s1162,s854,s1006,s6377,s4813,s4809,s5818,s4841,s6634,s2459,s165,s729,s730,s2355,s16309,s8299,s4989,s6530,s2486,s16329,s16328,s1,s237,s16291]
s16331. 199 | 49 | 56 | ~6 | 3 | 2 | 1 [rat s2575,s7037,s129,s3565,s16309,s730,s4756,s16330,s6738,s507,s2286,s164,s2984,s8849,s11403,s932,s16312,s8276,s2564,s16327,s1,s16328,s2314,s237]
s16332. ~199 | 9 | 4 [rat s16309,s933,s3551]
s16333. ~10 | 26 | ~6 | 4 [rat s2575,s7037,s129,s3565,s237]
s16334. ~6 | 3 | 2 | 1 [rat s5540,s1107,s747,s934,s960,s6328,s1019,s3882,s740,s6635,s842,s1141,s6530,s2458,s701,s703,s6646,s6680,s972,s16331,s5818,s743,s165,s172,s706,s716,s730,s16309,s16333,s507,s164,s8849,s8276,s16332,s2486,s16329,s16328,s1,s16291,s237]
s16335. ~9 | ~5 | 4 [rat s14339,s6753,s6903,s237]
s16336. ~58 | 11 | 49 | 3 | 2 | 1 [rat s4638,s13261,s4998,s10230,s3843,s8320,s13673,s6530,s8322,s8299,s7693,s3881,s5559,s3633,s16309,s16335,s16322,s1,s16334,s237,s16291]
s16337. 11 | 49 | 56 | 3 | 2 | 1 [rat s8067,s12140,s157,s3954,s3534,s13880,s6871,s2502,s8248,s14123,s13491,s10854,s16313,s7973,s11745,s12917,s13137,s932,s16336,s10311,s13320,s1546,s129,s3565,s3633,s7043,s7747,s10221,s16309,s2507,s16312,s16332,s16335,s16322,s16334,s1,s10606,s237,s16291]
s16338. ~48 | ~51 | ~11 [rat s5766,s905,s5464,s3881,s706,s4537,s3733,s730,s16291]
s16339. ~38 | ~291 | ~58 | ~11 | ~5 | 4 [rat s6584,s6466,s6021,s5775,s5766,s740,s11403,s8276,s16332,s16335,s8277,s4783,s730,s237]
s16340. ~58 | ~11 | 49 | 3 | 2 | 1 [rat s6466,s6540,s6021,s5775,s5758,s5574,s5124,s960,s1723,s16339,s6377,s6634,s16338,s13338,s6467,s8277,s892,s6530,s6473,s4783,s787,s4769,s11403,s8276,s16332,s729,s165,s16335,s16322,s16334,s1,s4537,s3733,s730,s237]
s16341. ~48 | ~158 | ~181 | ~11 | 3 | 2 | 1 [rat s4638,s5094,s5160,s5174,s5970,s5056,s5124,s5067,s4995,s5015,s737,s5154,s5050,s779,s730,s729,s716,s165,s16335,s16322,s16334,s1,s129,s190,s237,s16291]
s16342. 49 | 56 | 3 | 2 | 1 [rat s5124,s4982,s842,s1141,s828,s5582,s16341,s830,s922,s932,s931,s16340,s165,s716,s729,s730,s16337,s16332,s16335,s16322,s16334,s1,s16291,s237]
s16343. 56 | 3 | 2 | 1 [rat s5933,s13120,s14151,s10543,s1764,s8652,s8156,s1723,s932,s14112,s8615,s16285,s16313,s3565,s3633,s16309,s16205,s13069,s172,s2201,s3532,s13601,s16342,s5604,s16332,s16335,s16322,s16334,s1,s237]
s16344. ~10 | 49 | 3 | 2 | 1 [rat s13262,s13673,s788,s8309,s10265,s3881,s11838,s129,s3565,s3633,s5604,s16335,s16322,s16334,s1,s5127,s2564,s703,s16343,s237]
s16345. ~48 | ~11 | 3 | 2 | 1 [rat s4637,s13366,s5970,s5093,s5124,s4995,s5015,s5030,s737,s5050,s5127,s16343,s2564,s779,s730,s729,s716,s165,s16335,s16322,s16334,s1,s237,s16291]
s16346. ~47 | 3 | 2 | 1 [rat s13257,s5118,s1,s16322,s16334,s5127,s16343,s2564,s237]
s16347. 49 | 3 | 2 | 1 [rat s16345,s16309,s6643,s16344,s16335,s16322,s16334,s1,s16343,s6530,s16346,s237]
s16348. 3 | 2 | 1 [rat s13491,s13495,s4638,s13366,s14113,s1764,s1723,s10311,s16285,s129,s3565,s3633,s7693,s16309,s13069,s172,s2201,s13601,s16347,s5127,s16343,s16312,s16332,s16335,s16322,s16334,s1,s2564,s237]
s16349. ~18 | ~6 | ~9 | ~3 [rat s26,s3121]
s16350. ~40 | ~6 | ~9 | ~3 [rat s3215,s2679,s3134,s14277,s2943,s16349]
s16351. 4 | 49 | 5 | ~9 | ~3 [rat s3178,s2800,s2989,s2908,s3864,s10133,s3158,s3175,s3007,s16350,s16349,s746,s5775,s854,s6327,s4866,s6623,s9631,s788,s16307,s10045,s3112,s16324,s2552,s3221,s22,s9071,s6753,s3281,s2498,s76,s51,s14277,s2943,s5781,s1980,s3228,s1763,s237,s16291]
s16352. 22 | 8 | 255 | 49 | ~9 | ~3 [rat s2503,s3453,s10115,s2421,s2435,s3864,s2498,s2507,s5614,s6753,s3228,s1763,s2389,s2721,s237]
s16353. ~242 | ~145 | 255 [rat s10115,s9685]
s16354. ~22 | 56 | 49 | ~9 | ~3 [rat s932,s9722,s1026,s13957,s3393,s16353,s2542,s3361,s2498,s1956,s2507,s5614,s6753,s3228,s1763,s2389,s2721,s2400,s6298,s2417,s16307,s76,s14306,s237]
s16355. 56 | 49 | 5 | ~9 | ~3 [rat s2492,s5,s2613,s3475,s4498,s2,s16352,s3864,s16354,s14403,s2637,s1546,s6298,s1320,s2400,s2417,s16307,s9071,s14306,s2498,s76,s157,s2031,s9300,s9303,s5614,s9570,s9596,s6753,s2721,s3228,s1763,s237]
s16356. ~255 | ~242 | ~56 | ~9 [rat s3094,s2843,s3360,s14334,s1396,s10133,s6299,s2206,s2943,s51,s5775,s6327,s6623,s6021,s9631,s6753,s6990,s6903,s5781,s1980,s16291,s237]
s16357. 49 | 5 | ~9 | ~3 [rat s2492,s3178,s14403,s2989,s7943,s10133,s3175,s1546,s45,s3112,s16350,s16349,s1010,s3221,s2286,s2,s13995,s3335,s3453,s2503,s10115,s16356,s9685,s5757,s14534,s9696,s5775,s2400,s6327,s6021,s6623,s9631,s9647,s16355,s16351,s2389,s2721,s2489,s9071,s3281,s2498,s51,s6990,s6903,s14277,s2943,s157,s2031,s5781,s1980,s6530,s76,s2507,s9300,s9303,s5614,s9570,s9596,s6753,s237,s16291]
s16358. ~4 | 24 | 16 | ~6 | ~23 | 40 | ~9 | ~3 [rat s2988,s5,s2936,s3175,s66,s45,s51,s4498,s5614,s6753,s2552,s1948,s16349,s3112,s3221,s14277,s2943,s237]
s16359. 5 | ~9 | ~3 | 2 [rat s9626,s3022,s3026,s3007,s16326,s932,s16327,s16358,s37,s10045,s2850,s2,s2386,s2602,s2665,s2389,s73,s74,s2353,s2664,s16357,s9071,s2031,s1956,s51,s237]
s16360. ~9 | ~3 | 2 [rat s14457,s6956,s14486,s14550,s12550,s16359,s9300,s9303,s5614,s9570,s9596,s6753,s237]
s16361. ~11 | 5 | ~3 [rat s2416,s2,s2503,s3769,s3818,s639,s706,s716,s729,s730,s9071,s237,s16291]
s16362. ~48 | 11 | 9 [rat s4,s3633,s1319,s3881]
s16363. 10 | 8 | 11 | 9 [rat s15639,s4]
s16364. 34 | ~145 | ~10 | 56 | 9 | ~3 [rat s9722,s932,s13957,s16313,s3551,s12283,s7810,s16353,s7690,s3565,s237]
s16365. ~58 | ~34 | ~145 | ~10 | 49 | 48 | 11 [rat s3953,s7442,s8320,s13880,s6530,s9722,s8299,s3565,s1546,s7747,s16291]
s16366. ~145 | ~465 | ~10 | 56 | 49 | 11 | 9 | ~3 [rat s8207,s12464,s8206,s12542,s7442,s13880,s6871,s11745,s932,s16365,s12465,s16364,s13724,s9303,s16362,s3551,s1546,s7747,s8222,s3565,s237]
s16367. ~10 | ~4 | 56 | 49 | 5 | ~3 | 2 [rat s10536,s4957,s3864,s13140,s13790,s6530,s13836,s8299,s932,s16313,s2389,s12675,s2502,s16366,s12186,s10311,s13320,s5116,s12283,s129,s3551,s3565,s3633,s7043,s7810,s9071,s2507,s16362,s16361,s16360,s10606,s16291,s237]
s16368. 40 | 39 | ~6 | 10 | 11 | 9 | ~3 [rat s4505,s7442,s3215,s478,s8722,s1754,s9723,s1546,s162,s8931,s775,s362,s2903,s1566,s4,s4306,s3,s16363,s237]
s16369. ~40 | ~6 | 10 | 11 | 9 | ~3 [rat s5,s1874,s4524,s4498,s1750,s7594,s4]
s16370. ~4 | 56 | 49 | 5 | ~3 | 2 [rat s4457,s4458,s4083,s7442,s1756,s4473,s26,s3215,s11139,s1754,s16368,s1546,s16369,s1750,s4498,s65,s2903,s2,s775,s143,s263,s4306,s151,s162,s1566,s4089,s7594,s10968,s16363,s362,s3,s4,s16367,s9071,s16362,s16361,s16360,s237]
s16371. 4 | 11 | 5 | 9 | 7 [rat s16333,s206,s16309,s22]
s16372. 49 | 5 | ~3 | 2 [rat s13880,s2422,s13876,s3305,s8124,s2502,s3534,s10312,s8356,s13320,s1546,s8558,s3565,s7747,s3954,s4,s8320,s12021,s8849,s6530,s8276,s6643,s704,s16370,s10606,s2507,s16362,s16371,s16361,s16360,s9071,s237]
s16373. 5 | ~3 | 2 [rat s10452,s3954,s932,s3534,s14018,s3453,s2,s4403,s12724,s12186,s8136,s10311,s8615,s1546,s16313,s129,s3551,s3565,s3633,s7747,s4,s1765,s2350,s2201,s2325,s3532,s16372,s16361,s9071,s16360,s237]
s16377. ~40 | 10 | 11 | ~5 | 9 | ~3 [rat s9299,s9294,s11443,s9248,s11466,s1440,s11702,s11448,s9303,s9349,s7594,s10968,s11475,s4306,s7409,s2337,s1736,s3,s16363,s7245,s6623,s7244,s4,s237]
s16378. 17 | 10 | 11 | ~5 | 9 | ~3 [rat s9294,s9299,s9248,s11443,s11585,s11466,s11448,s9303,s162,s9349,s7594,s10968,s11475,s4306,s3,s16363,s7409,s4,s237]
s16379. 10 | 11 | ~5 | 9 | ~3 [rat s7943,s11574,s11486,s11613,s16378,s1546,s16377,s2337,s9349,s3195,s1736,s8931,s1935,s7594,s10968,s16363,s3,s4,s9303,s237]
s16380. ~18 | ~23 | ~34 | ~8 | ~10 | 11 | ~5 | ~3 [rat s11462,s12655,s11443,s10448,s9297,s3954,s12542,s3534,s12686,s12694,s9303,s3565,s1546,s7747,s3122,s3409,s2602]
s16381. 17 | 18 | ~23 | ~8 | ~10 | 11 | 20 | ~5 | ~3 [rat s12542,s9299,s11891,s12672,s11443,s12683,s11466,s11468,s9303,s3565,s237]
s16382. ~181 | ~322 | 35 | ~34 | ~10 [rat s8028,s10547,s10854,s7944,s12917,s3565,s1723,s16285,s3633]
s16383. 35 | 448 | ~34 | 49 | 56 | ~10 | 48 | 449 [rat s6530,s8543,s8299,s932,s16382,s9300,s8050,s3565,s3551,s16291,s237]
s16384. ~8 | 49 | 56 | ~10 | 48 | 11 | 20 | ~5 | ~3 [rat s11443,s9297,s11462,s12542,s12655,s8375,s10448,s16383,s11606,s16381,s16380,s2389,s3195,s2502,s2643,s9303,s2507,s12283,s7810,s13320,s3565,s10606,s237]
s16385. ~145 | 49 | 56 | 11 | ~5 | 9 | ~3 [rat s8067,s12140,s157,s3954,s7442,s14123,s13880,s12560,s6871,s10854,s10695,s11745,s12917,s13137,s932,s16365,s16364,s16362,s7043,s3565,s3551,s1546,s7747,s16379,s237,s16291]
s16386. 49 | 56 | 11 | ~5 | 9 | ~3 [rat s2422,s8124,s13958,s3534,s4637,s3954,s8356,s10230,s3843,s8320,s6530,s8299,s932,s16313,s2665,s2502,s16385,s16384,s13320,s10606,s11448,s2507,s16362,s7693,s3565,s3551,s12283,s7810,s1546,s7747,s16379,s237,s16291]
s16387. 56 | 11 | ~5 | 9 | ~3 [rat s13120,s10436,s5933,s8652,s14151,s932,s1764,s16313,s13069,s8156,s2201,s3532,s13601,s14112,s8615,s16386,s5604,s3565,s3551,s1723,s16285,s3633,s16379,s237]
s16388. 49 | 51 | ~56 | ~10 | 48 | 347 | ~3 [rat s13880,s2422,s13876,s3305,s8124,s2502,s3534,s10312,s3954,s8356,s8558,s8320,s13320,s788,s10606,s3565,s12283,s7810,s1546,s7747,s237]
s16389. 11 | ~5 | 9 | ~3 [rat s9300,s8050,s11606,s13343,s10452,s14182,s8615,s3532,s16388,s10265,s16387,s129,s3565,s16379,s16362,s2507,s9303,s5604,s237]
s16390. ~5 | 9 | ~3 [rat s5018,s6,s5840,s5855,s3818,s5900,s3733,s729,s730,s16389,s11448]
s16391. ~3 | 2 [rat s16390,s16373,s16360]
s16392. 2 | 1 [rat s16391,s16348]
s16396. ~36 | ~425 | ~7 | 10 | 11 | 9 | ~2 [rat s9329,s15701,s4,s3]
s16397. 17 | 35 | ~7 | 10 | 11 | 9 | ~2 [rat s9195,s1507,s1856,s26,s9375,s6,s9178,s9172,s1197,s788,s2201,s1765,s4089,s16362,s8722,s14690,s10547,s16396,s8931,s3,s9300,s9294,s9248,s9349,s7594,s10968,s4,s9303,s237]
s16398. 35 | ~7 | 10 | 11 | 9 | ~2 [rat s1856,s9176,s9449,s16397,s8722,s16396,s9300,s9294,s9248,s9303,s3,s9349,s7594,s10968,s788,s2201,s1765,s4089,s4,s16362,s237]
s16399. 10 | 11 | 5 | 9 | ~2 [rat s9191,s9181,s9195,s9180,s26,s6,s9176,s1507,s1856,s476,s1440,s9001,s16398,s788,s2201,s9172,s9178,s2,s1765,s4089,s7594,s10968,s16363,s3,s4,s1737,s1197,s16362]
s16400. ~10 | 5 | ~2 [rat s10891,s10899,s2,s6322,s5775,s5758,s5781,s2554,s7037,s422,s129,s3565,s7004,s7810,s1737,s237,s16291]
s16401. ~38 | 414 | 8 | ~11 | ~2 [rat s6021,s6584,s6377,s6535,s6553,s6634,s16303,s6530,s5775,s737,s6635,s5766,s740,s6576,s5788,s730,s716,s706,s172,s237,s16291]
s16402. 58 | 56 | 8 | ~11 | ~2 [rat s6317,s922,s932,s933,s729,s16291,s237]
s16403. ~58 | 254 | ~33 | ~39 | 36 | 35 | ~11 [rat s6540,s5996,s6535,s6473,s729,s3733,s730]
s16404. 414 | 35 | ~11 | 5 | ~2 [rat s6682,s11957,s934,s1019,s3882,s6328,s703,s6635,s842,s16402,s5540,s16303,s987,s16403,s6553,s5775,s5758,s1107,s5574,s747,s3881,s6704,s1723,s16401,s5788,s716,s706,s190,s172,s3733,s743,s16400,s2,s6522,s730,s729,s1737,s237,s16291]
s16405. ~58 | ~414 | ~66 [rat s8277,s4783]
s16406. 5 | 9 | ~2 [rat s1107,s5540,s5534,s6704,s934,s1019,s740,s6681,s3882,s6328,s703,s6635,s842,s1141,s16402,s16303,s987,s16405,s5464,s5930,s16404,s2,s743,s6522,s3733,s165,s172,s706,s716,s729,s730,s16399,s16400,s1737,s16291]
s16407. 17 | 35 | 10 | 11 | 9 | ~2 [rat s15143,s11627,s6426,s15656,s5114,s5944,s1113,s16309,s15524,s3,s16363,s16406,s7409,s775,s362,s9300,s9294,s9248,s9349,s7594,s10968,s4,s9303,s237]
s16408. ~17 | 33 | 10 | 11 | 9 | ~2 [rat s9723,s8722,s15526,s15628,s15832,s16406,s10968,s8931,s3,s4]
s16409. 10 | 11 | 9 | 1 [rat s6082,s9181,s1856,s9191,s1440,s9001,s6426,s16407,s15785,s5114,s16408,s788,s2201,s9491,s9778,s1735,s15524,s1765,s4089,s7409,s16363,s3,s4,s5944,s1113,s16406,s16392,s16362,s237]
s16410. ~10 | ~5 | ~2 [rat s6083,s7991,s12852,s129,s3565,s3633]
s16411. ~38 | 17 | ~11 | ~5 | 406 | ~2 [rat s5775,s6425,s16405,s5114,s16303,s737,s6426,s6635,s5766,s740,s6576,s5788,s730,s716,s706,s172,s237,s16291]
s16412. 39 | 17 | ~8 | 9 | 1 [rat s5836,s4637,s15642,s13671,s5148,s5970,s6011,s5947,s5996,s932,s795,s5941,s5331,s6005,s5451,s6045,s5758,s4770,s786,s9804,s14556,s905,s960,s933,s779,s729,s706,s172,s165,s3733,s743,s730,s1723,s16411,s16409,s16410,s16406,s5944,s1113,s16392,s237,s16291]
s16413. 17 | ~8 | 9 | 1 [rat s6330,s5981,s5991,s842,s828,s16303,s16405,s5775,s6109,s5114,s4995,s5758,s6041,s5574,s3881,s16412,s16025,s1723,s16411,s5944,s1113,s5788,s716,s172,s165,s6411,s730,s16409,s16410,s16406,s16392,s5604,s237,s16291]
s16414. ~38 | ~17 | ~11 | ~5 | ~2 [rat s6021,s5775,s6377,s16405,s6634,s16303,s6530,s737,s6635,s6478,s5766,s740,s6576,s5788,s730,s716,s706,s172,s237,s16291]
s16415. 39 | ~8 | 9 | 1 [rat s6295,s6004,s5456,s922,s6018,s6045,s4770,s786,s1048,s10203,s14556,s905,s960,s729,s716,s706,s172,s743,s730,s16414,s16413,s16409,s16410,s16406,s16392,s237,s16291]
s16416. 58 | ~23 | 48 | ~17 | ~11 | ~5 | ~2 [rat s932,s6161,s6609,s828,s16303,s933,s730,s729,s172,s237]
s16417. ~8 | 9 | 1 [rat s6111,s4980,s12800,s6021,s5996,s925,s6473,s4783,s787,s16416,s5818,s4620,s6043,s2486,s15628,s3881,s16415,s1723,s16414,s16413,s779,s729,s165,s3733,s730,s16409,s16410,s16406,s16392,s237]
s16418. ~42 | 9 | 1 [rat s6045,s4770,s5464,s9899,s16252,s730,s172,s16409,s16410,s16406,s16392,s16417]
s16419. 17 | 42 | 409 | 35 | ~11 | ~5 | 406 | ~2 [rat s6330,s5981,s5991,s842,s828,s16303,s16405,s5775,s6109,s5114,s4995,s5758,s6041,s5574,s3881,s960,s16025,s1723,s16411,s5788,s716,s172,s743,s730,s16410,s237,s16291]
s16420. 9 | 1 [rat s6296,s6635,s6681,s6012,s16303,s5540,s16402,s16403,s6553,s1107,s15628,s747,s3881,s960,s1723,s16414,s16419,s16418,s16417,s743,s6411,s165,s172,s706,s730,s16409,s16410,s16406,s5944,s1113,s5604,s16392,s237,s16291]
s16421. 48 | 39 | 17 | ~7 | ~8 | 1 [rat s26,s9874,s6,s2503,s9753,s3321,s10115,s16356,s9685,s6685,s5757,s5909,s5775,s6327,s6623,s14534,s6679,s9631,s9696,s16307,s2489,s74,s14334,s9792,s10045,s51,s14277,s2943,s5781,s1980,s6530,s76,s2507,s5614,s6753,s9174,s16392,s3281,s16420,s237,s16291]
s16422. 39 | 17 | ~7 | ~8 | 1 [rat s9753,s9685,s6963,s10298,s6,s9777,s932,s16318,s3228,s1763,s3771,s2353,s6315,s7636,s6816,s9646,s9647,s6809,s6043,s9743,s2384,s2400,s16421,s6159,s1737,s6903,s2943,s2031,s1956,s51,s2507,s5614,s6753,s9174,s16392,s3281,s8487,s1980,s16420,s237,s16291]
s16423. 49 | ~20 | ~247 | 33 | 48 | ~7 | 1 [rat s5775,s5757,s6327,s9685,s6623,s9706,s14534,s9631,s3228,s9696,s16307,s1763,s2489,s16392,s6753,s5781,s1980,s6530,s76,s16420,s237,s16291]
s16424. ~181 | ~4 | ~7 | ~2 [rat s1026,s9992]
s16425. 17 | ~7 | ~8 | 1 [rat s16424,s932,s16326,s8158,s9626,s73,s2353,s2664,s16423,s6,s3022,s3026,s3030,s3881,s9821,s16422,s6753,s1956,s9174,s16392,s3281,s16420,s237]
s16426. 48 | 39 | ~7 | ~8 | 1 [rat s6327,s5775,s6623,s5757,s9631,s9666,s16307,s9873,s74,s14334,s9792,s10045,s16392,s6753,s76,s51,s5781,s1980,s16420,s16425,s237,s16291]
s16427. 39 | ~7 | ~8 | 1 [rat s9597,s9612,s14403,s932,s99,s6840,s2503,s6816,s9647,s3007,s6809,s9743,s7681,s9477,s1320,s2384,s2400,s6797,s16426,s6159,s1737,s6903,s1956,s51,s6858,s157,s2031,s2507,s9300,s9303,s5614,s9570,s9596,s6753,s9162,s2549,s16420,s9673,s16425,s16392,s237]
s16428. ~56 | 53 | 246 | 33 | ~17 | ~7 | 1 [rat s9693,s5837,s5757,s9610,s5775,s9597,s6327,s14403,s6623,s7943,s9631,s9647,s9666,s157,s2031,s5781,s1980,s9300,s9303,s5614,s9570,s9596,s6753,s9162,s16392,s2549,s16420,s237,s16291]
s16429. ~8 | 5 | 1 [rat s9822,s10334,s5,s73,s9994,s16307,s16428,s1546,s3143,s3030,s3881,s7657,s16427,s16425,s9162,s2,s1737,s16392,s2549,s76,s5614,s6753,s16420]
s16430. 48 | 39 | 8 | 1 [rat s16356,s9698,s5757,s16252,s5775,s6327,s6623,s14534,s9631,s9696,s788,s16307,s2489,s74,s14334,s9659,s15887,s10045,s16392,s6753,s51,s5781,s1980,s6530,s76,s16420,s237,s16291]
s16431. ~33 | 8 | 1 [rat s6553,s14396,s16392,s16420]
s16432. 49 | 8 | 1 [rat s6299,s9698,s10133,s16252,s5775,s6327,s6623,s9631,s788,s16307,s6753,s76,s5781,s1980,s16430,s9659,s15887,s2400,s16431,s16420,s16392,s237,s16291]
s16433. ~181 | 8 | ~2 [rat s1026,s6317]
s16434. 8 | 1 [rat s16433,s932,s16326,s9626,s2664,s16432,s3022,s3026,s16430,s2400,s16431,s16392,s1956,s16420,s237]
s16435. 1 [rat s16088,s15836,s16429,s16434,s6753,s16420,s16392]
s16436. ~5 [rat s104,s16435]
s16437. ~9 [rat s91,s16435]
s16438. ~385 [rat s5604,s16437]
s16439. ~299 [rat s1113,s16437]
s16440. ~2 [rat s16406,s16436,s16437]
s16442. ~38 | 11 | 17 | 10 | ~8 [rat s8986,s15701,s10438,s7430,s9300,s10298,s2,s9295,s8887,s474,s8722,s9303,s3,s9349,s7594,s10968,s4402,s2939,s162,s4,s16435,s16437,s237,s16436]
s16443. ~7 | ~40 | 11 | 17 | 10 [rat s7585,s7581,s10438,s7433,s7430,s7588,s198,s9300,s9294,s9248,s1440,s3,s9349,s7594,s10968,s4,s9303,s16435,s16437,s237]
s16444. 11 | 17 | 49 | 48 | 39 | ~8 [rat s1400,s1404,s6,s2906,s2903,s955,s2,s16443,s5417,s13366,s8656,s1440,s1856,s1723,s16442,s788,s198,s1566,s4089,s362,s3,s4,s3633,s16435,s16437,s237,s16436]
s16445. ~11 | 49 | 33 | 48 | 39 | ~8 [rat s932,s6646,s16405,s6530,s5775,s6635,s16327,s5766,s6576,s66,s960,s507,s37,s2355,s972,s2,s5818,s5371,s743,s8676,s706,s729,s730,s779,s933,s5788,s3633,s2486,s237,s16291,s16436,s16435]
s16446. 49 | 33 | 48 | 39 | ~8 [rat s1731,s944,s10547,s1717,s495,s1081,s2,s7440,s139,s9349,s27,s131,s198,s7594,s8944,s10968,s16444,s3,s4,s16445,s3633,s16435,s16437,s237,s16439,s16436]
s16447. ~49 | 10 [rat s4,s1765,s172,s2201,s16437]
s16448. 17 | 48 | 39 | ~8 [rat s6,s864,s1160,s736,s909,s740,s960,s955,s972,s2,s5818,s5371,s743,s729,s730,s16444,s16447,s3633,s2486,s16435,s16436,s237,s16437]
s16449. ~13 | ~33 [rat s6623,s7245,s7244]
s16450. 48 | 39 | ~8 [rat s740,s960,s1145,s507,s972,s2,s5818,s5371,s743,s729,s730,s4,s164,s16449,s16448,s16446,s2486,s16447,s3633,s16435,s16436,s16437,s237]
s16451. ~19 | 16 | ~6 | 38 | 51 | 40 | 39 [rat s236,s963,s1086,s3633,s16435]
s16452. 39 | ~8 [rat s944,s847,s6,s16451,s867,s955,s937,s5814,s7970,s2,s737,s849,s5371,s5766,s165,s716,s729,s730,s16338,s5464,s16362,s699,s1320,s16450,s3633,s16435,s237,s16439,s16436,s16437,s16291]
s16453. ~7 | 10 | 17 | 11 | ~8 [rat s7441,s7412,s8656,s6,s10438,s9242,s8996,s9060,s7430,s7588,s1546,s7657,s1723,s16285,s362,s1507,s16452,s9349,s7594,s10968,s182,s221,s4,s3,s16309,s16435,s16437,s237]
s16454. 35 | ~20 | 16 | ~6 | 10 | 11 | ~8 [rat s1646,s7943,s8656,s3954,s1546,s7657,s1723,s16285,s16452,s3,s362,s8944,s213,s4,s16435,s16437]
s16455. 10 | 17 | 11 | ~8 [rat s1509,s1539,s16454,s6,s2906,s1299,s213,s955,s2,s16453,s198,s1566,s3,s4,s16452,s16435,s16437,s237,s16436]
s16456. ~20 | ~10 | 11 | ~8 [rat s13879,s932,s7953,s8543,s8496,s8077,s8382,s6607,s7096,s2971,s8330,s13330,s7944,s13614,s5641,s10547,s8642,s7591,s5199,s8357,s1431,s8103,s10298,s7588,s8170,s5116,s1723,s16285,s16452,s3551,s8611,s7934,s2,s210,s129,s3565,s237,s16435,s16438,s16436,s16440]
s16457. 17 | 11 | ~8 [rat s8050,s7296,s8255,s7291,s10438,s16456,s7430,s2,s210,s129,s3565,s16455,s16436,s237,s16435]
s16458. 10 | 11 | ~8 [rat s8656,s1080,s1717,s2,s7440,s139,s9349,s198,s7594,s10968,s362,s3,s4,s1723,s16285,s16452,s131,s27,s16457,s16435,s16437,s16436]
s16459. 25 | ~14 | 35 | ~10 | ~17 | 36 [rat s134,s13614,s16435]
s16460. 11 | ~8 [rat s6833,s7881,s8060,s8124,s8496,s3534,s8077,s8356,s5270,s8382,s6607,s2971,s8330,s16459,s5,s8357,s1431,s12671,s9300,s7291,s7432,s7934,s8487,s2,s422,s209,s16456,s129,s3565,s7810,s16458,s27,s131,s16457,s9303,s1546,s7657,s1723,s16285,s16452,s237,s16435,s16438,s16436,s16291]
s16461. ~19 | ~8 [rat s856,s236,s862,s129,s190,s972,s5818,s2486,s3881,s867,s2,s5371,s729,s16285,s16452,s730,s16460,s16435,s16436,s237]
s16462. 27 | ~8 [rat s847,s498,s165,s944,s6,s16461,s937,s1723,s955,s129,s190,s867,s16285,s16452,s2,s5371,s730,s729,s16460,s16435,s16439,s237,s16436,s16437]
s16463. ~8 [rat s751,s851,s16462,s944,s6,s16461,s937,s867,s955,s2,s11957,s129,s5371,s190,s729,s730,s16460,s1723,s16285,s16452,s16435,s237,s16439,s16436]
s16464. 49 | 404 | 47 | 35 | 7 | 11 [rat s13634,s12927,s12928,s13614,s3534,s16313,s7969,s7973,s932,s10526,s8309,s6643,s8295,s788,s16362,s10221,s3565,s3551,s1546,s7747,s1723,s16285,s3633,s22,s210,s129,s16363,s3954,s6530,s4989,s16435,s16436,s16437,s237,s16463,s16291]
s16465. 47 | 35 | 337 | 7 | 11 [rat s13650,s10436,s12870,s8156,s1764,s14152,s14112,s8615,s2201,s16464,s7936,s4638,s7094,s8382,s7693,s7043,s210,s1723,s16285,s12186,s10311,s129,s3633,s3565,s16363,s16435,s16436,s16438,s16463,s237,s16437,s16291]
s16466. 35 | 337 | 7 | 11 [rat s13614,s5521,s7680,s4637,s13754,s3843,s16465,s7693,s210,s129,s1723,s16285,s3633,s16363,s16435,s16463,s16436,s16437]
s16467. 49 | 404 | ~35 | 7 | 11 [rat s12140,s8067,s12928,s16313,s7969,s932,s10526,s8309,s6643,s8295,s788,s16362,s3551,s22,s210,s129,s157,s8375,s3565,s16363,s6530,s4989,s8320,s16435,s16436,s16437,s237,s16463]
s16468. 7 | 17 | 11 [rat s10436,s12140,s8156,s14112,s8615,s16467,s7936,s4638,s10441,s16466,s5356,s7693,s3565,s210,s129,s16363,s16438,s16463,s16435,s237,s16436,s16437]
s16469. ~181 | ~322 | 35 | ~10 [rat s16382,s16313,s16437]
s16470. 49 | 47 | 181 | 11 [rat s916,s6643,s8295,s788,s16362,s7886,s3565,s16363,s6530,s16437,s237,s16463]
s16471. ~49 | ~322 | ~10 [rat s13343,s8615,s3532,s3565,s16437]
s16472. ~47 | 11 [rat s8486,s5521,s7099,s4638,s12864,s10230,s3843,s8314,s7693,s3633,s3565,s129,s16363,s16435,s16463,s237,s16437]
s16473. 35 | 17 | 11 [rat s16470,s16471,s16469,s7296,s8050,s3565,s16363,s16472,s7430,s16468,s16435,s237,s16437,s16463]
s16474. 17 | 11 [rat s7588,s10438,s12542,s8255,s8375,s16473,s7430,s16468,s3565,s16363,s16435,s237,s16437,s16463]
s16475. 7 | 11 [rat s16459,s9062,s11,s8156,s8613,s8652,s8615,s8387,s932,s16470,s8121,s13672,s5503,s13651,s12186,s22,s3551,s10311,s3565,s210,s129,s1723,s16285,s3633,s16363,s16472,s16474,s16435,s16436,s16438,s16463,s237,s16437]
s16476. ~25 | 11 [rat s16470,s7969,s8387,s3565,s16363,s16472,s16435,s16437,s16463]
s16477. 35 | 11 [rat s8985,s8357,s16459,s3954,s1723,s16285,s3633,s7801,s131,s27,s16474,s7934,s16475,s3565,s16363,s16476,s16435,s237,s16438,s16437,s16463]
s16478. 11 [rat s8536,s8452,s8223,s8444,s16477,s8487,s16475,s16474,s422,s129,s3565,s7810,s10221,s16363,s16435,s16291,s237,s16463,s16437]
s16479. ~280 [rat s5788,s16478]
s16480. ~199 [rat s933,s16478]
s16484. ~250 [rat s779,s16478]
s16486. 66 [rat s730,s16478]
s16487. 75 [rat s729,s16478]
s16490. ~144 [rat s716,s16291,s16478]
s16491. ~50 [rat s706,s16291,s16478]
s16493. ~145 [rat s639,s16291,s16478]
s16498. ~45 [rat s190,s16478]
s16499. ~49 [rat s172,s16478]
s16500. ~35 [rat s165,s16437,s16478]
s16523. 54 [rat s3733,s16478,s16486]
s16530. ~7 [rat s5371,s16435,s16487,s16486]
s16537. ~46 [rat s775,s237,s16493]
s16542. ~10 [rat s129,s16498]
s16552. ~40 [rat s4537,s16523]
s16555. ~12 [rat s422,s16291,s16537]
s16560. ~39 | ~19 | 16 | ~6 | 47 [rat s892,s788,s856,s3881,s862,s236,s16486,s16478,s237,s16499,s16435,s16542,s16436]
s16561. 36 | ~6 | 47 | 17 [rat s16451,s905,s16560,s6,s867,s937,s740,s955,s16552,s16491,s16478,s16435,s16486,s16542]
s16562. ~6 | 47 | 17 [rat s6,s864,s1160,s736,s909,s16561,s955,s16486,s16435,s16436,s237,s16437,s16478,s16542]
s16563. ~39 | 25 | ~37 | 47 [rat s5775,s6540,s16405,s5758,s1258,s16303,s5574,s3881,s237,s16479,s16486,s16478,s16435,s16499]
s16564. 36 | 337 | 6 | 47 [rat s5340,s932,s922,s5397,s5530,s16097,s788,s786,s960,s905,s16563,s13,s5521,s4638,s5970,s498,s740,s851,s22,s16486,s16478,s16435,s237,s16480,s16291,s16487,s16436,s16530,s16499,s16552,s16491,s16463,s16484,s16500]
s16565. 337 | 47 | 6 [rat s1258,s5521,s6584,s4638,s7096,s16303,s5678,s737,s16564,s16490,s16484,s16478,s16486,s16463,s237,s16499,s16435]
s16566. 47 | 17 [rat s16565,s5356,s16562,s16530,s16436,s16435]
s16567. ~47 [rat s498,s759,s842,s1141,s828,s16435,s16500,s16478,s16463,s16486,s16490]
s16568. 419 [rat s6530,s16567]
s16570. ~27 [rat s851,s16486,s16435,s16567]
s16573. 17 [rat s16566,s16567]
s16574. ~404 [rat s7970,s16435,s16570]
s16575. ~19 [rat s131,s16435,s16573]
s16576. ~18 [rat s27,s16573]
s16577. ~440 [rat s13493,s237,s16574]
s16579. ~6 | 26 [rat s944,s847,s867,s498,s740,s1145,s16500,s16570,s16575,s16576,s16478,s16486,s16439,s237,s16573,s16435]
s16580. ~6 [rat s16579,s507,s16555]
s16581. 4 [rat s22,s16530,s16436,s16580]
s16584. 337 [rat s16565,s16567,s16580]
s16585. ~251 [rat s5683,s16573,s16530,s16436,s16435,s16580]
s16588. 22 [rat s5503,s16435,s16584]
s16592. ~37 [rat s932,s786,s11717,s5419,s16338,s177,s8650,s6634,s13671,s13366,s5596,s237,s16480,s16487,s16436,s16580,s16530,s16486,s16478,s16435,s16581,s16463,s16588,s16577,s16568,s16499,s16584,s16437,s16573,s16438]
s16593. 36 [rat s5814,s16478,s16500,s16574,s16592]
s16598. ~48 [rat s737,s16490,s16478,s16593]
s16599. ~412 [rat s5654,s237,s16530,s16580,s16436,s16435,s16478,s16573,s16487,s16486,s16593]
s16606. 58 [rat s16303,s16478,s16499,s16567,s16598]
s16621. ~270 [rat s16188,s237,s16599]
s16633. ~23 [rat s5672,s16530,s237,s16580,s16573,s16436,s16435,s16478,s16585,s16486,s16606]
s16637. ~25 [rat s5657,s16621,s16580,s16573,s16436,s16435,s16478,s16530,s16486,s16606]
s16662. # [rat s8650,s16577,s16588,s16463,s16435,s16637,s16633]
698804. $false [avatar sat refutation s16662]
% SZS output end Proof for GRP759+1
% ------------------------------
% Version: Vampire 5.0.0 (Release build, commit 2e2c9b7b8 on 2026-01-17 12:24:14 +0100)
% Linked with Z3 4.14.0.0 3c47fd96cf5645d0c42b2c819d9e9a84380aa721 z3-4.8.4-9178-g3c47fd96c
% CaDiCaL version: 2.1.3
% Termination reason: Refutation
% Time elapsed: 46.957 s
% Peak memory usage: 107 MB
% Instructions burned: 255539 (million)
% ------------------------------
% ------------------------------
