% Running in auto input_syntax mode. Trying TPTP
% Refutation found. Thanks to Tanya!
% SZS status Unsatisfiable for GRP759+1_clausified
% SZS output start Proof for GRP759+1_clausified
1. mult(X0,i(X0)) = e [input(axiom)]
2. mult(X0,e) = X0 [input(axiom)]
3. mult(X0,mult(X1,X2)) = mult(mult(X0,X1),X2) [input(axiom)]
4. mult(op_a,op_b) != mult(op_b,op_a) [input(axiom)]
5. c4 = X0 | c2 = X0 | c3 = X0 | c1 = X0 [input(axiom)]
6. c1 != c2 [input(axiom)]
7. c1 != c3 [input(axiom)]
8. c1 != c4 [input(axiom)]
9. c2 != c3 [input(axiom)]
10. c2 != c4 [input(axiom)]
11. c3 != c4 [input(axiom)]
12. mult(X0,X1) = mult(X0,mult(e,X1)) [superposition 3,2]
13. mult(e,X1) = mult(X0,mult(i(X0),X1)) [superposition 3,1]
18. e = mult(X0,mult(X1,i(mult(X0,X1)))) [superposition 1,3]
21. mult(X0,e) = mult(X0,i(e)) [superposition 12,1]
28. mult(X0,i(e)) = X0 [forward demodulation 21,2]
30. c3 = X1 | c3 = X0 | X0 = X1 | c1 = X1 | c2 = X0 | c2 = X1 | c1 = X0 [superposition 5,5]
34. e = mult(X0,c4) | i(X0) = c2 | i(X0) = c3 | i(X0) = c1 [superposition 1,5]
35. mult(X0,mult(X1,X2)) = mult(c4,X2) | mult(X0,X1) = c2 | mult(X0,X1) = c3 | mult(X0,X1) = c1 [superposition 3,5]
40. mult(X0,X1) = mult(X0,c4) | c3 = mult(e,X1) | c2 = mult(e,X1) | c1 = mult(e,X1) [superposition 12,5]
41. mult(op_a,op_b) != c4 | mult(op_b,op_a) = c2 | mult(op_b,op_a) = c3 | mult(op_b,op_a) = c1 [superposition 4,5]
42. mult(X0,X1) = mult(X0,mult(c4,X1)) | e = c2 | e = c3 | e = c1 [superposition 12,5]
43. mult(X0,c4) = X0 | e = c2 | e = c3 | e = c1 [superposition 2,5]
44. mult(c4,op_b) != mult(op_b,c4) | op_a = c2 | op_a = c3 | op_a = c1 [superposition 4,5]
45. mult(op_a,c4) != mult(c4,op_a) | op_b = c2 | op_b = c3 | op_b = c1 [superposition 4,5]
50. 1 <=> op_b = c1 [avatar definition]
51. op_b != c1 <- (~1) [avatar component clause 50]
52. op_b = c1 <- (1) [avatar component clause 50]
54. 2 <=> op_b = c3 [avatar definition]
55. op_b != c3 <- (~2) [avatar component clause 54]
56. op_b = c3 <- (2) [avatar component clause 54]
58. 3 <=> op_b = c2 [avatar definition]
59. op_b != c2 <- (~3) [avatar component clause 58]
60. op_b = c2 <- (3) [avatar component clause 58]
62. 4 <=> mult(op_a,c4) = mult(c4,op_a) [avatar definition]
63. mult(op_a,c4) = mult(c4,op_a) <- (4) [avatar component clause 62]
64. mult(op_a,c4) != mult(c4,op_a) <- (~4) [avatar component clause 62]
65. 1 | 2 | 3 | ~4 [avatar split clause 45,62,58,54,50]
67. 5 <=> op_a = c1 [avatar definition]
68. op_a != c1 <- (~5) [avatar component clause 67]
69. op_a = c1 <- (5) [avatar component clause 67]
71. 6 <=> op_a = c3 [avatar definition]
72. op_a != c3 <- (~6) [avatar component clause 71]
73. op_a = c3 <- (6) [avatar component clause 71]
75. 7 <=> op_a = c2 [avatar definition]
76. op_a != c2 <- (~7) [avatar component clause 75]
77. op_a = c2 <- (7) [avatar component clause 75]
79. 8 <=> mult(c4,op_b) = mult(op_b,c4) [avatar definition]
80. mult(c4,op_b) = mult(op_b,c4) <- (8) [avatar component clause 79]
81. mult(c4,op_b) != mult(op_b,c4) <- (~8) [avatar component clause 79]
82. 5 | 6 | 7 | ~8 [avatar split clause 44,79,75,71,67]
84. 9 <=> e = c1 [avatar definition]
85. e != c1 <- (~9) [avatar component clause 84]
86. e = c1 <- (9) [avatar component clause 84]
88. 10 <=> e = c3 [avatar definition]
89. e != c3 <- (~10) [avatar component clause 88]
90. e = c3 <- (10) [avatar component clause 88]
92. 11 <=> e = c2 [avatar definition]
93. e != c2 <- (~11) [avatar component clause 92]
94. e = c2 <- (11) [avatar component clause 92]
96. 12 <=> ! [X0] : mult(X0,c4) = X0 [avatar definition]
97. mult(X0,c4) = X0 <- (12) [avatar component clause 96]
98. 9 | 10 | 11 | 12 [avatar split clause 43,96,92,88,84]
100. 13 <=> ! [X0,X1] : mult(X0,X1) = mult(X0,mult(c4,X1)) [avatar definition]
101. mult(X0,X1) = mult(X0,mult(c4,X1)) <- (13) [avatar component clause 100]
102. 9 | 10 | 11 | 13 [avatar split clause 42,100,92,88,84]
104. 14 <=> mult(op_b,op_a) = c1 [avatar definition]
105. mult(op_b,op_a) != c1 <- (~14) [avatar component clause 104]
106. mult(op_b,op_a) = c1 <- (14) [avatar component clause 104]
108. 15 <=> mult(op_b,op_a) = c3 [avatar definition]
109. mult(op_b,op_a) != c3 <- (~15) [avatar component clause 108]
110. mult(op_b,op_a) = c3 <- (15) [avatar component clause 108]
112. 16 <=> mult(op_b,op_a) = c2 [avatar definition]
113. mult(op_b,op_a) != c2 <- (~16) [avatar component clause 112]
114. mult(op_b,op_a) = c2 <- (16) [avatar component clause 112]
116. 17 <=> mult(op_a,op_b) = c4 [avatar definition]
117. mult(op_a,op_b) = c4 <- (17) [avatar component clause 116]
118. mult(op_a,op_b) != c4 <- (~17) [avatar component clause 116]
119. 14 | 15 | 16 | ~17 [avatar split clause 41,116,112,108,104]
133. mult(X0,X1) = mult(X0,mult(c1,X1)) <- (9) [superposition 12,86]
134. mult(X0,c1) = X0 <- (9) [superposition 2,86]
135. c4 != mult(c4,op_b) | op_a = c2 | op_a = c3 | op_a = c1 <- (~17) [superposition 118,5]
136. c4 != mult(op_a,c4) | op_b = c2 | op_b = c3 | op_b = c1 <- (~17) [superposition 118,5]
137. c4 != c4 | mult(op_a,op_b) = c2 | mult(op_a,op_b) = c3 | mult(op_a,op_b) = c1 <- (~17) [superposition 118,5]
138. mult(op_a,op_b) = c2 | mult(op_a,op_b) = c3 | mult(op_a,op_b) = c1 <- (~17) [trivial inequality removal 137]
140. 18 <=> mult(op_a,op_b) = c1 [avatar definition]
141. mult(op_a,op_b) != c1 <- (~18) [avatar component clause 140]
142. mult(op_a,op_b) = c1 <- (18) [avatar component clause 140]
144. 19 <=> mult(op_a,op_b) = c3 [avatar definition]
145. mult(op_a,op_b) != c3 <- (~19) [avatar component clause 144]
146. mult(op_a,op_b) = c3 <- (19) [avatar component clause 144]
148. 20 <=> mult(op_a,op_b) = c2 [avatar definition]
149. mult(op_a,op_b) != c2 <- (~20) [avatar component clause 148]
150. mult(op_a,op_b) = c2 <- (20) [avatar component clause 148]
151. 18 | 19 | 20 | 17 [avatar split clause 138,116,148,144,140]
153. 21 <=> c4 = mult(op_a,c4) [avatar definition]
154. c4 = mult(op_a,c4) <- (21) [avatar component clause 153]
155. c4 != mult(op_a,c4) <- (~21) [avatar component clause 153]
156. 1 | 2 | 3 | ~21 | 17 [avatar split clause 136,116,153,58,54,50]
158. 22 <=> c4 = mult(c4,op_b) [avatar definition]
159. c4 = mult(c4,op_b) <- (22) [avatar component clause 158]
160. c4 != mult(c4,op_b) <- (~22) [avatar component clause 158]
161. 5 | 6 | 7 | ~22 | 17 [avatar split clause 135,116,158,75,71,67]
163. c1 = mult(op_b,c4) | op_a = c2 | op_a = c3 | op_a = c1 <- (14) [superposition 106,5]
165. mult(op_a,op_b) != c1 <- (14) [superposition 4,106]
169. 23 <=> c1 = mult(op_b,c4) [avatar definition]
170. c1 != mult(op_b,c4) <- (~23) [avatar component clause 169]
171. c1 = mult(op_b,c4) <- (23) [avatar component clause 169]
172. 5 | 6 | 7 | 23 | ~14 [avatar split clause 163,104,169,75,71,67]
174. 24 <=> c1 = mult(c4,op_a) [avatar definition]
175. c1 != mult(c4,op_a) <- (~24) [avatar component clause 174]
176. c1 = mult(c4,op_a) <- (24) [avatar component clause 174]
179. c1 != mult(op_b,c4) | op_a = c2 | op_a = c3 | op_a = c1 <- (~14) [superposition 105,5]
181. 5 | 6 | 7 | ~23 | 14 [avatar split clause 179,104,169,75,71,67]
184. c3 = mult(op_b,c4) | op_a = c2 | op_a = c3 | op_a = c1 <- (15) [superposition 110,5]
187. mult(op_a,op_b) != c3 <- (15) [superposition 4,110]
191. 25 <=> c3 = mult(op_b,c4) [avatar definition]
192. c3 != mult(op_b,c4) <- (~25) [avatar component clause 191]
193. c3 = mult(op_b,c4) <- (25) [avatar component clause 191]
194. 5 | 6 | 7 | 25 | ~15 [avatar split clause 184,108,191,75,71,67]
196. 26 <=> c3 = mult(c4,op_a) [avatar definition]
197. c3 != mult(c4,op_a) <- (~26) [avatar component clause 196]
198. c3 = mult(c4,op_a) <- (26) [avatar component clause 196]
201. c3 != mult(op_b,c4) | op_a = c2 | op_a = c3 | op_a = c1 <- (~15) [superposition 109,5]
203. 5 | 6 | 7 | ~25 | 15 [avatar split clause 201,108,191,75,71,67]
206. c2 = mult(op_b,c4) | op_a = c2 | op_a = c3 | op_a = c1 <- (16) [superposition 114,5]
210. mult(op_a,op_b) != c2 <- (16) [superposition 4,114]
214. 27 <=> c2 = mult(op_b,c4) [avatar definition]
215. c2 != mult(op_b,c4) <- (~27) [avatar component clause 214]
216. c2 = mult(op_b,c4) <- (27) [avatar component clause 214]
217. 5 | 6 | 7 | 27 | ~16 [avatar split clause 206,112,214,75,71,67]
219. 28 <=> c2 = mult(c4,op_a) [avatar definition]
220. c2 != mult(c4,op_a) <- (~28) [avatar component clause 219]
221. c2 = mult(c4,op_a) <- (28) [avatar component clause 219]
223. c2 != mult(c4,op_a) | op_b = c2 | op_b = c3 | op_b = c1 <- (~16) [superposition 113,5]
224. c2 != mult(op_b,c4) | op_a = c2 | op_a = c3 | op_a = c1 <- (~16) [superposition 113,5]
226. 5 | 6 | 7 | ~27 | 16 [avatar split clause 224,112,214,75,71,67]
227. 1 | 2 | 3 | ~28 | 16 [avatar split clause 223,112,219,58,54,50]
232. mult(c4,c4) != mult(c4,c4) | op_a = c2 | op_a = c3 | op_a = c1 <- (~4) [superposition 64,5]
234. c4 != mult(c4,op_a) | c2 = mult(op_a,c4) | c3 = mult(op_a,c4) | c1 = mult(op_a,c4) <- (~4) [superposition 64,5]
235. op_a = c2 | op_a = c3 | op_a = c1 <- (~4) [trivial inequality removal 232]
237. 29 <=> c1 = mult(op_a,c4) [avatar definition]
238. c1 != mult(op_a,c4) <- (~29) [avatar component clause 237]
239. c1 = mult(op_a,c4) <- (29) [avatar component clause 237]
241. 30 <=> c3 = mult(op_a,c4) [avatar definition]
242. c3 != mult(op_a,c4) <- (~30) [avatar component clause 241]
243. c3 = mult(op_a,c4) <- (30) [avatar component clause 241]
245. 31 <=> c2 = mult(op_a,c4) [avatar definition]
246. c2 != mult(op_a,c4) <- (~31) [avatar component clause 245]
247. c2 = mult(op_a,c4) <- (31) [avatar component clause 245]
249. 32 <=> c4 = mult(c4,op_a) [avatar definition]
250. c4 = mult(c4,op_a) <- (32) [avatar component clause 249]
251. c4 != mult(c4,op_a) <- (~32) [avatar component clause 249]
252. 29 | 30 | 31 | ~32 | 4 [avatar split clause 234,62,249,245,241,237]
253. 5 | 6 | 7 | 4 [avatar split clause 235,62,75,71,67]
255. c4 != mult(op_a,c1) <- (1, ~17) [superposition 118,52]
263. c4 = mult(c4,op_a) | c2 = mult(op_a,c4) | c3 = mult(op_a,c4) | c1 = mult(op_a,c4) <- (4) [superposition 63,5]
264. mult(op_a,mult(c4,X0)) = mult(mult(c4,op_a),X0) <- (4) [superposition 3,63]
265. mult(op_a,mult(c4,X0)) = mult(c4,mult(op_a,X0)) <- (4) [forward demodulation 264,3]
266. c2 = mult(c4,op_a) | c4 = mult(c4,op_a) | c3 = mult(op_a,c4) | c1 = mult(op_a,c4) <- (4) [forward demodulation 263,63]
267. c4 = mult(c4,op_a) | c3 = mult(op_a,c4) | c1 = mult(op_a,c4) <- (4, ~28) [forward subsumption resolution 266,220]
268. c3 = mult(c4,op_a) | c4 = mult(c4,op_a) | c1 = mult(op_a,c4) <- (4, ~28) [forward demodulation 267,63]
269. c4 = mult(c4,op_a) | c1 = mult(op_a,c4) <- (4, ~26, ~28) [forward subsumption resolution 268,197]
270. c1 = mult(c4,op_a) | c4 = mult(c4,op_a) <- (4, ~26, ~28) [forward demodulation 269,63]
271. c4 = mult(c4,op_a) <- (4, ~24, ~26, ~28) [forward subsumption resolution 270,175]
272. 32 | ~4 | 24 | 26 | 28 [avatar split clause 271,219,196,174,62,249]
280. c1 != mult(c3,op_a) <- (2, ~14) [superposition 105,56]
283. c4 != mult(op_a,c3) <- (2, ~17) [superposition 118,56]
284. mult(c4,c3) != mult(c3,c4) <- (2, ~8) [superposition 81,56]
299. mult(e,X0) = mult(X1,mult(c4,X0)) | c2 = i(X1) | c3 = i(X1) | c1 = i(X1) [superposition 13,5]
300. mult(X0,e) = mult(e,i(i(X0))) [superposition 13,1]
302. mult(X1,mult(e,X0)) = mult(e,mult(i(i(X1)),X0)) [superposition 13,13]
309. mult(e,X0) = mult(X1,mult(X2,mult(i(mult(X1,X2)),X0))) [superposition 3,13]
319. mult(X1,mult(c1,X0)) = mult(c1,mult(i(i(X1)),X0)) <- (9) [forward demodulation 302,86]
321. mult(X0,c1) = mult(c1,i(i(X0))) <- (9) [forward demodulation 300,86]
326. mult(c1,mult(i(i(X1)),X0)) = mult(X1,X0) <- (9) [forward demodulation 319,133]
327. mult(c1,i(i(X0))) = X0 <- (9) [forward demodulation 321,134]
335. c1 = mult(c4,op_b) | op_a = c2 | op_a = c3 | op_a = c1 <- (18) [superposition 142,5]
336. c1 = mult(op_a,c3) <- (2, 18) [superposition 142,56]
342. c1 = mult(c4,c3) | op_a = c2 | op_a = c3 | op_a = c1 <- (2, 18) [forward demodulation 335,56]
344. 33 <=> c1 = mult(c4,c3) [avatar definition]
345. c1 != mult(c4,c3) <- (~33) [avatar component clause 344]
346. c1 = mult(c4,c3) <- (33) [avatar component clause 344]
347. 5 | 6 | 7 | 33 | ~2 | ~18 [avatar split clause 342,140,54,344,75,71,67]
349. c1 = mult(c1,op_a) <- (1, 14) [forward demodulation 106,52]
350. $false <- (14, 18) [forward subsumption resolution 165,142]
351. ~14 | ~18 [avatar contradiction clause 350]
353. c1 = mult(c1,c4) <- (1, 23) [forward demodulation 171,52]
366. c1 != mult(c2,c4) <- (3, ~23) [forward demodulation 170,60]
372. 34 <=> c1 = mult(c4,c2) [avatar definition]
373. c1 != mult(c4,c2) <- (~34) [avatar component clause 372]
374. c1 = mult(c4,c2) <- (34) [avatar component clause 372]
377. c1 != mult(op_b,c1) <- (5, ~14) [forward demodulation 105,69]
378. c1 != mult(c1,c4) <- (1, ~23) [forward demodulation 170,52]
387. c1 != mult(op_b,c3) <- (6, ~14) [forward demodulation 105,73]
389. c1 != mult(c1,c3) <- (1, 6, ~14) [forward demodulation 387,52]
391. mult(op_a,c1) != mult(c1,op_a) <- (1) [superposition 4,52]
392. mult(c1,c4) != mult(c4,c1) <- (1, ~8) [superposition 81,52]
395. c1 = mult(op_a,c1) <- (1, 18) [superposition 142,52]
402. c3 = mult(op_b,c3) <- (6, 15) [forward demodulation 110,73]
404. c4 = mult(op_a,c1) <- (1, 17) [forward demodulation 117,52]
405. c1 != mult(op_a,c1) <- (1, ~18) [forward demodulation 141,52]
406. c3 = mult(c1,c3) <- (1, 6, 15) [forward demodulation 402,52]
417. c3 != mult(op_b,c3) <- (6, ~15) [forward demodulation 109,73]
422. c3 = mult(op_a,c1) <- (1, 19) [forward demodulation 146,52]
433. c2 != mult(op_b,c3) <- (6, ~16) [superposition 113,73]
434. c2 != mult(c1,c3) <- (1, 6, ~16) [forward demodulation 433,52]
446. e = mult(X0,mult(X1,i(c4))) | mult(X0,X1) = c2 | mult(X0,X1) = c3 | mult(X0,X1) = c1 [superposition 18,5]
448. e = mult(X2,mult(X0,mult(X1,i(mult(X2,mult(X0,X1)))))) [superposition 18,3]
449. e = mult(X0,c4) | c2 = mult(X1,i(mult(X0,X1))) | c3 = mult(X1,i(mult(X0,X1))) | c1 = mult(X1,i(mult(X0,X1))) [superposition 18,5]
453. e = c4 | c2 = mult(X0,mult(X1,i(mult(X0,X1)))) | c3 = mult(X0,mult(X1,i(mult(X0,X1)))) | c1 = mult(X0,mult(X1,i(mult(X0,X1)))) [superposition 18,5]
457. mult(X1,e) = mult(e,mult(X0,i(mult(i(X1),X0)))) [superposition 13,18]
459. mult(X0,e) = mult(X0,mult(X1,i(mult(e,X1)))) [superposition 12,18]
499. c4 != mult(c3,c4) <- (6, ~21) [superposition 155,73]
503. c4 != c4 | c2 = mult(op_a,c4) | c3 = mult(op_a,c4) | c1 = mult(op_a,c4) <- (~21) [superposition 155,5]
504. c2 = mult(op_a,c4) | c3 = mult(op_a,c4) | c1 = mult(op_a,c4) <- (~21) [trivial inequality removal 503]
505. c2 = mult(c4,op_a) | c3 = mult(op_a,c4) | c1 = mult(op_a,c4) <- (4, ~21) [forward demodulation 504,63]
508. c3 = mult(op_a,c4) | c1 = mult(op_a,c4) <- (4, ~21, ~28) [forward subsumption resolution 505,220]
509. c3 = mult(c4,op_a) | c1 = mult(op_a,c4) <- (4, ~21, ~28) [forward demodulation 508,63]
510. c1 = mult(op_a,c4) <- (4, ~21, ~26, ~28) [forward subsumption resolution 509,197]
511. c1 = mult(c3,c4) <- (4, 6, ~21, ~26, ~28) [forward demodulation 510,73]
544. 35 <=> c2 = i(c1) [avatar definition]
545. c2 != i(c1) <- (~35) [avatar component clause 544]
546. c2 = i(c1) <- (35) [avatar component clause 544]
548. 36 <=> c3 = i(c1) [avatar definition]
549. c3 != i(c1) <- (~36) [avatar component clause 548]
550. c3 = i(c1) <- (36) [avatar component clause 548]
552. 37 <=> c1 = i(c1) [avatar definition]
553. c1 != i(c1) <- (~37) [avatar component clause 552]
554. c1 = i(c1) <- (37) [avatar component clause 552]
564. c3 = X3 | c2 = X2 | c2 = X1 | c2 = X0 | X1 = X2 | X0 = X3 | X0 = X2 | X0 = X1 | c1 = X1 | c1 = X0 | c2 = X3 | c1 = X2 | c1 = X3 [superposition 30,30]
615. e = mult(X0,c3) | c3 = X1 | i(X0) = X1 | c1 = X1 | i(X0) = c2 | c2 = X1 | i(X0) = c1 [superposition 1,30]
616. e = mult(X0,mult(X1,c3)) | c3 = X2 | i(mult(X0,X1)) = X2 | c1 = X2 | c2 = i(mult(X0,X1)) | c2 = X2 | c1 = i(mult(X0,X1)) [superposition 18,30]
618. e = mult(X0,mult(X1,i(c3))) | c3 = X2 | mult(X0,X1) = X2 | c1 = X2 | mult(X0,X1) = c2 | c2 = X2 | mult(X0,X1) = c1 [superposition 18,30]
619. mult(X0,mult(X1,X2)) = mult(c3,X2) | mult(X0,X1) = X3 | c3 = X3 | c1 = X3 | mult(X0,X1) = c2 | c2 = X3 | mult(X0,X1) = c1 [superposition 3,30]
627. e = c3 | i(X0) = c2 | i(X0) = c3 | i(X0) = c1 | c3 = X1 | mult(X0,c4) = X1 | c1 = X1 | c2 = mult(X0,c4) | c2 = X1 | c1 = mult(X0,c4) [superposition 34,30]
630. mult(X0,X1) = mult(X0,c3) | c3 = X2 | mult(e,X1) = X2 | c1 = X2 | c2 = mult(e,X1) | c2 = X2 | c1 = mult(e,X1) [superposition 12,30]
640. mult(op_b,c3) != mult(c3,op_b) | c3 = X0 | op_a = X0 | c1 = X0 | op_a = c2 | c2 = X0 | op_a = c1 [superposition 4,30]
703. e = mult(X1,mult(X2,X0)) | c3 = i(mult(X1,X2)) | c3 = X0 | c1 = i(mult(X1,X2)) | c2 = X0 | c2 = i(mult(X1,X2)) | c1 = X0 [superposition 18,30]
721. mult(op_a,op_b) != X0 | mult(op_b,op_a) = c3 | c3 = X0 | mult(op_b,op_a) = c1 | c2 = X0 | mult(op_b,op_a) = c2 | c1 = X0 [superposition 4,30]
727. mult(X0,op_b) != mult(op_b,X0) | op_a = c3 | c3 = X0 | op_a = c1 | c2 = X0 | op_a = c2 | c1 = X0 [superposition 4,30]
733. mult(op_a,X0) != mult(X0,op_a) | op_b = c3 | c3 = X0 | op_b = c1 | c2 = X0 | op_b = c2 | c1 = X0 [superposition 4,30]
1052. c4 != mult(c4,c1) <- (1, ~22) [superposition 160,52]
1066. c4 = mult(c4,c1) <- (1, 22) [forward demodulation 159,52]
1067. mult(X0,e) = mult(c4,i(X1)) | mult(X0,X1) = c2 | mult(X0,X1) = c3 | mult(X0,X1) = c1 [superposition 35,1]
1070. mult(X0,e) = mult(c4,mult(X2,i(mult(X1,X2)))) | mult(X0,X1) = c2 | mult(X0,X1) = c3 | mult(X0,X1) = c1 [superposition 35,18]
1074. mult(X0,e) = mult(c4,c4) | mult(X0,X1) = c2 | mult(X0,X1) = c3 | mult(X0,X1) = c1 | c2 = i(X1) | c3 = i(X1) | c1 = i(X1) [superposition 35,34]
1080. mult(c4,X2) = mult(X0,c3) | mult(X1,X2) = c2 | mult(X1,X2) = X3 | mult(X0,X1) = c3 | c3 = X3 | mult(X0,X1) = c1 | mult(X1,X2) = c1 | c2 = X3 | mult(X0,X1) = c2 | c1 = X3 [superposition 35,30]
1091. mult(c4,X0) = mult(X1,X0) | c2 = mult(X1,e) | c3 = mult(X1,e) | c1 = mult(X1,e) [superposition 12,35]
1093. e = mult(c4,i(mult(X0,X1))) | mult(X0,X1) = c2 | mult(X0,X1) = c3 | mult(X0,X1) = c1 [superposition 18,35]
1094. e = mult(X1,mult(mult(X2,X0),i(mult(c4,X0)))) | mult(X1,X2) = c2 | mult(X1,X2) = c3 | mult(X1,X2) = c1 [superposition 18,35]
1096. mult(e,mult(X1,X0)) = mult(X2,mult(c4,X0)) | c2 = mult(i(X2),X1) | c3 = mult(i(X2),X1) | c1 = mult(i(X2),X1) [superposition 13,35]
1133. c3 != mult(c1,c4) <- (1, ~25) [superposition 192,52]
1152. c2 != mult(c1,c4) <- (1, ~27) [superposition 215,52]
1174. c2 != mult(c4,c3) <- (6, ~28) [superposition 220,73]
1309. mult(X0,X1) = mult(X0,mult(i(e),X1)) [superposition 3,28]
1394. mult(X1,X0) = mult(X1,i(i(X0))) <- (9) [superposition 133,327]
1652. c2 = mult(c1,c4) <- (1, 27) [forward demodulation 216,52]
1664. e = mult(X1,mult(X2,mult(X0,i(mult(c4,X0))))) | mult(X1,X2) = c2 | mult(X1,X2) = c3 | mult(X1,X2) = c1 [forward demodulation 1094,3]
1666. c2 = X1 | mult(c4,X0) = mult(X1,X0) | c3 = mult(X1,e) | c1 = mult(X1,e) [forward demodulation 1091,2]
1671. mult(c4,c4) = X0 | mult(X0,X1) = c3 | mult(X0,X1) = c2 | mult(X0,X1) = c1 | c2 = i(X1) | c3 = i(X1) | c1 = i(X1) [forward demodulation 1074,2]
1674. mult(c4,mult(X2,i(mult(X1,X2)))) = X0 | mult(X0,X1) = c3 | mult(X0,X1) = c2 | mult(X0,X1) = c1 [forward demodulation 1070,2]
1677. mult(c4,i(X1)) = X0 | mult(X0,X1) = c3 | mult(X0,X1) = c2 | mult(X0,X1) = c1 [forward demodulation 1067,2]
1757. c3 = X1 | c2 = X1 | mult(c4,X0) = mult(X1,X0) | c1 = mult(X1,e) [forward demodulation 1666,2]
1778. 38 <=> c1 = i(c3) [avatar definition]
1779. c1 != i(c3) <- (~38) [avatar component clause 1778]
1780. c1 = i(c3) <- (38) [avatar component clause 1778]
1782. 39 <=> c3 = i(c3) [avatar definition]
1783. c3 != i(c3) <- (~39) [avatar component clause 1782]
1784. c3 = i(c3) <- (39) [avatar component clause 1782]
1786. 40 <=> c2 = i(c3) [avatar definition]
1787. c2 != i(c3) <- (~40) [avatar component clause 1786]
1788. c2 = i(c3) <- (40) [avatar component clause 1786]
1819. mult(c4,X0) = mult(X1,X0) | c3 = X1 | c2 = X1 | c1 = X1 [forward demodulation 1757,2]
1942. mult(c1,c4) = mult(c4,c1) <- (1, 8) [forward demodulation 80,52]
1958. c3 = mult(c1,i(c1)) <- (9, 38) [superposition 327,1780]
1965. e = c3 <- (9, 38) [forward demodulation 1958,1]
1968. c1 = c3 <- (9, 38) [forward demodulation 1965,86]
1971. $false <- (9, 38) [forward subsumption resolution 1968,7]
1972. ~9 | ~38 [avatar contradiction clause 1971]
2061. c4 = mult(c4,c3) <- (6, 32) [forward demodulation 250,73]
2134. c4 = mult(c3,c4) <- (6, 21) [forward demodulation 154,73]
2160. c3 = mult(c1,i(c2)) <- (9, 40) [superposition 327,1788]
2241. c2 = mult(c4,c3) <- (6, 28) [forward demodulation 221,73]
2276. c4 != mult(c4,c3) <- (6, ~32) [forward demodulation 251,73]
2290. 42 <=> c2 = mult(c3,c4) [avatar definition]
2291. c2 != mult(c3,c4) <- (~42) [avatar component clause 2290]
2292. c2 = mult(c3,c4) <- (42) [avatar component clause 2290]
2579. 45 <=> ! [X0] : mult(X0,c3) = X0 [avatar definition]
2580. mult(X0,c3) = X0 <- (45) [avatar component clause 2579]
2584. 46 <=> ! [X0,X1] : (mult(X1,X0) = X1 | c2 = X0 | c1 = X0 | c3 = X0) [avatar definition]
2585. mult(X1,X0) = X1 | c2 = X0 | c1 = X0 | c3 = X0 <- (46) [avatar component clause 2584]
2807. mult(c4,mult(op_a,i(c4))) = mult(op_a,e) <- (4) [superposition 265,1]
2819. mult(op_a,e) = mult(c4,mult(op_a,c4)) | c2 = i(c4) | c3 = i(c4) | c1 = i(c4) <- (4) [superposition 265,34]
2862. mult(op_a,e) = mult(c4,mult(c4,op_a)) | c2 = i(c4) | c3 = i(c4) | c1 = i(c4) <- (4) [forward demodulation 2819,63]
2874. op_a = mult(c4,mult(op_a,i(c4))) <- (4) [forward demodulation 2807,2]
2978. 47 <=> c1 = i(c4) [avatar definition]
2979. c1 != i(c4) <- (~47) [avatar component clause 2978]
2980. c1 = i(c4) <- (47) [avatar component clause 2978]
2982. 48 <=> c3 = i(c4) [avatar definition]
2983. c3 != i(c4) <- (~48) [avatar component clause 2982]
2984. c3 = i(c4) <- (48) [avatar component clause 2982]
2986. 49 <=> c2 = i(c4) [avatar definition]
2987. c2 != i(c4) <- (~49) [avatar component clause 2986]
2988. c2 = i(c4) <- (49) [avatar component clause 2986]
2990. 50 <=> c3 = mult(c2,c4) [avatar definition]
2991. c3 != mult(c2,c4) <- (~50) [avatar component clause 2990]
2992. c3 = mult(c2,c4) <- (50) [avatar component clause 2990]
3044. c4 = mult(c1,i(c2)) <- (9, 49) [superposition 327,2988]
3046. e = mult(c4,c2) <- (49) [superposition 1,2988]
3049. c1 = mult(c4,c2) <- (9, 49) [forward demodulation 3046,86]
3051. c3 = c4 <- (9, 40, 49) [forward demodulation 3044,2160]
3054. 34 | ~9 | ~49 [avatar split clause 3049,2986,84,372]
3055. $false <- (9, 40, 49) [forward subsumption resolution 3051,11]
3056. ~9 | ~40 | ~49 [avatar contradiction clause 3055]
3081. mult(X0,c1) = mult(c1,i(i(X0))) <- (9) [superposition 326,134]
3127. mult(X0,c1) = mult(c1,X0) <- (9) [forward demodulation 3081,1394]
3157. mult(c1,X0) = X0 <- (9) [forward demodulation 3127,134]
3198. c4 = mult(c1,i(c1)) <- (9, 47) [superposition 327,2980]
3205. e = c4 <- (9, 47) [forward demodulation 3198,1]
3211. c1 = c4 <- (9, 47) [forward demodulation 3205,86]
3216. $false <- (9, 47) [forward subsumption resolution 3211,8]
3217. ~9 | ~47 [avatar contradiction clause 3216]
3223. c3 = mult(c1,c4) <- (1, 25) [forward demodulation 193,52]
3297. 51 <=> c3 = mult(c3,mult(c4,c4)) [avatar definition]
3298. c3 != mult(c3,mult(c4,c4)) <- (~51) [avatar component clause 3297]
3299. c3 = mult(c3,mult(c4,c4)) <- (51) [avatar component clause 3297]
3393. i(X0) != c1 | c2 = X0 | c3 = X0 | c1 = X0 <- (~47) [superposition 2979,5]
3958. i(X0) != c3 | c2 = X0 | c3 = X0 | c1 = X0 <- (~48) [superposition 2983,5]
4218. i(X0) != c2 | c2 = X0 | c3 = X0 | c1 = X0 <- (~49) [superposition 2987,5]
4704. e = mult(c4,c4) | c3 = X0 | c2 = X0 | c1 = X0 | i(X0) = c2 | i(X0) = c3 | i(X0) = c1 [superposition 1819,34]
4788. mult(op_a,op_b) != mult(c4,op_a) | op_b = c3 | op_b = c2 | op_b = c1 [superposition 4,1819]
4796. e = c3 | c2 = i(c2) | c3 = i(c2) | c1 = i(c2) <- (50) [superposition 2992,34]
4977. c1 = mult(op_b,c1) <- (5, 14) [forward demodulation 106,69]
4980. op_a != mult(op_a,c1) <- (1, 9) [forward demodulation 391,3157]
4981. c3 != mult(op_b,c1) <- (5, ~15) [forward demodulation 109,69]
4991. c1 != mult(c4,c1) <- (5, ~24) [forward demodulation 175,69]
5001. c4 != mult(c4,c1) <- (5, ~32) [forward demodulation 251,69]
5020. mult(op_a,e) = mult(c4,mult(c4,op_a)) | c3 = i(c4) | c1 = i(c4) <- (4, ~49) [forward subsumption resolution 2862,2987]
5029. c3 != mult(c4,c1) <- (5, ~26) [forward demodulation 197,69]
5112. e = mult(c4,c4) | c3 = X0 | c2 = X0 | c1 = X0 | i(X0) = c3 | i(X0) = c1 <- (~49) [forward subsumption resolution 4704,4218]
5138. c1 = c3 | c2 = i(c2) | c3 = i(c2) | c1 = i(c2) <- (9, 50) [forward demodulation 4796,86]
5153. $false <- (1, 9) [forward subsumption resolution 4980,134]
5154. ~1 | ~9 [avatar contradiction clause 5153]
5155. op_b != c3 <- (5, 9, ~15) [forward demodulation 4981,134]
5169. $false <- (5, 9, ~32) [forward subsumption resolution 5001,134]
5170. ~5 | ~9 | 32 [avatar contradiction clause 5169]
5189. mult(op_a,e) = mult(c4,mult(c4,op_a)) | c1 = i(c4) <- (4, ~48, ~49) [forward subsumption resolution 5020,2983]
5242. e = mult(c4,c4) | c3 = X0 | c2 = X0 | c1 = X0 | i(X0) = c1 <- (~48, ~49) [forward subsumption resolution 5112,3958]
5248. c2 = i(c2) | c3 = i(c2) | c1 = i(c2) <- (9, 50) [forward subsumption resolution 5138,7]
5280. mult(op_a,e) = mult(c4,mult(c4,op_a)) <- (4, ~47, ~48, ~49) [forward subsumption resolution 5189,2979]
5311. e = mult(c4,c4) | c3 = X0 | c2 = X0 | c1 = X0 <- (~47, ~48, ~49) [forward subsumption resolution 5242,3393]
5315. 52 <=> c1 = i(c2) [avatar definition]
5316. c1 != i(c2) <- (~52) [avatar component clause 5315]
5317. c1 = i(c2) <- (52) [avatar component clause 5315]
5319. 53 <=> c3 = i(c2) [avatar definition]
5320. c3 != i(c2) <- (~53) [avatar component clause 5319]
5321. c3 = i(c2) <- (53) [avatar component clause 5319]
5323. 54 <=> c2 = i(c2) [avatar definition]
5324. c2 != i(c2) <- (~54) [avatar component clause 5323]
5325. c2 = i(c2) <- (54) [avatar component clause 5323]
5327. 52 | 53 | 54 | ~9 | ~50 [avatar split clause 5248,2990,84,5323,5319,5315]
5362. c1 = mult(c4,c4) | c3 = X0 | c2 = X0 | c1 = X0 <- (9, ~47, ~48, ~49) [forward demodulation 5311,86]
5383. 55 <=> ! [X0] : (c3 = X0 | c1 = X0 | c2 = X0) [avatar definition]
5384. c3 = X0 | c1 = X0 | c2 = X0 <- (55) [avatar component clause 5383]
5386. 56 <=> c1 = mult(c4,c4) [avatar definition]
5387. c1 != mult(c4,c4) <- (~56) [avatar component clause 5386]
5388. c1 = mult(c4,c4) <- (56) [avatar component clause 5386]
5390. 55 | 56 | ~9 | 47 | 48 | 49 [avatar split clause 5362,2986,2982,2978,84,5386,5383]
5567. c4 = mult(c1,c4) <- (1, 8, 22) [forward demodulation 1942,1066]
5571. mult(c1,c1) != mult(c1,c1) <- (1, 5) [forward demodulation 391,69]
5572. $false <- (1, 5) [trivial inequality removal 5571]
5573. ~1 | ~5 [avatar contradiction clause 5572]
5642. c2 = mult(c4,c4) | c3 = X0 | c2 = X0 | c1 = X0 <- (11, ~47, ~48, ~49) [forward demodulation 5311,94]
5727. 58 <=> c2 = mult(c4,c4) [avatar definition]
5728. c2 != mult(c4,c4) <- (~58) [avatar component clause 5727]
5729. c2 = mult(c4,c4) <- (58) [avatar component clause 5727]
5731. 55 | 58 | ~11 | 47 | 48 | 49 [avatar split clause 5642,2986,2982,2978,92,5727,5383]
5812. 59 <=> ! [X1] : (i(c2) = X1 | c1 = X1 | c2 = X1 | c3 = X1) [avatar definition]
5813. i(c2) = X1 | c1 = X1 | c2 = X1 | c3 = X1 <- (59) [avatar component clause 5812]
5915. c4 != mult(c1,c4) <- (1, ~8, 22) [forward demodulation 392,1066]
5928. mult(c4,c2) = mult(op_a,e) <- (4, 28, ~47, ~48, ~49) [forward demodulation 5280,221]
5938. op_a = mult(c4,c2) <- (4, 28, ~47, ~48, ~49) [forward demodulation 5928,2]
5981. mult(c1,X0) = mult(c1,mult(op_a,X0)) <- (1, 14) [superposition 3,349]
5983. mult(c4,op_a) = mult(X0,c1) | c2 = mult(X0,c1) | c3 = mult(X0,c1) | c1 = mult(X0,c1) <- (1, 14) [superposition 35,349]
6026. mult(X0,c3) = X0 <- (10) [superposition 2,90]
6029. 45 | ~10 [avatar split clause 6026,88,2579]
6092. mult(op_a,c2) = mult(c4,mult(op_a,op_a)) <- (4, 28) [superposition 265,221]
6093. mult(c2,X0) = mult(c4,mult(op_a,X0)) <- (28) [superposition 3,221]
6099. mult(c2,op_a) = mult(op_a,c2) <- (4, 28) [forward demodulation 6092,6093]
6184. c4 != c4 | c2 = mult(c4,c1) | c3 = mult(c4,c1) | c1 = mult(c4,c1) <- (1, ~22) [superposition 1052,5]
6185. c2 = mult(c4,c1) | c3 = mult(c4,c1) | c1 = mult(c4,c1) <- (1, ~22) [trivial inequality removal 6184]
6196. mult(c1,e) = mult(c1,i(op_a)) <- (1, 14) [superposition 5981,1]
6230. c1 = mult(c1,i(op_a)) <- (1, 14) [forward demodulation 6196,2]
6268. c2 = mult(op_a,c1) <- (1, 20) [forward demodulation 150,52]
6449. mult(e,mult(i(i(X1)),X0)) = mult(X1,X0) [forward demodulation 302,12]
6450. mult(e,i(i(X0))) = X0 [forward demodulation 300,2]
6452. mult(X0,mult(X1,i(mult(e,X1)))) = X0 [forward demodulation 459,2]
6453. mult(e,mult(X0,i(mult(i(X1),X0)))) = X1 [forward demodulation 457,2]
6476. op_a = mult(c4,op_a) <- (4, 12) [superposition 97,63]
6487. mult(X0,X1) = mult(X0,mult(c4,X1)) <- (12) [superposition 3,97]
6560. op_a = c3 <- (4, 12, 26) [forward demodulation 6476,198]
6565. $false <- (4, ~6, 12, 26) [forward subsumption resolution 6560,72]
6566. ~4 | 6 | ~12 | ~26 [avatar contradiction clause 6565]
6656. mult(c4,X0) = mult(c4,mult(op_a,X0)) <- (32) [superposition 3,250]
6664. mult(X0,i(i(X1))) = X1 | c3 = X0 | e = c3 | c1 = X0 | e = c2 | c2 = X0 | e = c1 [superposition 6450,30]
6668. c2 = mult(e,i(c1)) <- (52) [superposition 6450,5317]
6669. c1 = mult(e,i(c1)) <- (37) [superposition 6450,554]
6686. mult(X1,X0) = mult(X1,i(i(X0))) [superposition 12,6450]
6692. c1 = mult(e,c1) <- (37) [forward demodulation 6669,554]
6693. c2 = mult(e,c1) <- (37, 52) [forward demodulation 6668,554]
6694. c1 = c2 <- (37, 52) [forward demodulation 6693,6692]
6695. $false <- (37, 52) [forward subsumption resolution 6694,6]
6696. ~37 | ~52 [avatar contradiction clause 6695]
6711. mult(X0,e) = mult(X0,i(c4)) <- (13) [superposition 101,1]
6765. mult(X0,i(c4)) = X0 <- (13) [forward demodulation 6711,2]
6799. mult(X1,mult(i(i(X0)),i(X0))) = X1 [superposition 6452,6450]
6824. mult(X2,mult(X0,mult(X1,i(mult(e,mult(X0,X1)))))) = X2 [superposition 6452,3]
6846. mult(e,i(mult(e,i(X0)))) = X0 [superposition 13,6452]
6849. mult(X0,X2) = mult(X0,mult(mult(X1,i(mult(e,X1))),X2)) [superposition 3,6452]
6850. e = mult(X0,mult(mult(X1,i(mult(e,X1))),i(X0))) [superposition 18,6452]
6869. e = mult(X0,mult(X1,mult(i(mult(e,X1)),i(X0)))) [forward demodulation 6850,3]
6870. mult(X0,X2) = mult(X0,mult(X1,mult(i(mult(e,X1)),X2))) [forward demodulation 6849,3]
6948. mult(e,e) = mult(X0,mult(X1,i(mult(i(i(X0)),X1)))) [superposition 6449,18]
6970. mult(X2,mult(X0,X1)) = mult(X2,mult(i(i(X0)),X1)) [superposition 12,6449]
6989. e = mult(X0,mult(X1,i(mult(i(i(X0)),X1)))) [forward demodulation 6948,2]
7046. mult(e,mult(X0,mult(X1,i(mult(i(X2),mult(X0,X1)))))) = X2 [superposition 6453,3]
7064. mult(X1,i(mult(i(X0),i(i(X1))))) = X0 [superposition 6449,6453]
7065. mult(X1,mult(mult(X2,i(mult(i(X0),X2))),i(X0))) = X1 [superposition 6452,6453]
7066. mult(X1,X0) = mult(X1,mult(X2,i(mult(i(X0),X2)))) [superposition 12,6453]
7071. mult(X0,X2) = mult(e,mult(mult(X1,i(mult(i(X0),X1))),X2)) [superposition 3,6453]
7072. e = mult(e,mult(mult(X1,i(mult(i(X0),X1))),i(X0))) [superposition 18,6453]
7075. e = mult(e,mult(X1,mult(i(mult(i(X0),X1)),i(X0)))) [forward demodulation 7072,3]
7076. mult(X0,X2) = mult(e,mult(X1,mult(i(mult(i(X0),X1)),X2))) [forward demodulation 7071,3]
7080. mult(X1,mult(X2,mult(i(mult(i(X0),X2)),i(X0)))) = X1 [forward demodulation 7065,3]
7081. mult(X1,i(mult(i(X0),X1))) = X0 [forward demodulation 7064,6686]
7185. mult(X1,e) = mult(e,i(mult(X0,i(mult(X1,X0))))) [superposition 309,18]
7187. mult(X2,mult(e,X0)) = mult(e,mult(i(mult(X1,i(mult(X2,X1)))),X0)) [superposition 309,309]
7190. mult(X1,X0) = mult(e,i(mult(i(X0),i(mult(X1,e))))) [superposition 309,6453]
7257. mult(X1,X0) = mult(e,i(mult(i(X0),i(X1)))) [forward demodulation 7190,2]
7258. mult(X2,X0) = mult(e,mult(i(mult(X1,i(mult(X2,X1)))),X0)) [forward demodulation 7187,12]
7259. mult(e,i(mult(X0,i(mult(X1,X0))))) = X1 [forward demodulation 7185,2]
7342. e = c4 <- (13) [superposition 1,6765]
7349. mult(X0,i(X0)) = mult(e,i(c4)) <- (13) [superposition 13,6765]
7480. mult(X2,e) = mult(e,mult(X0,i(mult(X1,mult(i(mult(X2,X1)),X0))))) [superposition 309,448]
7498. e = mult(X2,mult(X0,mult(X1,i(mult(c4,mult(X0,X1)))))) | c3 = X2 | c2 = X2 | c1 = X2 [superposition 1819,448]
7499. mult(op_a,e) = mult(c4,mult(op_a,mult(X0,mult(X1,i(mult(c4,mult(X0,X1))))))) <- (4) [superposition 265,448]
7645. mult(c4,mult(X0,i(mult(i(X1),X0)))) = X1 <- (13) [superposition 6453,7342]
7646. mult(c4,X1) = X1 <- (13) [forward demodulation 7645,7066]
7695. e = mult(X1,X0) | c3 = mult(X0,mult(X1,c4)) | c2 = mult(X0,mult(X1,c4)) | c1 = mult(X0,mult(X1,c4)) [superposition 18,1677]
7712. e = c3 | mult(c4,i(i(X0))) = X0 | mult(X0,i(X0)) = c2 | mult(X0,i(X0)) = c1 [superposition 1,1677]
7725. e = c3 | mult(c4,i(mult(X1,i(mult(X0,X1))))) = X0 | c2 = mult(X0,mult(X1,i(mult(X0,X1)))) | c1 = mult(X0,mult(X1,i(mult(X0,X1)))) [superposition 18,1677]
7756. mult(c4,i(mult(X1,i(mult(X0,X1))))) = X0 | c2 = mult(X0,mult(X1,i(mult(X0,X1)))) | c1 = mult(X0,mult(X1,i(mult(X0,X1)))) <- (~10) [forward subsumption resolution 7725,89]
7767. mult(c4,i(i(X0))) = X0 | mult(X0,i(X0)) = c2 | mult(X0,i(X0)) = c1 <- (~10) [forward subsumption resolution 7712,89]
7784. i(mult(X1,i(mult(X0,X1)))) = X0 | c2 = mult(X0,mult(X1,i(mult(X0,X1)))) | c1 = mult(X0,mult(X1,i(mult(X0,X1)))) <- (~10, 13) [forward demodulation 7756,7646]
7795. i(i(X0)) = X0 | mult(X0,i(X0)) = c2 | mult(X0,i(X0)) = c1 <- (~10, 13) [forward demodulation 7767,7646]
7811. e = c2 | i(mult(X1,i(mult(X0,X1)))) = X0 | c1 = mult(X0,mult(X1,i(mult(X0,X1)))) <- (~10, 13) [forward demodulation 7784,18]
7821. e = c2 | i(i(X0)) = X0 | mult(X0,i(X0)) = c1 <- (~10, 13) [forward demodulation 7795,1]
7830. i(mult(X1,i(mult(X0,X1)))) = X0 | c1 = mult(X0,mult(X1,i(mult(X0,X1)))) <- (~10, ~11, 13) [forward subsumption resolution 7811,93]
7837. i(i(X0)) = X0 | mult(X0,i(X0)) = c1 <- (~10, ~11, 13) [forward subsumption resolution 7821,93]
7841. e = c1 | i(mult(X1,i(mult(X0,X1)))) = X0 <- (~10, ~11, 13) [forward demodulation 7830,18]
7845. e = c1 | i(i(X0)) = X0 <- (~10, ~11, 13) [forward demodulation 7837,1]
7849. i(mult(X1,i(mult(X0,X1)))) = X0 <- (~9, ~10, ~11, 13) [forward subsumption resolution 7841,85]
7851. i(i(X0)) = X0 <- (~9, ~10, ~11, 13) [forward subsumption resolution 7845,85]
7870. mult(X0,X1) = mult(e,mult(X0,X1)) <- (~9, ~10, ~11, 13) [superposition 6449,7851]
7872. e = mult(i(X0),X0) <- (~9, ~10, ~11, 13) [superposition 1,7851]
7876. i(X0) = mult(e,i(X0)) <- (~9, ~10, ~11, 13) [superposition 6450,7851]
7882. c4 = mult(i(X0),X0) <- (~9, ~10, ~11, 13) [forward demodulation 7872,7342]
7900. c1 = mult(e,mult(X0,i(mult(c2,X0)))) <- (35) [superposition 6453,546]
7951. mult(e,c4) = X0 | c3 = X0 | c2 = X0 | c1 = X0 [superposition 40,6453]
8069. c3 = X1 | mult(X2,c4) = mult(X2,mult(X0,i(mult(i(X1),X0)))) | c2 = mult(e,mult(X0,i(mult(i(X1),X0)))) | c1 = mult(e,mult(X0,i(mult(i(X1),X0)))) [superposition 6453,40]
8096. c3 != mult(e,c4) | c3 = mult(e,X0) | c2 = mult(e,X0) | c1 = mult(e,X0) [equality factoring 40]
8097. c2 != mult(e,c4) | c3 = mult(e,X0) | c2 = mult(e,X0) | c1 = mult(e,X0) [equality factoring 40]
8098. c1 != mult(e,c4) | c3 = mult(e,X0) | c2 = mult(e,X0) | c1 = mult(e,X0) [equality factoring 40]
8125. mult(X2,c4) = mult(X2,X1) | c3 = X1 | c2 = mult(e,mult(X0,i(mult(i(X1),X0)))) | c1 = mult(e,mult(X0,i(mult(i(X1),X0)))) [forward demodulation 8069,7066]
8333. mult(e,i(mult(i(X0),c4))) = X0 <- (13) [superposition 6453,7646]
8336. c4 = i(c4) <- (13) [superposition 6765,7646]
8390. 13 | ~12 [avatar split clause 6487,96,100]
8447. c1 = mult(c2,mult(X0,i(mult(c2,X0)))) <- (11, 35) [forward demodulation 7900,94]
8492. e = c1 <- (11, 35) [forward demodulation 8447,18]
8526. $false <- (~9, 11, 35) [forward subsumption resolution 8492,85]
8527. 9 | ~11 | ~35 [avatar contradiction clause 8526]
8604. mult(op_a,e) = mult(c4,mult(X0,mult(X1,i(mult(c4,mult(X0,X1)))))) <- (4, 32) [forward demodulation 7499,6656]
8611. c2 = X1 | mult(X2,c4) = mult(X2,X1) | c3 = X1 | c1 = mult(e,mult(X0,i(mult(i(X1),X0)))) [forward demodulation 8125,6453]
8640. e = mult(op_a,e) <- (4, 32) [forward demodulation 8604,448]
8646. mult(X2,c4) = mult(X2,X1) | c2 = X1 | c1 = X1 | c3 = X1 [forward demodulation 8611,6453]
8664. e = op_a <- (4, 32) [forward demodulation 8640,2]
8674. op_a = c2 <- (4, 11, 32) [forward demodulation 8664,94]
8682. 7 | ~4 | ~11 | ~32 [avatar split clause 8674,249,92,62,75]
8703. mult(X0,c2) = X0 <- (11) [superposition 2,94]
8712. mult(c2,mult(X0,i(mult(i(X1),X0)))) = X1 <- (11) [superposition 6453,94]
8715. mult(c2,X1) = X1 <- (11) [forward demodulation 8712,7066]
8763. e = mult(c4,c2) <- (49) [superposition 1,2988]
8775. e = c4 <- (11, 49) [forward demodulation 8763,8703]
8780. c2 = c4 <- (11, 49) [forward demodulation 8775,94]
8786. $false <- (11, 49) [forward subsumption resolution 8780,10]
8787. ~11 | ~49 [avatar contradiction clause 8786]
8801. c4 = mult(c4,op_a) <- (4, 21) [superposition 154,63]
8882. c4 = mult(e,i(c3)) <- (48) [superposition 6450,2984]
8887. c4 = mult(c2,i(c3)) <- (11, 48) [forward demodulation 8882,94]
8892. c4 = i(c3) <- (11, 48) [forward demodulation 8887,8715]
8921. c3 != mult(op_a,c1) <- (1, ~19) [forward demodulation 145,52]
8980. e = mult(c4,mult(op_a,i(c3))) <- (26) [superposition 18,198]
9908. c2 = i(e) <- (11) [superposition 8715,28]
9918. c2 = c3 <- (11, 45) [superposition 8715,2580]
9978. $false <- (11, 45) [forward subsumption resolution 9918,9]
9979. ~11 | ~45 [avatar contradiction clause 9978]
9986. c2 = i(c2) <- (11) [forward demodulation 9908,94]
9999. c1 = c2 <- (11, 52) [forward demodulation 9986,5317]
10006. $false <- (11, 52) [forward subsumption resolution 9999,6]
10007. ~11 | ~52 [avatar contradiction clause 10006]
10025. i(mult(i(X0),c4)) = X0 <- (~9, ~10, ~11, 13) [forward demodulation 8333,7876]
10026. mult(X0,i(X0)) = i(c4) <- (~9, ~10, ~11, 13) [forward demodulation 7349,7876]
10041. op_b != c1 <- (12, ~23) [forward demodulation 170,97]
10130. c4 = mult(c3,c1) <- (1, 6, 17) [forward demodulation 404,73]
10133. c3 != mult(c3,c1) <- (1, 6, ~19) [forward demodulation 8921,73]
10155. mult(X0,i(X0)) = c4 <- (~9, ~10, ~11, 13) [forward demodulation 10026,8336]
10164. $false <- (1, 12, ~23) [forward subsumption resolution 10041,52]
10165. ~1 | ~12 | 23 [avatar contradiction clause 10164]
10511. e = mult(c4,mult(c3,i(c3))) <- (6, 26) [forward demodulation 8980,73]
10606. e = mult(c4,e) <- (6, 26) [forward demodulation 10511,1]
10667. e = c4 <- (6, 26) [forward demodulation 10606,2]
10805. mult(op_b,c3) != mult(c3,op_b) <- (6) [superposition 4,73]
10808. c2 != mult(op_b,c3) <- (6, ~16) [superposition 113,73]
10812. mult(c4,mult(c3,X0)) = mult(c3,mult(c4,X0)) <- (4, 6) [superposition 265,73]
10814. c1 != mult(c3,c1) <- (1, 6, ~18) [superposition 405,73]
10816. c1 = mult(c1,i(c3)) <- (1, 6, 14) [superposition 6230,73]
10821. op_b != c2 <- (6, ~16, 45) [forward demodulation 10808,2580]
10822. mult(c1,c3) != mult(c3,c1) <- (1, 6) [forward demodulation 10805,52]
10837. mult(c3,mult(X0,i(mult(i(X1),X0)))) = X1 <- (10) [superposition 6453,90]
10840. mult(c3,X1) = X1 <- (10) [forward demodulation 10837,7066]
10861. c1 = mult(e,mult(X0,i(mult(c2,X0)))) <- (35) [superposition 6453,546]
10967. c3 != mult(c1,X0) | c2 = X0 | c3 = X0 | c1 = X0 <- (1, ~25) [superposition 1133,5]
11116. c4 != mult(c3,c1) <- (1, 6, ~17) [forward demodulation 255,73]
11118. c2 = mult(c3,c1) <- (1, 6, 20) [forward demodulation 6268,73]
11123. c1 != mult(c1,c3) <- (1, 6, 10) [forward demodulation 10822,10840]
11133. $false <- (1, 6, 10, 45) [forward subsumption resolution 11123,2580]
11134. ~1 | ~6 | ~10 | ~45 [avatar contradiction clause 11133]
11199. c3 = mult(c3,c1) <- (1, 6, 19) [forward demodulation 422,73]
11319. c1 = mult(X0,i(mult(c2,X0))) <- (~9, ~10, ~11, 13, 35) [forward demodulation 10861,7870]
12153. mult(X0,c4) = X0 <- (6, 26) [superposition 2,10667]
12170. mult(X1,X0) = X1 | c2 = X0 | c3 = X0 | c1 = X0 <- (12) [superposition 97,5]
12292. e = mult(c4,mult(c1,i(mult(c1,c4)))) <- (1, 8) [superposition 18,1942]
12294. mult(e,X0) = mult(c4,mult(c1,mult(i(mult(c1,c4)),X0))) <- (1, 8) [superposition 309,1942]
12300. e = mult(c1,i(mult(c1,c4))) <- (1, 8, 13) [forward demodulation 12292,7646]
12352. e = mult(c3,mult(c1,i(c3))) <- (1, 6, 19) [superposition 18,11199]
12362. e = mult(c3,c1) <- (1, 6, 14, 19) [forward demodulation 12352,10816]
12365. e = c3 <- (1, 6, 14, 19) [forward demodulation 12362,11199]
12368. $false <- (1, 6, ~10, 14, 19) [forward subsumption resolution 12365,89]
12369. ~1 | ~6 | 10 | ~14 | ~19 [avatar contradiction clause 12368]
12371. c3 != mult(op_a,c1) <- (1, ~19) [forward demodulation 145,52]
12435. i(X0) = mult(e,mult(X1,i(mult(X0,X1)))) <- (~9, ~10, ~11, 13) [superposition 6453,7851]
12436. i(X0) = mult(X1,i(mult(X0,X1))) <- (~9, ~10, ~11, 13) [forward demodulation 12435,7870]
12550. mult(X0,mult(i(X0),X1)) = mult(e,mult(c4,X1)) <- (13) [superposition 13,101]
12570. mult(X0,mult(i(X0),X1)) = mult(c4,X1) <- (~9, ~10, ~11, 13) [forward demodulation 12550,7870]
12603. mult(X0,mult(i(X0),X1)) = X1 <- (~9, ~10, ~11, 13) [forward demodulation 12570,7646]
12765. mult(op_a,op_b) != c3 | op_b = mult(c4,c4) | mult(op_b,op_a) = c2 | mult(op_b,op_a) = c1 | c2 = i(op_a) | c3 = i(op_a) | c1 = i(op_a) [superposition 4,1671]
13043. mult(op_a,op_b) != X0 | mult(c3,X1) = mult(op_b,mult(op_a,X1)) | c3 = X0 | c1 = X0 | mult(op_b,op_a) = c2 | c2 = X0 | mult(op_b,op_a) = c1 [superposition 4,619]
13199. c1 = mult(c1,c4) <- (1, 8, 13) [superposition 7646,1942]
13538. c4 = mult(c2,c1) <- (~9, ~10, ~11, 13, 35) [superposition 7882,546]
13540. c4 = mult(c3,c3) <- (~9, ~10, ~11, 13, 39) [superposition 7882,1784]
14042. mult(c4,X0) = mult(c2,mult(c1,X0)) <- (~9, ~10, ~11, 13, 35) [superposition 3,13538]
14055. mult(c2,mult(c1,X0)) = X0 <- (~9, ~10, ~11, 13, 35) [forward demodulation 14042,7646]
14834. mult(c2,op_b) != mult(op_b,c2) | c3 = X0 | c2 = X1 | c2 = X2 | X1 = X2 | op_a = X0 | op_a = X1 | op_a = X2 | c1 = X2 | op_a = c1 | c2 = X0 | c1 = X1 | c1 = X0 [superposition 4,564]
14847. mult(c2,op_a) != mult(op_a,c2) | c3 = X0 | c2 = X1 | c2 = X2 | X1 = X2 | op_b = X0 | op_b = X1 | op_b = X2 | c1 = X2 | op_b = c1 | c2 = X0 | c1 = X1 | c1 = X0 [superposition 4,564]
17237. c4 = mult(c1,c2) <- (~9, ~10, ~11, 13, 35) [superposition 10155,546]
17321. mult(X0,mult(X1,c4)) = mult(e,i(i(mult(X0,X1)))) <- (~9, ~10, ~11, 13) [superposition 309,10155]
17338. mult(X0,X1) = mult(X0,mult(X1,c4)) <- (~9, ~10, ~11, 13) [forward demodulation 17321,6450]
17933. c1 = mult(c1,X0) | c3 = i(c3) | c3 = X0 | c1 = i(c3) | c2 = X0 | c2 = i(c3) | c1 = X0 <- (1, 6, 14) [superposition 10816,30]
21839. op_a = mult(c4,mult(op_a,c4)) | c2 = i(c4) | c3 = i(c4) | c1 = i(c4) <- (4) [superposition 2874,5]
21842. op_a = mult(c4,mult(op_a,X0)) | c3 = i(c4) | c3 = X0 | c1 = i(c4) | c2 = X0 | c2 = i(c4) | c1 = X0 <- (4) [superposition 2874,30]
22223. mult(X0,c1) = mult(e,i(mult(c2,i(X0)))) <- (~9, ~10, ~11, 13, 35) [superposition 13,11319]
22224. mult(e,c1) = mult(X0,i(mult(c2,i(i(X0))))) <- (~9, ~10, ~11, 13, 35) [superposition 6449,11319]
22269. mult(e,c1) = mult(X0,i(mult(c2,X0))) <- (~9, ~10, ~11, 13, 35) [forward demodulation 22224,6686]
22270. mult(X0,c1) = i(mult(c2,i(X0))) <- (~9, ~10, ~11, 13, 35) [forward demodulation 22223,7876]
22294. mult(e,c1) = i(c2) <- (~9, ~10, ~11, 13, 35) [forward demodulation 22269,12436]
22366. mult(i(X0),mult(X0,X1)) = X1 <- (~9, ~10, ~11, 13) [superposition 12603,7851]
22368. mult(c2,mult(c1,X0)) = X0 <- (~9, ~10, ~11, 13, 52) [superposition 12603,5317]
22369. mult(c3,mult(c3,X0)) = X0 <- (~9, ~10, ~11, 13, 39) [superposition 12603,1784]
23036. c3 != c3 | c1 = c4 | c2 = c4 <- (55) [superposition 11,5384]
23071. c1 = c4 | c2 = c4 <- (55) [trivial inequality removal 23036]
23103. c2 = c4 <- (55) [forward subsumption resolution 23071,8]
23211. $false <- (55) [forward subsumption resolution 23103,10]
23212. ~55 [avatar contradiction clause 23211]
23461. mult(op_b,c3) != mult(c3,op_b) | c3 = X0 | op_a = X0 | c1 = X0 | op_a = c2 | c2 = X0 <- (~5) [forward subsumption resolution 640,68]
23472. op_a = mult(X0,c1) | c2 = mult(X0,c1) | c3 = mult(X0,c1) | c1 = mult(X0,c1) <- (1, 13, 14) [forward demodulation 5983,7646]
23580. c2 = mult(X0,c4) | mult(X0,c4) = X1 | i(X0) = c1 | c3 = X1 | i(X0) = c3 | c1 = X1 | i(X0) = c2 | c2 = X1 | c1 = mult(X0,c4) <- (~10) [forward subsumption resolution 627,89]
24440. 46 | ~12 [avatar split clause 12170,96,2584]
24707. mult(op_a,op_b) != X0 | mult(c3,X1) = mult(op_b,mult(op_a,X1)) | c3 = X0 | c1 = X0 | c2 = X0 | mult(op_b,op_a) = c1 <- (~16) [forward subsumption resolution 13043,113]
30289. op_a = mult(c4,mult(op_a,c4)) | c3 = i(c4) | c1 = i(c4) <- (4, ~49) [forward subsumption resolution 21839,2987]
30603. c3 = mult(X0,c1) | c2 = mult(X0,c1) | c3 = mult(X0,c1) | c1 = mult(X0,c1) <- (1, 6, 13, 14) [forward demodulation 23472,73]
30604. c3 = mult(X0,c1) | c2 = mult(X0,c1) | c1 = mult(X0,c1) <- (1, 6, 13, 14) [duplicate literal removal 30603]
31611. mult(op_a,c1) != X0 | mult(c3,X1) = mult(op_b,mult(op_a,X1)) | c3 = X0 | c1 = X0 | c2 = X0 | mult(op_b,op_a) = c1 <- (1, ~16) [forward demodulation 24707,52]
33089. 66 <=> ! [X0] : mult(c2,X0) = X0 [avatar definition]
33090. mult(c2,X0) = X0 <- (66) [avatar component clause 33089]
33093. 67 <=> c1 = mult(c2,c2) [avatar definition]
33094. c1 = mult(c2,c2) <- (67) [avatar component clause 33093]
33095. c1 != mult(c2,c2) <- (~67) [avatar component clause 33093]
33098. 68 <=> c3 = mult(c2,c2) [avatar definition]
33099. c3 = mult(c2,c2) <- (68) [avatar component clause 33098]
33100. c3 != mult(c2,c2) <- (~68) [avatar component clause 33098]
33140. 75 <=> ! [X0] : mult(X0,c2) = X0 [avatar definition]
33141. mult(X0,c2) = X0 <- (75) [avatar component clause 33140]
33391. 77 <=> ! [X0] : mult(c3,X0) = X0 [avatar definition]
33392. mult(c3,X0) = X0 <- (77) [avatar component clause 33391]
34581. 84 <=> ! [X0] : (c3 = mult(X0,c3) | c2 = mult(X0,c3) | c1 = mult(X0,c3)) [avatar definition]
34582. c3 = mult(X0,c3) | c2 = mult(X0,c3) | c1 = mult(X0,c3) <- (84) [avatar component clause 34581]
36230. op_a = mult(c4,mult(op_a,c4)) | c1 = i(c4) <- (4, ~48, ~49) [forward subsumption resolution 30289,2983]
37168. mult(c3,c1) != X0 | mult(c3,X1) = mult(op_b,mult(op_a,X1)) | c3 = X0 | c1 = X0 | c2 = X0 | mult(op_b,op_a) = c1 <- (1, 6, ~16) [forward demodulation 31611,73]
38499. 101 <=> ! [X0,X1] : (mult(c3,X0) = mult(X1,X0) | c1 = X1 | c2 = X1 | c3 = X1) [avatar definition]
38500. mult(c3,X0) = mult(X1,X0) | c1 = X1 | c2 = X1 | c3 = X1 <- (101) [avatar component clause 38499]
40723. op_a = mult(c4,mult(op_a,c4)) <- (4, ~47, ~48, ~49) [forward subsumption resolution 36230,2979]
47760. 128 <=> ! [X2,X0] : (c1 = X0 | c1 = X2 | c2 = X2 | c3 = X2 | c2 = X0 | X0 = X2) [avatar definition]
47761. c3 = X2 | c2 = X0 | X0 = X2 | c2 = X2 | c1 = X2 | c1 = X0 <- (128) [avatar component clause 47760]
47908. 130 <=> ! [X2,X3] : (c1 = mult(X2,X3) | c3 = mult(X2,X3) | c2 = mult(X2,X3)) [avatar definition]
47909. c1 = mult(X2,X3) | c3 = mult(X2,X3) | c2 = mult(X2,X3) <- (130) [avatar component clause 47908]
50591. c3 = mult(e,i(c1)) <- (38) [superposition 6450,1780]
50593. c3 = i(c1) <- (~9, ~10, ~11, 13, 38) [superposition 7851,1780]
50596. c4 = mult(c3,c1) <- (~9, ~10, ~11, 13, 38) [superposition 10155,1780]
50597. mult(c3,mult(c1,X0)) = X0 <- (~9, ~10, ~11, 13, 38) [superposition 12603,1780]
50613. c2 = c3 <- (~9, ~10, ~11, 13, 35, 38) [forward demodulation 50593,546]
50615. c2 = c3 <- (38, 52) [forward demodulation 50591,6668]
50625. $false <- (~9, ~10, ~11, 13, 35, 38) [forward subsumption resolution 50613,9]
50626. 9 | 10 | 11 | ~13 | ~35 | ~38 [avatar contradiction clause 50625]
50629. $false <- (38, 52) [forward subsumption resolution 50615,9]
50630. ~38 | ~52 [avatar contradiction clause 50629]
51337. op_a = mult(c4,mult(op_a,c2)) <- (4, 49) [superposition 2874,2988]
51341. e = mult(c4,c2) <- (49) [superposition 1,2988]
51374. e = c2 <- (13, 49) [forward demodulation 51341,7646]
51395. $false <- (~11, 13, 49) [forward subsumption resolution 51374,93]
51396. 11 | ~13 | ~49 [avatar contradiction clause 51395]
52035. c3 = c4 | c2 = mult(i(c1),c1) | c1 = mult(i(c1),c1) <- (1, 6, ~9, ~10, ~11, 13, 14) [superposition 7882,30604]
52091. c2 = mult(i(c1),c1) | c1 = mult(i(c1),c1) <- (1, 6, ~9, ~10, ~11, 13, 14) [forward subsumption resolution 52035,11]
52126. c2 = c4 | c1 = mult(i(c1),c1) <- (1, 6, ~9, ~10, ~11, 13, 14) [forward demodulation 52091,7882]
52153. c1 = mult(i(c1),c1) <- (1, 6, ~9, ~10, ~11, 13, 14) [forward subsumption resolution 52126,10]
52172. c1 = c4 <- (1, 6, ~9, ~10, ~11, 13, 14) [forward demodulation 52153,7882]
52178. $false <- (1, 6, ~9, ~10, ~11, 13, 14) [forward subsumption resolution 52172,8]
52179. ~1 | ~6 | 9 | 10 | 11 | ~13 | ~14 [avatar contradiction clause 52178]
54743. 12 | ~6 | ~26 [avatar split clause 12153,196,71,96]
54769. 146 <=> c1 = mult(c2,c4) [avatar definition]
54770. c1 != mult(c2,c4) <- (~146) [avatar component clause 54769]
54771. c1 = mult(c2,c4) <- (146) [avatar component clause 54769]
54773. 147 <=> c2 = mult(c2,c4) [avatar definition]
54774. c2 != mult(c2,c4) <- (~147) [avatar component clause 54773]
54775. c2 = mult(c2,c4) <- (147) [avatar component clause 54773]
57387. mult(c2,X1) = X2 | mult(X0,X1) = mult(X0,c3) | c3 = X2 | c1 = X2 | c2 = mult(e,X1) | c2 = X2 | c1 = mult(e,X1) <- (11) [forward demodulation 630,94]
58507. c2 != mult(c2,c4) | c3 = mult(e,X0) | c2 = mult(e,X0) | c1 = mult(e,X0) <- (11) [forward demodulation 8097,94]
58534. mult(c2,c4) = X0 | c3 = X0 | c2 = X0 | c1 = X0 <- (11) [forward demodulation 7951,94]
58663. mult(e,X0) = mult(c4,mult(c1,mult(i(c1),X0))) <- (1, 8, 23) [forward demodulation 12294,353]
58664. e = mult(c4,mult(c1,i(c1))) <- (1, 8, 23) [forward demodulation 12292,353]
58706. c2 = mult(c4,i(mult(X0,X1))) | mult(X0,X1) = c2 | mult(X0,X1) = c3 | mult(X0,X1) = c1 <- (11) [forward demodulation 1093,94]
58723. c2 = mult(c1,c4) | c3 = mult(c4,c1) | c1 = mult(c4,c1) <- (1, 8, ~22) [forward demodulation 6185,1942]
59045. 160 <=> c3 = mult(c4,c4) [avatar definition]
59046. c3 = mult(c4,c4) <- (160) [avatar component clause 59045]
59047. c3 != mult(c4,c4) <- (~160) [avatar component clause 59045]
59317. 162 <=> ! [X0] : (c3 = mult(c4,X0) | c1 = mult(c4,X0) | c2 = mult(c4,X0)) [avatar definition]
59318. c3 = mult(c4,X0) | c1 = mult(c4,X0) | c2 = mult(c4,X0) <- (162) [avatar component clause 59317]
59330. 165 <=> ! [X1] : (c3 != mult(c4,X1) | c2 = X1 | c1 = X1 | c3 = X1) [avatar definition]
59331. c3 != mult(c4,X1) | c2 = X1 | c1 = X1 | c3 = X1 <- (165) [avatar component clause 59330]
59817. 184 <=> ! [X3] : mult(c3,X3) = mult(c4,mult(c4,X3)) [avatar definition]
59818. mult(c3,X3) = mult(c4,mult(c4,X3)) <- (184) [avatar component clause 59817]
60087. 201 <=> c3 = mult(c3,c3) [avatar definition]
60088. c3 != mult(c3,c3) <- (~201) [avatar component clause 60087]
60089. c3 = mult(c3,c3) <- (201) [avatar component clause 60087]
60104. c2 = mult(X1,mult(X2,mult(X0,i(mult(c4,X0))))) | mult(X1,X2) = c2 | mult(X1,X2) = c3 | mult(X1,X2) = c1 <- (11) [forward demodulation 1664,94]
60154. 202 <=> c4 = mult(c4,c4) [avatar definition]
60155. c4 != mult(c4,c4) <- (~202) [avatar component clause 60154]
60156. c4 = mult(c4,c4) <- (202) [avatar component clause 60154]
60356. c2 = mult(c2,X1) | mult(c2,X1) = X2 | mult(X0,X1) = mult(X0,c3) | c3 = X2 | c1 = X2 | c2 = X2 | c1 = mult(e,X1) <- (11) [forward demodulation 57387,94]
60840. c1 = X0 | c3 = X0 | c2 = X0 | c1 = X0 <- (11, 146) [forward demodulation 58534,54771]
60841. c1 = X0 | c3 = X0 | c2 = X0 <- (11, 146) [duplicate literal removal 60840]
60951. mult(e,X0) = mult(c4,mult(e,X0)) <- (1, 8, 23) [forward demodulation 58663,13]
60952. e = mult(c4,e) <- (1, 8, 23) [forward demodulation 58664,1]
60991. c3 = mult(c4,c1) | c1 = mult(c4,c1) <- (1, 8, ~22, ~27) [forward subsumption resolution 58723,1152]
61739. mult(X0,X1) = mult(X0,c3) | c2 = mult(c2,X1) | mult(c2,X1) = X2 | c1 = mult(c2,X1) | c3 = X2 | c1 = X2 | c2 = X2 <- (11) [forward demodulation 60356,94]
62064. 55 | ~11 | ~146 [avatar split clause 60841,54769,92,5383]
62142. mult(e,X0) = mult(c4,X0) <- (1, 8, 23) [forward demodulation 60951,12]
62143. e = c4 <- (1, 8, 23) [forward demodulation 60952,2]
62169. c3 = mult(c1,c4) | c1 = mult(c4,c1) <- (1, 8, ~22, ~27) [forward demodulation 60991,1942]
62851. 223 <=> ! [X4,X3] : (c2 = X4 | c1 = X3 | c1 = X4 | c2 = X3 | X3 = X4) [avatar definition]
62852. c2 = X4 | c2 = X3 | X3 = X4 | c1 = X4 | c1 = X3 <- (223) [avatar component clause 62851]
62947. c2 = c4 <- (1, 8, 11, 23) [forward demodulation 62143,94]
62962. c1 = mult(c4,c1) <- (1, 8, ~22, ~25, ~27) [forward subsumption resolution 62169,1133]
63425. $false <- (1, 8, 11, 23) [forward subsumption resolution 62947,10]
63426. ~1 | ~8 | ~11 | ~23 [avatar contradiction clause 63425]
64593. 244 <=> ! [X0] : mult(c3,X0) = mult(c3,mult(c2,X0)) [avatar definition]
64594. mult(c3,X0) = mult(c3,mult(c2,X0)) <- (244) [avatar component clause 64593]
64635. op_a = mult(c4,mult(c4,op_a)) <- (4, ~47, ~48, ~49) [forward demodulation 40723,63]
64637. c1 = c2 <- (56, 58) [forward demodulation 5729,5388]
64660. c3 = X0 | c3 = X0 | c2 = X0 | c1 = X0 <- (11, 50) [forward demodulation 58534,2992]
64661. c3 = X0 | c2 = X0 | c1 = X0 <- (11, 50) [duplicate literal removal 64660]
64702. c2 = mult(X0,mult(X1,i(c4))) | mult(X0,X1) = c2 | mult(X0,X1) = c3 | mult(X0,X1) = c1 <- (11) [forward demodulation 446,94]
64881. $false <- (56, 58) [forward subsumption resolution 64637,6]
64882. ~56 | ~58 [avatar contradiction clause 64881]
64901. 55 | ~11 | ~50 [avatar split clause 64661,2990,92,5383]
64951. 247 <=> c2 = mult(c4,c1) [avatar definition]
64952. c2 != mult(c4,c1) <- (~247) [avatar component clause 64951]
64953. c2 = mult(c4,c1) <- (247) [avatar component clause 64951]
65185. 251 <=> c3 = mult(c3,i(c4)) [avatar definition]
65186. c3 != mult(c3,i(c4)) <- (~251) [avatar component clause 65185]
65187. c3 = mult(c3,i(c4)) <- (251) [avatar component clause 65185]
65189. 252 <=> c1 = mult(c3,i(c4)) [avatar definition]
65190. c1 != mult(c3,i(c4)) <- (~252) [avatar component clause 65189]
65191. c1 = mult(c3,i(c4)) <- (252) [avatar component clause 65189]
65193. 253 <=> c2 = mult(c3,i(c4)) [avatar definition]
65194. c2 != mult(c3,i(c4)) <- (~253) [avatar component clause 65193]
65195. c2 = mult(c3,i(c4)) <- (253) [avatar component clause 65193]
65355. c2 = c3 <- (58, 160) [forward demodulation 59046,5729]
65381. c3 = mult(c2,X0) | c2 != mult(c2,c4) | c2 = mult(e,X0) | c1 = mult(e,X0) <- (11) [forward demodulation 58507,94]
65438. $false <- (58, 160) [forward subsumption resolution 65355,9]
65439. ~58 | ~160 [avatar contradiction clause 65438]
65460. c2 = mult(c2,X0) | c3 = mult(c2,X0) | c2 != mult(c2,c4) | c1 = mult(e,X0) <- (11) [forward demodulation 65381,94]
65500. c1 = mult(c2,X0) | c2 = mult(c2,X0) | c3 = mult(c2,X0) | c2 != mult(c2,c4) <- (11) [forward demodulation 65460,94]
65522. 259 <=> ! [X0] : (c1 = mult(c2,X0) | c3 = mult(c2,X0) | c2 = mult(c2,X0)) [avatar definition]
65523. c3 = mult(c2,X0) | c1 = mult(c2,X0) | c2 = mult(c2,X0) <- (259) [avatar component clause 65522]
65524. ~147 | 259 | ~11 [avatar split clause 65500,92,65522,54773]
66085. c3 != mult(c3,c1) <- (47, ~251) [forward demodulation 65186,2980]
66090. c2 = mult(c3,c1) <- (47, 253) [forward demodulation 65195,2980]
66105. mult(X0,c2) = X0 <- (11) [superposition 2,94]
66107. mult(X0,i(c2)) = X0 <- (11) [superposition 28,94]
66114. mult(c2,mult(X0,i(mult(i(X1),X0)))) = X1 <- (11) [superposition 6453,94]
66125. mult(c2,X1) = X1 <- (11) [forward demodulation 66114,7066]
66129. mult(X0,c3) = X0 <- (11, 53) [forward demodulation 66107,5321]
66131. 75 | ~11 [avatar split clause 66105,92,33140]
66132. 66 | ~11 [avatar split clause 66125,92,33089]
66134. 45 | ~11 | ~53 [avatar split clause 66129,5319,92,2579]
66254. c1 = mult(e,i(c3)) <- (36) [superposition 6450,550]
66260. c1 = mult(e,c3) <- (36, 39) [forward demodulation 66254,1784]
66265. c1 = mult(c2,c3) <- (11, 36, 39) [forward demodulation 66260,94]
66270. c1 = c3 <- (11, 36, 39, 66) [forward demodulation 66265,33090]
66273. $false <- (11, 36, 39, 66) [forward subsumption resolution 66270,7]
66274. ~11 | ~36 | ~39 | ~66 [avatar contradiction clause 66273]
66367. e = mult(c4,c1) <- (47) [superposition 1,2980]
66372. c4 = mult(e,i(c1)) <- (47) [superposition 6450,2980]
66385. c4 = mult(c2,i(c1)) <- (11, 47) [forward demodulation 66372,94]
66389. c2 = mult(c4,c1) <- (11, 47) [forward demodulation 66367,94]
66394. c4 = i(c1) <- (11, 47, 66) [forward demodulation 66385,33090]
66397. 247 | ~11 | ~47 [avatar split clause 66389,2978,92,64951]
66403. c1 != mult(c1,X0) | c2 = X0 | c3 = X0 | c1 = X0 <- (1, ~23) [superposition 378,5]
66554. i(X0) != c2 | c2 = X0 | c3 = X0 | c1 = X0 <- (~49) [superposition 2987,5]
67274. e = mult(c1,c4) <- (11, 47, 66) [superposition 1,66394]
67773. c4 != X0 | mult(c3,X1) = mult(c3,mult(c4,X1)) | c3 = X0 | c1 = X0 | c2 = mult(c3,c4) | c2 = X0 | c1 = mult(c3,c4) <- (6, ~21) [superposition 499,619]
67799. mult(c3,X1) = mult(c3,mult(c4,X1)) | c3 = X0 | c1 = X0 | c2 = mult(c3,c4) | c2 = X0 | c1 = mult(c3,c4) <- (6, ~21) [forward subsumption resolution 67773,5]
67857. c2 = mult(X0,c3) | mult(X0,e) = c2 | mult(X0,e) = c3 | mult(X0,e) = c1 | mult(X1,c4) = mult(X1,i(c4)) | c2 = mult(e,i(c4)) | c1 = mult(e,i(c4)) <- (11) [superposition 64702,40]
68066. c2 = X0 | c2 = mult(X0,c3) | mult(X0,e) = c3 | mult(X0,e) = c1 | mult(X1,c4) = mult(X1,i(c4)) | c2 = mult(e,i(c4)) | c1 = mult(e,i(c4)) <- (11) [forward demodulation 67857,2]
68105. c3 = X0 | c2 = X0 | c2 = mult(X0,c3) | mult(X0,e) = c1 | mult(X1,c4) = mult(X1,i(c4)) | c2 = mult(e,i(c4)) | c1 = mult(e,i(c4)) <- (11) [forward demodulation 68066,2]
68137. c1 = X0 | c3 = X0 | c2 = X0 | c2 = mult(X0,c3) | mult(X1,c4) = mult(X1,i(c4)) | c2 = mult(e,i(c4)) | c1 = mult(e,i(c4)) <- (11) [forward demodulation 68105,2]
68225. c2 = mult(c1,c4) <- (1, 8, 247) [forward demodulation 1942,64953]
68280. mult(c1,X0) = mult(c3,mult(c4,X0)) <- (4, 6, ~21, ~26, ~28) [superposition 3,511]
69081. mult(op_a,c1) = mult(c4,mult(op_a,c4)) <- (4, 56) [superposition 265,5388]
69092. mult(c1,X0) = mult(c4,mult(c4,X0)) <- (56) [superposition 3,5388]
69129. mult(op_a,c1) = mult(c4,mult(c4,op_a)) <- (4, 56) [forward demodulation 69081,63]
69158. mult(op_a,c1) = mult(c1,op_a) <- (4, 56) [forward demodulation 69129,69092]
71421. c2 = mult(X0,mult(X1,c2)) | mult(X0,X1) = c2 | mult(X0,X1) = c3 | mult(X0,X1) = c1 | c2 = mult(c4,c4) | c3 = mult(c4,c4) | c1 = mult(c4,c4) <- (11) [superposition 60104,58706]
71715. c2 = mult(X0,mult(X1,c2)) | mult(X0,X1) = c2 | mult(X0,X1) = c3 | mult(X0,X1) = c1 | c3 = mult(c4,c4) | c1 = mult(c4,c4) <- (11, ~58) [forward subsumption resolution 71421,5728]
71768. c2 = mult(X0,mult(X1,c2)) | mult(X0,X1) = c2 | mult(X0,X1) = c3 | mult(X0,X1) = c1 | c1 = mult(c4,c4) <- (11, ~58, ~160) [forward subsumption resolution 71715,59047]
71808. c2 = mult(X0,mult(X1,c2)) | mult(X0,X1) = c2 | mult(X0,X1) = c3 | mult(X0,X1) = c1 <- (11, ~56, ~58, ~160) [forward subsumption resolution 71768,5387]
71838. mult(X0,X1) = c2 | mult(X0,X1) = c2 | mult(X0,X1) = c3 | mult(X0,X1) = c1 <- (11, ~56, ~58, 75, ~160) [forward demodulation 71808,33141]
71839. mult(X0,X1) = c2 | mult(X0,X1) = c3 | mult(X0,X1) = c1 <- (11, ~56, ~58, 75, ~160) [duplicate literal removal 71838]
71854. 130 | ~11 | 56 | 58 | ~75 | 160 [avatar split clause 71839,59045,33140,5727,5386,92,47908]
71898. c4 != X0 | mult(c3,X1) = mult(c4,mult(c4,X1)) | c3 = X0 | c1 = X0 | c2 = mult(c4,c4) | c2 = X0 | c1 = mult(c4,c4) <- (~202) [superposition 60155,619]
71924. mult(c3,X1) = mult(c4,mult(c4,X1)) | c3 = X0 | c1 = X0 | c2 = mult(c4,c4) | c2 = X0 | c1 = mult(c4,c4) <- (~202) [forward subsumption resolution 71898,5]
71927. mult(c3,X1) = mult(c4,mult(c4,X1)) | c3 = X0 | c1 = X0 | c2 = X0 | c1 = mult(c4,c4) <- (~58, ~202) [forward subsumption resolution 71924,5728]
71928. mult(c3,X1) = mult(c4,mult(c4,X1)) | c3 = X0 | c1 = X0 | c2 = X0 <- (~56, ~58, ~202) [forward subsumption resolution 71927,5387]
71929. 55 | 184 | 56 | 58 | 202 [avatar split clause 71928,60154,5727,5386,59817,5383]
73171. op_a = mult(c4,mult(op_a,X0)) | c3 = X0 | c1 = i(c4) | c2 = X0 | c2 = i(c4) | c1 = X0 <- (4, ~48) [forward subsumption resolution 21842,2983]
73191. c2 = mult(c2,i(c4)) | c1 = X0 | c3 = X0 | c2 = X0 | c2 = mult(X0,c3) | mult(X1,c4) = mult(X1,i(c4)) | c1 = mult(e,i(c4)) <- (11) [forward demodulation 68137,94]
73216. op_a = mult(c4,mult(op_a,X0)) | c3 = X0 | c2 = X0 | c2 = i(c4) | c1 = X0 <- (4, ~47, ~48) [forward subsumption resolution 73171,2979]
73230. c2 = i(c4) | c1 = X0 | c3 = X0 | c2 = X0 | c2 = mult(X0,c3) | mult(X1,c4) = mult(X1,i(c4)) | c1 = mult(e,i(c4)) <- (11, 66) [forward demodulation 73191,33090]
73240. op_a = mult(c4,mult(op_a,X0)) | c3 = X0 | c2 = X0 | c1 = X0 <- (4, ~47, ~48, ~49) [forward subsumption resolution 73216,2987]
73253. c1 = X0 | c3 = X0 | c2 = X0 | c2 = mult(X0,c3) | mult(X1,c4) = mult(X1,i(c4)) | c1 = mult(e,i(c4)) <- (11, ~49, 66) [forward subsumption resolution 73230,2987]
73265. c3 = mult(c4,mult(c3,X0)) | c3 = X0 | c2 = X0 | c1 = X0 <- (4, 6, ~47, ~48, ~49) [forward demodulation 73240,73]
73278. c1 = mult(c2,i(c4)) | c1 = X0 | c3 = X0 | c2 = X0 | c2 = mult(X0,c3) | mult(X1,c4) = mult(X1,i(c4)) <- (11, ~49, 66) [forward demodulation 73253,94]
73286. c3 = mult(c3,mult(c4,X0)) | c3 = X0 | c2 = X0 | c1 = X0 <- (4, 6, ~47, ~48, ~49) [forward demodulation 73265,10812]
73295. c1 = i(c4) | c1 = X0 | c3 = X0 | c2 = X0 | c2 = mult(X0,c3) | mult(X1,c4) = mult(X1,i(c4)) <- (11, ~49, 66) [forward demodulation 73278,33090]
73299. c3 = mult(c1,X0) | c3 = X0 | c2 = X0 | c1 = X0 <- (4, 6, ~21, ~26, ~28, ~47, ~48, ~49) [forward demodulation 73286,68280]
73305. c1 = X0 | c3 = X0 | c2 = X0 | c2 = mult(X0,c3) | mult(X1,c4) = mult(X1,i(c4)) <- (11, ~47, ~49, 66) [forward subsumption resolution 73295,2979]
73308. c3 = X0 | c2 = X0 | c1 = X0 <- (1, 4, 6, ~21, ~25, ~26, ~28, ~47, ~48, ~49) [forward subsumption resolution 73299,10967]
73315. 263 <=> ! [X1] : mult(X1,c4) = mult(X1,i(c4)) [avatar definition]
73316. mult(X1,c4) = mult(X1,i(c4)) <- (263) [avatar component clause 73315]
73318. 264 <=> ! [X0] : (c1 = X0 | c2 = mult(X0,c3) | c2 = X0 | c3 = X0) [avatar definition]
73319. c2 = mult(X0,c3) | c1 = X0 | c2 = X0 | c3 = X0 <- (264) [avatar component clause 73318]
73320. 263 | 264 | ~11 | 47 | 49 | ~66 [avatar split clause 73305,33089,2986,2978,92,73318,73315]
73323. 55 | ~1 | ~4 | ~6 | 21 | 25 | 26 | 28 | 47 | 48 | 49 [avatar split clause 73308,2986,2982,2978,219,196,191,153,71,62,50,5383]
73351. c2 != mult(c3,c1) <- (47, ~253) [forward demodulation 65194,2980]
73603. mult(c4,X0) = mult(c3,mult(c1,X0)) <- (1, 6, 17) [superposition 3,10130]
73684. e = mult(c4,c1) <- (47) [superposition 1,2980]
73709. e = c2 <- (47, 247) [forward demodulation 73684,64953]
73735. mult(c3,c1) = mult(c4,i(c3)) <- (1, 6, 14, 17) [superposition 73603,10816]
73920. mult(c4,c3) = mult(c3,c1) <- (1, 6, 14, 17, 39) [forward demodulation 73735,1784]
73941. c4 = mult(c4,c3) <- (1, 6, 14, 17, 39) [forward demodulation 73920,10130]
74022. c3 = i(c3) | c3 = X0 | c1 = i(c3) | c2 = X0 | c2 = i(c3) | c1 = X0 <- (1, 6, 14, ~23) [forward subsumption resolution 17933,66403]
74122. c3 = X0 | c1 = i(c3) | c2 = X0 | c2 = i(c3) | c1 = X0 <- (1, 6, 14, ~23, ~39) [forward subsumption resolution 74022,1783]
74204. c3 = X0 | c2 = X0 | c2 = i(c3) | c1 = X0 <- (1, 6, 14, ~23, ~38, ~39) [forward subsumption resolution 74122,1779]
74258. c3 = X0 | c2 = X0 | c1 = X0 <- (1, 6, 14, ~23, ~38, ~39, ~40) [forward subsumption resolution 74204,1787]
74284. 55 | ~1 | ~6 | ~14 | 23 | 38 | 39 | 40 [avatar split clause 74258,1786,1782,1778,169,104,71,50,5383]
74291. 265 <=> c2 = mult(c3,c3) [avatar definition]
74292. c2 != mult(c3,c3) <- (~265) [avatar component clause 74291]
74293. c2 = mult(c3,c3) <- (265) [avatar component clause 74291]
74537. mult(e,X0) = mult(c3,mult(c2,X0)) <- (40) [superposition 13,1788]
74562. mult(e,X0) = mult(c3,X0) <- (40, 66) [forward demodulation 74537,33090]
74567. mult(c3,X0) = mult(c2,X0) <- (11, 40, 66) [forward demodulation 74562,94]
74574. mult(c3,X0) = X0 <- (11, 40, 66) [forward demodulation 74567,33090]
74578. 77 | ~11 | ~40 | ~66 [avatar split clause 74574,33089,1786,92,33391]
75175. c3 = mult(e,i(c1)) <- (38) [superposition 6450,1780]
75195. c3 = mult(e,c4) <- (11, 38, 47, 66) [forward demodulation 75175,66394]
75201. c3 = mult(c2,c4) <- (11, 38, 47, 66) [forward demodulation 75195,94]
75207. $false <- (11, 38, 47, ~50, 66) [forward subsumption resolution 75201,2991]
75208. ~11 | ~38 | ~47 | 50 | ~66 [avatar contradiction clause 75207]
75214. c1 = c4 <- (11, 38, 48) [forward demodulation 8892,1780]
75218. c2 = mult(c3,c3) <- (48, 253) [forward demodulation 65195,2984]
75221. c3 = mult(e,c1) <- (37, 38) [forward demodulation 75175,554]
75225. $false <- (11, 38, 48) [forward subsumption resolution 75214,8]
75226. ~11 | ~38 | ~48 [avatar contradiction clause 75225]
75229. 265 | ~48 | ~253 [avatar split clause 75218,65193,2982,74291]
75232. c3 = mult(c2,c1) <- (11, 37, 38) [forward demodulation 75221,94]
75235. c1 = c3 <- (11, 37, 38, 66) [forward demodulation 75232,33090]
75237. $false <- (11, 37, 38, 66) [forward subsumption resolution 75235,7]
75238. ~11 | ~37 | ~38 | ~66 [avatar contradiction clause 75237]
75239. mult(c1,c4) != mult(c4,c1) <- (1, ~8) [forward demodulation 81,52]
75353. c4 != X0 | mult(c3,X1) = mult(op_b,mult(op_a,X1)) | c3 = X0 | c1 = X0 | c2 = X0 | mult(op_b,op_a) = c1 <- (1, 6, ~16, 17) [forward demodulation 37168,10130]
75356. c2 != mult(c1,c4) <- (1, ~8, 247) [forward demodulation 75239,64953]
75418. mult(c3,X1) = mult(op_b,mult(op_a,X1)) | c3 = X0 | c1 = X0 | c2 = X0 | mult(op_b,op_a) = c1 <- (1, 6, ~16, 17) [forward subsumption resolution 75353,5]
75461. mult(c3,X1) = mult(op_b,mult(c3,X1)) | c3 = X0 | c1 = X0 | c2 = X0 | mult(op_b,op_a) = c1 <- (1, 6, ~16, 17) [forward demodulation 75418,73]
75490. mult(c3,X1) = mult(c1,mult(c3,X1)) | c3 = X0 | c1 = X0 | c2 = X0 | mult(op_b,op_a) = c1 <- (1, 6, ~16, 17) [forward demodulation 75461,52]
75576. mult(c4,X0) = mult(c3,mult(c1,X0)) <- (1, 6, 17) [superposition 3,10130]
75615. c1 = c4 <- (11, 37, 47, 66) [forward demodulation 66394,554]
75636. $false <- (11, 37, 47, 66) [forward subsumption resolution 75615,8]
75637. ~11 | ~37 | ~47 | ~66 [avatar contradiction clause 75636]
75675. c1 = mult(op_b,c3) | mult(c3,X1) = mult(c1,mult(c3,X1)) | c3 = X0 | c1 = X0 | c2 = X0 <- (1, 6, ~16, 17) [forward demodulation 75490,73]
75682. c1 = mult(c1,c3) | mult(c3,X1) = mult(c1,mult(c3,X1)) | c3 = X0 | c1 = X0 | c2 = X0 <- (1, 6, ~16, 17) [forward demodulation 75675,52]
75684. mult(c3,X1) = mult(c1,mult(c3,X1)) | c3 = X0 | c1 = X0 | c2 = X0 <- (1, 6, ~14, ~16, 17) [forward subsumption resolution 75682,389]
75686. 266 <=> ! [X1] : mult(c3,X1) = mult(c1,mult(c3,X1)) [avatar definition]
75687. mult(c3,X1) = mult(c1,mult(c3,X1)) <- (266) [avatar component clause 75686]
75688. 55 | 266 | ~1 | ~6 | 14 | 16 | ~17 [avatar split clause 75684,116,112,104,71,50,75686,5383]
75715. c1 = mult(e,mult(X0,i(mult(c1,X0)))) <- (37) [superposition 6453,554]
75729. c1 = mult(c2,mult(X0,i(mult(c1,X0)))) <- (11, 37) [forward demodulation 75715,94]
75734. c1 = mult(X0,i(mult(c1,X0))) <- (11, 37, 66) [forward demodulation 75729,33090]
75952. mult(c1,X0) = mult(c1,mult(c4,X0)) <- (1, 23) [superposition 3,353]
75953. e = mult(c1,mult(c4,i(c1))) <- (1, 23) [superposition 18,353]
75989. e = mult(c1,mult(c4,c1)) <- (1, 23, 37) [forward demodulation 75953,554]
75994. e = mult(c1,c1) <- (1, 23, 37) [forward demodulation 75989,75952]
76129. op_a = mult(c4,mult(op_a,c3)) <- (4, 48) [superposition 2874,2984]
76382. mult(c3,e) = mult(c4,mult(X0,i(mult(c1,X0)))) <- (1, 6, 17) [superposition 75576,18]
76524. mult(c4,c1) = mult(c3,e) <- (1, 6, 11, 17, 37, 66) [forward demodulation 76382,75734]
76541. c3 = mult(c4,c1) <- (1, 6, 11, 17, 37, 66) [forward demodulation 76524,2]
76574. c2 = mult(op_b,c3) <- (6, 16) [forward demodulation 114,73]
76575. c2 != mult(op_a,c1) <- (1, 16) [forward demodulation 210,52]
76577. c3 != mult(op_a,c1) | op_b = mult(c4,c4) | mult(op_b,op_a) = c2 | mult(op_b,op_a) = c1 | c2 = i(op_a) | c3 = i(op_a) | c1 = i(op_a) <- (1) [forward demodulation 12765,52]
76581. c2 != mult(c3,c1) <- (1, 6, 16) [forward demodulation 76575,73]
76582. c3 != mult(c3,c1) | op_b = mult(c4,c4) | mult(op_b,op_a) = c2 | mult(op_b,op_a) = c1 | c2 = i(op_a) | c3 = i(op_a) | c1 = i(op_a) <- (1, 6) [forward demodulation 76577,73]
77591. 268 <=> ! [X1] : (c4 = X1 | c2 = i(X1) | c1 = i(X1) | c3 = i(X1)) [avatar definition]
77592. c3 = i(X1) | c2 = i(X1) | c1 = i(X1) | c4 = X1 <- (268) [avatar component clause 77591]
79333. c3 != mult(c2,X1) | mult(X2,c3) = mult(X2,X1) | c2 = mult(c2,X1) | c1 = mult(c2,X1) | c3 = X0 | c1 = X0 | c2 = X0 <- (11) [equality factoring 61739]
79481. mult(X2,c3) = mult(X2,X1) | c2 = mult(c2,X1) | c1 = mult(c2,X1) | c3 = X0 | c1 = X0 | c2 = X0 <- (11, 130) [forward subsumption resolution 79333,47909]
79524. c2 = X1 | mult(X2,c3) = mult(X2,X1) | c1 = mult(c2,X1) | c3 = X0 | c1 = X0 | c2 = X0 <- (11, 66, 130) [forward demodulation 79481,33090]
79564. c1 = X1 | c2 = X1 | mult(X2,c3) = mult(X2,X1) | c3 = X0 | c1 = X0 | c2 = X0 <- (11, 66, 130) [forward demodulation 79524,33090]
79608. 271 <=> ! [X2,X1] : (c1 = X1 | mult(X2,c3) = mult(X2,X1) | c2 = X1) [avatar definition]
79609. mult(X2,c3) = mult(X2,X1) | c1 = X1 | c2 = X1 <- (271) [avatar component clause 79608]
79610. 55 | 271 | ~11 | ~66 | ~130 [avatar split clause 79564,47908,33089,92,79608,5383]
83589. c4 != X0 | c2 = mult(c3,c4) | c1 = i(c3) | c3 = X0 | c3 = i(c3) | c1 = X0 | c2 = i(c3) | c2 = X0 | c1 = mult(c3,c4) <- (6, ~10, ~21) [superposition 499,23580]
84117. op_b = mult(c4,c4) | mult(op_b,op_a) = c2 | mult(op_b,op_a) = c1 | c2 = i(op_a) | c3 = i(op_a) | c1 = i(op_a) <- (1, 6, 19) [forward subsumption resolution 76582,11199]
84220. c1 = mult(c4,c4) | mult(op_b,op_a) = c2 | mult(op_b,op_a) = c1 | c2 = i(op_a) | c3 = i(op_a) | c1 = i(op_a) <- (1, 6, 19) [forward demodulation 84117,52]
84226. mult(op_b,op_a) = c2 | mult(op_b,op_a) = c1 | c2 = i(op_a) | c3 = i(op_a) | c1 = i(op_a) <- (1, 6, 19, ~56) [forward subsumption resolution 84220,5387]
84232. c2 = mult(op_b,c3) | mult(op_b,op_a) = c1 | c2 = i(op_a) | c3 = i(op_a) | c1 = i(op_a) <- (1, 6, 19, ~56) [forward demodulation 84226,73]
84238. c2 = mult(c1,c3) | mult(op_b,op_a) = c1 | c2 = i(op_a) | c3 = i(op_a) | c1 = i(op_a) <- (1, 6, 19, ~56) [forward demodulation 84232,52]
84244. mult(op_b,op_a) = c1 | c2 = i(op_a) | c3 = i(op_a) | c1 = i(op_a) <- (1, 6, ~16, 19, ~56) [forward subsumption resolution 84238,434]
84250. c1 = mult(op_b,c3) | c2 = i(op_a) | c3 = i(op_a) | c1 = i(op_a) <- (1, 6, ~16, 19, ~56) [forward demodulation 84244,73]
84253. c1 = mult(c1,c3) | c2 = i(op_a) | c3 = i(op_a) | c1 = i(op_a) <- (1, 6, ~16, 19, ~56) [forward demodulation 84250,52]
84255. c2 = i(op_a) | c3 = i(op_a) | c1 = i(op_a) <- (1, 6, ~14, ~16, 19, ~56) [forward subsumption resolution 84253,389]
84257. c2 = i(c3) | c3 = i(op_a) | c1 = i(op_a) <- (1, 6, ~14, ~16, 19, ~56) [forward demodulation 84255,73]
84259. c3 = i(op_a) | c1 = i(op_a) <- (1, 6, ~14, ~16, 19, ~40, ~56) [forward subsumption resolution 84257,1787]
84261. c3 = i(c3) | c1 = i(op_a) <- (1, 6, ~14, ~16, 19, ~40, ~56) [forward demodulation 84259,73]
84263. c1 = i(op_a) <- (1, 6, ~14, ~16, 19, ~39, ~40, ~56) [forward subsumption resolution 84261,1783]
84265. c1 = i(c3) <- (1, 6, ~14, ~16, 19, ~39, ~40, ~56) [forward demodulation 84263,73]
84266. $false <- (1, 6, ~14, ~16, 19, ~38, ~39, ~40, ~56) [forward subsumption resolution 84265,1779]
84267. ~1 | ~6 | 14 | 16 | ~19 | 38 | 39 | 40 | 56 [avatar contradiction clause 84266]
84435. c4 != X0 | mult(c3,X1) = mult(c3,mult(c1,X1)) | c3 = X0 | c1 = X0 | c2 = mult(c3,c1) | c2 = X0 | c1 = mult(c3,c1) <- (1, 6, ~17) [superposition 11116,619]
84464. mult(c3,X1) = mult(c3,mult(c1,X1)) | c3 = X0 | c1 = X0 | c2 = mult(c3,c1) | c2 = X0 | c1 = mult(c3,c1) <- (1, 6, ~17) [forward subsumption resolution 84435,5]
84465. mult(c3,X1) = mult(c3,mult(c1,X1)) | c3 = X0 | c1 = X0 | c2 = mult(c3,c1) | c2 = X0 <- (1, 6, ~17, ~18) [forward subsumption resolution 84464,10814]
84466. c2 = c3 | mult(c3,X1) = mult(c3,mult(c1,X1)) | c3 = X0 | c1 = X0 | c2 = X0 <- (1, 6, ~17, ~18, 19) [forward demodulation 84465,11199]
84467. mult(c3,X1) = mult(c3,mult(c1,X1)) | c3 = X0 | c1 = X0 | c2 = X0 <- (1, 6, ~17, ~18, 19) [forward subsumption resolution 84466,9]
84469. 274 <=> ! [X1] : mult(c3,X1) = mult(c3,mult(c1,X1)) [avatar definition]
84470. mult(c3,X1) = mult(c3,mult(c1,X1)) <- (274) [avatar component clause 84469]
84471. 55 | 274 | ~1 | ~6 | 17 | 18 | ~19 [avatar split clause 84467,144,140,116,71,50,84469,5383]
85012. mult(c2,X0) = mult(c3,mult(c1,X0)) <- (1, 6, 20) [superposition 3,11118]
85052. mult(c3,mult(c1,X0)) = X0 <- (1, 6, 20, 66) [forward demodulation 85012,33090]
87588. i(c1) = mult(c3,e) <- (1, 6, 20, 66) [superposition 85052,1]
87793. c3 = i(c1) <- (1, 6, 20, 66) [forward demodulation 87588,2]
87841. c1 = c3 <- (36, 37) [forward demodulation 550,554]
87845. $false <- (36, 37) [forward subsumption resolution 87841,7]
87846. ~36 | ~37 [avatar contradiction clause 87845]
87854. c1 = mult(c3,c1) <- (1, 6, 18) [forward demodulation 395,73]
87930. c4 != mult(c1,c3) | c2 = mult(c3,c1) | c3 = mult(c3,c1) | c1 = mult(c3,c1) <- (1, 6) [superposition 10822,5]
87995. e = mult(c3,mult(c1,i(c1))) <- (1, 6, 18) [superposition 18,87854]
88035. e = mult(c3,e) <- (1, 6, 18) [forward demodulation 87995,1]
88038. e = c3 <- (1, 6, 18) [forward demodulation 88035,2]
88041. $false <- (1, 6, ~10, 18) [forward subsumption resolution 88038,89]
88042. ~1 | ~6 | 10 | ~18 [avatar contradiction clause 88041]
88063. 36 | ~1 | ~6 | ~20 | ~66 [avatar split clause 87793,33089,148,71,50,548]
88088. e = mult(c1,c3) <- (36) [superposition 1,550]
88093. c1 = mult(e,i(c3)) <- (36) [superposition 6450,550]
88111. c1 = mult(e,c4) <- (11, 36, 48) [forward demodulation 88093,8892]
88114. c2 = mult(c1,c3) <- (11, 36) [forward demodulation 88088,94]
88118. c1 = mult(c2,c4) <- (11, 36, 48) [forward demodulation 88111,94]
88121. $false <- (1, 6, 11, ~16, 36) [forward subsumption resolution 88114,434]
88122. ~1 | ~6 | ~11 | 16 | ~36 [avatar contradiction clause 88121]
88127. $false <- (11, 36, 48, ~146) [forward subsumption resolution 88118,54770]
88128. ~11 | ~36 | ~48 | 146 [avatar contradiction clause 88127]
88246. e = mult(c1,mult(c3,i(c3))) <- (1, 6, 15) [superposition 18,406]
88990. e = mult(c1,e) <- (1, 6, 15) [forward demodulation 88246,1]
89121. e = c1 <- (1, 6, 15) [forward demodulation 88990,2]
89224. $false <- (1, 6, ~9, 15) [forward subsumption resolution 89121,85]
89225. ~1 | ~6 | 9 | ~15 [avatar contradiction clause 89224]
89299. 277 <=> ! [X1] : mult(c3,mult(c4,X1)) = X1 [avatar definition]
89300. mult(c3,mult(c4,X1)) = X1 <- (277) [avatar component clause 89299]
89664. $false <- (1, 6, ~9, ~10, ~11, 13, ~17, 38) [forward subsumption resolution 50596,11116]
89665. ~1 | ~6 | 9 | 10 | 11 | ~13 | 17 | ~38 [avatar contradiction clause 89664]
90213. c2 = mult(c3,c4) | c1 = i(c3) | c3 = X0 | c3 = i(c3) | c1 = X0 | c2 = i(c3) | c2 = X0 | c1 = mult(c3,c4) <- (6, ~10, ~21) [forward subsumption resolution 83589,5]
91968. c4 = mult(X1,X0) | c3 = mult(X0,mult(X1,c4)) | c2 = mult(X0,mult(X1,c4)) | c1 = mult(X0,mult(X1,c4)) <- (1, 8, 23) [forward demodulation 7695,62143]
92926. mult(X0,X1) = c3 | c4 = mult(X1,X0) | c2 = mult(X0,mult(X1,c4)) | c1 = mult(X0,mult(X1,c4)) <- (1, 8, ~9, ~10, ~11, 13, 23) [forward demodulation 91968,17338]
93780. mult(X0,X1) = c2 | mult(X0,X1) = c3 | c4 = mult(X1,X0) | c1 = mult(X0,mult(X1,c4)) <- (1, 8, ~9, ~10, ~11, 13, 23) [forward demodulation 92926,17338]
94483. mult(X0,X1) = c1 | mult(X0,X1) = c2 | mult(X0,X1) = c3 | c4 = mult(X1,X0) <- (1, 8, ~9, ~10, ~11, 13, 23) [forward demodulation 93780,17338]
96811. $false <- (12, ~147) [forward subsumption resolution 54774,97]
96812. ~12 | 147 [avatar contradiction clause 96811]
96879. c2 = mult(c3,c1) | c3 = mult(c3,c1) | c1 = mult(c3,c1) <- (1, 6, 8, ~9, ~10, ~11, 13, 23) [forward subsumption resolution 87930,94483]
96971. c3 = mult(c3,c1) | c1 = mult(c3,c1) <- (1, 6, 8, ~9, ~10, ~11, 13, 16, 23) [forward subsumption resolution 96879,76581]
97045. c1 = mult(c3,c1) <- (1, 6, 8, ~9, ~10, ~11, 13, 16, ~19, 23) [forward subsumption resolution 96971,10133]
97099. $false <- (1, 6, 8, ~9, ~10, ~11, 13, 16, ~18, ~19, 23) [forward subsumption resolution 97045,10814]
97100. ~1 | ~6 | ~8 | 9 | 10 | 11 | ~13 | ~16 | 18 | 19 | ~23 [avatar contradiction clause 97099]
97575. c1 = mult(e,i(c3)) <- (36) [superposition 6450,550]
97581. c1 = mult(c4,i(c3)) <- (1, 8, 23, 36) [forward demodulation 97575,62142]
97588. c1 = i(c3) <- (1, 8, 13, 23, 36) [forward demodulation 97581,7646]
97967. i(X0) != c3 | c2 = X0 | c3 = X0 | c1 = X0 <- (~48) [superposition 2983,5]
98258. e = mult(c1,c4) | c2 = i(mult(c1,c4)) | c3 = i(mult(c1,c4)) | c1 = i(mult(c1,c4)) <- (1, 8, 13) [superposition 12300,5]
98345. e = c1 | c2 = i(mult(c1,c4)) | c3 = i(mult(c1,c4)) | c1 = i(mult(c1,c4)) <- (1, 8, 13) [forward demodulation 98258,13199]
98367. c2 = i(mult(c1,c4)) | c3 = i(mult(c1,c4)) | c1 = i(mult(c1,c4)) <- (1, 8, ~9, 13) [forward subsumption resolution 98345,85]
98385. c2 = i(c1) | c3 = i(mult(c1,c4)) | c1 = i(mult(c1,c4)) <- (1, 8, ~9, 13) [forward demodulation 98367,13199]
98400. c3 = i(mult(c1,c4)) | c1 = i(mult(c1,c4)) <- (1, 8, ~9, 13, ~35) [forward subsumption resolution 98385,545]
98413. c3 = i(c1) | c1 = i(mult(c1,c4)) <- (1, 8, ~9, 13, ~35) [forward demodulation 98400,13199]
98423. c1 = i(mult(c1,c4)) <- (1, 8, ~9, 13, ~35, ~36) [forward subsumption resolution 98413,549]
98431. c1 = i(c1) <- (1, 8, ~9, 13, ~35, ~36) [forward demodulation 98423,13199]
98514. 37 | ~1 | ~8 | 9 | ~13 | 35 | 36 [avatar split clause 98431,548,544,100,84,79,50,552]
98515. c4 = mult(c1,c1) <- (1, 8, 23, 37) [forward demodulation 75994,62143]
98564. mult(e,X0) = mult(c1,mult(c1,X0)) <- (37) [superposition 13,554]
98585. mult(c4,X0) = mult(c1,mult(c1,X0)) <- (1, 8, 23, 37) [forward demodulation 98564,62142]
98591. mult(c1,mult(c1,X0)) = X0 <- (1, 8, 13, 23, 37) [forward demodulation 98585,7646]
102561. c1 = mult(c1,c4) <- (1, 8, ~22, ~25, ~27) [superposition 62962,1942]
106523. c4 = mult(c3,c2) <- (~9, ~10, ~11, 13, 53) [superposition 7882,5321]
106524. c4 = mult(c2,c3) <- (~9, ~10, ~11, 13, 40) [superposition 7882,1788]
106611. mult(e,X0) = mult(X0,c4) <- (~9, ~10, ~11, 13) [superposition 13,7882]
106664. e = mult(i(mult(X0,X1)),mult(X0,mult(X1,i(c4)))) <- (~9, ~10, ~11, 13) [superposition 448,7882]
106694. e = mult(i(mult(X0,X1)),mult(X0,mult(X1,c4))) <- (~9, ~10, ~11, 13) [forward demodulation 106664,8336]
106767. e = mult(i(mult(X0,X1)),mult(X0,X1)) <- (~9, ~10, ~11, 13) [forward demodulation 106694,17338]
106820. e = c4 <- (~9, ~10, ~11, 13) [forward demodulation 106767,7882]
108062. c3 != mult(c3,c4) <- (13, ~251) [superposition 65186,8336]
108118. $false <- (12, 13, ~251) [forward subsumption resolution 108062,97]
108119. ~12 | ~13 | 251 [avatar contradiction clause 108118]
109700. mult(c1,mult(c1,X0)) = X0 <- (~9, ~10, ~11, 13, 37) [superposition 12603,554]
110460. e = mult(i(X0),X0) [superposition 1,6686]
110510. mult(e,X0) = X0 [superposition 6450,6686]
111104. i(X0) = mult(e,i(X0)) [superposition 6846,6450]
111170. e = mult(X1,mult(e,mult(i(mult(e,i(X0))),i(mult(X1,X0))))) [superposition 448,6846]
111217. e = mult(X1,mult(i(mult(e,i(X0))),i(mult(X1,X0)))) [forward demodulation 111170,12]
111807. i(X0) = i(mult(X0,c4)) <- (~9, ~10, ~11, 13) [superposition 10025,7851]
112170. mult(i(i(X0)),i(e)) = X0 [superposition 7081,1]
112253. mult(X0,X2) = mult(X1,mult(i(mult(i(X0),X1)),X2)) [superposition 3,7081]
112254. e = mult(X1,mult(i(mult(i(X0),X1)),i(X0))) [superposition 18,7081]
112404. i(i(X0)) = X0 [forward demodulation 112170,28]
112719. c2 = mult(i(c2),c1) <- (~9, ~10, ~11, 13, 67) [superposition 22366,33094]
113283. c3 = i(mult(c1,i(c2))) <- (1, 6, ~9, ~10, ~11, 13, 20) [superposition 7849,11118]
113446. c3 = i(mult(c1,c3)) <- (1, 6, ~9, ~10, ~11, 13, 20, 53) [forward demodulation 113283,5321]
113764. i(X0) = c3 | mult(c3,X1) = mult(c1,mult(c3,X1)) | c3 = X0 | c1 = X0 | c2 = mult(c1,c3) | c2 = X0 | c1 = mult(c1,c3) <- (1, 6, ~9, ~10, ~11, 13, 20, 53) [superposition 113446,619]
113838. mult(c3,X1) = mult(c1,mult(c3,X1)) | c3 = X0 | c1 = X0 | c2 = mult(c1,c3) | c2 = X0 | c1 = mult(c1,c3) <- (1, 6, ~9, ~10, ~11, 13, 20, ~48, 53) [forward subsumption resolution 113764,97967]
113855. mult(c3,X1) = mult(c1,mult(c3,X1)) | c3 = X0 | c1 = X0 | c2 = X0 | c1 = mult(c1,c3) <- (1, 6, ~9, ~10, ~11, 13, ~16, 20, ~48, 53) [forward subsumption resolution 113838,434]
113868. mult(c3,X1) = mult(c1,mult(c3,X1)) | c3 = X0 | c1 = X0 | c2 = X0 <- (1, 6, ~9, ~10, ~11, 13, ~14, ~16, 20, ~48, 53) [forward subsumption resolution 113855,389]
113877. 55 | 266 | ~1 | ~6 | 9 | 10 | 11 | ~13 | 14 | 16 | ~20 | 48 | ~53 [avatar split clause 113868,5319,2982,148,112,104,100,92,88,84,71,50,75686,5383]
114097. c1 = mult(i(c3),c3) <- (1, 6, ~9, ~10, ~11, 13, 19) [superposition 22366,11199]
114113. c1 = c4 <- (1, 6, ~9, ~10, ~11, 13, 19) [forward demodulation 114097,7882]
114119. $false <- (1, 6, ~9, ~10, ~11, 13, 19) [forward subsumption resolution 114113,8]
114120. ~1 | ~6 | 9 | 10 | 11 | ~13 | ~19 [avatar contradiction clause 114119]
114844. 285 <=> c1 = mult(c1,c2) [avatar definition]
114845. c1 != mult(c1,c2) <- (~285) [avatar component clause 114844]
114846. c1 = mult(c1,c2) <- (285) [avatar component clause 114844]
115273. mult(c2,X0) = mult(c3,mult(c1,X0)) <- (1, 6, 20) [superposition 3,11118]
116023. e = mult(c1,e) <- (266) [superposition 75687,1]
116199. e = c1 <- (266) [forward demodulation 116023,2]
116232. 290 <=> c2 = i(mult(c1,c3)) [avatar definition]
116233. c2 != i(mult(c1,c3)) <- (~290) [avatar component clause 116232]
116234. c2 = i(mult(c1,c3)) <- (290) [avatar component clause 116232]
116272. $false <- (~9, 266) [forward subsumption resolution 116199,85]
116273. 9 | ~266 [avatar contradiction clause 116272]
116315. 296 <=> ! [X0] : mult(c1,X0) = X0 [avatar definition]
116316. mult(c1,X0) = X0 <- (296) [avatar component clause 116315]
116429. mult(c3,c4) = mult(c2,c1) <- (1, 6, 8, 20, 23, 37) [superposition 115273,98515]
116490. c3 = mult(c2,i(mult(e,c1))) <- (1, 6, 20) [superposition 115273,6452]
116587. c3 = mult(c2,i(mult(c4,c1))) <- (1, 6, 8, 20, 23) [forward demodulation 116490,62142]
116624. c3 = mult(c2,c1) <- (1, 6, 8, 12, 20, 23, 37) [forward demodulation 116429,97]
116646. c3 = mult(c2,i(mult(c1,c4))) <- (1, 6, 8, 20, 23) [forward demodulation 116587,1942]
116677. c3 = mult(c2,i(c1)) <- (1, 6, 8, 13, 20, 23) [forward demodulation 116646,13199]
116736. c2 = i(mult(c1,i(c3))) <- (1, 6, 8, ~9, ~10, ~11, 12, 13, 20, 23, 37) [superposition 7849,116624]
116747. c2 = i(mult(c1,c3)) <- (1, 6, 8, ~9, ~10, ~11, 12, 13, 20, 23, 37, 39) [forward demodulation 116736,1784]
116758. 290 | ~1 | ~6 | ~8 | 9 | 10 | 11 | ~12 | ~13 | ~20 | ~23 | ~37 | ~39 [avatar split clause 116747,1782,552,169,148,100,96,92,88,84,79,71,50,116232]
117872. i(X0) = mult(e,i(X0)) [superposition 13,6799]
118007. i(X0) = mult(c4,i(X0)) <- (1, 8, 23) [forward demodulation 117872,62142]
118373. mult(X0,X1) = mult(e,i(mult(X2,i(mult(X0,mult(X1,X2)))))) [superposition 7259,3]
118390. c3 = mult(e,i(mult(mult(c4,c4),i(c3)))) <- (51) [superposition 7259,3299]
118479. mult(X1,i(mult(X0,X1))) = mult(e,i(X0)) [superposition 6846,7259]
119374. mult(c4,c4) = mult(c3,mult(c4,i(c3))) <- (4, 6, ~9, ~10, ~11, 13) [superposition 10812,10155]
119573. mult(c4,c4) = mult(c3,i(c3)) <- (4, 6, ~9, ~10, ~11, 13) [forward demodulation 119374,101]
119662. e = mult(c4,c4) <- (4, 6, ~9, ~10, ~11, 13) [forward demodulation 119573,1]
119715. e = c4 <- (4, 6, ~9, ~10, ~11, 13) [forward demodulation 119662,7646]
119800. i(X0) = c2 | mult(c3,X1) = mult(c1,mult(c3,X1)) | c3 = X0 | c1 = X0 | c2 = mult(c1,c3) | c2 = X0 | c1 = mult(c1,c3) <- (290) [superposition 116234,619]
119850. c4 = mult(c2,mult(c1,c3)) <- (~9, ~10, ~11, 13, 290) [superposition 7882,116234]
119895. mult(c3,X1) = mult(c1,mult(c3,X1)) | c3 = X0 | c1 = X0 | c2 = mult(c1,c3) | c2 = X0 | c1 = mult(c1,c3) <- (~49, 290) [forward subsumption resolution 119800,66554]
119916. mult(c3,X1) = mult(c1,mult(c3,X1)) | c3 = X0 | c1 = X0 | c2 = X0 | c1 = mult(c1,c3) <- (1, 6, ~16, ~49, 290) [forward subsumption resolution 119895,434]
119933. mult(c3,X1) = mult(c1,mult(c3,X1)) | c3 = X0 | c1 = X0 | c2 = X0 <- (1, 6, ~14, ~16, ~49, 290) [forward subsumption resolution 119916,389]
119943. 55 | 266 | ~1 | ~6 | 14 | 16 | 49 | ~290 [avatar split clause 119933,116232,2986,112,104,71,50,75686,5383]
120020. c3 = mult(c2,c2) <- (1, 6, 8, 13, 20, 23, 35) [forward demodulation 116677,546]
120070. $false <- (1, 6, 8, 13, 20, 23, 35, ~68) [forward subsumption resolution 120020,33100]
120071. ~1 | ~6 | ~8 | ~13 | ~20 | ~23 | ~35 | 68 [avatar contradiction clause 120070]
120238. c1 = mult(e,mult(X0,i(mult(c2,X0)))) <- (35) [superposition 6453,546]
120266. c1 = mult(c4,mult(X0,i(mult(c2,X0)))) <- (1, 8, 23, 35) [forward demodulation 120238,62142]
120274. c1 = mult(X0,i(mult(c2,X0))) <- (1, 8, 13, 23, 35) [forward demodulation 120266,7646]
120279. c1 = i(c2) <- (1, 8, ~9, ~10, ~11, 13, 23, 35) [forward demodulation 120274,12436]
120318. mult(c1,mult(c2,X0)) = X0 <- (~9, ~10, ~11, 13, 52) [superposition 22366,5317]
120466. c2 = mult(i(c2),c3) <- (~9, ~10, ~11, 13, 68) [superposition 22366,33099]
120475. c2 = mult(c1,c3) <- (~9, ~10, ~11, 13, 52, 68) [forward demodulation 120466,5317]
120486. $false <- (1, 6, ~9, ~10, ~11, 13, ~16, 52, 68) [forward subsumption resolution 120475,434]
120487. ~1 | ~6 | 9 | 10 | 11 | ~13 | 16 | ~52 | ~68 [avatar contradiction clause 120486]
120495. op_a != mult(op_a,c4) <- (~4, 13) [forward demodulation 64,7646]
120541. c2 = mult(c3,c4) | c3 = X0 | c3 = i(c3) | c1 = X0 | c2 = i(c3) | c2 = X0 | c1 = mult(c3,c4) <- (6, ~10, ~21, ~38) [forward subsumption resolution 90213,1779]
120768. $false <- (~4, 12, 13) [forward subsumption resolution 120495,97]
120769. 4 | ~12 | ~13 [avatar contradiction clause 120768]
120789. c2 = mult(c3,c4) | c3 = X0 | c1 = X0 | c2 = i(c3) | c2 = X0 | c1 = mult(c3,c4) <- (6, ~10, ~21, ~38, ~39) [forward subsumption resolution 120541,1783]
120961. c2 = mult(c3,c4) | c3 = X0 | c1 = X0 | c2 = X0 | c1 = mult(c3,c4) <- (6, ~10, ~21, ~38, ~39, ~40) [forward subsumption resolution 120789,1787]
121078. c2 = c3 | c3 = X0 | c1 = X0 | c2 = X0 | c1 = mult(c3,c4) <- (6, ~10, 12, ~21, ~38, ~39, ~40) [forward demodulation 120961,97]
121172. c3 = X0 | c1 = X0 | c2 = X0 | c1 = mult(c3,c4) <- (6, ~10, 12, ~21, ~38, ~39, ~40) [forward subsumption resolution 121078,9]
121254. c1 = c3 | c3 = X0 | c1 = X0 | c2 = X0 <- (6, ~10, 12, ~21, ~38, ~39, ~40) [forward demodulation 121172,97]
121300. c3 = X0 | c1 = X0 | c2 = X0 <- (6, ~10, 12, ~21, ~38, ~39, ~40) [forward subsumption resolution 121254,7]
121325. 55 | ~6 | 10 | ~12 | 21 | 38 | 39 | 40 [avatar split clause 121300,1786,1782,1778,153,96,88,71,5383]
122203. mult(X1,i(mult(X0,X1))) = mult(c2,i(X0)) <- (11) [forward demodulation 118479,94]
122241. c3 = mult(e,i(mult(c4,mult(c4,i(c3))))) <- (51) [forward demodulation 118390,3]
122717. c2 = mult(X1,mult(i(mult(i(X0),X1)),i(X0))) <- (11) [forward demodulation 112254,94]
123016. c2 = mult(i(X0),X0) <- (11) [forward demodulation 110460,94]
123601. i(X0) = mult(X1,i(mult(X0,X1))) <- (11, 66) [forward demodulation 122203,33090]
123637. c3 = mult(e,i(mult(c4,mult(c4,c3)))) <- (39, 51) [forward demodulation 122241,1784]
123944. mult(X0,i(X0)) = c2 <- (11) [forward demodulation 122717,112253]
124490. c3 = mult(e,i(mult(c4,c1))) <- (33, 39, 51) [forward demodulation 123637,346]
127619. c3 = mult(c2,i(mult(c4,c1))) <- (11, 33, 39, 51) [forward demodulation 124490,94]
127624. c3 = i(mult(c4,c1)) <- (11, 33, 39, 51, 66) [forward demodulation 127619,33090]
127781. 309 <=> c1 = mult(c4,c1) [avatar definition]
127782. c1 != mult(c4,c1) <- (~309) [avatar component clause 127781]
127783. c1 = mult(c4,c1) <- (309) [avatar component clause 127781]
127869. c4 = mult(e,i(mult(c3,i(c1)))) <- (33) [superposition 7259,346]
127890. c4 = mult(e,i(mult(c3,c1))) <- (33, 37) [forward demodulation 127869,554]
127896. c4 = mult(e,i(c3)) <- (1, 6, 19, 33, 37) [forward demodulation 127890,11199]
127901. c4 = mult(e,c3) <- (1, 6, 19, 33, 37, 39) [forward demodulation 127896,1784]
127905. c4 = mult(c2,c3) <- (1, 6, 11, 19, 33, 37, 39) [forward demodulation 127901,94]
127907. c3 = c4 <- (1, 6, 11, 19, 33, 37, 39, 66) [forward demodulation 127905,33090]
127908. $false <- (1, 6, 11, 19, 33, 37, 39, 66) [forward subsumption resolution 127907,11]
127909. ~1 | ~6 | ~11 | ~19 | ~33 | ~37 | ~39 | ~66 [avatar contradiction clause 127908]
128000. mult(c2,X0) = mult(c1,mult(c4,X0)) <- (1, 8, 247) [superposition 3,68225]
128034. mult(c1,mult(c4,X0)) = X0 <- (1, 8, 66, 247) [forward demodulation 128000,33090]
131554. c3 = mult(e,i(mult(c3,i(c2)))) <- (265) [superposition 7259,74293]
131572. c3 = mult(e,i(mult(c3,c2))) <- (54, 265) [forward demodulation 131554,5325]
131577. c3 = mult(e,i(c3)) <- (54, 75, 265) [forward demodulation 131572,33141]
131989. i(c4) = X0 | i(X0) = c2 | i(X0) = c3 | i(X0) = c1 [superposition 112404,5]
132045. i(X0) = mult(X1,i(mult(X0,X1))) [superposition 7081,112404]
132859. mult(c4,c3) != mult(c3,c4) <- (~4, 6) [forward demodulation 64,73]
132892. c1 != mult(c3,c4) <- (6, ~29) [forward demodulation 238,73]
132894. 311 <=> c1 = mult(c3,c4) [avatar definition]
132895. c1 != mult(c3,c4) <- (~311) [avatar component clause 132894]
132896. c1 = mult(c3,c4) <- (311) [avatar component clause 132894]
132898. 312 <=> ! [X1] : mult(c3,X1) = mult(c3,mult(c4,X1)) [avatar definition]
132899. mult(c3,X1) = mult(c3,mult(c4,X1)) <- (312) [avatar component clause 132898]
132900. 311 | 42 | 55 | 312 | ~6 | 21 [avatar split clause 67799,153,71,132898,5383,2290,132894]
132901. c3 != mult(c3,c2) <- (~51, 58) [forward demodulation 3298,5729]
132902. c1 != mult(c3,c4) <- (~4, 6, 33) [forward demodulation 132859,346]
132903. ~311 | ~6 | 29 [avatar split clause 132892,237,71,132894]
132904. $false <- (~51, 58, 75) [forward subsumption resolution 132901,33141]
132905. 51 | ~58 | ~75 [avatar contradiction clause 132904]
132906. ~311 | 4 | ~6 | ~33 [avatar split clause 132902,344,71,62,132894]
132912. c3 = i(c4) <- (1, 11, 22, 33, 39, 51, 66) [forward demodulation 127624,1066]
132913. $false <- (1, 11, 22, 33, 39, ~48, 51, 66) [forward subsumption resolution 132912,2983]
132914. ~1 | ~11 | ~22 | ~33 | ~39 | 48 | ~51 | ~66 [avatar contradiction clause 132913]
132921. c2 = mult(c4,c1) <- (1, 8, 27) [forward demodulation 1942,1652]
132972. mult(c3,X0) != mult(X0,c3) | c2 = X0 | c3 = X0 | c1 = X0 <- (~4, 6) [superposition 132859,5]
133040. 313 <=> ! [X1] : mult(c3,X1) = mult(c4,mult(c3,X1)) [avatar definition]
133041. mult(c3,X1) = mult(c4,mult(c3,X1)) <- (313) [avatar component clause 133040]
133299. c4 != X0 | mult(c3,X1) = mult(c4,mult(c3,X1)) | c3 = X0 | c1 = X0 | c2 = mult(c4,c3) | c2 = X0 | c1 = mult(c4,c3) <- (6, ~32) [superposition 2276,619]
133326. mult(c3,X1) = mult(c4,mult(c3,X1)) | c3 = X0 | c1 = X0 | c2 = mult(c4,c3) | c2 = X0 | c1 = mult(c4,c3) <- (6, ~32) [forward subsumption resolution 133299,5]
133329. mult(c3,X1) = mult(c4,mult(c3,X1)) | c3 = X0 | c1 = X0 | c2 = X0 | c1 = mult(c4,c3) <- (6, ~28, ~32) [forward subsumption resolution 133326,1174]
133330. mult(c3,X1) = mult(c4,mult(c3,X1)) | c3 = X0 | c1 = X0 | c2 = X0 <- (6, ~28, ~32, ~33) [forward subsumption resolution 133329,345]
133331. 55 | 313 | ~6 | 28 | 32 | 33 [avatar split clause 133330,344,249,219,71,133040,5383]
133454. mult(c1,e) = mult(X0,mult(X1,i(mult(c4,mult(X0,X1))))) <- (1, 8, 66, 247) [superposition 128034,448]
133594. c1 = mult(X0,mult(X1,i(mult(c4,mult(X0,X1))))) <- (1, 8, 66, 247) [forward demodulation 133454,2]
133693. c4 != mult(X0,c3) | c2 = X0 | c3 = X0 | c1 = X0 | c2 = mult(c3,X0) | c3 = mult(c3,X0) | c1 = mult(c3,X0) <- (~4, 6) [superposition 132972,5]
133838. c2 != mult(X0,c3) | c3 = X0 | c2 = X0 | c1 = X0 <- (6, ~28) [superposition 1174,1819]
133868. c3 = X0 | c2 = X0 | c1 = X0 <- (6, ~28, 264) [forward subsumption resolution 133838,73319]
133872. 55 | ~6 | 28 | ~264 [avatar split clause 133868,73318,219,71,5383]
134655. c4 = mult(e,i(mult(c4,i(c2)))) <- (58) [superposition 7259,5729]
134680. c4 = mult(e,i(mult(c4,c2))) <- (54, 58) [forward demodulation 134655,5325]
134693. c4 = mult(e,i(c4)) <- (54, 58, 75) [forward demodulation 134680,33141]
134703. c4 = mult(e,c1) <- (47, 54, 58, 75) [forward demodulation 134693,2980]
134711. c4 = mult(c2,c1) <- (11, 47, 54, 58, 75) [forward demodulation 134703,94]
134718. c1 = c4 <- (11, 47, 54, 58, 66, 75) [forward demodulation 134711,33090]
134720. $false <- (11, 47, 54, 58, 66, 75) [forward subsumption resolution 134718,8]
134721. ~11 | ~47 | ~54 | ~58 | ~66 | ~75 [avatar contradiction clause 134720]
134723. c3 != mult(c3,c4) <- (~51, 312) [forward demodulation 3298,132899]
136016. c4 = mult(e,i(mult(c1,i(c2)))) <- (247) [superposition 7259,64953]
136037. c4 = mult(e,i(mult(c1,c2))) <- (54, 247) [forward demodulation 136016,5325]
136043. c4 = mult(e,i(c1)) <- (54, 75, 247) [forward demodulation 136037,33141]
136714. mult(c4,e) = mult(c3,i(c4)) <- (184) [superposition 59818,1]
136719. mult(c4,c4) = mult(c3,i(e)) <- (184) [superposition 59818,28]
136743. mult(c4,e) = mult(c3,mult(X0,mult(X1,i(mult(c4,mult(X0,X1)))))) <- (184) [superposition 59818,448]
136862. c4 = mult(c3,i(mult(e,c4))) <- (184) [superposition 6452,59818]
136893. c4 = mult(e,i(mult(mult(c4,X0),i(mult(c3,X0))))) <- (184) [superposition 7259,59818]
136904. c4 = mult(e,i(mult(c4,mult(X0,i(mult(c3,X0)))))) <- (184) [forward demodulation 136893,3]
136924. mult(c3,c1) = mult(c4,e) <- (1, 8, 66, 184, 247) [forward demodulation 136743,133594]
136934. c3 = mult(c4,c4) <- (184) [forward demodulation 136719,28]
136946. c4 = mult(e,i(mult(c4,i(c3)))) <- (11, 66, 184) [forward demodulation 136904,123601]
136960. c4 = mult(c3,c1) <- (1, 8, 66, 184, 247) [forward demodulation 136924,2]
136968. $false <- (~160, 184) [forward subsumption resolution 136934,59047]
136969. 160 | ~184 [avatar contradiction clause 136968]
136979. $false <- (1, 6, 8, ~17, 66, 184, 247) [forward subsumption resolution 136960,11116]
136980. ~1 | ~6 | ~8 | 17 | ~66 | ~184 | ~247 [avatar contradiction clause 136979]
137078. e = mult(c4,mult(c4,i(c4))) <- (202) [superposition 18,60156]
137118. e = mult(c4,e) <- (202) [forward demodulation 137078,1]
137129. e = c4 <- (202) [forward demodulation 137118,2]
137138. c2 = c4 <- (11, 202) [forward demodulation 137129,94]
137144. $false <- (11, 202) [forward subsumption resolution 137138,10]
137145. ~11 | ~202 [avatar contradiction clause 137144]
137409. mult(c3,e) = mult(c3,mult(X0,i(mult(c1,X0)))) <- (274) [superposition 84470,18]
137530. c3 = mult(e,i(mult(mult(c1,X0),i(mult(c3,X0))))) <- (274) [superposition 7259,84470]
137542. c3 = mult(e,i(mult(c1,mult(X0,i(mult(c3,X0)))))) <- (274) [forward demodulation 137530,3]
137566. mult(c3,e) = mult(c3,i(c1)) <- (11, 66, 274) [forward demodulation 137409,123601]
137581. c3 = mult(e,i(mult(c1,i(c3)))) <- (11, 66, 274) [forward demodulation 137542,123601]
137589. mult(c3,c4) = mult(c3,e) <- (11, 47, 66, 274) [forward demodulation 137566,66394]
137602. c3 = mult(c3,c4) <- (11, 47, 66, 274) [forward demodulation 137589,2]
137619. c3 != mult(c3,c1) <- (~51, 56) [forward demodulation 3298,5388]
137627. c1 = c3 <- (11, 47, 66, 274, 311) [forward demodulation 137602,132896]
137628. $false <- (1, 6, 19, ~51, 56) [forward subsumption resolution 137619,11199]
137629. ~1 | ~6 | ~19 | 51 | ~56 [avatar contradiction clause 137628]
137640. $false <- (11, 47, 66, 274, 311) [forward subsumption resolution 137627,7]
137641. ~11 | ~47 | ~66 | ~274 | ~311 [avatar contradiction clause 137640]
137643. c3 = mult(c3,c1) <- (51, 56) [forward demodulation 3299,5388]
137757. e = mult(c4,e) <- (313) [superposition 133041,1]
137917. c4 = mult(e,i(mult(mult(c3,X0),i(mult(c3,X0))))) <- (313) [superposition 7259,133041]
137935. c4 = mult(e,i(mult(c3,mult(X0,i(mult(c3,X0)))))) <- (313) [forward demodulation 137917,3]
137964. e = c4 <- (313) [forward demodulation 137757,2]
137972. c4 = mult(e,i(e)) <- (313) [forward demodulation 137935,18]
137993. e = c4 <- (313) [forward demodulation 137972,1]
138008. c2 = c4 <- (11, 313) [forward demodulation 137993,94]
138015. $false <- (11, 313) [forward subsumption resolution 138008,10]
138016. ~11 | ~313 [avatar contradiction clause 138015]
138017. c3 = mult(c3,c4) <- (6, 30) [forward demodulation 243,73]
138092. c3 = mult(c1,c4) <- (1, 6, 8, 32, 66, 247) [superposition 128034,2061]
138096. e = mult(c4,mult(c3,i(c4))) <- (6, 32) [superposition 18,2061]
138115. c4 = mult(e,i(mult(c3,i(c4)))) <- (6, 32) [superposition 7259,2061]
138129. e = mult(c4,c3) <- (6, 32, 251) [forward demodulation 138096,65187]
138130. c2 = c3 <- (1, 6, 8, 27, 32, 66, 247) [forward demodulation 138092,1652]
138136. e = c4 <- (6, 32, 251) [forward demodulation 138129,2061]
138137. $false <- (1, 6, 8, 27, 32, 66, 247) [forward subsumption resolution 138130,9]
138138. ~1 | ~6 | ~8 | ~27 | ~32 | ~66 | ~247 [avatar contradiction clause 138137]
138141. c2 = c4 <- (6, 11, 32, 251) [forward demodulation 138136,94]
138144. $false <- (6, 11, 32, 251) [forward subsumption resolution 138141,10]
138145. ~6 | ~11 | ~32 | ~251 [avatar contradiction clause 138144]
138159. c4 = mult(e,i(mult(c3,c4))) <- (6, 32, 263) [forward demodulation 138115,73316]
138170. c4 = mult(c2,i(c1)) <- (11, 54, 75, 247) [forward demodulation 136043,94]
138191. c4 = i(c1) <- (11, 54, 66, 75, 247) [forward demodulation 138170,33090]
138225. c3 != mult(c3,c4) <- (6, ~30) [forward demodulation 242,73]
138227. c4 = mult(c2,i(mult(c3,c4))) <- (6, 11, 32, 263) [forward demodulation 138159,94]
138232. c4 = i(mult(c3,c4)) <- (6, 11, 32, 66, 263) [forward demodulation 138227,33090]
138243. c4 = i(c1) <- (6, 11, 32, 66, 263, 311) [forward demodulation 138232,132896]
138253. c4 = i(c2) <- (6, 11, 32, 42, 66, 263) [forward demodulation 138232,2292]
138259. c2 = c4 <- (6, 11, 32, 42, 54, 66, 263) [forward demodulation 138253,5325]
138260. $false <- (6, 11, 32, 42, 54, 66, 263) [forward subsumption resolution 138259,10]
138261. ~6 | ~11 | ~32 | ~42 | ~54 | ~66 | ~263 [avatar contradiction clause 138260]
138263. 247 | ~1 | ~8 | ~27 [avatar split clause 132921,214,79,50,64951]
138302. c1 = mult(op_b,c3) <- (6, 14) [forward demodulation 106,73]
138337. c4 != mult(c4,c3) <- (6, ~32) [forward demodulation 251,73]
138351. mult(c4,mult(c4,X3)) = X3 <- (77, 184) [forward demodulation 59818,33392]
138352. c4 = mult(e,i(mult(c4,c3))) <- (11, 39, 66, 184) [forward demodulation 136946,1784]
138355. i(c4) = mult(c4,e) <- (77, 184) [forward demodulation 136714,33392]
138435. $false <- (1, 6, 14, 17, ~32, 39) [forward subsumption resolution 138337,73941]
138436. ~1 | ~6 | ~14 | ~17 | 32 | ~39 [avatar contradiction clause 138435]
138438. c4 = mult(e,i(c4)) <- (1, 6, 11, 14, 17, 39, 66, 184) [forward demodulation 138352,73941]
138441. c4 = i(c4) <- (77, 184) [forward demodulation 138355,2]
138461. c4 = mult(e,c1) <- (1, 6, 11, 14, 17, 39, 47, 66, 184) [forward demodulation 138438,2980]
138479. c4 = mult(c2,c1) <- (1, 6, 11, 14, 17, 39, 47, 66, 184) [forward demodulation 138461,94]
138497. c1 = c4 <- (1, 6, 11, 14, 17, 39, 47, 66, 184) [forward demodulation 138479,33090]
138505. 316 <=> ! [X1] : mult(c4,X1) = X1 [avatar definition]
138506. mult(c4,X1) = X1 <- (316) [avatar component clause 138505]
138509. $false <- (1, 6, 11, 14, 17, 39, 47, 66, 184) [forward subsumption resolution 138497,8]
138510. ~1 | ~6 | ~11 | ~14 | ~17 | ~39 | ~47 | ~66 | ~184 [avatar contradiction clause 138509]
138603. c4 = mult(c4,c1) <- (1, 22) [forward demodulation 159,52]
138606. c3 = c4 <- (1, 6, 11, 17, 22, 37, 66) [forward demodulation 138603,76541]
138609. $false <- (1, 6, 11, 17, 22, 37, 66) [forward subsumption resolution 138606,11]
138610. ~1 | ~6 | ~11 | ~17 | ~22 | ~37 | ~66 [avatar contradiction clause 138609]
138819. c2 != mult(c3,c4) <- (~4, 6, 28) [superposition 132859,2241]
138847. c4 = mult(e,i(mult(c3,i(c2)))) <- (6, 28) [superposition 7259,2241]
138872. c4 = mult(e,i(mult(c3,c2))) <- (6, 28, 54) [forward demodulation 138847,5325]
138878. c4 = mult(e,i(c3)) <- (6, 28, 54, 75) [forward demodulation 138872,33141]
138882. c4 = mult(e,c3) <- (6, 28, 39, 54, 75) [forward demodulation 138878,1784]
138886. c4 = mult(c2,c3) <- (6, 11, 28, 39, 54, 75) [forward demodulation 138882,94]
138889. c3 = c4 <- (6, 11, 28, 39, 54, 66, 75) [forward demodulation 138886,33090]
138892. $false <- (6, 11, 28, 39, 54, 66, 75) [forward subsumption resolution 138889,11]
138893. ~6 | ~11 | ~28 | ~39 | ~54 | ~66 | ~75 [avatar contradiction clause 138892]
138981. c1 = c2 <- (247, 309) [forward demodulation 64953,127783]
138984. c3 = mult(c2,i(mult(c1,i(c3)))) <- (11, 66, 274) [forward demodulation 137581,94]
139033. c3 = mult(c2,i(c3)) <- (11, 54, 75, 265) [forward demodulation 131577,94]
139136. $false <- (247, 309) [forward subsumption resolution 138981,6]
139137. ~247 | ~309 [avatar contradiction clause 139136]
139138. c3 = i(mult(c1,i(c3))) <- (11, 66, 274) [forward demodulation 138984,33090]
139172. c3 = i(c3) <- (11, 54, 66, 75, 265) [forward demodulation 139033,33090]
139290. mult(X1,c4) = mult(X1,c3) <- (48, 263) [forward demodulation 73316,2984]
139292. c3 = mult(c4,c1) <- (1, 8, 25) [forward demodulation 1942,3223]
139299. c1 != mult(c3,c3) <- (48, ~252) [forward demodulation 65190,2984]
139513. c4 = mult(e,i(mult(c1,i(c3)))) <- (1, 8, 25) [superposition 7259,139292]
139529. c4 = mult(e,c3) <- (1, 8, 11, 25, 66, 274) [forward demodulation 139513,139138]
139533. c4 = mult(c2,c3) <- (1, 8, 11, 25, 66, 274) [forward demodulation 139529,94]
139534. c3 = c4 <- (1, 8, 11, 25, 66, 274) [forward demodulation 139533,33090]
139535. $false <- (1, 8, 11, 25, 66, 274) [forward subsumption resolution 139534,11]
139536. ~1 | ~8 | ~11 | ~25 | ~66 | ~274 [avatar contradiction clause 139535]
139765. e = mult(c4,c3) <- (48) [superposition 1,2984]
139771. c4 = mult(e,mult(X0,i(mult(c3,X0)))) <- (48) [superposition 6453,2984]
139776. c4 = i(c3) <- (48) [superposition 112404,2984]
139786. c4 = mult(e,i(c3)) <- (11, 48, 66) [forward demodulation 139771,123601]
139790. e = c1 <- (33, 48) [forward demodulation 139765,346]
139794. c4 = mult(e,c4) <- (11, 48, 66) [forward demodulation 139786,8892]
139798. $false <- (~9, 33, 48) [forward subsumption resolution 139790,85]
139799. 9 | ~33 | ~48 [avatar contradiction clause 139798]
139801. c4 = mult(e,c3) <- (11, 48, 66, 263) [forward demodulation 139794,139290]
139803. c4 = mult(c2,c3) <- (11, 48, 66, 263) [forward demodulation 139801,94]
139805. c3 = c4 <- (11, 48, 66, 263) [forward demodulation 139803,33090]
139808. $false <- (11, 48, 66, 263) [forward subsumption resolution 139805,11]
139809. ~11 | ~48 | ~66 | ~263 [avatar contradiction clause 139808]
139955. mult(e,X0) = mult(c3,mult(c4,X0)) <- (11, 48) [superposition 13,8892]
139977. mult(c2,X0) = mult(c3,mult(c4,X0)) <- (11, 48) [forward demodulation 139955,94]
139983. mult(c3,mult(c4,X0)) = X0 <- (11, 48, 66) [forward demodulation 139977,33090]
139987. 277 | ~11 | ~48 | ~66 [avatar split clause 139983,33089,2982,92,89299]
140132. mult(c3,c3) != mult(c3,c3) <- (2, 6) [forward demodulation 10805,56]
140133. $false <- (2, 6) [trivial inequality removal 140132]
140134. ~2 | ~6 [avatar contradiction clause 140133]
140135. mult(c3,c3) != mult(c3,c3) | c3 = X0 | op_a = X0 | c1 = X0 | op_a = c2 | c2 = X0 <- (2, ~5) [forward demodulation 23461,56]
140136. c3 = X0 | op_a = X0 | c1 = X0 | op_a = c2 | c2 = X0 <- (2, ~5) [trivial inequality removal 140135]
140140. c1 != mult(op_a,c3) <- (2, ~18) [forward demodulation 141,56]
140151. c2 != mult(op_a,c3) <- (2, ~20) [forward demodulation 149,56]
140152. c1 != mult(c3,c4) <- (2, ~23) [forward demodulation 170,56]
140160. c4 = mult(c4,c3) <- (2, 22) [forward demodulation 159,56]
140161. c3 != mult(c3,c4) <- (2, ~25) [forward demodulation 192,56]
140162. mult(c4,c3) = mult(c3,c4) <- (2, 8) [forward demodulation 80,56]
140168. c2 = mult(c1,c4) <- (11, 47, 66) [forward demodulation 67274,94]
140181. c3 = X0 | c3 = X0 | c1 = X0 | op_a = c2 | c2 = X0 <- (2, ~5, 6) [forward demodulation 140136,73]
140182. c3 = X0 | c1 = X0 | op_a = c2 | c2 = X0 <- (2, ~5, 6) [duplicate literal removal 140181]
140198. c2 = c3 | c3 = X0 | c1 = X0 | c2 = X0 <- (2, ~5, 6) [forward demodulation 140182,73]
140203. c3 = X0 | c1 = X0 | c2 = X0 <- (2, ~5, 6) [forward subsumption resolution 140198,9]
140206. 55 | ~2 | 5 | ~6 [avatar split clause 140203,71,67,54,5383]
140217. 318 <=> ! [X1] : mult(c3,X1) = mult(c3,mult(c3,X1)) [avatar definition]
140218. mult(c3,X1) = mult(c3,mult(c3,X1)) <- (318) [avatar component clause 140217]
140225. c1 != mult(op_a,c2) <- (3, ~18) [forward demodulation 141,60]
140226. c3 != mult(c2,c3) <- (3, 6, ~15) [forward demodulation 417,60]
140230. c2 != mult(c2,c3) <- (3, 6, ~16) [forward demodulation 433,60]
140236. c2 != mult(op_a,c2) <- (3, ~20) [forward demodulation 149,60]
140238. c1 != mult(c2,c3) <- (3, 6, ~14) [forward demodulation 387,60]
140241. c3 = mult(op_a,c2) <- (3, 19) [forward demodulation 146,60]
140243. c4 = mult(c4,c2) <- (3, 22) [forward demodulation 159,60]
140244. c3 != mult(c2,c4) <- (3, ~25) [forward demodulation 192,60]
140245. mult(c2,c4) = mult(c4,c2) <- (3, 8) [forward demodulation 80,60]
140246. c2 = mult(c2,c4) <- (3, 27) [forward demodulation 216,60]
140294. c2 != mult(c3,op_b) <- (6, 16) [forward demodulation 210,73]
140306. mult(op_a,op_b) != mult(c4,op_a) | op_b = c2 | op_b = c1 <- (~2) [forward subsumption resolution 4788,55]
140319. c4 != mult(c3,op_b) <- (6, ~17) [forward demodulation 118,73]
140322. c4 = mult(op_b,c4) <- (8, 22) [forward demodulation 80,159]
140339. c2 = mult(c4,op_b) <- (8, 27) [forward demodulation 80,216]
140485. op_b = mult(e,i(mult(c3,i(c2)))) <- (6, 16) [superposition 7259,76574]
140508. op_b = mult(e,i(mult(c3,c2))) <- (6, 16, 54) [forward demodulation 140485,5325]
140514. op_b = mult(e,i(c3)) <- (6, 16, 54, 75) [forward demodulation 140508,33141]
140519. op_b = mult(c2,i(c3)) <- (6, 11, 16, 54, 75) [forward demodulation 140514,94]
140523. op_b = i(c3) <- (6, 11, 16, 54, 66, 75) [forward demodulation 140519,33090]
140572. c4 = i(c1) <- (47) [superposition 112404,2980]
140799. mult(c2,X0) = mult(c4,mult(op_b,X0)) <- (8, 27) [superposition 3,140339]
140814. c4 = mult(e,i(mult(op_b,i(c2)))) <- (8, 27) [superposition 7259,140339]
140841. c4 = mult(e,i(mult(op_b,c2))) <- (8, 27, 54) [forward demodulation 140814,5325]
140845. mult(c4,mult(op_b,X0)) = X0 <- (8, 27, 66) [forward demodulation 140799,33090]
140855. c4 = mult(e,i(op_b)) <- (8, 27, 54, 75) [forward demodulation 140841,33141]
140866. c4 = mult(c2,i(op_b)) <- (8, 11, 27, 54, 75) [forward demodulation 140855,94]
140877. c4 = i(op_b) <- (8, 11, 27, 54, 66, 75) [forward demodulation 140866,33090]
140997. c4 != X0 | mult(c3,X1) = mult(c4,mult(op_b,X1)) | c3 = X0 | c1 = X0 | c2 = mult(c4,op_b) | c2 = X0 | c1 = mult(c4,op_b) <- (~22) [superposition 160,619]
141082. c1 != mult(c4,c4) | op_b = c2 | op_b = c3 | op_b = c1 <- (~23) [superposition 170,5]
141196. e = mult(c3,op_b) <- (6, 11, 16, 54, 66, 75) [superposition 1,140523]
141236. c1 = mult(c3,op_b) <- (6, 18) [forward demodulation 142,73]
141241. c2 = mult(c3,op_b) <- (6, 11, 16, 54, 66, 75) [forward demodulation 141196,94]
141243. 320 <=> c1 = mult(c3,op_b) [avatar definition]
141244. c1 != mult(c3,op_b) <- (~320) [avatar component clause 141243]
141250. $false <- (6, 11, 16, 54, 66, 75) [forward subsumption resolution 141241,140294]
141251. ~6 | ~11 | ~16 | ~54 | ~66 | ~75 [avatar contradiction clause 141250]
141356. c4 = i(c4) | op_b = c2 | op_b = c3 | op_b = c1 <- (8, 11, 27, 54, 66, 75) [superposition 140877,5]
141394. op_b = mult(e,i(c4)) <- (8, 11, 27, 54, 66, 75) [superposition 6450,140877]
141409. op_b = mult(e,c4) <- (8, 11, 27, 54, 66, 75, 263) [forward demodulation 141394,73316]
141415. c4 = i(c4) | op_b = c3 | op_b = c1 <- (~3, 8, 11, 27, 54, 66, 75) [forward subsumption resolution 141356,59]
141418. op_b = mult(c2,c4) <- (8, 11, 27, 54, 66, 75, 263) [forward demodulation 141409,94]
141423. c4 = i(c4) | op_b = c1 <- (~2, ~3, 8, 11, 27, 54, 66, 75) [forward subsumption resolution 141415,55]
141426. op_b = c4 <- (8, 11, 27, 54, 66, 75, 263) [forward demodulation 141418,33090]
141429. c4 = i(c4) <- (~1, ~2, ~3, 8, 11, 27, 54, 66, 75) [forward subsumption resolution 141423,51]
141679. c1 = i(c4) <- (11, 54, 66, 75, 247) [superposition 112404,138191]
141801. op_b = mult(e,i(mult(c4,i(c2)))) <- (27) [superposition 7259,216]
141826. op_b = mult(e,i(mult(c4,c2))) <- (27, 54) [forward demodulation 141801,5325]
141839. op_b = mult(e,i(c4)) <- (27, 54, 75) [forward demodulation 141826,33141]
141893. c1 = mult(e,i(mult(e,c4))) <- (6, 11, 32, 66, 263, 311) [superposition 6846,138243]
141902. c1 = mult(c2,i(mult(c2,c4))) <- (6, 11, 32, 66, 263, 311) [forward demodulation 141893,94]
141911. c1 = i(mult(c2,c4)) <- (6, 11, 32, 66, 263, 311) [forward demodulation 141902,33090]
141917. c1 = i(c4) <- (6, 11, 32, 66, 263, 311) [forward demodulation 141911,33090]
141922. $false <- (6, 11, 32, ~47, 66, 263, 311) [forward subsumption resolution 141917,2979]
141923. ~6 | ~11 | ~32 | 47 | ~66 | ~263 | ~311 [avatar contradiction clause 141922]
141926. c2 != mult(c4,op_b) <- (~8, 27) [forward demodulation 81,216]
141941. c4 = mult(c3,i(mult(c2,c4))) <- (11, 184) [forward demodulation 136862,94]
141944. op_b = mult(e,c1) <- (27, 47, 54, 75) [forward demodulation 141839,2980]
141959. mult(c3,X1) = mult(c4,mult(op_b,X1)) | c3 = X0 | c1 = X0 | c2 = mult(c4,op_b) | c2 = X0 | c1 = mult(c4,op_b) <- (~22) [forward subsumption resolution 140997,5]
141974. c4 = mult(c3,i(c4)) <- (11, 66, 184) [forward demodulation 141941,33090]
141976. op_b = mult(c2,c1) <- (11, 27, 47, 54, 75) [forward demodulation 141944,94]
141997. c1 = c4 <- (11, 66, 184, 252) [forward demodulation 141974,65191]
142000. op_b = c1 <- (11, 27, 47, 54, 66, 75) [forward demodulation 141976,33090]
142008. 321 <=> c1 = mult(c4,op_b) [avatar definition]
142010. c1 = mult(c4,op_b) <- (321) [avatar component clause 142008]
142012. 322 <=> ! [X1] : mult(c3,X1) = mult(c4,mult(op_b,X1)) [avatar definition]
142013. mult(c3,X1) = mult(c4,mult(op_b,X1)) <- (322) [avatar component clause 142012]
142020. $false <- (11, 66, 184, 252) [forward subsumption resolution 141997,8]
142021. ~11 | ~66 | ~184 | ~252 [avatar contradiction clause 142020]
142022. $false <- (~1, 11, 27, 47, 54, 66, 75) [forward subsumption resolution 142000,51]
142023. 1 | ~11 | ~27 | ~47 | ~54 | ~66 | ~75 [avatar contradiction clause 142022]
142043. c3 != mult(c4,op_b) <- (~8, 25) [forward demodulation 81,193]
142045. 323 <=> c2 = mult(c4,op_b) [avatar definition]
142046. c2 != mult(c4,op_b) <- (~323) [avatar component clause 142045]
142047. c2 = mult(c4,op_b) <- (323) [avatar component clause 142045]
142048. 321 | 323 | 55 | 322 | 22 [avatar split clause 141959,158,142012,5383,142045,142008]
142128. $false <- (47, 51, 56, ~251) [forward subsumption resolution 137643,66085]
142129. ~47 | ~51 | ~56 | 251 [avatar contradiction clause 142128]
142136. op_b = c2 | op_b = c3 | op_b = c1 <- (~23, 56) [forward subsumption resolution 141082,5388]
142139. op_b = c3 | op_b = c1 <- (~3, ~23, 56) [forward subsumption resolution 142136,59]
142142. op_b = c1 <- (~2, ~3, ~23, 56) [forward subsumption resolution 142139,55]
142146. $false <- (~1, ~2, ~3, ~23, 56) [forward subsumption resolution 142142,51]
142147. 1 | 2 | 3 | 23 | ~56 [avatar contradiction clause 142146]
142148. c3 != mult(c3,c1) <- (~51, 56) [forward demodulation 3298,5388]
142321. op_b = mult(e,i(mult(c4,i(c1)))) <- (23) [superposition 7259,171]
142348. op_b = mult(e,i(mult(c4,c4))) <- (23, 47) [forward demodulation 142321,140572]
142359. op_b = mult(e,i(c1)) <- (23, 47, 56) [forward demodulation 142348,5388]
142366. op_b = mult(e,c4) <- (23, 47, 56) [forward demodulation 142359,140572]
142371. op_b = mult(c2,c4) <- (11, 23, 47, 56) [forward demodulation 142366,94]
142373. op_b = c4 <- (11, 23, 47, 56, 66) [forward demodulation 142371,33090]
142599. c1 != mult(c4,op_b) <- (~8, 23) [forward demodulation 81,171]
142600. $false <- (~8, 23, 321) [forward subsumption resolution 142599,142010]
142601. 8 | ~23 | ~321 [avatar contradiction clause 142600]
142611. c1 != mult(c3,op_b) <- (6, 14) [forward demodulation 165,73]
142612. c4 = mult(c3,op_b) <- (6, 17) [forward demodulation 117,73]
142651. c3 != mult(c3,c4) <- (~251, 263) [forward demodulation 65186,73316]
142677. $false <- (6, 30, ~251, 263) [forward subsumption resolution 142651,138017]
142678. ~6 | ~30 | 251 | ~263 [avatar contradiction clause 142677]
143016. mult(c4,op_b) != X0 | mult(c3,X1) = mult(op_b,mult(c4,X1)) | c3 = X0 | c1 = X0 | c2 = mult(op_b,c4) | c2 = X0 | c1 = mult(op_b,c4) <- (~8) [superposition 81,619]
143025. mult(c4,op_b) != mult(c4,c4) | op_b = c3 | op_b = c2 | op_b = c1 <- (~8) [superposition 81,1819]
143051. op_b = c3 | op_b = c2 | op_b = c1 <- (~8) [forward subsumption resolution 143025,8646]
143052. mult(c4,op_b) != X0 | mult(c3,X1) = mult(op_b,mult(c4,X1)) | c3 = X0 | c1 = X0 | c2 = X0 | c1 = mult(op_b,c4) <- (~8, ~27) [forward subsumption resolution 143016,215]
143060. op_b = c2 | op_b = c1 <- (~2, ~8) [forward subsumption resolution 143051,55]
143061. mult(c4,op_b) != X0 | mult(c3,X1) = mult(op_b,mult(c4,X1)) | c3 = X0 | c1 = X0 | c2 = X0 <- (~8, ~23, ~27) [forward subsumption resolution 143052,170]
143067. op_b = c1 <- (~2, ~3, ~8) [forward subsumption resolution 143060,59]
143069. 324 <=> ! [X1] : mult(c3,X1) = mult(op_b,mult(c4,X1)) [avatar definition]
143070. mult(c3,X1) = mult(op_b,mult(c4,X1)) <- (324) [avatar component clause 143069]
143072. 325 <=> ! [X0] : (mult(c4,op_b) != X0 | c2 = X0 | c1 = X0 | c3 = X0) [avatar definition]
143073. mult(c4,op_b) != X0 | c2 = X0 | c1 = X0 | c3 = X0 <- (325) [avatar component clause 143072]
143074. 324 | 325 | 8 | 23 | 27 [avatar split clause 143061,214,169,79,143072,143069]
143079. $false <- (~1, ~2, ~3, ~8) [forward subsumption resolution 143067,51]
143080. 1 | 2 | 3 | 8 [avatar contradiction clause 143079]
143165. mult(X0,c4) = mult(c4,X0) | op_b = c3 | c3 = X0 | op_b = c1 | c2 = X0 | op_b = c2 | c1 = X0 <- (8) [superposition 80,30]
143242. mult(op_b,mult(c4,X0)) = mult(mult(c4,op_b),X0) <- (8) [superposition 3,80]
143245. mult(e,X0) = mult(op_b,mult(c4,mult(i(mult(c4,op_b)),X0))) <- (8) [superposition 309,80]
143267. op_b = mult(e,i(mult(c4,i(mult(c4,op_b))))) <- (8) [superposition 7259,80]
143280. mult(c2,X0) = mult(op_b,mult(c4,mult(i(mult(c4,op_b)),X0))) <- (8, 11) [forward demodulation 143245,94]
143282. mult(op_b,mult(c4,X0)) = mult(c4,mult(op_b,X0)) <- (8) [forward demodulation 143242,3]
143288. mult(X0,c4) = mult(c4,X0) | c3 = X0 | op_b = c1 | c2 = X0 | op_b = c2 | c1 = X0 <- (~2, 8) [forward subsumption resolution 143165,55]
143293. mult(op_b,mult(c4,mult(i(mult(c4,op_b)),X0))) = X0 <- (8, 11, 66) [forward demodulation 143280,33090]
143298. mult(X0,c4) = mult(c4,X0) | c3 = X0 | c2 = X0 | op_b = c2 | c1 = X0 <- (~1, ~2, 8) [forward subsumption resolution 143288,51]
143309. mult(X0,c4) = mult(c4,X0) | c3 = X0 | c2 = X0 | c1 = X0 <- (~1, ~2, ~3, 8) [forward subsumption resolution 143298,59]
143411. c2 != mult(c4,c4) | op_b = c2 | op_b = c3 | op_b = c1 <- (~27) [superposition 215,5]
143445. c2 != mult(c4,op_b) <- (8, ~27) [superposition 215,80]
143493. ~323 | ~8 | 27 [avatar split clause 143445,214,79,142045]
143498. op_b = c2 | op_b = c3 | op_b = c1 <- (~27, 58) [forward subsumption resolution 143411,5729]
143502. op_b = c3 | op_b = c1 <- (~3, ~27, 58) [forward subsumption resolution 143498,59]
143506. op_b = c1 <- (~2, ~3, ~27, 58) [forward subsumption resolution 143502,55]
143511. $false <- (~1, ~2, ~3, ~27, 58) [forward subsumption resolution 143506,51]
143512. 1 | 2 | 3 | 27 | ~58 [avatar contradiction clause 143511]
143526. mult(c4,mult(c4,X0)) = X0 <- (8, 11, 27, 54, 66, 75, 263) [forward demodulation 140845,141426]
144017. e = mult(c3,mult(c4,i(c4))) <- (6, 21) [superposition 18,2134]
144019. mult(e,X0) = mult(c3,mult(c4,mult(i(c4),X0))) <- (6, 21) [superposition 309,2134]
144046. mult(e,X0) = mult(c3,mult(e,X0)) <- (6, 21) [forward demodulation 144019,13]
144047. e = mult(c3,e) <- (6, 21) [forward demodulation 144017,1]
144055. mult(e,X0) = mult(c3,X0) <- (6, 21) [forward demodulation 144046,12]
144056. e = c3 <- (6, 21) [forward demodulation 144047,2]
144061. mult(c3,X0) = mult(c2,X0) <- (6, 11, 21) [forward demodulation 144055,94]
144062. $false <- (6, ~10, 21) [forward subsumption resolution 144056,89]
144063. ~6 | 10 | ~21 [avatar contradiction clause 144062]
144066. mult(c3,X0) = X0 <- (6, 11, 21, 66) [forward demodulation 144061,33090]
144069. 77 | ~6 | ~11 | ~21 | ~66 [avatar split clause 144066,33089,153,92,71,33391]
144147. c2 = mult(c3,op_b) <- (6, 20) [forward demodulation 150,73]
144265. c4 != c4 | c2 = mult(c3,op_b) | c3 = mult(c3,op_b) | c1 = mult(c3,op_b) <- (6, ~17) [superposition 140319,5]
144284. c2 = mult(c3,op_b) | c3 = mult(c3,op_b) | c1 = mult(c3,op_b) <- (6, ~17) [trivial inequality removal 144265]
144461. mult(c1,X0) = mult(op_b,mult(c4,X0)) <- (23) [superposition 3,171]
144508. mult(c1,X0) = mult(c4,mult(c4,X0)) <- (11, 23, 47, 56, 66) [forward demodulation 144461,142373]
145115. c4 != c4 | c2 = mult(c3,c4) | c3 = mult(c3,c4) | c1 = mult(c3,c4) <- (6, ~21) [superposition 499,5]
145134. c2 = mult(c3,c4) | c3 = mult(c3,c4) | c1 = mult(c3,c4) <- (6, ~21) [trivial inequality removal 145115]
145184. mult(op_b,c4) = mult(c4,mult(op_b,c3)) <- (6, 8, 32) [superposition 143282,2061]
145199. mult(c4,mult(op_b,i(c4))) = mult(op_b,e) <- (8) [superposition 143282,1]
145222. mult(op_b,e) = mult(c4,mult(op_b,mult(X0,i(mult(c4,X0))))) <- (8) [superposition 143282,18]
145338. op_b = mult(c4,mult(op_b,i(mult(e,c4)))) <- (8) [superposition 6452,143282]
145370. mult(c4,mult(c4,X0)) = mult(c4,mult(op_b,X0)) | op_b = c3 | op_b = c2 | op_b = c1 <- (8) [superposition 1819,143282]
145417. op_b = mult(c4,mult(op_b,i(c4))) <- (8) [forward demodulation 145199,2]
145421. mult(c4,c4) = mult(c4,mult(c4,c3)) <- (6, 8, 11, 23, 32, 47, 56, 66) [forward demodulation 145184,142373]
145441. op_b = mult(c4,mult(op_b,c1)) <- (8, 47) [forward demodulation 145417,2980]
145442. mult(c4,c4) = mult(c1,c3) <- (6, 8, 11, 23, 32, 47, 56, 66) [forward demodulation 145421,144508]
145457. c1 = mult(c1,c3) <- (6, 8, 11, 23, 32, 47, 56, 66) [forward demodulation 145442,5388]
146682. c1 = mult(e,i(mult(c3,i(c1)))) <- (6, 8, 11, 23, 32, 47, 56, 66) [superposition 7259,145457]
146706. c1 = mult(e,i(mult(c3,c4))) <- (6, 8, 11, 23, 32, 47, 56, 66) [forward demodulation 146682,140572]
146710. c1 = mult(e,i(c1)) <- (6, 8, 11, 23, 32, 47, 56, 66, 311) [forward demodulation 146706,132896]
146714. c1 = mult(e,c4) <- (6, 8, 11, 23, 32, 47, 56, 66, 311) [forward demodulation 146710,140572]
146717. c1 = mult(c2,c4) <- (6, 8, 11, 23, 32, 47, 56, 66, 311) [forward demodulation 146714,94]
146719. $false <- (6, 8, 11, 23, 32, 47, 56, 66, ~146, 311) [forward subsumption resolution 146717,54770]
146720. ~6 | ~8 | ~11 | ~23 | ~32 | ~47 | ~56 | ~66 | 146 | ~311 [avatar contradiction clause 146719]
146765. 328 <=> c2 = mult(c4,i(mult(c4,op_b))) [avatar definition]
146766. c2 != mult(c4,i(mult(c4,op_b))) <- (~328) [avatar component clause 146765]
146767. c2 = mult(c4,i(mult(c4,op_b))) <- (328) [avatar component clause 146765]
146791. mult(op_b,c4) = mult(c3,c3) <- (6, 8, 32, 322) [forward demodulation 145184,142013]
146841. c3 = mult(c3,c3) <- (6, 8, 25, 32, 322) [forward demodulation 146791,193]
146868. $false <- (6, 8, 25, 32, ~201, 322) [forward subsumption resolution 146841,60088]
146869. ~6 | ~8 | ~25 | ~32 | 201 | ~322 [avatar contradiction clause 146868]
146900. c3 = c4 <- (8, 22, 25) [forward demodulation 140322,193]
146913. $false <- (8, 22, 25) [forward subsumption resolution 146900,11]
146914. ~8 | ~22 | ~25 [avatar contradiction clause 146913]
147679. mult(op_b,c3) = mult(c4,mult(op_b,c4)) <- (8, 160) [superposition 143282,59046]
147728. mult(c3,c4) = mult(op_b,c3) <- (8, 160, 322) [forward demodulation 147679,142013]
147742. ~320 | ~6 | ~14 [avatar split clause 142611,104,71,141243]
147761. c3 != mult(c4,op_b) <- (8, ~25) [forward demodulation 192,80]
148072. c1 = mult(c4,op_b) | op_b = c3 | op_b = c2 | op_b = c1 <- (~1, ~2, ~3, 8, 23) [superposition 143309,171]
148197. c1 = mult(c4,op_b) | op_b = c2 | op_b = c1 <- (~1, ~2, ~3, 8, 23) [forward subsumption resolution 148072,55]
148199. c1 = mult(c4,op_b) | op_b = c1 <- (~1, ~2, ~3, 8, 23) [forward subsumption resolution 148197,59]
148201. c1 = mult(c4,op_b) <- (~1, ~2, ~3, 8, 23) [forward subsumption resolution 148199,51]
148391. c3 = mult(e,i(mult(op_b,i(c2)))) <- (6, 20) [superposition 7259,144147]
148416. c3 = mult(e,i(mult(op_b,c2))) <- (6, 20, 54) [forward demodulation 148391,5325]
148427. c3 = mult(e,i(op_b)) <- (6, 20, 54, 75) [forward demodulation 148416,33141]
148438. c3 = mult(e,i(c4)) <- (6, 11, 20, 23, 47, 54, 56, 66, 75) [forward demodulation 148427,142373]
148447. c3 = mult(e,c1) <- (6, 11, 20, 23, 47, 54, 56, 66, 75) [forward demodulation 148438,2980]
148449. c3 = mult(c2,c1) <- (6, 11, 20, 23, 47, 54, 56, 66, 75) [forward demodulation 148447,94]
148451. c1 = c3 <- (6, 11, 20, 23, 47, 54, 56, 66, 75) [forward demodulation 148449,33090]
148453. $false <- (6, 11, 20, 23, 47, 54, 56, 66, 75) [forward subsumption resolution 148451,7]
148454. ~6 | ~11 | ~20 | ~23 | ~47 | ~54 | ~56 | ~66 | ~75 [avatar contradiction clause 148453]
148460. c2 != mult(op_a,c4) <- (11, ~20, 23, 47, 56, 66) [forward demodulation 149,142373]
148481. c2 != mult(c3,c4) <- (6, 11, ~20, 23, 47, 56, 66) [forward demodulation 148460,73]
148490. $false <- (6, 11, ~20, 23, 42, 47, 56, 66) [forward subsumption resolution 148481,2292]
148491. ~6 | ~11 | 20 | ~23 | ~42 | ~47 | ~56 | ~66 [avatar contradiction clause 148490]
149128. mult(c4,e) = mult(X0,mult(X1,i(mult(c4,mult(X0,X1))))) <- (8, 11, 27, 54, 66, 75, 263) [superposition 143526,448]
149309. c4 = mult(X0,mult(X1,i(mult(c4,mult(X0,X1))))) <- (8, 11, 27, 54, 66, 75, 263) [forward demodulation 149128,2]
149754. mult(op_b,c2) = mult(c4,mult(op_b,c4)) <- (8, 58) [superposition 143282,5729]
149804. mult(op_b,c2) = mult(c4,mult(c4,op_b)) <- (8, 58) [forward demodulation 149754,80]
151091. mult(X1,i(X0)) = mult(e,i(mult(X0,i(X1)))) [superposition 7257,112404]
151260. mult(i(X1),i(X0)) = mult(e,i(mult(X0,X1))) [superposition 6846,7257]
151332. mult(X1,i(X0)) = mult(c2,i(mult(X0,i(X1)))) <- (11) [forward demodulation 151091,94]
151361. mult(X1,i(X0)) = i(mult(X0,i(X1))) <- (11, 66) [forward demodulation 151332,33090]
151616. mult(i(e),X0) = mult(op_b,mult(c4,mult(i(mult(c4,op_b)),X0))) <- (8, 11, 66) [superposition 143293,1309]
151867. mult(i(e),X0) = X0 <- (8, 11, 66) [forward demodulation 151616,143293]
151911. mult(i(c2),X0) = X0 <- (8, 11, 66) [forward demodulation 151867,94]
153814. e = c2 <- (66) [superposition 33090,2]
153930. e = c2 <- (66) [superposition 2,33090]
154072. i(X0) = c2 | c1 = X0 | c2 = X0 | c3 = X0 <- (59) [superposition 112404,5813]
154341. c1 = X0 | c2 = X0 | c3 = X0 <- (~49, 59) [forward subsumption resolution 154072,66554]
154356. 55 | 49 | ~59 [avatar split clause 154341,5812,2986,5383]
154678. e = mult(mult(X0,i(mult(e,X0))),e) [superposition 6869,18]
154680. e = mult(mult(i(i(X0)),i(mult(e,X0))),e) [superposition 6869,6989]
154724. e = mult(mult(X1,i(mult(e,c4))),X0) | mult(X0,X1) = c3 | mult(X0,X1) = c2 | mult(X0,X1) = c1 [superposition 6869,1674]
154858. mult(e,i(mult(mult(X0,mult(i(mult(e,X0)),i(X1))),i(e)))) = X1 [superposition 7259,6869]
154983. e = mult(i(i(X0)),mult(i(mult(e,X0)),e)) [forward demodulation 154680,3]
154985. e = mult(X0,mult(i(mult(e,X0)),e)) [forward demodulation 154678,3]
155110. e = mult(i(i(X0)),i(mult(e,X0))) [forward demodulation 154983,2]
155112. e = mult(X0,i(mult(e,X0))) [forward demodulation 154985,2]
157215. c2 = i(c2) <- (11, 66) [superposition 33090,123944]
157677. mult(c4,c1) = mult(e,i(c3)) <- (11, 33, 39, 51, 66) [superposition 6450,127624]
157691. c2 = mult(c3,mult(c4,c1)) <- (11, 33, 39, 51, 66) [superposition 123016,127624]
157700. c2 = mult(c3,c1) <- (11, 33, 39, 51, 66, 312) [forward demodulation 157691,132899]
157712. mult(c4,c1) = mult(e,c3) <- (11, 33, 39, 51, 66) [forward demodulation 157677,1784]
157730. mult(c4,c1) = mult(c2,c3) <- (11, 33, 39, 51, 66) [forward demodulation 157712,94]
157742. c3 = mult(c4,c1) <- (11, 33, 39, 51, 66) [forward demodulation 157730,33090]
158177. mult(e,c3) = X1 | c1 = mult(X0,i(mult(i(X1),X0))) | c2 = mult(X0,i(mult(i(X1),X0))) <- (271) [superposition 6453,79609]
158271. mult(c2,c3) = X1 | c1 = mult(X0,i(mult(i(X1),X0))) | c2 = mult(X0,i(mult(i(X1),X0))) <- (11, 271) [forward demodulation 158177,94]
158429. c3 = X1 | c1 = mult(X0,i(mult(i(X1),X0))) | c2 = mult(X0,i(mult(i(X1),X0))) <- (11, 66, 271) [forward demodulation 158271,33090]
158533. c1 = X1 | c3 = X1 | c2 = mult(X0,i(mult(i(X1),X0))) <- (11, 66, 271) [forward demodulation 158429,7081]
158596. c2 = X1 | c1 = X1 | c3 = X1 <- (11, 66, 271) [forward demodulation 158533,7081]
158639. 55 | ~11 | ~66 | ~271 [avatar split clause 158596,79608,33089,92,5383]
160350. e = mult(X1,mult(i(mult(e,c4)),X0)) | mult(X0,X1) = c3 | mult(X0,X1) = c2 | mult(X0,X1) = c1 [forward demodulation 154724,3]
165568. c3 = mult(e,i(mult(c1,i(c2)))) <- (11, 33, 39, 51, 66, 312) [superposition 7259,157700]
165593. c3 = mult(e,mult(c2,i(c1))) <- (11, 33, 39, 51, 66, 312) [forward demodulation 165568,151361]
165602. c3 = mult(e,i(c1)) <- (11, 33, 39, 51, 66, 312) [forward demodulation 165593,33090]
165608. c3 = mult(c2,i(c1)) <- (11, 33, 39, 51, 66, 312) [forward demodulation 165602,94]
165614. c3 = i(c1) <- (11, 33, 39, 51, 66, 312) [forward demodulation 165608,33090]
165617. $false <- (11, 33, ~36, 39, 51, 66, 312) [forward subsumption resolution 165614,549]
165618. ~11 | ~33 | 36 | ~39 | ~51 | ~66 | ~312 [avatar contradiction clause 165617]
165810. mult(c2,X0) = mult(c3,mult(c4,X0)) <- (42) [superposition 3,2292]
165824. c3 = mult(e,i(mult(c4,i(c2)))) <- (42) [superposition 7259,2292]
165830. c4 = mult(c3,mult(c4,i(mult(c4,c2)))) <- (8, 11, 27, 42, 54, 66, 75, 263) [superposition 149309,2292]
165848. c4 = mult(c3,mult(c4,i(c4))) <- (8, 11, 27, 42, 54, 66, 75, 263) [forward demodulation 165830,33141]
165853. c3 = mult(e,mult(c2,i(c4))) <- (11, 42, 66) [forward demodulation 165824,151361]
165858. mult(c3,mult(c4,X0)) = X0 <- (42, 66) [forward demodulation 165810,33090]
165863. c4 = mult(c3,e) <- (8, 11, 27, 42, 54, 66, 75, 263) [forward demodulation 165848,1]
165865. c3 = mult(e,i(c4)) <- (11, 42, 66) [forward demodulation 165853,33090]
165870. 277 | ~42 | ~66 [avatar split clause 165858,33089,2290,89299]
165871. c3 = c4 <- (8, 11, 27, 42, 54, 66, 75, 263) [forward demodulation 165863,2]
165872. c3 = mult(e,c4) <- (~1, ~2, ~3, 8, 11, 27, 42, 54, 66, 75) [forward demodulation 165865,141429]
165875. $false <- (8, 11, 27, 42, 54, 66, 75, 263) [forward subsumption resolution 165871,11]
165876. ~8 | ~11 | ~27 | ~42 | ~54 | ~66 | ~75 | ~263 [avatar contradiction clause 165875]
165877. c3 = mult(c2,c4) <- (~1, ~2, ~3, 8, 11, 27, 42, 54, 66, 75) [forward demodulation 165872,94]
165879. $false <- (~1, ~2, ~3, 8, 11, 27, 42, ~50, 54, 66, 75) [forward subsumption resolution 165877,2991]
165880. 1 | 2 | 3 | ~8 | ~11 | ~27 | ~42 | 50 | ~54 | ~66 | ~75 [avatar contradiction clause 165879]
166334. mult(e,X0) = mult(c1,mult(c3,X0)) <- (36) [superposition 13,550]
166350. c1 = i(c3) <- (36) [superposition 112404,550]
166354. c2 = mult(c1,c3) <- (11, 36) [superposition 123944,550]
166371. mult(c2,X0) = mult(c1,mult(c3,X0)) <- (11, 36) [forward demodulation 166334,94]
166381. mult(c1,mult(c3,X0)) = X0 <- (11, 36, 66) [forward demodulation 166371,33090]
166433. c3 = i(c1) <- (38) [superposition 112404,1780]
166651. c4 = mult(c1,c3) <- (6, 11, 30, 36, 66) [superposition 166381,138017]
166733. c1 = i(mult(e,c3)) <- (11, 36, 66) [superposition 166381,6452]
166863. c1 = i(mult(c2,c3)) <- (11, 36, 66) [forward demodulation 166733,94]
166906. c2 = c4 <- (6, 11, 30, 36, 66) [forward demodulation 166651,166354]
166935. c1 = i(c3) <- (11, 36, 66) [forward demodulation 166863,33090]
166956. $false <- (6, 11, 30, 36, 66) [forward subsumption resolution 166906,10]
166957. ~6 | ~11 | ~30 | ~36 | ~66 [avatar contradiction clause 166956]
167117. c3 = mult(c3,c4) | c1 = mult(c3,c4) <- (6, ~21, ~42) [forward subsumption resolution 145134,2291]
167563. c1 != mult(c1,c4) | c3 = mult(e,X0) | c2 = mult(e,X0) | c1 = mult(e,X0) <- (9) [forward demodulation 8098,86]
167564. c2 != mult(c1,c4) | c3 = mult(e,X0) | c2 = mult(e,X0) | c1 = mult(e,X0) <- (9) [forward demodulation 8097,86]
167565. c3 != mult(c1,c4) | c3 = mult(e,X0) | c2 = mult(e,X0) | c1 = mult(e,X0) <- (9) [forward demodulation 8096,86]
167619. mult(c1,X0) = X0 <- (9) [forward demodulation 110510,86]
167641. i(X0) = mult(c1,i(X0)) <- (9) [forward demodulation 111104,86]
168169. op_b = mult(c1,i(mult(c4,i(mult(c4,op_b))))) <- (8, 9) [forward demodulation 143267,86]
168174. mult(c4,mult(c4,X0)) = mult(c4,mult(op_b,X0)) | op_b = c2 | op_b = c1 <- (~2, 8) [forward subsumption resolution 145370,55]
168178. mult(c4,mult(op_b,i(c4))) = mult(op_b,e) <- (8) [forward demodulation 145222,132045]
168211. 337 <=> c2 = mult(c3,op_b) [avatar definition]
168212. c2 != mult(c3,op_b) <- (~337) [avatar component clause 168211]
168213. c2 = mult(c3,op_b) <- (337) [avatar component clause 168211]
168227. mult(c4,c2) = mult(op_b,c2) <- (8, 58, 323) [forward demodulation 149804,142047]
168262. mult(X1,i(X0)) = mult(c1,i(mult(X0,i(X1)))) <- (9) [forward demodulation 151091,86]
168274. c1 = c2 <- (9, 66) [forward demodulation 153814,86]
168285. mult(e,i(mult(X0,mult(mult(i(mult(e,X0)),i(X1)),i(e))))) = X1 [forward demodulation 154858,3]
168331. c1 = mult(i(i(X0)),i(mult(c1,X0))) <- (9) [forward demodulation 155110,86]
168332. e = i(e) [forward demodulation 155112,132045]
168655. c3 = mult(c3,c3) <- (48, 251) [forward demodulation 65187,2984]
168658. c2 != mult(c3,op_b) <- (6, ~20) [forward demodulation 149,73]
168729. c1 = mult(c3,c4) <- (6, ~21, ~30, ~42) [forward subsumption resolution 167117,138225]
168981. c3 = mult(c1,X0) | c1 != mult(c1,c4) | c2 = mult(e,X0) | c1 = mult(e,X0) <- (9) [forward demodulation 167563,86]
168982. c3 = mult(c1,X0) | c2 != mult(c1,c4) | c2 = mult(e,X0) | c1 = mult(e,X0) <- (9) [forward demodulation 167564,86]
168983. c3 = mult(c1,X0) | c3 != mult(c1,c4) | c2 = mult(e,X0) | c1 = mult(e,X0) <- (9) [forward demodulation 167565,86]
169021. 296 | ~9 [avatar split clause 167619,84,116315]
169376. op_b = i(mult(c4,i(mult(c4,op_b)))) <- (8, 9) [forward demodulation 168169,167641]
169377. mult(c4,mult(c4,X0)) = mult(c4,mult(op_b,X0)) | op_b = c1 <- (~2, ~3, 8) [forward subsumption resolution 168174,59]
169381. op_b = mult(c4,mult(op_b,i(c4))) <- (8) [forward demodulation 168178,2]
169424. mult(X1,i(X0)) = i(mult(X0,i(X1))) <- (9) [forward demodulation 168262,167641]
169431. $false <- (9, 66) [forward subsumption resolution 168274,6]
169432. ~9 | ~66 [avatar contradiction clause 169431]
169439. mult(e,i(mult(X0,mult(i(mult(e,X0)),mult(i(X1),i(e)))))) = X1 [forward demodulation 168285,3]
169473. c1 = mult(X0,i(mult(c1,X0))) <- (9) [forward demodulation 168331,112404]
169689. $false <- (48, ~201, 251) [forward subsumption resolution 168655,60088]
169690. ~48 | 201 | ~251 [avatar contradiction clause 169689]
169948. c2 = mult(c1,X0) | c3 = mult(c1,X0) | c1 != mult(c1,c4) | c1 = mult(e,X0) <- (9) [forward demodulation 168981,86]
169949. c2 = mult(c1,X0) | c3 = mult(c1,X0) | c2 != mult(c1,c4) | c1 = mult(e,X0) <- (9) [forward demodulation 168982,86]
169950. c2 = mult(c1,X0) | c3 = mult(c1,X0) | c3 != mult(c1,c4) | c1 = mult(e,X0) <- (9) [forward demodulation 168983,86]
170276. op_b = i(mult(c4,i(c2))) <- (8, 9, 323) [forward demodulation 169376,142047]
170277. mult(c4,mult(c4,X0)) = mult(c4,mult(op_b,X0)) <- (~1, ~2, ~3, 8) [forward subsumption resolution 169377,51]
170279. op_b = i(c4) <- (8, 27, 66) [forward demodulation 169381,140845]
170336. c1 = i(c1) <- (9) [forward demodulation 169473,132045]
170709. c1 = mult(c1,X0) | c2 = mult(c1,X0) | c3 = mult(c1,X0) | c1 != mult(c1,c4) <- (9) [forward demodulation 169948,86]
170710. c1 = mult(c1,X0) | c2 = mult(c1,X0) | c3 = mult(c1,X0) | c2 != mult(c1,c4) <- (9) [forward demodulation 169949,86]
170711. c1 = mult(c1,X0) | c2 = mult(c1,X0) | c3 = mult(c1,X0) | c3 != mult(c1,c4) <- (9) [forward demodulation 169950,86]
170909. op_b = mult(c2,i(c4)) <- (8, 9, 323) [forward demodulation 170276,169424]
170910. mult(c4,mult(c4,X0)) = X0 <- (~1, ~2, ~3, 8, 27, 66) [forward demodulation 170277,140845]
170912. op_b = c3 <- (8, 27, 48, 66) [forward demodulation 170279,2984]
170953. $false <- (9, ~37) [forward subsumption resolution 170336,553]
170954. ~9 | 37 [avatar contradiction clause 170953]
171230. 341 <=> c1 = mult(c1,c4) [avatar definition]
171231. c1 = mult(c1,c4) <- (341) [avatar component clause 171230]
171232. c1 != mult(c1,c4) <- (~341) [avatar component clause 171230]
171234. 342 <=> ! [X0] : (c1 = mult(c1,X0) | c3 = mult(c1,X0) | c2 = mult(c1,X0)) [avatar definition]
171235. c1 = mult(c1,X0) | c3 = mult(c1,X0) | c2 = mult(c1,X0) <- (342) [avatar component clause 171234]
171236. ~341 | 342 | ~9 [avatar split clause 170709,84,171234,171230]
171238. 343 <=> c2 = mult(c1,c4) [avatar definition]
171239. c2 = mult(c1,c4) <- (343) [avatar component clause 171238]
171240. c2 != mult(c1,c4) <- (~343) [avatar component clause 171238]
171241. ~343 | 342 | ~9 [avatar split clause 170710,84,171234,171238]
171243. 344 <=> c3 = mult(c1,c4) [avatar definition]
171244. c3 = mult(c1,c4) <- (344) [avatar component clause 171243]
171245. c3 != mult(c1,c4) <- (~344) [avatar component clause 171243]
171246. ~344 | 342 | ~9 [avatar split clause 170711,84,171234,171243]
171390. $false <- (~2, 8, 27, 48, 66) [forward subsumption resolution 170912,55]
171391. 2 | ~8 | ~27 | ~48 | ~66 [avatar contradiction clause 171390]
172779. mult(c3,X0) = X0 <- (10) [forward demodulation 110510,90]
173326. 11 | ~66 [avatar split clause 153930,33089,92]
173540. mult(e,i(mult(X0,mult(i(mult(e,X0)),i(X1))))) = X1 [forward demodulation 169439,28]
173958. 77 | ~10 [avatar split clause 172779,88,33391]
176254. 321 | 1 | 2 | 3 | ~8 | ~23 [avatar split clause 148201,169,79,58,54,50,142008]
176255. c2 != mult(c4,op_b) <- (8, ~27) [forward demodulation 215,80]
176292. op_b = mult(e,i(mult(c4,i(c1)))) <- (8, 321) [forward demodulation 143267,142010]
176542. op_b = mult(c4,mult(c4,i(mult(e,c4)))) <- (~1, ~2, ~3, 8) [forward demodulation 145338,170277]
177055. mult(X0,X1) = mult(c1,i(mult(X2,i(mult(X0,mult(X1,X2)))))) <- (9) [forward demodulation 118373,86]
177462. mult(c1,i(mult(X0,X1))) = mult(i(X1),i(X0)) <- (9) [forward demodulation 151260,86]
177467. mult(X1,i(X0)) = mult(c1,i(mult(X0,i(X1)))) <- (9) [forward demodulation 151091,86]
177676. mult(c1,i(mult(X0,mult(i(mult(c1,X0)),i(X1))))) = X1 <- (9) [forward demodulation 173540,86]
177714. op_b = mult(e,i(mult(c4,c1))) <- (8, 37, 321) [forward demodulation 176292,554]
177920. op_b = c4 <- (~1, ~2, ~3, 8) [forward demodulation 176542,6452]
178341. mult(X0,X1) = i(mult(X2,i(mult(X0,mult(X1,X2))))) <- (9, 296) [forward demodulation 177055,116316]
178638. i(mult(X0,X1)) = mult(i(X1),i(X0)) <- (9, 296) [forward demodulation 177462,116316]
178643. mult(X1,i(X0)) = i(mult(X0,i(X1))) <- (9, 296) [forward demodulation 177467,116316]
178787. i(mult(X0,mult(i(mult(c1,X0)),i(X1)))) = X1 <- (9, 296) [forward demodulation 177676,116316]
178807. op_b = mult(c1,i(mult(c4,c1))) <- (8, 9, 37, 321) [forward demodulation 177714,86]
179600. i(mult(X0,i(mult(X1,mult(c1,X0))))) = X1 <- (9, 296) [forward demodulation 178787,178638]
179613. op_b = i(mult(c4,c1)) <- (8, 9, 37, 296, 321) [forward demodulation 178807,116316]
180330. mult(X1,c1) = X1 <- (9, 296) [forward demodulation 179600,178341]
180343. c4 = i(mult(c4,c1)) <- (~1, ~2, ~3, 8, 9, 37, 296, 321) [forward demodulation 179613,177920]
182450. $false <- (9, ~51, 56, 296) [forward subsumption resolution 142148,180330]
182451. ~9 | 51 | ~56 | ~296 [avatar contradiction clause 182450]
182469. c1 = c4 <- (6, 9, 32, 251) [forward demodulation 138136,86]
182494. c2 = X0 | c4 != mult(X0,c3) | c2 = X0 | c3 = X0 | c1 = X0 | c3 = mult(c3,X0) | c1 = mult(c3,X0) <- (~4, 6, 77) [forward demodulation 133693,33392]
182495. c2 = X0 | c4 != mult(X0,c3) | c3 = X0 | c1 = X0 | c3 = mult(c3,X0) | c1 = mult(c3,X0) <- (~4, 6, 77) [duplicate literal removal 182494]
182511. $false <- (6, 9, 32, 251) [forward subsumption resolution 182469,8]
182512. ~6 | ~9 | ~32 | ~251 [avatar contradiction clause 182511]
182528. c3 = X0 | c2 = X0 | c4 != mult(X0,c3) | c3 = X0 | c1 = X0 | c1 = mult(c3,X0) <- (~4, 6, 77) [forward demodulation 182495,33392]
182529. c3 = X0 | c2 = X0 | c4 != mult(X0,c3) | c1 = X0 | c1 = mult(c3,X0) <- (~4, 6, 77) [duplicate literal removal 182528]
182555. 351 <=> ! [X2] : (c2 = X2 | c1 = mult(X2,c3) | c1 = X2 | c3 = X2) [avatar definition]
182556. c1 = mult(X2,c3) | c2 = X2 | c1 = X2 | c3 = X2 <- (351) [avatar component clause 182555]
182562. c1 = X0 | c3 = X0 | c2 = X0 | c4 != mult(X0,c3) | c1 = X0 <- (~4, 6, 77) [forward demodulation 182529,33392]
182563. c1 = X0 | c3 = X0 | c2 = X0 | c4 != mult(X0,c3) <- (~4, 6, 77) [duplicate literal removal 182562]
182679. c4 = i(c4) <- (~1, ~2, ~3, 8, 9, 37, 296, 321) [forward demodulation 180343,180330]
182901. mult(op_a,c4) != mult(c4,op_a) <- (~1, ~2, ~3, 8) [superposition 4,177920]
182911. mult(c4,c3) != mult(c3,c4) <- (~1, ~2, ~3, 6, 8) [forward demodulation 182901,73]
183094. mult(c1,X0) = mult(op_b,mult(c4,X0)) <- (23) [superposition 3,171]
183097. mult(e,X0) = mult(op_b,mult(c4,mult(i(c1),X0))) <- (23) [superposition 309,171]
183110. op_b = mult(e,i(mult(c4,i(c1)))) <- (23) [superposition 7259,171]
183124. op_b = mult(e,mult(c1,i(c4))) <- (9, 23, 296) [forward demodulation 183110,178643]
183129. mult(e,X0) = mult(c4,mult(op_b,mult(i(c1),X0))) <- (8, 23) [forward demodulation 183097,143282]
183132. mult(c1,X0) = mult(c4,mult(c4,X0)) <- (~1, ~2, ~3, 8, 23) [forward demodulation 183094,177920]
183138. op_b = mult(e,i(c4)) <- (9, 23, 296) [forward demodulation 183124,116316]
183141. mult(e,X0) = mult(c4,mult(c4,mult(i(c1),X0))) <- (~1, ~2, ~3, 8, 23) [forward demodulation 183129,170277]
183143. mult(c4,mult(c4,X0)) = X0 <- (~1, ~2, ~3, 8, 23, 296) [forward demodulation 183132,116316]
183151. mult(e,X0) = mult(c4,mult(c4,mult(c1,X0))) <- (~1, ~2, ~3, 8, 23, 37) [forward demodulation 183141,554]
183160. mult(e,X0) = mult(c1,X0) <- (~1, ~2, ~3, 8, 23, 37, 296) [forward demodulation 183151,183143]
183168. mult(e,X0) = X0 <- (~1, ~2, ~3, 8, 23, 37, 296) [forward demodulation 183160,116316]
183271. c4 = mult(X0,c3) | c3 = X0 | c2 = X0 | c1 = X0 <- (6, 32) [superposition 1819,2061]
183272. mult(op_b,c4) = mult(c4,mult(op_b,c3)) <- (6, 8, 32) [superposition 143282,2061]
183308. mult(op_b,c4) = mult(c4,mult(c4,c3)) <- (~1, ~2, ~3, 6, 8, 32) [forward demodulation 183272,170277]
183309. c3 = X0 | c2 = X0 | c1 = X0 <- (~4, 6, 32, 77) [forward subsumption resolution 183271,182563]
183316. c3 = mult(op_b,c4) <- (~1, ~2, ~3, 6, 8, 23, 32, 296) [forward demodulation 183308,183143]
183317. 55 | 4 | ~6 | ~32 | ~77 [avatar split clause 183309,33391,249,71,62,5383]
183321. c1 = c3 <- (~1, ~2, ~3, 6, 8, 23, 32, 296) [forward demodulation 183316,171]
183325. $false <- (~1, ~2, ~3, 6, 8, 23, 32, 296) [forward subsumption resolution 183321,7]
183326. 1 | 2 | 3 | ~6 | ~8 | ~23 | ~32 | ~296 [avatar contradiction clause 183325]
183334. c1 != mult(c3,c2) <- (3, 6, ~18) [forward demodulation 140225,73]
183335. c2 != mult(c3,c2) <- (3, 6, ~20) [forward demodulation 140236,73]
183337. c3 = mult(c3,c2) <- (3, 6, 19) [forward demodulation 140241,73]
183446. op_b = mult(c1,i(c4)) <- (9, 23, 296) [forward demodulation 183138,86]
183542. op_b = i(c4) <- (9, 23, 296) [forward demodulation 183446,116316]
183613. c2 = i(c4) <- (3, 9, 23, 296) [forward demodulation 183542,60]
183663. $false <- (3, 9, 23, ~49, 296) [forward subsumption resolution 183613,2987]
183664. ~3 | ~9 | ~23 | 49 | ~296 [avatar contradiction clause 183663]
183758. 353 <=> ! [X1] : (mult(c2,c3) = X1 | c1 = X1 | c2 = X1 | c3 = X1) [avatar definition]
183759. mult(c2,c3) = X1 | c1 = X1 | c2 = X1 | c3 = X1 <- (353) [avatar component clause 183758]
183803. mult(c3,X1) = mult(c4,mult(c2,X1)) <- (3, 322) [forward demodulation 142013,60]
183807. mult(c3,X1) = mult(c2,mult(c4,X1)) <- (3, 324) [forward demodulation 143070,60]
183808. c2 != mult(c4,c2) <- (3, ~323) [forward demodulation 142046,60]
184621. mult(c2,op_a) != mult(op_a,c2) <- (3) [superposition 4,60]
184642. mult(c3,c2) != mult(c2,c3) <- (3, 6) [forward demodulation 184621,73]
184804. c3 = i(c2) <- (40) [superposition 112404,1788]
184853. c1 = mult(c3,c2) <- (3, 6, 18) [forward demodulation 141236,60]
184855. c3 != mult(op_a,c2) <- (3, ~19) [forward demodulation 145,60]
184870. $false <- (6, ~20, 337) [forward subsumption resolution 168658,168213]
184871. ~6 | 20 | ~337 [avatar contradiction clause 184870]
184878. c3 != mult(c3,c2) <- (3, 6, ~19) [forward demodulation 184855,73]
184884. c2 != mult(c3,c2) <- (3, ~337) [forward demodulation 168212,60]
184887. c2 = mult(c3,c2) | c3 = mult(c3,op_b) | c1 = mult(c3,op_b) <- (3, 6, ~17) [forward demodulation 144284,60]
184973. i(X0) != c1 | c2 = X0 | c3 = X0 | c1 = X0 <- (~47) [superposition 2979,5]
185095. mult(c2,c4) != mult(c4,c2) <- (3, ~8) [forward demodulation 81,60]
185098. c2 != mult(c2,c4) <- (3, ~27) [forward demodulation 215,60]
185103. ~147 | ~3 | 27 [avatar split clause 185098,214,58,54773]
185229. e = mult(c2,mult(X0,mult(i(mult(e,X0)),c3))) <- (53) [superposition 6869,5321]
185236. c2 = i(c3) <- (53) [superposition 112404,5321]
185245. e = mult(c2,c3) <- (53) [forward demodulation 185229,6870]
185257. c1 = mult(c2,c3) <- (9, 53) [forward demodulation 185245,86]
185269. $false <- (3, 6, 9, ~14, 53) [forward subsumption resolution 185257,140238]
185270. ~3 | ~6 | ~9 | 14 | ~53 [avatar contradiction clause 185269]
185343. c1 = mult(c2,c3) <- (3, 6, 14) [forward demodulation 138302,60]
185355. c2 = mult(c3,c2) <- (3, 6, 20) [forward demodulation 144147,60]
185370. c3 = mult(c3,op_b) | c1 = mult(c3,op_b) <- (3, 6, ~17, ~337) [forward subsumption resolution 184887,184884]
185394. 360 <=> c1 = mult(c2,c3) [avatar definition]
185395. c1 != mult(c2,c3) <- (~360) [avatar component clause 185394]
185396. c1 = mult(c2,c3) <- (360) [avatar component clause 185394]
185408. 360 | ~3 | ~6 | ~14 [avatar split clause 185343,104,71,58,185394]
185424. c3 = mult(c3,c2) | c1 = mult(c3,op_b) <- (3, 6, ~17, ~337) [forward demodulation 185370,60]
185445. c1 = mult(c3,op_b) <- (3, 6, ~17, ~19, ~337) [forward subsumption resolution 185424,184878]
185469. c1 = mult(c3,c2) <- (3, 6, ~17, ~19, ~337) [forward demodulation 185445,60]
185705. 316 | ~13 [avatar split clause 7646,100,138505]
185759. c4 != mult(c4,c3) <- (6, ~32) [forward demodulation 251,73]
185991. mult(X0,X1) = X1 | c3 = X0 | e = c3 | c1 = X0 | e = c2 | c2 = X0 | e = c1 [forward demodulation 6664,6686]
187006. e = mult(X1,mult(i(e),X0)) | mult(X0,X1) = c3 | mult(X0,X1) = c2 | mult(X0,X1) = c1 <- (~9, ~10, ~11, 13) [forward demodulation 160350,111807]
188325. e = mult(X1,X0) | mult(X0,X1) = c3 | mult(X0,X1) = c2 | mult(X0,X1) = c1 <- (~9, ~10, ~11, 13) [forward demodulation 187006,1309]
189382. c4 = mult(X1,X0) | mult(X0,X1) = c3 | mult(X0,X1) = c2 | mult(X0,X1) = c1 <- (4, 6, ~9, ~10, ~11, 13) [forward demodulation 188325,119715]
192599. c4 = mult(op_a,c2) <- (3, 17) [forward demodulation 117,60]
192600. c4 = mult(c3,c2) <- (3, 6, 17) [forward demodulation 142612,60]
192746. $false <- (12, ~341) [forward subsumption resolution 171232,97]
192747. ~12 | 341 [avatar contradiction clause 192746]
193743. e = mult(c2,c3) <- (53) [superposition 1,5321]
194332. op_b = c2 <- (316, 323) [forward demodulation 142047,138506]
194493. c4 != mult(c3,op_b) | c2 = mult(op_b,c3) | c3 = mult(op_b,c3) | c1 = mult(op_b,c3) <- (6) [superposition 10805,5]
194618. c4 != mult(c2,c3) | c2 = mult(c3,c2) | c3 = mult(c3,c2) | c1 = mult(c3,c2) <- (3, 6) [superposition 184642,5]
194646. c2 = mult(c3,c2) | c3 = mult(c3,c2) | c1 = mult(c3,c2) <- (3, 4, 6, ~9, ~10, ~11, 13) [forward subsumption resolution 194618,189382]
194652. c3 = mult(c3,c2) | c1 = mult(c3,c2) <- (3, 4, 6, ~9, ~10, ~11, 13, ~20) [forward subsumption resolution 194646,183335]
194656. c1 = mult(c3,c2) <- (3, 4, 6, ~9, ~10, ~11, 13, ~19, ~20) [forward subsumption resolution 194652,184878]
194660. $false <- (3, 4, 6, ~9, ~10, ~11, 13, ~18, ~19, ~20) [forward subsumption resolution 194656,183334]
194661. ~3 | ~4 | ~6 | 9 | 10 | 11 | ~13 | 18 | 19 | 20 [avatar contradiction clause 194660]
194740. $false <- (3, 6, ~16, 45) [forward subsumption resolution 10821,60]
194741. ~3 | ~6 | 16 | ~45 [avatar contradiction clause 194740]
194903. 147 | ~3 | ~27 [avatar split clause 140246,214,58,54773]
195047. $false <- (6, ~32, 45) [forward subsumption resolution 185759,2580]
195048. ~6 | 32 | ~45 [avatar contradiction clause 195047]
195053. c3 = c4 <- (10, 202) [forward demodulation 137129,90]
195255. mult(c3,c4) = X0 | c3 = X0 | c2 = X0 | c1 = X0 <- (10) [forward demodulation 7951,90]
195628. e = mult(X2,mult(X0,mult(X1,i(mult(X0,X1))))) | c3 = X2 | c2 = X2 | c1 = X2 <- (316) [forward demodulation 7498,138506]
196086. e = c1 <- (53, 360) [forward demodulation 193743,185396]
196352. $false <- (10, 202) [forward subsumption resolution 195053,11]
196353. ~10 | ~202 [avatar contradiction clause 196352]
196540. c2 = X0 | c3 = X0 | c2 = X0 | c1 = X0 <- (10, 42) [forward demodulation 195255,2292]
196541. c2 = X0 | c3 = X0 | c1 = X0 <- (10, 42) [duplicate literal removal 196540]
196862. e = mult(X2,e) | c3 = X2 | c2 = X2 | c1 = X2 <- (316) [forward demodulation 195628,18]
197261. 9 | ~53 | ~360 [avatar split clause 196086,185394,5319,84]
197661. 55 | ~10 | ~42 [avatar split clause 196541,2290,88,5383]
197908. e = X2 | c3 = X2 | c2 = X2 | c1 = X2 <- (316) [forward demodulation 196862,2]
198768. c3 = X2 | c3 = X2 | c2 = X2 | c1 = X2 <- (10, 316) [forward demodulation 197908,90]
198769. c3 = X2 | c2 = X2 | c1 = X2 <- (10, 316) [duplicate literal removal 198768]
199413. 55 | ~10 | ~316 [avatar split clause 198769,138505,88,5383]
201183. ~42 | 4 | ~6 | ~28 [avatar split clause 138819,219,71,62,2290]
201229. c1 = mult(c4,c4) <- (~1, ~2, ~3, 8, 321) [forward demodulation 142010,177920]
201230. c2 != mult(c4,c4) <- (~1, ~2, ~3, 8, ~323) [forward demodulation 142046,177920]
201231. c1 = X0 | c3 = mult(c1,X0) | c2 = mult(c1,X0) <- (296, 342) [forward demodulation 171235,116316]
201233. c3 != mult(c4,c4) <- (~1, ~2, ~3, 8, ~25) [forward demodulation 147761,177920]
201965. c1 = c4 | c2 = mult(X0,mult(X1,i(mult(X0,X1)))) | c3 = mult(X0,mult(X1,i(mult(X0,X1)))) | c1 = mult(X0,mult(X1,i(mult(X0,X1)))) <- (9) [forward demodulation 453,86]
201985. mult(X2,e) = mult(X0,i(mult(X1,mult(i(mult(X2,X1)),X0)))) <- (~1, ~2, ~3, 8, 23, 37, 296) [forward demodulation 7480,183168]
202621. c3 = X0 | c1 = X0 | c2 = mult(c1,X0) <- (296, 342) [forward demodulation 201231,116316]
203083. c2 = mult(X0,mult(X1,i(mult(X0,X1)))) | c3 = mult(X0,mult(X1,i(mult(X0,X1)))) | c1 = mult(X0,mult(X1,i(mult(X0,X1)))) <- (9) [forward subsumption resolution 201965,8]
203095. mult(X0,i(mult(X1,mult(i(mult(X2,X1)),X0)))) = X2 <- (~1, ~2, ~3, 8, 23, 37, 296) [forward demodulation 201985,2]
203460. c2 = X0 | c3 = X0 | c1 = X0 <- (296, 342) [forward demodulation 202621,116316]
203874. e = c2 | c3 = mult(X0,mult(X1,i(mult(X0,X1)))) | c1 = mult(X0,mult(X1,i(mult(X0,X1)))) <- (9) [forward demodulation 203083,18]
204198. 55 | ~296 | ~342 [avatar split clause 203460,171234,116315,5383]
204554. c1 = c2 | c3 = mult(X0,mult(X1,i(mult(X0,X1)))) | c1 = mult(X0,mult(X1,i(mult(X0,X1)))) <- (9) [forward demodulation 203874,86]
205113. c3 = mult(X0,mult(X1,i(mult(X0,X1)))) | c1 = mult(X0,mult(X1,i(mult(X0,X1)))) <- (9) [forward subsumption resolution 204554,6]
205537. e = c3 | c1 = mult(X0,mult(X1,i(mult(X0,X1)))) <- (9) [forward demodulation 205113,18]
205839. c1 = c3 | c1 = mult(X0,mult(X1,i(mult(X0,X1)))) <- (9) [forward demodulation 205537,86]
206051. c1 = mult(X0,mult(X1,i(mult(X0,X1)))) <- (9) [forward subsumption resolution 205839,7]
206177. mult(X0,i(X0)) = c1 <- (9) [forward demodulation 206051,132045]
207376. c2 = mult(X0,c3) | c3 = X0 | c2 = X0 | c1 = X0 <- (6, 28) [superposition 1819,2241]
207378. mult(c2,X0) = mult(c4,mult(c3,X0)) <- (6, 28) [superposition 3,2241]
207417. 264 | ~6 | ~28 [avatar split clause 207376,219,71,73318]
207774. c1 != mult(X0,c3) | c3 = X0 | c2 = X0 | c1 = X0 <- (~33) [superposition 345,1819]
207800. c3 = X0 | c2 = X0 | c1 = X0 <- (~33, 351) [forward subsumption resolution 207774,182556]
207804. 55 | 33 | ~351 [avatar split clause 207800,182555,344,5383]
212356. mult(c3,X0) = mult(c4,mult(c2,X0)) <- (~1, ~2, ~3, 6, 8, 23, 28, 296) [superposition 183143,207378]
212665. c3 = mult(X0,i(mult(c4,mult(i(c3),X0)))) <- (~1, ~2, ~3, 6, 8, 23, 30, 37, 296) [superposition 203095,138017]
212955. c3 = mult(X0,i(mult(c4,mult(c2,X0)))) <- (~1, ~2, ~3, 6, 8, 23, 30, 37, 40, 296) [forward demodulation 212665,1788]
213088. c3 = mult(X0,i(mult(c3,X0))) <- (~1, ~2, ~3, 6, 8, 23, 28, 30, 37, 40, 296) [forward demodulation 212955,212356]
213187. c3 = i(c3) <- (~1, ~2, ~3, 6, 8, 23, 28, 30, 37, 40, 296) [forward demodulation 213088,132045]
213254. c2 = c3 <- (~1, ~2, ~3, 6, 8, 23, 28, 30, 37, 40, 296) [forward demodulation 213187,1788]
213295. $false <- (~1, ~2, ~3, 6, 8, 23, 28, 30, 37, 40, 296) [forward subsumption resolution 213254,9]
213296. 1 | 2 | 3 | ~6 | ~8 | ~23 | ~28 | ~30 | ~37 | ~40 | ~296 [avatar contradiction clause 213295]
213360. 311 | ~6 | 21 | 30 | 42 [avatar split clause 168729,2290,241,153,71,132894]
214545. mult(c3,X0) = mult(c3,mult(c3,X0)) <- (201) [superposition 3,60089]
214546. e = mult(c3,mult(c3,i(c3))) <- (201) [superposition 18,60089]
214558. mult(X0,mult(c3,mult(c3,i(mult(e,c3))))) = X0 <- (201) [superposition 6824,60089]
214573. mult(X0,c3) = X0 <- (201) [forward demodulation 214558,6452]
214579. e = mult(c3,e) <- (201) [forward demodulation 214546,1]
214580. 318 | ~201 [avatar split clause 214545,60087,140217]
214585. 45 | ~201 [avatar split clause 214573,60087,2579]
214588. e = c3 <- (201) [forward demodulation 214579,2]
214594. c1 = c3 <- (9, 201) [forward demodulation 214588,86]
214599. $false <- (9, 201) [forward subsumption resolution 214594,7]
214600. ~9 | ~201 [avatar contradiction clause 214599]
215599. e = mult(e,mult(mult(i(i(X1)),X2),mult(i(mult(i(X0),mult(X1,X2))),i(X0)))) [superposition 7075,6970]
216329. c3 = X0 | c1 = mult(c4,c4) | c2 = X0 | c1 = X0 | i(X0) = c2 | i(X0) = c3 | i(X0) = c1 <- (296) [superposition 1671,116316]
216332. c1 = mult(e,i(mult(X0,i(X0)))) <- (296) [superposition 7259,116316]
216337. mult(e,i(i(mult(X0,c1)))) = X0 <- (296) [superposition 7259,116316]
216345. e = mult(X0,mult(X1,i(mult(X0,mult(X1,c1))))) <- (296) [superposition 448,116316]
216424. mult(X0,c1) = X0 <- (296) [forward demodulation 216337,6450]
216802. c1 = mult(X0,mult(i(mult(i(X1),X0)),i(X1))) <- (296) [superposition 116316,7080]
217369. mult(c1,X0) = mult(c3,mult(c4,X0)) <- (311) [superposition 3,132896]
217372. mult(e,X0) = mult(c3,mult(c4,mult(i(c1),X0))) <- (311) [superposition 309,132896]
217400. mult(e,X0) = mult(c3,mult(c4,mult(c1,X0))) <- (37, 311) [forward demodulation 217372,554]
217402. mult(c3,mult(c4,X0)) = X0 <- (296, 311) [forward demodulation 217369,116316]
217411. mult(e,X0) = mult(c3,mult(c4,X0)) <- (37, 296, 311) [forward demodulation 217400,116316]
217413. 277 | ~296 | ~311 [avatar split clause 217402,132894,116315,89299]
217417. mult(c3,mult(c4,X0)) = X0 <- (~1, ~2, ~3, 8, 23, 37, 296, 311) [forward demodulation 217411,183168]
217424. 277 | 1 | 2 | 3 | ~8 | ~23 | ~37 | ~296 | ~311 [avatar split clause 217417,132894,116315,552,169,79,58,54,50,89299]
217433. c3 = mult(c3,c4) <- (~1, ~2, ~3, 8, 9, 37, 251, 296, 321) [forward demodulation 65187,182679]
217530. 40 | ~53 [avatar split clause 185236,5319,1786]
218337. mult(c4,c3) = mult(c2,c4) <- (6, 28, 30) [superposition 207378,138017]
218380. c2 = mult(c2,c4) <- (6, 28, 30) [forward demodulation 218337,2241]
218970. c3 = mult(c4,c1) <- (~1, ~2, ~3, 8, 23, 33, 296) [superposition 183143,346]
218988. c4 = mult(e,i(mult(c3,i(c1)))) <- (33) [superposition 7259,346]
219017. c3 = c4 <- (~1, ~2, ~3, 8, 9, 23, 33, 296) [forward demodulation 218970,180330]
219028. $false <- (~1, ~2, ~3, 8, 9, 23, 33, 296) [forward subsumption resolution 219017,11]
219029. 1 | 2 | 3 | ~8 | ~9 | ~23 | ~33 | ~296 [avatar contradiction clause 219028]
219045. c1 = c4 <- (9, 202) [forward demodulation 137129,86]
219127. mult(X2,mult(c4,X0)) = mult(c1,mult(X1,X0)) | c2 = mult(i(X2),X1) | c3 = mult(i(X2),X1) | c1 = mult(i(X2),X1) <- (9) [forward demodulation 1096,86]
219736. mult(c1,i(mult(X0,X1))) = mult(i(X1),i(X0)) <- (9) [forward demodulation 151260,86]
219741. mult(X1,i(X0)) = mult(c1,i(mult(X0,i(X1)))) <- (9) [forward demodulation 151091,86]
220188. e = mult(e,mult(i(i(X1)),mult(X2,mult(i(mult(i(X0),mult(X1,X2))),i(X0))))) [forward demodulation 215599,3]
220216. c1 = mult(e,i(e)) <- (296) [forward demodulation 216332,1]
220225. c1 = mult(X1,i(X1)) <- (296) [forward demodulation 216802,112253]
220314. c4 = mult(e,i(mult(c3,c1))) <- (33, 37) [forward demodulation 218988,554]
220322. $false <- (9, 202) [forward subsumption resolution 219045,8]
220323. ~9 | ~202 [avatar contradiction clause 220322]
220387. mult(X1,X0) = mult(X2,mult(c4,X0)) | c3 = mult(i(X2),X1) | c2 = mult(i(X2),X1) | c1 = mult(i(X2),X1) <- (9, 296) [forward demodulation 219127,116316]
220958. i(mult(X0,X1)) = mult(i(X1),i(X0)) <- (9, 296) [forward demodulation 219736,116316]
220963. mult(X1,i(X0)) = i(mult(X0,i(X1))) <- (9, 296) [forward demodulation 219741,116316]
221345. e = mult(X1,mult(X2,mult(i(mult(i(X0),mult(X1,X2))),i(X0)))) [forward demodulation 220188,6449]
221438. c4 = mult(e,i(c3)) <- (9, 33, 37, 296) [forward demodulation 220314,180330]
222242. c4 = mult(c1,i(c3)) <- (9, 33, 37, 296) [forward demodulation 221438,86]
222919. c4 = i(c3) <- (9, 33, 37, 296) [forward demodulation 222242,116316]
224910. mult(c4,c3) = mult(c3,c4) <- (~1, ~2, ~3, 8, 160, 322) [forward demodulation 147728,177920]
224946. $false <- (~1, ~2, ~3, 6, 8, 160, 322) [forward subsumption resolution 224910,182911]
224947. 1 | 2 | 3 | ~6 | ~8 | ~160 | ~322 [avatar contradiction clause 224946]
225020. ~160 | 1 | 2 | 3 | ~8 | 25 [avatar split clause 201233,191,79,58,54,50,59045]
225033. op_b = mult(c2,c2) <- (8, 9, 49, 323) [forward demodulation 170909,2988]
225058. c4 = mult(c2,c2) <- (~1, ~2, ~3, 8, 9, 49, 323) [forward demodulation 225033,177920]
225235. c4 = i(c2) <- (49) [superposition 112404,2988]
225402. c1 = mult(X0,i(c4)) | c3 = X0 | c2 = X0 | c1 = X0 <- (9) [superposition 1819,206177]
226201. mult(e,X0) = mult(c3,mult(c4,X0)) <- (9, 33, 37, 296) [superposition 13,222919]
226206. c3 = mult(e,mult(X0,i(mult(c4,X0)))) <- (9, 33, 37, 296) [superposition 6453,222919]
226210. e = mult(c3,mult(X0,mult(i(mult(e,X0)),c4))) <- (9, 33, 37, 296) [superposition 6869,222919]
226219. c3 = i(c4) <- (9, 33, 37, 296) [superposition 112404,222919]
226220. c1 = mult(c3,c4) <- (9, 33, 37, 296) [superposition 206177,222919]
226226. 311 | ~9 | ~33 | ~37 | ~296 [avatar split clause 226220,116315,552,344,84,132894]
226235. e = mult(c3,c4) <- (9, 33, 37, 296) [forward demodulation 226210,6870]
226238. c3 = mult(e,i(c4)) <- (9, 33, 37, 296) [forward demodulation 226206,132045]
226241. mult(c1,X0) = mult(c3,mult(c4,X0)) <- (9, 33, 37, 296) [forward demodulation 226201,86]
226249. e = c2 <- (9, 33, 37, 42, 296) [forward demodulation 226235,2292]
226251. c3 = mult(e,c2) <- (9, 33, 37, 49, 296) [forward demodulation 226238,2988]
226254. mult(c3,mult(c4,X0)) = X0 <- (9, 33, 37, 296) [forward demodulation 226241,116316]
226259. c1 = c2 <- (9, 33, 37, 42, 296) [forward demodulation 226249,86]
226261. c3 = mult(c1,c2) <- (9, 33, 37, 49, 296) [forward demodulation 226251,86]
226264. 277 | ~9 | ~33 | ~37 | ~296 [avatar split clause 226254,116315,552,344,84,89299]
226271. $false <- (9, 33, 37, 42, 296) [forward subsumption resolution 226259,6]
226272. ~9 | ~33 | ~37 | ~42 | ~296 [avatar contradiction clause 226271]
226275. c2 = c3 <- (9, 33, 37, 49, 296) [forward demodulation 226261,116316]
226278. $false <- (9, 33, 37, 49, 296) [forward subsumption resolution 226275,9]
226279. ~9 | ~33 | ~37 | ~49 | ~296 [avatar contradiction clause 226278]
226280. c1 != mult(op_b,c3) <- (6, ~14) [forward demodulation 105,73]
226316. 147 | ~6 | ~28 | ~30 [avatar split clause 218380,241,219,71,54773]
226731. c3 != mult(c3,c2) <- (49, ~251) [forward demodulation 65186,2988]
226996. mult(c4,X0) = mult(c4,mult(c3,X0)) <- (6, 32) [superposition 3,2061]
227079. e = mult(c2,mult(X0,mult(i(mult(e,X0)),c4))) <- (49) [superposition 6869,225235]
227098. e = mult(c2,c4) <- (49) [forward demodulation 227079,6870]
227108. c1 = mult(c2,c4) <- (9, 49) [forward demodulation 227098,86]
227120. $false <- (9, 49, ~146) [forward subsumption resolution 227108,54770]
227121. ~9 | ~49 | 146 [avatar contradiction clause 227120]
227250. c4 = mult(e,i(mult(c2,i(c1)))) <- (34) [superposition 7259,374]
227267. c4 = mult(e,mult(c1,i(c2))) <- (9, 34, 296) [forward demodulation 227250,220963]
227278. c4 = mult(e,i(c2)) <- (9, 34, 296) [forward demodulation 227267,116316]
227811. e = mult(X0,mult(i(mult(i(X1),c4)),i(X1))) | c3 = mult(i(e),X0) | c2 = mult(i(e),X0) | c1 = mult(i(e),X0) <- (9, 296) [superposition 7075,220387]
228004. e = mult(X0,i(mult(X1,mult(i(X1),c4)))) | c3 = mult(i(e),X0) | c2 = mult(i(e),X0) | c1 = mult(i(e),X0) <- (9, 296) [forward demodulation 227811,220958]
228251. e = mult(X0,i(mult(e,c4))) | c3 = mult(i(e),X0) | c2 = mult(i(e),X0) | c1 = mult(i(e),X0) <- (9, 296) [forward demodulation 228004,13]
228423. c1 = mult(X0,i(mult(c1,c4))) | c3 = mult(i(e),X0) | c2 = mult(i(e),X0) | c1 = mult(i(e),X0) <- (9, 296) [forward demodulation 228251,86]
228546. c1 = mult(X0,i(c4)) | c3 = mult(i(e),X0) | c2 = mult(i(e),X0) | c1 = mult(i(e),X0) <- (9, 296) [forward demodulation 228423,116316]
229067. c3 = mult(e,i(mult(c4,i(c2)))) <- (42) [superposition 7259,2292]
229083. c3 = mult(e,mult(c2,i(c4))) <- (9, 42, 296) [forward demodulation 229067,220963]
229092. c3 = mult(e,mult(c2,c2)) <- (9, 42, 49, 296) [forward demodulation 229083,2988]
229098. c3 = mult(e,c4) <- (~1, ~2, ~3, 8, 9, 42, 49, 296, 323) [forward demodulation 229092,225058]
229102. c3 = mult(c1,c4) <- (~1, ~2, ~3, 8, 9, 42, 49, 296, 323) [forward demodulation 229098,86]
229107. $false <- (~1, ~2, ~3, 8, 9, 42, 49, 296, 323, ~344) [forward subsumption resolution 229102,171245]
229108. 1 | 2 | 3 | ~8 | ~9 | ~42 | ~49 | ~296 | ~323 | 344 [avatar contradiction clause 229107]
229141. c3 = c4 <- (39, 48) [forward demodulation 139776,1784]
229244. c1 = mult(X0,c3) | c3 = X0 | c2 = X0 | c1 = X0 <- (9, 48) [forward demodulation 225402,2984]
229261. c4 = mult(c1,i(c2)) <- (9, 34, 296) [forward demodulation 227278,86]
229278. c1 = mult(X0,c3) | c3 = mult(i(e),X0) | c2 = mult(i(e),X0) | c1 = mult(i(e),X0) <- (9, 48, 296) [forward demodulation 228546,2984]
229281. c3 = X0 | c1 = mult(c4,c4) | c2 = X0 | c1 = X0 | i(X0) = c2 | i(X0) = c3 <- (~47, 296) [forward subsumption resolution 216329,184973]
229323. $false <- (39, 48) [forward subsumption resolution 229141,11]
229324. ~39 | ~48 [avatar contradiction clause 229323]
229404. 351 | ~9 | ~48 [avatar split clause 229244,2982,84,182555]
229415. c4 = i(c2) <- (9, 34, 296) [forward demodulation 229261,116316]
229427. c3 = mult(i(c1),X0) | c1 = mult(X0,c3) | c2 = mult(i(e),X0) | c1 = mult(i(e),X0) <- (9, 48, 296) [forward demodulation 229278,86]
229513. c3 = mult(c1,X0) | c1 = mult(X0,c3) | c2 = mult(i(e),X0) | c1 = mult(i(e),X0) <- (9, 37, 48, 296) [forward demodulation 229427,554]
229558. c3 = X0 | c1 = mult(X0,c3) | c2 = mult(i(e),X0) | c1 = mult(i(e),X0) <- (9, 37, 48, 296) [forward demodulation 229513,116316]
229602. c2 = mult(i(c1),X0) | c3 = X0 | c1 = mult(X0,c3) | c1 = mult(i(e),X0) <- (9, 37, 48, 296) [forward demodulation 229558,86]
229631. c2 = mult(c1,X0) | c3 = X0 | c1 = mult(X0,c3) | c1 = mult(i(e),X0) <- (9, 37, 48, 296) [forward demodulation 229602,554]
229657. c2 = X0 | c3 = X0 | c1 = mult(X0,c3) | c1 = mult(i(e),X0) <- (9, 37, 48, 296) [forward demodulation 229631,116316]
229668. c1 = mult(i(c1),X0) | c2 = X0 | c3 = X0 | c1 = mult(X0,c3) <- (9, 37, 48, 296) [forward demodulation 229657,86]
229676. c1 = mult(c1,X0) | c2 = X0 | c3 = X0 | c1 = mult(X0,c3) <- (9, 37, 48, 296) [forward demodulation 229668,554]
229683. c1 = X0 | c2 = X0 | c3 = X0 | c1 = mult(X0,c3) <- (9, 37, 48, 296) [forward demodulation 229676,116316]
229687. 351 | ~9 | ~37 | ~48 | ~296 [avatar split clause 229683,116315,2982,552,84,182555]
229710. c3 != mult(c3,c2) <- (~51, 58) [forward demodulation 3298,5729]
230285. e = mult(c4,mult(X0,mult(i(mult(e,X0)),c2))) <- (49) [superposition 6869,2988]
230314. e = mult(c4,c2) <- (49) [forward demodulation 230285,6870]
230326. e = c1 <- (34, 49) [forward demodulation 230314,374]
230368. e = mult(c2,mult(X0,mult(i(mult(e,X0)),c4))) <- (9, 34, 296) [superposition 6869,229415]
230377. c2 = i(c4) <- (9, 34, 296) [superposition 112404,229415]
230378. c1 = mult(c2,c4) <- (9, 34, 296) [superposition 206177,229415]
230387. e = mult(c2,c4) <- (9, 34, 296) [forward demodulation 230368,6870]
230528. c4 = mult(e,i(mult(c4,i(c2)))) <- (58) [superposition 7259,5729]
230545. c4 = mult(e,mult(c2,i(c4))) <- (9, 58, 296) [forward demodulation 230528,220963]
230555. c4 = mult(e,mult(c2,c2)) <- (9, 49, 58, 296) [forward demodulation 230545,2988]
230664. c2 = mult(e,i(mult(c4,i(c1)))) <- (146) [superposition 7259,54771]
230677. c2 = mult(e,mult(c1,i(c4))) <- (9, 146, 296) [forward demodulation 230664,220963]
230686. c2 = mult(e,i(c4)) <- (9, 146, 296) [forward demodulation 230677,116316]
231278. c3 = mult(e,i(mult(c4,i(c1)))) <- (311) [superposition 7259,132896]
231294. c3 = mult(e,mult(c1,i(c4))) <- (9, 296, 311) [forward demodulation 231278,220963]
231304. c3 = mult(e,i(c4)) <- (9, 296, 311) [forward demodulation 231294,116316]
231311. c3 = mult(e,c2) <- (9, 49, 296, 311) [forward demodulation 231304,2988]
231315. c3 = mult(c1,c2) <- (9, 49, 296, 311) [forward demodulation 231311,86]
231317. c2 = c3 <- (9, 49, 296, 311) [forward demodulation 231315,116316]
231318. $false <- (9, 49, 296, 311) [forward subsumption resolution 231317,9]
231319. ~9 | ~49 | ~296 | ~311 [avatar contradiction clause 231318]
231368. c1 = mult(c4,c2) <- (3, 321) [forward demodulation 142010,60]
231410. c1 != mult(c2,c3) <- (3, 6, ~14) [forward demodulation 226280,60]
231425. c4 = mult(c1,mult(c2,c2)) <- (9, 49, 58, 296) [forward demodulation 230555,86]
231470. $false <- (3, 6, ~14, 360) [forward subsumption resolution 231410,185396]
231471. ~3 | ~6 | 14 | ~360 [avatar contradiction clause 231470]
231473. c4 = mult(c2,c2) <- (9, 49, 58, 296) [forward demodulation 231425,116316]
231551. mult(c3,c2) != mult(c2,c3) <- (3, 6) [superposition 10805,60]
231721. e = mult(c3,mult(c2,i(c2))) <- (3, 6, 20) [superposition 18,185355]
231734. mult(X0,mult(c3,mult(c2,i(mult(e,c2))))) = X0 <- (3, 6, 20) [superposition 6824,185355]
231753. mult(X0,c3) = X0 <- (3, 6, 20) [forward demodulation 231734,6452]
231757. e = mult(c3,e) <- (3, 6, 20) [forward demodulation 231721,1]
231759. 45 | ~3 | ~6 | ~20 [avatar split clause 231753,148,71,58,2579]
231762. e = c3 <- (3, 6, 20) [forward demodulation 231757,2]
231765. c1 = c3 <- (3, 6, 9, 20) [forward demodulation 231762,86]
231768. $false <- (3, 6, 9, 20) [forward subsumption resolution 231765,7]
231769. ~3 | ~6 | ~9 | ~20 [avatar contradiction clause 231768]
231773. c3 = mult(op_a,c2) <- (3, 19) [forward demodulation 146,60]
231791. c3 = mult(c3,c2) <- (3, 6, 19) [forward demodulation 231773,73]
231799. $false <- (3, 6, 19, 49, ~251) [forward subsumption resolution 231791,226731]
231800. ~3 | ~6 | ~19 | ~49 | 251 [avatar contradiction clause 231799]
231803. c3 = mult(c2,c3) <- (3, 6, 15) [forward demodulation 402,60]
231853. mult(c4,c4) = mult(c4,c2) <- (3, 6, 17, 32) [superposition 226996,192600]
231882. c1 = mult(c4,c4) <- (3, 6, 17, 32, 34) [forward demodulation 231853,374]
231890. $false <- (3, 6, 17, 32, 34, ~56) [forward subsumption resolution 231882,5387]
231891. ~3 | ~6 | ~17 | ~32 | ~34 | 56 [avatar contradiction clause 231890]
232042. mult(X0,mult(c2,mult(c3,i(mult(e,c3))))) = X0 <- (3, 6, 15) [superposition 6824,231803]
232055. mult(X0,c2) = X0 <- (3, 6, 15) [forward demodulation 232042,6452]
232063. 75 | ~3 | ~6 | ~15 [avatar split clause 232055,108,71,58,33140]
232202. mult(c4,c1) = mult(c4,c2) <- (3, 6, ~17, ~19, 32, ~337) [superposition 226996,185469]
232242. c1 = mult(c4,c1) <- (3, 6, ~17, ~19, 32, 34, ~337) [forward demodulation 232202,374]
232251. c1 = c4 <- (3, 6, 9, ~17, ~19, 32, 34, 296, ~337) [forward demodulation 232242,180330]
232257. $false <- (3, 6, 9, ~17, ~19, 32, 34, 296, ~337) [forward subsumption resolution 232251,8]
232258. ~3 | ~6 | ~9 | 17 | 19 | ~32 | ~34 | ~296 | 337 [avatar contradiction clause 232257]
232304. c1 = c2 <- (146, 147) [forward demodulation 54775,54771]
232306. c2 = mult(c4,c2) <- (3, 323) [forward demodulation 142047,60]
232361. $false <- (146, 147) [forward subsumption resolution 232304,6]
232362. ~146 | ~147 [avatar contradiction clause 232361]
232363. c1 = c2 <- (3, 34, 323) [forward demodulation 232306,374]
232396. $false <- (3, 34, 323) [forward subsumption resolution 232363,6]
232397. ~3 | ~34 | ~323 [avatar contradiction clause 232396]
232504. 48 | ~9 | ~33 | ~37 | ~296 [avatar split clause 226219,116315,552,344,84,2982]
232624. c4 = mult(e,mult(c2,c3)) <- (9, 48, 58, 296) [forward demodulation 230545,2984]
232625. c2 = mult(e,c3) <- (9, 48, 146, 296) [forward demodulation 230686,2984]
232690. c1 = mult(c4,c2) <- (3, 8, 146) [forward demodulation 140245,54771]
232818. c4 = mult(c1,mult(c2,c3)) <- (9, 48, 58, 296) [forward demodulation 232624,86]
232819. c2 = mult(c1,c3) <- (9, 48, 146, 296) [forward demodulation 232625,86]
232932. c4 = mult(c2,c3) <- (9, 48, 58, 296) [forward demodulation 232818,116316]
232933. c2 = c3 <- (9, 48, 146, 296) [forward demodulation 232819,116316]
232997. $false <- (9, 48, 146, 296) [forward subsumption resolution 232933,9]
232998. ~9 | ~48 | ~146 | ~296 [avatar contradiction clause 232997]
233146. $false <- (3, 6, 19, ~51, 58) [forward subsumption resolution 229710,183337]
233147. ~3 | ~6 | ~19 | 51 | ~58 [avatar contradiction clause 233146]
233150. 378 <=> ! [X2] : (c3 = X2 | c3 = i(X2) | c2 = i(X2) | c1 = X2 | c2 = X2) [avatar definition]
233151. c3 = i(X2) | c3 = X2 | c2 = i(X2) | c1 = X2 | c2 = X2 <- (378) [avatar component clause 233150]
233153. c3 = X0 | c2 = X0 | c1 = X0 | i(X0) = c2 | i(X0) = c3 <- (~47, ~56, 296) [forward subsumption resolution 229281,5387]
233157. 378 | 47 | 56 | ~296 [avatar split clause 233153,116315,5386,2978,233150]
233338. mult(c4,mult(c2,X0)) = mult(mult(c2,c4),X0) <- (3, 8) [superposition 3,140245]
233365. 379 <=> c4 = mult(c2,c4) [avatar definition]
233366. c4 != mult(c2,c4) <- (~379) [avatar component clause 233365]
233367. c4 = mult(c2,c4) <- (379) [avatar component clause 233365]
233376. mult(c4,mult(c2,X0)) = mult(c2,mult(c4,X0)) <- (3, 8) [forward demodulation 233338,3]
233636. c3 = mult(e,i(mult(c2,i(c1)))) <- (3, 6, 18) [superposition 7259,184853]
233653. c3 = mult(e,mult(c1,i(c2))) <- (3, 6, 9, 18, 296) [forward demodulation 233636,220963]
233662. c3 = mult(e,i(c2)) <- (3, 6, 9, 18, 296) [forward demodulation 233653,116316]
233668. c3 = mult(c1,i(c2)) <- (3, 6, 9, 18, 296) [forward demodulation 233662,86]
233674. c3 = i(c2) <- (3, 6, 9, 18, 296) [forward demodulation 233668,116316]
233676. $false <- (3, 6, 9, 18, ~53, 296) [forward subsumption resolution 233674,5320]
233677. ~3 | ~6 | ~9 | ~18 | 53 | ~296 [avatar contradiction clause 233676]
233757. c2 = mult(c2,c3) <- (3, 6, 16) [forward demodulation 76574,60]
234520. mult(X0,mult(c4,mult(c2,i(mult(e,c4))))) = X0 <- (3, 22) [superposition 6824,140243]
234527. mult(X0,mult(c2,mult(c4,i(mult(e,c4))))) = X0 <- (3, 8, 22) [forward demodulation 234520,233376]
234535. mult(X0,c2) = X0 <- (3, 8, 22) [forward demodulation 234527,6452]
234541. 75 | ~3 | ~8 | ~22 [avatar split clause 234535,158,79,58,33140]
234568. c3 = c4 <- (51, 277) [forward demodulation 3299,89300]
234697. $false <- (51, 277) [forward subsumption resolution 234568,11]
234698. ~51 | ~277 [avatar contradiction clause 234697]
235252. e = mult(c4,mult(c3,i(c4))) <- (6, 32) [superposition 18,2061]
235285. e = mult(c4,c1) <- (6, 32, 252) [forward demodulation 235252,65191]
235293. e = c4 <- (6, 9, 32, 252, 296) [forward demodulation 235285,180330]
235298. c1 = c4 <- (6, 9, 32, 252, 296) [forward demodulation 235293,86]
235302. $false <- (6, 9, 32, 252, 296) [forward subsumption resolution 235298,8]
235303. ~6 | ~9 | ~32 | ~252 | ~296 [avatar contradiction clause 235302]
235414. c3 = mult(e,i(mult(c4,i(c3)))) <- (6, 30) [superposition 7259,138017]
235429. c3 = mult(e,mult(c3,i(c4))) <- (6, 9, 30, 296) [forward demodulation 235414,220963]
235438. c3 = mult(c1,mult(c3,i(c4))) <- (6, 9, 30, 296) [forward demodulation 235429,86]
235439. c3 = mult(c3,i(c4)) <- (6, 9, 30, 296) [forward demodulation 235438,116316]
235440. $false <- (6, 9, 30, ~251, 296) [forward subsumption resolution 235439,65186]
235441. ~6 | ~9 | ~30 | 251 | ~296 [avatar contradiction clause 235440]
235770. 34 | ~3 | ~321 [avatar split clause 231368,142008,58,372]
235893. e = c2 <- (9, 34, 147, 296) [forward demodulation 230387,54775]
235896. c1 = c2 <- (9, 34, 147, 296) [forward demodulation 235893,86]
235901. $false <- (9, 34, 147, 296) [forward subsumption resolution 235896,6]
235902. ~9 | ~34 | ~147 | ~296 [avatar contradiction clause 235901]
236064. 381 <=> ! [X1] : mult(c3,X1) = mult(c4,mult(c2,X1)) [avatar definition]
236065. mult(c3,X1) = mult(c4,mult(c2,X1)) <- (381) [avatar component clause 236064]
236148. c4 = mult(e,i(mult(c3,i(c2)))) <- (6, 28) [superposition 7259,2241]
236169. c4 = mult(e,mult(c2,i(c3))) <- (6, 9, 28, 296) [forward demodulation 236148,220963]
236176. c4 = mult(e,mult(c2,c3)) <- (6, 9, 28, 39, 296) [forward demodulation 236169,1784]
236182. c4 = mult(c1,mult(c2,c3)) <- (6, 9, 28, 39, 296) [forward demodulation 236176,86]
236187. c4 = mult(c2,c3) <- (6, 9, 28, 39, 296) [forward demodulation 236182,116316]
236363. c4 = mult(e,i(mult(c2,i(c4)))) <- (3, 22) [superposition 7259,140243]
236368. c4 = mult(e,mult(c4,i(c2))) <- (3, 9, 22, 296) [forward demodulation 236363,220963]
236375. c4 = mult(c1,mult(c4,i(c2))) <- (3, 9, 22, 296) [forward demodulation 236368,86]
236380. c4 = mult(c4,i(c2)) <- (3, 9, 22, 296) [forward demodulation 236375,116316]
236438. c3 = mult(e,i(mult(c2,i(c3)))) <- (3, 6, 19) [superposition 7259,183337]
236453. c3 = mult(e,mult(c3,i(c2))) <- (3, 6, 9, 19, 296) [forward demodulation 236438,220963]
236458. c3 = mult(c1,mult(c3,i(c2))) <- (3, 6, 9, 19, 296) [forward demodulation 236453,86]
236459. c3 = mult(c3,i(c2)) <- (3, 6, 9, 19, 296) [forward demodulation 236458,116316]
236533. c4 = mult(e,i(mult(c4,i(c1)))) <- (56) [superposition 7259,5388]
236551. c4 = mult(e,mult(c1,i(c4))) <- (9, 56, 296) [forward demodulation 236533,220963]
236566. c4 = mult(e,i(c4)) <- (9, 56, 296) [forward demodulation 236551,116316]
236573. c4 = mult(c1,i(c4)) <- (9, 56, 296) [forward demodulation 236566,86]
236578. c4 = i(c4) <- (9, 56, 296) [forward demodulation 236573,116316]
237028. e = mult(c2,mult(c4,i(c2))) <- (147) [superposition 18,54775]
237065. e = mult(c2,c4) <- (3, 9, 22, 147, 296) [forward demodulation 237028,236380]
237072. e = c2 <- (3, 9, 22, 147, 296) [forward demodulation 237065,54775]
237077. c1 = c2 <- (3, 9, 22, 147, 296) [forward demodulation 237072,86]
237081. $false <- (3, 9, 22, 147, 296) [forward subsumption resolution 237077,6]
237082. ~3 | ~9 | ~22 | ~147 | ~296 [avatar contradiction clause 237081]
237086. 381 | ~3 | ~322 [avatar split clause 183803,142012,58,236064]
237240. mult(c3,e) = mult(c3,mult(X0,mult(X1,i(mult(c2,mult(X0,X1)))))) <- (244) [superposition 64594,448]
237363. c3 = mult(c3,mult(X0,mult(X1,i(mult(c2,mult(X0,X1)))))) <- (244) [forward demodulation 237240,2]
238083. mult(c3,c4) = mult(c4,c2) <- (147, 381) [superposition 236065,54775]
238093. mult(c4,e) = mult(c3,i(c2)) <- (381) [superposition 236065,1]
238096. mult(c4,c2) = mult(c3,i(e)) <- (381) [superposition 236065,28]
238106. mult(c4,e) = mult(c3,mult(X0,i(mult(c2,X0)))) <- (381) [superposition 236065,18]
238116. mult(c4,e) = mult(c3,mult(X0,mult(X1,i(mult(c2,mult(X0,X1)))))) <- (381) [superposition 236065,448]
238119. mult(c4,c2) = mult(c3,e) <- (381) [superposition 236065,2]
238215. c4 = mult(e,i(mult(mult(c2,X0),i(mult(c3,X0))))) <- (381) [superposition 7259,236065]
238217. c4 = mult(e,mult(mult(c3,X0),i(mult(c2,X0)))) <- (9, 296, 381) [forward demodulation 238215,220963]
238256. c3 = mult(c4,c2) <- (381) [forward demodulation 238119,2]
238258. c3 = mult(c4,e) <- (244, 381) [forward demodulation 238116,237363]
238267. mult(c4,e) = mult(c3,i(c2)) <- (381) [forward demodulation 238106,132045]
238273. c3 = mult(c4,c2) <- (381) [forward demodulation 238096,28]
238282. c4 = mult(e,mult(c3,mult(X0,i(mult(c2,X0))))) <- (9, 296, 381) [forward demodulation 238217,3]
238313. c3 = c4 <- (244, 381) [forward demodulation 238258,2]
238324. c4 = mult(e,mult(c3,i(c2))) <- (9, 296, 381) [forward demodulation 238282,132045]
238348. $false <- (244, 381) [forward subsumption resolution 238313,11]
238349. ~244 | ~381 [avatar contradiction clause 238348]
238359. c4 = mult(e,c3) <- (3, 6, 9, 19, 296, 381) [forward demodulation 238324,236459]
238373. c4 = mult(c1,c3) <- (3, 6, 9, 19, 296, 381) [forward demodulation 238359,86]
238384. c3 = c4 <- (3, 6, 9, 19, 296, 381) [forward demodulation 238373,116316]
238389. $false <- (3, 6, 9, 19, 296, 381) [forward subsumption resolution 238384,11]
238390. ~3 | ~6 | ~9 | ~19 | ~296 | ~381 [avatar contradiction clause 238389]
238468. c4 = mult(c3,i(c2)) <- (381) [forward demodulation 238093,2]
238472. c4 = mult(c3,i(c2)) <- (381) [forward demodulation 238267,2]
238535. c4 != mult(c2,c3) <- (3, 6, 17) [superposition 231551,192600]
238563. $false <- (3, 6, 9, 17, 28, 39, 296) [forward subsumption resolution 238535,236187]
238564. ~3 | ~6 | ~9 | ~17 | ~28 | ~39 | ~296 [avatar contradiction clause 238563]
238613. c3 != mult(c3,c4) <- (9, 56, ~251, 296) [forward demodulation 65186,236578]
238736. c3 = mult(c2,c4) <- (3, 25) [forward demodulation 193,60]
238737. c3 != mult(c4,c2) <- (3, ~8, 25) [forward demodulation 142043,60]
239086. c4 = mult(e,i(mult(c3,i(c4)))) <- (6, 32) [superposition 7259,2061]
239094. c4 = mult(e,mult(c4,i(c3))) <- (6, 9, 32, 296) [forward demodulation 239086,220963]
239525. c3 = mult(e,i(mult(c4,i(c2)))) <- (42) [superposition 7259,2292]
239541. c3 = mult(e,mult(c2,i(c4))) <- (9, 42, 296) [forward demodulation 239525,220963]
239549. c3 = mult(e,mult(c2,c4)) <- (9, 42, 56, 296) [forward demodulation 239541,236578]
239603. e = mult(c2,mult(c4,i(c3))) <- (50) [superposition 18,2992]
239973. c4 = mult(c1,mult(c4,i(c3))) <- (6, 9, 32, 296) [forward demodulation 239094,86]
239977. c4 = mult(c4,i(c3)) <- (6, 9, 32, 296) [forward demodulation 239973,116316]
240071. mult(c3,mult(X0,i(mult(c4,X0)))) = mult(c2,e) <- (3, 324) [superposition 183807,18]
240225. c2 = mult(c3,mult(X0,i(mult(c4,X0)))) <- (3, 324) [forward demodulation 240071,2]
240272. c2 = mult(c3,i(c4)) <- (3, 324) [forward demodulation 240225,132045]
240306. $false <- (3, ~253, 324) [forward subsumption resolution 240272,65194]
240307. ~3 | 253 | ~324 [avatar contradiction clause 240306]
240324. mult(c4,c2) != X0 | c2 = X0 | c1 = X0 | c3 = X0 <- (3, 325) [forward demodulation 143073,60]
240329. e = mult(c2,c4) <- (6, 9, 32, 50, 296) [forward demodulation 239603,239977]
240331. c4 != X0 | c2 = X0 | c1 = X0 | c3 = X0 <- (3, 22, 325) [forward demodulation 240324,140243]
240335. e = c3 <- (6, 9, 32, 50, 296) [forward demodulation 240329,2992]
240337. c2 = X0 | c1 = X0 | c3 = X0 <- (3, 22, 325) [forward subsumption resolution 240331,5]
240341. c1 = c3 <- (6, 9, 32, 50, 296) [forward demodulation 240335,86]
240342. 55 | ~3 | ~22 | ~325 [avatar split clause 240337,143072,158,58,5383]
240345. $false <- (6, 9, 32, 50, 296) [forward subsumption resolution 240341,7]
240346. ~6 | ~9 | ~32 | ~50 | ~296 [avatar contradiction clause 240345]
240353. c3 = mult(c1,mult(c2,c4)) <- (9, 42, 56, 296) [forward demodulation 239549,86]
240366. c3 = mult(c2,c4) <- (9, 42, 56, 296) [forward demodulation 240353,116316]
240403. mult(c4,e) = mult(c3,c3) <- (48, 184) [forward demodulation 136714,2984]
240406. c4 = mult(c3,i(mult(c1,c4))) <- (9, 184) [forward demodulation 136862,86]
240456. c2 = mult(c4,e) <- (48, 184, 265) [forward demodulation 240403,74293]
240458. c4 = mult(c3,i(c4)) <- (9, 184, 296) [forward demodulation 240406,116316]
240490. c2 = c4 <- (48, 184, 265) [forward demodulation 240456,2]
240492. c4 = mult(c3,c3) <- (9, 48, 184, 296) [forward demodulation 240458,2984]
240525. $false <- (48, 184, 265) [forward subsumption resolution 240490,10]
240526. ~48 | ~184 | ~265 [avatar contradiction clause 240525]
240528. c2 = c4 <- (9, 48, 184, 265, 296) [forward demodulation 240492,74293]
240552. $false <- (9, 48, 184, 265, 296) [forward subsumption resolution 240528,10]
240553. ~9 | ~48 | ~184 | ~265 | ~296 [avatar contradiction clause 240552]
241388. e = mult(c4,mult(c2,i(c2))) <- (3, 323) [superposition 18,232306]
241401. mult(X0,mult(c4,mult(c2,i(mult(e,c2))))) = X0 <- (3, 323) [superposition 6824,232306]
241420. mult(X0,c4) = X0 <- (3, 323) [forward demodulation 241401,6452]
241425. e = mult(c4,e) <- (3, 323) [forward demodulation 241388,1]
241427. 12 | ~3 | ~323 [avatar split clause 241420,142045,58,96]
241431. e = c4 <- (3, 323) [forward demodulation 241425,2]
241434. c1 = c4 <- (3, 9, 323) [forward demodulation 241431,86]
241437. $false <- (3, 9, 323) [forward subsumption resolution 241434,8]
241438. ~3 | ~9 | ~323 [avatar contradiction clause 241437]
241500. 50 | ~3 | ~25 [avatar split clause 238736,191,58,2990]
241522. $false <- (3, ~8, 25, 381) [forward subsumption resolution 238273,238737]
241523. ~3 | 8 | ~25 | ~381 [avatar contradiction clause 241522]
241527. c4 = mult(c3,c2) <- (54, 381) [forward demodulation 238468,5325]
242177. c2 != mult(op_a,c2) <- (3, 16) [forward demodulation 210,60]
242232. c2 != mult(c3,c2) <- (3, 6, 16) [forward demodulation 242177,73]
242398. c1 = c4 <- (3, 6, ~17, ~19, 54, ~337, 381) [forward demodulation 241527,185469]
242858. c3 = mult(X0,mult(X1,i(mult(X0,mult(X1,c1))))) <- (10, 296) [forward demodulation 216345,90]
243796. e = c1 <- (296) [forward demodulation 220216,1]
243887. c3 = mult(c3,c4) <- (147, 381) [forward demodulation 238083,238256]
243957. $false <- (3, 6, ~17, ~19, 54, ~337, 381) [forward subsumption resolution 242398,8]
243958. ~3 | ~6 | 17 | 19 | ~54 | 337 | ~381 [avatar contradiction clause 243957]
244192. c3 = mult(X0,mult(X1,i(mult(X0,X1)))) <- (10, 296) [forward demodulation 242858,216424]
245080. $false <- (~9, 296) [forward subsumption resolution 243796,85]
245081. 9 | ~296 [avatar contradiction clause 245080]
245380. mult(X0,i(X0)) = c3 <- (10, 296) [forward demodulation 244192,132045]
246305. c1 = c3 <- (10, 296) [forward demodulation 245380,220225]
247021. $false <- (10, 296) [forward subsumption resolution 246305,7]
247022. ~10 | ~296 [avatar contradiction clause 247021]
249419. $false <- (3, 6, 16, 77) [forward subsumption resolution 242232,33392]
249420. ~3 | ~6 | ~16 | ~77 [avatar contradiction clause 249419]
249761. i(X0) = mult(c4,i(X0)) <- (~9, ~10, ~11, 13) [forward demodulation 7876,106820]
249823. mult(X0,c4) = mult(c4,X0) <- (~9, ~10, ~11, 13) [forward demodulation 106611,106820]
250917. c4 = i(c4) <- (~9, ~10, ~11, 13) [forward demodulation 168332,106820]
250931. mult(X0,X1) = X1 | c3 = X0 | c1 = X0 | e = c2 | c2 = X0 | e = c1 <- (~10) [forward subsumption resolution 185991,89]
251536. e = mult(X1,mult(i(e),X0)) | mult(X0,X1) = c3 | mult(X0,X1) = c2 | mult(X0,X1) = c1 <- (~9, ~10, ~11, 13) [forward demodulation 160350,111807]
252560. c1 = c4 <- (~9, ~10, ~11, 13, 47) [forward demodulation 250917,2980]
252567. mult(X0,X1) = X1 | c3 = X0 | c1 = X0 | e = c2 | c2 = X0 <- (~9, ~10) [forward subsumption resolution 250931,85]
253130. e = mult(X1,X0) | mult(X0,X1) = c3 | mult(X0,X1) = c2 | mult(X0,X1) = c1 <- (~9, ~10, ~11, 13) [forward demodulation 251536,1309]
253944. $false <- (~9, ~10, ~11, 13, 47) [forward subsumption resolution 252560,8]
253945. 9 | 10 | 11 | ~13 | ~47 [avatar contradiction clause 253944]
253952. c2 = c4 | mult(X0,X1) = X1 | c3 = X0 | c1 = X0 | c2 = X0 <- (~9, ~10, ~11, 13) [forward demodulation 252567,106820]
254438. c4 = mult(X1,X0) | mult(X0,X1) = c3 | mult(X0,X1) = c2 | mult(X0,X1) = c1 <- (~9, ~10, ~11, 13) [forward demodulation 253130,106820]
255007. mult(X0,X1) = X1 | c3 = X0 | c1 = X0 | c2 = X0 <- (~9, ~10, ~11, 13) [forward subsumption resolution 253952,10]
259480. mult(c2,X0) = mult(c2,mult(c3,X0)) <- (3, 6, 16) [superposition 3,233757]
259842. mult(e,i(mult(i(X0),c4))) = X0 <- (13) [superposition 6453,101]
259869. mult(e,X0) = X0 <- (~9, ~10, ~11, 13) [forward demodulation 259842,10025]
260017. mult(c4,X0) = X0 <- (~9, ~10, ~11, 13) [forward demodulation 259869,106820]
264096. c1 != mult(X0,c1) | c3 = X0 | c2 = X0 | c1 = X0 <- (~309) [superposition 127782,1819]
264117. c3 = X0 | c2 = X0 | c1 = X0 <- (~9, ~10, ~11, 13, ~309) [forward subsumption resolution 264096,255007]
264123. 55 | 9 | 10 | 11 | ~13 | 309 [avatar split clause 264117,127781,100,92,88,84,5383]
265994. c2 = mult(e,c1) <- (~9, ~10, ~11, 13, 35, 54) [forward demodulation 22294,5325]
266035. c2 = mult(c4,c1) <- (~9, ~10, ~11, 13, 35, 54) [forward demodulation 265994,106820]
266055. $false <- (~9, ~10, ~11, 13, 35, 54, ~247) [forward subsumption resolution 266035,64952]
266056. 9 | 10 | 11 | ~13 | ~35 | ~54 | 247 [avatar contradiction clause 266055]
271025. mult(X0,X1) = mult(e,mult(i(e),mult(i(i(X0)),X1))) [superposition 7076,28]
271033. mult(X0,X3) = mult(e,mult(mult(i(i(X1)),X2),mult(i(mult(i(X0),mult(X1,X2))),X3))) [superposition 7076,6970]
271369. mult(X0,X1) = mult(i(e),mult(i(i(X0)),X1)) <- (~9, ~10, ~11, 13) [forward demodulation 271025,7870]
271520. mult(X0,X1) = mult(i(e),mult(X0,X1)) <- (~9, ~10, ~11, 13) [forward demodulation 271369,6970]
271647. mult(X0,X1) = mult(i(c4),mult(X0,X1)) <- (~9, ~10, ~11, 13) [forward demodulation 271520,106820]
271742. mult(X0,X1) = mult(c4,mult(X0,X1)) <- (~9, ~10, ~11, 13) [forward demodulation 271647,8336]
273249. mult(e,X0) = mult(i(mult(c3,c3)),X0) <- (~9, ~10, ~11, 13, 39) [superposition 309,22369]
273300. mult(e,X0) = mult(i(c4),X0) <- (~9, ~10, ~11, 13, 39) [forward demodulation 273249,13540]
273375. mult(e,X0) = mult(c4,X0) <- (~9, ~10, ~11, 13, 39) [forward demodulation 273300,8336]
273500. c3 = c4 | c2 = mult(i(c3),c3) | c1 = mult(i(c3),c3) <- (~9, ~10, ~11, 13, 84) [superposition 7882,34582]
273567. c2 = mult(i(c3),c3) | c1 = mult(i(c3),c3) <- (~9, ~10, ~11, 13, 84) [forward subsumption resolution 273500,11]
273603. c2 = c4 | c1 = mult(i(c3),c3) <- (~9, ~10, ~11, 13, 84) [forward demodulation 273567,7882]
273626. c1 = mult(i(c3),c3) <- (~9, ~10, ~11, 13, 84) [forward subsumption resolution 273603,10]
273643. c1 = c4 <- (~9, ~10, ~11, 13, 84) [forward demodulation 273626,7882]
273652. $false <- (~9, ~10, ~11, 13, 84) [forward subsumption resolution 273643,8]
273653. 9 | 10 | 11 | ~13 | ~84 [avatar contradiction clause 273652]
273666. c2 = mult(op_b,c3) | c3 = mult(op_b,c3) | c1 = mult(op_b,c3) <- (6, ~9, ~10, ~11, 13) [forward subsumption resolution 194493,254438]
273694. c2 = mult(c2,c3) | c3 = mult(op_b,c3) | c1 = mult(op_b,c3) <- (3, 6, ~9, ~10, ~11, 13) [forward demodulation 273666,60]
274416. c2 != c2 | c2 = X0 | c3 = X0 | c1 = X0 | c1 = c3 <- (223) [superposition 9,62852]
275197. c2 = X0 | c3 = X0 | c1 = X0 | c1 = c3 <- (223) [trivial inequality removal 274416]
275311. 391 <=> c1 = mult(c1,c3) [avatar definition]
275312. c1 != mult(c1,c3) <- (~391) [avatar component clause 275311]
275313. c1 = mult(c1,c3) <- (391) [avatar component clause 275311]
275315. 392 <=> c2 = mult(c1,c3) [avatar definition]
275316. c2 != mult(c1,c3) <- (~392) [avatar component clause 275315]
275317. c2 = mult(c1,c3) <- (392) [avatar component clause 275315]
275777. c2 = X0 | c3 = X0 | c1 = X0 <- (223) [forward subsumption resolution 275197,7]
276670. 400 <=> c3 = mult(c1,c2) [avatar definition]
276671. c3 = mult(c1,c2) <- (400) [avatar component clause 276670]
276672. c3 != mult(c1,c2) <- (~400) [avatar component clause 276670]
276675. 401 <=> c2 = mult(c1,c2) [avatar definition]
276676. c2 = mult(c1,c2) <- (401) [avatar component clause 276675]
276677. c2 != mult(c1,c2) <- (~401) [avatar component clause 276675]
276681. 402 <=> c2 = mult(c2,c1) [avatar definition]
276682. c2 = mult(c2,c1) <- (402) [avatar component clause 276681]
276683. c2 != mult(c2,c1) <- (~402) [avatar component clause 276681]
276728. 407 <=> ! [X0] : mult(c2,mult(c2,X0)) = X0 [avatar definition]
276729. mult(c2,mult(c2,X0)) = X0 <- (407) [avatar component clause 276728]
276737. 55 | ~223 [avatar split clause 275777,62851,5383]
277643. 411 <=> ! [X0] : (c3 = X0 | c1 = X0 | c2 = X0 | i(c1) = X0) [avatar definition]
277644. i(c1) = X0 | c1 = X0 | c2 = X0 | c3 = X0 <- (411) [avatar component clause 277643]
277742. c3 = X0 | c1 = X0 | c2 = X0 <- (259) [superposition 65523,7081]
277913. 55 | ~259 [avatar split clause 277742,65522,5383]
278373. c3 != c3 | c2 = i(c1) | c1 = i(c1) | c1 = c4 <- (~36, 268) [superposition 549,77592]
278383. c2 = i(c1) | c1 = i(c1) | c1 = c4 <- (~36, 268) [trivial inequality removal 278373]
278388. c1 = i(c1) | c1 = c4 <- (~35, ~36, 268) [forward subsumption resolution 278383,545]
280732. mult(op_a,op_b) != mult(op_b,c4) | op_a = c2 | op_a = c1 | op_a = c3 [superposition 4,8646]
281491. mult(c3,e) = X0 | c1 = X0 | c2 = X0 | c3 = X0 <- (101) [superposition 2,38500]
281606. c3 = X0 | c1 = X0 | c2 = X0 | c3 = X0 <- (101) [forward demodulation 281491,2]
281607. c3 = X0 | c1 = X0 | c2 = X0 <- (101) [duplicate literal removal 281606]
281904. 55 | ~101 [avatar split clause 281607,38499,5383]
286433. mult(c3,X0) = mult(i(c2),mult(c2,X0)) <- (3, 6, ~9, ~10, ~11, 13, 16) [superposition 22366,259480]
286696. mult(c3,X0) = X0 <- (3, 6, ~9, ~10, ~11, 13, 16) [forward demodulation 286433,22366]
286826. 77 | ~3 | ~6 | 9 | 10 | 11 | ~13 | ~16 [avatar split clause 286696,112,100,92,88,84,71,58,33391]
286956. c3 = mult(op_b,c3) | c1 = mult(op_b,c3) <- (3, 6, ~9, ~10, ~11, 13, ~16) [forward subsumption resolution 273694,140230]
286961. c3 = mult(c2,c3) | c1 = mult(op_b,c3) <- (3, 6, ~9, ~10, ~11, 13, ~16) [forward demodulation 286956,60]
286963. c1 = mult(op_b,c3) <- (3, 6, ~9, ~10, ~11, 13, ~15, ~16) [forward subsumption resolution 286961,140226]
286965. c1 = mult(c2,c3) <- (3, 6, ~9, ~10, ~11, 13, ~15, ~16) [forward demodulation 286963,60]
286966. $false <- (3, 6, ~9, ~10, ~11, 13, ~15, ~16, ~360) [forward subsumption resolution 286965,185395]
286967. ~3 | ~6 | 9 | 10 | 11 | ~13 | 15 | 16 | 360 [avatar contradiction clause 286966]
287184. c2 = mult(i(c3),c3) <- (3, 6, ~9, ~10, ~11, 13, 19) [superposition 22366,183337]
287203. c2 = c4 <- (3, 6, ~9, ~10, ~11, 13, 19) [forward demodulation 287184,7882]
287224. $false <- (3, 6, ~9, ~10, ~11, 13, 19) [forward subsumption resolution 287203,10]
287225. ~3 | ~6 | 9 | 10 | 11 | ~13 | ~19 [avatar contradiction clause 287224]
287252. c1 != mult(op_b,c2) <- (7, ~14) [forward demodulation 105,77]
287254. c3 != mult(c4,c2) <- (7, ~26) [forward demodulation 197,77]
288291. mult(X1,i(X0)) = mult(c3,i(mult(X0,i(X1)))) <- (10) [forward demodulation 151091,90]
288662. mult(X0,X3) = mult(e,mult(i(i(X1)),mult(X2,mult(i(mult(i(X0),mult(X1,X2))),X3)))) [forward demodulation 271033,3]
288884. c2 != mult(c4,c2) <- (7, ~28) [forward demodulation 220,77]
288888. c4 != mult(c4,c2) <- (7, ~32) [forward demodulation 251,77]
288902. c2 != mult(op_b,c2) <- (7, ~16) [forward demodulation 113,77]
289259. mult(op_a,op_b) != mult(c4,op_a) | op_b = c1 <- (~2, ~3) [forward subsumption resolution 140306,59]
290110. mult(X1,i(X0)) = i(mult(X0,i(X1))) <- (10, 77) [forward demodulation 288291,33392]
290416. mult(X0,X3) = mult(X1,mult(X2,mult(i(mult(i(X0),mult(X1,X2))),X3))) [forward demodulation 288662,6449]
290887. mult(op_a,op_b) != mult(c4,op_a) <- (~1, ~2, ~3) [forward subsumption resolution 289259,51]
295349. 417 <=> ! [X1] : (mult(c4,c2) = X1 | c1 = X1 | c2 = X1 | c3 = X1) [avatar definition]
295350. mult(c4,c2) = X1 | c1 = X1 | c2 = X1 | c3 = X1 <- (417) [avatar component clause 295349]
295388. c1 = mult(c1,c4) <- (5, 29) [forward demodulation 239,69]
295465. c2 != mult(c4,c1) <- (5, ~28) [forward demodulation 220,69]
295466. c2 != mult(c1,c4) <- (5, ~31) [forward demodulation 246,69]
295471. c4 != mult(c1,c4) <- (5, ~21) [forward demodulation 155,69]
295472. c3 = mult(c1,c4) <- (5, 30) [forward demodulation 243,69]
295486. mult(c4,c1) != mult(c1,op_b) <- (~1, ~2, ~3, 5) [forward demodulation 290887,69]
295568. mult(c1,c4) != mult(c4,c1) <- (~1, ~2, ~3, 5, 8) [forward demodulation 295486,177920]
295795. c1 = c3 <- (341, 344) [forward demodulation 171244,171231]
295802. $false <- (341, 344) [forward subsumption resolution 295795,7]
295803. ~341 | ~344 [avatar contradiction clause 295802]
295818. c3 != mult(c4,c1) <- (~1, ~2, ~3, 5, 8, 344) [forward demodulation 295568,171244]
295896. c3 = mult(c2,c4) <- (7, 30) [forward demodulation 243,77]
295920. c1 = c3 <- (7, 30, 146) [forward demodulation 295896,54771]
295935. $false <- (7, 30, 146) [forward subsumption resolution 295920,7]
295936. ~7 | ~30 | ~146 [avatar contradiction clause 295935]
295937. c1 = mult(op_b,c2) <- (7, 14) [forward demodulation 106,77]
295940. c4 = mult(op_a,c4) <- (~1, ~2, ~3, 8, 17) [forward demodulation 117,177920]
295945. c1 = mult(c4,c2) <- (7, 24) [forward demodulation 176,77]
296060. c4 = mult(c1,c4) <- (~1, ~2, ~3, 5, 8, 17) [forward demodulation 295940,69]
296175. c2 = mult(c1,c4) <- (5, 31) [forward demodulation 247,69]
296327. mult(c1,c4) != mult(c4,c1) <- (~4, 5) [superposition 64,69]
296366. mult(c4,op_a) != X0 | mult(c3,X1) = mult(op_a,mult(c4,X1)) | c3 = X0 | c1 = X0 | c2 = mult(op_a,c4) | c2 = X0 | c1 = mult(op_a,c4) <- (~4) [superposition 64,619]
296488. c4 != X0 | mult(c3,X1) = mult(c4,mult(c1,X1)) | c3 = X0 | c1 = X0 | c2 = mult(c4,c1) | c2 = X0 | c1 = mult(c4,c1) <- (5, ~32) [superposition 5001,619]
296494. c4 != X0 | c3 = mult(c4,c1) | c3 = X0 | c1 = mult(c4,c1) | c2 = X0 | c2 = mult(c4,c1) | c1 = X0 <- (5, ~32) [superposition 5001,30]
296512. c3 = mult(c4,c1) | c3 = X0 | c1 = mult(c4,c1) | c2 = X0 | c2 = mult(c4,c1) | c1 = X0 <- (5, ~32) [forward subsumption resolution 296494,5]
296515. mult(c3,X1) = mult(c4,mult(c1,X1)) | c3 = X0 | c1 = X0 | c2 = mult(c4,c1) | c2 = X0 | c1 = mult(c4,c1) <- (5, ~32) [forward subsumption resolution 296488,5]
296797. c3 != c3 <- (45, ~201) [superposition 60088,2580]
296804. $false <- (45, ~201) [trivial inequality removal 296797]
296805. ~45 | 201 [avatar contradiction clause 296804]
297721. c2 = mult(e,i(mult(c4,i(c3)))) <- (50) [superposition 7259,2992]
297729. c2 = mult(e,mult(c3,i(c4))) <- (10, 50, 77) [forward demodulation 297721,290110]
297743. c2 = mult(e,i(c4)) <- (10, 50, 77) [forward demodulation 297729,33392]
297754. c2 = mult(c3,i(c4)) <- (10, 50, 77) [forward demodulation 297743,90]
297760. c2 = i(c4) <- (10, 50, 77) [forward demodulation 297754,33392]
297764. $false <- (10, ~49, 50, 77) [forward subsumption resolution 297760,2987]
297765. ~10 | 49 | ~50 | ~77 [avatar contradiction clause 297764]
300499. e = mult(c4,mult(c1,i(c1))) <- (309) [superposition 18,127783]
300512. mult(X0,mult(c4,mult(c1,i(mult(e,c1))))) = X0 <- (309) [superposition 6824,127783]
300535. mult(X0,c4) = X0 <- (309) [forward demodulation 300512,6452]
300540. e = mult(c4,e) <- (309) [forward demodulation 300499,1]
300544. 12 | ~309 [avatar split clause 300535,127781,96]
300548. e = c4 <- (309) [forward demodulation 300540,2]
300553. c3 = c4 <- (10, 309) [forward demodulation 300548,90]
300558. $false <- (10, 309) [forward subsumption resolution 300553,11]
300559. ~10 | ~309 [avatar contradiction clause 300558]
300569. ~309 | ~5 | 24 [avatar split clause 4991,174,67,127781]
300576. c3 != mult(c4,c1) <- (~4, 5, 344) [forward demodulation 296327,171244]
300585. c3 = X0 | c1 = mult(c4,c1) | c2 = X0 | c2 = mult(c4,c1) | c1 = X0 <- (5, ~26, ~32) [forward subsumption resolution 296512,5029]
300587. mult(c3,X1) = mult(c4,mult(c1,X1)) | c3 = X0 | c1 = X0 | c2 = X0 | c1 = mult(c4,c1) <- (5, ~32, ~247) [forward subsumption resolution 296515,64952]
300599. c3 = X0 | c2 = X0 | c2 = mult(c4,c1) | c1 = X0 <- (5, ~26, ~32, ~309) [forward subsumption resolution 300585,127782]
300601. mult(c3,X1) = mult(c4,mult(c1,X1)) | c3 = X0 | c1 = X0 | c2 = X0 <- (5, ~32, ~247, ~309) [forward subsumption resolution 300587,127782]
300612. c3 = X0 | c2 = X0 | c1 = X0 <- (5, ~26, ~32, ~247, ~309) [forward subsumption resolution 300599,64952]
300614. mult(c4,mult(c1,X1)) = X1 | c3 = X0 | c1 = X0 | c2 = X0 <- (5, ~32, 77, ~247, ~309) [forward demodulation 300601,33392]
300619. 55 | ~5 | 26 | 32 | 247 | 309 [avatar split clause 300612,127781,64951,249,196,67,5383]
300621. 420 <=> ! [X1] : mult(c4,mult(c1,X1)) = X1 [avatar definition]
300622. mult(c4,mult(c1,X1)) = X1 <- (420) [avatar component clause 300621]
300623. 55 | 420 | ~5 | 32 | ~77 | 247 | 309 [avatar split clause 300614,127781,64951,33391,249,67,300621,5383]
300676. c3 = mult(c4,c1) <- (5, 26) [forward demodulation 198,69]
300685. c3 = X0 | c1 = mult(c4,c1) | c2 = X0 | c2 = mult(c4,c1) | c1 = X0 <- (~1, ~2, ~3, 5, 8, ~32, 344) [forward subsumption resolution 296512,295818]
300698. c3 = X0 | c2 = X0 | c2 = mult(c4,c1) | c1 = X0 <- (~1, ~2, ~3, 5, 8, ~32, ~309, 344) [forward subsumption resolution 300685,127782]
300709. c3 = X0 | c2 = X0 | c1 = X0 <- (~1, ~2, ~3, 5, 8, ~32, ~247, ~309, 344) [forward subsumption resolution 300698,64952]
300712. 55 | 1 | 2 | 3 | ~5 | ~8 | 32 | 247 | 309 | ~344 [avatar split clause 300709,171243,127781,64951,249,79,67,58,54,50,5383]
300922. c1 = mult(e,i(mult(c4,i(c3)))) <- (344) [superposition 7259,171244]
300930. c1 = mult(e,mult(c3,i(c4))) <- (10, 77, 344) [forward demodulation 300922,290110]
300949. c1 = mult(e,i(c4)) <- (10, 77, 344) [forward demodulation 300930,33392]
300964. c1 = mult(c3,i(c4)) <- (10, 77, 344) [forward demodulation 300949,90]
300977. c1 = i(c4) <- (10, 77, 344) [forward demodulation 300964,33392]
300983. $false <- (10, ~47, 77, 344) [forward subsumption resolution 300977,2979]
300984. ~10 | 47 | ~77 | ~344 [avatar contradiction clause 300983]
300989. 11 | ~47 | ~247 [avatar split clause 73709,64951,2978,92]
300998. c1 = c2 <- (47, 49) [forward demodulation 2988,2980]
301062. c2 = mult(op_b,c2) <- (7, 16) [forward demodulation 114,77]
301066. c2 = mult(c4,c2) <- (7, 28) [forward demodulation 221,77]
301079. $false <- (47, 49) [forward subsumption resolution 300998,6]
301080. ~47 | ~49 [avatar contradiction clause 301079]
301222. mult(c2,c4) != mult(c4,c2) <- (~4, 7) [superposition 64,77]
301417. e = mult(c4,mult(X0,mult(i(mult(e,X0)),c2))) <- (49) [superposition 6869,2988]
301454. e = mult(c4,c2) <- (49) [forward demodulation 301417,6870]
301520. c3 = mult(c4,c2) <- (10, 49) [forward demodulation 301454,90]
301539. $false <- (7, 10, ~26, 49) [forward subsumption resolution 301520,287254]
301540. ~7 | ~10 | 26 | ~49 [avatar contradiction clause 301539]
301575. c3 = mult(op_b,c2) <- (7, 15) [forward demodulation 110,77]
301578. c3 = mult(c4,c2) <- (7, 26) [forward demodulation 198,77]
301610. 344 | ~5 | ~30 [avatar split clause 295472,241,67,171243]
301619. c4 = mult(c4,c1) <- (5, 32) [forward demodulation 250,69]
301663. mult(c4,c1) != X0 | mult(c3,X1) = mult(op_a,mult(c4,X1)) | c3 = X0 | c1 = X0 | c2 = mult(op_a,c4) | c2 = X0 | c1 = mult(op_a,c4) <- (~4, 5) [forward demodulation 296366,69]
301703. c4 != X0 | mult(c3,X1) = mult(op_a,mult(c4,X1)) | c3 = X0 | c1 = X0 | c2 = mult(op_a,c4) | c2 = X0 | c1 = mult(op_a,c4) <- (~4, 5, 32) [forward demodulation 301663,301619]
301719. mult(c3,X1) = mult(op_a,mult(c4,X1)) | c3 = X0 | c1 = X0 | c2 = mult(op_a,c4) | c2 = X0 | c1 = mult(op_a,c4) <- (~4, 5, 32) [forward subsumption resolution 301703,5]
301731. mult(c3,X1) = mult(c1,mult(c4,X1)) | c3 = X0 | c1 = X0 | c2 = mult(op_a,c4) | c2 = X0 | c1 = mult(op_a,c4) <- (~4, 5, 32) [forward demodulation 301719,69]
301740. mult(c1,mult(c4,X1)) = X1 | c3 = X0 | c1 = X0 | c2 = mult(op_a,c4) | c2 = X0 | c1 = mult(op_a,c4) <- (~4, 5, 32, 77) [forward demodulation 301731,33392]
301749. c2 = mult(c1,c4) | mult(c1,mult(c4,X1)) = X1 | c3 = X0 | c1 = X0 | c2 = X0 | c1 = mult(op_a,c4) <- (~4, 5, 32, 77) [forward demodulation 301740,69]
301756. mult(c1,mult(c4,X1)) = X1 | c3 = X0 | c1 = X0 | c2 = X0 | c1 = mult(op_a,c4) <- (~4, 5, 32, 77, ~343) [forward subsumption resolution 301749,171240]
301762. c1 = mult(c1,c4) | mult(c1,mult(c4,X1)) = X1 | c3 = X0 | c1 = X0 | c2 = X0 <- (~4, 5, 32, 77, ~343) [forward demodulation 301756,69]
301768. mult(c1,mult(c4,X1)) = X1 | c3 = X0 | c1 = X0 | c2 = X0 <- (~4, 5, 32, 77, ~341, ~343) [forward subsumption resolution 301762,171232]
301774. 424 <=> ! [X1] : mult(c1,mult(c4,X1)) = X1 [avatar definition]
301775. mult(c1,mult(c4,X1)) = X1 <- (424) [avatar component clause 301774]
301776. 55 | 424 | 4 | ~5 | ~32 | ~77 | 341 | 343 [avatar split clause 301768,171238,171230,33391,249,67,62,301774,5383]
301860. e = mult(c4,mult(X0,mult(i(mult(e,X0)),c1))) <- (47) [superposition 6869,2980]
301897. e = mult(c4,c1) <- (47) [forward demodulation 301860,6870]
301915. e = c4 <- (5, 32, 47) [forward demodulation 301897,301619]
301931. c3 = c4 <- (5, 10, 32, 47) [forward demodulation 301915,90]
301940. $false <- (5, 10, 32, 47) [forward subsumption resolution 301931,11]
301941. ~5 | ~10 | ~32 | ~47 [avatar contradiction clause 301940]
301953. c1 != mult(c3,c2) <- (2, 7, ~14) [forward demodulation 287252,56]
301955. c2 != mult(c3,c2) <- (2, 7, ~16) [forward demodulation 288902,56]
301963. c4 = mult(c3,c4) <- (2, 8, 22) [forward demodulation 140322,56]
301965. c2 != mult(c3,c4) <- (2, ~27) [forward demodulation 215,56]
301983. c2 != mult(c4,c3) <- (2, ~323) [forward demodulation 142046,56]
301988. c4 = mult(c4,c2) <- (7, 32) [forward demodulation 250,77]
302037. c1 != mult(op_a,c3) <- (2, ~18) [forward demodulation 141,56]
302112. op_a != c1 <- (2, ~18, 45) [forward demodulation 302037,2580]
302190. c1 != mult(c3,c1) <- (2, 5, ~14) [forward demodulation 377,56]
302197. $false <- (~4, 5, 26, 344) [forward subsumption resolution 300576,300676]
302198. 4 | ~5 | ~26 | ~344 [avatar contradiction clause 302197]
302203. c2 = mult(op_a,c3) <- (2, 20) [forward demodulation 150,56]
302258. $false <- (2, 5, ~18, 45) [forward subsumption resolution 302112,69]
302259. ~2 | ~5 | 18 | ~45 [avatar contradiction clause 302258]
302334. ~344 | ~1 | 25 [avatar split clause 1133,191,50,171243]
302399. mult(c2,op_b) != mult(op_b,c2) | c3 = X0 | c2 = X1 | c2 = X2 | X1 = X2 | op_a = X0 | op_a = X1 | op_a = X2 | c1 = X2 | c2 = X0 | c1 = X1 | c1 = X0 <- (~5) [forward subsumption resolution 14834,68]
302405. c2 != mult(c4,c1) <- (1, 8, ~27) [forward demodulation 176255,52]
302455. mult(c1,c2) != mult(c2,c1) | c3 = X0 | c2 = X1 | c2 = X2 | X1 = X2 | op_a = X0 | op_a = X1 | op_a = X2 | c1 = X2 | c2 = X0 | c1 = X1 | c1 = X0 <- (1, ~5) [forward demodulation 302399,52]
302489. c2 = X0 | mult(c1,c2) != mult(c2,c1) | c3 = X0 | c2 = X1 | c2 = X2 | X1 = X2 | op_a = X1 | op_a = X2 | c1 = X2 | c2 = X0 | c1 = X1 | c1 = X0 <- (1, ~5, 7) [forward demodulation 302455,77]
302490. c2 = X0 | mult(c1,c2) != mult(c2,c1) | c3 = X0 | c2 = X1 | c2 = X2 | X1 = X2 | op_a = X1 | op_a = X2 | c1 = X2 | c1 = X1 | c1 = X0 <- (1, ~5, 7) [duplicate literal removal 302489]
302498. c2 = X1 | c2 = X0 | mult(c1,c2) != mult(c2,c1) | c3 = X0 | c2 = X1 | c2 = X2 | X1 = X2 | op_a = X2 | c1 = X2 | c1 = X1 | c1 = X0 <- (1, ~5, 7) [forward demodulation 302490,77]
302499. c2 = X1 | c2 = X0 | mult(c1,c2) != mult(c2,c1) | c3 = X0 | c2 = X2 | X1 = X2 | op_a = X2 | c1 = X2 | c1 = X1 | c1 = X0 <- (1, ~5, 7) [duplicate literal removal 302498]
302506. c2 = X2 | c2 = X1 | c2 = X0 | mult(c1,c2) != mult(c2,c1) | c3 = X0 | c2 = X2 | X1 = X2 | c1 = X2 | c1 = X1 | c1 = X0 <- (1, ~5, 7) [forward demodulation 302499,77]
302507. c2 = X2 | c2 = X1 | c2 = X0 | mult(c1,c2) != mult(c2,c1) | c3 = X0 | X1 = X2 | c1 = X2 | c1 = X1 | c1 = X0 <- (1, ~5, 7) [duplicate literal removal 302506]
302513. 425 <=> mult(c1,c2) = mult(c2,c1) [avatar definition]
302514. mult(c1,c2) = mult(c2,c1) <- (425) [avatar component clause 302513]
302515. mult(c1,c2) != mult(c2,c1) <- (~425) [avatar component clause 302513]
302516. ~425 | 55 | 223 | ~1 | 5 | ~7 [avatar split clause 302507,75,67,50,62851,5383,302513]
302704. mult(c1,X0) = mult(e,mult(i(mult(c4,i(c4))),X0)) <- (1, 8, 22) [superposition 7258,5567]
302707. mult(c1,X0) = mult(e,mult(mult(c4,i(c4)),X0)) <- (1, 8, 10, 22, 77) [forward demodulation 302704,290110]
302721. mult(c1,X0) = mult(e,mult(c4,mult(i(c4),X0))) <- (1, 8, 10, 22, 77) [forward demodulation 302707,3]
302731. mult(e,mult(e,X0)) = mult(c1,X0) <- (1, 8, 10, 22, 77) [forward demodulation 302721,13]
302739. mult(e,X0) = mult(c1,X0) <- (1, 8, 10, 22, 77) [forward demodulation 302731,12]
302743. mult(c1,X0) = mult(c3,X0) <- (1, 8, 10, 22, 77) [forward demodulation 302739,90]
302747. mult(c1,X0) = X0 <- (1, 8, 10, 22, 77) [forward demodulation 302743,33392]
302748. 296 | ~1 | ~8 | ~10 | ~22 | ~77 [avatar split clause 302747,33391,158,88,79,50,116315]
302762. mult(c3,X1) = mult(c4,mult(c1,X1)) <- (1, 322) [forward demodulation 142013,52]
302772. $false <- (1, 8, ~27, 247) [forward subsumption resolution 302405,64953]
302773. ~1 | ~8 | 27 | ~247 [avatar contradiction clause 302772]
302806. 343 | ~1 | ~27 [avatar split clause 1652,214,50,171238]
302815. c2 = mult(c4,c1) <- (1, 323) [forward demodulation 142047,52]
302816. mult(c4,c2) = mult(c1,c2) <- (1, 8, 58, 323) [forward demodulation 168227,52]
302827. c3 = mult(c1,c2) <- (1, 7, 8, 26, 58, 323) [forward demodulation 302816,301578]
302847. c4 = i(mult(e,c4)) <- (77, 184) [forward demodulation 136862,33392]
302877. c4 = i(mult(c3,c4)) <- (10, 77, 184) [forward demodulation 302847,90]
302906. c4 = i(c4) <- (10, 77, 184) [forward demodulation 302877,33392]
302926. c2 = c4 <- (10, 49, 77, 184) [forward demodulation 302906,2988]
302941. $false <- (10, 49, 77, 184) [forward subsumption resolution 302926,10]
302942. ~10 | ~49 | ~77 | ~184 [avatar contradiction clause 302941]
302983. 400 | ~1 | ~7 | ~8 | ~26 | ~58 | ~323 [avatar split clause 302827,142045,5727,196,79,75,50,276670]
303188. c4 != X0 | c3 = mult(op_a,c1) | c3 = X0 | c1 = mult(op_a,c1) | c2 = X0 | c2 = mult(op_a,c1) | c1 = X0 <- (1, ~17) [superposition 255,30]
303206. c3 = mult(op_a,c1) | c3 = X0 | c1 = mult(op_a,c1) | c2 = X0 | c2 = mult(op_a,c1) | c1 = X0 <- (1, ~17) [forward subsumption resolution 303188,5]
303596. c3 != mult(c2,c4) <- (~4, 7, 26) [superposition 301222,301578]
303639. mult(c2,c4) = mult(c4,c2) <- (4, 7) [forward demodulation 63,77]
303647. c3 = mult(c2,c4) <- (4, 7, 26) [forward demodulation 303639,301578]
303693. e = mult(op_a,mult(c1,i(c1))) <- (1, 18) [superposition 18,395]
303707. mult(X0,mult(op_a,mult(c1,i(mult(e,c1))))) = X0 <- (1, 18) [superposition 6824,395]
303726. mult(X0,op_a) = X0 <- (1, 18) [forward demodulation 303707,6452]
303737. e = mult(op_a,e) <- (1, 18) [forward demodulation 303693,1]
303754. e = op_a <- (1, 18) [forward demodulation 303737,2]
303768. e = c2 <- (1, 7, 18) [forward demodulation 303754,77]
303779. 11 | ~1 | ~7 | ~18 [avatar split clause 303768,140,75,50,92]
303787. c1 != mult(c2,c1) <- (1, 7, ~18) [forward demodulation 405,77]
303800. c3 != mult(c2,c1) <- (1, 7, ~19) [forward demodulation 12371,77]
303824. c3 = mult(c2,c1) | c3 = X0 | c1 = mult(op_a,c1) | c2 = X0 | c2 = mult(op_a,c1) | c1 = X0 <- (1, 7, ~17) [forward demodulation 303206,77]
303856. c3 = X0 | c1 = mult(op_a,c1) | c2 = X0 | c2 = mult(op_a,c1) | c1 = X0 <- (1, 7, ~17, ~19) [forward subsumption resolution 303824,303800]
303867. c1 = mult(c2,c1) | c3 = X0 | c2 = X0 | c2 = mult(op_a,c1) | c1 = X0 <- (1, 7, ~17, ~19) [forward demodulation 303856,77]
303876. c3 = X0 | c2 = X0 | c2 = mult(op_a,c1) | c1 = X0 <- (1, 7, ~17, ~18, ~19) [forward subsumption resolution 303867,303787]
303883. c2 = mult(c2,c1) | c3 = X0 | c2 = X0 | c1 = X0 <- (1, 7, ~17, ~18, ~19) [forward demodulation 303876,77]
303891. c3 = X0 | c2 = X0 | c1 = X0 <- (1, 7, ~17, ~18, ~19, ~402) [forward subsumption resolution 303883,276683]
303897. 55 | ~1 | ~7 | 17 | 18 | 19 | 402 [avatar split clause 303891,276681,144,140,116,75,50,5383]
303900. 426 <=> ! [X1] : mult(c2,mult(c1,X1)) = X1 [avatar definition]
303901. mult(c2,mult(c1,X1)) = X1 <- (426) [avatar component clause 303900]
303917. 427 <=> ! [X1] : mult(c1,mult(c2,X1)) = X1 [avatar definition]
303918. mult(c1,mult(c2,X1)) = X1 <- (427) [avatar component clause 303917]
304019. c4 != X0 | mult(c3,X1) = mult(c4,mult(c1,X1)) | c3 = X0 | c1 = X0 | c2 = mult(c4,c1) | c2 = X0 | c1 = mult(c4,c1) <- (1, ~22) [superposition 1052,619]
304022. c4 != c4 | c2 = mult(c4,c1) | c3 = mult(c4,c1) | c1 = mult(c4,c1) <- (1, ~22) [superposition 1052,5]
304039. c2 = mult(c4,c1) | c3 = mult(c4,c1) | c1 = mult(c4,c1) <- (1, ~22) [trivial inequality removal 304022]
304383. mult(c1,c2) = mult(c2,c1) <- (4, 7, 56) [forward demodulation 69158,77]
304417. $false <- (4, 7, 56, ~425) [forward subsumption resolution 304383,302515]
304418. ~4 | ~7 | ~56 | 425 [avatar contradiction clause 304417]
304490. ~343 | ~1 | 8 | ~247 [avatar split clause 75356,64951,79,50,171238]
304785. 430 <=> ! [X0] : (c3 = X0 | c1 = X0 | c2 = X0 | mult(c1,c4) = X0) [avatar definition]
304786. c3 = X0 | c1 = X0 | c2 = X0 | mult(c1,c4) = X0 <- (430) [avatar component clause 304785]
304974. c4 != c4 | c2 = mult(c2,c4) | c3 = mult(c2,c4) | c1 = mult(c2,c4) <- (~379) [superposition 233366,5]
304991. c2 = mult(c2,c4) | c3 = mult(c2,c4) | c1 = mult(c2,c4) <- (~379) [trivial inequality removal 304974]
305093. i(c1) = mult(c4,e) <- (420) [superposition 300622,1]
305190. c4 = i(mult(e,c1)) <- (420) [superposition 6452,300622]
305304. c4 = i(c1) <- (420) [forward demodulation 305093,2]
305516. c2 = mult(c1,c3) <- (7, 26, 424) [superposition 301775,301578]
305517. c4 = mult(c1,c2) <- (58, 424) [superposition 301775,5729]
305528. i(c4) = mult(c1,e) <- (424) [superposition 301775,1]
305542. mult(c1,e) = mult(X0,i(mult(c4,X0))) <- (424) [superposition 301775,18]
305726. i(c4) = mult(c1,e) <- (424) [forward demodulation 305542,132045]
305738. c1 = i(c4) <- (424) [forward demodulation 305528,2]
305747. c1 = c2 <- (7, 26, 45, 424) [forward demodulation 305516,2580]
305806. c1 = i(c4) <- (424) [forward demodulation 305726,2]
305813. $false <- (~47, 424) [forward subsumption resolution 305738,2979]
305814. 47 | ~424 [avatar contradiction clause 305813]
305819. $false <- (7, 26, 45, 424) [forward subsumption resolution 305747,6]
305820. ~7 | ~26 | ~45 | ~424 [avatar contradiction clause 305819]
305871. $false <- (~47, 424) [forward subsumption resolution 305806,2979]
305872. 47 | ~424 [avatar contradiction clause 305871]
305988. c4 = mult(e,i(mult(c1,i(c2)))) <- (247) [superposition 7259,64953]
306002. c4 = mult(e,mult(c2,i(c1))) <- (10, 77, 247) [forward demodulation 305988,290110]
306011. c4 = mult(c3,mult(c2,i(c1))) <- (10, 77, 247) [forward demodulation 306002,90]
306019. c4 = mult(c2,i(c1)) <- (10, 77, 247) [forward demodulation 306011,33392]
306037. c4 != mult(c1,c2) | c2 = mult(c2,c1) | c3 = mult(c2,c1) | c1 = mult(c2,c1) <- (~425) [superposition 302515,5]
306089. c1 = mult(e,i(mult(c2,i(c3)))) <- (400) [superposition 7259,276671]
306097. c1 = mult(e,mult(c3,i(c2))) <- (10, 77, 400) [forward demodulation 306089,290110]
306116. c1 = mult(e,i(c2)) <- (10, 77, 400) [forward demodulation 306097,33392]
306130. c1 = mult(e,c4) <- (10, 49, 77, 400) [forward demodulation 306116,225235]
306139. c1 = mult(c3,c4) <- (10, 49, 77, 400) [forward demodulation 306130,90]
306145. c1 = c4 <- (10, 49, 77, 400) [forward demodulation 306139,33392]
306148. $false <- (10, 49, 77, 400) [forward subsumption resolution 306145,8]
306149. ~10 | ~49 | ~77 | ~400 [avatar contradiction clause 306148]
306183. c3 != mult(op_b,c2) <- (7, ~15) [forward demodulation 109,77]
306221. mult(c1,e) = mult(X0,i(mult(c2,X0))) <- (427) [superposition 303918,18]
306328. c1 = mult(e,i(mult(mult(c2,X0),i(X0)))) <- (427) [superposition 7259,303918]
306330. c1 = mult(e,mult(X0,i(mult(c2,X0)))) <- (10, 77, 427) [forward demodulation 306328,290110]
306395. i(c2) = mult(c1,e) <- (427) [forward demodulation 306221,132045]
306412. c1 = mult(e,i(c2)) <- (10, 77, 427) [forward demodulation 306330,132045]
306459. c1 = i(c2) <- (427) [forward demodulation 306395,2]
306472. c1 = mult(e,c4) <- (10, 49, 77, 427) [forward demodulation 306412,225235]
306512. $false <- (~52, 427) [forward subsumption resolution 306459,5316]
306513. 52 | ~427 [avatar contradiction clause 306512]
306520. c1 = mult(c3,c4) <- (10, 49, 77, 427) [forward demodulation 306472,90]
306544. c1 = c4 <- (10, 49, 77, 427) [forward demodulation 306520,33392]
306554. $false <- (10, 49, 77, 427) [forward subsumption resolution 306544,8]
306555. ~10 | ~49 | ~77 | ~427 [avatar contradiction clause 306554]
306992. c2 = mult(e,i(mult(c1,i(c2)))) <- (402) [superposition 7259,276682]
307006. c2 = mult(e,mult(c2,i(c1))) <- (10, 77, 402) [forward demodulation 306992,290110]
307016. c2 = mult(e,c4) <- (10, 77, 247, 402) [forward demodulation 307006,306019]
307023. c2 = mult(c3,c4) <- (10, 77, 247, 402) [forward demodulation 307016,90]
307030. $false <- (10, ~42, 77, 247, 402) [forward subsumption resolution 307023,2291]
307031. ~10 | 42 | ~77 | ~247 | ~402 [avatar contradiction clause 307030]
307040. $false <- (1, ~247, 323) [forward subsumption resolution 302815,64952]
307041. ~1 | 247 | ~323 [avatar contradiction clause 307040]
307046. c3 = mult(c4,c1) | c1 = mult(c4,c1) <- (1, ~22, ~247) [forward subsumption resolution 304039,64952]
307048. mult(c3,X1) = mult(c4,mult(c1,X1)) | c3 = X0 | c1 = X0 | c2 = mult(c4,c1) | c2 = X0 | c1 = mult(c4,c1) <- (1, ~22) [forward subsumption resolution 304019,5]
307055. c3 = mult(c4,c1) <- (1, ~22, ~247, ~309) [forward subsumption resolution 307046,127782]
307056. mult(c3,X1) = mult(c4,mult(c1,X1)) | c3 = X0 | c1 = X0 | c2 = X0 | c1 = mult(c4,c1) <- (1, ~22, ~247) [forward subsumption resolution 307048,64952]
307061. mult(c3,X1) = mult(c4,mult(c1,X1)) | c3 = X0 | c1 = X0 | c2 = X0 <- (1, ~22, ~247, ~309) [forward subsumption resolution 307056,127782]
307062. mult(c4,mult(c1,X1)) = X1 | c3 = X0 | c1 = X0 | c2 = X0 <- (1, ~22, 77, ~247, ~309) [forward demodulation 307061,33392]
307063. 55 | 420 | ~1 | 22 | ~77 | 247 | 309 [avatar split clause 307062,127781,64951,33391,158,50,300621,5383]
307064. c1 = mult(c4,c1) <- (1, 321) [forward demodulation 142010,52]
307174. mult(e,X0) = mult(c1,mult(c4,X0)) <- (420) [superposition 13,305304]
307182. c1 = mult(e,i(mult(e,c4))) <- (420) [superposition 6846,305304]
307183. e = mult(c1,mult(X0,mult(i(mult(e,X0)),c4))) <- (420) [superposition 6869,305304]
307191. c1 = mult(X0,i(mult(c4,X0))) <- (420) [superposition 7081,305304]
307203. c1 = i(c4) <- (420) [forward demodulation 307191,132045]
307209. e = mult(c1,c4) <- (420) [forward demodulation 307183,6870]
307210. c1 = mult(c3,i(mult(c3,c4))) <- (10, 420) [forward demodulation 307182,90]
307217. mult(c3,X0) = mult(c1,mult(c4,X0)) <- (10, 420) [forward demodulation 307174,90]
307222. $false <- (~47, 420) [forward subsumption resolution 307203,2979]
307223. 47 | ~420 [avatar contradiction clause 307222]
307228. c3 = mult(c1,c4) <- (10, 420) [forward demodulation 307209,90]
307229. c1 = i(mult(c3,c4)) <- (10, 77, 420) [forward demodulation 307210,33392]
307233. mult(c1,mult(c4,X0)) = X0 <- (10, 77, 420) [forward demodulation 307217,33392]
307243. $false <- (10, ~344, 420) [forward subsumption resolution 307228,171245]
307244. ~10 | 344 | ~420 [avatar contradiction clause 307243]
307245. c1 = i(c4) <- (10, 77, 420) [forward demodulation 307229,33392]
307249. 424 | ~10 | ~77 | ~420 [avatar split clause 307233,300621,33391,88,301774]
307254. $false <- (10, ~47, 77, 420) [forward subsumption resolution 307245,2979]
307255. ~10 | 47 | ~77 | ~420 [avatar contradiction clause 307254]
307258. mult(c4,mult(c1,X1)) = X1 <- (1, 77, 322) [forward demodulation 302762,33392]
307264. 420 | ~1 | ~77 | ~322 [avatar split clause 307258,142012,33391,50,300621]
307350. mult(c4,X0) = mult(e,mult(i(mult(c1,i(c4))),X0)) <- (1, 22) [superposition 7258,1066]
307357. mult(c4,X0) = mult(e,mult(mult(c4,i(c1)),X0)) <- (1, 10, 22, 77) [forward demodulation 307350,290110]
307372. mult(c4,X0) = mult(e,mult(c4,mult(i(c1),X0))) <- (1, 10, 22, 77) [forward demodulation 307357,3]
307385. mult(c4,X0) = mult(c3,mult(c4,mult(i(c1),X0))) <- (1, 10, 22, 77) [forward demodulation 307372,90]
307396. mult(c4,X0) = mult(c4,mult(i(c1),X0)) <- (1, 10, 22, 77) [forward demodulation 307385,33392]
307446. c4 != X0 | c3 = mult(c1,c4) | c3 = X0 | c1 = mult(c1,c4) | c2 = X0 | c2 = mult(c1,c4) | c1 = X0 <- (1, ~8, 22) [superposition 5915,30]
307466. c3 = mult(c1,c4) | c3 = X0 | c1 = mult(c1,c4) | c2 = X0 | c2 = mult(c1,c4) | c1 = X0 <- (1, ~8, 22) [forward subsumption resolution 307446,5]
307515. mult(c1,X0) = mult(c1,mult(c4,X0)) <- (341) [superposition 3,171231]
307518. mult(e,X0) = mult(c1,mult(c4,mult(i(c1),X0))) <- (341) [superposition 309,171231]
307552. mult(e,X0) = mult(c1,mult(c4,X0)) <- (1, 10, 22, 77, 341) [forward demodulation 307518,307396]
307568. mult(e,X0) = mult(c1,X0) <- (1, 10, 22, 77, 341) [forward demodulation 307552,307515]
307575. mult(c1,X0) = mult(c3,X0) <- (1, 10, 22, 77, 341) [forward demodulation 307568,90]
307582. mult(c1,X0) = X0 <- (1, 10, 22, 77, 341) [forward demodulation 307575,33392]
307587. 296 | ~1 | ~10 | ~22 | ~77 | ~341 [avatar split clause 307582,171230,33391,158,88,50,116315]
307589. c3 = mult(c2,c1) <- (1, 7, 19) [forward demodulation 422,77]
307609. ~341 | ~1 | 23 [avatar split clause 378,169,50,171230]
307626. c4 != mult(c1,c2) | c3 = mult(c2,c1) | c1 = mult(c2,c1) <- (~402, ~425) [forward subsumption resolution 306037,276683]
307636. c3 = X0 | c1 = mult(c1,c4) | c2 = X0 | c2 = mult(c1,c4) | c1 = X0 <- (1, ~8, 22, ~344) [forward subsumption resolution 307466,171245]
307662. c3 = X0 | c2 = X0 | c2 = mult(c1,c4) | c1 = X0 <- (1, ~8, 22, ~341, ~344) [forward subsumption resolution 307636,171232]
307687. c3 = X0 | c2 = X0 | c1 = X0 <- (1, ~8, 22, ~341, ~343, ~344) [forward subsumption resolution 307662,171240]
307702. 55 | ~1 | 8 | ~22 | 341 | 343 | 344 [avatar split clause 307687,171243,171238,171230,158,79,50,5383]
307774. c3 != mult(c1,c2) <- (1, 7, 19, ~425) [superposition 302515,307589]
307877. e = mult(c1,mult(X0,mult(i(mult(e,X0)),c2))) <- (35) [superposition 6869,546]
307889. c1 = i(c2) <- (35) [superposition 112404,546]
307913. e = mult(c1,c2) <- (35) [forward demodulation 307877,6870]
307932. c3 = mult(c1,c2) <- (10, 35) [forward demodulation 307913,90]
307947. $false <- (10, 35, ~400) [forward subsumption resolution 307932,276672]
307948. ~10 | ~35 | 400 [avatar contradiction clause 307947]
307969. c4 = mult(c2,c1) <- (1, 7, 17) [forward demodulation 404,77]
308619. mult(c4,X0) = mult(e,mult(i(mult(c1,i(c2))),X0)) <- (247) [superposition 7258,64953]
308620. c4 = mult(e,i(mult(c1,i(c2)))) <- (247) [superposition 7259,64953]
308634. c4 = mult(e,mult(c2,i(c1))) <- (10, 77, 247) [forward demodulation 308620,290110]
308635. mult(c4,X0) = mult(e,mult(mult(c2,i(c1)),X0)) <- (10, 77, 247) [forward demodulation 308619,290110]
308643. c4 = mult(c3,mult(c2,i(c1))) <- (10, 77, 247) [forward demodulation 308634,90]
308644. mult(c4,X0) = mult(e,mult(c2,mult(i(c1),X0))) <- (10, 77, 247) [forward demodulation 308635,3]
308651. c4 = mult(c2,i(c1)) <- (10, 77, 247) [forward demodulation 308643,33392]
308652. mult(c4,X0) = mult(c3,mult(c2,mult(i(c1),X0))) <- (10, 77, 247) [forward demodulation 308644,90]
308659. mult(c4,X0) = mult(c2,mult(i(c1),X0)) <- (10, 77, 247) [forward demodulation 308652,33392]
308719. e = mult(c1,mult(c2,i(c2))) <- (401) [superposition 18,276676]
308754. e = mult(c1,e) <- (401) [forward demodulation 308719,1]
308765. e = c1 <- (401) [forward demodulation 308754,2]
308775. $false <- (~9, 401) [forward subsumption resolution 308765,85]
308776. 9 | ~401 [avatar contradiction clause 308775]
308837. 341 | ~1 | ~23 [avatar split clause 353,169,50,171230]
308866. mult(e,X0) = mult(c1,mult(c2,mult(i(c1),X0))) <- (285) [superposition 309,114846]
308900. mult(e,X0) = mult(c1,mult(c4,X0)) <- (10, 77, 247, 285) [forward demodulation 308866,308659]
308915. mult(c3,X0) = mult(c1,mult(c4,X0)) <- (10, 77, 247, 285) [forward demodulation 308900,90]
308924. mult(c1,mult(c4,X0)) = X0 <- (10, 77, 247, 285) [forward demodulation 308915,33392]
308931. 424 | ~10 | ~77 | ~247 | ~285 [avatar split clause 308924,114844,64951,33391,88,301774]
308939. mult(X0,op_b) != mult(op_b,X0) | c3 = X0 | op_a = c1 | c2 = X0 | op_a = c2 | c1 = X0 <- (~6) [forward subsumption resolution 727,72]
308978. 433 <=> c1 = mult(c2,c1) [avatar definition]
308979. c1 != mult(c2,c1) <- (~433) [avatar component clause 308978]
308980. c1 = mult(c2,c1) <- (433) [avatar component clause 308978]
308982. 434 <=> c3 = mult(c2,c1) [avatar definition]
308983. c3 != mult(c2,c1) <- (~434) [avatar component clause 308982]
308984. c3 = mult(c2,c1) <- (434) [avatar component clause 308982]
308990. 436 <=> c4 = mult(c1,c2) [avatar definition]
308991. c4 = mult(c1,c2) <- (436) [avatar component clause 308990]
308992. c4 != mult(c1,c2) <- (~436) [avatar component clause 308990]
308993. 433 | 434 | ~436 | 402 | 425 [avatar split clause 307626,302513,276681,308990,308982,308978]
309048. 438 <=> ! [X0] : (c3 = X0 | c1 = X0 | c2 = X0 | op_a = X0) [avatar definition]
309049. op_a = X0 | c1 = X0 | c2 = X0 | c3 = X0 <- (438) [avatar component clause 309048]
309179. c3 = mult(c4,c4) | op_a = c2 | op_a = c3 | op_a = c1 <- (26) [superposition 198,5]
309247. c4 = mult(e,i(mult(op_a,i(c3)))) <- (26) [superposition 7259,198]
309248. c3 = mult(c4,c4) | op_a = c2 | op_a = c1 | op_a = c3 <- (26) [superposition 8646,198]
309262. c3 = mult(c4,c4) | op_a = c1 | op_a = c3 <- (~7, 26) [forward subsumption resolution 309248,76]
309263. c4 = mult(e,mult(c3,i(op_a))) <- (10, 26, 77) [forward demodulation 309247,290110]
309287. c3 = mult(c4,c4) | op_a = c3 | op_a = c1 <- (~7, 26) [forward subsumption resolution 309179,76]
309288. c3 = mult(c4,c4) | op_a = c3 <- (~5, ~7, 26) [forward subsumption resolution 309262,68]
309289. c4 = mult(e,i(op_a)) <- (10, 26, 77) [forward demodulation 309263,33392]
309306. c3 = mult(c4,c4) | op_a = c1 <- (~6, ~7, 26) [forward subsumption resolution 309287,72]
309307. c3 = mult(c4,c4) <- (~5, ~6, ~7, 26) [forward subsumption resolution 309288,72]
309308. c4 = mult(c3,i(op_a)) <- (10, 26, 77) [forward demodulation 309289,90]
309321. c3 = mult(c4,c4) <- (~5, ~6, ~7, 26) [forward subsumption resolution 309306,68]
309323. c4 = i(op_a) <- (10, 26, 77) [forward demodulation 309308,33392]
309328. c2 = c3 <- (~5, ~6, ~7, 26, 58) [forward demodulation 309321,5729]
309335. $false <- (~5, ~6, ~7, 26, 58) [forward subsumption resolution 309328,9]
309336. 5 | 6 | 7 | ~26 | ~58 [avatar contradiction clause 309335]
309338. 29 | ~4 | 21 | 26 | 28 [avatar split clause 510,219,196,153,62,237]
309372. c1 = mult(c4,c4) | op_a = c2 | op_a = c3 | op_a = c1 <- (24) [superposition 176,5]
309479. op_a = c2 | op_a = c3 | op_a = c1 <- (24, ~56) [forward subsumption resolution 309372,5387]
309494. op_a = c3 | op_a = c1 <- (~7, 24, ~56) [forward subsumption resolution 309479,76]
309509. op_a = c1 <- (~6, ~7, 24, ~56) [forward subsumption resolution 309494,72]
309522. $false <- (~5, ~6, ~7, 24, ~56) [forward subsumption resolution 309509,68]
309523. 5 | 6 | 7 | ~24 | 56 [avatar contradiction clause 309522]
309618. c2 = mult(c4,c4) | op_a = c2 | op_a = c3 | op_a = c1 <- (28) [superposition 221,5]
309820. op_a = mult(e,i(mult(c4,i(c3)))) <- (30) [superposition 7259,243]
309829. op_a = mult(e,mult(c3,i(c4))) <- (10, 30, 77) [forward demodulation 309820,290110]
309857. op_a = mult(e,i(c4)) <- (10, 30, 77) [forward demodulation 309829,33392]
309884. op_a = mult(e,c2) <- (10, 30, 49, 77) [forward demodulation 309857,2988]
309902. op_a = mult(c3,c2) <- (10, 30, 49, 77) [forward demodulation 309884,90]
309913. op_a = c2 <- (10, 30, 49, 77) [forward demodulation 309902,33392]
309924. $false <- (~7, 10, 30, 49, 77) [forward subsumption resolution 309913,76]
309925. 7 | ~10 | ~30 | ~49 | ~77 [avatar contradiction clause 309924]
309993. op_a = c2 | op_a = c3 | op_a = c1 <- (28, ~58) [forward subsumption resolution 309618,5728]
310005. c3 = mult(c2,c4) | c1 = mult(c2,c4) <- (~147, ~379) [forward subsumption resolution 304991,54774]
310059. op_a = c3 | op_a = c1 <- (~7, 28, ~58) [forward subsumption resolution 309993,76]
310065. c1 = mult(c2,c4) <- (~50, ~147, ~379) [forward subsumption resolution 310005,2991]
310100. op_a = c1 <- (~6, ~7, 28, ~58) [forward subsumption resolution 310059,72]
310124. $false <- (~5, ~6, ~7, 28, ~58) [forward subsumption resolution 310100,68]
310125. 5 | 6 | 7 | ~28 | 58 [avatar contradiction clause 310124]
310475. c4 != mult(c4,c4) | op_a = c2 | op_a = c1 | op_a = c3 <- (~32) [superposition 251,8646]
310500. c4 != mult(c4,c4) | op_a = c1 | op_a = c3 <- (~7, ~32) [forward subsumption resolution 310475,76]
310517. c4 != mult(c4,c4) | op_a = c3 <- (~5, ~7, ~32) [forward subsumption resolution 310500,68]
310531. c4 != mult(c4,c4) <- (~5, ~6, ~7, ~32) [forward subsumption resolution 310517,72]
310942. c2 = mult(c4,c1) | op_a = c3 | op_a = c2 | op_a = c1 <- (1, 20) [superposition 1819,6268]
311595. c2 = mult(e,i(mult(c4,i(c1)))) <- (146) [superposition 7259,54771]
311608. c2 = mult(e,mult(c1,i(c4))) <- (10, 77, 146) [forward demodulation 311595,290110]
311617. c2 = mult(e,mult(c1,c4)) <- (10, 77, 146, 184) [forward demodulation 311608,138441]
311625. c2 = mult(c3,mult(c1,c4)) <- (10, 77, 146, 184) [forward demodulation 311617,90]
311632. c2 = mult(c1,c4) <- (10, 77, 146, 184) [forward demodulation 311625,33392]
313703. e = mult(c2,mult(c1,i(c1))) <- (433) [superposition 18,308980]
313735. e = mult(c2,e) <- (433) [forward demodulation 313703,1]
313742. e = c2 <- (433) [forward demodulation 313735,2]
313747. 11 | ~433 [avatar split clause 313742,308978,92]
314004. c4 != X0 | mult(c3,X1) = mult(c1,mult(c2,X1)) | c3 = X0 | c1 = X0 | c2 = mult(c1,c2) | c2 = X0 | c1 = mult(c1,c2) <- (~436) [superposition 308992,619]
314031. mult(c3,X1) = mult(c1,mult(c2,X1)) | c3 = X0 | c1 = X0 | c2 = mult(c1,c2) | c2 = X0 | c1 = mult(c1,c2) <- (~436) [forward subsumption resolution 314004,5]
314035. mult(c3,X1) = mult(c1,mult(c2,X1)) | c3 = X0 | c1 = X0 | c2 = X0 | c1 = mult(c1,c2) <- (~401, ~436) [forward subsumption resolution 314031,276677]
314039. mult(c3,X1) = mult(c1,mult(c2,X1)) | c3 = X0 | c1 = X0 | c2 = X0 <- (~285, ~401, ~436) [forward subsumption resolution 314035,114845]
314046. mult(c1,mult(c2,X1)) = X1 | c3 = X0 | c1 = X0 | c2 = X0 <- (77, ~285, ~401, ~436) [forward demodulation 314039,33392]
314048. 55 | 427 | ~77 | 285 | 401 | 436 [avatar split clause 314046,308990,276675,114844,33391,303917,5383]
314137. c2 = mult(e,i(mult(c1,i(c3)))) <- (434) [superposition 7259,308984]
314145. c2 = mult(e,mult(c3,i(c1))) <- (10, 77, 434) [forward demodulation 314137,290110]
314158. c2 = mult(e,i(c1)) <- (10, 77, 434) [forward demodulation 314145,33392]
314169. c2 = mult(c3,i(c1)) <- (10, 77, 434) [forward demodulation 314158,90]
314179. c2 = i(c1) <- (10, 77, 434) [forward demodulation 314169,33392]
314186. $false <- (10, ~35, 77, 434) [forward subsumption resolution 314179,545]
314187. ~10 | 35 | ~77 | ~434 [avatar contradiction clause 314186]
314230. c4 = mult(c1,c2) <- (147, 427) [superposition 303918,54775]
314587. e = mult(c2,mult(X0,mult(i(mult(e,X0)),c1))) <- (52) [superposition 6869,5317]
314595. c2 = mult(X0,i(mult(c1,X0))) <- (52) [superposition 7081,5317]
314619. c2 = i(c1) <- (52) [forward demodulation 314595,132045]
314624. e = mult(c2,c1) <- (52) [forward demodulation 314587,6870]
314634. $false <- (~35, 52) [forward subsumption resolution 314619,545]
314635. 35 | ~52 [avatar contradiction clause 314634]
314639. c3 = mult(c2,c1) <- (10, 52) [forward demodulation 314624,90]
314654. $false <- (10, 52, ~434) [forward subsumption resolution 314639,308983]
314655. ~10 | ~52 | 434 [avatar contradiction clause 314654]
314697. c2 = mult(e,i(mult(c1,i(mult(c1,c2))))) <- (425) [superposition 7259,302514]
314698. c2 = mult(e,mult(mult(c1,c2),i(c1))) <- (10, 77, 425) [forward demodulation 314697,290110]
314712. c2 = mult(e,mult(c1,mult(c2,i(c1)))) <- (10, 77, 425) [forward demodulation 314698,3]
314724. c2 = mult(e,mult(c1,c4)) <- (10, 77, 247, 425) [forward demodulation 314712,308651]
314736. c2 = mult(c3,mult(c1,c4)) <- (10, 77, 247, 425) [forward demodulation 314724,90]
314747. c2 = mult(c1,c4) <- (10, 77, 247, 425) [forward demodulation 314736,33392]
314772. 52 | ~35 [avatar split clause 307889,544,5315]
314800. c3 != mult(c2,c1) <- (400, ~425) [forward demodulation 302515,276671]
314846. op_a = mult(c3,i(c4)) <- (10, 30, 77) [forward demodulation 309857,90]
314853. op_a = mult(c4,c1) <- (4, 24, ~47, ~48, ~49) [forward demodulation 64635,176]
315100. c1 = c3 <- (~5, ~6, ~7, 26, 56) [forward demodulation 309307,5388]
315139. op_a = i(c4) <- (10, 30, 77) [forward demodulation 314846,33392]
315315. $false <- (~5, ~6, ~7, 26, 56) [forward subsumption resolution 315100,7]
315316. 5 | 6 | 7 | ~26 | ~56 [avatar contradiction clause 315315]
315945. 343 | ~10 | ~77 | ~146 | ~184 [avatar split clause 311632,59817,54769,33391,88,171238]
315983. c2 = mult(c4,c1) | op_a = c2 | op_a = c1 <- (1, ~6, 20) [forward subsumption resolution 310942,72]
316125. c2 = mult(c4,c1) | op_a = c1 <- (1, ~6, ~7, 20) [forward subsumption resolution 315983,76]
316190. c2 = mult(c4,c1) <- (1, ~5, ~6, ~7, 20) [forward subsumption resolution 316125,68]
316225. 247 | ~1 | 5 | 6 | 7 | ~20 [avatar split clause 316190,148,75,71,67,50,64951]
316478. mult(e,X0) = mult(c1,mult(c2,X0)) <- (35) [superposition 13,546]
316527. mult(e,X0) = X0 <- (35, 427) [forward demodulation 316478,303918]
316643. c1 = mult(c4,c4) | op_a = c2 | op_a = c3 | op_a = c1 <- (29) [superposition 239,5]
316787. op_a = c2 | op_a = c3 | op_a = c1 <- (29, ~56) [forward subsumption resolution 316643,5387]
316818. op_a = c3 | op_a = c1 <- (~7, 29, ~56) [forward subsumption resolution 316787,76]
316842. op_a = c1 <- (~6, ~7, 29, ~56) [forward subsumption resolution 316818,72]
316862. $false <- (~5, ~6, ~7, 29, ~56) [forward subsumption resolution 316842,68]
316863. 5 | 6 | 7 | ~29 | 56 [avatar contradiction clause 316862]
317138. c3 = c4 <- (21, 30) [forward demodulation 154,243]
317139. 32 | ~4 | ~21 [avatar split clause 8801,153,62,249]
317141. op_a = c3 <- (4, 10, 32) [forward demodulation 8664,90]
317315. $false <- (21, 30) [forward subsumption resolution 317138,11]
317316. ~21 | ~30 [avatar contradiction clause 317315]
317318. $false <- (4, ~6, 10, 32) [forward subsumption resolution 317141,72]
317319. ~4 | 6 | ~10 | ~32 [avatar contradiction clause 317318]
317919. ~247 | ~5 | 28 [avatar split clause 295465,219,67,64951]
317920. ~343 | ~5 | 31 [avatar split clause 295466,245,67,171238]
317954. 436 | ~58 | ~424 [avatar split clause 305517,301774,5727,308990]
317966. c4 = i(c2) <- (77, 381) [forward demodulation 238472,33392]
318199. mult(c1,c4) = mult(c4,c1) <- (4, 5) [forward demodulation 63,69]
318217. mult(op_a,c2) != X0 | mult(c3,X1) = mult(op_b,mult(op_a,X1)) | c3 = X0 | c1 = X0 | mult(op_b,op_a) = c2 | c2 = X0 | mult(op_b,op_a) = c1 <- (3) [forward demodulation 13043,60]
318218. mult(c2,op_a) != mult(op_a,c2) | c3 = X0 | c2 = X1 | c2 = X2 | X1 = X2 | op_b = X0 | op_b = X1 | op_b = X2 | c1 = X2 | c2 = X0 | c1 = X1 | c1 = X0 <- (~1) [forward subsumption resolution 14847,51]
318902. mult(c1,c2) != X0 | mult(c3,X1) = mult(op_b,mult(op_a,X1)) | c3 = X0 | c1 = X0 | mult(op_b,op_a) = c2 | c2 = X0 | mult(op_b,op_a) = c1 <- (3, 5) [forward demodulation 318217,69]
318903. mult(c1,c2) != mult(c2,c1) | c3 = X0 | c2 = X1 | c2 = X2 | X1 = X2 | op_b = X0 | op_b = X1 | op_b = X2 | c1 = X2 | c2 = X0 | c1 = X1 | c1 = X0 <- (~1, 5) [forward demodulation 318218,69]
319209. c4 != X0 | mult(c3,X1) = mult(op_b,mult(op_a,X1)) | c3 = X0 | c1 = X0 | mult(op_b,op_a) = c2 | c2 = X0 | mult(op_b,op_a) = c1 <- (3, 5, 436) [forward demodulation 318902,308991]
319215. mult(c3,X1) = mult(op_b,mult(op_a,X1)) | c3 = X0 | c1 = X0 | mult(op_b,op_a) = c2 | c2 = X0 | mult(op_b,op_a) = c1 <- (3, 5, 436) [forward subsumption resolution 319209,5]
319219. mult(c3,X1) = mult(op_b,mult(c1,X1)) | c3 = X0 | c1 = X0 | mult(op_b,op_a) = c2 | c2 = X0 | mult(op_b,op_a) = c1 <- (3, 5, 436) [forward demodulation 319215,69]
319223. mult(c3,X1) = mult(c2,mult(c1,X1)) | c3 = X0 | c1 = X0 | mult(op_b,op_a) = c2 | c2 = X0 | mult(op_b,op_a) = c1 <- (3, 5, 436) [forward demodulation 319219,60]
319462. c2 = mult(e,i(mult(e,c4))) <- (77, 381) [superposition 6846,317966]
319491. c2 = mult(c3,i(mult(c3,c4))) <- (10, 77, 381) [forward demodulation 319462,90]
319509. c2 = i(mult(c3,c4)) <- (10, 77, 381) [forward demodulation 319491,33392]
319527. c2 = i(c4) <- (10, 77, 381) [forward demodulation 319509,33392]
319535. $false <- (10, ~49, 77, 381) [forward subsumption resolution 319527,2987]
319536. ~10 | 49 | ~77 | ~381 [avatar contradiction clause 319535]
320071. mult(c4,X0) = mult(e,mult(i(mult(c4,i(c2))),X0)) <- (58) [superposition 7258,5729]
320090. mult(c4,X0) = mult(e,mult(mult(c2,i(c4)),X0)) <- (10, 58, 77) [forward demodulation 320071,290110]
320102. mult(c4,X0) = mult(e,mult(c2,mult(i(c4),X0))) <- (10, 58, 77) [forward demodulation 320090,3]
320109. mult(c4,X0) = mult(e,mult(c2,mult(op_a,X0))) <- (10, 30, 58, 77) [forward demodulation 320102,315139]
320116. mult(c4,X0) = mult(e,mult(c2,mult(c1,X0))) <- (5, 10, 30, 58, 77) [forward demodulation 320109,69]
320121. mult(e,X0) = mult(c4,X0) <- (5, 10, 30, 58, 77, 426) [forward demodulation 320116,303901]
320125. mult(c3,X0) = mult(c4,X0) <- (5, 10, 30, 58, 77, 426) [forward demodulation 320121,90]
320128. mult(c4,X0) = X0 <- (5, 10, 30, 58, 77, 426) [forward demodulation 320125,33392]
320129. 316 | ~5 | ~10 | ~30 | ~58 | ~77 | ~426 [avatar split clause 320128,303900,33391,5727,241,88,67,138505]
320259. ~146 | ~3 | 23 [avatar split clause 366,169,58,54769]
320266. c4 = mult(c2,c1) <- (425, 436) [forward demodulation 302514,308991]
320267. mult(c2,mult(c1,X1)) = X1 | c3 = X0 | c1 = X0 | mult(op_b,op_a) = c2 | c2 = X0 | mult(op_b,op_a) = c1 <- (3, 5, 77, 436) [forward demodulation 319223,33392]
320269. c4 != mult(c2,c1) | c3 = X0 | c2 = X1 | c2 = X2 | X1 = X2 | op_b = X0 | op_b = X1 | op_b = X2 | c1 = X2 | c2 = X0 | c1 = X1 | c1 = X0 <- (~1, 5, 436) [forward demodulation 318903,308991]
320279. c1 != mult(c2,c4) <- (3, ~8, 34) [forward demodulation 185095,374]
320315. c2 = mult(op_b,c1) | mult(c2,mult(c1,X1)) = X1 | c3 = X0 | c1 = X0 | c2 = X0 | mult(op_b,op_a) = c1 <- (3, 5, 77, 436) [forward demodulation 320267,69]
320318. c3 = X0 | c2 = X1 | c2 = X2 | X1 = X2 | op_b = X0 | op_b = X1 | op_b = X2 | c1 = X2 | c2 = X0 | c1 = X1 | c1 = X0 <- (~1, 5, 425, 436) [forward subsumption resolution 320269,320266]
320335. c2 = mult(c2,c1) | mult(c2,mult(c1,X1)) = X1 | c3 = X0 | c1 = X0 | c2 = X0 | mult(op_b,op_a) = c1 <- (3, 5, 77, 436) [forward demodulation 320315,60]
320336. c2 = X0 | c3 = X0 | c2 = X1 | c2 = X2 | X1 = X2 | op_b = X1 | op_b = X2 | c1 = X2 | c2 = X0 | c1 = X1 | c1 = X0 <- (~1, 3, 5, 425, 436) [forward demodulation 320318,60]
320337. c2 = X0 | c3 = X0 | c2 = X1 | c2 = X2 | X1 = X2 | op_b = X1 | op_b = X2 | c1 = X2 | c1 = X1 | c1 = X0 <- (~1, 3, 5, 425, 436) [duplicate literal removal 320336]
320351. mult(c2,mult(c1,X1)) = X1 | c3 = X0 | c1 = X0 | c2 = X0 | mult(op_b,op_a) = c1 <- (3, 5, 77, ~402, 436) [forward subsumption resolution 320335,276683]
320352. c2 = X1 | c2 = X0 | c3 = X0 | c2 = X1 | c2 = X2 | X1 = X2 | op_b = X2 | c1 = X2 | c1 = X1 | c1 = X0 <- (~1, 3, 5, 425, 436) [forward demodulation 320337,60]
320353. c2 = X1 | c2 = X0 | c3 = X0 | c2 = X2 | X1 = X2 | op_b = X2 | c1 = X2 | c1 = X1 | c1 = X0 <- (~1, 3, 5, 425, 436) [duplicate literal removal 320352]
320367. c1 = mult(op_b,c1) | mult(c2,mult(c1,X1)) = X1 | c3 = X0 | c1 = X0 | c2 = X0 <- (3, 5, 77, ~402, 436) [forward demodulation 320351,69]
320368. c2 = X2 | c2 = X1 | c2 = X0 | c3 = X0 | c2 = X2 | X1 = X2 | c1 = X2 | c1 = X1 | c1 = X0 <- (~1, 3, 5, 425, 436) [forward demodulation 320353,60]
320369. c2 = X2 | c2 = X1 | c2 = X0 | c3 = X0 | X1 = X2 | c1 = X2 | c1 = X1 | c1 = X0 <- (~1, 3, 5, 425, 436) [duplicate literal removal 320368]
320380. c1 = mult(c2,c1) | mult(c2,mult(c1,X1)) = X1 | c3 = X0 | c1 = X0 | c2 = X0 <- (3, 5, 77, ~402, 436) [forward demodulation 320367,60]
320381. 55 | 223 | 1 | ~3 | ~5 | ~425 | ~436 [avatar split clause 320369,308990,302513,67,58,50,62851,5383]
320391. mult(c2,mult(c1,X1)) = X1 | c3 = X0 | c1 = X0 | c2 = X0 <- (3, 5, 77, ~402, ~433, 436) [forward subsumption resolution 320380,308979]
320401. 55 | 426 | ~3 | ~5 | ~77 | 402 | 433 | ~436 [avatar split clause 320391,308990,308978,276681,33391,67,58,303900,5383]
321064. mult(c4,X0) = mult(e,mult(i(mult(c2,i(c4))),X0)) <- (3, 22) [superposition 7258,140243]
321071. mult(c4,X0) = mult(e,mult(mult(c4,i(c2)),X0)) <- (3, 10, 22, 77) [forward demodulation 321064,290110]
321084. mult(c4,X0) = mult(e,mult(c4,mult(i(c2),X0))) <- (3, 10, 22, 77) [forward demodulation 321071,3]
321095. mult(c4,X0) = mult(c3,mult(c4,mult(i(c2),X0))) <- (3, 10, 22, 77) [forward demodulation 321084,90]
321104. mult(c4,X0) = mult(c4,mult(i(c2),X0)) <- (3, 10, 22, 77) [forward demodulation 321095,33392]
321783. c2 = mult(c1,c4) <- (3, 22, 424) [superposition 301775,140243]
321784. c4 = mult(c1,c1) <- (56, 424) [superposition 301775,5388]
322015. $false <- (3, 22, ~343, 424) [forward subsumption resolution 321783,171240]
322016. ~3 | ~22 | 343 | ~424 [avatar contradiction clause 322015]
322145. ~202 | 5 | 6 | 7 | 32 [avatar split clause 310531,249,75,71,67,60154]
322148. 160 | 5 | 6 | 7 | ~26 [avatar split clause 309307,196,75,71,67,59045]
322374. mult(X0,op_b) != mult(op_b,X0) | c3 = X0 | c2 = X0 | op_a = c2 | c1 = X0 <- (~5, ~6) [forward subsumption resolution 308939,68]
323266. mult(c2,X0) = mult(c1,mult(c4,X0)) <- (343) [superposition 3,171239]
323269. mult(e,X0) = mult(c1,mult(c4,mult(i(c2),X0))) <- (343) [superposition 309,171239]
323303. mult(e,X0) = mult(c1,mult(c4,X0)) <- (3, 10, 22, 77, 343) [forward demodulation 323269,321104]
323311. mult(e,X0) = mult(c2,X0) <- (3, 10, 22, 77, 343) [forward demodulation 323303,323266]
323319. mult(c3,X0) = mult(c2,X0) <- (3, 10, 22, 77, 343) [forward demodulation 323311,90]
323325. mult(c2,X0) = X0 <- (3, 10, 22, 77, 343) [forward demodulation 323319,33392]
323329. 66 | ~3 | ~10 | ~22 | ~77 | ~343 [avatar split clause 323325,171238,33391,158,88,58,33089]
323775. mult(c2,X0) = mult(c2,mult(c4,X0)) <- (147) [superposition 3,54775]
323778. mult(e,X0) = mult(c2,mult(c4,mult(i(c2),X0))) <- (147) [superposition 309,54775]
323816. mult(e,X0) = mult(c2,mult(c4,X0)) <- (3, 10, 22, 77, 147) [forward demodulation 323778,321104]
323824. mult(e,X0) = mult(c2,X0) <- (3, 10, 22, 77, 147) [forward demodulation 323816,323775]
323832. mult(c3,X0) = mult(c2,X0) <- (3, 10, 22, 77, 147) [forward demodulation 323824,90]
323840. mult(c2,X0) = X0 <- (3, 10, 22, 77, 147) [forward demodulation 323832,33392]
323844. 66 | ~3 | ~10 | ~22 | ~77 | ~147 [avatar split clause 323840,54773,33391,158,88,58,33089]
323865. 50 | ~4 | ~7 | ~26 [avatar split clause 303647,196,75,62,2990]
323884. $false <- (~9, 34, 49) [forward subsumption resolution 230326,85]
323885. 9 | ~34 | ~49 [avatar contradiction clause 323884]
323968. c4 = i(c2) <- (7, 10, 26, 77) [forward demodulation 309323,77]
323977. c1 != mult(c4,c2) <- (7, ~24) [forward demodulation 175,77]
324012. mult(c2,c2) != mult(c2,c2) | c3 = X0 | c2 = X1 | c2 = X2 | X1 = X2 | op_b = X0 | op_b = X1 | op_b = X2 | c1 = X2 | c2 = X0 | c1 = X1 | c1 = X0 <- (~1, 7) [forward demodulation 318218,77]
324013. c3 = X0 | c2 = X1 | c2 = X2 | X1 = X2 | op_b = X0 | op_b = X1 | op_b = X2 | c1 = X2 | c2 = X0 | c1 = X1 | c1 = X0 <- (~1, 7) [trivial inequality removal 324012]
324085. $false <- (7, ~24, 34) [forward subsumption resolution 323977,374]
324086. ~7 | 24 | ~34 [avatar contradiction clause 324085]
324098. c2 = X0 | c3 = X0 | c2 = X1 | c2 = X2 | X1 = X2 | op_b = X1 | op_b = X2 | c1 = X2 | c2 = X0 | c1 = X1 | c1 = X0 <- (~1, 3, 7) [forward demodulation 324013,60]
324099. c2 = X0 | c3 = X0 | c2 = X1 | c2 = X2 | X1 = X2 | op_b = X1 | op_b = X2 | c1 = X2 | c1 = X1 | c1 = X0 <- (~1, 3, 7) [duplicate literal removal 324098]
324150. c2 = X1 | c2 = X0 | c3 = X0 | c2 = X1 | c2 = X2 | X1 = X2 | op_b = X2 | c1 = X2 | c1 = X1 | c1 = X0 <- (~1, 3, 7) [forward demodulation 324099,60]
324151. c2 = X1 | c2 = X0 | c3 = X0 | c2 = X2 | X1 = X2 | op_b = X2 | c1 = X2 | c1 = X1 | c1 = X0 <- (~1, 3, 7) [duplicate literal removal 324150]
324182. c2 = X2 | c2 = X1 | c2 = X0 | c3 = X0 | c2 = X2 | X1 = X2 | c1 = X2 | c1 = X1 | c1 = X0 <- (~1, 3, 7) [forward demodulation 324151,60]
324183. c2 = X2 | c2 = X1 | c2 = X0 | c3 = X0 | X1 = X2 | c1 = X2 | c1 = X1 | c1 = X0 <- (~1, 3, 7) [duplicate literal removal 324182]
324199. 55 | 223 | 1 | ~3 | ~7 [avatar split clause 324183,75,58,50,62851,5383]
324263. c3 = mult(c3,op_a) <- (2, 15) [forward demodulation 110,56]
324303. 146 | 50 | 147 | 379 [avatar split clause 310065,233365,54773,2990,54769]
324565. mult(op_a,op_b) != mult(op_b,c4) | op_a = c1 | op_a = c3 <- (~7) [forward subsumption resolution 280732,76]
324569. mult(X0,op_b) != mult(op_b,X0) | c3 = X0 | c2 = X0 | c1 = X0 <- (~5, ~6, ~7) [forward subsumption resolution 322374,76]
324586. c4 = mult(op_a,c3) <- (2, 17) [forward demodulation 117,56]
324590. c4 != mult(c4,c3) <- (2, ~22) [forward demodulation 160,56]
324591. c3 = mult(c3,c4) <- (2, 25) [forward demodulation 193,56]
324592. c3 != mult(c4,c3) <- (2, ~8, 25) [forward demodulation 142043,56]
324594. c1 = mult(c4,c3) <- (2, 321) [forward demodulation 142010,56]
324729. mult(c3,X0) != mult(X0,c3) | c3 = X0 | c2 = X0 | c1 = X0 <- (2, ~5, ~6, ~7) [forward demodulation 324569,56]
324820. mult(c3,X0) != X0 | c3 = X0 | c2 = X0 | c1 = X0 <- (2, ~5, ~6, ~7, 45) [forward demodulation 324729,2580]
324867. c3 = X0 | c2 = X0 | c1 = X0 <- (2, ~5, ~6, ~7, 45, 77) [forward subsumption resolution 324820,33392]
324888. 55 | ~2 | 5 | 6 | 7 | ~45 | ~77 [avatar split clause 324867,33391,2579,75,71,67,54,5383]
324995. 34 | ~3 | ~8 | ~146 [avatar split clause 232690,54769,79,58,372]
325094. c2 = mult(c4,mult(c2,c1)) <- (3, 8, 47) [forward demodulation 145441,60]
325336. c2 = mult(c4,c2) <- (3, 8, 47, 402) [forward demodulation 325094,276682]
325428. $false <- (3, 8, 47, ~323, 402) [forward subsumption resolution 325336,183808]
325429. ~3 | ~8 | ~47 | 323 | ~402 [avatar contradiction clause 325428]
325525. 343 | ~5 | ~31 [avatar split clause 296175,245,67,171238]
325538. 343 | ~10 | ~77 | ~247 | ~425 [avatar split clause 314747,302513,64951,33391,88,171238]
326056. mult(c1,c2) != mult(c2,c1) | c3 = X0 | c2 = X1 | c2 = X2 | X1 = X2 | op_b = X0 | op_b = X1 | op_b = X2 | c1 = X2 | c2 = X0 | c1 = X1 | c1 = X0 <- (~1, 5) [forward demodulation 318218,69]
326168. c3 != mult(c1,c2) | c3 = X0 | c2 = X1 | c2 = X2 | X1 = X2 | op_b = X0 | op_b = X1 | op_b = X2 | c1 = X2 | c2 = X0 | c1 = X1 | c1 = X0 <- (~1, 5, 434) [forward demodulation 326056,308984]
326207. c3 = X0 | c2 = X1 | c2 = X2 | X1 = X2 | op_b = X0 | op_b = X1 | op_b = X2 | c1 = X2 | c2 = X0 | c1 = X1 | c1 = X0 <- (~1, 5, 400, 434) [forward subsumption resolution 326168,276671]
326223. c2 = X0 | c3 = X0 | c2 = X1 | c2 = X2 | X1 = X2 | op_b = X1 | op_b = X2 | c1 = X2 | c2 = X0 | c1 = X1 | c1 = X0 <- (~1, 3, 5, 400, 434) [forward demodulation 326207,60]
326224. c2 = X0 | c3 = X0 | c2 = X1 | c2 = X2 | X1 = X2 | op_b = X1 | op_b = X2 | c1 = X2 | c1 = X1 | c1 = X0 <- (~1, 3, 5, 400, 434) [duplicate literal removal 326223]
326235. c2 = X1 | c2 = X0 | c3 = X0 | c2 = X1 | c2 = X2 | X1 = X2 | op_b = X2 | c1 = X2 | c1 = X1 | c1 = X0 <- (~1, 3, 5, 400, 434) [forward demodulation 326224,60]
326236. c2 = X1 | c2 = X0 | c3 = X0 | c2 = X2 | X1 = X2 | op_b = X2 | c1 = X2 | c1 = X1 | c1 = X0 <- (~1, 3, 5, 400, 434) [duplicate literal removal 326235]
326247. c2 = X2 | c2 = X1 | c2 = X0 | c3 = X0 | c2 = X2 | X1 = X2 | c1 = X2 | c1 = X1 | c1 = X0 <- (~1, 3, 5, 400, 434) [forward demodulation 326236,60]
326248. c2 = X2 | c2 = X1 | c2 = X0 | c3 = X0 | X1 = X2 | c1 = X2 | c1 = X1 | c1 = X0 <- (~1, 3, 5, 400, 434) [duplicate literal removal 326247]
326259. 55 | 223 | 1 | ~3 | ~5 | ~400 | ~434 [avatar split clause 326248,308982,276670,67,58,50,62851,5383]
326544. mult(op_b,c1) != mult(c1,op_b) <- (5) [superposition 4,69]
326556. mult(c1,c2) != mult(c2,c1) <- (3, 5) [forward demodulation 326544,60]
326557. c2 != mult(c1,c2) <- (3, 5, 402) [forward demodulation 326556,276682]
327072. mult(c4,X0) = mult(e,mult(i(mult(c1,i(c4))),X0)) <- (5, 32) [superposition 7258,301619]
327079. mult(c4,X0) = mult(e,mult(mult(c4,i(c1)),X0)) <- (5, 10, 32, 77) [forward demodulation 327072,290110]
327089. mult(c4,X0) = mult(e,mult(c4,mult(i(c1),X0))) <- (5, 10, 32, 77) [forward demodulation 327079,3]
327097. mult(c4,X0) = mult(c3,mult(c4,mult(i(c1),X0))) <- (5, 10, 32, 77) [forward demodulation 327089,90]
327103. mult(c4,X0) = mult(c4,mult(i(c1),X0)) <- (5, 10, 32, 77) [forward demodulation 327097,33392]
327350. c4 = mult(e,i(mult(c4,i(c2)))) <- (58) [superposition 7259,5729]
327367. c4 = mult(e,mult(c2,i(c4))) <- (10, 58, 77) [forward demodulation 327350,290110]
327378. c4 = mult(c3,mult(c2,i(c4))) <- (10, 58, 77) [forward demodulation 327367,90]
327385. c4 = mult(c2,i(c4)) <- (10, 58, 77) [forward demodulation 327378,33392]
327453. c1 = mult(e,i(mult(c4,i(c2)))) <- (343) [superposition 7259,171239]
327466. c1 = mult(e,mult(c2,i(c4))) <- (10, 77, 343) [forward demodulation 327453,290110]
327476. c1 = mult(e,c4) <- (10, 58, 77, 343) [forward demodulation 327466,327385]
327484. c1 = mult(c3,c4) <- (10, 58, 77, 343) [forward demodulation 327476,90]
327491. c1 = c4 <- (10, 58, 77, 343) [forward demodulation 327484,33392]
327496. $false <- (10, 58, 77, 343) [forward subsumption resolution 327491,8]
327497. ~10 | ~58 | ~77 | ~343 [avatar contradiction clause 327496]
327502. 341 | ~5 | ~29 [avatar split clause 295388,237,67,171230]
327560. mult(c1,X0) = mult(c1,mult(c4,X0)) <- (341) [superposition 3,171231]
327563. mult(e,X0) = mult(c1,mult(c4,mult(i(c1),X0))) <- (341) [superposition 309,171231]
327605. mult(e,X0) = mult(c1,mult(c4,X0)) <- (5, 10, 32, 77, 341) [forward demodulation 327563,327103]
327619. mult(e,X0) = mult(c1,X0) <- (5, 10, 32, 77, 341) [forward demodulation 327605,327560]
327627. mult(c1,X0) = mult(c3,X0) <- (5, 10, 32, 77, 341) [forward demodulation 327619,90]
327633. mult(c1,X0) = X0 <- (5, 10, 32, 77, 341) [forward demodulation 327627,33392]
327635. 296 | ~5 | ~10 | ~32 | ~77 | ~341 [avatar split clause 327633,171230,33391,249,88,67,116315]
327760. mult(c1,X0) = mult(c4,mult(c4,X0)) <- (56) [superposition 3,5388]
327763. mult(e,X0) = mult(c4,mult(c4,mult(i(c1),X0))) <- (56) [superposition 309,5388]
327803. mult(e,X0) = mult(c4,mult(c4,X0)) <- (5, 10, 32, 56, 77) [forward demodulation 327763,327103]
327812. mult(e,X0) = mult(c1,X0) <- (5, 10, 32, 56, 77) [forward demodulation 327803,327760]
327819. mult(c1,X0) = mult(c3,X0) <- (5, 10, 32, 56, 77) [forward demodulation 327812,90]
327825. mult(c1,X0) = X0 <- (5, 10, 32, 56, 77) [forward demodulation 327819,33392]
327827. 296 | ~5 | ~10 | ~32 | ~56 | ~77 [avatar split clause 327825,33391,5386,249,88,67,116315]
327832. ~146 | ~3 | 8 | ~34 [avatar split clause 320279,372,79,58,54769]
327863. c3 != mult(c4,op_a) <- (4, ~30) [forward demodulation 242,63]
327869. mult(op_a,op_b) != mult(op_b,c4) | op_a = c3 <- (~5, ~7) [forward subsumption resolution 324565,68]
327872. c3 != mult(c2,op_a) <- (3, ~15) [forward demodulation 109,60]
327873. c3 = X0 | c2 = X1 | c2 = X2 | X1 = X2 | op_b = X0 | op_b = X1 | op_b = X2 | c1 = X2 | c2 = X0 | c1 = X1 | c1 = X0 <- (~1, 4, 28) [forward subsumption resolution 318218,6099]
327883. c2 = mult(c2,op_a) <- (3, 16) [forward demodulation 114,60]
327920. mult(op_a,op_b) != mult(op_b,c4) <- (~5, ~6, ~7) [forward subsumption resolution 327869,72]
327923. c2 = X0 | c3 = X0 | c2 = X1 | c2 = X2 | X1 = X2 | op_b = X1 | op_b = X2 | c1 = X2 | c2 = X0 | c1 = X1 | c1 = X0 <- (~1, 3, 4, 28) [forward demodulation 327873,60]
327924. c2 = X0 | c3 = X0 | c2 = X1 | c2 = X2 | X1 = X2 | op_b = X1 | op_b = X2 | c1 = X2 | c1 = X1 | c1 = X0 <- (~1, 3, 4, 28) [duplicate literal removal 327923]
327964. c2 = X1 | c2 = X0 | c3 = X0 | c2 = X1 | c2 = X2 | X1 = X2 | op_b = X2 | c1 = X2 | c1 = X1 | c1 = X0 <- (~1, 3, 4, 28) [forward demodulation 327924,60]
327965. c2 = X1 | c2 = X0 | c3 = X0 | c2 = X2 | X1 = X2 | op_b = X2 | c1 = X2 | c1 = X1 | c1 = X0 <- (~1, 3, 4, 28) [duplicate literal removal 327964]
327987. c2 = X2 | c2 = X1 | c2 = X0 | c3 = X0 | c2 = X2 | X1 = X2 | c1 = X2 | c1 = X1 | c1 = X0 <- (~1, 3, 4, 28) [forward demodulation 327965,60]
327988. c2 = X2 | c2 = X1 | c2 = X0 | c3 = X0 | X1 = X2 | c1 = X2 | c1 = X1 | c1 = X0 <- (~1, 3, 4, 28) [duplicate literal removal 327987]
328008. 55 | 223 | 1 | ~3 | ~4 | ~28 [avatar split clause 327988,219,62,58,50,62851,5383]
328300. mult(c2,X0) = mult(c2,mult(op_a,X0)) <- (3, 16) [superposition 3,327883]
328439. mult(c1,X0) = mult(c4,mult(op_a,X0)) <- (24) [superposition 3,176]
328583. mult(op_a,mult(c4,X0)) = mult(mult(c4,op_a),X0) <- (4) [superposition 3,63]
328627. mult(op_a,mult(c4,X0)) = mult(c4,mult(op_a,X0)) <- (4) [forward demodulation 328583,3]
328653. mult(c1,X0) = mult(op_a,mult(c4,X0)) <- (4, 24) [forward demodulation 328627,328439]
329460. mult(c2,c4) = mult(c2,c1) <- (3, 16, 29) [superposition 328300,239]
329727. c2 = mult(c2,c4) <- (3, 16, 29, 402) [forward demodulation 329460,276682]
329977. mult(op_a,c1) = mult(c1,op_a) <- (4, 24) [superposition 328653,176]
329979. mult(op_a,c1) = mult(c1,c4) <- (4, 24, 56) [superposition 328653,5388]
330016. mult(op_a,e) = mult(c1,mult(X0,mult(i(mult(e,X0)),i(c4)))) <- (4, 24) [superposition 328653,6869]
330232. mult(c1,i(c4)) = mult(op_a,e) <- (4, 24) [forward demodulation 330016,6870]
330333. op_a = mult(c1,i(c4)) <- (4, 24) [forward demodulation 330232,2]
331358. op_a = mult(e,i(mult(c2,i(c4)))) <- (3, 17) [superposition 7259,192599]
331359. op_a = mult(e,mult(c4,i(c2))) <- (3, 10, 17, 77) [forward demodulation 331358,290110]
331739. op_a = mult(c1,c2) <- (4, 24, 49) [forward demodulation 51337,328439]
331801. op_a = mult(e,mult(c4,c4)) <- (3, 10, 17, 49, 77) [forward demodulation 331359,225235]
331825. op_a = c1 <- (4, 24, 49, 285) [forward demodulation 331739,114846]
331844. op_a = mult(e,c1) <- (3, 10, 17, 49, 56, 77) [forward demodulation 331801,5388]
331857. $false <- (4, ~5, 24, 49, 285) [forward subsumption resolution 331825,68]
331858. ~4 | 5 | ~24 | ~49 | ~285 [avatar contradiction clause 331857]
331875. op_a = mult(c3,c1) <- (3, 10, 17, 49, 56, 77) [forward demodulation 331844,90]
331886. op_a = c1 <- (3, 10, 17, 49, 56, 77) [forward demodulation 331875,33392]
331891. $false <- (3, ~5, 10, 17, 49, 56, 77) [forward subsumption resolution 331886,68]
331892. ~3 | 5 | ~10 | ~17 | ~49 | ~56 | ~77 [avatar contradiction clause 331891]
332072. mult(op_a,c1) != mult(c1,c4) <- (1, ~5, ~6, ~7) [forward demodulation 327920,52]
332083. c3 != mult(c4,c1) <- (1, ~8, 25) [forward demodulation 142043,52]
332158. $false <- (1, 4, ~5, ~6, ~7, 24, 56) [forward subsumption resolution 332072,329979]
332159. ~1 | ~4 | 5 | 6 | 7 | ~24 | ~56 [avatar contradiction clause 332158]
332556. $false <- (1, ~8, ~22, 25, ~247, ~309) [forward subsumption resolution 332083,307055]
332557. ~1 | 8 | 22 | ~25 | 247 | 309 [avatar contradiction clause 332556]
333331. mult(c2,op_b) != mult(op_b,c2) | c3 = X0 | c2 = X1 | c2 = X2 | X1 = X2 | op_a = X0 | op_a = X1 | op_a = X2 | c1 = X2 | c2 = X0 | c1 = X1 | c1 = X0 <- (~5) [forward subsumption resolution 14834,68]
334099. mult(c4,X0) = mult(e,mult(i(mult(c1,i(c4))),X0)) <- (1, 22) [superposition 7258,1066]
334106. mult(c4,X0) = mult(e,mult(mult(c4,i(c1)),X0)) <- (1, 10, 22, 77) [forward demodulation 334099,290110]
334117. mult(c4,X0) = mult(e,mult(c4,mult(i(c1),X0))) <- (1, 10, 22, 77) [forward demodulation 334106,3]
334126. mult(c4,X0) = mult(c3,mult(c4,mult(i(c1),X0))) <- (1, 10, 22, 77) [forward demodulation 334117,90]
334134. mult(c4,X0) = mult(c4,mult(i(c1),X0)) <- (1, 10, 22, 77) [forward demodulation 334126,33392]
334341. e = mult(c4,mult(c2,i(c2))) <- (7, 28) [superposition 18,301066]
334354. mult(X0,mult(c4,mult(c2,i(mult(e,c2))))) = X0 <- (7, 28) [superposition 6824,301066]
334378. mult(X0,c4) = X0 <- (7, 28) [forward demodulation 334354,6452]
334383. e = mult(c4,e) <- (7, 28) [forward demodulation 334341,1]
334387. 12 | ~7 | ~28 [avatar split clause 334378,219,75,96]
334391. e = c4 <- (7, 28) [forward demodulation 334383,2]
334396. c3 = c4 <- (7, 10, 28) [forward demodulation 334391,90]
334401. $false <- (7, 10, 28) [forward subsumption resolution 334396,11]
334402. ~7 | ~10 | ~28 [avatar contradiction clause 334401]
334411. 34 | ~7 | ~24 [avatar split clause 295945,174,75,372]
334905. 454 <=> ! [X1] : mult(c4,mult(c2,X1)) = X1 [avatar definition]
334906. mult(c4,mult(c2,X1)) = X1 <- (454) [avatar component clause 334905]
335007. e = mult(c4,mult(X0,mult(i(mult(e,X0)),c1))) <- (47) [superposition 6869,2980]
335043. e = mult(c4,c1) <- (47) [forward demodulation 335007,6870]
335058. e = c4 <- (1, 22, 47) [forward demodulation 335043,1066]
335072. c3 = c4 <- (1, 10, 22, 47) [forward demodulation 335058,90]
335081. $false <- (1, 10, 22, 47) [forward subsumption resolution 335072,11]
335082. ~1 | ~10 | ~22 | ~47 [avatar contradiction clause 335081]
335482. mult(c1,X0) = mult(c4,mult(c4,X0)) <- (56) [superposition 3,5388]
335485. mult(e,X0) = mult(c4,mult(c4,mult(i(c1),X0))) <- (56) [superposition 309,5388]
335525. mult(e,X0) = mult(c4,mult(c4,X0)) <- (1, 10, 22, 56, 77) [forward demodulation 335485,334134]
335540. mult(e,X0) = mult(c1,X0) <- (1, 10, 22, 56, 77) [forward demodulation 335525,335482]
335547. mult(c1,X0) = mult(c3,X0) <- (1, 10, 22, 56, 77) [forward demodulation 335540,90]
335553. mult(c1,X0) = X0 <- (1, 10, 22, 56, 77) [forward demodulation 335547,33392]
335555. 296 | ~1 | ~10 | ~22 | ~56 | ~77 [avatar split clause 335553,33391,5386,158,88,50,116315]
336487. c1 = mult(c4,c4) <- (1, 22, 77, 184) [superposition 138351,1066]
336743. $false <- (1, 22, ~56, 77, 184) [forward subsumption resolution 336487,5387]
336744. ~1 | ~22 | 56 | ~77 | ~184 [avatar contradiction clause 336743]
337318. mult(e,X0) = mult(c4,mult(c1,X0)) <- (47) [superposition 13,2980]
337826. c4 = mult(e,i(mult(c4,i(c1)))) <- (56) [superposition 7259,5388]
337843. c4 = mult(e,mult(c1,i(c4))) <- (10, 56, 77) [forward demodulation 337826,290110]
339693. c1 != mult(c2,c4) <- (~4, 7, 34) [forward demodulation 301222,374]
339765. c2 = mult(c1,c4) <- (7, 32, 424) [superposition 301775,301988]
339766. mult(c4,X0) = mult(c4,mult(c2,X0)) <- (7, 32) [superposition 3,301988]
339787. mult(c4,X0) = mult(e,mult(i(mult(c2,i(c4))),X0)) <- (7, 32) [superposition 7258,301988]
339794. mult(c4,X0) = mult(e,mult(mult(c4,i(c2)),X0)) <- (7, 10, 32, 77) [forward demodulation 339787,290110]
339801. $false <- (7, 32, ~343, 424) [forward subsumption resolution 339765,171240]
339802. ~7 | ~32 | 343 | ~424 [avatar contradiction clause 339801]
339806. mult(c4,X0) = mult(e,mult(c4,mult(i(c2),X0))) <- (7, 10, 32, 77) [forward demodulation 339794,3]
339814. mult(c4,X0) = mult(c3,mult(c4,mult(i(c2),X0))) <- (7, 10, 32, 77) [forward demodulation 339806,90]
339820. mult(c4,X0) = mult(c4,mult(i(c2),X0)) <- (7, 10, 32, 77) [forward demodulation 339814,33392]
339926. mult(c3,X0) = mult(c4,mult(c1,X0)) <- (10, 47) [forward demodulation 337318,90]
339948. mult(c2,op_a) != mult(op_a,c2) | c3 = X0 | c2 = X1 | c2 = X2 | X1 = X2 | op_b = X0 | op_b = X1 | op_b = X2 | c1 = X2 | c2 = X0 | c1 = X1 | c1 = X0 <- (~1) [forward subsumption resolution 14847,51]
340015. mult(c4,mult(c1,X0)) = X0 <- (10, 47, 77) [forward demodulation 339926,33392]
340066. 420 | ~10 | ~47 | ~77 [avatar split clause 340015,33391,2978,88,300621]
340108. c4 = mult(c3,mult(c1,i(c4))) <- (10, 56, 77) [forward demodulation 337843,90]
340114. c4 = mult(c1,i(c4)) <- (10, 56, 77) [forward demodulation 340108,33392]
340745. mult(c4,c4) = mult(c4,c2) <- (7, 32, 147) [superposition 339766,54775]
340748. mult(c2,X0) = mult(c2,mult(c4,X0)) <- (147) [superposition 3,54775]
340751. mult(e,X0) = mult(c2,mult(c4,mult(i(c2),X0))) <- (147) [superposition 309,54775]
340789. mult(e,X0) = mult(c2,mult(c4,X0)) <- (7, 10, 32, 77, 147) [forward demodulation 340751,339820]
340791. c4 = mult(c4,c4) <- (7, 32, 147) [forward demodulation 340745,301988]
340797. mult(e,X0) = mult(c2,X0) <- (7, 10, 32, 77, 147) [forward demodulation 340789,340748]
340799. c1 = c4 <- (7, 32, 56, 147) [forward demodulation 340791,5388]
340805. mult(c3,X0) = mult(c2,X0) <- (7, 10, 32, 77, 147) [forward demodulation 340797,90]
340807. $false <- (7, 32, 56, 147) [forward subsumption resolution 340799,8]
340808. ~7 | ~32 | ~56 | ~147 [avatar contradiction clause 340807]
340812. mult(c2,X0) = X0 <- (7, 10, 32, 77, 147) [forward demodulation 340805,33392]
340814. 66 | ~7 | ~10 | ~32 | ~77 | ~147 [avatar split clause 340812,54773,33391,249,88,75,33089]
341101. mult(c4,c4) = mult(c4,c1) <- (7, 32, 146) [superposition 339766,54771]
341121. c2 = mult(e,i(mult(c4,i(c1)))) <- (146) [superposition 7259,54771]
341134. c2 = mult(e,mult(c1,i(c4))) <- (10, 77, 146) [forward demodulation 341121,290110]
341143. c2 = mult(e,c4) <- (10, 56, 77, 146) [forward demodulation 341134,340114]
341152. c2 = mult(c3,c4) <- (10, 56, 77, 146) [forward demodulation 341143,90]
341158. $false <- (10, ~42, 56, 77, 146) [forward subsumption resolution 341152,2291]
341159. ~10 | 42 | ~56 | ~77 | ~146 [avatar contradiction clause 341158]
341233. c2 = mult(c4,c1) <- (7, 32, 58, 146) [forward demodulation 341101,5729]
341243. $false <- (7, 32, 58, 146, ~247) [forward subsumption resolution 341233,64952]
341244. ~7 | ~32 | ~58 | ~146 | 247 [avatar contradiction clause 341243]
341318. ~146 | 4 | ~7 | ~34 [avatar split clause 339693,372,75,62,54769]
341598. c4 = mult(e,i(mult(c2,i(c1)))) <- (34) [superposition 7259,374]
341615. c4 = mult(e,mult(c1,i(c2))) <- (10, 34, 77) [forward demodulation 341598,290110]
341622. c4 = mult(c3,mult(c1,i(c2))) <- (10, 34, 77) [forward demodulation 341615,90]
341629. c4 = mult(c1,i(c2)) <- (10, 34, 77) [forward demodulation 341622,33392]
341975. mult(c2,X0) = mult(c2,mult(c4,X0)) <- (147) [superposition 3,54775]
341991. mult(c2,X0) = mult(e,mult(i(mult(c4,i(c2))),X0)) <- (147) [superposition 7258,54775]
342010. mult(c2,X0) = mult(e,mult(mult(c2,i(c4)),X0)) <- (10, 77, 147) [forward demodulation 341991,290110]
342019. mult(c2,X0) = mult(e,mult(c2,mult(i(c4),X0))) <- (10, 77, 147) [forward demodulation 342010,3]
342026. mult(c2,X0) = mult(c3,mult(c2,mult(i(c4),X0))) <- (10, 77, 147) [forward demodulation 342019,90]
342031. mult(c2,X0) = mult(c2,mult(i(c4),X0)) <- (10, 77, 147) [forward demodulation 342026,33392]
343274. 457 <=> c3 = mult(c4,c1) [avatar definition]
343275. c3 = mult(c4,c1) <- (457) [avatar component clause 343274]
343276. c3 != mult(c4,c1) <- (~457) [avatar component clause 343274]
344203. mult(c4,X0) = mult(c1,mult(c2,X0)) <- (436) [superposition 3,308991]
344206. mult(e,X0) = mult(c1,mult(c2,mult(i(c4),X0))) <- (436) [superposition 309,308991]
344230. mult(e,X0) = mult(c1,mult(c2,X0)) <- (10, 77, 147, 436) [forward demodulation 344206,342031]
344245. mult(e,X0) = mult(c4,X0) <- (10, 77, 147, 436) [forward demodulation 344230,344203]
344252. mult(c3,X0) = mult(c4,X0) <- (10, 77, 147, 436) [forward demodulation 344245,90]
344257. mult(c4,X0) = X0 <- (10, 77, 147, 436) [forward demodulation 344252,33392]
344261. 316 | ~10 | ~77 | ~147 | ~436 [avatar split clause 344257,308990,54773,33391,88,138505]
344903. c1 = mult(e,i(mult(c2,i(c1)))) <- (285) [superposition 7259,114846]
344920. c1 = mult(e,mult(c1,i(c2))) <- (10, 77, 285) [forward demodulation 344903,290110]
344935. c1 = mult(e,c4) <- (10, 34, 77, 285) [forward demodulation 344920,341629]
344946. c1 = mult(c3,c4) <- (10, 34, 77, 285) [forward demodulation 344935,90]
344953. c1 = c4 <- (10, 34, 77, 285) [forward demodulation 344946,33392]
344958. $false <- (10, 34, 77, 285) [forward subsumption resolution 344953,8]
344959. ~10 | ~34 | ~77 | ~285 [avatar contradiction clause 344958]
345138. mult(e,X0) = mult(c2,mult(c4,X0)) <- (7, 10, 26, 77) [superposition 13,323968]
345146. c2 = mult(e,i(mult(e,c4))) <- (7, 10, 26, 77) [superposition 6846,323968]
345147. e = mult(c2,mult(X0,mult(i(mult(e,X0)),c4))) <- (7, 10, 26, 77) [superposition 6869,323968]
345174. e = mult(c2,c4) <- (7, 10, 26, 77) [forward demodulation 345147,6870]
345175. c2 = mult(c3,i(mult(c3,c4))) <- (7, 10, 26, 77) [forward demodulation 345146,90]
345179. mult(e,X0) = mult(c2,X0) <- (7, 10, 26, 77, 147) [forward demodulation 345138,341975]
345190. c2 = i(mult(c3,c4)) <- (7, 10, 26, 77) [forward demodulation 345175,33392]
345194. mult(c3,X0) = mult(c2,X0) <- (7, 10, 26, 77, 147) [forward demodulation 345179,90]
345201. c2 = i(c4) <- (7, 10, 26, 77) [forward demodulation 345190,33392]
345203. mult(c2,X0) = X0 <- (7, 10, 26, 77, 147) [forward demodulation 345194,33392]
345205. $false <- (7, 10, 26, ~49, 77) [forward subsumption resolution 345201,2987]
345206. ~7 | ~10 | ~26 | 49 | ~77 [avatar contradiction clause 345205]
345207. 66 | ~7 | ~10 | ~26 | ~77 | ~147 [avatar split clause 345203,54773,33391,196,88,75,33089]
345291. e = c1 <- (7, 10, 26, 77, 146) [forward demodulation 345174,54771]
345359. $false <- (7, ~9, 10, 26, 77, 146) [forward subsumption resolution 345291,85]
345360. ~7 | 9 | ~10 | ~26 | ~77 | ~146 [avatar contradiction clause 345359]
345478. mult(c1,c2) = mult(c2,c1) <- (4, 7, 24) [forward demodulation 329977,77]
345495. c3 != mult(c3,c2) <- (2, 7, ~15) [forward demodulation 306183,56]
345500. c2 = mult(c3,c2) <- (2, 7, 16) [forward demodulation 301062,56]
345543. mult(c3,c2) != mult(c2,c3) | c3 = X0 | c2 = X1 | c2 = X2 | X1 = X2 | op_a = X0 | op_a = X1 | op_a = X2 | c1 = X2 | c2 = X0 | c1 = X1 | c1 = X0 <- (2, ~5) [forward demodulation 333331,56]
345617. c2 != mult(c3,c2) | c3 = X0 | c2 = X1 | c2 = X2 | X1 = X2 | op_a = X0 | op_a = X1 | op_a = X2 | c1 = X2 | c2 = X0 | c1 = X1 | c1 = X0 <- (2, ~5, 45) [forward demodulation 345543,2580]
345657. c3 = X0 | c2 = X1 | c2 = X2 | X1 = X2 | op_a = X0 | op_a = X1 | op_a = X2 | c1 = X2 | c2 = X0 | c1 = X1 | c1 = X0 <- (2, ~5, 45, 77) [forward subsumption resolution 345617,33392]
345664. c2 = X0 | c3 = X0 | c2 = X1 | c2 = X2 | X1 = X2 | op_a = X1 | op_a = X2 | c1 = X2 | c2 = X0 | c1 = X1 | c1 = X0 <- (2, ~5, 7, 45, 77) [forward demodulation 345657,77]
345665. c2 = X0 | c3 = X0 | c2 = X1 | c2 = X2 | X1 = X2 | op_a = X1 | op_a = X2 | c1 = X2 | c1 = X1 | c1 = X0 <- (2, ~5, 7, 45, 77) [duplicate literal removal 345664]
345667. c2 = X1 | c2 = X0 | c3 = X0 | c2 = X1 | c2 = X2 | X1 = X2 | op_a = X2 | c1 = X2 | c1 = X1 | c1 = X0 <- (2, ~5, 7, 45, 77) [forward demodulation 345665,77]
345668. c2 = X1 | c2 = X0 | c3 = X0 | c2 = X2 | X1 = X2 | op_a = X2 | c1 = X2 | c1 = X1 | c1 = X0 <- (2, ~5, 7, 45, 77) [duplicate literal removal 345667]
345670. c2 = X2 | c2 = X1 | c2 = X0 | c3 = X0 | c2 = X2 | X1 = X2 | c1 = X2 | c1 = X1 | c1 = X0 <- (2, ~5, 7, 45, 77) [forward demodulation 345668,77]
345671. c2 = X2 | c2 = X1 | c2 = X0 | c3 = X0 | X1 = X2 | c1 = X2 | c1 = X1 | c1 = X0 <- (2, ~5, 7, 45, 77) [duplicate literal removal 345670]
345673. 55 | 223 | ~2 | 5 | ~7 | ~45 | ~77 [avatar split clause 345671,33391,2579,75,67,54,62851,5383]
345721. ~58 | 1 | 2 | 3 | ~8 | 323 [avatar split clause 201230,142045,79,58,54,50,5727]
346243. c1 = c2 <- (341, 343) [forward demodulation 171239,171231]
346468. $false <- (341, 343) [forward subsumption resolution 346243,6]
346469. ~341 | ~343 [avatar contradiction clause 346468]
346726. i(X0) != c2 | c2 = X0 | c3 = X0 | c1 = X0 <- (~49) [superposition 2987,5]
347487. mult(c2,X0) = mult(c1,mult(c4,X0)) <- (343) [superposition 3,171239]
347490. mult(e,X0) = mult(c1,mult(c4,mult(i(c2),X0))) <- (343) [superposition 309,171239]
347649. c2 = mult(c4,c4) <- (7, 32, 77, 184) [superposition 138351,301988]
347907. $false <- (7, 32, ~58, 77, 184) [forward subsumption resolution 347649,5728]
347908. ~7 | ~32 | 58 | ~77 | ~184 [avatar contradiction clause 347907]
348110. mult(c1,c4) != mult(c4,c1) <- (~4, 5) [forward demodulation 64,69]
348208. mult(op_b,c1) != mult(c1,op_b) <- (5) [superposition 4,69]
348273. c1 = mult(c4,c4) <- (5, 32, 77, 184) [superposition 138351,301619]
348310. $false <- (5, 32, ~56, 77, 184) [forward subsumption resolution 348273,5387]
348311. ~5 | ~32 | 56 | ~77 | ~184 [avatar contradiction clause 348310]
348358. c4 != mult(c1,c3) <- (2, 5, ~17) [forward demodulation 283,69]
348372. c2 = mult(c1,c3) <- (2, 5, 20) [forward demodulation 302203,69]
348394. 33 | ~2 | ~321 [avatar split clause 324594,142008,54,344]
348412. 47 | ~11 | ~54 | ~66 | ~75 | ~247 [avatar split clause 141679,64951,33140,33089,5323,92,2978]
348413. 54 | ~11 | ~66 [avatar split clause 157215,33089,92,5323]
348450. c1 = mult(c3,c1) <- (2, 5, 14) [forward demodulation 4977,56]
348511. $false <- (77, ~201) [forward subsumption resolution 60088,33392]
348512. ~77 | 201 [avatar contradiction clause 348511]
348792. c2 != mult(c1,c4) <- (~4, 5, 247) [forward demodulation 348110,64953]
349574. mult(X1,i(X0)) = mult(c2,i(mult(X0,i(X1)))) <- (11) [forward demodulation 151091,94]
349725. c2 = mult(X1,mult(X2,mult(i(mult(i(X0),mult(X1,X2))),i(X0)))) <- (11) [forward demodulation 221345,94]
350350. mult(e,X0) = mult(c1,mult(c4,X0)) <- (8, 11, 66, 343) [forward demodulation 347490,151911]
350352. mult(c1,mult(c4,X0)) = X0 <- (66, 343) [forward demodulation 347487,33090]
350375. mult(op_a,c3) != X0 | mult(c3,X1) = mult(op_b,mult(op_a,X1)) | c3 = X0 | c1 = X0 | mult(op_b,op_a) = c2 | c2 = X0 | mult(op_b,op_a) = c1 <- (2) [forward demodulation 13043,56]
350402. mult(c1,c3) != mult(c3,c1) <- (2, 5) [forward demodulation 348208,56]
350405. 392 | ~2 | ~5 | ~20 [avatar split clause 348372,148,67,54,275315]
350652. $false <- (~4, 5, 247, 343) [forward subsumption resolution 348792,171239]
350653. 4 | ~5 | ~247 | ~343 [avatar contradiction clause 350652]
351263. mult(X1,i(X0)) = i(mult(X0,i(X1))) <- (11, 66) [forward demodulation 349574,33090]
351399. mult(X0,i(X0)) = c2 <- (11) [forward demodulation 349725,290416]
351913. mult(c2,X0) = mult(c1,mult(c4,X0)) <- (8, 11, 66, 343) [forward demodulation 350350,94]
351915. 424 | ~66 | ~343 [avatar split clause 350352,171238,33089,301774]
351933. mult(c1,c3) != X0 | mult(c3,X1) = mult(op_b,mult(op_a,X1)) | c3 = X0 | c1 = X0 | mult(op_b,op_a) = c2 | c2 = X0 | mult(op_b,op_a) = c1 <- (2, 5) [forward demodulation 350375,69]
351958. c1 != mult(c1,c3) <- (2, 5, 77) [forward demodulation 350402,33392]
353043. mult(c1,mult(c4,X0)) = X0 <- (8, 11, 66, 343) [forward demodulation 351913,33090]
353052. mult(c3,X1) = mult(op_b,mult(c1,X1)) | mult(c1,c3) != X0 | c3 = X0 | c1 = X0 | mult(op_b,op_a) = c2 | c2 = X0 | mult(op_b,op_a) = c1 <- (2, 5) [forward demodulation 351933,69]
353053. ~391 | ~2 | ~5 | ~77 [avatar split clause 351958,33391,67,54,275311]
353944. 424 | ~8 | ~11 | ~66 | ~343 [avatar split clause 353043,171238,33089,92,79,301774]
353951. mult(c3,X1) = mult(c3,mult(c1,X1)) | mult(c1,c3) != X0 | c3 = X0 | c1 = X0 | mult(op_b,op_a) = c2 | c2 = X0 | mult(op_b,op_a) = c1 <- (2, 5) [forward demodulation 353052,56]
356350. ~311 | ~2 | 23 [avatar split clause 140152,169,54,132894]
356360. mult(c3,X1) = mult(c4,mult(c3,X1)) <- (2, 322) [forward demodulation 142013,56]
356424. c2 != mult(c3,c4) <- (2, 8, ~323) [forward demodulation 301983,140162]
356608. 313 | ~2 | ~322 [avatar split clause 356360,142012,54,133040]
358070. c3 = mult(e,i(mult(c4,i(c4)))) <- (2, 8, 22) [superposition 7259,301963]
358074. c3 = mult(e,mult(c4,i(c4))) <- (2, 8, 11, 22, 66) [forward demodulation 358070,351263]
358104. c3 = mult(e,e) <- (2, 8, 11, 22, 66) [forward demodulation 358074,1]
358116. e = c3 <- (2, 8, 11, 22, 66) [forward demodulation 358104,2]
358124. $false <- (2, 8, ~10, 11, 22, 66) [forward subsumption resolution 358116,89]
358125. ~2 | ~8 | 10 | ~11 | ~22 | ~66 [avatar contradiction clause 358124]
358337. c4 = mult(c1,c3) <- (2, 5, 17) [forward demodulation 324586,69]
358452. c1 != mult(c3,c4) <- (2, ~8, 33) [forward demodulation 284,346]
358505. c2 = mult(op_b,c1) | mult(c3,X1) = mult(c3,mult(c1,X1)) | mult(c1,c3) != X0 | c3 = X0 | c1 = X0 | c2 = X0 | mult(op_b,op_a) = c1 <- (2, 5) [forward demodulation 353951,69]
358606. c2 = mult(c3,c1) | mult(c3,X1) = mult(c3,mult(c1,X1)) | mult(c1,c3) != X0 | c3 = X0 | c1 = X0 | c2 = X0 | mult(op_b,op_a) = c1 <- (2, 5) [forward demodulation 358505,56]
359218. e = mult(c3,mult(c1,i(c1))) <- (2, 5, 14) [superposition 18,348450]
359231. mult(X0,mult(c3,mult(c1,i(mult(e,c1))))) = X0 <- (2, 5, 14) [superposition 6824,348450]
359254. mult(X0,c3) = X0 <- (2, 5, 14) [forward demodulation 359231,6452]
359258. e = mult(c3,e) <- (2, 5, 14) [forward demodulation 359218,1]
359262. 45 | ~2 | ~5 | ~14 [avatar split clause 359254,104,67,54,2579]
359265. e = c3 <- (2, 5, 14) [forward demodulation 359258,2]
359270. $false <- (2, 5, ~10, 14) [forward subsumption resolution 359265,89]
359271. ~2 | ~5 | 10 | ~14 [avatar contradiction clause 359270]
359291. c3 != mult(op_a,c3) <- (2, 15) [forward demodulation 187,56]
359345. c3 != mult(c1,c3) <- (2, 5, 15) [forward demodulation 359291,69]
359399. mult(e,X0) = mult(c4,mult(c1,X0)) <- (47) [superposition 13,2980]
359444. mult(c2,X0) = mult(c4,mult(c1,X0)) <- (11, 47) [forward demodulation 359399,94]
359463. mult(c4,mult(c1,X0)) = X0 <- (11, 47, 66) [forward demodulation 359444,33090]
359471. 420 | ~11 | ~47 | ~66 [avatar split clause 359463,33089,2978,92,300621]
359476. c4 = i(mult(c2,c1)) <- (11, 420) [forward demodulation 305190,94]
359525. c4 = i(c1) <- (11, 66, 420) [forward demodulation 359476,33090]
360583. c4 != X0 | c2 = mult(c3,c1) | mult(c3,X1) = mult(c3,mult(c1,X1)) | c3 = X0 | c1 = X0 | c2 = X0 | mult(op_b,op_a) = c1 <- (2, 5, 17) [forward demodulation 358606,358337]
360602. c4 != mult(c3,c1) <- (2, 5, 17) [forward demodulation 350402,358337]
360625. c2 = mult(c3,c1) | mult(c3,X1) = mult(c3,mult(c1,X1)) | c3 = X0 | c1 = X0 | c2 = X0 | mult(op_b,op_a) = c1 <- (2, 5, 17) [forward subsumption resolution 360583,5]
360632. mult(c3,X1) = mult(c3,mult(c1,X1)) | c3 = X0 | c1 = X0 | c2 = X0 | mult(op_b,op_a) = c1 <- (2, 5, 17, 47, ~253) [forward subsumption resolution 360625,73351]
360637. c1 = mult(op_b,c1) | mult(c3,X1) = mult(c3,mult(c1,X1)) | c3 = X0 | c1 = X0 | c2 = X0 <- (2, 5, 17, 47, ~253) [forward demodulation 360632,69]
360641. c1 = mult(c3,c1) | mult(c3,X1) = mult(c3,mult(c1,X1)) | c3 = X0 | c1 = X0 | c2 = X0 <- (2, 5, 17, 47, ~253) [forward demodulation 360637,56]
360645. mult(c3,X1) = mult(c3,mult(c1,X1)) | c3 = X0 | c1 = X0 | c2 = X0 <- (2, 5, ~14, 17, 47, ~253) [forward subsumption resolution 360641,302190]
360648. 55 | 274 | ~2 | ~5 | 14 | ~17 | ~47 | 253 [avatar split clause 360645,65193,2978,116,104,67,54,84469,5383]
364312. c1 != c1 <- (75, ~285) [superposition 114845,33141]
364328. $false <- (75, ~285) [trivial inequality removal 364312]
364329. ~75 | 285 [avatar contradiction clause 364328]
364845. c1 = mult(c1,c3) <- (2, 5, 18) [forward demodulation 336,69]
364940. c3 = mult(c1,c1) <- (33, 424) [superposition 301775,346]
365341. e = mult(c3,e) <- (318) [superposition 140218,1]
365386. c3 = mult(c3,mult(i(mult(i(X0),c3)),i(X0))) <- (318) [superposition 140218,7080]
365406. mult(c3,X0) = mult(c3,i(mult(i(X0),c3))) <- (318) [superposition 7066,140218]
365462. mult(c3,X0) = X0 <- (318) [forward demodulation 365406,7081]
365474. mult(X0,i(X0)) = c3 <- (318) [forward demodulation 365386,112253]
365493. 469 <=> c4 = mult(c3,c4) [avatar definition]
365494. c4 != mult(c3,c4) <- (~469) [avatar component clause 365493]
365495. c4 = mult(c3,c4) <- (469) [avatar component clause 365493]
365515. e = c3 <- (318) [forward demodulation 365341,2]
365538. 77 | ~318 [avatar split clause 365462,140217,33391]
365549. c2 = c3 <- (11, 318) [forward demodulation 365474,351399]
365559. $false <- (~10, 318) [forward subsumption resolution 365515,89]
365560. 10 | ~318 [avatar contradiction clause 365559]
365593. $false <- (11, 318) [forward subsumption resolution 365549,9]
365594. ~11 | ~318 [avatar contradiction clause 365593]
365983. c3 = mult(e,i(mult(c1,i(c2)))) <- (47, 253) [superposition 7259,66090]
365999. c3 = mult(e,mult(c2,i(c1))) <- (11, 47, 66, 253) [forward demodulation 365983,351263]
366008. c3 = mult(e,i(c1)) <- (11, 47, 66, 253) [forward demodulation 365999,33090]
366016. c3 = mult(e,c4) <- (11, 47, 54, 66, 75, 247, 253) [forward demodulation 366008,138191]
366023. c3 = mult(c2,c4) <- (11, 47, 54, 66, 75, 247, 253) [forward demodulation 366016,94]
366027. $false <- (11, 47, ~50, 54, 66, 75, 247, 253) [forward subsumption resolution 366023,2991]
366028. ~11 | ~47 | 50 | ~54 | ~66 | ~75 | ~247 | ~253 [avatar contradiction clause 366027]
366099. 473 <=> ! [X0] : (c3 = X0 | c1 = X0 | c2 = X0 | mult(c3,c1) = X0) [avatar definition]
366100. mult(c3,c1) = X0 | c1 = X0 | c2 = X0 | c3 = X0 <- (473) [avatar component clause 366099]
367170. c3 = c4 <- (33, 56, 424) [superposition 364940,321784]
367194. c1 = mult(e,i(mult(c1,i(c3)))) <- (33, 424) [superposition 7259,364940]
367201. c1 = mult(e,mult(c3,i(c1))) <- (11, 33, 66, 424) [forward demodulation 367194,351263]
367212. $false <- (33, 56, 424) [forward subsumption resolution 367170,11]
367213. ~33 | ~56 | ~424 [avatar contradiction clause 367212]
367214. c1 = mult(e,mult(c3,c4)) <- (11, 33, 54, 66, 75, 247, 424) [forward demodulation 367201,138191]
367221. c1 = mult(c2,mult(c3,c4)) <- (11, 33, 54, 66, 75, 247, 424) [forward demodulation 367214,94]
367226. c1 = mult(c3,c4) <- (11, 33, 54, 66, 75, 247, 424) [forward demodulation 367221,33090]
367234. c2 = mult(c4,c3) <- (2, 323) [forward demodulation 142047,56]
367500. c2 != mult(c3,c4) <- (2, ~8, 323) [superposition 284,367234]
367507. c2 = mult(X0,c3) | c3 = X0 | c2 = X0 | c1 = X0 <- (2, 323) [superposition 1819,367234]
367508. c3 = mult(c1,c2) <- (2, 323, 424) [superposition 301775,367234]
367526. c4 = mult(e,i(mult(c3,i(c2)))) <- (2, 323) [superposition 7259,367234]
367540. c4 = mult(e,mult(c2,i(c3))) <- (2, 11, 66, 323) [forward demodulation 367526,351263]
367553. 264 | ~2 | ~323 [avatar split clause 367507,142045,54,73318]
367563. c4 = mult(e,i(c3)) <- (2, 11, 66, 323) [forward demodulation 367540,33090]
367573. c4 = mult(c2,i(c3)) <- (2, 11, 66, 323) [forward demodulation 367563,94]
367583. c4 = i(c3) <- (2, 11, 66, 323) [forward demodulation 367573,33090]
367592. c1 = c3 <- (66, 434) [forward demodulation 308984,33090]
367596. c1 = c3 <- (2, 75, 323, 424) [forward demodulation 367508,33141]
367603. $false <- (66, 434) [forward subsumption resolution 367592,7]
367604. ~66 | ~434 [avatar contradiction clause 367603]
367610. $false <- (2, 75, 323, 424) [forward subsumption resolution 367596,7]
367611. ~2 | ~75 | ~323 | ~424 [avatar contradiction clause 367610]
367704. c3 = mult(c1,c4) <- (2, 22, 424) [superposition 301775,140160]
367954. c2 = c3 <- (2, 22, 343, 424) [forward demodulation 367704,171239]
367961. op_a != mult(c2,op_a) | c3 = X0 | c2 = X1 | c2 = X2 | X1 = X2 | op_b = X0 | op_b = X1 | op_b = X2 | c1 = X2 | c2 = X0 | c1 = X1 | c1 = X0 <- (~1, 75) [forward demodulation 339948,33141]
367965. mult(c2,op_b) != mult(op_b,c2) | c3 = X0 | c2 = X1 | c2 = X2 | X1 = X2 | op_a = X0 | op_a = X1 | op_a = X2 | c1 = X2 | c2 = X0 | c1 = X1 | c1 = X0 <- (~5) [forward subsumption resolution 14834,68]
368108. $false <- (2, 22, 343, 424) [forward subsumption resolution 367954,9]
368109. ~2 | ~22 | ~343 | ~424 [avatar contradiction clause 368108]
368114. c3 = X0 | c2 = X1 | c2 = X2 | X1 = X2 | op_b = X0 | op_b = X1 | op_b = X2 | c1 = X2 | c2 = X0 | c1 = X1 | c1 = X0 <- (~1, 66, 75) [forward subsumption resolution 367961,33090]
368117. op_b != mult(c2,op_b) | c3 = X0 | c2 = X1 | c2 = X2 | X1 = X2 | op_a = X0 | op_a = X1 | op_a = X2 | c1 = X2 | c2 = X0 | c1 = X1 | c1 = X0 <- (~5, 75) [forward demodulation 367965,33141]
368134. c3 = X0 | c2 = X1 | c2 = X2 | X1 = X2 | op_a = X0 | op_a = X1 | op_a = X2 | c1 = X2 | c2 = X0 | c1 = X1 | c1 = X0 <- (~5, 66, 75) [forward subsumption resolution 368117,33090]
368265. mult(c2,c4) != mult(c4,c2) <- (3, ~8) [forward demodulation 81,60]
368279. c2 = X0 | c3 = X0 | c2 = X1 | c2 = X2 | X1 = X2 | op_b = X1 | op_b = X2 | c1 = X2 | c2 = X0 | c1 = X1 | c1 = X0 <- (~1, 3, 66, 75) [forward demodulation 368114,60]
368280. c2 = X0 | c3 = X0 | c2 = X1 | c2 = X2 | X1 = X2 | op_b = X1 | op_b = X2 | c1 = X2 | c1 = X1 | c1 = X0 <- (~1, 3, 66, 75) [duplicate literal removal 368279]
368336. c4 != mult(c2,c4) <- (3, ~8, 75) [forward demodulation 368265,33141]
368348. c2 = X1 | c2 = X0 | c3 = X0 | c2 = X1 | c2 = X2 | X1 = X2 | op_b = X2 | c1 = X2 | c1 = X1 | c1 = X0 <- (~1, 3, 66, 75) [forward demodulation 368280,60]
368349. c2 = X1 | c2 = X0 | c3 = X0 | c2 = X2 | X1 = X2 | op_b = X2 | c1 = X2 | c1 = X1 | c1 = X0 <- (~1, 3, 66, 75) [duplicate literal removal 368348]
368367. $false <- (3, ~8, 66, 75) [forward subsumption resolution 368336,33090]
368368. ~3 | 8 | ~66 | ~75 [avatar contradiction clause 368367]
368376. c2 = X2 | c2 = X1 | c2 = X0 | c3 = X0 | c2 = X2 | X1 = X2 | c1 = X2 | c1 = X1 | c1 = X0 <- (~1, 3, 66, 75) [forward demodulation 368349,60]
368377. c2 = X2 | c2 = X1 | c2 = X0 | c3 = X0 | X1 = X2 | c1 = X2 | c1 = X1 | c1 = X0 <- (~1, 3, 66, 75) [duplicate literal removal 368376]
368387. 55 | 223 | 1 | ~3 | ~66 | ~75 [avatar split clause 368377,33140,33089,58,50,62851,5383]
368748. 311 | ~11 | ~33 | ~54 | ~66 | ~75 | ~247 | ~424 [avatar split clause 367226,301774,64951,33140,33089,5323,344,92,132894]
368855. c3 != mult(c2,c4) <- (7, ~30) [forward demodulation 242,77]
368860. op_b != c1 <- (1, ~14, 18) [forward demodulation 105,303726]
368862. c2 = X0 | c3 = X0 | c2 = X1 | c2 = X2 | X1 = X2 | op_a = X1 | op_a = X2 | c1 = X2 | c2 = X0 | c1 = X1 | c1 = X0 <- (~5, 7, 66, 75) [forward demodulation 368134,77]
368863. c2 = X0 | c3 = X0 | c2 = X1 | c2 = X2 | X1 = X2 | op_a = X1 | op_a = X2 | c1 = X2 | c1 = X1 | c1 = X0 <- (~5, 7, 66, 75) [duplicate literal removal 368862]
368979. $false <- (1, ~14, 18) [forward subsumption resolution 368860,52]
368980. ~1 | 14 | ~18 [avatar contradiction clause 368979]
368982. c2 = X1 | c2 = X0 | c3 = X0 | c2 = X1 | c2 = X2 | X1 = X2 | op_a = X2 | c1 = X2 | c1 = X1 | c1 = X0 <- (~5, 7, 66, 75) [forward demodulation 368863,77]
368983. c2 = X1 | c2 = X0 | c3 = X0 | c2 = X2 | X1 = X2 | op_a = X2 | c1 = X2 | c1 = X1 | c1 = X0 <- (~5, 7, 66, 75) [duplicate literal removal 368982]
369024. c2 = X2 | c2 = X1 | c2 = X0 | c3 = X0 | c2 = X2 | X1 = X2 | c1 = X2 | c1 = X1 | c1 = X0 <- (~5, 7, 66, 75) [forward demodulation 368983,77]
369025. c2 = X2 | c2 = X1 | c2 = X0 | c3 = X0 | X1 = X2 | c1 = X2 | c1 = X1 | c1 = X0 <- (~5, 7, 66, 75) [duplicate literal removal 369024]
369036. 55 | 223 | 5 | ~7 | ~66 | ~75 [avatar split clause 369025,33140,33089,75,67,62851,5383]
369503. c3 != mult(op_b,c2) <- (7, ~15) [forward demodulation 109,77]
369504. c4 != mult(op_a,c3) <- (2, ~17) [forward demodulation 118,56]
369510. mult(op_a,c3) != X0 | mult(op_b,op_a) = c3 | c3 = X0 | mult(op_b,op_a) = c1 | c2 = X0 | mult(op_b,op_a) = c2 | c1 = X0 <- (2) [forward demodulation 721,56]
369791. op_b != c3 <- (7, ~15, 75) [forward demodulation 369503,33141]
369792. c4 != mult(c2,c3) <- (2, 7, ~17) [forward demodulation 369504,77]
369797. mult(c2,c3) != X0 | mult(op_b,op_a) = c3 | c3 = X0 | mult(op_b,op_a) = c1 | c2 = X0 | mult(op_b,op_a) = c2 | c1 = X0 <- (2, 7) [forward demodulation 369510,77]
370022. $false <- (2, 7, ~15, 75) [forward subsumption resolution 369791,56]
370023. ~2 | ~7 | 15 | ~75 [avatar contradiction clause 370022]
370304. c3 != mult(op_a,c3) <- (2, 15) [forward demodulation 187,56]
370339. ~42 | ~2 | 27 [avatar split clause 301965,214,54,2290]
370371. c2 != mult(c4,i(mult(c4,c3))) <- (2, ~328) [forward demodulation 146766,56]
370395. 474 <=> c1 = mult(c3,c3) [avatar definition]
370396. c1 != mult(c3,c3) <- (~474) [avatar component clause 370395]
370397. c1 = mult(c3,c3) <- (474) [avatar component clause 370395]
370506. c3 != mult(c2,c3) <- (2, 7, 15) [forward demodulation 370304,77]
370621. $false <- (2, 7, 15, 66) [forward subsumption resolution 370506,33090]
370622. ~2 | ~7 | ~15 | ~66 [avatar contradiction clause 370621]
370852. c3 = i(c4) <- (2, 9, 23, 296) [forward demodulation 183542,56]
370966. c3 = mult(c3,c2) <- (2, 7, 15) [forward demodulation 301575,56]
371011. c4 != X0 | mult(op_b,op_a) = c3 | c3 = X0 | mult(op_b,op_a) = c1 | c2 = X0 | mult(op_b,op_a) = c2 | c1 = X0 <- (2, 7, 9, 48, 58, 296) [forward demodulation 369797,232932]
372841. mult(op_b,op_a) = c3 | c3 = X0 | mult(op_b,op_a) = c1 | c2 = X0 | mult(op_b,op_a) = c2 | c1 = X0 <- (2, 7, 9, 48, 58, 296) [forward subsumption resolution 371011,5]
374317. c3 = mult(op_b,c2) | c3 = X0 | mult(op_b,op_a) = c1 | c2 = X0 | mult(op_b,op_a) = c2 | c1 = X0 <- (2, 7, 9, 48, 58, 296) [forward demodulation 372841,77]
375447. c3 = mult(c3,c2) | c3 = X0 | mult(op_b,op_a) = c1 | c2 = X0 | mult(op_b,op_a) = c2 | c1 = X0 <- (2, 7, 9, 48, 58, 296) [forward demodulation 374317,56]
376365. c3 = X0 | mult(op_b,op_a) = c1 | c2 = X0 | mult(op_b,op_a) = c2 | c1 = X0 <- (2, 7, 9, 48, ~51, 58, 296) [forward subsumption resolution 375447,132901]
377112. c1 = mult(op_b,c2) | c3 = X0 | c2 = X0 | mult(op_b,op_a) = c2 | c1 = X0 <- (2, 7, 9, 48, ~51, 58, 296) [forward demodulation 376365,77]
377702. c1 = mult(c3,c2) | c3 = X0 | c2 = X0 | mult(op_b,op_a) = c2 | c1 = X0 <- (2, 7, 9, 48, ~51, 58, 296) [forward demodulation 377112,56]
378092. c3 = X0 | c2 = X0 | mult(op_b,op_a) = c2 | c1 = X0 <- (2, 7, 9, ~14, 48, ~51, 58, 296) [forward subsumption resolution 377702,301953]
378384. c2 = mult(op_b,c2) | c3 = X0 | c2 = X0 | c1 = X0 <- (2, 7, 9, ~14, 48, ~51, 58, 296) [forward demodulation 378092,77]
378571. c2 = mult(c3,c2) | c3 = X0 | c2 = X0 | c1 = X0 <- (2, 7, 9, ~14, 48, ~51, 58, 296) [forward demodulation 378384,56]
378679. c3 = X0 | c2 = X0 | c1 = X0 <- (2, 7, 9, ~14, ~16, 48, ~51, 58, 296) [forward subsumption resolution 378571,301955]
378750. 55 | ~2 | ~7 | ~9 | 14 | 16 | ~48 | 51 | ~58 | ~296 [avatar split clause 378679,116315,5727,3297,2982,112,104,84,75,54,5383]
379028. 457 | ~5 | ~26 [avatar split clause 300676,196,67,343274]
380855. mult(op_a,X0) != mult(X0,op_a) | c3 = X0 | op_b = c1 | c2 = X0 | op_b = c2 | c1 = X0 <- (~2) [forward subsumption resolution 733,55]
382320. mult(op_a,X0) != mult(X0,op_a) | c3 = X0 | c2 = X0 | op_b = c2 | c1 = X0 <- (~1, ~2) [forward subsumption resolution 380855,51]
383395. mult(c2,X0) != mult(X0,c2) | c3 = X0 | c2 = X0 | op_b = c2 | c1 = X0 <- (~1, ~2, 7) [forward demodulation 382320,77]
384258. mult(c2,X0) != X0 | c3 = X0 | c2 = X0 | op_b = c2 | c1 = X0 <- (~1, ~2, 7, 75) [forward demodulation 383395,33141]
384972. c3 = X0 | c2 = X0 | op_b = c2 | c1 = X0 <- (~1, ~2, 7, 66, 75) [forward subsumption resolution 384258,33090]
385532. c2 = c4 | c3 = X0 | c2 = X0 | c1 = X0 <- (~1, ~2, ~3, 7, 8, 66, 75) [forward demodulation 384972,177920]
385896. c3 = X0 | c2 = X0 | c1 = X0 <- (~1, ~2, ~3, 7, 8, 66, 75) [forward subsumption resolution 385532,10]
386171. 55 | 1 | 2 | 3 | ~7 | ~8 | ~66 | ~75 [avatar split clause 385896,33140,33089,79,75,58,54,50,5383]
386642. c4 = mult(c2,c3) <- (2, 7, 17) [forward demodulation 324586,77]
386661. c2 = mult(c4,c2) <- (4, 7, 12) [forward demodulation 6476,77]
386752. 316 | 9 | 10 | 11 | ~13 [avatar split clause 260017,100,92,88,84,138505]
386944. 3 | ~316 | ~323 [avatar split clause 194332,142045,138505,58]
388797. mult(op_a,c3) != X0 | mult(op_b,op_a) = c3 | c3 = X0 | mult(op_b,op_a) = c1 | c2 = X0 | mult(op_b,op_a) = c2 | c1 = X0 <- (2) [forward demodulation 721,56]
388805. mult(op_a,c3) != X0 | mult(c3,X1) = mult(op_b,mult(op_a,X1)) | c3 = X0 | c1 = X0 | mult(op_b,op_a) = c2 | c2 = X0 | mult(op_b,op_a) = c1 <- (2) [forward demodulation 13043,56]
390581. mult(c2,c3) != X0 | mult(op_b,op_a) = c3 | c3 = X0 | mult(op_b,op_a) = c1 | c2 = X0 | mult(op_b,op_a) = c2 | c1 = X0 <- (2, 7) [forward demodulation 388797,77]
390589. mult(c2,c3) != X0 | mult(c3,X1) = mult(op_b,mult(op_a,X1)) | c3 = X0 | c1 = X0 | mult(op_b,op_a) = c2 | c2 = X0 | mult(op_b,op_a) = c1 <- (2, 7) [forward demodulation 388805,77]
392058. c4 != X0 | mult(c3,X1) = mult(op_b,mult(op_a,X1)) | c3 = X0 | c1 = X0 | mult(op_b,op_a) = c2 | c2 = X0 | mult(op_b,op_a) = c1 <- (2, 7, 17) [forward demodulation 390589,386642]
393190. mult(c3,X1) = mult(op_b,mult(op_a,X1)) | c3 = X0 | c1 = X0 | mult(op_b,op_a) = c2 | c2 = X0 | mult(op_b,op_a) = c1 <- (2, 7, 17) [forward subsumption resolution 392058,5]
394105. mult(c3,X1) = mult(op_b,mult(c2,X1)) | c3 = X0 | c1 = X0 | mult(op_b,op_a) = c2 | c2 = X0 | mult(op_b,op_a) = c1 <- (2, 7, 17) [forward demodulation 393190,77]
396847. 53 | ~40 [avatar split clause 184804,1786,5319]
396990. mult(c3,X1) = mult(c3,mult(c2,X1)) | c3 = X0 | c1 = X0 | mult(op_b,op_a) = c2 | c2 = X0 | mult(op_b,op_a) = c1 <- (2, 7, 17) [forward demodulation 394105,56]
396994. c1 != mult(c3,c4) <- (9, 56, ~252, 296) [forward demodulation 65190,236578]
398175. mult(X1,i(X0)) = mult(c1,i(mult(X0,i(X1)))) <- (9) [forward demodulation 151091,86]
398779. c2 = mult(op_b,c2) | mult(c3,X1) = mult(c3,mult(c2,X1)) | c3 = X0 | c1 = X0 | c2 = X0 | mult(op_b,op_a) = c1 <- (2, 7, 17) [forward demodulation 396990,77]
399662. mult(X1,i(X0)) = i(mult(X0,i(X1))) <- (9, 296) [forward demodulation 398175,116316]
400193. c2 = mult(c3,c2) | mult(c3,X1) = mult(c3,mult(c2,X1)) | c3 = X0 | c1 = X0 | c2 = X0 | mult(op_b,op_a) = c1 <- (2, 7, 17) [forward demodulation 398779,56]
401239. mult(c3,X1) = mult(c3,mult(c2,X1)) | c3 = X0 | c1 = X0 | c2 = X0 | mult(op_b,op_a) = c1 <- (2, 7, ~16, 17) [forward subsumption resolution 400193,301955]
402081. c1 = mult(op_b,c2) | mult(c3,X1) = mult(c3,mult(c2,X1)) | c3 = X0 | c1 = X0 | c2 = X0 <- (2, 7, ~16, 17) [forward demodulation 401239,77]
402773. c1 = mult(c3,c2) | mult(c3,X1) = mult(c3,mult(c2,X1)) | c3 = X0 | c1 = X0 | c2 = X0 <- (2, 7, ~16, 17) [forward demodulation 402081,56]
403310. mult(c3,X1) = mult(c3,mult(c2,X1)) | c3 = X0 | c1 = X0 | c2 = X0 <- (2, 7, ~14, ~16, 17) [forward subsumption resolution 402773,301953]
403675. 55 | 244 | ~2 | ~7 | 14 | 16 | ~17 [avatar split clause 403310,116,112,104,75,54,64593,5383]
404366. c1 = mult(c3,c2) <- (2, 7, 14) [forward demodulation 295937,56]
404725. c3 = i(c2) <- (40) [superposition 112404,1788]
404941. c3 = mult(op_b,c2) | mult(c2,c3) != X0 | c3 = X0 | mult(op_b,op_a) = c1 | c2 = X0 | mult(op_b,op_a) = c2 | c1 = X0 <- (2, 7) [forward demodulation 390581,77]
404952. c3 = mult(c3,c2) | mult(c2,c3) != X0 | c3 = X0 | mult(op_b,op_a) = c1 | c2 = X0 | mult(op_b,op_a) = c2 | c1 = X0 <- (2, 7) [forward demodulation 404941,56]
404977. i(X0) != c1 | c2 = X0 | c3 = X0 | c1 = X0 <- (~47) [superposition 2979,5]
405032. c4 != X0 | c3 = X0 | c3 = mult(c2,c3) | c1 = X0 | c2 = mult(c2,c3) | c2 = X0 | c1 = mult(c2,c3) <- (2, 7, ~17) [superposition 369792,30]
405089. c2 = mult(X0,i(mult(c3,X0))) <- (53) [superposition 7081,5321]
405100. c2 = i(c3) <- (53) [forward demodulation 405089,132045]
405260. 477 <=> c2 = mult(c2,c3) [avatar definition]
405261. c2 != mult(c2,c3) <- (~477) [avatar component clause 405260]
405262. c2 = mult(c2,c3) <- (477) [avatar component clause 405260]
405354. mult(c2,c3) != X0 | c3 = X0 | mult(op_b,op_a) = c1 | c2 = X0 | mult(op_b,op_a) = c2 | c1 = X0 <- (2, 7, ~15) [forward subsumption resolution 404952,345495]
405360. c3 = X0 | c3 = mult(c2,c3) | c1 = X0 | c2 = mult(c2,c3) | c2 = X0 | c1 = mult(c2,c3) <- (2, 7, ~17) [forward subsumption resolution 405032,5]
405465. c1 = mult(op_b,c2) | mult(c2,c3) != X0 | c3 = X0 | c2 = X0 | mult(op_b,op_a) = c2 | c1 = X0 <- (2, 7, ~15) [forward demodulation 405354,77]
405470. c3 = X0 | c3 = mult(c2,c3) | c1 = X0 | c2 = mult(c2,c3) | c2 = X0 <- (2, 7, ~17, ~360) [forward subsumption resolution 405360,185395]
405472. 479 <=> c3 = mult(c2,c3) [avatar definition]
405473. c3 != mult(c2,c3) <- (~479) [avatar component clause 405472]
405474. c3 = mult(c2,c3) <- (479) [avatar component clause 405472]
405545. c1 = mult(c3,c2) | mult(c2,c3) != X0 | c3 = X0 | c2 = X0 | mult(op_b,op_a) = c2 | c1 = X0 <- (2, 7, ~15) [forward demodulation 405465,56]
405549. 477 | 479 | 55 | ~2 | ~7 | 17 | 360 [avatar split clause 405470,185394,116,75,54,5383,405472,405260]
405606. mult(c2,c3) != X0 | c3 = X0 | c2 = X0 | mult(op_b,op_a) = c2 | c1 = X0 <- (2, 7, ~14, ~15) [forward subsumption resolution 405545,301953]
405651. c2 = mult(op_b,c2) | mult(c2,c3) != X0 | c3 = X0 | c2 = X0 | c1 = X0 <- (2, 7, ~14, ~15) [forward demodulation 405606,77]
405680. c2 = mult(c3,c2) | mult(c2,c3) != X0 | c3 = X0 | c2 = X0 | c1 = X0 <- (2, 7, ~14, ~15) [forward demodulation 405651,56]
405699. mult(c2,c3) != X0 | c3 = X0 | c2 = X0 | c1 = X0 <- (2, 7, ~14, ~15, ~16) [forward subsumption resolution 405680,301955]
405702. 480 <=> ! [X0] : (mult(c2,c3) != X0 | c2 = X0 | c1 = X0 | c3 = X0) [avatar definition]
405703. mult(c2,c3) != X0 | c2 = X0 | c1 = X0 | c3 = X0 <- (480) [avatar component clause 405702]
405719. 480 | ~2 | ~7 | 14 | 15 | 16 [avatar split clause 405699,112,108,104,75,54,405702]
405923. c3 != c3 | c3 = X0 | i(c2) = X0 | c1 = i(c2) | c2 = X0 | c2 = i(c2) | c1 = X0 <- (~53) [superposition 5320,30]
405937. c3 = X0 | i(c2) = X0 | c1 = i(c2) | c2 = X0 | c2 = i(c2) | c1 = X0 <- (~53) [trivial inequality removal 405923]
406307. mult(c4,X0) = mult(c4,mult(c2,X0)) <- (7, 32) [superposition 3,301988]
406671. c2 = mult(e,i(mult(c4,i(c3)))) <- (50) [superposition 7259,2992]
406679. c2 = mult(e,mult(c3,i(c4))) <- (9, 50, 296) [forward demodulation 406671,399662]
406690. c2 = mult(e,mult(c3,c4)) <- (9, 50, 56, 296) [forward demodulation 406679,236578]
406693. c2 = mult(c1,mult(c3,c4)) <- (9, 50, 56, 296) [forward demodulation 406690,86]
406697. c2 = mult(c3,c4) <- (9, 50, 56, 296) [forward demodulation 406693,116316]
406700. $false <- (9, ~42, 50, 56, 296) [forward subsumption resolution 406697,2291]
406701. ~9 | 42 | ~50 | ~56 | ~296 [avatar contradiction clause 406700]
406704. c2 != mult(c4,c3) <- (2, ~8, 27) [forward demodulation 141926,56]
406711. c1 = c4 <- (9, 313) [forward demodulation 137993,86]
406716. $false <- (2, ~8, 42, 323) [forward subsumption resolution 367500,2292]
406717. ~2 | 8 | ~42 | ~323 [avatar contradiction clause 406716]
406729. $false <- (9, 313) [forward subsumption resolution 406711,8]
406730. ~9 | ~313 [avatar contradiction clause 406729]
406758. c2 != mult(c4,i(c4)) <- (2, 22, ~328) [forward demodulation 370371,140160]
406768. e != c2 <- (2, 22, ~328) [forward demodulation 406758,1]
409616. e != c2 | c2 = i(c1) | c3 = i(c1) | c1 = i(c1) <- (~343) [superposition 171240,34]
410172. c3 != c3 | c3 = X0 | mult(c1,c4) = X0 | c1 = mult(c1,c4) | c2 = X0 | c2 = mult(c1,c4) | c1 = X0 <- (~344) [superposition 171245,30]
410173. c3 = X0 | mult(c1,c4) = X0 | c1 = mult(c1,c4) | c2 = X0 | c2 = mult(c1,c4) | c1 = X0 <- (~344) [trivial inequality removal 410172]
410221. c2 = mult(e,i(mult(c3,i(c1)))) <- (360) [superposition 7259,185396]
410228. c2 = mult(e,mult(c1,i(c3))) <- (9, 296, 360) [forward demodulation 410221,399662]
410237. c2 = mult(e,i(c3)) <- (9, 296, 360) [forward demodulation 410228,116316]
410245. c2 = mult(c1,i(c3)) <- (9, 296, 360) [forward demodulation 410237,86]
410252. c2 = i(c3) <- (9, 296, 360) [forward demodulation 410245,116316]
410256. $false <- (9, ~40, 296, 360) [forward subsumption resolution 410252,1787]
410257. ~9 | 40 | ~296 | ~360 [avatar contradiction clause 410256]
410541. mult(c4,c4) = mult(c4,c3) <- (7, 32, 50) [superposition 406307,2992]
410907. c1 != mult(op_a,c3) <- (2, 14) [forward demodulation 165,56]
410936. 48 | ~2 | ~9 | ~23 | ~296 [avatar split clause 370852,116315,169,84,54,2982]
411161. c1 = mult(c4,c4) <- (7, 32, 33, 50) [forward demodulation 410541,346]
411169. c1 != mult(c2,c3) <- (2, 7, 14) [forward demodulation 410907,77]
411308. $false <- (7, 32, 33, 50, ~56) [forward subsumption resolution 411161,5387]
411309. ~7 | ~32 | ~33 | ~50 | 56 [avatar contradiction clause 411308]
411623. ~50 | ~7 | 30 [avatar split clause 368855,241,75,2990]
411625. c2 = c4 <- (7, 32, 58, 147) [forward demodulation 340791,5729]
411635. $false <- (7, 32, 58, 147) [forward subsumption resolution 411625,10]
411636. ~7 | ~32 | ~58 | ~147 [avatar contradiction clause 411635]
411685. c3 = c4 <- (7, 32, 147, 160) [forward demodulation 340791,59046]
411703. $false <- (7, 32, 147, 160) [forward subsumption resolution 411685,11]
411704. ~7 | ~32 | ~147 | ~160 [avatar contradiction clause 411703]
411809. 56 | 1 | 2 | 3 | ~8 | ~321 [avatar split clause 201229,142008,79,58,54,50,5386]
411879. 50 | ~9 | ~42 | ~56 | ~296 [avatar split clause 240366,116315,5386,2290,84,2990]
412639. c3 != c3 | c3 = X0 | mult(c2,c3) = X0 | c1 = mult(c2,c3) | c2 = X0 | c2 = mult(c2,c3) | c1 = X0 <- (~479) [superposition 405473,30]
412654. c3 = X0 | mult(c2,c3) = X0 | c1 = mult(c2,c3) | c2 = X0 | c2 = mult(c2,c3) | c1 = X0 <- (~479) [trivial inequality removal 412639]
412659. c3 = X0 | c1 = mult(c2,c3) | c2 = X0 | c2 = mult(c2,c3) | c1 = X0 <- (~479, 480) [forward subsumption resolution 412654,405703]
412661. c3 = X0 | c2 = X0 | c2 = mult(c2,c3) | c1 = X0 <- (~360, ~479, 480) [forward subsumption resolution 412659,185395]
412953. mult(c4,c4) = mult(c4,c3) <- (7, 32, 50) [superposition 406307,2992]
412995. c1 = mult(c4,c3) <- (7, 32, 50, 56) [forward demodulation 412953,5388]
412996. $false <- (7, 32, ~33, 50, 56) [forward subsumption resolution 412995,345]
412997. ~7 | ~32 | 33 | ~50 | ~56 [avatar contradiction clause 412996]
413026. 341 | ~1 | ~8 | ~13 [avatar split clause 13199,100,79,50,171230]
413078. 341 | ~1 | ~8 | 22 | 25 | 27 [avatar split clause 102561,214,191,158,79,50,171230]
413090. 309 | ~1 | ~321 [avatar split clause 307064,142008,50,127781]
413094. ~400 | ~1 | ~7 | ~19 | 425 [avatar split clause 307774,302513,144,75,50,276670]
413367. c1 = mult(c3,c4) <- (~9, ~10, ~11, 13, 33) [forward demodulation 346,249823]
413369. $false <- (~36, 38) [forward subsumption resolution 166433,549]
413370. 36 | ~38 [avatar contradiction clause 413369]
414595. mult(X1,i(X0)) = mult(c4,i(mult(X0,i(X1)))) <- (1, 8, 23) [forward demodulation 151091,62142]
415364. c1 = c3 <- (~9, ~10, ~11, 12, 13, 33) [forward demodulation 413367,97]
416416. mult(X1,i(X0)) = i(mult(X0,i(X1))) <- (1, 8, 23) [forward demodulation 414595,118007]
416991. $false <- (~9, ~10, ~11, 12, 13, 33) [forward subsumption resolution 415364,7]
416992. 9 | 10 | 11 | ~12 | ~13 | ~33 [avatar contradiction clause 416991]
422294. 489 <=> ! [X1] : mult(c3,X1) = mult(c1,mult(c2,X1)) [avatar definition]
422295. mult(c3,X1) = mult(c1,mult(c2,X1)) <- (489) [avatar component clause 422294]
425568. mult(c1,X0) = mult(c1,mult(c2,X0)) <- (285) [superposition 3,114846]
425569. e = mult(c1,mult(c2,i(c1))) <- (285) [superposition 18,114846]
425600. e = mult(c1,mult(c2,c1)) <- (37, 285) [forward demodulation 425569,554]
425611. e = mult(c1,c1) <- (37, 285) [forward demodulation 425600,425568]
430960. c4 != X0 | mult(c3,X1) = mult(c1,mult(c2,X1)) | c3 = X0 | c1 = X0 | c2 = mult(c1,c2) | c2 = X0 | c1 = mult(c1,c2) <- (~436) [superposition 308992,619]
430968. mult(c3,X1) = mult(c1,mult(c2,X1)) | c3 = X0 | c1 = X0 | c2 = mult(c1,c2) | c2 = X0 | c1 = mult(c1,c2) <- (~436) [forward subsumption resolution 430960,5]
431136. e = X1 | c2 = mult(X0,i(mult(i(X1),X0))) | c1 = mult(X0,i(mult(i(X1),X0))) | c3 = mult(X0,i(mult(i(X1),X0))) <- (46) [superposition 6453,2585]
431530. c3 != mult(X0,c1) | c3 = X0 | c2 = X0 | c1 = X0 <- (~457) [superposition 343276,1819]
431674. c4 != c4 | c2 = mult(c3,c4) | c3 = mult(c3,c4) | c1 = mult(c3,c4) <- (~469) [superposition 365494,5]
431677. c4 != X0 | c3 = mult(c3,c4) | c3 = X0 | c1 = mult(c3,c4) | c2 = X0 | c2 = mult(c3,c4) | c1 = X0 <- (~469) [superposition 365494,30]
431679. c2 = mult(c3,c4) | c3 = mult(c3,c4) | c1 = mult(c3,c4) <- (~469) [trivial inequality removal 431674]
431882. mult(c3,X1) = mult(c1,mult(c2,X1)) | c3 = X0 | c1 = X0 | c2 = X0 | c1 = mult(c1,c2) <- (~401, ~436) [forward subsumption resolution 430968,276677]
431888. mult(c3,X1) = mult(c1,mult(c2,X1)) | c3 = X0 | c1 = X0 | c2 = X0 <- (~285, ~401, ~436) [forward subsumption resolution 431882,114845]
431892. 55 | 489 | 285 | 401 | 436 [avatar split clause 431888,308990,276675,114844,422294,5383]
431987. mult(c1,c3) = mult(c3,c1) <- (434, 489) [superposition 422295,308984]
431996. mult(c1,e) = mult(c3,i(c2)) <- (489) [superposition 422295,1]
431999. mult(c1,c2) = mult(c3,i(e)) <- (489) [superposition 422295,28]
432170. c3 = mult(c1,c2) <- (489) [forward demodulation 431999,28]
432173. mult(c3,c2) = mult(c1,e) <- (54, 489) [forward demodulation 431996,5325]
432236. $false <- (~400, 489) [forward subsumption resolution 432170,276672]
432237. 400 | ~489 [avatar contradiction clause 432236]
432239. c1 = mult(c3,c2) <- (54, 489) [forward demodulation 432173,2]
432315. c2 = mult(c1,c4) <- (1, 8, 13, 23, 37, 436) [superposition 98591,308991]
432316. mult(c4,X0) = mult(c1,mult(c2,X0)) <- (436) [superposition 3,308991]
432331. c1 = mult(e,i(mult(c2,i(c4)))) <- (436) [superposition 7259,308991]
432332. c1 = mult(c4,i(mult(c2,i(c4)))) <- (1, 8, 23, 436) [forward demodulation 432331,62142]
432340. mult(c1,mult(c2,X0)) = X0 <- (316, 436) [forward demodulation 432316,138506]
432341. $false <- (1, 8, 13, 23, 37, ~343, 436) [forward subsumption resolution 432315,171240]
432342. ~1 | ~8 | ~13 | ~23 | ~37 | 343 | ~436 [avatar contradiction clause 432341]
432343. c1 = i(mult(c2,i(c4))) <- (1, 8, 23, 436) [forward demodulation 432332,118007]
432351. 427 | ~316 | ~436 [avatar split clause 432340,308990,138505,303917]
432352. c1 = mult(c4,i(c2)) <- (1, 8, 23, 436) [forward demodulation 432343,416416]
432358. c1 = i(c2) <- (1, 8, 23, 436) [forward demodulation 432352,118007]
432362. $false <- (1, 8, 23, ~52, 436) [forward subsumption resolution 432358,5316]
432363. ~1 | ~8 | ~23 | 52 | ~436 [avatar contradiction clause 432362]
432395. ~434 | ~400 | 425 [avatar split clause 314800,302513,276670,308982]
432529. mult(c1,e) = mult(c3,mult(X0,i(mult(c2,X0)))) <- (489) [superposition 422295,18]
432682. mult(c1,e) = mult(c3,i(c2)) <- (489) [forward demodulation 432529,132045]
432891. c2 = mult(c4,c3) | c3 = X0 | c2 = X0 | c1 = X0 | c1 = X0 | c2 = X0 | c3 = X0 <- (264) [superposition 1819,73319]
432923. c2 = mult(c4,c3) | c3 = X0 | c2 = X0 | c1 = X0 <- (264) [duplicate literal removal 432891]
433062. c3 = mult(e,i(mult(c2,i(c1)))) <- (54, 489) [superposition 7259,432239]
434734. mult(c3,c1) = mult(c1,c2) <- (402, 489) [superposition 422295,276682]
434760. c3 = mult(c3,c1) <- (400, 402, 489) [forward demodulation 434734,276671]
435784. mult(X0,c3) = mult(c4,c1) | c2 = mult(X0,c3) | c3 = mult(X0,c3) | c1 = mult(X0,c3) <- (400, 402, 489) [superposition 35,434760]
435795. c3 = mult(e,i(mult(c1,i(c3)))) <- (400, 402, 489) [superposition 7259,434760]
435809. mult(X0,c3) = mult(c1,c4) | c2 = mult(X0,c3) | c3 = mult(X0,c3) | c1 = mult(X0,c3) <- (1, 8, 400, 402, 489) [forward demodulation 435784,1942]
435821. c1 = mult(X0,c3) | c2 = mult(X0,c3) | c3 = mult(X0,c3) | c1 = mult(X0,c3) <- (1, 8, 12, 400, 402, 489) [forward demodulation 435809,97]
435822. c1 = mult(X0,c3) | c2 = mult(X0,c3) | c3 = mult(X0,c3) <- (1, 8, 12, 400, 402, 489) [duplicate literal removal 435821]
435831. 84 | ~1 | ~8 | ~12 | ~400 | ~402 | ~489 [avatar split clause 435822,422294,276681,276670,96,79,50,34581]
435944. c2 = mult(e,i(mult(c1,i(c4)))) <- (1, 7, 17) [superposition 7259,307969]
435945. c2 = mult(c4,i(mult(c1,i(c4)))) <- (1, 7, 8, 17, 23) [forward demodulation 435944,62142]
435956. c2 = i(mult(c1,i(c4))) <- (1, 7, 8, 17, 23) [forward demodulation 435945,118007]
435967. c2 = mult(c4,i(c1)) <- (1, 7, 8, 17, 23) [forward demodulation 435956,416416]
435985. c2 = i(c1) <- (1, 7, 8, 17, 23) [forward demodulation 435967,118007]
435988. $false <- (1, 7, 8, 17, 23, ~35) [forward subsumption resolution 435985,545]
435989. ~1 | ~7 | ~8 | ~17 | ~23 | 35 [avatar contradiction clause 435988]
436014. 436 | 9 | 10 | 11 | ~13 | ~35 [avatar split clause 17237,544,100,92,88,84,308990]
436018. 426 | 9 | 10 | 11 | ~13 | ~35 [avatar split clause 14055,544,100,92,88,84,303900]
436021. 52 | ~1 | ~8 | 9 | 10 | 11 | ~13 | ~23 | ~35 [avatar split clause 120279,544,169,100,92,88,84,79,50,5315]
436027. 426 | 9 | 10 | 11 | ~13 | ~52 [avatar split clause 22368,5315,100,92,88,84,303900]
436033. 427 | 9 | 10 | 11 | ~13 | ~52 [avatar split clause 120318,5315,100,92,88,84,303917]
436052. 436 | ~147 | ~427 [avatar split clause 314230,303917,54773,308990]
436152. 38 | ~1 | ~8 | ~13 | ~23 | ~36 [avatar split clause 97588,548,169,100,79,50,1778]
436155. 38 | ~36 [avatar split clause 166350,548,1778]
436363. c1 = c3 <- (38, 39) [superposition 1780,1784]
436420. $false <- (38, 39) [forward subsumption resolution 436363,7]
436421. ~38 | ~39 [avatar contradiction clause 436420]
436868. mult(c1,X0) = mult(c1,mult(c2,X0)) <- (285) [superposition 3,114846]
436869. e = mult(c1,mult(c2,i(c1))) <- (285) [superposition 18,114846]
436894. e = mult(c1,mult(c2,c3)) <- (36, 285) [forward demodulation 436869,550]
436903. e = mult(c1,c3) <- (36, 285) [forward demodulation 436894,436868]
438647. e = mult(X0,c3) | c3 = X0 | i(X0) = c2 | c1 = X0 | c2 = X0 <- (378) [superposition 1,233151]
438763. e = mult(X0,c3) | c3 = X0 | c1 = X0 | c2 = X0 <- (~49, 378) [forward subsumption resolution 438647,346726]
439823. c4 = mult(c1,c3) <- (~9, ~10, ~11, 13, 38) [superposition 7882,1780]
441869. c2 != c2 | c3 = X0 | c3 = X0 | c2 = X0 | c1 = X0 | c1 = c3 <- (128) [superposition 9,47761]
442426. c2 != c2 | c3 = X0 | c2 = X0 | c1 = X0 | c1 = c3 <- (128) [duplicate literal removal 441869]
442427. c3 = X0 | c2 = X0 | c1 = X0 | c1 = c3 <- (128) [trivial inequality removal 442426]
442689. c3 = X0 | c2 = X0 | c1 = X0 <- (128) [forward subsumption resolution 442427,7]
443144. 55 | ~128 [avatar split clause 442689,47760,5383]
443556. 497 <=> c2 = mult(c3,c2) [avatar definition]
443557. c2 != mult(c3,c2) <- (~497) [avatar component clause 443556]
443558. c2 = mult(c3,c2) <- (497) [avatar component clause 443556]
443567. 498 <=> ! [X0] : (c1 != mult(c3,X0) | c3 = X0 | c1 = X0 | c2 = X0) [avatar definition]
443568. c1 != mult(c3,X0) | c3 = X0 | c1 = X0 | c2 = X0 <- (498) [avatar component clause 443567]
443757. 502 <=> ! [X0] : mult(X0,c1) = X0 [avatar definition]
443758. mult(X0,c1) = X0 <- (502) [avatar component clause 443757]
444231. c3 = X0 | i(c2) = X0 | c2 = X0 | c2 = i(c2) | c1 = X0 <- (~52, ~53) [forward subsumption resolution 405937,5316]
444461. c3 = X0 | i(c2) = X0 | c2 = X0 | c1 = X0 <- (~52, ~53, ~54) [forward subsumption resolution 444231,5324]
444610. 59 | 52 | 53 | 54 [avatar split clause 444461,5323,5319,5315,5812]
444861. c1 = c2 <- (38, 53) [forward demodulation 405100,1780]
444907. $false <- (38, 53) [forward subsumption resolution 444861,6]
444908. ~38 | ~53 [avatar contradiction clause 444907]
450157. c2 = mult(c3,c1) <- (~9, ~10, ~11, 13, 38, 285) [superposition 50597,114846]
450595. e = mult(c2,mult(c3,i(c3))) <- (479) [superposition 18,405474]
450640. e = mult(c2,e) <- (479) [forward demodulation 450595,1]
450656. e = c2 <- (479) [forward demodulation 450640,2]
450666. 11 | ~479 [avatar split clause 450656,405472,92]
453142. c4 = mult(X0,c3) | i(X0) = X1 | c3 = X1 | c1 = X1 | i(X0) = c2 | c2 = X1 | i(X0) = c1 <- (313) [forward demodulation 615,137964]
458781. c1 = c3 <- (40, 52) [forward demodulation 404725,5317]
458786. c1 = c4 <- (2, 7, ~9, ~10, ~11, 13, 14, 53) [forward demodulation 106523,404366]
458810. $false <- (40, 52) [forward subsumption resolution 458781,7]
458811. ~40 | ~52 [avatar contradiction clause 458810]
458817. $false <- (2, 7, ~9, ~10, ~11, 13, 14, 53) [forward subsumption resolution 458786,8]
458818. ~2 | ~7 | 9 | 10 | 11 | ~13 | ~14 | ~53 [avatar contradiction clause 458817]
459069. c3 = mult(e,i(mult(c2,i(c1)))) <- (2, 7, 14) [superposition 7259,404366]
459086. c3 = i(mult(c2,i(c1))) <- (2, 7, 14, 35, 427) [forward demodulation 459069,316527]
459100. c3 = mult(c1,c1) <- (2, 7, ~9, ~10, ~11, 13, 14, 35, 427) [forward demodulation 459086,22270]
463201. c3 != i(X1) | c4 = mult(X1,c3) | c3 = X0 | c1 = X0 | c2 = i(X1) | c2 = X0 | c1 = i(X1) <- (313) [equality factoring 453142]
466234. c1 = mult(c2,c3) <- (2, 7, ~9, ~10, ~11, 13, 14, 35, 426, 427) [superposition 303901,459100]
466433. $false <- (2, 7, ~9, ~10, ~11, 13, 14, 35, ~360, 426, 427) [forward subsumption resolution 466234,185395]
466434. ~2 | ~7 | 9 | 10 | 11 | ~13 | ~14 | ~35 | 360 | ~426 | ~427 [avatar contradiction clause 466433]
466612. c3 != c3 | c3 = X0 | mult(c3,c2) = X0 | c1 = mult(c3,c2) | c2 = X0 | c2 = mult(c3,c2) | c1 = X0 <- (2, 7, ~15) [superposition 345495,30]
466628. c3 = X0 | mult(c3,c2) = X0 | c1 = mult(c3,c2) | c2 = X0 | c2 = mult(c3,c2) | c1 = X0 <- (2, 7, ~15) [trivial inequality removal 466612]
466633. c3 = X0 | mult(c3,c2) = X0 | c2 = X0 | c2 = mult(c3,c2) | c1 = X0 <- (2, 7, ~14, ~15) [forward subsumption resolution 466628,301953]
466637. mult(c3,c2) = X0 | c3 = X0 | c2 = X0 | c1 = X0 <- (2, 7, ~14, ~15, ~497) [forward subsumption resolution 466633,443557]
466714. c3 = mult(e,i(mult(c2,i(X0)))) | c3 = X0 | c2 = X0 | c1 = X0 <- (2, 7, ~14, ~15, ~497) [superposition 7259,466637]
466865. c4 = mult(c3,c2) | c3 = mult(i(X0),X0) | c2 = mult(i(X0),X0) | c1 = mult(i(X0),X0) <- (2, 7, ~9, ~10, ~11, 13, ~14, ~15, ~497) [superposition 7882,466637]
466981. c3 = c4 | c4 = mult(c3,c2) | c2 = mult(i(X0),X0) | c1 = mult(i(X0),X0) <- (2, 7, ~9, ~10, ~11, 13, ~14, ~15, ~497) [forward demodulation 466865,7882]
467018. c3 = i(mult(c2,i(X0))) | c3 = X0 | c2 = X0 | c1 = X0 <- (2, 7, ~14, ~15, 35, 427, ~497) [forward demodulation 466714,316527]
467055. c4 = mult(c3,c2) | c2 = mult(i(X0),X0) | c1 = mult(i(X0),X0) <- (2, 7, ~9, ~10, ~11, 13, ~14, ~15, ~497) [forward subsumption resolution 466981,11]
467081. c3 = mult(X0,c1) | c3 = X0 | c2 = X0 | c1 = X0 <- (2, 7, ~9, ~10, ~11, 13, ~14, ~15, 35, 427, ~497) [forward demodulation 467018,22270]
467112. c2 = c4 | c4 = mult(c3,c2) | c1 = mult(i(X0),X0) <- (2, 7, ~9, ~10, ~11, 13, ~14, ~15, ~497) [forward demodulation 467055,7882]
467137. c3 = X0 | c2 = X0 | c1 = X0 <- (2, 7, ~9, ~10, ~11, 13, ~14, ~15, 35, 427, ~457, ~497) [forward subsumption resolution 467081,431530]
467146. c4 = mult(c3,c2) | c1 = mult(i(X0),X0) <- (2, 7, ~9, ~10, ~11, 13, ~14, ~15, ~497) [forward subsumption resolution 467112,10]
467160. 512 <=> ! [X0] : mult(X0,mult(c3,c2)) = X0 [avatar definition]
467161. mult(X0,mult(c3,c2)) = X0 <- (512) [avatar component clause 467160]
467163. 55 | ~2 | ~7 | 9 | 10 | 11 | ~13 | 14 | 15 | ~35 | ~427 | 457 | 497 [avatar split clause 467137,443556,343274,303917,544,108,104,100,92,88,84,75,54,5383]
467167. c1 = c4 | c4 = mult(c3,c2) <- (2, 7, ~9, ~10, ~11, 13, ~14, ~15, ~497) [forward demodulation 467146,7882]
467175. c4 = mult(c3,c2) <- (2, 7, ~9, ~10, ~11, 13, ~14, ~15, ~497) [forward subsumption resolution 467167,8]
467185. c3 = mult(c1,c4) <- (~9, ~10, ~11, 13, 457) [forward demodulation 343275,249823]
467187. $false <- (~9, ~10, ~11, 13, ~344, 457) [forward subsumption resolution 467185,171245]
467188. 9 | 10 | 11 | ~13 | 344 | ~457 [avatar contradiction clause 467187]
467263. c3 = X0 | mult(c4,c2) = mult(X1,c3) | c2 = c3 | c3 = mult(X1,c3) | c3 = X0 | c1 = mult(X1,c3) | c1 = c3 | c2 = X0 | c2 = mult(X1,c3) | c1 = X0 <- (2, 7, 15) [superposition 1080,370966]
467280. c3 = X0 | mult(c4,c2) = mult(X1,c3) | c2 = c3 | c3 = mult(X1,c3) | c1 = mult(X1,c3) | c1 = c3 | c2 = X0 | c2 = mult(X1,c3) | c1 = X0 <- (2, 7, 15) [duplicate literal removal 467263]
467300. c3 = X0 | mult(c4,c2) = mult(X1,c3) | c3 = mult(X1,c3) | c1 = mult(X1,c3) | c1 = c3 | c2 = X0 | c2 = mult(X1,c3) | c1 = X0 <- (2, 7, 15) [forward subsumption resolution 467280,9]
467321. c3 = X0 | mult(c4,c2) = mult(X1,c3) | c3 = mult(X1,c3) | c1 = mult(X1,c3) | c2 = X0 | c2 = mult(X1,c3) | c1 = X0 <- (2, 7, 15) [forward subsumption resolution 467300,7]
467337. mult(c2,c4) = mult(X1,c3) | c3 = X0 | c3 = mult(X1,c3) | c1 = mult(X1,c3) | c2 = X0 | c2 = mult(X1,c3) | c1 = X0 <- (2, 4, 7, 15) [forward demodulation 467321,303639]
467347. c2 = mult(X1,c3) | c3 = X0 | c3 = mult(X1,c3) | c1 = mult(X1,c3) | c2 = X0 | c2 = mult(X1,c3) | c1 = X0 <- (2, 4, 7, 12, 15) [forward demodulation 467337,97]
467348. c2 = mult(X1,c3) | c3 = X0 | c3 = mult(X1,c3) | c1 = mult(X1,c3) | c2 = X0 | c1 = X0 <- (2, 4, 7, 12, 15) [duplicate literal removal 467347]
467350. 513 <=> c4 = i(c3) [avatar definition]
467351. c4 != i(c3) <- (~513) [avatar component clause 467350]
467352. c4 = i(c3) <- (513) [avatar component clause 467350]
467355. 55 | 84 | ~2 | ~4 | ~7 | ~12 | ~15 [avatar split clause 467348,108,96,75,62,54,34581,5383]
467378. 497 | ~2 | ~7 | ~16 [avatar split clause 345500,112,75,54,443556]
467665. e = mult(c3,mult(c2,i(c2))) <- (497) [superposition 18,443558]
467694. e = mult(c3,e) <- (497) [forward demodulation 467665,1]
467707. e = c3 <- (497) [forward demodulation 467694,2]
467713. $false <- (~10, 497) [forward subsumption resolution 467707,89]
467714. 10 | ~497 [avatar contradiction clause 467713]
467769. mult(c3,c2) = mult(c1,e) <- (54, 489) [forward demodulation 432682,5325]
468141. mult(X1,i(X0)) = mult(c4,i(mult(X0,i(X1)))) <- (313) [forward demodulation 151091,137964]
469612. c1 = mult(c3,c2) <- (54, 489) [forward demodulation 467769,2]
469909. mult(X1,i(X0)) = i(mult(X0,i(X1))) <- (313, 316) [forward demodulation 468141,138506]
471177. $false <- (2, 7, ~14, 54, 489) [forward subsumption resolution 469612,301953]
471178. ~2 | ~7 | 14 | ~54 | ~489 [avatar contradiction clause 471177]
475156. ~360 | ~2 | ~7 | ~14 [avatar split clause 411169,104,75,54,185394]
475181. 477 | 55 | 360 | 479 | ~480 [avatar split clause 412661,405702,405472,185394,5383,405260]
475360. mult(c3,X0) = mult(e,mult(i(mult(c2,i(c1))),X0)) <- (2, 7, 14) [superposition 7258,404366]
475430. c3 != c3 | c3 = X0 | i(c1) = X0 | c1 = i(c1) | c2 = X0 | c2 = i(c1) | c1 = X0 <- (~36) [superposition 549,30]
475444. c3 = X0 | i(c1) = X0 | c1 = i(c1) | c2 = X0 | c2 = i(c1) | c1 = X0 <- (~36) [trivial inequality removal 475430]
475446. c3 = X0 | i(c1) = X0 | c2 = X0 | c2 = i(c1) | c1 = X0 <- (~36, ~37) [forward subsumption resolution 475444,553]
475448. c3 = X0 | i(c1) = X0 | c2 = X0 | c1 = X0 <- (~35, ~36, ~37) [forward subsumption resolution 475446,545]
475450. 411 | 35 | 36 | 37 [avatar split clause 475448,552,548,544,277643]
477903. mult(c1,c2) = mult(c3,c3) <- (477, 489) [superposition 422295,405262]
478164. c3 = mult(c3,c3) <- (400, 477, 489) [forward demodulation 477903,276671]
478170. $false <- (~201, 400, 477, 489) [forward subsumption resolution 478164,60088]
478171. 201 | ~400 | ~477 | ~489 [avatar contradiction clause 478170]
478176. 516 <=> c3 = mult(c1,c3) [avatar definition]
478177. c3 != mult(c1,c3) <- (~516) [avatar component clause 478176]
478178. c3 = mult(c1,c3) <- (516) [avatar component clause 478176]
478186. mult(c3,X0) = mult(e,mult(mult(c1,i(c2)),X0)) <- (2, 7, 14, 313, 316) [forward demodulation 475360,469909]
478206. mult(c3,X0) = mult(e,mult(c1,mult(i(c2),X0))) <- (2, 7, 14, 313, 316) [forward demodulation 478186,3]
478224. mult(c3,X0) = mult(e,mult(c1,mult(c2,X0))) <- (2, 7, 14, 54, 313, 316) [forward demodulation 478206,5325]
478240. mult(c3,X0) = mult(c4,mult(c1,mult(c2,X0))) <- (2, 7, 14, 54, 313, 316) [forward demodulation 478224,137964]
478251. mult(c3,X0) = mult(c1,mult(c2,X0)) <- (2, 7, ~9, ~10, ~11, 13, 14, 54, 313, 316) [forward demodulation 478240,271742]
478259. 489 | ~2 | ~7 | 9 | 10 | 11 | ~13 | ~14 | ~54 | ~313 | ~316 [avatar split clause 478251,138505,133040,5323,104,100,92,88,84,75,54,422294]
478497. i(X0) = c1 | c1 = X0 | c2 = X0 | c3 = X0 <- (411) [superposition 112404,277644]
478734. c1 = X0 | c2 = X0 | c3 = X0 <- (~47, 411) [forward subsumption resolution 478497,404977]
478807. 55 | 47 | ~411 [avatar split clause 478734,277643,2978,5383]
478980. c1 = c4 <- (~9, ~10, ~11, 13, 38, 391) [forward demodulation 439823,275313]
479009. $false <- (~9, ~10, ~11, 13, 38, 391) [forward subsumption resolution 478980,8]
479010. 9 | 10 | 11 | ~13 | ~38 | ~391 [avatar contradiction clause 479009]
479650. 520 <=> c4 = mult(c3,c3) [avatar definition]
479651. c4 != mult(c3,c3) <- (~520) [avatar component clause 479650]
479652. c4 = mult(c3,c3) <- (520) [avatar component clause 479650]
480011. c4 = X0 | i(X0) = c2 | i(X0) = c3 | i(X0) = c1 <- (13) [forward demodulation 131989,8336]
480154. 521 <=> ! [X1] : (c3 != i(X1) | c1 = i(X1) | c2 = i(X1) | c4 = mult(X1,c3)) [avatar definition]
480155. c3 != i(X1) | c1 = i(X1) | c2 = i(X1) | c4 = mult(X1,c3) <- (521) [avatar component clause 480154]
480156. 55 | 521 | ~313 [avatar split clause 463201,133040,480154,5383]
480284. 268 | ~13 [avatar split clause 480011,100,77591]
481869. c3 != c3 | c2 = i(c3) | c1 = i(c3) | c3 = c4 <- (~39, 268) [superposition 1783,77592]
482822. mult(c2,X0) = mult(c3,mult(c1,X0)) <- (~9, ~10, ~11, 13, 38, 285) [superposition 3,450157]
482848. mult(c2,X0) = X0 <- (~9, ~10, ~11, 13, 38, 285) [forward demodulation 482822,50597]
482864. 66 | 9 | 10 | 11 | ~13 | ~38 | ~285 [avatar split clause 482848,114844,1778,100,92,88,84,33089]
482889. c1 = i(c1) <- (~35, ~36, 268) [forward subsumption resolution 278388,8]
482990. 520 | 9 | 10 | 11 | ~13 | ~39 [avatar split clause 13540,1782,100,92,88,84,479650]
484784. c3 = mult(e,i(mult(c2,i(c4)))) <- (2, 7, ~9, ~10, ~11, 13, ~14, ~15, ~497) [superposition 7259,467175]
484788. c3 = mult(e,mult(c4,i(c2))) <- (2, 7, ~9, ~10, ~11, 13, ~14, ~15, 313, 316, ~497) [forward demodulation 484784,469909]
484799. c3 = mult(e,i(c2)) <- (2, 7, ~9, ~10, ~11, 13, ~14, ~15, 313, 316, ~497) [forward demodulation 484788,101]
484809. c3 = mult(e,c2) <- (2, 7, ~9, ~10, ~11, 13, ~14, ~15, 54, 313, 316, ~497) [forward demodulation 484799,5325]
484819. c3 = mult(c4,c2) <- (2, 7, ~9, ~10, ~11, 13, ~14, ~15, 54, 313, 316, ~497) [forward demodulation 484809,137964]
484824. c2 = c3 <- (2, 4, 7, ~9, ~10, ~11, 12, 13, ~14, ~15, 54, 313, 316, ~497) [forward demodulation 484819,386661]
484827. $false <- (2, 4, 7, ~9, ~10, ~11, 12, 13, ~14, ~15, 54, 313, 316, ~497) [forward subsumption resolution 484824,9]
484828. ~2 | ~4 | ~7 | 9 | 10 | 11 | ~12 | ~13 | 14 | 15 | ~54 | ~313 | ~316 | 497 [avatar contradiction clause 484827]
485395. c2 = i(c3) | c1 = i(c3) | c3 = c4 <- (~39, 268) [trivial inequality removal 481869]
485654. $false <- (~8, ~9, ~10, ~11, 13) [forward subsumption resolution 81,249823]
485655. 8 | 9 | 10 | 11 | ~13 [avatar contradiction clause 485654]
485666. c4 = mult(c3,c4) <- (2, ~9, ~10, ~11, 13, 22) [forward demodulation 140160,249823]
485667. ~11 | ~2 | ~22 | 328 [avatar split clause 406768,146765,158,54,92]
487979. c3 = mult(e,i(mult(c2,c3))) <- (36, 54, 489) [forward demodulation 433062,550]
488046. $false <- (2, ~9, ~10, ~11, 13, 22, ~469) [forward subsumption resolution 485666,365494]
488047. ~2 | 9 | 10 | 11 | ~13 | ~22 | 469 [avatar contradiction clause 488046]
489744. c3 = mult(e,i(c4)) <- (2, 7, 17, 36, 54, 489) [forward demodulation 487979,386642]
491001. c3 = mult(e,c4) <- (2, 7, 13, 17, 36, 54, 489) [forward demodulation 489744,8336]
491923. c3 = mult(c4,e) <- (2, 7, ~9, ~10, ~11, 13, 17, 36, 54, 489) [forward demodulation 491001,249823]
492586. e = c3 <- (2, 7, ~9, ~10, ~11, 13, 17, 36, 54, 316, 489) [forward demodulation 491923,138506]
493091. $false <- (2, 7, ~9, ~10, ~11, 13, 17, 36, 54, 316, 489) [forward subsumption resolution 492586,89]
493092. ~2 | ~7 | 9 | 10 | 11 | ~13 | ~17 | ~36 | ~54 | ~316 | ~489 [avatar contradiction clause 493091]
493963. ~42 | ~2 | ~8 | 323 [avatar split clause 356424,142045,79,54,2290]
493977. 513 | ~9 | ~33 | ~37 | ~296 [avatar split clause 222919,116315,552,344,84,467350]
494014. 513 | ~48 [avatar split clause 139776,2982,467350]
494029. 502 | ~296 [avatar split clause 216424,116315,443757]
494048. c1 = mult(X0,c3) | c3 = X0 | c1 = X0 | c2 = X0 <- (9, ~49, 378) [forward demodulation 438763,86]
494223. c1 = mult(X0,mult(X1,i(c3))) | mult(X0,X1) = X2 | c3 = X2 | c1 = X2 | mult(X0,X1) = c2 | c2 = X2 | mult(X0,X1) = c1 <- (9) [forward demodulation 618,86]
494326. c3 = mult(e,i(mult(c2,c1))) <- (37, 54, 489) [forward demodulation 433062,554]
494760. c3 = X0 | mult(c1,c4) = X0 | c1 = mult(c1,c4) | c2 = X0 | c1 = X0 <- (~343, ~344) [forward subsumption resolution 410173,171240]
494851. c1 = mult(i(X0),X0) <- (9) [forward demodulation 110460,86]
495047. c3 = mult(c3,c4) | c3 = X0 | c1 = mult(c3,c4) | c2 = X0 | c2 = mult(c3,c4) | c1 = X0 <- (~469) [forward subsumption resolution 431677,5]
495475. c1 = X1 | c2 = mult(X0,i(mult(i(X1),X0))) | c1 = mult(X0,i(mult(i(X1),X0))) | c3 = mult(X0,i(mult(i(X1),X0))) <- (9, 46) [forward demodulation 431136,86]
495504. c1 = mult(X0,mult(X1,c3)) | i(mult(X0,X1)) = X2 | c3 = X2 | c1 = X2 | c2 = i(mult(X0,X1)) | c2 = X2 | c1 = i(mult(X0,X1)) <- (9) [forward demodulation 616,86]
495505. c1 = mult(X0,c3) | i(X0) = X1 | c3 = X1 | c1 = X1 | i(X0) = c2 | c2 = X1 | i(X0) = c1 <- (9) [forward demodulation 615,86]
495763. c1 = mult(X1,mult(i(mult(c1,i(X0))),i(mult(X1,X0)))) <- (9) [forward demodulation 111217,86]
495802. mult(X1,i(X0)) = mult(c1,i(mult(X0,i(X1)))) <- (9) [forward demodulation 151091,86]
496271. c1 = mult(X1,mult(X2,X0)) | c3 = i(mult(X1,X2)) | c3 = X0 | c1 = i(mult(X1,X2)) | c2 = X0 | c2 = i(mult(X1,X2)) | c1 = X0 <- (9) [forward demodulation 703,86]
497434. c2 = X1 | c1 = X1 | c1 = mult(X0,i(mult(i(X1),X0))) | c3 = mult(X0,i(mult(i(X1),X0))) <- (9, 46) [forward demodulation 495475,7081]
497643. c1 = mult(X1,mult(i(i(X0)),i(mult(X1,X0)))) <- (9, 296) [forward demodulation 495763,116316]
497669. mult(X1,i(X0)) = i(mult(X0,i(X1))) <- (9, 296) [forward demodulation 495802,116316]
498518. 524 <=> c2 = mult(c3,c1) [avatar definition]
498519. c2 = mult(c3,c1) <- (524) [avatar component clause 498518]
498520. c2 != mult(c3,c1) <- (~524) [avatar component clause 498518]
498533. 525 <=> c3 = mult(c3,c1) [avatar definition]
498534. c3 = mult(c3,c1) <- (525) [avatar component clause 498533]
498535. c3 != mult(c3,c1) <- (~525) [avatar component clause 498533]
498762. c1 = X1 | c2 = X1 | c1 = X1 | c3 = mult(X0,i(mult(i(X1),X0))) <- (9, 46) [forward demodulation 497434,7081]
498763. c1 = X1 | c2 = X1 | c3 = mult(X0,i(mult(i(X1),X0))) <- (9, 46) [duplicate literal removal 498762]
498886. c1 = mult(X1,mult(X0,i(mult(X1,X0)))) <- (9, 296) [forward demodulation 497643,6970]
499558. c3 = X1 | c1 = X1 | c2 = X1 <- (9, 46) [forward demodulation 498763,7081]
499657. c1 = mult(X1,i(X1)) <- (9, 296) [forward demodulation 498886,132045]
500151. 55 | ~9 | ~46 [avatar split clause 499558,2584,84,5383]
501337. op_a = i(c4) <- (4, 24, 296) [forward demodulation 330333,116316]
501359. $false <- (4, 7, 24, ~425) [forward subsumption resolution 345478,302515]
501360. ~4 | ~7 | ~24 | 425 [avatar contradiction clause 501359]
501389. 49 | ~9 | ~34 | ~296 [avatar split clause 230377,116315,372,84,2986]
501391. 146 | ~9 | ~34 | ~296 [avatar split clause 230378,116315,372,84,54769]
502135. 351 | ~9 | 49 | ~378 [avatar split clause 494048,233150,2986,84,182555]
502265. c4 = X0 | i(X0) = c2 | i(X0) = c3 | i(X0) = c1 <- (9, 56, 296) [forward demodulation 131989,236578]
502437. 268 | ~9 | ~56 | ~296 [avatar split clause 502265,116315,5386,84,77591]
503049. c1 = c3 <- (296, 391) [forward demodulation 275313,116316]
503080. $false <- (296, 391) [forward subsumption resolution 503049,7]
503081. ~296 | ~391 [avatar contradiction clause 503080]
503189. c3 = mult(e,i(mult(c2,i(c1)))) <- (2, 7, 14) [superposition 7259,404366]
503207. c3 = mult(e,mult(c1,i(c2))) <- (2, 7, 9, 14, 296) [forward demodulation 503189,497669]
503224. c3 = mult(e,i(c2)) <- (2, 7, 9, 14, 296) [forward demodulation 503207,116316]
503233. c3 = mult(e,c2) <- (2, 7, 9, 14, 54, 296) [forward demodulation 503224,5325]
503241. c3 = mult(c1,c2) <- (2, 7, 9, 14, 54, 296) [forward demodulation 503233,86]
503246. c2 = c3 <- (2, 7, 9, 14, 54, 296) [forward demodulation 503241,116316]
503249. $false <- (2, 7, 9, 14, 54, 296) [forward subsumption resolution 503246,9]
503250. ~2 | ~7 | ~9 | ~14 | ~54 | ~296 [avatar contradiction clause 503249]
503324. ~474 | ~48 | 252 [avatar split clause 139299,65189,2982,370395]
504364. mult(c4,mult(c3,X0)) = mult(mult(c3,c4),X0) <- (2, 8) [superposition 3,140162]
504389. c4 = mult(e,i(mult(c3,i(mult(c3,c4))))) <- (2, 8) [superposition 7259,140162]
504393. c4 = mult(e,mult(mult(c3,c4),i(c3))) <- (2, 8, 9, 296) [forward demodulation 504389,497669]
504407. mult(c4,mult(c3,X0)) = mult(c3,mult(c4,X0)) <- (2, 8) [forward demodulation 504364,3]
504417. c4 = mult(e,mult(c3,mult(c4,i(c3)))) <- (2, 8, 9, 296) [forward demodulation 504393,3]
504772. c3 = mult(e,mult(X0,i(mult(c4,X0)))) <- (513) [superposition 6453,467352]
504775. c3 = mult(e,i(mult(e,c4))) <- (513) [superposition 6846,467352]
504784. c3 = mult(X0,i(mult(c4,X0))) <- (513) [superposition 7081,467352]
504795. c3 = i(c4) <- (513) [forward demodulation 504784,132045]
504801. c3 = mult(c1,i(mult(c1,c4))) <- (9, 513) [forward demodulation 504775,86]
504802. c3 = mult(e,i(c4)) <- (513) [forward demodulation 504772,132045]
504818. c3 = i(mult(c1,c4)) <- (9, 296, 513) [forward demodulation 504801,116316]
504828. c3 = i(c4) <- (9, 296, 513) [forward demodulation 504818,116316]
504862. c3 != c3 | c3 = X0 | mult(c4,c2) = X0 | c1 = mult(c4,c2) | c2 = X0 | c2 = mult(c4,c2) | c1 = X0 <- (7, ~26) [superposition 287254,30]
504877. c3 = X0 | mult(c4,c2) = X0 | c1 = mult(c4,c2) | c2 = X0 | c2 = mult(c4,c2) | c1 = X0 <- (7, ~26) [trivial inequality removal 504862]
504880. c3 = X0 | mult(c4,c2) = X0 | c2 = X0 | c2 = mult(c4,c2) | c1 = X0 <- (7, ~26, ~34) [forward subsumption resolution 504877,373]
504882. c3 = X0 | mult(c4,c2) = X0 | c2 = X0 | c1 = X0 <- (7, ~26, ~28, ~34) [forward subsumption resolution 504880,288884]
504884. 417 | ~7 | 26 | 28 | 34 [avatar split clause 504882,372,219,196,75,295349]
504955. mult(e,X0) = mult(c2,mult(c2,X0)) <- (54) [superposition 13,5325]
505038. c4 != X0 | mult(c3,X1) = mult(c4,mult(c2,X1)) | c3 = X0 | c1 = X0 | c2 = mult(c4,c2) | c2 = X0 | c1 = mult(c4,c2) <- (7, ~32) [superposition 288888,619]
505061. mult(c3,X1) = mult(c4,mult(c2,X1)) | c3 = X0 | c1 = X0 | c2 = mult(c4,c2) | c2 = X0 | c1 = mult(c4,c2) <- (7, ~32) [forward subsumption resolution 505038,5]
505064. mult(c3,X1) = mult(c4,mult(c2,X1)) | c3 = X0 | c1 = X0 | c2 = X0 | c1 = mult(c4,c2) <- (7, ~28, ~32) [forward subsumption resolution 505061,288884]
505065. mult(c3,X1) = mult(c4,mult(c2,X1)) | c3 = X0 | c1 = X0 | c2 = X0 <- (7, ~28, ~32, ~34) [forward subsumption resolution 505064,373]
505066. 55 | 381 | ~7 | 28 | 32 | 34 [avatar split clause 505065,372,249,219,75,236064,5383]
505101. c2 = mult(c4,mult(c2,c3)) <- (4, 7, 48) [forward demodulation 76129,77]
505189. c2 = mult(c3,c3) <- (4, 7, 48, 381) [forward demodulation 505101,236065]
505200. $false <- (4, 7, 48, ~265, 381) [forward subsumption resolution 505189,74292]
505201. ~4 | ~7 | ~48 | 265 | ~381 [avatar contradiction clause 505200]
505344. c4 = mult(e,mult(c3,mult(c4,c4))) <- (2, 8, 9, 296, 513) [forward demodulation 504417,467352]
505505. $false <- (~48, 513) [forward subsumption resolution 504795,2983]
505506. 48 | ~513 [avatar contradiction clause 505505]
505510. c3 = mult(e,c4) <- (9, 56, 296, 513) [forward demodulation 504802,236578]
505511. $false <- (9, ~48, 296, 513) [forward subsumption resolution 504828,2983]
505512. ~9 | 48 | ~296 | ~513 [avatar contradiction clause 505511]
505585. c4 = mult(e,c3) <- (2, 8, 9, 51, 296, 513) [forward demodulation 505344,3299]
505695. c3 = mult(c1,c4) <- (9, 56, 296, 513) [forward demodulation 505510,86]
505719. c4 = mult(c1,c3) <- (2, 8, 9, 51, 296, 513) [forward demodulation 505585,86]
505807. $false <- (9, 56, 296, ~344, 513) [forward subsumption resolution 505695,171245]
505808. ~9 | ~56 | ~296 | 344 | ~513 [avatar contradiction clause 505807]
505814. c3 = c4 <- (2, 8, 9, 51, 296, 513) [forward demodulation 505719,116316]
505870. $false <- (2, 8, 9, 51, 296, 513) [forward subsumption resolution 505814,11]
505871. ~2 | ~8 | ~9 | ~51 | ~296 | ~513 [avatar contradiction clause 505870]
505977. ~50 | 4 | ~7 | ~26 [avatar split clause 303596,196,75,62,2990]
506143. mult(c1,X0) = mult(c2,mult(c2,X0)) <- (9, 54) [forward demodulation 504955,86]
506348. mult(c2,mult(c2,X0)) = X0 <- (9, 54, 296) [forward demodulation 506143,116316]
506463. 407 | ~9 | ~54 | ~296 [avatar split clause 506348,116315,5323,84,276728]
507502. mult(c4,e) = mult(c3,mult(c4,c4)) | c2 = i(c3) | c3 = i(c3) | c1 = i(c3) <- (2, 8) [superposition 504407,34]
507705. mult(c4,e) = mult(c3,mult(c4,c4)) | c2 = i(c3) | c3 = i(c3) <- (2, 8, ~38) [forward subsumption resolution 507502,1779]
509554. mult(c4,e) = mult(c3,mult(c4,c4)) | c3 = i(c3) <- (2, 8, ~38, ~40) [forward subsumption resolution 507705,1787]
509875. mult(c4,e) = mult(c3,mult(c4,c4)) <- (2, 8, ~38, ~39, ~40) [forward subsumption resolution 509554,1783]
510079. mult(c4,e) = mult(c3,c3) <- (2, 8, ~38, ~39, ~40, 160) [forward demodulation 509875,59046]
510255. c4 = mult(c3,c3) <- (2, 8, ~38, ~39, ~40, 160) [forward demodulation 510079,2]
510293. 520 | ~2 | ~8 | 38 | 39 | 40 | ~160 [avatar split clause 510255,59045,1786,1782,1778,79,54,479650]
510457. c3 = X0 | c2 = X0 | c1 = X0 <- (2, ~8, 27, 264) [forward subsumption resolution 432923,406704]
510552. 55 | ~2 | 8 | ~27 | ~264 [avatar split clause 510457,73318,214,79,54,5383]
510705. c3 != c3 | c3 = X0 | mult(c4,c3) = X0 | c1 = X0 | c2 = mult(c4,c3) | c2 = X0 | c1 = mult(c4,c3) <- (2, ~8, 25) [superposition 324592,30]
510724. c3 = X0 | mult(c4,c3) = X0 | c1 = X0 | c2 = mult(c4,c3) | c2 = X0 | c1 = mult(c4,c3) <- (2, ~8, 25) [trivial inequality removal 510705]
511037. mult(e,X0) = mult(c4,mult(c2,X0)) <- (49) [superposition 13,2988]
511147. mult(c4,mult(c2,X0)) = mult(mult(c2,c4),X0) <- (4, 7) [superposition 3,303639]
511184. mult(c4,mult(c2,X0)) = mult(c2,mult(c4,X0)) <- (4, 7) [forward demodulation 511147,3]
511233. mult(c2,mult(c4,X0)) = X0 <- (4, 7, 454) [forward demodulation 511184,334906]
511255. c4 != X0 | c3 = i(c3) | c3 = X0 | c1 = i(c3) | c2 = X0 | c2 = i(c3) | c1 = X0 <- (~513) [superposition 467351,30]
511261. c3 = i(c3) | c3 = X0 | c1 = i(c3) | c2 = X0 | c2 = i(c3) | c1 = X0 <- (~513) [forward subsumption resolution 511255,5]
511266. c3 = X0 | c1 = i(c3) | c2 = X0 | c2 = i(c3) | c1 = X0 <- (~39, ~513) [forward subsumption resolution 511261,1783]
511269. c3 = X0 | c2 = X0 | c2 = i(c3) | c1 = X0 <- (~38, ~39, ~513) [forward subsumption resolution 511266,1779]
511273. c3 = X0 | c2 = X0 | c1 = X0 <- (~38, ~39, ~40, ~513) [forward subsumption resolution 511269,1787]
511275. 55 | 38 | 39 | 40 | 513 [avatar split clause 511273,467350,1786,1782,1778,5383]
511432. 527 <=> c2 = mult(c4,c3) [avatar definition]
511434. c2 = mult(c4,c3) <- (527) [avatar component clause 511432]
511438. 527 | ~2 | ~323 [avatar split clause 367234,142045,54,511432]
511450. c3 = X0 | mult(c4,c3) = X0 | c1 = X0 | c2 = mult(c4,c3) | c2 = X0 <- (2, ~8, 25, ~33) [forward subsumption resolution 510724,345]
511462. 528 <=> ! [X0] : (c3 = X0 | c1 = X0 | c2 = X0 | mult(c4,c3) = X0) [avatar definition]
511463. mult(c4,c3) = X0 | c1 = X0 | c2 = X0 | c3 = X0 <- (528) [avatar component clause 511462]
511465. 527 | 528 | ~2 | 8 | ~25 | 33 [avatar split clause 511450,344,191,79,54,511462,511432]
512508. c3 = mult(c3,c4) | c1 = mult(c3,c4) <- (~42, ~469) [forward subsumption resolution 431679,2291]
512509. c3 = X0 | c1 = mult(c3,c4) | c2 = X0 | c2 = mult(c3,c4) | c1 = X0 <- (~51, 312, ~469) [forward subsumption resolution 495047,134723]
512612. c3 = X0 | c2 = X0 | c2 = mult(c3,c4) | c1 = X0 <- (~51, ~311, 312, ~469) [forward subsumption resolution 512509,132895]
512623. c3 = X0 | c2 = X0 | c1 = X0 <- (~42, ~51, ~311, 312, ~469) [forward subsumption resolution 512612,2291]
512627. 55 | 42 | 51 | 311 | ~312 | 469 [avatar split clause 512623,365493,132898,132894,3297,2290,5383]
512705. c3 = mult(e,i(mult(c2,i(c1)))) <- (2, 7, 14) [superposition 7259,404366]
512722. c3 = mult(e,mult(c1,i(c2))) <- (2, 7, 9, 14, 296) [forward demodulation 512705,497669]
512734. c3 = mult(e,i(c2)) <- (2, 7, 9, 14, 296) [forward demodulation 512722,116316]
512745. c3 = mult(e,c4) <- (2, 7, 9, 14, 34, 296) [forward demodulation 512734,229415]
512754. c3 = mult(c1,c4) <- (2, 7, 9, 14, 34, 296) [forward demodulation 512745,86]
512759. $false <- (2, 7, 9, 14, 34, 296, ~344) [forward subsumption resolution 512754,171245]
512760. ~2 | ~7 | ~9 | ~14 | ~34 | ~296 | 344 [avatar contradiction clause 512759]
512844. c1 != mult(X0,c2) | c3 = X1 | X0 = X1 | c1 = X0 | c2 = X1 | c2 = X0 | c1 = X1 <- (2, 7, ~14) [superposition 301953,30]
513028. c3 = X0 | mult(c3,X1) = mult(c3,mult(c4,X1)) | c3 = X0 | c1 = X0 | c2 = c3 | c2 = X0 | c1 = c3 <- (2, 25) [superposition 619,324591]
513038. mult(X0,mult(c3,mult(c4,i(mult(e,c3))))) = X0 <- (2, 25) [superposition 6824,324591]
513042. c3 = mult(e,i(mult(c4,i(c3)))) <- (2, 25) [superposition 7259,324591]
513048. c3 = X0 | mult(c3,X1) = mult(c3,mult(c4,X1)) | c1 = X0 | c2 = c3 | c2 = X0 | c1 = c3 <- (2, 25) [duplicate literal removal 513028]
513057. c3 = mult(e,mult(c3,i(c4))) <- (2, 9, 25, 296) [forward demodulation 513042,497669]
513061. mult(X0,mult(c3,mult(c4,i(mult(c1,c3))))) = X0 <- (2, 9, 25) [forward demodulation 513038,86]
513064. c3 = X0 | mult(c3,X1) = mult(c3,mult(c4,X1)) | c1 = X0 | c2 = X0 | c1 = c3 <- (2, 25) [forward subsumption resolution 513048,9]
513071. c3 = mult(e,mult(c3,c2)) <- (2, 9, 25, 49, 296) [forward demodulation 513057,2988]
513075. mult(X0,mult(c3,mult(c4,i(c3)))) = X0 <- (2, 9, 25, 296) [forward demodulation 513061,116316]
513076. c3 = X0 | mult(c3,X1) = mult(c3,mult(c4,X1)) | c1 = X0 | c2 = X0 <- (2, 25) [forward subsumption resolution 513064,7]
513079. c3 = mult(c1,mult(c3,c2)) <- (2, 9, 25, 49, 296) [forward demodulation 513071,86]
513082. mult(X0,mult(c3,mult(c4,c3))) = X0 <- (2, 9, 25, 39, 296) [forward demodulation 513075,1784]
513083. 312 | 55 | ~2 | ~25 [avatar split clause 513076,191,54,5383,132898]
513086. c3 = mult(c3,c2) <- (2, 9, 25, 49, 296) [forward demodulation 513079,116316]
513089. mult(X0,mult(c3,c2)) = X0 <- (2, 9, 25, 39, 296, 527) [forward demodulation 513082,511434]
513095. 512 | ~2 | ~9 | ~25 | ~39 | ~296 | ~527 [avatar split clause 513089,511432,116315,1782,191,84,54,467160]
513100. c1 = mult(c3,c4) <- (2, ~25, ~42, ~469) [forward subsumption resolution 512508,140161]
516537. c3 = mult(c2,c4) <- (2, 4, 7, 22, 454) [superposition 511233,140160]
516581. $false <- (2, 4, 7, 22, ~50, 454) [forward subsumption resolution 516537,2991]
516582. ~2 | ~4 | ~7 | ~22 | 50 | ~454 [avatar contradiction clause 516581]
516617. mult(c1,X0) = mult(c4,mult(c2,X0)) <- (9, 49) [forward demodulation 511037,86]
516644. mult(c4,mult(c2,X0)) = X0 <- (9, 49, 296) [forward demodulation 516617,116316]
516668. 454 | ~9 | ~49 | ~296 [avatar split clause 516644,116315,2986,84,334905]
517684. c4 = mult(e,i(mult(c2,i(c3)))) <- (7, 26) [superposition 7259,301578]
517696. c4 = mult(e,mult(c3,i(c2))) <- (7, 9, 26, 296) [forward demodulation 517684,497669]
518760. c2 = mult(e,i(mult(c4,i(c1)))) <- (146) [superposition 7259,54771]
518764. c2 = mult(e,mult(c1,i(c4))) <- (9, 146, 296) [forward demodulation 518760,497669]
518774. c2 = mult(e,i(c4)) <- (9, 146, 296) [forward demodulation 518764,116316]
518782. c2 = mult(e,c4) <- (9, 56, 146, 296) [forward demodulation 518774,236578]
518790. c2 = mult(c1,c4) <- (9, 56, 146, 296) [forward demodulation 518782,86]
518795. $false <- (9, 56, 146, 296, ~343) [forward subsumption resolution 518790,171240]
518796. ~9 | ~56 | ~146 | ~296 | 343 [avatar contradiction clause 518795]
519161. c3 != i(X1) | c1 = mult(X1,c3) | c3 = X0 | c1 = X0 | c2 = i(X1) | c2 = X0 | c1 = i(X1) <- (9) [equality factoring 495505]
519239. 530 <=> ! [X1] : (c3 != i(X1) | c1 = i(X1) | c2 = i(X1) | c1 = mult(X1,c3)) [avatar definition]
519240. c3 != i(X1) | c1 = i(X1) | c2 = i(X1) | c1 = mult(X1,c3) <- (530) [avatar component clause 519239]
519241. 55 | 530 | ~9 [avatar split clause 519161,84,519239,5383]
519601. e = mult(c2,mult(c4,i(c4))) <- (379) [superposition 18,233367]
519623. e = mult(c2,e) <- (379) [forward demodulation 519601,1]
519634. e = c2 <- (379) [forward demodulation 519623,2]
523886. mult(op_a,op_b) != X0 | c1 = mult(op_b,mult(op_a,i(c3))) | c3 = X0 | c1 = X0 | mult(op_b,op_a) = c2 | c2 = X0 | mult(op_b,op_a) = c1 <- (9) [superposition 4,494223]
523887. X0 = X1 | c1 = mult(c1,mult(X1,i(c3))) | c3 = X0 | c1 = X0 | c2 = mult(c1,X1) | c2 = X0 | c1 = mult(c1,X1) <- (9, 296) [superposition 116316,494223]
524204. c1 = mult(X1,i(c3)) | X0 = X1 | c3 = X0 | c1 = X0 | c2 = mult(c1,X1) | c2 = X0 | c1 = mult(c1,X1) <- (9, 296) [forward demodulation 523887,116316]
524383. c1 != mult(c3,X0) | c2 = X0 | c1 = X0 | c3 = X0 <- (~311) [superposition 132895,8646]
524396. 498 | 311 [avatar split clause 524383,132894,443567]
525591. c2 != c2 <- (~402, 502) [superposition 276683,443758]
525599. $false <- (~402, 502) [trivial inequality removal 525591]
525600. 402 | ~502 [avatar contradiction clause 525599]
526421. c3 = mult(e,i(mult(c3,i(c1)))) <- (474) [superposition 7259,370397]
526428. c3 = mult(e,mult(c1,i(c3))) <- (9, 296, 474) [forward demodulation 526421,497669]
526440. c3 = mult(e,i(c3)) <- (9, 296, 474) [forward demodulation 526428,116316]
526894. c1 = mult(i(c4),X0) | c3 = mult(e,X0) | c2 = mult(e,X0) | c1 = mult(e,X0) <- (9) [superposition 40,494851]
526895. c1 = mult(i(c4),X0) | c2 = X0 | c1 = X0 | c3 = X0 <- (9) [superposition 8646,494851]
527649. c1 = mult(c3,c3) <- (9, 39, 296) [superposition 499657,1784]
527860. mult(c4,c2) = mult(c3,c3) <- (381, 477) [superposition 236065,405262]
527862. mult(c3,c4) = mult(c4,c2) <- (147, 381) [superposition 236065,54775]
527908. c1 = mult(c3,X0) | c3 = i(mult(c4,c2)) | c3 = X0 | c1 = i(mult(c4,c2)) | c2 = X0 | c2 = i(mult(c4,c2)) | c1 = X0 <- (9, 381) [superposition 236065,496271]
528026. c3 = i(mult(c4,c2)) | c3 = X0 | c1 = i(mult(c4,c2)) | c2 = X0 | c2 = i(mult(c4,c2)) | c1 = X0 <- (9, 381, 498) [forward subsumption resolution 527908,443568]
528059. c3 = mult(c3,c4) <- (7, 26, 147, 381) [forward demodulation 527862,301578]
528061. c1 = mult(c4,c2) <- (381, 474, 477) [forward demodulation 527860,370397]
528096. c3 = i(c3) | c3 = X0 | c1 = i(mult(c4,c2)) | c2 = X0 | c2 = i(mult(c4,c2)) | c1 = X0 <- (7, 9, 26, 381, 498) [forward demodulation 528026,301578]
528108. 34 | ~381 | ~474 | ~477 [avatar split clause 528061,405260,370395,236064,372]
528190. c2 = i(c3) | c3 = c4 <- (~38, ~39, 268) [forward subsumption resolution 485395,1779]
528231. c4 = mult(c3,c3) <- (53, 381) [forward demodulation 238472,5321]
528257. c4 = mult(e,mult(c3,c3)) <- (7, 9, 26, 53, 296) [forward demodulation 517696,5321]
528368. c1 = mult(X1,c2) | X0 = X1 | c3 = X0 | c1 = X0 | c2 = mult(c1,X1) | c2 = X0 | c1 = mult(c1,X1) <- (9, 40, 296) [forward demodulation 524204,1788]
528387. c3 = mult(e,c2) <- (9, 40, 296, 474) [forward demodulation 526440,1788]
528391. c3 = X0 | c1 = i(mult(c4,c2)) | c2 = X0 | c2 = i(mult(c4,c2)) | c1 = X0 <- (7, 9, 26, ~39, 381, 498) [forward subsumption resolution 528096,1783]
528541. c2 = X1 | c1 = mult(X1,c2) | X0 = X1 | c3 = X0 | c1 = X0 | c2 = X0 | c1 = mult(c1,X1) <- (9, 40, 296) [forward demodulation 528368,116316]
528558. c3 = mult(c1,c2) <- (9, 40, 296, 474) [forward demodulation 528387,86]
528562. c1 = i(c3) | c3 = X0 | c2 = X0 | c2 = i(mult(c4,c2)) | c1 = X0 <- (7, 9, 26, ~39, 381, 498) [forward demodulation 528391,301578]
528712. c1 = X1 | c2 = X1 | c1 = mult(X1,c2) | X0 = X1 | c3 = X0 | c1 = X0 | c2 = X0 <- (9, 40, 296) [forward demodulation 528541,116316]
528728. c2 = c3 <- (9, 40, 296, 474) [forward demodulation 528558,116316]
528731. c3 = X0 | c2 = X0 | c2 = i(mult(c4,c2)) | c1 = X0 <- (7, 9, 26, ~38, ~39, 381, 498) [forward subsumption resolution 528562,1779]
528790. c1 = X1 | c2 = X1 | X0 = X1 | c3 = X0 | c1 = X0 | c2 = X0 <- (2, 7, 9, ~14, 40, 296) [forward subsumption resolution 528712,512844]
528803. $false <- (9, 40, 296, 474) [forward subsumption resolution 528728,9]
528804. ~9 | ~40 | ~296 | ~474 [avatar contradiction clause 528803]
528806. c2 = i(c3) | c3 = X0 | c2 = X0 | c1 = X0 <- (7, 9, 26, ~38, ~39, 381, 498) [forward demodulation 528731,301578]
528845. 128 | ~2 | ~7 | ~9 | 14 | ~40 | ~296 [avatar split clause 528790,116315,1786,104,84,75,54,47760]
529227. c4 = mult(e,c2) <- (7, 9, 26, 53, 265, 296) [forward demodulation 528257,74293]
529408. c4 = mult(c1,c2) <- (7, 9, 26, 53, 265, 296) [forward demodulation 529227,86]
529481. c2 = c4 <- (7, 9, 26, 53, 265, 296) [forward demodulation 529408,116316]
529517. $false <- (7, 9, 26, 53, 265, 296) [forward subsumption resolution 529481,10]
529518. ~7 | ~9 | ~26 | ~53 | ~265 | ~296 [avatar contradiction clause 529517]
529706. c3 != c3 | c3 = X0 | mult(c2,c3) = X0 | c1 = mult(c2,c3) | c2 = X0 | c2 = mult(c2,c3) | c1 = X0 <- (~479) [superposition 405473,30]
529723. c3 = X0 | mult(c2,c3) = X0 | c1 = mult(c2,c3) | c2 = X0 | c2 = mult(c2,c3) | c1 = X0 <- (~479) [trivial inequality removal 529706]
530564. c1 = mult(c3,c2) <- (9, 40, 296) [superposition 499657,1788]
530709. c1 = mult(c2,c3) <- (9, 53, 296) [superposition 499657,5321]
530875. c4 != X0 | c1 = X0 | c2 = X0 | c3 = X0 <- (7, ~32, 417) [superposition 288888,295350]
531096. c1 = X0 | c2 = X0 | c3 = X0 <- (7, ~32, 417) [forward subsumption resolution 530875,5]
531191. 55 | ~7 | 32 | ~417 [avatar split clause 531096,295349,249,75,5383]
531514. mult(c4,c4) = mult(X0,c3) | c2 = mult(X0,c3) | c3 = mult(X0,c3) | c1 = mult(X0,c3) <- (~1, ~2, ~3, 8, 9, 37, 251, 296, 321) [superposition 35,217433]
531541. c1 = mult(X0,c3) | c2 = mult(X0,c3) | c3 = mult(X0,c3) | c1 = mult(X0,c3) <- (~1, ~2, ~3, 8, 9, 37, 56, 251, 296, 321) [forward demodulation 531514,5388]
531542. c1 = mult(X0,c3) | c2 = mult(X0,c3) | c3 = mult(X0,c3) <- (~1, ~2, ~3, 8, 9, 37, 56, 251, 296, 321) [duplicate literal removal 531541]
531549. 84 | 1 | 2 | 3 | ~8 | ~9 | ~37 | ~56 | ~251 | ~296 | ~321 [avatar split clause 531542,142008,116315,65185,5386,552,84,79,58,54,50,34581]
531576. 474 | ~9 | ~39 | ~296 [avatar split clause 527649,116315,1782,84,370395]
531638. c3 = X0 | mult(c2,c3) = X0 | c2 = X0 | c2 = mult(c2,c3) | c1 = X0 <- (~360, ~479) [forward subsumption resolution 529723,185395]
531776. c3 = X0 | mult(c2,c3) = X0 | c2 = X0 | c1 = X0 <- (~360, ~477, ~479) [forward subsumption resolution 531638,405261]
531867. 353 | 360 | 477 | 479 [avatar split clause 531776,405472,405260,185394,183758]
531940. 539 <=> ! [X1] : mult(c3,mult(c3,X1)) = X1 [avatar definition]
531941. mult(c3,mult(c3,X1)) = X1 <- (539) [avatar component clause 531940]
532316. c4 != X0 | c3 = mult(c3,c4) | c3 = X0 | c1 = mult(c3,c4) | c2 = X0 | c2 = mult(c3,c4) | c1 = X0 <- (~469) [superposition 365494,30]
532773. c4 = mult(e,i(mult(c3,i(c2)))) <- (527) [superposition 7259,511434]
532780. c4 = mult(e,mult(c2,i(c3))) <- (9, 296, 527) [forward demodulation 532773,497669]
532791. c4 = mult(e,mult(c2,c3)) <- (9, 39, 296, 527) [forward demodulation 532780,1784]
532802. c4 = mult(c1,mult(c2,c3)) <- (9, 39, 296, 527) [forward demodulation 532791,86]
532813. c4 = mult(c2,c3) <- (9, 39, 296, 527) [forward demodulation 532802,116316]
533254. c3 = c4 | c2 = c4 | c1 = c4 <- (9, 39, 84, 296, 527) [superposition 34582,532813]
533294. c3 != c3 | c2 = mult(c2,c3) | c1 = mult(c2,c3) <- (84, ~479) [superposition 405473,34582]
533298. c3 != c3 | c2 = mult(c3,c3) | c1 = mult(c3,c3) <- (84, ~201) [superposition 60088,34582]
533305. c2 = mult(c3,c3) | c1 = mult(c3,c3) <- (84, ~201) [trivial inequality removal 533298]
533306. c2 = mult(c2,c3) | c1 = mult(c2,c3) <- (84, ~479) [trivial inequality removal 533294]
533310. c1 = mult(c2,c3) <- (84, ~477, ~479) [forward subsumption resolution 533306,405261]
533344. c2 = c4 | c1 = c4 <- (9, 39, 84, 296, 527) [forward subsumption resolution 533254,11]
533375. c1 = c4 <- (9, 39, 84, 296, 527) [forward subsumption resolution 533344,10]
533395. $false <- (9, 39, 84, 296, 527) [forward subsumption resolution 533375,8]
533396. ~9 | ~39 | ~84 | ~296 | ~527 [avatar contradiction clause 533395]
533450. 55 | 40 | ~7 | ~9 | ~26 | 38 | 39 | ~381 | ~498 [avatar split clause 528806,443567,236064,1782,1778,196,84,75,1786,5383]
533687. c1 = mult(c3,X0) | c2 = X0 | c1 = X0 | c3 = X0 <- (9, 48) [forward demodulation 526895,2984]
533688. c1 = mult(c3,X0) | c3 = mult(e,X0) | c2 = mult(e,X0) | c1 = mult(e,X0) <- (9, 48) [forward demodulation 526894,2984]
533747. c1 = c3 <- (147, 311, 381) [forward demodulation 243887,132896]
533748. c1 = c3 <- (7, 26, 147, 311, 381) [forward demodulation 528059,132896]
533753. c3 = mult(c3,c4) | c3 = X0 | c1 = mult(c3,c4) | c2 = X0 | c2 = mult(c3,c4) | c1 = X0 <- (~469) [forward subsumption resolution 532316,5]
534001. c2 = X0 | c1 = X0 | c3 = X0 <- (9, 48, 498) [forward subsumption resolution 533687,443568]
534002. c3 = mult(c1,X0) | c1 = mult(c3,X0) | c2 = mult(e,X0) | c1 = mult(e,X0) <- (9, 48) [forward demodulation 533688,86]
534013. $false <- (147, 311, 381) [forward subsumption resolution 533747,7]
534014. ~147 | ~311 | ~381 [avatar contradiction clause 534013]
534015. $false <- (7, 26, 147, 311, 381) [forward subsumption resolution 533748,7]
534016. ~7 | ~26 | ~147 | ~311 | ~381 [avatar contradiction clause 534015]
534208. 55 | ~9 | ~48 | ~498 [avatar split clause 534001,443567,2982,84,5383]
534209. c3 = X0 | c1 = mult(c3,X0) | c2 = mult(e,X0) | c1 = mult(e,X0) <- (9, 48, 296) [forward demodulation 534002,116316]
534343. c2 = mult(c1,X0) | c3 = X0 | c1 = mult(c3,X0) | c1 = mult(e,X0) <- (9, 48, 296) [forward demodulation 534209,86]
534435. c2 = X0 | c3 = X0 | c1 = mult(c3,X0) | c1 = mult(e,X0) <- (9, 48, 296) [forward demodulation 534343,116316]
534497. c1 = mult(c1,X0) | c2 = X0 | c3 = X0 | c1 = mult(c3,X0) <- (9, 48, 296) [forward demodulation 534435,86]
534542. c1 = X0 | c2 = X0 | c3 = X0 | c1 = mult(c3,X0) <- (9, 48, 296) [forward demodulation 534497,116316]
534563. c1 = X0 | c2 = X0 | c3 = X0 <- (9, 48, 296, 498) [forward subsumption resolution 534542,443568]
534580. 55 | ~9 | ~48 | ~296 | ~498 [avatar split clause 534563,443567,116315,2982,84,5383]
534701. $false <- (3, 5, 296, 402) [forward subsumption resolution 326557,116316]
534702. ~3 | ~5 | ~296 | ~402 [avatar contradiction clause 534701]
534746. op_a = c1 <- (4, 9, 32) [forward demodulation 8664,86]
534750. ~26 | ~4 | 30 [avatar split clause 327863,241,62,196]
535035. $false <- (4, ~5, 9, 32) [forward subsumption resolution 534746,68]
535036. ~4 | 5 | ~9 | ~32 [avatar contradiction clause 535035]
535108. 147 | ~3 | ~16 | ~29 | ~402 [avatar split clause 329727,276681,237,112,58,54773]
535113. op_a = c4 <- (4, 24, ~47, ~48, ~49, 502) [forward demodulation 314853,443758]
535121. ~50 | ~3 | 25 [avatar split clause 140244,191,58,2990]
535161. ~311 | ~9 | ~56 | 252 | ~296 [avatar split clause 396994,116315,65189,5386,84,132894]
535166. $false <- (9, 56, 147, ~251, 296, 381) [forward subsumption resolution 243887,238613]
535167. ~9 | ~56 | ~147 | 251 | ~296 | ~381 [avatar contradiction clause 535166]
535344. c3 = X0 | c1 = mult(c3,c4) | c2 = X0 | c2 = mult(c3,c4) | c1 = X0 <- (9, 56, ~251, 296, ~469) [forward subsumption resolution 533753,238613]
535673. c3 = X0 | c2 = X0 | c2 = mult(c3,c4) | c1 = X0 <- (9, 56, ~251, 296, ~311, ~469) [forward subsumption resolution 535344,132895]
535936. c3 = X0 | c2 = X0 | c1 = X0 <- (9, ~42, 56, ~251, 296, ~311, ~469) [forward subsumption resolution 535673,2291]
536098. 55 | ~9 | 42 | ~56 | 251 | ~296 | 311 | 469 [avatar split clause 535936,365493,132894,116315,65185,5386,2290,84,5383]
536593. e = mult(op_a,mult(c2,i(c4))) <- (3, 17) [superposition 18,192599]
536639. e = mult(op_a,mult(c2,op_a)) <- (3, 4, 17, 24, 296) [forward demodulation 536593,501337]
536906. c3 != mult(c2,X0) | op_a = c3 | c3 = X0 | op_a = c1 | c2 = X0 | op_a = c2 | c1 = X0 <- (3, ~15) [superposition 327872,30]
536949. c3 != mult(c2,X0) | c3 = X0 | op_a = c1 | c2 = X0 | op_a = c2 | c1 = X0 <- (3, ~6, ~15) [forward subsumption resolution 536906,72]
536951. c3 != mult(c2,X0) | c3 = X0 | c2 = X0 | op_a = c2 | c1 = X0 <- (3, ~5, ~6, ~15) [forward subsumption resolution 536949,68]
536953. c3 != mult(c2,X0) | c3 = X0 | c2 = X0 | c1 = X0 <- (3, ~5, ~6, ~7, ~15) [forward subsumption resolution 536951,76]
537096. mult(c2,X0) = mult(c2,mult(op_a,X0)) <- (3, 16) [superposition 3,327883]
537099. mult(e,X0) = mult(c2,mult(op_a,mult(i(c2),X0))) <- (3, 16) [superposition 309,327883]
537151. mult(c2,X0) = mult(c2,mult(c4,X0)) <- (3, 4, 16, 24, ~47, ~48, ~49, 502) [forward demodulation 537096,535113]
537382. mult(op_a,X0) = mult(X0,op_a) | c2 = X0 | c3 = X0 | c1 = X0 <- (4) [superposition 63,5]
537447. mult(op_a,mult(c4,X0)) = mult(mult(c4,op_a),X0) <- (4) [superposition 3,63]
537478. i(mult(c4,op_a)) = X0 | c1 = mult(op_a,mult(c4,c3)) | c3 = X0 | c1 = X0 | c2 = i(mult(c4,op_a)) | c2 = X0 | c1 = i(mult(c4,op_a)) <- (4, 9) [superposition 495504,63]
537497. mult(op_a,mult(c4,X0)) = mult(c4,mult(op_a,X0)) <- (4) [forward demodulation 537447,3]
537813. c3 != mult(c4,X0) | op_a = c3 | c3 = X0 | op_a = c1 | c2 = X0 | op_a = c2 | c1 = X0 <- (~26) [superposition 197,30]
537896. c3 != mult(c4,X0) | c3 = X0 | op_a = c1 | c2 = X0 | op_a = c2 | c1 = X0 <- (~6, ~26) [forward subsumption resolution 537813,72]
537898. c3 != mult(c4,X0) | c3 = X0 | c2 = X0 | op_a = c2 | c1 = X0 <- (~5, ~6, ~26) [forward subsumption resolution 537896,68]
537900. c3 != mult(c4,X0) | c3 = X0 | c2 = X0 | c1 = X0 <- (~5, ~6, ~7, ~26) [forward subsumption resolution 537898,76]
537902. 165 | 5 | 6 | 7 | 26 [avatar split clause 537900,196,75,71,67,59330]
538452. mult(c2,X0) = mult(c2,mult(c2,c3)) | c1 = mult(c4,X0) | c2 = mult(c4,X0) | c3 = mult(c4,X0) <- (3, 4, 16, 24, ~47, ~48, ~49, 353, 502) [superposition 537151,183759]
538645. c3 = mult(c2,X0) | c1 = mult(c4,X0) | c2 = mult(c4,X0) | c3 = mult(c4,X0) <- (3, 4, 16, 24, ~47, ~48, ~49, 353, 407, 502) [forward demodulation 538452,276729]
538872. c3 != mult(c2,X0) | c3 = mult(c4,X0) | c2 = mult(c4,X0) | c1 = mult(c4,X0) <- (3, 4, ~5, ~6, ~7, ~15, 16, 24, ~47, ~48, ~49, 502) [superposition 536953,537151]
538970. c3 = mult(c4,X0) | c2 = mult(c4,X0) | c1 = mult(c4,X0) <- (3, 4, ~5, ~6, ~7, ~15, 16, 24, ~47, ~48, ~49, 353, 407, 502) [forward subsumption resolution 538872,538645]
538978. 162 | ~3 | ~4 | 5 | 6 | 7 | 15 | ~16 | ~24 | 47 | 48 | 49 | ~353 | ~407 | ~502 [avatar split clause 538970,443757,276728,183758,2986,2982,2978,174,112,108,75,71,67,62,58,59317]
539662. c1 != mult(c3,c2) <- (3, ~320) [forward demodulation 141244,60]
539682. c2 = i(c3) <- (~38, ~39, 268) [forward subsumption resolution 528190,11]
539688. 520 | ~53 | ~381 [avatar split clause 528231,236064,5319,479650]
539695. 360 | ~9 | ~53 | ~296 [avatar split clause 530709,116315,5319,84,185394]
539715. $false <- (3, 9, 40, 296, ~320) [forward subsumption resolution 539662,530564]
539716. ~3 | ~9 | ~40 | ~296 | 320 [avatar contradiction clause 539715]
539790. mult(e,X0) = mult(c2,mult(op_a,mult(c3,X0))) <- (3, 16, 53) [forward demodulation 537099,5321]
539956. mult(e,X0) = mult(c2,mult(c4,mult(c3,X0))) <- (3, 4, 16, 24, ~47, ~48, ~49, 53, 502) [forward demodulation 539790,535113]
540063. mult(e,X0) = mult(c2,mult(c3,X0)) <- (3, 4, 16, 24, ~47, ~48, ~49, 53, 502) [forward demodulation 539956,537151]
540147. mult(c1,X0) = mult(c2,mult(c3,X0)) <- (3, 4, 9, 16, 24, ~47, ~48, ~49, 53, 502) [forward demodulation 540063,86]
540195. mult(c2,mult(c3,X0)) = X0 <- (3, 4, 9, 16, 24, ~47, ~48, ~49, 53, 296, 502) [forward demodulation 540147,116316]
542381. c3 = mult(c2,c4) <- (3, 4, 9, 16, 24, ~47, ~48, ~49, 53, 296, 502, 520) [superposition 540195,479652]
542409. $false <- (3, 4, 9, 16, 24, ~47, ~48, ~49, ~50, 53, 296, 502, 520) [forward subsumption resolution 542381,2991]
542410. ~3 | ~4 | ~9 | ~16 | ~24 | 47 | 48 | 49 | 50 | ~53 | ~296 | ~502 | ~520 [avatar contradiction clause 542409]
542436. e = mult(c4,mult(c2,c4)) <- (3, 4, 17, 24, ~47, ~48, ~49, 296, 502) [forward demodulation 536639,535113]
542573. e = mult(c4,c3) <- (3, 4, 17, 24, ~47, ~48, ~49, 50, 296, 502) [forward demodulation 542436,2992]
542648. c1 = mult(c4,c3) <- (3, 4, 9, 17, 24, ~47, ~48, ~49, 50, 296, 502) [forward demodulation 542573,86]
542677. $false <- (3, 4, 9, 17, 24, ~33, ~47, ~48, ~49, 50, 296, 502) [forward subsumption resolution 542648,345]
542678. ~3 | ~4 | ~9 | ~17 | ~24 | 33 | 47 | 48 | 49 | ~50 | ~296 | ~502 [avatar contradiction clause 542677]
542796. c2 = mult(c3,op_a) <- (2, 16) [forward demodulation 114,56]
543258. mult(op_a,c3) != X0 | c1 = mult(op_b,mult(op_a,i(c3))) | c3 = X0 | c1 = X0 | mult(op_b,op_a) = c2 | c2 = X0 | mult(op_b,op_a) = c1 <- (2, 9) [forward demodulation 523886,56]
543875. 545 <=> c1 = i(op_a) [avatar definition]
543877. c1 = i(op_a) <- (545) [avatar component clause 543875]
543879. 546 <=> c3 = i(op_a) [avatar definition]
543880. c3 != i(op_a) <- (~546) [avatar component clause 543879]
543881. c3 = i(op_a) <- (546) [avatar component clause 543879]
543883. 547 <=> c2 = i(op_a) [avatar definition]
543884. c2 != i(op_a) <- (~547) [avatar component clause 543883]
543885. c2 = i(op_a) <- (547) [avatar component clause 543883]
544212. mult(op_a,c3) != mult(c3,op_a) <- (2) [superposition 4,56]
544276. c1 = mult(c3,op_a) <- (9, 546) [superposition 494851,543881]
544299. $false <- (2, 9, ~14, 546) [forward subsumption resolution 544276,280]
544300. ~2 | ~9 | 14 | ~546 [avatar contradiction clause 544299]
544468. op_a = c4 | c1 = mult(op_a,c3) | c2 = mult(op_a,c3) | c3 = mult(op_a,c3) <- (2, 17, 438) [superposition 324586,309049]
544501. op_a = mult(e,i(mult(c3,i(c4)))) <- (2, 17) [superposition 7259,324586]
544509. op_a = mult(e,mult(c4,i(c3))) <- (2, 9, 17, 296) [forward demodulation 544501,497669]
544523. op_a = c4 | c2 = mult(op_a,c3) | c3 = mult(op_a,c3) <- (2, 17, ~18, 438) [forward subsumption resolution 544468,140140]
544530. op_a = mult(e,mult(c4,c3)) <- (2, 9, 17, 39, 296) [forward demodulation 544509,1784]
544541. op_a = c4 | c3 = mult(op_a,c3) <- (2, 17, ~18, ~20, 438) [forward subsumption resolution 544523,140151]
544546. op_a = mult(e,c4) <- (2, 9, 17, 22, 39, 296) [forward demodulation 544530,140160]
544557. c3 = c4 | op_a = c4 <- (2, 17, ~18, ~20, 438) [forward demodulation 544541,324586]
544561. op_a = mult(c1,c4) <- (2, 9, 17, 22, 39, 296) [forward demodulation 544546,86]
544569. op_a = c4 <- (2, 17, ~18, ~20, 438) [forward subsumption resolution 544557,11]
544573. op_a = c4 <- (2, 9, 17, 22, 39, 296) [forward demodulation 544561,116316]
544589. c4 = mult(c4,c3) <- (2, 17, ~18, ~20, 438) [superposition 324586,544569]
544667. c3 = mult(e,i(mult(op_a,i(c2)))) <- (2, 16) [superposition 7259,542796]
544693. c3 = mult(e,mult(c2,i(op_a))) <- (2, 9, 16, 296) [forward demodulation 544667,497669]
544714. c3 = mult(e,mult(c2,c2)) <- (2, 9, 16, 296, 547) [forward demodulation 544693,543885]
544727. c3 = mult(e,c4) <- (2, 9, 16, 49, 58, 296, 547) [forward demodulation 544714,231473]
544738. c3 = mult(c1,c4) <- (2, 9, 16, 49, 58, 296, 547) [forward demodulation 544727,86]
544749. $false <- (2, 9, 16, 49, 58, 296, ~344, 547) [forward subsumption resolution 544738,171245]
544750. ~2 | ~9 | ~16 | ~49 | ~58 | ~296 | 344 | ~547 [avatar contradiction clause 544749]
544798. mult(op_b,c3) != mult(c3,op_b) | c3 = X0 | op_a = X0 | c1 = X0 | c2 = X0 | op_a = c1 <- (~7) [forward subsumption resolution 640,76]
544825. c2 != i(c4) <- (2, 9, 17, 22, 39, 296, ~547) [forward demodulation 543884,544573]
544854. $false <- (2, 9, 17, 22, 39, 49, 296, ~547) [forward subsumption resolution 544825,2988]
544855. ~2 | ~9 | ~17 | ~22 | ~39 | ~49 | ~296 | 547 [avatar contradiction clause 544854]
545028. i(mult(c4,c4)) = X0 | c1 = mult(op_a,mult(c4,c3)) | c3 = X0 | c1 = X0 | c2 = i(mult(c4,op_a)) | c2 = X0 | c1 = i(mult(c4,op_a)) <- (2, 4, 9, 17, 22, 39, 296) [forward demodulation 537478,544573]
545187. i(c3) = X0 | c1 = mult(op_a,mult(c4,c3)) | c3 = X0 | c1 = X0 | c2 = i(mult(c4,op_a)) | c2 = X0 | c1 = i(mult(c4,op_a)) <- (2, 4, 9, 17, 22, 39, 160, 296) [forward demodulation 545028,59046]
545252. c3 = X0 | c1 = mult(op_a,mult(c4,c3)) | c3 = X0 | c1 = X0 | c2 = i(mult(c4,op_a)) | c2 = X0 | c1 = i(mult(c4,op_a)) <- (2, 4, 9, 17, 22, 39, 160, 296) [forward demodulation 545187,1784]
545253. c3 = X0 | c1 = mult(op_a,mult(c4,c3)) | c1 = X0 | c2 = i(mult(c4,op_a)) | c2 = X0 | c1 = i(mult(c4,op_a)) <- (2, 4, 9, 17, 22, 39, 160, 296) [duplicate literal removal 545252]
545289. c1 = mult(c4,mult(op_a,c3)) | c3 = X0 | c1 = X0 | c2 = i(mult(c4,op_a)) | c2 = X0 | c1 = i(mult(c4,op_a)) <- (2, 4, 9, 17, 22, 39, 160, 296) [forward demodulation 545253,537497]
545312. c1 = mult(c4,c4) | c3 = X0 | c1 = X0 | c2 = i(mult(c4,op_a)) | c2 = X0 | c1 = i(mult(c4,op_a)) <- (2, 4, 9, 17, 22, 39, 160, 296) [forward demodulation 545289,324586]
545333. c3 = X0 | c1 = X0 | c2 = i(mult(c4,op_a)) | c2 = X0 | c1 = i(mult(c4,op_a)) <- (2, 4, 9, 17, 22, 39, ~56, 160, 296) [forward subsumption resolution 545312,5387]
545342. c2 = i(mult(c4,c4)) | c3 = X0 | c1 = X0 | c2 = X0 | c1 = i(mult(c4,op_a)) <- (2, 4, 9, 17, 22, 39, ~56, 160, 296) [forward demodulation 545333,544573]
545346. c2 = i(c3) | c3 = X0 | c1 = X0 | c2 = X0 | c1 = i(mult(c4,op_a)) <- (2, 4, 9, 17, 22, 39, ~56, 160, 296) [forward demodulation 545342,59046]
545349. c2 = c3 | c3 = X0 | c1 = X0 | c2 = X0 | c1 = i(mult(c4,op_a)) <- (2, 4, 9, 17, 22, 39, ~56, 160, 296) [forward demodulation 545346,1784]
545352. c3 = X0 | c1 = X0 | c2 = X0 | c1 = i(mult(c4,op_a)) <- (2, 4, 9, 17, 22, 39, ~56, 160, 296) [forward subsumption resolution 545349,9]
545355. c1 = i(mult(c4,c4)) | c3 = X0 | c1 = X0 | c2 = X0 <- (2, 4, 9, 17, 22, 39, ~56, 160, 296) [forward demodulation 545352,544573]
545356. c1 = i(c3) | c3 = X0 | c1 = X0 | c2 = X0 <- (2, 4, 9, 17, 22, 39, ~56, 160, 296) [forward demodulation 545355,59046]
545357. c3 = X0 | c1 = X0 | c2 = X0 <- (2, 4, 9, 17, 22, ~38, 39, ~56, 160, 296) [forward subsumption resolution 545356,1779]
545358. 55 | ~2 | ~4 | ~9 | ~17 | ~22 | 38 | ~39 | 56 | ~160 | ~296 [avatar split clause 545357,116315,59045,5386,1782,1778,158,116,84,62,54,5383]
545415. $false <- (2, 5, 15, 296) [forward subsumption resolution 359345,116316]
545416. ~2 | ~5 | ~15 | ~296 [avatar contradiction clause 545415]
545435. c2 != mult(op_b,c4) <- (2, 9, ~16, 17, 22, 39, 296) [forward demodulation 113,544573]
545544. c2 != mult(c3,c4) <- (2, 9, ~16, 17, 22, 39, 296) [forward demodulation 545435,56]
545602. $false <- (2, 9, ~16, 17, 22, 39, 42, 296) [forward subsumption resolution 545544,2292]
545603. ~2 | ~9 | 16 | ~17 | ~22 | ~39 | ~42 | ~296 [avatar contradiction clause 545602]
545745. $false <- (2, 5, 9, ~15) [forward subsumption resolution 5155,56]
545746. ~2 | ~5 | ~9 | 15 [avatar contradiction clause 545745]
545828. c2 = i(c1) <- (5, 547) [forward demodulation 543885,69]
545936. $false <- (5, ~35, 547) [forward subsumption resolution 545828,545]
545937. ~5 | 35 | ~547 [avatar contradiction clause 545936]
546151. c2 = c4 <- (9, 39, 296, 477, 527) [forward demodulation 532813,405262]
546167. mult(op_b,c3) != mult(c3,op_b) | c3 = X0 | op_a = X0 | c1 = X0 | c2 = X0 <- (~5, ~7) [forward subsumption resolution 544798,68]
546202. $false <- (9, 39, 296, 477, 527) [forward subsumption resolution 546151,10]
546203. ~9 | ~39 | ~296 | ~477 | ~527 [avatar contradiction clause 546202]
546212. mult(c3,c3) != mult(c3,c3) | c3 = X0 | op_a = X0 | c1 = X0 | c2 = X0 <- (2, ~5, ~7) [forward demodulation 546167,56]
546213. c3 = X0 | op_a = X0 | c1 = X0 | c2 = X0 <- (2, ~5, ~7) [trivial inequality removal 546212]
546232. 438 | ~2 | 5 | 7 [avatar split clause 546213,75,67,54,309048]
546314. c3 != i(c4) | op_a = c2 | op_a = c3 | op_a = c1 <- (~546) [superposition 543880,5]
546355. c3 != i(c4) | op_a = c3 | op_a = c1 <- (~7, ~546) [forward subsumption resolution 546314,76]
546358. c3 != i(c4) | op_a = c1 <- (~6, ~7, ~546) [forward subsumption resolution 546355,72]
546361. c3 != i(c4) <- (~5, ~6, ~7, ~546) [forward subsumption resolution 546358,68]
546613. e = mult(c3,mult(X0,mult(i(mult(e,X0)),c3))) <- (39) [superposition 6869,1784]
546649. e = mult(c3,c3) <- (39) [forward demodulation 546613,6870]
546663. e = c1 <- (39, 474) [forward demodulation 546649,370397]
546999. c2 = mult(c4,op_a) <- (4, 31) [superposition 247,63]
547603. c1 != mult(X0,c3) | op_a = c3 | c3 = X0 | op_a = c1 | c2 = X0 | op_a = c2 | c1 = X0 <- (2, ~18) [superposition 140140,30]
547834. mult(op_a,e) = mult(c4,mult(op_a,c4)) | c2 = i(c4) | c3 = i(c4) | c1 = i(c4) <- (4) [superposition 537497,34]
548407. e = mult(c4,op_a) | c2 = c4 | c3 = c4 | c1 = c4 | c2 = i(op_a) | c3 = i(op_a) | c1 = i(op_a) <- (4) [superposition 537382,34]
549902. mult(X0,c3) = X0 <- (2, 9, 25, 49, 296, 512) [forward demodulation 467161,513086]
550129. 45 | ~2 | ~9 | ~25 | ~49 | ~296 | ~512 [avatar split clause 549902,467160,116315,2986,191,84,54,2579]
550620. e = mult(c4,op_a) | c3 = c4 | c1 = c4 | c2 = i(op_a) | c3 = i(op_a) | c1 = i(op_a) <- (4) [forward subsumption resolution 548407,10]
550824. e = mult(c4,op_a) | c1 = c4 | c2 = i(op_a) | c3 = i(op_a) | c1 = i(op_a) <- (4) [forward subsumption resolution 550620,11]
550910. e = mult(c4,op_a) | c2 = i(op_a) | c3 = i(op_a) | c1 = i(op_a) <- (4) [forward subsumption resolution 550824,8]
550957. e = mult(c4,op_a) | c2 = i(op_a) | c1 = i(op_a) <- (4, ~546) [forward subsumption resolution 550910,543880]
551002. e = c3 | c2 = i(op_a) | c1 = i(op_a) <- (4, 26, ~546) [forward demodulation 550957,198]
551039. c2 = i(op_a) | c1 = i(op_a) <- (4, ~10, 26, ~546) [forward subsumption resolution 551002,89]
551069. 545 | 547 | ~4 | 10 | ~26 | 546 [avatar split clause 551039,543879,196,88,62,543883,543875]
551138. c4 = mult(op_a,c3) <- (2, 17) [forward demodulation 117,56]
551498. c2 = c4 <- (2, 17, 20) [forward demodulation 551138,302203]
551619. $false <- (2, 17, 20) [forward subsumption resolution 551498,10]
551620. ~2 | ~17 | ~20 [avatar contradiction clause 551619]
551846. mult(c4,c3) != X0 | c1 = mult(op_b,mult(op_a,i(c3))) | c3 = X0 | c1 = X0 | mult(op_b,op_a) = c2 | c2 = X0 | mult(op_b,op_a) = c1 <- (2, 9, 17, 22, 39, 296) [forward demodulation 543258,544573]
551881. c4 != X0 | c1 = mult(op_b,mult(op_a,i(c3))) | c3 = X0 | c1 = X0 | mult(op_b,op_a) = c2 | c2 = X0 | mult(op_b,op_a) = c1 <- (2, 9, 17, 22, 39, 296) [forward demodulation 551846,140160]
551910. c1 = mult(op_b,mult(op_a,i(c3))) | c3 = X0 | c1 = X0 | mult(op_b,op_a) = c2 | c2 = X0 | mult(op_b,op_a) = c1 <- (2, 9, 17, 22, 39, 296) [forward subsumption resolution 551881,5]
551921. c1 = mult(op_b,mult(op_a,c3)) | c3 = X0 | c1 = X0 | mult(op_b,op_a) = c2 | c2 = X0 | mult(op_b,op_a) = c1 <- (2, 9, 17, 22, 39, 296) [forward demodulation 551910,1784]
551931. c1 = mult(op_b,mult(c4,c3)) | c3 = X0 | c1 = X0 | mult(op_b,op_a) = c2 | c2 = X0 | mult(op_b,op_a) = c1 <- (2, 9, 17, 22, 39, 296) [forward demodulation 551921,544573]
551937. c1 = mult(op_b,c4) | c3 = X0 | c1 = X0 | mult(op_b,op_a) = c2 | c2 = X0 | mult(op_b,op_a) = c1 <- (2, 9, 17, 22, 39, 296) [forward demodulation 551931,140160]
551944. c1 = mult(c3,c4) | c3 = X0 | c1 = X0 | mult(op_b,op_a) = c2 | c2 = X0 | mult(op_b,op_a) = c1 <- (2, 9, 17, 22, 39, 296) [forward demodulation 551937,56]
551949. c3 = X0 | c1 = X0 | mult(op_b,op_a) = c2 | c2 = X0 | mult(op_b,op_a) = c1 <- (2, 9, 17, 22, 39, 296, ~311) [forward subsumption resolution 551944,132895]
551952. c2 = mult(op_b,c4) | c3 = X0 | c1 = X0 | c2 = X0 | mult(op_b,op_a) = c1 <- (2, 9, 17, 22, 39, 296, ~311) [forward demodulation 551949,544573]
551953. c2 = mult(c3,c4) | c3 = X0 | c1 = X0 | c2 = X0 | mult(op_b,op_a) = c1 <- (2, 9, 17, 22, 39, 296, ~311) [forward demodulation 551952,56]
551954. c3 = X0 | c1 = X0 | c2 = X0 | mult(op_b,op_a) = c1 <- (2, 9, 17, 22, 39, ~42, 296, ~311) [forward subsumption resolution 551953,2291]
551955. c1 = mult(op_b,c4) | c3 = X0 | c1 = X0 | c2 = X0 <- (2, 9, 17, 22, 39, ~42, 296, ~311) [forward demodulation 551954,544573]
551956. c1 = mult(c3,c4) | c3 = X0 | c1 = X0 | c2 = X0 <- (2, 9, 17, 22, 39, ~42, 296, ~311) [forward demodulation 551955,56]
551957. c3 = X0 | c1 = X0 | c2 = X0 <- (2, 9, 17, 22, 39, ~42, 296, ~311) [forward subsumption resolution 551956,132895]
551958. 55 | ~2 | ~9 | ~17 | ~22 | ~39 | 42 | ~296 | 311 [avatar split clause 551957,132894,116315,2290,1782,158,116,84,54,5383]
554024. mult(c4,op_a) = mult(X0,c3) | c2 = mult(X0,c3) | c3 = mult(X0,c3) | c1 = mult(X0,c3) <- (2, 15) [superposition 35,324263]
554082. c1 = mult(X0,c3) | c2 = mult(X0,c3) | c3 = mult(X0,c3) | c1 = mult(X0,c3) <- (2, 15, 24) [forward demodulation 554024,176]
554083. c1 = mult(X0,c3) | c2 = mult(X0,c3) | c3 = mult(X0,c3) <- (2, 15, 24) [duplicate literal removal 554082]
554107. 84 | ~2 | ~15 | ~24 [avatar split clause 554083,174,108,54,34581]
554345. mult(c1,X0) = mult(c4,mult(op_a,X0)) <- (24) [superposition 3,176]
554808. mult(c1,X0) = mult(c4,mult(c4,X0)) <- (56) [superposition 3,5388]
554811. mult(e,X0) = mult(c4,mult(c4,mult(i(c1),X0))) <- (56) [superposition 309,5388]
555077. c3 = mult(e,i(mult(mult(c4,c4),i(c3)))) <- (51) [superposition 7259,3299]
556228. e = mult(c3,mult(c4,i(c4))) <- (469) [superposition 18,365495]
556237. mult(X0,mult(c3,mult(c4,i(mult(e,c4))))) = X0 <- (469) [superposition 6824,365495]
556238. mult(e,mult(c3,mult(c4,i(mult(i(X0),c4))))) = X0 <- (469) [superposition 7046,365495]
556249. mult(e,mult(c3,X0)) = X0 <- (469) [forward demodulation 556238,7066]
556250. mult(X0,c3) = X0 <- (469) [forward demodulation 556237,6452]
556256. e = mult(c3,e) <- (469) [forward demodulation 556228,1]
556264. mult(c1,mult(c3,X0)) = X0 <- (9, 469) [forward demodulation 556249,86]
556265. 45 | ~469 [avatar split clause 556250,365493,2579]
556269. e = c3 <- (469) [forward demodulation 556256,2]
556275. mult(c3,X0) = X0 <- (9, 296, 469) [forward demodulation 556264,116316]
556278. $false <- (~10, 469) [forward subsumption resolution 556269,89]
556279. 10 | ~469 [avatar contradiction clause 556278]
556285. 77 | ~9 | ~296 | ~469 [avatar split clause 556275,365493,116315,84,33391]
556320. 40 | 38 | 39 | ~268 [avatar split clause 539682,77591,1782,1778,1786]
556349. 474 | 265 | ~84 | 201 [avatar split clause 533305,60087,34581,74291,370395]
556351. 360 | ~84 | 477 | 479 [avatar split clause 533310,405472,405260,34581,185394]
556723. c3 = mult(X0,i(mult(c2,X0))) <- (40) [superposition 7081,1788]
556745. c3 = i(c2) <- (40) [forward demodulation 556723,132045]
557098. mult(c2,X0) = mult(c3,mult(c3,X0)) <- (265) [superposition 3,74293]
557110. mult(c3,X0) = mult(e,mult(i(mult(c3,i(c2))),X0)) <- (265) [superposition 7258,74293]
557117. mult(c3,X0) = mult(e,mult(mult(c2,i(c3)),X0)) <- (9, 265, 296) [forward demodulation 557110,497669]
557125. mult(c2,X0) = X0 <- (265, 539) [forward demodulation 557098,531941]
557127. mult(c3,X0) = mult(e,mult(c2,mult(i(c3),X0))) <- (9, 265, 296) [forward demodulation 557117,3]
557134. 66 | ~265 | ~539 [avatar split clause 557125,531940,74291,33089]
557136. mult(c3,X0) = mult(e,mult(c2,mult(c2,X0))) <- (9, 40, 265, 296) [forward demodulation 557127,1788]
557162. mult(c3,X0) = mult(c1,mult(c2,mult(c2,X0))) <- (9, 40, 265, 296) [forward demodulation 557136,86]
557169. mult(c3,X0) = mult(c2,mult(c2,X0)) <- (9, 40, 265, 296) [forward demodulation 557162,116316]
557183. c2 = mult(c4,c3) | c1 = X0 | c2 = X0 | c3 = X0 | c3 = X0 | c2 = X0 | c1 = X0 <- (264) [superposition 73319,1819]
557200. mult(X0,X1) = mult(e,mult(i(mult(c3,i(c2))),X1)) | c1 = X0 | c2 = X0 | c3 = X0 <- (264) [superposition 7258,73319]
557228. mult(op_a,c2) = mult(c4,mult(op_a,c3)) | c1 = c4 | c2 = c4 | c3 = c4 <- (4, 264) [superposition 537497,73319]
557232. c2 = mult(c4,c3) | c1 = X0 | c2 = X0 | c3 = X0 <- (264) [duplicate literal removal 557183]
557234. mult(op_a,c2) = mult(c4,mult(op_a,c3)) | c2 = c4 | c3 = c4 <- (4, 264) [forward subsumption resolution 557228,8]
557252. mult(X0,X1) = mult(e,mult(mult(c2,i(c3)),X1)) | c1 = X0 | c2 = X0 | c3 = X0 <- (9, 264, 296) [forward demodulation 557200,497669]
557261. mult(op_a,c2) = mult(c4,mult(op_a,c3)) | c3 = c4 <- (4, 264) [forward subsumption resolution 557234,10]
557276. mult(X0,X1) = mult(e,mult(c2,mult(i(c3),X1))) | c1 = X0 | c2 = X0 | c3 = X0 <- (9, 264, 296) [forward demodulation 557252,3]
557283. mult(op_a,c2) = mult(c4,mult(op_a,c3)) <- (4, 264) [forward subsumption resolution 557261,11]
557294. mult(X0,X1) = mult(e,mult(c2,mult(c2,X1))) | c1 = X0 | c2 = X0 | c3 = X0 <- (9, 40, 264, 296) [forward demodulation 557276,1788]
557308. mult(X0,X1) = mult(e,mult(c3,X1)) | c1 = X0 | c2 = X0 | c3 = X0 <- (9, 40, 264, 265, 296) [forward demodulation 557294,557169]
557321. mult(X0,X1) = mult(c1,mult(c3,X1)) | c1 = X0 | c2 = X0 | c3 = X0 <- (9, 40, 264, 265, 296) [forward demodulation 557308,86]
557328. mult(X0,X1) = mult(c3,X1) | c1 = X0 | c2 = X0 | c3 = X0 <- (9, 40, 264, 265, 296) [forward demodulation 557321,116316]
557331. 101 | ~9 | ~40 | ~264 | ~265 | ~296 [avatar split clause 557328,116315,74291,73318,1786,84,38499]
558037. mult(op_a,c4) = mult(c4,mult(op_a,c3)) <- (2, 4, 17, ~18, ~20, 438) [superposition 537497,544589]
558122. 39 | ~11 | ~54 | ~66 | ~75 | ~265 [avatar split clause 139172,74291,33140,33089,5323,92,1782]
558131. $false <- (11, 47, 66, ~343) [forward subsumption resolution 140168,171240]
558132. ~11 | ~47 | ~66 | 343 [avatar contradiction clause 558131]
558265. c2 = mult(c4,i(mult(c4,c3))) <- (2, 328) [forward demodulation 146767,56]
558350. c3 = X0 | mult(c1,c4) = X0 | c2 = X0 | c1 = X0 <- (~341, ~343, ~344) [forward subsumption resolution 494760,171232]
558436. c2 = i(c1) | c3 = i(c1) | c1 = i(c1) <- (11, ~343) [forward subsumption resolution 409616,94]
558850. c2 = mult(X0,c4) | c2 = mult(X1,i(mult(X0,X1))) | c3 = mult(X1,i(mult(X0,X1))) | c1 = mult(X1,i(mult(X0,X1))) <- (11) [forward demodulation 449,94]
559719. mult(X1,i(X0)) = mult(c2,i(mult(X0,i(X1)))) <- (11) [forward demodulation 151091,94]
560259. mult(e,X0) = mult(c4,mult(c4,mult(c4,X0))) <- (11, 56, 66, 420) [forward demodulation 554811,359525]
560262. c3 = mult(e,i(mult(c4,mult(c4,i(c3))))) <- (51) [forward demodulation 555077,3]
560438. mult(op_a,c4) = mult(c1,c3) <- (2, 4, 17, ~18, ~20, 24, 438) [forward demodulation 558037,554345]
560508. 430 | 341 | 343 | 344 [avatar split clause 558350,171243,171238,171230,304785]
560569. c3 = i(c1) | c1 = i(c1) <- (11, ~35, ~343) [forward subsumption resolution 558436,545]
560922. i(X0) = c2 | c2 = mult(X0,c4) | c3 = mult(X1,i(mult(X0,X1))) | c1 = mult(X1,i(mult(X0,X1))) <- (11) [forward demodulation 558850,132045]
561574. mult(X1,i(X0)) = i(mult(X0,i(X1))) <- (11, 66) [forward demodulation 559719,33090]
562034. mult(e,X0) = mult(c1,mult(c4,X0)) <- (11, 56, 66, 420) [forward demodulation 560259,554808]
562167. c1 = mult(c1,c3) <- (2, 4, 17, ~18, ~20, 24, 29, 438) [forward demodulation 560438,239]
562220. c1 = i(c1) <- (11, ~35, ~36, ~343) [forward subsumption resolution 560569,549]
562435. i(X0) = c3 | i(X0) = c2 | c2 = mult(X0,c4) | c1 = mult(X1,i(mult(X0,X1))) <- (11) [forward demodulation 560922,132045]
563130. mult(c2,X0) = mult(c1,mult(c4,X0)) <- (11, 56, 66, 420) [forward demodulation 562034,94]
563233. $false <- (2, 4, 17, ~18, ~20, 24, 29, ~391, 438) [forward subsumption resolution 562167,275312]
563234. ~2 | ~4 | ~17 | 18 | 20 | ~24 | ~29 | 391 | ~438 [avatar contradiction clause 563233]
563266. 37 | ~11 | 35 | 36 | 343 [avatar split clause 562220,171238,548,544,92,552]
563405. c2 = mult(X0,c4) | i(X0) = c3 | i(X0) = c2 | i(X0) = c1 <- (11) [forward demodulation 562435,132045]
563923. mult(c1,mult(c4,X0)) = X0 <- (11, 56, 66, 420) [forward demodulation 563130,33090]
564549. 424 | ~11 | ~56 | ~66 | ~420 [avatar split clause 563923,300621,33089,5386,92,301774]
565703. op_a = c4 <- (4, 28, ~47, ~48, ~49, 75) [forward demodulation 5938,33141]
565711. 38 | ~11 | ~36 | ~66 [avatar split clause 166935,33089,548,92,1778]
565718. c2 = mult(c1,c3) <- (11, 36, 285) [forward demodulation 436903,94]
565745. c1 = c4 <- (2, 11, 38, 66, 323) [forward demodulation 367583,1780]
565986. mult(op_a,e) = mult(c4,mult(op_a,c4)) | c3 = i(c4) | c1 = i(c4) <- (4, ~49) [forward subsumption resolution 547834,2987]
566200. c2 = mult(c4,i(c2)) <- (2, 328, 527) [forward demodulation 558265,511434]
566268. $false <- (2, 11, 38, 66, 323) [forward subsumption resolution 565745,8]
566269. ~2 | ~11 | ~38 | ~66 | ~323 [avatar contradiction clause 566268]
566414. mult(op_a,e) = mult(c4,mult(op_a,c4)) | c1 = i(c4) <- (4, ~48, ~49) [forward subsumption resolution 565986,2983]
566565. c2 = mult(c4,c2) <- (2, 54, 328, 527) [forward demodulation 566200,5325]
566726. mult(op_a,e) = mult(c4,mult(op_a,c4)) <- (4, ~47, ~48, ~49) [forward subsumption resolution 566414,2979]
566845. c2 = c4 <- (2, 54, 75, 328, 527) [forward demodulation 566565,33141]
566956. mult(op_a,e) = mult(c4,mult(c4,op_a)) <- (4, ~47, ~48, ~49) [forward demodulation 566726,63]
567035. $false <- (2, 54, 75, 328, 527) [forward subsumption resolution 566845,10]
567036. ~2 | ~54 | ~75 | ~328 | ~527 [avatar contradiction clause 567035]
567340. c2 = mult(c1,c1) <- (11, 37, 285) [forward demodulation 425611,94]
567408. c3 = c4 <- (2, 11, 39, 66, 323) [forward demodulation 367583,1784]
567410. c3 = mult(e,i(mult(c4,mult(c4,c3)))) <- (39, 51) [forward demodulation 560262,1784]
567509. $false <- (2, 11, 39, 66, 323) [forward subsumption resolution 567408,11]
567510. ~2 | ~11 | ~39 | ~66 | ~323 [avatar contradiction clause 567509]
567512. c3 = mult(e,i(mult(c4,c2))) <- (39, 51, 527) [forward demodulation 567410,511434]
567581. c3 = mult(e,i(c4)) <- (39, 51, 75, 527) [forward demodulation 567512,33141]
567631. c3 = mult(c2,i(c4)) <- (11, 39, 51, 75, 527) [forward demodulation 567581,94]
567659. c3 = i(c4) <- (11, 39, 51, 66, 75, 527) [forward demodulation 567631,33090]
567685. $false <- (11, 39, ~48, 51, 66, 75, 527) [forward subsumption resolution 567659,2983]
567686. ~11 | ~39 | 48 | ~51 | ~66 | ~75 | ~527 [avatar contradiction clause 567685]
567779. 392 | ~11 | ~36 | ~285 [avatar split clause 565718,114844,548,92,275315]
567959. mult(c1,e) = mult(c4,mult(c4,c1)) <- (4, 5, ~47, ~48, ~49) [forward demodulation 566956,69]
568106. mult(c1,e) = mult(c4,mult(c1,c4)) <- (4, 5, ~47, ~48, ~49) [forward demodulation 567959,318199]
568210. mult(c4,c3) = mult(c1,e) <- (4, 5, ~47, ~48, ~49, 344) [forward demodulation 568106,171244]
568272. c1 = mult(c4,c3) <- (4, 5, ~47, ~48, ~49, 344) [forward demodulation 568210,2]
568319. $false <- (4, 5, ~33, ~47, ~48, ~49, 344) [forward subsumption resolution 568272,345]
568320. ~4 | ~5 | 33 | 47 | 48 | 49 | ~344 [avatar contradiction clause 568319]
569233. e = mult(op_a,mult(c3,i(c4))) <- (2, 17) [superposition 18,324586]
569276. e = mult(op_a,mult(c3,c4)) <- (2, 17, 263) [forward demodulation 569233,73316]
569373. 311 | ~2 | 25 | 42 | 469 [avatar split clause 513100,365493,2290,191,54,132894]
569388. e = mult(op_a,c1) <- (2, 17, 263, 311) [forward demodulation 569276,132896]
569413. e = mult(c4,c1) <- (2, 17, ~18, ~20, 263, 311, 438) [forward demodulation 569388,544569]
569557. $false <- (~9, 39, 474) [forward subsumption resolution 546663,85]
569558. 9 | ~39 | ~474 [avatar contradiction clause 569557]
569573. c3 = mult(e,i(mult(c4,mult(c4,c3)))) <- (39, 51) [forward demodulation 560262,1784]
569644. c2 = mult(c4,c1) <- (2, 11, 17, ~18, ~20, 263, 311, 438) [forward demodulation 569413,94]
569692. c3 = mult(e,i(mult(c4,c4))) <- (2, 22, 39, 51) [forward demodulation 569573,140160]
569753. $false <- (2, 11, 17, ~18, ~20, ~247, 263, 311, 438) [forward subsumption resolution 569644,64952]
569754. ~2 | ~11 | ~17 | 18 | 20 | 247 | ~263 | ~311 | ~438 [avatar contradiction clause 569753]
569759. c3 = mult(e,i(c2)) <- (2, 22, 39, 51, 58) [forward demodulation 569692,5729]
569810. c3 = mult(e,c2) <- (2, 22, 39, 51, 54, 58) [forward demodulation 569759,5325]
569840. e = c3 <- (2, 22, 39, 51, 54, 58, 75) [forward demodulation 569810,33141]
569866. $false <- (2, ~10, 22, 39, 51, 54, 58, 75) [forward subsumption resolution 569840,89]
569867. ~2 | 10 | ~22 | ~39 | ~51 | ~54 | ~58 | ~75 [avatar contradiction clause 569866]
569912. ~311 | ~2 | 8 | ~33 [avatar split clause 358452,344,79,54,132894]
570032. c1 != mult(X0,c3) | c3 = X0 | op_a = c1 | c2 = X0 | op_a = c2 | c1 = X0 <- (2, ~6, ~18) [forward subsumption resolution 547603,72]
570215. c1 != mult(X0,c3) | c3 = X0 | c2 = X0 | op_a = c2 | c1 = X0 <- (2, ~5, ~6, ~18) [forward subsumption resolution 570032,68]
570311. c1 != mult(X0,c3) | c3 = X0 | c2 = X0 | c1 = X0 <- (2, ~5, ~6, ~7, ~18) [forward subsumption resolution 570215,76]
570375. c3 = X0 | c2 = X0 | c1 = X0 <- (2, ~5, ~6, ~7, ~18, 351) [forward subsumption resolution 570311,182556]
570425. 55 | ~2 | 5 | 6 | 7 | 18 | ~351 [avatar split clause 570375,182555,140,75,71,67,54,5383]
571004. e = mult(c3,mult(X0,mult(i(mult(e,X0)),c1))) <- (38) [superposition 6869,1780]
571027. e = mult(c3,c1) <- (38) [forward demodulation 571004,6870]
571040. e = c2 <- (38, 524) [forward demodulation 571027,498519]
571230. mult(c2,X0) = mult(c4,mult(op_a,X0)) <- (28) [superposition 3,221]
571249. c4 = mult(e,i(mult(op_a,i(c2)))) <- (28) [superposition 7259,221]
571268. c4 = mult(e,mult(c2,i(op_a))) <- (11, 28, 66) [forward demodulation 571249,561574]
571278. mult(c2,X0) = mult(c4,mult(c4,X0)) <- (4, 28, ~47, ~48, ~49, 75) [forward demodulation 571230,565703]
571291. c4 = mult(e,i(op_a)) <- (11, 28, 66) [forward demodulation 571268,33090]
571300. mult(c4,mult(c4,X0)) = X0 <- (4, 28, ~47, ~48, ~49, 66, 75) [forward demodulation 571278,33090]
571309. c4 = mult(e,i(c4)) <- (4, 11, 28, ~47, ~48, ~49, 66, 75) [forward demodulation 571291,565703]
571721. mult(c3,op_a) != X0 | mult(c3,X1) = mult(op_a,mult(c3,X1)) | c3 = X0 | c1 = X0 | c2 = mult(op_a,c3) | c2 = X0 | c1 = mult(op_a,c3) <- (2) [superposition 544212,619]
571815. mult(op_a,c1) = mult(c4,mult(op_a,c3)) <- (4, 33) [superposition 537497,346]
571829. c4 = mult(e,i(mult(c3,i(c1)))) <- (33) [superposition 7259,346]
571833. c4 = mult(e,mult(c1,i(c3))) <- (11, 33, 66) [forward demodulation 571829,561574]
571842. mult(c4,c1) = mult(c4,mult(c4,c3)) <- (4, 28, 33, ~47, ~48, ~49, 75) [forward demodulation 571815,565703]
571851. c3 = mult(c4,c1) <- (4, 28, 33, ~47, ~48, ~49, 66, 75) [forward demodulation 571842,571300]
571860. $false <- (4, 28, 33, ~47, ~48, ~49, 66, 75, ~457) [forward subsumption resolution 571851,343276]
571861. ~4 | ~28 | ~33 | 47 | 48 | 49 | ~66 | ~75 | 457 [avatar contradiction clause 571860]
572944. mult(c2,i(i(X0))) = X0 <- (75) [superposition 7081,33141]
573149. mult(e,i(mult(c4,i(c2)))) = X0 | i(X0) = c3 | i(X0) = c2 | i(X0) = c1 <- (11) [superposition 7259,563405]
573232. mult(e,mult(c2,i(c4))) = X0 | i(X0) = c3 | i(X0) = c2 | i(X0) = c1 <- (11, 66) [forward demodulation 573149,561574]
573263. mult(e,i(c4)) = X0 | i(X0) = c3 | i(X0) = c2 | i(X0) = c1 <- (11, 66) [forward demodulation 573232,33090]
573290. mult(e,c4) = X0 | i(X0) = c3 | i(X0) = c2 | i(X0) = c1 <- (11, 66, 263) [forward demodulation 573263,73316]
573314. mult(c2,c4) = X0 | i(X0) = c3 | i(X0) = c2 | i(X0) = c1 <- (11, 66, 263) [forward demodulation 573290,94]
573334. c4 = X0 | i(X0) = c3 | i(X0) = c2 | i(X0) = c1 <- (11, 66, 263) [forward demodulation 573314,33090]
573348. 268 | ~11 | ~66 | ~263 [avatar split clause 573334,73315,33089,92,77591]
573974. c2 != mult(X0,c1) | c3 = X0 | c2 = X0 | c1 = X0 <- (~247) [superposition 64952,1819]
575224. c4 = mult(e,i(mult(c1,i(c3)))) <- (457) [superposition 7259,343275]
575229. c4 = mult(e,mult(c3,i(c1))) <- (11, 66, 457) [forward demodulation 575224,561574]
576019. c3 != mult(op_b,c1) <- (5, ~15) [forward demodulation 109,69]
576042. c2 = mult(c3,c1) <- (11, 38) [forward demodulation 571027,94]
576051. mult(c3,c1) != X0 | mult(c3,X1) = mult(op_a,mult(c3,X1)) | c3 = X0 | c1 = X0 | c2 = mult(op_a,c3) | c2 = X0 | c1 = mult(op_a,c3) <- (2, 5) [forward demodulation 571721,69]
576061. c3 != mult(c3,c1) <- (2, 5, ~15) [forward demodulation 576019,56]
576070. $false <- (11, 38, ~524) [forward subsumption resolution 576042,498520]
576071. ~11 | ~38 | 524 [avatar contradiction clause 576070]
576080. mult(c3,X1) = mult(c1,mult(c3,X1)) | mult(c3,c1) != X0 | c3 = X0 | c1 = X0 | c2 = mult(op_a,c3) | c2 = X0 | c1 = mult(op_a,c3) <- (2, 5) [forward demodulation 576051,69]
576143. c3 = mult(op_a,c3) <- (2, 19) [forward demodulation 146,56]
576162. 37 | 35 | 36 | ~268 [avatar split clause 482889,77591,548,544,552]
576216. c1 = i(c1) <- (5, 545) [forward demodulation 543877,69]
576291. c4 = mult(e,mult(c1,c3)) <- (11, 33, 39, 66) [forward demodulation 571833,1784]
576330. c4 = mult(e,mult(c3,c1)) <- (11, 37, 66, 457) [forward demodulation 575229,554]
576332. c2 = mult(c1,c3) | mult(c3,X1) = mult(c1,mult(c3,X1)) | mult(c3,c1) != X0 | c3 = X0 | c1 = X0 | c2 = X0 | c1 = mult(op_a,c3) <- (2, 5) [forward demodulation 576080,69]
576348. c3 = mult(c1,c3) <- (2, 5, 19) [forward demodulation 576143,69]
576446. c4 = mult(c2,mult(c1,c3)) <- (11, 33, 39, 66) [forward demodulation 576291,94]
576461. c4 = mult(c2,mult(c3,c1)) <- (11, 37, 66, 457) [forward demodulation 576330,94]
576463. mult(c3,X1) = mult(c1,mult(c3,X1)) | mult(c3,c1) != X0 | c3 = X0 | c1 = X0 | c2 = X0 | c1 = mult(op_a,c3) <- (2, 5, ~392) [forward subsumption resolution 576332,275316]
576474. $false <- (2, 5, 19, ~516) [forward subsumption resolution 576348,478177]
576475. ~2 | ~5 | ~19 | 516 [avatar contradiction clause 576474]
576543. c4 = mult(c1,c3) <- (11, 33, 39, 66) [forward demodulation 576446,33090]
576555. c4 = mult(c3,c1) <- (11, 37, 66, 457) [forward demodulation 576461,33090]
576557. c1 = mult(c1,c3) | mult(c3,X1) = mult(c1,mult(c3,X1)) | mult(c3,c1) != X0 | c3 = X0 | c1 = X0 | c2 = X0 <- (2, 5, ~392) [forward demodulation 576463,69]
576595. $false <- (2, 5, 11, ~17, 33, 39, 66) [forward subsumption resolution 576543,348358]
576596. ~2 | ~5 | ~11 | 17 | ~33 | ~39 | ~66 [avatar contradiction clause 576595]
576602. mult(c3,X1) = mult(c1,mult(c3,X1)) | mult(c3,c1) != X0 | c3 = X0 | c1 = X0 | c2 = X0 <- (2, 5, ~391, ~392) [forward subsumption resolution 576557,275312]
576723. 457 | ~11 | ~33 | ~39 | ~51 | ~66 [avatar split clause 157742,33089,3297,1782,344,92,343274]
576993. 513 | ~2 | ~11 | ~66 | ~323 [avatar split clause 367583,142045,33089,92,54,467350]
577007. $false <- (2, 5, 11, 17, 37, 66, 457) [forward subsumption resolution 576555,360602]
577008. ~2 | ~5 | ~11 | ~17 | ~37 | ~66 | ~457 [avatar contradiction clause 577007]
577625. 561 <=> ! [X0] : (mult(c3,c1) != X0 | c2 = X0 | c1 = X0 | c3 = X0) [avatar definition]
577626. mult(c3,c1) != X0 | c2 = X0 | c1 = X0 | c3 = X0 <- (561) [avatar component clause 577625]
577627. 561 | 266 | ~2 | ~5 | 391 | 392 [avatar split clause 576602,275315,275311,67,54,75686,577625]
577637. c4 != X0 | c2 = X0 | c1 = X0 | c3 = X0 <- (11, 37, 66, 457, 561) [forward demodulation 577626,576555]
577638. c2 = X0 | c1 = X0 | c3 = X0 <- (11, 37, 66, 457, 561) [forward subsumption resolution 577637,5]
577639. 55 | ~11 | ~37 | ~66 | ~457 | ~561 [avatar split clause 577638,577625,343274,33089,552,92,5383]
577681. mult(c1,c3) != mult(c3,c1) <- (2, 5) [superposition 544212,69]
577773. mult(e,X0) = mult(c1,mult(c1,X0)) <- (37) [superposition 13,554]
577819. mult(c2,X0) = mult(c1,mult(c1,X0)) <- (11, 37) [forward demodulation 577773,94]
577832. mult(c1,mult(c1,X0)) = X0 <- (11, 37, 66) [forward demodulation 577819,33090]
577895. mult(c1,X0) != X0 | c2 = X0 | c3 = X0 | c1 = X0 <- (5, ~21) [superposition 295471,5]
585334. mult(c3,X0) = mult(e,mult(i(mult(c3,i(c4))),X0)) <- (520) [superposition 7258,479652]
585339. mult(c3,X0) = mult(e,mult(mult(c4,i(c3)),X0)) <- (11, 66, 520) [forward demodulation 585334,561574]
585351. mult(c3,X0) = mult(e,mult(c4,mult(i(c3),X0))) <- (11, 66, 520) [forward demodulation 585339,3]
585355. mult(c3,X0) = mult(e,mult(c4,mult(c4,X0))) <- (11, 66, 513, 520) [forward demodulation 585351,467352]
586163. mult(c4,c3) = mult(c3,c1) <- (184, 457) [superposition 59818,343275]
586351. c4 = mult(c4,c3) <- (11, 37, 66, 184, 457) [forward demodulation 586163,576555]
586395. $false <- (2, 11, ~22, 37, 66, 184, 457) [forward subsumption resolution 586351,324590]
586396. ~2 | ~11 | 22 | ~37 | ~66 | ~184 | ~457 [avatar contradiction clause 586395]
586460. mult(c3,X0) = mult(c2,mult(c4,mult(c4,X0))) <- (11, 66, 513, 520) [forward demodulation 585355,94]
586509. mult(c3,X0) = mult(c4,mult(c4,X0)) <- (11, 66, 513, 520) [forward demodulation 586460,33090]
586536. 184 | ~11 | ~66 | ~513 | ~520 [avatar split clause 586509,479650,467350,33089,92,59817]
586625. c4 = mult(e,i(mult(c4,i(c1)))) <- (56) [superposition 7259,5388]
586634. c4 = mult(e,mult(c1,i(c4))) <- (11, 56, 66) [forward demodulation 586625,561574]
586647. c4 = mult(e,mult(c1,c3)) <- (11, 48, 56, 66) [forward demodulation 586634,2984]
586733. 391 | ~2 | ~5 | ~18 [avatar split clause 364845,140,67,54,275311]
586777. c4 = mult(e,c1) <- (11, 48, 56, 66, 391) [forward demodulation 586647,275313]
586795. c4 = mult(c2,c1) <- (11, 48, 56, 66, 391) [forward demodulation 586777,94]
586803. c1 = c4 <- (11, 48, 56, 66, 391) [forward demodulation 586795,33090]
586808. $false <- (11, 48, 56, 66, 391) [forward subsumption resolution 586803,8]
586809. ~11 | ~48 | ~56 | ~66 | ~391 [avatar contradiction clause 586808]
587077. mult(c4,X0) = mult(c4,mult(c1,X0)) <- (5, 32) [superposition 3,301619]
588139. c1 = mult(e,i(mult(c4,i(c3)))) <- (344) [superposition 7259,171244]
588149. c1 = mult(e,mult(c3,i(c4))) <- (11, 66, 344) [forward demodulation 588139,561574]
588160. c1 = mult(e,mult(c3,c3)) <- (11, 48, 66, 344) [forward demodulation 588149,2984]
588163. c1 = mult(c2,mult(c3,c3)) <- (11, 48, 66, 344) [forward demodulation 588160,94]
588165. c1 = mult(c3,c3) <- (11, 48, 66, 344) [forward demodulation 588163,33090]
588167. $false <- (11, 48, 66, 344, ~474) [forward subsumption resolution 588165,370396]
588168. ~11 | ~48 | ~66 | ~344 | 474 [avatar contradiction clause 588167]
588181. mult(c4,c4) = mult(c4,c3) <- (5, 32, 344) [superposition 587077,171244]
588355. c2 = mult(c4,c4) <- (5, 32, 344, 527) [forward demodulation 588181,511434]
588403. $false <- (5, 32, ~58, 344, 527) [forward subsumption resolution 588355,5728]
588404. ~5 | ~32 | 58 | ~344 | ~527 [avatar contradiction clause 588403]
588769. c4 != X0 | mult(c3,X1) = mult(c1,mult(c3,X1)) | c3 = X0 | c1 = X0 | c2 = mult(c1,c3) | c2 = X0 | c1 = mult(c1,c3) <- (2, 5, ~17) [superposition 348358,619]
588796. mult(c3,X1) = mult(c1,mult(c3,X1)) | c3 = X0 | c1 = X0 | c2 = mult(c1,c3) | c2 = X0 | c1 = mult(c1,c3) <- (2, 5, ~17) [forward subsumption resolution 588769,5]
588797. c2 = c3 | mult(c3,X1) = mult(c1,mult(c3,X1)) | c3 = X0 | c1 = X0 | c2 = X0 | c1 = mult(c1,c3) <- (2, 5, ~17, 516) [forward demodulation 588796,478178]
588798. mult(c3,X1) = mult(c1,mult(c3,X1)) | c3 = X0 | c1 = X0 | c2 = X0 | c1 = mult(c1,c3) <- (2, 5, ~17, 516) [forward subsumption resolution 588797,9]
588799. c1 = c3 | mult(c3,X1) = mult(c1,mult(c3,X1)) | c3 = X0 | c1 = X0 | c2 = X0 <- (2, 5, ~17, 516) [forward demodulation 588798,478178]
588800. mult(c3,X1) = mult(c1,mult(c3,X1)) | c3 = X0 | c1 = X0 | c2 = X0 <- (2, 5, ~17, 516) [forward subsumption resolution 588799,7]
588801. 55 | 266 | ~2 | ~5 | 17 | ~516 [avatar split clause 588800,478176,116,67,54,75686,5383]
588978. c4 = mult(c1,c1) <- (11, 37, 66, 341) [superposition 577832,171231]
589016. c2 = c4 <- (11, 37, 66, 285, 341) [forward demodulation 588978,567340]
589026. $false <- (11, 37, 66, 285, 341) [forward subsumption resolution 589016,10]
589027. ~11 | ~37 | ~66 | ~285 | ~341 [avatar contradiction clause 589026]
589172. 539 | 9 | 10 | 11 | ~13 | ~39 [avatar split clause 22369,1782,100,92,88,84,531940]
589767. c4 != mult(c1,c2) <- (~9, ~10, ~11, 13, 35, ~425) [forward demodulation 302515,13538]
589929. mult(c2,X0) = X0 <- (75) [forward demodulation 572944,6686]
590002. 37 | ~5 | ~545 [avatar split clause 576216,543875,67,552]
590009. $false <- (~11, 379) [forward subsumption resolution 519634,93]
590010. 11 | ~379 [avatar contradiction clause 590009]
590716. e = mult(X1,mult(i(e),X0)) | mult(X0,X1) = c3 | mult(X0,X1) = c2 | mult(X0,X1) = c1 <- (~9, ~10, ~11, 13) [forward demodulation 160350,111807]
591310. mult(X1,i(X0)) = mult(c4,i(mult(X0,i(X1)))) <- (~9, ~10, ~11, 13, 39) [forward demodulation 151091,273375]
592055. 66 | ~75 [avatar split clause 589929,33140,33089]
592773. e = mult(X1,X0) | mult(X0,X1) = c3 | mult(X0,X1) = c2 | mult(X0,X1) = c1 <- (~9, ~10, ~11, 13) [forward demodulation 590716,1309]
593235. mult(X1,i(X0)) = i(mult(X0,i(X1))) <- (~9, ~10, ~11, 13, 39) [forward demodulation 591310,249761]
594331. c4 = mult(X1,X0) | mult(X0,X1) = c3 | mult(X0,X1) = c2 | mult(X0,X1) = c1 <- (~9, ~10, ~11, 13) [forward demodulation 592773,106820]
598390. $false <- (~9, ~10, ~11, 13, 35, ~425, 436) [forward subsumption resolution 589767,308991]
598391. 9 | 10 | 11 | ~13 | ~35 | 425 | ~436 [avatar contradiction clause 598390]
598838. c1 = mult(e,i(mult(c3,i(c4)))) <- (2, 5, 17) [superposition 7259,358337]
598842. c1 = mult(c4,i(mult(c3,i(c4)))) <- (2, 5, ~9, ~10, ~11, 13, 17, 39) [forward demodulation 598838,273375]
598857. c1 = i(mult(c3,i(c4))) <- (2, 5, ~9, ~10, ~11, 13, 17, 39) [forward demodulation 598842,249761]
598869. c1 = mult(c4,i(c3)) <- (2, 5, ~9, ~10, ~11, 13, 17, 39) [forward demodulation 598857,593235]
598878. c1 = i(c3) <- (2, 5, ~9, ~10, ~11, 13, 17, 39) [forward demodulation 598869,249761]
598883. $false <- (2, 5, ~9, ~10, ~11, 13, 17, ~38, 39) [forward subsumption resolution 598878,1779]
598884. ~2 | ~5 | 9 | 10 | 11 | ~13 | ~17 | 38 | ~39 [avatar contradiction clause 598883]
598918. c2 != i(c1) <- (~290, 391) [forward demodulation 116233,275313]
598949. $false <- (35, ~290, 391) [forward subsumption resolution 598918,546]
598950. ~35 | 290 | ~391 [avatar contradiction clause 598949]
598961. c3 = c4 <- (~9, ~10, ~11, 13, 290, 426) [forward demodulation 119850,303901]
598964. $false <- (~9, ~10, ~11, 13, 290, 426) [forward subsumption resolution 598961,11]
598965. 9 | 10 | 11 | ~13 | ~290 | ~426 [avatar contradiction clause 598964]
598994. c2 != mult(c3,c1) <- (2, 5, 392) [forward demodulation 577681,275317]
608516. c1 = mult(e,i(mult(c3,i(c2)))) <- (392) [superposition 7259,275317]
608520. c1 = mult(c4,i(mult(c3,i(c2)))) <- (~9, ~10, ~11, 13, 39, 392) [forward demodulation 608516,273375]
608531. c1 = i(mult(c3,i(c2))) <- (~9, ~10, ~11, 13, 39, 392) [forward demodulation 608520,249761]
608540. c1 = mult(c2,i(c3)) <- (~9, ~10, ~11, 13, 39, 392) [forward demodulation 608531,593235]
608547. c1 = mult(c2,c3) <- (~9, ~10, ~11, 13, 39, 392) [forward demodulation 608540,1784]
608593. c3 = mult(c4,i(mult(c2,c1))) <- (~9, ~10, ~11, 13, 37, 39, 54, 489) [forward demodulation 494326,273375]
608774. c2 = mult(c3,c1) <- (392, 434, 489) [forward demodulation 431987,275317]
608877. c3 = i(mult(c2,c1)) <- (~9, ~10, ~11, 13, 37, 39, 54, 489) [forward demodulation 608593,249761]
608900. $false <- (392, 434, 489, ~524) [forward subsumption resolution 608774,498520]
608901. ~392 | ~434 | ~489 | 524 [avatar contradiction clause 608900]
609962. mult(c1,c4) != X0 | c2 = X0 | c3 = X0 | c1 = X0 | c2 = X0 | c1 = X0 | c3 = X0 <- (5, ~21) [superposition 577895,8646]
609976. mult(c1,c4) != X0 | c2 = X0 | c3 = X0 | c1 = X0 <- (5, ~21) [duplicate literal removal 609962]
609983. c2 = X0 | c3 = X0 | c1 = X0 <- (5, ~21, 430) [forward subsumption resolution 609976,304786]
609989. 55 | ~5 | 21 | ~430 [avatar split clause 609983,304785,153,67,5383]
610053. c3 = c4 | c1 = c4 | c2 = c4 <- (162) [superposition 59318,28]
610223. c1 = c4 | c2 = c4 <- (162) [forward subsumption resolution 610053,11]
610300. c2 = c4 <- (162) [forward subsumption resolution 610223,8]
610383. $false <- (162) [forward subsumption resolution 610300,10]
610384. ~162 [avatar contradiction clause 610383]
610745. c3 != c3 | c3 = X0 | mult(c3,c1) = X0 | c1 = mult(c3,c1) | c2 = X0 | c2 = mult(c3,c1) | c1 = X0 <- (~525) [superposition 498535,30]
610746. c3 = X0 | mult(c3,c1) = X0 | c1 = mult(c3,c1) | c2 = X0 | c2 = mult(c3,c1) | c1 = X0 <- (~525) [trivial inequality removal 610745]
610748. c3 = X0 | c1 = mult(c3,c1) | c2 = X0 | c2 = mult(c3,c1) | c1 = X0 <- (~525, 561) [forward subsumption resolution 610746,577626]
610750. c3 = X0 | c2 = X0 | c2 = mult(c3,c1) | c1 = X0 <- (2, 5, ~14, ~525, 561) [forward subsumption resolution 610748,302190]
610752. c3 = X0 | c2 = X0 | c1 = X0 <- (2, 5, ~14, ~524, ~525, 561) [forward subsumption resolution 610750,498520]
610754. 55 | ~2 | ~5 | 14 | 524 | 525 | ~561 [avatar split clause 610752,577625,498533,498518,104,67,54,5383]
610758. c3 = X0 | mult(c3,c1) = X0 | c2 = X0 | c2 = mult(c3,c1) | c1 = X0 <- (2, 5, ~14, ~525) [forward subsumption resolution 610746,302190]
610763. c3 = X0 | mult(c3,c1) = X0 | c2 = X0 | c1 = X0 <- (2, 5, ~14, ~524, ~525) [forward subsumption resolution 610758,498520]
610768. 473 | ~2 | ~5 | 14 | 524 | 525 [avatar split clause 610763,498533,498518,104,67,54,366099]
610814. $false <- (2, 5, ~15, 525) [forward subsumption resolution 576061,498534]
610815. ~2 | ~5 | 15 | ~525 [avatar contradiction clause 610814]
610923. c4 = mult(c3,c1) | c1 = mult(c3,c3) | c2 = mult(c3,c3) | c3 = mult(c3,c3) <- (473, 520) [superposition 479652,366100]
610943. c4 = mult(c3,c1) | c2 = mult(c3,c3) | c3 = mult(c3,c3) <- (473, ~474, 520) [forward subsumption resolution 610923,370396]
611013. c4 = mult(c3,c1) | c3 = mult(c3,c3) <- (~265, 473, ~474, 520) [forward subsumption resolution 610943,74292]
611067. c4 = mult(c3,c1) <- (~201, ~265, 473, ~474, 520) [forward subsumption resolution 611013,60088]
611374. c3 = mult(e,i(mult(c1,i(c4)))) <- (~201, ~265, 473, ~474, 520) [superposition 7259,611067]
611375. c3 = mult(c4,i(mult(c1,i(c4)))) <- (~9, ~10, ~11, 13, 39, ~201, ~265, 473, ~474, 520) [forward demodulation 611374,273375]
611387. c3 = i(mult(c1,i(c4))) <- (~9, ~10, ~11, 13, 39, ~201, ~265, 473, ~474, 520) [forward demodulation 611375,249761]
611397. c3 = mult(c4,i(c1)) <- (~9, ~10, ~11, 13, 39, ~201, ~265, 473, ~474, 520) [forward demodulation 611387,593235]
611407. c3 = i(c1) <- (~9, ~10, ~11, 13, 39, ~201, ~265, 473, ~474, 520) [forward demodulation 611397,249761]
611412. $false <- (~9, ~10, ~11, 13, ~36, 39, ~201, ~265, 473, ~474, 520) [forward subsumption resolution 611407,549]
611413. 9 | 10 | 11 | ~13 | 36 | ~39 | 201 | 265 | ~473 | 474 | ~520 [avatar contradiction clause 611412]
613998. c2 = mult(c1,c1) <- (~9, ~10, ~11, 13, 37, 285) [superposition 109700,114846]
614273. c3 != c3 | c1 = c3 | c2 = c3 | c1 = mult(c3,c3) <- (39, 530) [superposition 519240,1784]
614276. c1 = c3 | c2 = c3 | c1 = mult(c3,c3) <- (39, 530) [trivial inequality removal 614273]
614278. c2 = c3 | c1 = mult(c3,c3) <- (39, 530) [forward subsumption resolution 614276,7]
614280. c1 = mult(c3,c3) <- (39, 530) [forward subsumption resolution 614278,9]
614282. $false <- (39, ~474, 530) [forward subsumption resolution 614280,370396]
614283. ~39 | 474 | ~530 [avatar contradiction clause 614282]
614292. mult(c2,X0) = mult(c1,mult(c1,X0)) <- (~9, ~10, ~11, 13, 37, 285) [superposition 3,613998]
614313. mult(c2,X0) = X0 <- (~9, ~10, ~11, 13, 37, 285) [forward demodulation 614292,109700]
614326. 66 | 9 | 10 | 11 | ~13 | ~37 | ~285 [avatar split clause 614313,114844,552,100,92,88,84,33089]
614384. c2 = c3 <- (40, 54) [forward demodulation 556745,5325]
614866. mult(X1,i(X0)) = mult(c4,i(mult(X0,i(X1)))) <- (~9, ~10, ~11, 13) [forward demodulation 151091,106820]
615945. $false <- (40, 54) [forward subsumption resolution 614384,9]
615946. ~40 | ~54 [avatar contradiction clause 615945]
616282. mult(X1,i(X0)) = i(mult(X0,i(X1))) <- (~9, ~10, ~11, 13) [forward demodulation 614866,249761]
619451. ~524 | ~2 | ~5 | ~392 [avatar split clause 598994,275315,67,54,498518]
622014. c2 = mult(c1,c3) <- (~9, ~10, ~11, 13, 37, 400) [superposition 109700,276671]
623032. c1 = mult(e,i(mult(c3,i(c2)))) <- (392) [superposition 7259,275317]
623035. c1 = mult(e,mult(c2,i(c3))) <- (~9, ~10, ~11, 13, 392) [forward demodulation 623032,616282]
623043. c1 = mult(c2,i(c3)) <- (~9, ~10, ~11, 13, 392) [forward demodulation 623035,7870]
623046. c1 = mult(c2,c2) <- (~9, ~10, ~11, 13, 40, 392) [forward demodulation 623043,1788]
623048. $false <- (~9, ~10, ~11, 13, 40, ~67, 392) [forward subsumption resolution 623046,33095]
623049. 9 | 10 | 11 | ~13 | ~40 | 67 | ~392 [avatar contradiction clause 623048]
623054. c2 = mult(c3,c1) <- (~9, ~10, ~11, 13, 53, 67) [forward demodulation 112719,5321]
623062. $false <- (~9, ~10, ~11, 13, 53, 67, ~524) [forward subsumption resolution 623054,498520]
623063. 9 | 10 | 11 | ~13 | ~53 | ~67 | 524 [avatar contradiction clause 623062]
623250. $false <- (~11, 38, 524) [forward subsumption resolution 571040,93]
623251. 11 | ~38 | ~524 [avatar contradiction clause 623250]
623421. c3 = i(c1) <- (5, 546) [forward demodulation 543881,69]
624254. 392 | 9 | 10 | 11 | ~13 | ~37 | ~400 [avatar split clause 622014,276670,552,100,92,88,84,275315]
624556. $false <- (5, ~36, 546) [forward subsumption resolution 623421,549]
624557. ~5 | 36 | ~546 [avatar contradiction clause 624556]
624953. c3 = mult(e,mult(c3,i(c1))) <- (~9, ~10, ~11, 13, 400, 402, 489) [forward demodulation 435795,616282]
625076. c3 = mult(c3,i(c1)) <- (~9, ~10, ~11, 13, 400, 402, 489) [forward demodulation 624953,7870]
625111. c3 = mult(c3,c1) <- (~9, ~10, ~11, 13, 37, 400, 402, 489) [forward demodulation 625076,554]
625130. c2 = c3 <- (~9, ~10, ~11, 13, 37, 400, 402, 489, 524) [forward demodulation 625111,498519]
625139. $false <- (~9, ~10, ~11, 13, 37, 400, 402, 489, 524) [forward subsumption resolution 625130,9]
625140. 9 | 10 | 11 | ~13 | ~37 | ~400 | ~402 | ~489 | ~524 [avatar contradiction clause 625139]
626480. mult(op_a,op_b) != mult(c2,c3) | mult(op_b,op_a) = c1 | mult(op_b,op_a) = c2 | mult(op_b,op_a) = c3 <- (353) [superposition 4,183759]
626511. mult(op_a,op_b) != c4 | mult(op_b,op_a) = c1 | mult(op_b,op_a) = c2 | mult(op_b,op_a) = c3 <- (~9, ~10, ~11, 13, 40, 353) [forward demodulation 626480,106524]
626582. mult(op_b,op_a) = c1 | mult(op_b,op_a) = c2 | mult(op_b,op_a) = c3 <- (~9, ~10, ~11, 13, 40, 353) [forward subsumption resolution 626511,594331]
626639. c1 = mult(op_b,c1) | mult(op_b,op_a) = c2 | mult(op_b,op_a) = c3 <- (5, ~9, ~10, ~11, 13, 40, 353) [forward demodulation 626582,69]
626686. c1 = mult(c2,c1) | mult(op_b,op_a) = c2 | mult(op_b,op_a) = c3 <- (3, 5, ~9, ~10, ~11, 13, 40, 353) [forward demodulation 626639,60]
626719. mult(op_b,op_a) = c2 | mult(op_b,op_a) = c3 <- (3, 5, ~9, ~10, ~11, 13, 40, 353, ~433) [forward subsumption resolution 626686,308979]
626735. c2 = mult(op_b,c1) | mult(op_b,op_a) = c3 <- (3, 5, ~9, ~10, ~11, 13, 40, 353, ~433) [forward demodulation 626719,69]
626745. c2 = mult(c2,c1) | mult(op_b,op_a) = c3 <- (3, 5, ~9, ~10, ~11, 13, 40, 353, ~433) [forward demodulation 626735,60]
626753. mult(op_b,op_a) = c3 <- (3, 5, ~9, ~10, ~11, 13, 40, 353, ~402, ~433) [forward subsumption resolution 626745,276683]
626761. c3 = mult(op_b,c1) <- (3, 5, ~9, ~10, ~11, 13, 40, 353, ~402, ~433) [forward demodulation 626753,69]
626766. c3 = mult(c2,c1) <- (3, 5, ~9, ~10, ~11, 13, 40, 353, ~402, ~433) [forward demodulation 626761,60]
626769. $false <- (3, 5, ~9, ~10, ~11, 13, 40, 353, ~402, ~433, ~434) [forward subsumption resolution 626766,308983]
626770. ~3 | ~5 | 9 | 10 | 11 | ~13 | ~40 | ~353 | 402 | 433 | 434 [avatar contradiction clause 626769]
626830. 360 | 9 | 10 | 11 | ~13 | ~39 | ~392 [avatar split clause 608547,275315,1782,100,92,88,84,185394]
628277. c2 = mult(e,i(mult(c3,i(c1)))) <- (360) [superposition 7259,185396]
628280. c2 = mult(e,mult(c1,i(c3))) <- (~9, ~10, ~11, 13, 360) [forward demodulation 628277,616282]
628289. c2 = mult(c1,i(c3)) <- (~9, ~10, ~11, 13, 360) [forward demodulation 628280,7870]
628388. c3 = mult(e,i(mult(c3,i(c4)))) <- (520) [superposition 7259,479652]
628389. c3 = mult(e,mult(c4,i(c3))) <- (~9, ~10, ~11, 13, 520) [forward demodulation 628388,616282]
628400. c3 = mult(c4,i(c3)) <- (~9, ~10, ~11, 13, 520) [forward demodulation 628389,7870]
628409. c3 = i(c3) <- (~9, ~10, ~11, 13, 520) [forward demodulation 628400,249761]
632670. mult(c2,c1) = mult(e,i(c3)) <- (~9, ~10, ~11, 13, 37, 39, 54, 489) [superposition 6450,608877]
632717. mult(c2,c1) = mult(e,c3) <- (~9, ~10, ~11, 13, 37, 39, 54, 489) [forward demodulation 632670,1784]
632744. mult(c4,c3) = mult(c2,c1) <- (~9, ~10, ~11, 13, 37, 39, 54, 489) [forward demodulation 632717,106820]
632765. mult(c3,c4) = mult(c2,c1) <- (~9, ~10, ~11, 13, 37, 39, 54, 489) [forward demodulation 632744,249823]
632783. c3 = mult(c2,c1) <- (~9, ~10, ~11, 12, 13, 37, 39, 54, 489) [forward demodulation 632765,97]
632788. $false <- (~9, ~10, ~11, 12, 13, 37, 39, 54, ~434, 489) [forward subsumption resolution 632783,308983]
632789. 9 | 10 | 11 | ~12 | ~13 | ~37 | ~39 | ~54 | 434 | ~489 [avatar contradiction clause 632788]
633011. e = mult(X0,mult(X1,c1)) | c3 = X2 | mult(X0,X1) = X2 | c1 = X2 | mult(X0,X1) = c2 | c2 = X2 | mult(X0,X1) = c1 <- (38) [forward demodulation 618,1780]
633098. c2 = mult(c1,c1) <- (~9, ~10, ~11, 13, 38, 360) [forward demodulation 628289,1780]
633567. c3 != c3 | c1 = c3 | c2 = c3 | c4 = mult(c1,c3) <- (36, 521) [superposition 480155,550]
633574. c1 = c3 | c2 = c3 | c4 = mult(c1,c3) <- (36, 521) [trivial inequality removal 633567]
634488. c3 = mult(e,i(mult(c3,i(c2)))) <- (265) [superposition 7259,74293]
634491. c3 = mult(e,mult(c2,i(c3))) <- (~9, ~10, ~11, 13, 265) [forward demodulation 634488,616282]
634501. c3 = mult(c2,i(c3)) <- (~9, ~10, ~11, 13, 265) [forward demodulation 634491,7870]
634511. c3 = mult(c2,c1) <- (~9, ~10, ~11, 13, 38, 265) [forward demodulation 634501,1780]
634519. $false <- (~9, ~10, ~11, 13, 38, 265, ~434) [forward subsumption resolution 634511,308983]
634520. 9 | 10 | 11 | ~13 | ~38 | ~265 | 434 [avatar contradiction clause 634519]
634869. c2 = mult(e,i(mult(c3,i(X0)))) | c1 = X0 | c2 = X0 | c3 = X0 <- (353) [superposition 7259,183759]
634975. c2 = mult(e,mult(X0,i(c3))) | c1 = X0 | c2 = X0 | c3 = X0 <- (~9, ~10, ~11, 13, 353) [forward demodulation 634869,616282]
635014. c2 = mult(X0,i(c3)) | c1 = X0 | c2 = X0 | c3 = X0 <- (~9, ~10, ~11, 13, 353) [forward demodulation 634975,7870]
635046. c2 = mult(X0,c1) | c1 = X0 | c2 = X0 | c3 = X0 <- (~9, ~10, ~11, 13, 38, 353) [forward demodulation 635014,1780]
635059. c1 = X0 | c2 = X0 | c3 = X0 <- (~9, ~10, ~11, 13, 38, ~247, 353) [forward subsumption resolution 635046,573974]
635069. 55 | 9 | 10 | 11 | ~13 | ~38 | 247 | ~353 [avatar split clause 635059,183758,64951,1778,100,92,88,84,5383]
635688. c4 != c4 | c2 = mult(c3,c3) | c3 = mult(c3,c3) | c1 = mult(c3,c3) <- (~520) [superposition 479651,5]
635689. c2 = mult(c3,c3) | c3 = mult(c3,c3) | c1 = mult(c3,c3) <- (~520) [trivial inequality removal 635688]
635692. c3 = mult(c3,c3) | c1 = mult(c3,c3) <- (~265, ~520) [forward subsumption resolution 635689,74292]
635693. c1 = mult(c3,c3) <- (~201, ~265, ~520) [forward subsumption resolution 635692,60088]
635694. $false <- (~201, ~265, ~474, ~520) [forward subsumption resolution 635693,370396]
635695. 201 | 265 | 474 | 520 [avatar contradiction clause 635694]
637388. c3 = mult(e,i(mult(c3,i(c1)))) <- (474) [superposition 7259,370397]
637390. c3 = mult(e,mult(c1,i(c3))) <- (~9, ~10, ~11, 13, 474) [forward demodulation 637388,616282]
637400. c3 = mult(c1,i(c3)) <- (~9, ~10, ~11, 13, 474) [forward demodulation 637390,7870]
637410. c3 = mult(c1,c1) <- (~9, ~10, ~11, 13, 38, 474) [forward demodulation 637400,1780]
637418. c2 = c3 <- (~9, ~10, ~11, 13, 38, 360, 474) [forward demodulation 637410,633098]
637424. $false <- (~9, ~10, ~11, 13, 38, 360, 474) [forward subsumption resolution 637418,9]
637425. 9 | 10 | 11 | ~13 | ~38 | ~360 | ~474 [avatar contradiction clause 637424]
637434. c1 = c3 <- (~9, ~10, ~11, 13, 38, 520) [forward demodulation 628409,1780]
637444. $false <- (~9, ~10, ~11, 13, 38, 520) [forward subsumption resolution 637434,7]
637445. 9 | 10 | 11 | ~13 | ~38 | ~520 [avatar contradiction clause 637444]
638030. mult(c2,X0) = mult(X1,mult(c4,X0)) | c2 = i(X1) | c3 = i(X1) | c1 = i(X1) <- (11) [forward demodulation 299,94]
638122. c2 = mult(X0,c4) | c2 = mult(X1,i(mult(X0,X1))) | c3 = mult(X1,i(mult(X0,X1))) | c1 = mult(X1,i(mult(X0,X1))) <- (11) [forward demodulation 449,94]
639346. mult(X1,i(X0)) = mult(c2,i(mult(X0,i(X1)))) <- (11) [forward demodulation 151091,94]
639570. c2 = mult(X0,mult(X1,c1)) | mult(X0,X1) = X2 | c3 = X2 | c1 = X2 | mult(X0,X1) = c2 | c2 = X2 | mult(X0,X1) = c1 <- (11, 38) [forward demodulation 633011,94]
639609. c2 = c3 | c4 = mult(c1,c3) <- (36, 521) [forward subsumption resolution 633574,7]
639941. mult(X1,mult(c4,X0)) = X0 | c2 = i(X1) | c3 = i(X1) | c1 = i(X1) <- (11, 66) [forward demodulation 638030,33090]
640021. i(X0) = c2 | c2 = mult(X0,c4) | c3 = mult(X1,i(mult(X0,X1))) | c1 = mult(X1,i(mult(X0,X1))) <- (11) [forward demodulation 638122,132045]
640959. mult(X1,i(X0)) = i(mult(X0,i(X1))) <- (11, 66) [forward demodulation 639346,33090]
641171. c4 = mult(c1,c3) <- (36, 521) [forward subsumption resolution 639609,9]
641400. i(X0) = c3 | i(X0) = c2 | c2 = mult(X0,c4) | c1 = mult(X1,i(mult(X0,X1))) <- (11) [forward demodulation 640021,132045]
642104. c2 = c4 <- (36, 392, 521) [forward demodulation 641171,275317]
642215. c2 = mult(X0,c4) | i(X0) = c3 | i(X0) = c2 | i(X0) = c1 <- (11) [forward demodulation 641400,132045]
642691. $false <- (36, 392, 521) [forward subsumption resolution 642104,10]
642692. ~36 | ~392 | ~521 [avatar contradiction clause 642691]
644765. c2 != c2 | c3 = i(c3) | c2 = i(c3) | c1 = i(c3) <- (11, ~42) [superposition 2291,642215]
644772. c3 = i(c3) | c2 = i(c3) | c1 = i(c3) <- (11, ~42) [trivial inequality removal 644765]
648928. c3 = mult(e,i(mult(c4,i(c1)))) <- (311) [superposition 7259,132896]
648932. c3 = mult(e,mult(c1,i(c4))) <- (11, 66, 311) [forward demodulation 648928,640959]
648948. c3 = mult(e,mult(c1,c4)) <- (~1, ~2, ~3, 8, 11, 27, 54, 66, 75, 311) [forward demodulation 648932,141429]
649791. c4 != X0 | c2 = mult(c3,mult(c4,c1)) | c3 = X0 | c1 = X0 | c2 = mult(c3,c4) | c2 = X0 | c1 = mult(c3,c4) <- (11, 38, ~469) [superposition 365494,639570]
650084. c2 = mult(c3,mult(c4,c1)) | c3 = X0 | c1 = X0 | c2 = mult(c3,c4) | c2 = X0 | c1 = mult(c3,c4) <- (11, 38, ~469) [forward subsumption resolution 649791,5]
651911. c1 = mult(e,i(mult(c3,i(c2)))) <- (392) [superposition 7259,275317]
651915. c1 = mult(e,mult(c2,i(c3))) <- (11, 66, 392) [forward demodulation 651911,640959]
651925. c1 = mult(e,i(c3)) <- (11, 66, 392) [forward demodulation 651915,33090]
652311. c1 = mult(c4,c4) <- (~1, ~2, ~3, 5, 8, 27, 32, 66) [superposition 170910,301619]
652504. $false <- (~1, ~2, ~3, 5, 8, 27, 32, ~56, 66) [forward subsumption resolution 652311,5387]
652505. 1 | 2 | 3 | ~5 | ~8 | ~27 | ~32 | 56 | ~66 [avatar contradiction clause 652504]
652677. c3 = mult(e,c1) <- (~1, ~2, ~3, 8, 11, 27, 54, 66, 75, 311, 341) [forward demodulation 648948,171231]
652723. c3 = mult(c2,c1) <- (~1, ~2, ~3, 8, 11, 27, 54, 66, 75, 311, 341) [forward demodulation 652677,94]
652734. $false <- (~1, ~2, ~3, 8, 11, 27, 54, 66, 75, 311, 341, ~434) [forward subsumption resolution 652723,308983]
652735. 1 | 2 | 3 | ~8 | ~11 | ~27 | ~54 | ~66 | ~75 | ~311 | ~341 | 434 [avatar contradiction clause 652734]
652746. c2 = mult(c3,mult(c4,c1)) | c3 = X0 | c1 = X0 | c2 = X0 | c1 = mult(c3,c4) <- (11, 38, ~42, ~469) [forward subsumption resolution 650084,2291]
652747. c2 = mult(c3,mult(c4,c1)) | c3 = X0 | c1 = X0 | c2 = X0 <- (11, 38, ~42, ~311, ~469) [forward subsumption resolution 652746,132895]
652748. c2 = mult(c3,c3) | c3 = X0 | c1 = X0 | c2 = X0 <- (11, 38, ~42, ~311, 457, ~469) [forward demodulation 652747,343275]
652749. c3 = X0 | c1 = X0 | c2 = X0 <- (11, 38, ~42, ~265, ~311, 457, ~469) [forward subsumption resolution 652748,74292]
652750. 55 | ~11 | ~38 | 42 | 265 | 311 | ~457 | 469 [avatar split clause 652749,365493,343274,132894,74291,2290,1778,92,5383]
653059. c2 = c4 | c3 = X0 | c2 = X0 | c1 = X0 <- (11, 37, 66, 184, 264, 457) [forward demodulation 432923,586351]
653212. c3 = i(c3) | c2 = i(c3) <- (11, ~38, ~42) [forward subsumption resolution 644772,1779]
653243. c1 = mult(e,c4) <- (11, 66, 392, 513) [forward demodulation 651925,467352]
653480. c3 = X0 | c2 = X0 | c1 = X0 <- (11, 37, 66, 184, 264, 457) [forward subsumption resolution 653059,10]
653595. c3 = c4 | c2 = i(c3) <- (11, ~38, ~42, 513) [forward demodulation 653212,467352]
653618. c1 = mult(c2,c4) <- (11, 66, 392, 513) [forward demodulation 653243,94]
653756. 55 | ~11 | ~37 | ~66 | ~184 | ~264 | ~457 [avatar split clause 653480,343274,73318,59817,33089,552,92,5383]
653834. c2 = i(c3) <- (11, ~38, ~42, 513) [forward subsumption resolution 653595,11]
653851. $false <- (11, 66, ~146, 392, 513) [forward subsumption resolution 653618,54770]
653852. ~11 | ~66 | 146 | ~392 | ~513 [avatar contradiction clause 653851]
653982. 40 | ~11 | 38 | 42 | ~513 [avatar split clause 653834,467350,2290,1778,92,1786]
654454. e = mult(c1,mult(c4,i(c4))) <- (~1, ~2, ~3, 5, 8, 17) [superposition 18,296060]
654489. e = mult(c1,e) <- (~1, ~2, ~3, 5, 8, 17) [forward demodulation 654454,1]
654501. e = c1 <- (~1, ~2, ~3, 5, 8, 17) [forward demodulation 654489,2]
654509. $false <- (~1, ~2, ~3, 5, 8, ~9, 17) [forward subsumption resolution 654501,85]
654510. 1 | 2 | 3 | ~5 | ~8 | 9 | ~17 [avatar contradiction clause 654509]
654533. 457 | ~1 | 22 | 247 | 309 [avatar split clause 307055,127781,64951,158,50,343274]
654552. 28 | ~4 | ~31 [avatar split clause 546999,245,62,219]
654556. c4 = mult(c2,i(c4)) <- (4, 11, 28, ~47, ~48, ~49, 66, 75) [forward demodulation 571309,94]
654577. ~48 | 5 | 6 | 7 | 546 [avatar split clause 546361,543879,75,71,67,2982]
654887. c3 != mult(op_a,c1) | op_b = mult(c4,c4) | mult(op_b,op_a) = c2 | mult(op_b,op_a) = c1 | c2 = i(op_a) | c3 = i(op_a) | c1 = i(op_a) <- (1) [forward demodulation 12765,52]
654897. c4 = i(c4) <- (4, 11, 28, ~47, ~48, ~49, 66, 75) [forward demodulation 654556,33090]
655090. op_b = mult(c4,c4) | mult(op_b,op_a) = c2 | mult(op_b,op_a) = c1 | c2 = i(op_a) | c3 = i(op_a) | c1 = i(op_a) <- (1, 19) [forward subsumption resolution 654887,422]
655223. op_b = c2 | mult(op_b,op_a) = c2 | mult(op_b,op_a) = c1 | c2 = i(op_a) | c3 = i(op_a) | c1 = i(op_a) <- (1, 19, 58) [forward demodulation 655090,5729]
655283. mult(op_b,op_a) = c2 | mult(op_b,op_a) = c1 | c2 = i(op_a) | c3 = i(op_a) | c1 = i(op_a) <- (1, ~3, 19, 58) [forward subsumption resolution 655223,59]
655333. c2 = mult(op_b,c4) | mult(op_b,op_a) = c1 | c2 = i(op_a) | c3 = i(op_a) | c1 = i(op_a) <- (1, ~3, 4, 19, 28, ~47, ~48, ~49, 58, 75) [forward demodulation 655283,565703]
655367. c2 = mult(c1,c4) | mult(op_b,op_a) = c1 | c2 = i(op_a) | c3 = i(op_a) | c1 = i(op_a) <- (1, ~3, 4, 19, 28, ~47, ~48, ~49, 58, 75) [forward demodulation 655333,52]
655398. mult(op_b,op_a) = c1 | c2 = i(op_a) | c3 = i(op_a) | c1 = i(op_a) <- (1, ~3, 4, 19, 28, ~47, ~48, ~49, 58, 75, ~343) [forward subsumption resolution 655367,171240]
655410. c1 = mult(op_b,c4) | c2 = i(op_a) | c3 = i(op_a) | c1 = i(op_a) <- (1, ~3, 4, 19, 28, ~47, ~48, ~49, 58, 75, ~343) [forward demodulation 655398,565703]
655420. c1 = mult(c1,c4) | c2 = i(op_a) | c3 = i(op_a) | c1 = i(op_a) <- (1, ~3, 4, 19, 28, ~47, ~48, ~49, 58, 75, ~343) [forward demodulation 655410,52]
655429. c2 = i(op_a) | c3 = i(op_a) | c1 = i(op_a) <- (1, ~3, 4, 19, 28, ~47, ~48, ~49, 58, 75, ~341, ~343) [forward subsumption resolution 655420,171232]
655430. c2 = i(c4) | c3 = i(op_a) | c1 = i(op_a) <- (1, ~3, 4, 19, 28, ~47, ~48, ~49, 58, 75, ~341, ~343) [forward demodulation 655429,565703]
655431. c3 = i(op_a) | c1 = i(op_a) <- (1, ~3, 4, 19, 28, ~47, ~48, ~49, 58, 75, ~341, ~343) [forward subsumption resolution 655430,2987]
655432. c3 = i(c4) | c1 = i(op_a) <- (1, ~3, 4, 19, 28, ~47, ~48, ~49, 58, 75, ~341, ~343) [forward demodulation 655431,565703]
655433. c1 = i(op_a) <- (1, ~3, 4, 19, 28, ~47, ~48, ~49, 58, 75, ~341, ~343) [forward subsumption resolution 655432,2983]
655434. c1 = i(c4) <- (1, ~3, 4, 19, 28, ~47, ~48, ~49, 58, 75, ~341, ~343) [forward demodulation 655433,565703]
655435. $false <- (1, ~3, 4, 19, 28, ~47, ~48, ~49, 58, 75, ~341, ~343) [forward subsumption resolution 655434,2979]
655436. ~1 | 3 | ~4 | ~19 | ~28 | 47 | 48 | 49 | ~58 | ~75 | 341 | 343 [avatar contradiction clause 655435]
657107. c4 = mult(X0,c2) | i(X0) = c2 | i(X0) = c3 | i(X0) = c1 <- (11, 58, 66) [superposition 639941,5729]
657143. c4 = X0 | i(X0) = c2 | i(X0) = c3 | i(X0) = c1 <- (11, 58, 66, 75) [forward demodulation 657107,33141]
658989. c1 = mult(c4,c4) <- (1, 4, 22, 28, ~47, ~48, ~49, 66, 75) [superposition 571300,1066]
658990. c3 = mult(c4,X0) | c1 = X0 | c2 = X0 | c3 = X0 <- (4, 28, ~47, ~48, ~49, 66, 75, 528) [superposition 571300,511463]
659195. c1 = X0 | c2 = X0 | c3 = X0 <- (4, 28, ~47, ~48, ~49, 66, 75, 165, 528) [forward subsumption resolution 658990,59331]
659196. $false <- (1, 4, 22, 28, ~47, ~48, ~49, ~56, 66, 75) [forward subsumption resolution 658989,5387]
659197. ~1 | ~4 | ~22 | ~28 | 47 | 48 | 49 | 56 | ~66 | ~75 [avatar contradiction clause 659196]
659258. 55 | ~4 | ~28 | 47 | 48 | 49 | ~66 | ~75 | ~165 | ~528 [avatar split clause 659195,511462,59330,33140,33089,2986,2982,2978,219,62,5383]
659358. 55 | 527 | ~264 [avatar split clause 557232,73318,511432,5383]
659359. mult(c4,c2) = mult(c4,mult(c4,c3)) <- (4, 28, ~47, ~48, ~49, 75, 264) [forward demodulation 557283,565703]
659554. 268 | ~11 | ~58 | ~66 | ~75 [avatar split clause 657143,33140,33089,5727,92,77591]
659725. c3 = mult(c4,c2) <- (4, 28, ~47, ~48, ~49, 66, 75, 264) [forward demodulation 659359,571300]
659930. c3 = c4 <- (4, 28, ~47, ~48, ~49, 66, 75, 264) [forward demodulation 659725,33141]
660055. $false <- (4, 28, ~47, ~48, ~49, 66, 75, 264) [forward subsumption resolution 659930,11]
660056. ~4 | ~28 | 47 | 48 | 49 | ~66 | ~75 | ~264 [avatar contradiction clause 660055]
661757. c3 = mult(e,i(mult(c4,i(c1)))) <- (311) [superposition 7259,132896]
661762. c3 = mult(e,mult(c1,i(c4))) <- (11, 66, 311) [forward demodulation 661757,640959]
661773. c3 = mult(e,mult(c1,c4)) <- (4, 11, 28, ~47, ~48, ~49, 66, 75, 311) [forward demodulation 661762,654897]
661782. c3 = mult(e,c1) <- (4, 11, 28, ~47, ~48, ~49, 66, 75, 311, 341) [forward demodulation 661773,171231]
661789. c3 = mult(c2,c1) <- (4, 11, 28, ~47, ~48, ~49, 66, 75, 311, 341) [forward demodulation 661782,94]
661795. $false <- (4, 11, 28, ~47, ~48, ~49, 66, 75, 311, 341, ~434) [forward subsumption resolution 661789,308983]
661796. ~4 | ~11 | ~28 | 47 | 48 | 49 | ~66 | ~75 | ~311 | ~341 | 434 [avatar contradiction clause 661795]
s1. ~4 | 1 | 2 | 3 [sat_conversion 65]
s2. ~8 | 5 | 6 | 7 [sat_conversion 82]
s3. 9 | 10 | 11 | 12 [sat_conversion 98]
s4. 9 | 10 | 11 | 13 [sat_conversion 102]
s5. ~17 | 14 | 15 | 16 [sat_conversion 119]
s6. 17 | 18 | 19 | 20 [sat_conversion 151]
s7. ~21 | 1 | 2 | 3 | 17 [sat_conversion 156]
s8. ~22 | 5 | 6 | 7 | 17 [sat_conversion 161]
s9. ~14 | 5 | 6 | 7 | 23 [sat_conversion 172]
s11. ~23 | 5 | 6 | 7 | 14 [sat_conversion 181]
s13. ~15 | 5 | 6 | 7 | 25 [sat_conversion 194]
s15. ~25 | 5 | 6 | 7 | 15 [sat_conversion 203]
s17. ~16 | 5 | 6 | 7 | 27 [sat_conversion 217]
s19. ~27 | 5 | 6 | 7 | 16 [sat_conversion 226]
s20. ~28 | 1 | 2 | 3 | 16 [sat_conversion 227]
s21. ~32 | 4 | 29 | 30 | 31 [sat_conversion 252]
s22. 4 | 5 | 6 | 7 [sat_conversion 253]
s23. ~4 | 24 | 26 | 28 | 32 [sat_conversion 272]
s25. ~18 | ~2 | 5 | 6 | 7 | 33 [sat_conversion 347]
s26. ~18 | ~14 [sat_conversion 351]
s51. ~38 | ~9 [sat_conversion 1972]
s73. ~49 | ~9 | 34 [sat_conversion 3054]
s74. ~49 | ~40 | ~9 [sat_conversion 3056]
s76. ~47 | ~9 [sat_conversion 3217]
s91. ~9 | ~1 [sat_conversion 5154]
s93. ~9 | ~5 | 32 [sat_conversion 5170]
s99. ~50 | ~9 | 52 | 53 | 54 [sat_conversion 5327]
s102. ~9 | 47 | 48 | 49 | 55 | 56 [sat_conversion 5390]
s104. ~5 | ~1 [sat_conversion 5573]
s115. ~11 | 47 | 48 | 49 | 55 | 58 [sat_conversion 5731]
s129. ~10 | 45 [sat_conversion 6029]
s154. ~26 | ~12 | ~4 | 6 [sat_conversion 6566]
s157. ~52 | ~37 [sat_conversion 6696]
s164. ~12 | 13 [sat_conversion 8390]
s165. ~35 | ~11 | 9 [sat_conversion 8527]
s168. ~32 | ~11 | ~4 | 7 [sat_conversion 8682]
s172. ~49 | ~11 [sat_conversion 8787]
s190. ~45 | ~11 [sat_conversion 9979]
s195. ~52 | ~11 [sat_conversion 10007]
s198. ~12 | ~1 | 23 [sat_conversion 10165]
s210. ~45 | ~10 | ~6 | ~1 [sat_conversion 11134]
s236. ~19 | ~14 | ~6 | ~1 | 10 [sat_conversion 12369]
s237. ~55 [sat_conversion 23212]
s257. ~12 | 46 [sat_conversion 24440]
s479. ~38 | ~35 | ~13 | 9 | 10 | 11 [sat_conversion 50626]
s481. ~52 | ~38 [sat_conversion 50630]
s498. ~49 | ~13 | 11 [sat_conversion 51396]
s509. ~14 | ~13 | ~6 | ~1 | 9 | 10 | 11 [sat_conversion 52179]
s523. ~26 | ~6 | 12 [sat_conversion 54743]
s656. ~146 | ~11 | 55 [sat_conversion 62064]
s693. ~23 | ~11 | ~8 | ~1 [sat_conversion 63426]
s732. ~58 | ~56 [sat_conversion 64882]
s736. ~50 | ~11 | 55 [sat_conversion 64901]
s767. ~160 | ~58 [sat_conversion 65439]
s772. ~147 | ~11 | 259 [sat_conversion 65524]
s780. ~11 | 75 [sat_conversion 66131]
s781. ~11 | 66 [sat_conversion 66132]
s784. ~53 | ~11 | 45 [sat_conversion 66134]
s786. ~66 | ~39 | ~36 | ~11 [sat_conversion 66274]
s789. ~47 | ~11 | 247 [sat_conversion 66397]
s806. ~75 | ~11 | 56 | 58 | 130 | 160 [sat_conversion 71854]
s807. 55 | 56 | 58 | 184 | 202 [sat_conversion 71929]
s827. ~66 | ~11 | 47 | 49 | 263 | 264 [sat_conversion 73320]
s828. ~6 | ~4 | ~1 | 21 | 25 | 26 | 28 | 47 | 48 | 49 | 55 [sat_conversion 73323]
s873. ~14 | ~6 | ~1 | 23 | 38 | 39 | 40 | 55 [sat_conversion 74284]
s885. ~66 | ~40 | ~11 | 77 [sat_conversion 74578]
s888. ~66 | ~47 | ~38 | ~11 | 50 [sat_conversion 75208]
s891. ~48 | ~38 | ~11 [sat_conversion 75226]
s892. ~253 | ~48 | 265 [sat_conversion 75229]
s894. ~66 | ~38 | ~37 | ~11 [sat_conversion 75238]
s905. ~66 | ~47 | ~37 | ~11 [sat_conversion 75637]
s912. ~17 | ~6 | ~1 | 14 | 16 | 55 | 266 [sat_conversion 75688]
s928. ~130 | ~66 | ~11 | 55 | 271 [sat_conversion 79610]
s949. ~19 | ~6 | ~1 | 14 | 16 | 38 | 39 | 40 | 56 [sat_conversion 84267]
s954. ~19 | ~6 | ~1 | 17 | 18 | 55 | 274 [sat_conversion 84471]
s972. ~37 | ~36 [sat_conversion 87846]
s976. ~18 | ~6 | ~1 | 10 [sat_conversion 88042]
s979. ~66 | ~20 | ~6 | ~1 | 36 [sat_conversion 88063]
s981. ~36 | ~11 | ~6 | ~1 | 16 [sat_conversion 88122]
s983. ~48 | ~36 | ~11 | 146 [sat_conversion 88128]
s1034. ~15 | ~6 | ~1 | 9 [sat_conversion 89225]
s1069. ~38 | ~13 | ~6 | ~1 | 9 | 10 | 11 | 17 [sat_conversion 89665]
s1154. ~12 | 147 [sat_conversion 96812]
s1155. ~23 | ~16 | ~13 | ~8 | ~6 | ~1 | 9 | 10 | 11 | 18 | 19 [sat_conversion 97100]
s1191. ~13 | ~8 | ~1 | 9 | 35 | 36 | 37 [sat_conversion 98514]
s1206. ~13 | ~12 | 251 [sat_conversion 108119]
s1224. ~53 | ~20 | ~13 | ~6 | ~1 | 9 | 10 | 11 | 14 | 16 | 48 | 55 | 266 [sat_conversion 113877]
s1238. ~19 | ~13 | ~6 | ~1 | 9 | 10 | 11 [sat_conversion 114120]
s1288. ~266 | 9 [sat_conversion 116273]
s1303. ~39 | ~37 | ~23 | ~20 | ~13 | ~12 | ~8 | ~6 | ~1 | 9 | 10 | 11 | 290 [sat_conversion 116758]
s1310. ~290 | ~6 | ~1 | 14 | 16 | 49 | 55 | 266 [sat_conversion 119943]
s1338. ~35 | ~23 | ~20 | ~13 | ~8 | ~6 | ~1 | 68 [sat_conversion 120071]
s1348. ~68 | ~52 | ~13 | ~6 | ~1 | 9 | 10 | 11 | 16 [sat_conversion 120487]
s1356. ~13 | ~12 | 4 [sat_conversion 120769]
s1371. ~12 | ~6 | 10 | 21 | 38 | 39 | 40 | 55 [sat_conversion 121325]
s1404. ~66 | ~39 | ~37 | ~33 | ~19 | ~11 | ~6 | ~1 [sat_conversion 127909]
s1412. ~6 | 21 | 42 | 55 | 311 | 312 [sat_conversion 132900]
s1413. ~311 | ~6 | 29 [sat_conversion 132903]
s1414. ~75 | ~58 | 51 [sat_conversion 132905]
s1415. ~311 | ~33 | ~6 | 4 [sat_conversion 132906]
s1416. ~66 | ~51 | ~39 | ~33 | ~22 | ~11 | ~1 | 48 [sat_conversion 132914]
s1433. ~6 | 28 | 32 | 33 | 55 | 313 [sat_conversion 133331]
s1434. ~264 | ~6 | 28 | 55 [sat_conversion 133872]
s1448. ~75 | ~66 | ~58 | ~54 | ~47 | ~11 [sat_conversion 134721]
s1454. ~184 | 160 [sat_conversion 136969]
s1455. ~247 | ~184 | ~66 | ~8 | ~6 | ~1 | 17 [sat_conversion 136980]
s1464. ~202 | ~11 [sat_conversion 137145]
s1478. ~56 | ~19 | ~6 | ~1 | 51 [sat_conversion 137629]
s1484. ~311 | ~274 | ~66 | ~47 | ~11 [sat_conversion 137641]
s1502. ~313 | ~11 [sat_conversion 138016]
s1503. ~247 | ~66 | ~32 | ~27 | ~8 | ~6 | ~1 [sat_conversion 138138]
s1504. ~251 | ~32 | ~11 | ~6 [sat_conversion 138145]
s1526. ~263 | ~66 | ~54 | ~42 | ~32 | ~11 | ~6 [sat_conversion 138261]
s1527. ~27 | ~8 | ~1 | 247 [sat_conversion 138263]
s1559. ~39 | ~17 | ~14 | ~6 | ~1 | 32 [sat_conversion 138436]
s1576. ~184 | ~66 | ~47 | ~39 | ~17 | ~14 | ~11 | ~6 | ~1 [sat_conversion 138510]
s1583. ~66 | ~37 | ~22 | ~17 | ~11 | ~6 | ~1 [sat_conversion 138610]
s1590. ~75 | ~66 | ~54 | ~39 | ~28 | ~11 | ~6 [sat_conversion 138893]
s1621. ~309 | ~247 [sat_conversion 139137]
s1634. ~274 | ~66 | ~25 | ~11 | ~8 | ~1 [sat_conversion 139536]
s1655. ~48 | ~33 | 9 [sat_conversion 139799]
s1657. ~263 | ~66 | ~48 | ~11 [sat_conversion 139809]
s1663. ~66 | ~48 | ~11 | 277 [sat_conversion 139987]
s1716. ~6 | ~2 [sat_conversion 140134]
s1722. ~6 | ~2 | 5 | 55 [sat_conversion 140206]
s1755. ~75 | ~66 | ~54 | ~16 | ~11 | ~6 [sat_conversion 141251]
s1773. ~311 | ~263 | ~66 | ~32 | ~11 | ~6 | 47 [sat_conversion 141923]
s1786. ~252 | ~184 | ~66 | ~11 [sat_conversion 142021]
s1787. ~75 | ~66 | ~54 | ~47 | ~27 | ~11 | 1 [sat_conversion 142023]
s1791. 22 | 55 | 321 | 322 | 323 [sat_conversion 142048]
s1793. ~56 | ~51 | ~47 | 251 [sat_conversion 142129]
s1795. ~56 | 1 | 2 | 3 | 23 [sat_conversion 142147]
s1809. ~321 | ~23 | 8 [sat_conversion 142601]
s1824. ~263 | ~30 | ~6 | 251 [sat_conversion 142678]
s1831. 8 | 23 | 27 | 324 | 325 [sat_conversion 143074]
s1833. 1 | 2 | 3 | 8 [sat_conversion 143080]
s1836. ~323 | ~8 | 27 [sat_conversion 143493]
s1838. ~58 | 1 | 2 | 3 | 27 [sat_conversion 143512]
s1846. ~21 | ~6 | 10 [sat_conversion 144063]
s1847. ~66 | ~21 | ~11 | ~6 | 77 [sat_conversion 144069]
s1889. ~311 | ~66 | ~56 | ~47 | ~32 | ~23 | ~11 | ~8 | ~6 | 146 [sat_conversion 146720]
s1897. ~322 | ~32 | ~25 | ~8 | ~6 | 201 [sat_conversion 146869]
s1898. ~25 | ~22 | ~8 [sat_conversion 146914]
s1919. ~320 | ~14 | ~6 [sat_conversion 147742]
s1972. ~75 | ~66 | ~56 | ~54 | ~47 | ~23 | ~20 | ~11 | ~6 [sat_conversion 148454]
s1985. ~66 | ~56 | ~47 | ~42 | ~23 | ~11 | ~6 | 20 [sat_conversion 148491]
s2027. ~59 | 49 | 55 [sat_conversion 154356]
s2074. ~271 | ~66 | ~11 | 55 [sat_conversion 158639]
s2139. ~312 | ~66 | ~51 | ~39 | ~33 | ~11 | 36 [sat_conversion 165618]
s2148. ~66 | ~42 | 277 [sat_conversion 165870]
s2149. ~263 | ~75 | ~66 | ~54 | ~42 | ~27 | ~11 | ~8 [sat_conversion 165876]
s2150. ~75 | ~66 | ~54 | ~42 | ~27 | ~11 | ~8 | 1 | 2 | 3 | 50 [sat_conversion 165880]
s2158. ~66 | ~36 | ~30 | ~11 | ~6 [sat_conversion 166957]
s2180. ~9 | 296 [sat_conversion 169021]
s2195. ~66 | ~9 [sat_conversion 169432]
s2202. ~251 | ~48 | 201 [sat_conversion 169690]
s2216. ~9 | 37 [sat_conversion 170954]
s2218. ~341 | ~9 | 342 [sat_conversion 171236]
s2219. ~343 | ~9 | 342 [sat_conversion 171241]
s2220. ~344 | ~9 | 342 [sat_conversion 171246]
s2222. ~66 | ~48 | ~27 | ~8 | 2 [sat_conversion 171391]
s2235. ~66 | 11 [sat_conversion 173326]
s2242. ~10 | 77 [sat_conversion 173958]
s2316. ~23 | ~8 | 1 | 2 | 3 | 321 [sat_conversion 176254]
s2331. ~296 | ~56 | ~9 | 51 [sat_conversion 182451]
s2347. ~251 | ~32 | ~9 | ~6 [sat_conversion 182512]
s2353. ~77 | ~32 | ~6 | 4 | 55 [sat_conversion 183317]
s2355. ~296 | ~32 | ~23 | ~8 | ~6 | 1 | 2 | 3 [sat_conversion 183326]
s2361. ~296 | ~23 | ~9 | ~3 | 49 [sat_conversion 183664]
s2383. ~337 | ~6 | 20 [sat_conversion 184871]
s2386. ~147 | ~3 | 27 [sat_conversion 185103]
s2390. ~53 | ~9 | ~6 | ~3 | 14 [sat_conversion 185270]
s2403. ~14 | ~6 | ~3 | 360 [sat_conversion 185408]
s2453. ~13 | 316 [sat_conversion 185705]
s2568. ~12 | 341 [sat_conversion 192747]
s2581. ~13 | ~6 | ~4 | ~3 | 9 | 10 | 11 | 18 | 19 | 20 [sat_conversion 194661]
s2601. ~45 | ~6 | ~3 | 16 [sat_conversion 194741]
s2604. ~27 | ~3 | 147 [sat_conversion 194903]
s2610. ~45 | ~6 | 32 [sat_conversion 195048]
s2621. ~202 | ~10 [sat_conversion 196353]
s2627. ~360 | ~53 | 9 [sat_conversion 197261]
s2640. ~42 | ~10 | 55 [sat_conversion 197661]
s2677. ~316 | ~10 | 55 [sat_conversion 199413]
s2721. ~42 | ~28 | ~6 | 4 [sat_conversion 201183]
s2731. ~342 | ~296 | 55 [sat_conversion 204198]
s2750. ~28 | ~6 | 264 [sat_conversion 207417]
s2755. ~351 | 33 | 55 [sat_conversion 207804]
s2787. ~296 | ~40 | ~37 | ~30 | ~28 | ~23 | ~8 | ~6 | 1 | 2 | 3 [sat_conversion 213296]
s2795. ~6 | 21 | 30 | 42 | 311 [sat_conversion 213360]
s2808. ~201 | 318 [sat_conversion 214580]
s2809. ~201 | 45 [sat_conversion 214585]
s2813. ~201 | ~9 [sat_conversion 214600]
s2815. ~311 | ~296 | 277 [sat_conversion 217413]
s2818. ~311 | ~296 | ~37 | ~23 | ~8 | 1 | 2 | 3 | 277 [sat_conversion 217424]
s2831. ~53 | 40 [sat_conversion 217530]
s2884. ~296 | ~33 | ~23 | ~9 | ~8 | 1 | 2 | 3 [sat_conversion 219029]
s2886. ~202 | ~9 [sat_conversion 220323]
s2899. ~322 | ~160 | ~8 | ~6 | 1 | 2 | 3 [sat_conversion 224947]
s2913. ~160 | ~8 | 1 | 2 | 3 | 25 [sat_conversion 225020]
s2929. ~296 | ~37 | ~33 | ~9 | 311 [sat_conversion 226226]
s2932. ~296 | ~37 | ~33 | ~9 | 277 [sat_conversion 226264]
s2935. ~296 | ~42 | ~37 | ~33 | ~9 [sat_conversion 226272]
s2938. ~296 | ~49 | ~37 | ~33 | ~9 [sat_conversion 226279]
s2952. ~30 | ~28 | ~6 | 147 [sat_conversion 226316]
s3005. ~49 | ~9 | 146 [sat_conversion 227121]
s3008. ~323 | ~296 | ~49 | ~42 | ~9 | ~8 | 1 | 2 | 3 | 344 [sat_conversion 229108]
s3013. ~48 | ~39 [sat_conversion 229324]
s3015. ~48 | ~9 | 351 [sat_conversion 229404]
s3027. ~296 | ~48 | ~37 | ~9 | 351 [sat_conversion 229687]
s3047. ~311 | ~296 | ~49 | ~9 [sat_conversion 231319]
s3076. ~360 | ~6 | ~3 | 14 [sat_conversion 231471]
s3078. ~20 | ~6 | ~3 | 45 [sat_conversion 231759]
s3079. ~20 | ~9 | ~6 | ~3 [sat_conversion 231769]
s3089. ~49 | ~19 | ~6 | ~3 | 251 [sat_conversion 231800]
s3090. ~34 | ~32 | ~17 | ~6 | ~3 | 56 [sat_conversion 231891]
s3107. ~15 | ~6 | ~3 | 75 [sat_conversion 232063]
s3112. ~296 | ~34 | ~32 | ~9 | ~6 | ~3 | 17 | 19 | 337 [sat_conversion 232258]
s3121. ~147 | ~146 [sat_conversion 232362]
s3130. ~323 | ~34 | ~3 [sat_conversion 232397]
s3186. ~296 | ~37 | ~33 | ~9 | 48 [sat_conversion 232504]
s3204. ~296 | ~146 | ~48 | ~9 [sat_conversion 232998]
s3209. ~58 | ~19 | ~6 | ~3 | 51 [sat_conversion 233147]
s3213. ~296 | 47 | 56 | 378 [sat_conversion 233157]
s3216. ~296 | ~18 | ~9 | ~6 | ~3 | 53 [sat_conversion 233677]
s3258. ~22 | ~8 | ~3 | 75 [sat_conversion 234541]
s3277. ~277 | ~51 [sat_conversion 234698]
s3289. ~296 | ~252 | ~32 | ~9 | ~6 [sat_conversion 235303]
s3290. ~296 | ~30 | ~9 | ~6 | 251 [sat_conversion 235441]
s3329. ~321 | ~3 | 34 [sat_conversion 235770]
s3337. ~296 | ~147 | ~34 | ~9 [sat_conversion 235902]
s3341. ~296 | ~147 | ~22 | ~9 | ~3 [sat_conversion 237082]
s3342. ~322 | ~3 | 381 [sat_conversion 237086]
s3384. ~381 | ~244 [sat_conversion 238349]
s3395. ~381 | ~296 | ~19 | ~9 | ~6 | ~3 [sat_conversion 238390]
s3396. ~296 | ~39 | ~28 | ~17 | ~9 | ~6 | ~3 [sat_conversion 238564]
s3426. ~324 | ~3 | 253 [sat_conversion 240307]
s3431. ~325 | ~22 | ~3 | 55 [sat_conversion 240342]
s3432. ~296 | ~50 | ~32 | ~9 | ~6 [sat_conversion 240346]
s3518. ~265 | ~184 | ~48 [sat_conversion 240526]
s3524. ~296 | ~265 | ~184 | ~48 | ~9 [sat_conversion 240553]
s3531. ~323 | ~3 | 12 [sat_conversion 241427]
s3532. ~323 | ~9 | ~3 [sat_conversion 241438]
s3546. ~25 | ~3 | 50 [sat_conversion 241500]
s3555. ~381 | ~25 | ~3 | 8 [sat_conversion 241523]
s3595. ~381 | ~54 | ~6 | ~3 | 17 | 19 | 337 [sat_conversion 243958]
s3600. ~296 | 9 [sat_conversion 245081]
s3636. ~296 | ~10 [sat_conversion 247022]
s3678. ~77 | ~16 | ~6 | ~3 [sat_conversion 249420]
s3904. ~47 | ~13 | 9 | 10 | 11 [sat_conversion 253945]
s3925. ~13 | 9 | 10 | 11 | 55 | 309 [sat_conversion 264123]
s3967. ~54 | ~35 | ~13 | 9 | 10 | 11 | 247 [sat_conversion 266056]
s3982. ~84 | ~13 | 9 | 10 | 11 [sat_conversion 273653]
s4015. ~223 | 55 [sat_conversion 276737]
s4068. ~259 | 55 [sat_conversion 277913]
s4110. ~101 | 55 [sat_conversion 281904]
s4216. ~16 | ~13 | ~6 | ~3 | 9 | 10 | 11 | 77 [sat_conversion 286826]
s4219. ~13 | ~6 | ~3 | 9 | 10 | 11 | 15 | 16 | 360 [sat_conversion 286967]
s4238. ~19 | ~13 | ~6 | ~3 | 9 | 10 | 11 [sat_conversion 287225]
s4340. ~344 | ~341 [sat_conversion 295803]
s4351. ~146 | ~30 | ~7 [sat_conversion 295936]
s4366. ~45 | 201 [sat_conversion 296805]
s4367. ~77 | ~50 | ~10 | 49 [sat_conversion 297765]
s4369. ~309 | 12 [sat_conversion 300544]
s4371. ~309 | ~10 [sat_conversion 300559]
s4377. ~309 | ~5 | 24 [sat_conversion 300569]
s4380. ~5 | 26 | 32 | 55 | 247 | 309 [sat_conversion 300619]
s4382. ~77 | ~5 | 32 | 55 | 247 | 309 | 420 [sat_conversion 300623]
s4395. ~344 | ~8 | ~5 | 1 | 2 | 3 | 32 | 55 | 247 | 309 [sat_conversion 300712]
s4402. ~344 | ~77 | ~10 | 47 [sat_conversion 300984]
s4403. ~247 | ~47 | 11 [sat_conversion 300989]
s4413. ~49 | ~47 [sat_conversion 301080]
s4427. ~49 | ~10 | ~7 | 26 [sat_conversion 301540]
s4432. ~30 | ~5 | 344 [sat_conversion 301610]
s4439. ~77 | ~32 | ~5 | 4 | 55 | 341 | 343 | 424 [sat_conversion 301776]
s4443. ~47 | ~32 | ~10 | ~5 [sat_conversion 301941]
s4464. ~344 | ~26 | ~5 | 4 [sat_conversion 302198]
s4468. ~45 | ~5 | ~2 | 18 [sat_conversion 302259]
s4475. ~344 | ~1 | 25 [sat_conversion 302334]
s4488. ~425 | ~7 | ~1 | 5 | 55 | 223 [sat_conversion 302516]
s4498. ~77 | ~22 | ~10 | ~8 | ~1 | 296 [sat_conversion 302748]
s4503. ~247 | ~8 | ~1 | 27 [sat_conversion 302773]
s4512. ~27 | ~1 | 343 [sat_conversion 302806]
s4536. ~184 | ~77 | ~49 | ~10 [sat_conversion 302942]
s4542. ~323 | ~58 | ~26 | ~8 | ~7 | ~1 | 400 [sat_conversion 302983]
s4546. ~18 | ~7 | ~1 | 11 [sat_conversion 303779]
s4563. ~7 | ~1 | 17 | 18 | 19 | 55 | 402 [sat_conversion 303897]
s4574. ~56 | ~7 | ~4 | 425 [sat_conversion 304418]
s4588. ~343 | ~247 | ~1 | 8 [sat_conversion 304490]
s4621. ~424 | 47 [sat_conversion 305814]
s4623. ~424 | ~45 | ~26 | ~7 [sat_conversion 305820]
s4628. ~424 | 47 [sat_conversion 305872]
s4643. ~400 | ~77 | ~49 | ~10 [sat_conversion 306149]
s4658. ~427 | 52 [sat_conversion 306513]
s4668. ~427 | ~77 | ~49 | ~10 [sat_conversion 306555]
s4670. ~402 | ~247 | ~77 | ~10 | 42 [sat_conversion 307031]
s4672. ~323 | ~1 | 247 [sat_conversion 307041]
s4674. ~77 | ~1 | 22 | 55 | 247 | 309 | 420 [sat_conversion 307063]
s4677. ~420 | 47 [sat_conversion 307223]
s4680. ~420 | ~10 | 344 [sat_conversion 307244]
s4681. ~420 | ~77 | ~10 | 424 [sat_conversion 307249]
s4683. ~420 | ~77 | ~10 | 47 [sat_conversion 307255]
s4684. ~322 | ~77 | ~1 | 420 [sat_conversion 307264]
s4697. ~341 | ~77 | ~22 | ~10 | ~1 | 296 [sat_conversion 307587]
s4698. ~341 | ~1 | 23 [sat_conversion 307609]
s4705. ~22 | ~1 | 8 | 55 | 341 | 343 | 344 [sat_conversion 307702]
s4715. ~35 | ~10 | 400 [sat_conversion 307948]
s4731. ~401 | 9 [sat_conversion 308776]
s4738. ~23 | ~1 | 341 [sat_conversion 308837]
s4742. ~285 | ~247 | ~77 | ~10 | 424 [sat_conversion 308931]
s4747. ~436 | 402 | 425 | 433 | 434 [sat_conversion 308993]
s4755. ~58 | ~26 | 5 | 6 | 7 [sat_conversion 309336]
s4758. ~4 | 21 | 26 | 28 | 29 [sat_conversion 309338]
s4763. ~24 | 5 | 6 | 7 | 56 [sat_conversion 309523]
s4771. ~77 | ~49 | ~30 | ~10 | 7 [sat_conversion 309925]
s4787. ~28 | 5 | 6 | 7 | 58 [sat_conversion 310125]
s4822. ~433 | 11 [sat_conversion 313747]
s4838. ~77 | 55 | 285 | 401 | 427 | 436 [sat_conversion 314048]
s4843. ~434 | ~77 | ~10 | 35 [sat_conversion 314187]
s4850. ~52 | 35 [sat_conversion 314635]
s4853. ~52 | ~10 | 434 [sat_conversion 314655]
s4870. ~35 | 52 [sat_conversion 314772]
s4884. ~56 | ~26 | 5 | 6 | 7 [sat_conversion 315316]
s4910. ~184 | ~146 | ~77 | ~10 | 343 [sat_conversion 315945]
s4927. ~20 | ~1 | 5 | 6 | 7 | 247 [sat_conversion 316225]
s4941. ~29 | 5 | 6 | 7 | 56 [sat_conversion 316863]
s4952. ~21 | ~4 | 32 [sat_conversion 317139]
s4955. ~30 | ~21 [sat_conversion 317316]
s4956. ~32 | ~10 | ~4 | 6 [sat_conversion 317319]
s4964. ~247 | ~5 | 28 [sat_conversion 317919]
s4965. ~343 | ~5 | 31 [sat_conversion 317920]
s4979. ~424 | ~58 | 436 [sat_conversion 317954]
s5025. ~381 | ~77 | ~10 | 49 [sat_conversion 319536]
s5032. ~426 | ~77 | ~58 | ~30 | ~10 | ~5 | 316 [sat_conversion 320129]
s5037. ~146 | ~3 | 23 [sat_conversion 320259]
s5051. ~436 | ~425 | ~5 | ~3 | 1 | 55 | 223 [sat_conversion 320381]
s5052. ~436 | ~77 | ~5 | ~3 | 55 | 402 | 426 | 433 [sat_conversion 320401]
s5078. ~424 | ~22 | ~3 | 343 [sat_conversion 322016]
s5079. ~202 | 5 | 6 | 7 | 32 [sat_conversion 322145]
s5086. ~26 | 5 | 6 | 7 | 160 [sat_conversion 322148]
s5111. ~343 | ~77 | ~22 | ~10 | ~3 | 66 [sat_conversion 323329]
s5115. ~147 | ~77 | ~22 | ~10 | ~3 | 66 [sat_conversion 323844]
s5133. ~26 | ~7 | ~4 | 50 [sat_conversion 323865]
s5148. ~49 | ~34 | 9 [sat_conversion 323885]
s5159. ~34 | ~7 | 24 [sat_conversion 324086]
s5167. ~7 | ~3 | 1 | 55 | 223 [sat_conversion 324199]
s5205. 50 | 146 | 147 | 379 [sat_conversion 324303]
s5229. ~77 | ~45 | ~2 | 5 | 6 | 7 | 55 [sat_conversion 324888]
s5248. ~146 | ~8 | ~3 | 34 [sat_conversion 324995]
s5271. ~402 | ~47 | ~8 | ~3 | 323 [sat_conversion 325429]
s5288. ~31 | ~5 | 343 [sat_conversion 325525]
s5295. ~425 | ~247 | ~77 | ~10 | 343 [sat_conversion 325538]
s5372. ~434 | ~400 | ~5 | ~3 | 1 | 55 | 223 [sat_conversion 326259]
s5410. ~343 | ~77 | ~58 | ~10 [sat_conversion 327497]
s5411. ~29 | ~5 | 341 [sat_conversion 327502]
s5422. ~341 | ~77 | ~32 | ~10 | ~5 | 296 [sat_conversion 327635]
s5430. ~77 | ~56 | ~32 | ~10 | ~5 | 296 [sat_conversion 327827]
s5442. ~146 | ~34 | ~3 | 8 [sat_conversion 327832]
s5461. ~28 | ~4 | ~3 | 1 | 55 | 223 [sat_conversion 328008]
s5529. ~285 | ~49 | ~24 | ~4 | 5 [sat_conversion 331858]
s5530. ~77 | ~56 | ~49 | ~17 | ~10 | ~3 | 5 [sat_conversion 331892]
s5536. ~56 | ~24 | ~4 | ~1 | 5 | 6 | 7 [sat_conversion 332159]
s5571. ~25 | ~1 | 8 | 22 | 247 | 309 [sat_conversion 332557]
s5636. ~28 | ~7 | 12 [sat_conversion 334387]
s5638. ~28 | ~10 | ~7 [sat_conversion 334402]
s5642. ~24 | ~7 | 34 [sat_conversion 334411]
s5689. ~47 | ~22 | ~10 | ~1 [sat_conversion 335082]
s5704. ~77 | ~56 | ~22 | ~10 | ~1 | 296 [sat_conversion 335555]
s5714. ~184 | ~77 | ~22 | ~1 | 56 [sat_conversion 336744]
s5784. ~424 | ~32 | ~7 | 343 [sat_conversion 339802]
s5792. ~77 | ~47 | ~10 | 420 [sat_conversion 340066]
s5798. ~147 | ~56 | ~32 | ~7 [sat_conversion 340808]
s5799. ~147 | ~77 | ~32 | ~10 | ~7 | 66 [sat_conversion 340814]
s5827. ~146 | ~77 | ~56 | ~10 | 42 [sat_conversion 341159]
s5856. ~146 | ~58 | ~32 | ~7 | 247 [sat_conversion 341244]
s5917. ~146 | ~34 | ~7 | 4 [sat_conversion 341318]
s5928. ~436 | ~147 | ~77 | ~10 | 316 [sat_conversion 344261]
s5969. ~285 | ~77 | ~34 | ~10 [sat_conversion 344959]
s5999. ~77 | ~26 | ~10 | ~7 | 49 [sat_conversion 345206]
s6000. ~147 | ~77 | ~26 | ~10 | ~7 | 66 [sat_conversion 345207]
s6081. ~146 | ~77 | ~26 | ~10 | ~7 | 9 [sat_conversion 345360]
s6099. ~77 | ~45 | ~7 | ~2 | 5 | 55 | 223 [sat_conversion 345673]
s6127. ~58 | ~8 | 1 | 2 | 3 | 323 [sat_conversion 345721]
s6179. ~343 | ~341 [sat_conversion 346469]
s6185. ~184 | ~77 | ~32 | ~7 | 58 [sat_conversion 347908]
s6201. ~184 | ~77 | ~32 | ~5 | 56 [sat_conversion 348311]
s6206. ~321 | ~2 | 33 [sat_conversion 348394]
s6214. ~247 | ~75 | ~66 | ~54 | ~11 | 47 [sat_conversion 348412]
s6217. ~66 | ~11 | 54 [sat_conversion 348413]
s6258. ~77 | 201 [sat_conversion 348512]
s6267. ~20 | ~5 | ~2 | 392 [sat_conversion 350405]
s6288. ~343 | ~247 | ~5 | 4 [sat_conversion 350653]
s6289. ~343 | ~66 | 424 [sat_conversion 351915]
s6300. ~391 | ~77 | ~5 | ~2 [sat_conversion 353053]
s6309. ~343 | ~66 | ~11 | ~8 | 424 [sat_conversion 353944]
s6312. ~311 | ~2 | 23 [sat_conversion 356350]
s6326. ~322 | ~2 | 313 [sat_conversion 356608]
s6346. ~66 | ~22 | ~11 | ~8 | ~2 | 10 [sat_conversion 358125]
s6437. ~14 | ~5 | ~2 | 45 [sat_conversion 359262]
s6438. ~14 | ~5 | ~2 | 10 [sat_conversion 359271]
s6443. ~66 | ~47 | ~11 | 420 [sat_conversion 359471]
s6471. ~47 | ~17 | ~5 | ~2 | 14 | 55 | 253 | 274 [sat_conversion 360648]
s6475. ~75 | 285 [sat_conversion 364329]
s6502. ~318 | 77 [sat_conversion 365538]
s6504. ~318 | 10 [sat_conversion 365560]
s6513. ~318 | ~11 [sat_conversion 365594]
s6526. ~253 | ~247 | ~75 | ~66 | ~54 | ~47 | ~11 | 50 [sat_conversion 366028]
s6530. ~424 | ~56 | ~33 [sat_conversion 367213]
s6535. ~323 | ~2 | 264 [sat_conversion 367553]
s6543. ~434 | ~66 [sat_conversion 367604]
s6546. ~424 | ~323 | ~75 | ~2 [sat_conversion 367611]
s6652. ~424 | ~343 | ~22 | ~2 [sat_conversion 368109]
s6677. ~75 | ~66 | ~3 | 8 [sat_conversion 368368]
s6680. ~75 | ~66 | ~3 | 1 | 55 | 223 [sat_conversion 368387]
s6703. ~424 | ~247 | ~75 | ~66 | ~54 | ~33 | ~11 | 311 [sat_conversion 368748]
s6716. ~18 | ~1 | 14 [sat_conversion 368980]
s6717. ~75 | ~66 | ~7 | 5 | 55 | 223 [sat_conversion 369036]
s6826. ~75 | ~7 | ~2 | 15 [sat_conversion 370023]
s6855. ~42 | ~2 | 27 [sat_conversion 370339]
s6879. ~66 | ~15 | ~7 | ~2 [sat_conversion 370622]
s6928. ~296 | ~58 | ~48 | ~9 | ~7 | ~2 | 14 | 16 | 51 | 55 [sat_conversion 378750]
s6959. ~26 | ~5 | 457 [sat_conversion 379028]
s6987. ~75 | ~66 | ~8 | ~7 | 1 | 2 | 3 | 55 [sat_conversion 386171]
s7033. ~13 | 9 | 10 | 11 | 316 [sat_conversion 386752]
s7218. ~323 | ~316 | 3 [sat_conversion 386944]
s7286. ~40 | 53 [sat_conversion 396847]
s7294. ~17 | ~7 | ~2 | 14 | 16 | 55 | 244 [sat_conversion 403675]
s7332. ~7 | ~2 | 17 | 55 | 360 | 477 | 479 [sat_conversion 405549]
s7334. ~7 | ~2 | 14 | 15 | 16 | 480 [sat_conversion 405719]
s7349. ~296 | ~56 | ~50 | ~9 | 42 [sat_conversion 406701]
s7352. ~323 | ~42 | ~2 | 8 [sat_conversion 406717]
s7357. ~313 | ~9 [sat_conversion 406730]
s7369. ~360 | ~296 | ~9 | 40 [sat_conversion 410257]
s7421. ~296 | ~23 | ~9 | ~2 | 48 [sat_conversion 410936]
s7464. ~50 | ~33 | ~32 | ~7 | 56 [sat_conversion 411309]
s7483. ~50 | ~7 | 30 [sat_conversion 411623]
s7488. ~147 | ~58 | ~32 | ~7 [sat_conversion 411636]
s7489. ~160 | ~147 | ~32 | ~7 [sat_conversion 411704]
s7539. ~321 | ~8 | 1 | 2 | 3 | 56 [sat_conversion 411809]
s7653. ~296 | ~56 | ~42 | ~9 | 50 [sat_conversion 411879]
s7660. ~56 | ~50 | ~32 | ~7 | 33 [sat_conversion 412997]
s7674. ~13 | ~8 | ~1 | 341 [sat_conversion 413026]
s7692. ~8 | ~1 | 22 | 25 | 27 | 341 [sat_conversion 413078]
s7720. ~321 | ~1 | 309 [sat_conversion 413090]
s7723. ~400 | ~19 | ~7 | ~1 | 425 [sat_conversion 413094]
s7953. ~38 | 36 [sat_conversion 413370]
s7977. ~33 | ~13 | ~12 | 9 | 10 | 11 [sat_conversion 416992]
s8030. 55 | 285 | 401 | 436 | 489 [sat_conversion 431892]
s8038. ~489 | 400 [sat_conversion 432237]
s8040. ~436 | ~37 | ~23 | ~13 | ~8 | ~1 | 343 [sat_conversion 432342]
s8041. ~436 | ~316 | 427 [sat_conversion 432351]
s8043. ~436 | ~23 | ~8 | ~1 | 52 [sat_conversion 432363]
s8078. ~434 | ~400 | 425 [sat_conversion 432395]
s8143. ~489 | ~402 | ~400 | ~12 | ~8 | ~1 | 84 [sat_conversion 435831]
s8154. ~23 | ~17 | ~8 | ~7 | ~1 | 35 [sat_conversion 435989]
s8214. ~35 | ~13 | 9 | 10 | 11 | 436 [sat_conversion 436014]
s8217. ~35 | ~13 | 9 | 10 | 11 | 426 [sat_conversion 436018]
s8225. ~35 | ~23 | ~13 | ~8 | ~1 | 9 | 10 | 11 | 52 [sat_conversion 436021]
s8243. ~52 | ~13 | 9 | 10 | 11 | 426 [sat_conversion 436027]
s8248. ~52 | ~13 | 9 | 10 | 11 | 427 [sat_conversion 436033]
s8249. ~427 | ~147 | 436 [sat_conversion 436052]
s8268. ~36 | ~23 | ~13 | ~8 | ~1 | 38 [sat_conversion 436152]
s8269. ~36 | 38 [sat_conversion 436155]
s8284. ~39 | ~38 [sat_conversion 436421]
s8310. ~128 | 55 [sat_conversion 443144]
s8408. 52 | 53 | 54 | 59 [sat_conversion 444610]
s8443. ~53 | ~38 [sat_conversion 444908]
s8499. ~479 | 11 [sat_conversion 450666]
s8590. ~52 | ~40 [sat_conversion 458811]
s8593. ~53 | ~14 | ~13 | ~7 | ~2 | 9 | 10 | 11 [sat_conversion 458818]
s8608. ~427 | ~426 | ~35 | ~14 | ~13 | ~7 | ~2 | 9 | 10 | 11 | 360 [sat_conversion 466434]
s8620. ~427 | ~35 | ~13 | ~7 | ~2 | 9 | 10 | 11 | 14 | 15 | 55 | 457 | 497 [sat_conversion 467163]
s8622. ~457 | ~13 | 9 | 10 | 11 | 344 [sat_conversion 467188]
s8633. ~15 | ~12 | ~7 | ~4 | ~2 | 55 | 84 [sat_conversion 467355]
s8635. ~16 | ~7 | ~2 | 497 [sat_conversion 467378]
s8690. ~497 | 10 [sat_conversion 467714]
s8727. ~489 | ~54 | ~7 | ~2 | 14 [sat_conversion 471178]
s8749. ~360 | ~14 | ~7 | ~2 [sat_conversion 475156]
s8805. ~480 | 55 | 360 | 477 | 479 [sat_conversion 475181]
s8811. 35 | 36 | 37 | 411 [sat_conversion 475450]
s8830. ~489 | ~477 | ~400 | 201 [sat_conversion 478171]
s8841. ~316 | ~313 | ~54 | ~14 | ~13 | ~7 | ~2 | 9 | 10 | 11 | 489 [sat_conversion 478259]
s8843. ~411 | 47 | 55 [sat_conversion 478807]
s8856. ~391 | ~38 | ~13 | 9 | 10 | 11 [sat_conversion 479010]
s8890. ~313 | 55 | 521 [sat_conversion 480156]
s8911. ~13 | 268 [sat_conversion 480284]
s8942. ~285 | ~38 | ~13 | 9 | 10 | 11 | 66 [sat_conversion 482864]
s8958. ~39 | ~13 | 9 | 10 | 11 | 520 [sat_conversion 482990]
s8966. ~316 | ~313 | ~54 | ~13 | ~12 | ~7 | ~4 | ~2 | 9 | 10 | 11 | 14 | 15 | 497 [sat_conversion 484828]
s9035. ~13 | 8 | 9 | 10 | 11 [sat_conversion 485655]
s9040. ~22 | ~11 | ~2 | 328 [sat_conversion 485667]
s9048. ~22 | ~13 | ~2 | 9 | 10 | 11 | 469 [sat_conversion 488047]
s9054. ~489 | ~316 | ~54 | ~36 | ~17 | ~13 | ~7 | ~2 | 9 | 10 | 11 [sat_conversion 493092]
s9069. ~42 | ~8 | ~2 | 323 [sat_conversion 493963]
s9123. ~296 | ~37 | ~33 | ~9 | 513 [sat_conversion 493977]
s9181. ~48 | 513 [sat_conversion 494014]
s9189. ~296 | 502 [sat_conversion 494029]
s9235. ~46 | ~9 | 55 [sat_conversion 500151]
s9285. ~24 | ~7 | ~4 | 425 [sat_conversion 501360]
s9364. ~296 | ~34 | ~9 | 49 [sat_conversion 501389]
s9365. ~296 | ~34 | ~9 | 146 [sat_conversion 501391]
s9453. ~378 | ~9 | 49 | 351 [sat_conversion 502135]
s9462. ~296 | ~56 | ~9 | 268 [sat_conversion 502437]
s9504. ~391 | ~296 [sat_conversion 503081]
s9510. ~296 | ~54 | ~14 | ~9 | ~7 | ~2 [sat_conversion 503250]
s9613. ~474 | ~48 | 252 [sat_conversion 503324]
s9691. ~7 | 26 | 28 | 34 | 417 [sat_conversion 504884]
s9693. ~7 | 28 | 32 | 34 | 55 | 381 [sat_conversion 505066]
s9700. ~381 | ~48 | ~7 | ~4 | 265 [sat_conversion 505201]
s9745. ~513 | 48 [sat_conversion 505506]
s9746. ~513 | ~296 | ~9 | 48 [sat_conversion 505512]
s9777. ~513 | ~296 | ~56 | ~9 | 344 [sat_conversion 505808]
s9780. ~513 | ~296 | ~51 | ~9 | ~8 | ~2 [sat_conversion 505871]
s9783. ~50 | ~26 | ~7 | 4 [sat_conversion 505977]
s9904. ~296 | ~54 | ~9 | 407 [sat_conversion 506463]
s10158. ~160 | ~8 | ~2 | 38 | 39 | 40 | 520 [sat_conversion 510293]
s10188. ~264 | ~27 | ~2 | 8 | 55 [sat_conversion 510552]
s10218. 38 | 39 | 40 | 55 | 513 [sat_conversion 511275]
s10224. ~323 | ~2 | 527 [sat_conversion 511438]
s10236. ~25 | ~2 | 8 | 33 | 527 | 528 [sat_conversion 511465]
s10277. ~312 | 42 | 51 | 55 | 311 | 469 [sat_conversion 512627]
s10280. ~296 | ~34 | ~14 | ~9 | ~7 | ~2 | 344 [sat_conversion 512760]
s10317. ~25 | ~2 | 55 | 312 [sat_conversion 513083]
s10320. ~527 | ~296 | ~39 | ~25 | ~9 | ~2 | 512 [sat_conversion 513095]
s10332. ~454 | ~22 | ~7 | ~4 | ~2 | 50 [sat_conversion 516582]
s10334. ~296 | ~49 | ~9 | 454 [sat_conversion 516668]
s10370. ~296 | ~146 | ~56 | ~9 | 343 [sat_conversion 518796]
s10382. ~9 | 55 | 530 [sat_conversion 519241]
s10418. 311 | 498 [sat_conversion 524396]
s10422. ~502 | 402 [sat_conversion 525600]
s10424. ~477 | ~474 | ~381 | 34 [sat_conversion 528108]
s10552. ~474 | ~296 | ~40 | ~9 [sat_conversion 528804]
s10557. ~296 | ~40 | ~9 | ~7 | ~2 | 14 | 128 [sat_conversion 528845]
s10624. ~296 | ~265 | ~53 | ~26 | ~9 | ~7 [sat_conversion 529518]
s10678. ~417 | ~7 | 32 | 55 [sat_conversion 531191]
s10705. ~321 | ~296 | ~251 | ~56 | ~37 | ~9 | ~8 | 1 | 2 | 3 | 84 [sat_conversion 531549]
s10711. ~296 | ~39 | ~9 | 474 [sat_conversion 531576]
s10748. 353 | 360 | 477 | 479 [sat_conversion 531867]
s10759. ~527 | ~296 | ~84 | ~39 | ~9 [sat_conversion 533396]
s10855. ~498 | ~381 | ~26 | ~9 | ~7 | 38 | 39 | 40 | 55 [sat_conversion 533450]
s10877. ~381 | ~311 | ~147 [sat_conversion 534014]
s10878. ~381 | ~311 | ~147 | ~26 | ~7 [sat_conversion 534016]
s10883. ~498 | ~48 | ~9 | 55 [sat_conversion 534208]
s10905. ~498 | ~296 | ~48 | ~9 | 55 [sat_conversion 534580]
s10952. ~402 | ~296 | ~5 | ~3 [sat_conversion 534702]
s10965. ~26 | ~4 | 30 [sat_conversion 534750]
s10984. ~32 | ~9 | ~4 | 5 [sat_conversion 535036]
s10993. ~402 | ~29 | ~16 | ~3 | 147 [sat_conversion 535108]
s11014. ~50 | ~3 | 25 [sat_conversion 535121]
s11042. ~311 | ~296 | ~56 | ~9 | 252 [sat_conversion 535161]
s11047. ~381 | ~296 | ~147 | ~56 | ~9 | 251 [sat_conversion 535167]
s11062. ~296 | ~56 | ~9 | 42 | 55 | 251 | 311 | 469 [sat_conversion 536098]
s11086. 5 | 6 | 7 | 26 | 165 [sat_conversion 537902]
s11088. ~502 | ~407 | ~353 | ~24 | ~16 | ~4 | ~3 | 5 | 6 | 7 | 15 | 47 | 48 | 49 | 162 [sat_conversion 538978]
s11108. ~381 | ~53 | 520 [sat_conversion 539688]
s11144. ~296 | ~53 | ~9 | 360 [sat_conversion 539695]
s11150. ~296 | ~40 | ~9 | ~3 | 320 [sat_conversion 539716]
s11176. ~520 | ~502 | ~296 | ~53 | ~24 | ~16 | ~9 | ~4 | ~3 | 47 | 48 | 49 | 50 [sat_conversion 542410]
s11220. ~502 | ~296 | ~50 | ~24 | ~17 | ~9 | ~4 | ~3 | 33 | 47 | 48 | 49 [sat_conversion 542678]
s11263. ~546 | ~9 | ~2 | 14 [sat_conversion 544300]
s11283. ~547 | ~296 | ~58 | ~49 | ~16 | ~9 | ~2 | 344 [sat_conversion 544750]
s11292. ~296 | ~49 | ~39 | ~22 | ~17 | ~9 | ~2 | 547 [sat_conversion 544855]
s11413. ~296 | ~160 | ~39 | ~22 | ~17 | ~9 | ~4 | ~2 | 38 | 55 | 56 [sat_conversion 545358]
s11414. ~296 | ~15 | ~5 | ~2 [sat_conversion 545416]
s11426. ~296 | ~42 | ~39 | ~22 | ~17 | ~9 | ~2 | 16 [sat_conversion 545603]
s11437. ~9 | ~5 | ~2 | 15 [sat_conversion 545746]
s11471. ~547 | ~5 | 35 [sat_conversion 545937]
s11513. ~527 | ~477 | ~296 | ~39 | ~9 [sat_conversion 546203]
s11516. ~2 | 5 | 7 | 438 [sat_conversion 546232]
s11533. ~512 | ~296 | ~49 | ~25 | ~9 | ~2 | 45 [sat_conversion 550129]
s11685. ~26 | ~4 | 10 | 545 | 546 | 547 [sat_conversion 551069]
s11732. ~20 | ~17 | ~2 [sat_conversion 551620]
s11733. ~296 | ~39 | ~22 | ~17 | ~9 | ~2 | 42 | 55 | 311 [sat_conversion 551958]
s11889. ~24 | ~15 | ~2 | 84 [sat_conversion 554107]
s11894. ~469 | 45 [sat_conversion 556265]
s11895. ~469 | 10 [sat_conversion 556279]
s11897. ~469 | ~296 | ~9 | 77 [sat_conversion 556285]
s11902. ~268 | 38 | 39 | 40 [sat_conversion 556320]
s11933. ~84 | 201 | 265 | 474 [sat_conversion 556349]
s11934. ~84 | 360 | 477 | 479 [sat_conversion 556351]
s11937. ~539 | ~265 | 66 [sat_conversion 557134]
s11946. ~296 | ~265 | ~264 | ~40 | ~9 | 101 [sat_conversion 557331]
s11964. ~265 | ~75 | ~66 | ~54 | ~11 | 39 [sat_conversion 558122]
s11984. ~66 | ~47 | ~11 | 343 [sat_conversion 558132]
s12110. 341 | 343 | 344 | 430 [sat_conversion 560508]
s12124. ~438 | ~29 | ~24 | ~17 | ~4 | ~2 | 18 | 20 | 391 [sat_conversion 563234]
s12127. ~11 | 35 | 36 | 37 | 343 [sat_conversion 563266]
s12133. ~420 | ~66 | ~56 | ~11 | 424 [sat_conversion 564549]
s12144. ~66 | ~36 | ~11 | 38 [sat_conversion 565711]
s12188. ~323 | ~66 | ~38 | ~11 | ~2 [sat_conversion 566269]
s12207. ~527 | ~328 | ~75 | ~54 | ~2 [sat_conversion 567036]
s12221. ~323 | ~66 | ~39 | ~11 | ~2 [sat_conversion 567510]
s12222. ~527 | ~75 | ~66 | ~51 | ~39 | ~11 | 48 [sat_conversion 567686]
s12256. ~285 | ~36 | ~11 | 392 [sat_conversion 567779]
s12274. ~344 | ~5 | ~4 | 33 | 47 | 48 | 49 [sat_conversion 568320]
s12319. ~2 | 25 | 42 | 311 | 469 [sat_conversion 569373]
s12359. ~474 | ~39 | 9 [sat_conversion 569558]
s12381. ~438 | ~311 | ~263 | ~17 | ~11 | ~2 | 18 | 20 | 247 [sat_conversion 569754]
s12383. ~75 | ~58 | ~54 | ~51 | ~39 | ~22 | ~2 | 10 [sat_conversion 569867]
s12411. ~311 | ~33 | ~2 | 8 [sat_conversion 569912]
s12450. ~351 | ~2 | 5 | 6 | 7 | 18 | 55 [sat_conversion 570425]
s12459. ~75 | ~66 | ~33 | ~28 | ~4 | 47 | 48 | 49 | 457 [sat_conversion 571861]
s12460. ~263 | ~66 | ~11 | 268 [sat_conversion 573348]
s12549. ~38 | ~11 | 524 [sat_conversion 576071]
s12605. ~268 | 35 | 36 | 37 [sat_conversion 576162]
s12644. ~19 | ~5 | ~2 | 516 [sat_conversion 576475]
s12655. ~66 | ~39 | ~33 | ~11 | ~5 | ~2 | 17 [sat_conversion 576596]
s12673. ~66 | ~51 | ~39 | ~33 | ~11 | 457 [sat_conversion 576723]
s12837. ~323 | ~66 | ~11 | ~2 | 513 [sat_conversion 576993]
s12847. ~457 | ~66 | ~37 | ~17 | ~11 | ~5 | ~2 [sat_conversion 577008]
s12876. ~5 | ~2 | 266 | 391 | 392 | 561 [sat_conversion 577627]
s12877. ~561 | ~457 | ~66 | ~37 | ~11 | 55 [sat_conversion 577639]
s12904. ~457 | ~184 | ~66 | ~37 | ~11 | ~2 | 22 [sat_conversion 586396]
s12906. ~520 | ~513 | ~66 | ~11 | 184 [sat_conversion 586536]
s12911. ~18 | ~5 | ~2 | 391 [sat_conversion 586733]
s12929. ~391 | ~66 | ~56 | ~48 | ~11 [sat_conversion 586809]
s12983. ~344 | ~66 | ~48 | ~11 | 474 [sat_conversion 588168]
s12996. ~527 | ~344 | ~32 | ~5 | 58 [sat_conversion 588404]
s13141. ~516 | ~5 | ~2 | 17 | 55 | 266 [sat_conversion 588801]
s13160. ~341 | ~285 | ~66 | ~37 | ~11 [sat_conversion 589027]
s13177. ~39 | ~13 | 9 | 10 | 11 | 539 [sat_conversion 589172]
s13570. ~545 | ~5 | 37 [sat_conversion 590002]
s13572. ~379 | 11 [sat_conversion 590010]
s13598. ~75 | 66 [sat_conversion 592055]
s13691. ~436 | ~35 | ~13 | 9 | 10 | 11 | 425 [sat_conversion 598391]
s13692. ~39 | ~17 | ~13 | ~5 | ~2 | 9 | 10 | 11 | 38 [sat_conversion 598884]
s13718. ~391 | ~35 | 290 [sat_conversion 598950]
s13720. ~426 | ~290 | ~13 | 9 | 10 | 11 [sat_conversion 598965]
s13914. ~489 | ~434 | ~392 | 524 [sat_conversion 608901]
s13982. ~430 | ~5 | 21 | 55 [sat_conversion 609989]
s13999. ~162 [sat_conversion 610384]
s14042. ~561 | ~5 | ~2 | 14 | 55 | 524 | 525 [sat_conversion 610754]
s14044. ~5 | ~2 | 14 | 473 | 524 | 525 [sat_conversion 610768]
s14065. ~525 | ~5 | ~2 | 15 [sat_conversion 610815]
s14067. ~520 | ~473 | ~39 | ~13 | 9 | 10 | 11 | 36 | 201 | 265 | 474 [sat_conversion 611413]
s14196. ~530 | ~39 | 474 [sat_conversion 614283]
s14199. ~285 | ~37 | ~13 | 9 | 10 | 11 | 66 [sat_conversion 614326]
s14372. ~54 | ~40 [sat_conversion 615946]
s14492. ~524 | ~392 | ~5 | ~2 [sat_conversion 619451]
s14529. ~392 | ~40 | ~13 | 9 | 10 | 11 | 67 [sat_conversion 623049]
s14533. ~67 | ~53 | ~13 | 9 | 10 | 11 | 524 [sat_conversion 623063]
s14630. ~524 | ~38 | 11 [sat_conversion 623251]
s14916. ~400 | ~37 | ~13 | 9 | 10 | 11 | 392 [sat_conversion 624254]
s14955. ~546 | ~5 | 36 [sat_conversion 624557]
s15001. ~524 | ~489 | ~402 | ~400 | ~37 | ~13 | 9 | 10 | 11 [sat_conversion 625140]
s15011. ~353 | ~40 | ~13 | ~5 | ~3 | 9 | 10 | 11 | 402 | 433 | 434 [sat_conversion 626770]
s15032. ~392 | ~39 | ~13 | 9 | 10 | 11 | 360 [sat_conversion 626830]
s15540. ~489 | ~54 | ~39 | ~37 | ~13 | ~12 | 9 | 10 | 11 | 434 [sat_conversion 632789]
s15609. ~265 | ~38 | ~13 | 9 | 10 | 11 | 434 [sat_conversion 634520]
s15613. ~353 | ~38 | ~13 | 9 | 10 | 11 | 55 | 247 [sat_conversion 635069]
s15614. 201 | 265 | 474 | 520 [sat_conversion 635695]
s15686. ~474 | ~360 | ~38 | ~13 | 9 | 10 | 11 [sat_conversion 637425]
s15688. ~520 | ~38 | ~13 | 9 | 10 | 11 [sat_conversion 637445]
s15978. ~521 | ~392 | ~36 [sat_conversion 642692]
s16003. ~66 | ~32 | ~27 | ~8 | ~5 | 1 | 2 | 3 | 56 [sat_conversion 652505]
s16038. ~341 | ~311 | ~75 | ~66 | ~54 | ~27 | ~11 | ~8 | 1 | 2 | 3 | 434 [sat_conversion 652735]
s16047. ~457 | ~38 | ~11 | 42 | 55 | 265 | 311 | 469 [sat_conversion 652750]
s16113. ~457 | ~264 | ~184 | ~66 | ~37 | ~11 | 55 [sat_conversion 653756]
s16119. ~513 | ~392 | ~66 | ~11 | 146 [sat_conversion 653852]
s16120. ~513 | ~11 | 38 | 40 | 42 [sat_conversion 653982]
s16217. ~17 | ~8 | ~5 | 1 | 2 | 3 | 9 [sat_conversion 654510]
s16228. ~1 | 22 | 247 | 309 | 457 [sat_conversion 654533]
s16257. ~31 | ~4 | 28 [sat_conversion 654552]
s16271. ~48 | 5 | 6 | 7 | 546 [sat_conversion 654577]
s16293. ~75 | ~58 | ~28 | ~19 | ~4 | ~1 | 3 | 47 | 48 | 49 | 341 | 343 [sat_conversion 655436]
s16330. ~75 | ~66 | ~28 | ~22 | ~4 | ~1 | 47 | 48 | 49 | 56 [sat_conversion 659197]
s16331. ~528 | ~165 | ~75 | ~66 | ~28 | ~4 | 47 | 48 | 49 | 55 [sat_conversion 659258]
s16380. ~264 | 55 | 527 [sat_conversion 659358]
s16406. ~75 | ~66 | ~58 | ~11 | 268 [sat_conversion 659554]
s16430. ~264 | ~75 | ~66 | ~28 | ~4 | 47 | 48 | 49 [sat_conversion 660056]
s16458. ~341 | ~311 | ~75 | ~66 | ~28 | ~11 | ~4 | 47 | 48 | 49 | 434 [sat_conversion 661796]
s16459. ~502 | ~407 | ~353 | ~24 | ~16 | ~4 | ~3 | 5 | 6 | 7 | 15 | 47 | 48 | 49 [rat s11088,s13999]
s16464. ~128 [rat s8310,s237]
s16465. ~101 [rat s4110,s237]
s16466. ~259 [rat s4068,s237]
s16467. ~223 [rat s4015,s237]
s16475. ~11 | 47 | 48 | 49 | 58 [rat s115,s237]
s16479. ~9 | 47 | 48 | 49 | 56 [rat s102,s237]
s16481. 11 | 10 | 9 | 4 [rat s1356,s3,s4]
s16482. ~11 | ~7 | 3 | 2 | 1 [rat s6987,s780,s781,s1833,s237]
s16483. 35 | 285 | 402 | 425 | ~10 | 401 | 433 [rat s4838,s4747,s4658,s4843,s4850,s2242,s237]
s16484. 285 | 402 | 433 | 425 | ~10 | 401 [rat s8078,s4853,s4715,s4870,s16483]
s16485. ~58 | ~146 | ~32 | ~10 | 401 | 433 | ~7 [rat s16484,s4742,s4670,s5784,s5295,s5856,s5410,s2640,s2242,s237]
s16486. 26 | 34 | ~10 | 401 | 66 | 433 | 379 | ~7 [rat s6185,s807,s16485,s5827,s5205,s5799,s4367,s10678,s4427,s9691,s2640,s2621,s2242,s5638,s237]
s16487. ~26 | ~10 | 9 | 66 | 379 | ~7 | 4 [rat s5205,s6000,s6081,s9783,s2242]
s16488. 9 | 11 | ~7 | 4 [rat s8249,s4838,s5928,s5205,s5969,s5917,s4367,s16486,s4427,s16487,s2242,s2677,s16481,s4731,s13572,s4822,s2235,s237]
s16489. ~146 | ~9 | ~7 | 4 [rat s16479,s73,s3204,s5917,s10370,s76,s2219,s2731,s2180,s237]
s16490. ~147 | ~32 | 202 | ~7 [rat s807,s1454,s7488,s7489,s5798,s237]
s16491. 56 | ~50 | ~32 | 49 | ~9 | ~7 [rat s2755,s9453,s7464,s3213,s2180,s76,s237]
s16492. ~32 | 146 | ~9 | 379 | ~7 [rat s2935,s7660,s7349,s16491,s5205,s16490,s2886,s2216,s2180,s3005]
s16494. 40 | ~84 | 513 | ~381 | 34 | ~9 | 479 [rat s10424,s11934,s10711,s7369,s10218,s2180,s51,s237]
s16495. ~7 | 3 | 2 | 1 [rat s11933,s10624,s10552,s7286,s16494,s10705,s2316,s11047,s1795,s16479,s9745,s10905,s10418,s10878,s5205,s9783,s9691,s9693,s10678,s16492,s9365,s3005,s16489,s5636,s257,s76,s2180,s2216,s2813,s9235,s16488,s8499,s13572,s16482,s1833,s1,s237]
s16496. ~56 | ~9 | ~6 | 3 | 2 | 1 [rat s10218,s10759,s2787,s10705,s2795,s11062,s16380,s2721,s2750,s1433,s2355,s2818,s2884,s2316,s3277,s9777,s1795,s2331,s1833,s1,s7357,s2216,s51,s11897,s6258,s2813,s1846,s3636,s2220,s2731,s2180,s237]
s16497. 49 | 56 | ~9 | ~6 | 4 [rat s1415,s10418,s2755,s10883,s9453,s16479,s3213,s2180,s76,s237]
s16498. ~28 | 147 | 311 | 21 | ~6 | 4 [rat s2795,s2721,s2952]
s16499. ~9 | ~6 | 3 | 2 | 1 [rat s1791,s1898,s2899,s2913,s1454,s807,s6127,s3008,s2795,s3290,s2347,s1433,s16498,s3121,s3047,s2938,s3005,s16497,s7539,s16496,s2220,s1846,s2731,s3636,s2180,s2216,s2886,s7357,s1833,s1,s237]
s16500. ~10 | ~6 | 4 [rat s2610,s2353,s129,s2242,s237]
s16501. ~56 | 48 | ~33 | ~11 [rat s6443,s16475,s12133,s732,s6530,s781,s172]
s16502. ~37 | ~33 | ~6 | 3 | 2 | 1 [rat s1412,s2139,s2149,s1838,s1414,s10218,s827,s16475,s894,s905,s972,s1833,s1846,s172,s885,s6258,s2808,s6504,s1434,s20,s1755,s780,s6217,s781,s16481,s16500,s1415,s1,s9745,s1655,s16499,s237]
s16503. 47 | ~33 | ~6 | 3 | 2 | 1 [rat s2795,s2158,s2149,s1838,s8811,s827,s16475,s8843,s1833,s1846,s172,s165,s1434,s20,s1755,s780,s6217,s781,s16481,s16500,s1655,s16499,s1415,s1,s16502,s237]
s16504. ~33 | ~6 | 3 | 2 | 1 [rat s6309,s6703,s11984,s789,s16503,s1415,s1833,s780,s6217,s781,s16481,s16500,s16499,s1]
s16505. 47 | 58 | 264 | ~11 [rat s1657,s827,s16475,s781,s172]
s16506. ~56 | 146 | ~6 | 3 | 2 | 1 [rat s1412,s10277,s1985,s1889,s1793,s1972,s16505,s1795,s732,s1833,s11895,s1846,s1434,s1504,s1433,s16504,s20,s1755,s780,s6217,s781,s1502,s16481,s16500,s16499,s1,s237]
s16507. 47 | ~32 | 264 | 21 | ~11 | ~6 [rat s2795,s1824,s1526,s1773,s827,s172,s6217,s781,s1504]
s16508. 56 | ~6 | 3 | 2 | 1 [rat s1791,s1898,s2899,s2913,s806,s7539,s928,s2074,s1448,s1836,s1787,s16507,s1433,s16504,s1502,s1434,s20,s1755,s1846,s6217,s781,s780,s16481,s16500,s16499,s1,s1833,s237]
s16509. ~6 | 3 | 2 | 1 [rat s16506,s656,s16508,s16481,s16500,s16499,s1,s237]
s16510. ~9 | ~5 | 4 [rat s21,s5411,s5288,s4432,s2218,s2219,s2220,s2731,s93,s2180,s237]
s16511. 247 | 32 | ~10 | 3 | 2 | 1 [rat s4680,s4395,s4382,s2,s16509,s16495,s1833,s4371,s2242,s237]
s16512. ~247 | 11 | ~5 | 4 [rat s16484,s4742,s5295,s4621,s6288,s4670,s4403,s4731,s4822,s2640,s2242,s16481,s16510,s237]
s16513. 11 | 3 | 2 | 1 [rat s807,s5410,s6201,s12110,s4402,s5430,s5422,s4443,s16511,s16512,s2242,s2621,s16481,s3600,s13982,s7,s16217,s16510,s1,s2,s16509,s16495,s1833,s237]
s16514. 47 | 58 | 32 | 3 | 2 | 1 [rat s13160,s12127,s12110,s983,s4395,s6309,s16475,s6214,s4628,s13982,s7,s16217,s656,s172,s165,s16510,s2,s16509,s16495,s1833,s1,s6217,s781,s6475,s780,s4369,s1154,s772,s16513,s237,s16466]
s16516. 47 | 32 | 3 | 2 | 1 [rat s11964,s16047,s786,s12144,s12127,s13160,s16038,s2150,s6959,s12110,s1838,s4395,s4380,s6309,s16514,s6214,s4628,s13982,s7,s16217,s736,s165,s16510,s2,s16509,s16495,s1833,s1,s6543,s6217,s781,s6475,s780,s11894,s190,s4369,s1154,s772,s16513,s237,s16466]
s16517. ~47 | ~11 | ~5 | 4 [rat s6288,s11984,s789,s781]
s16518. 58 | 343 | ~32 | 47 | 35 | ~11 | 430 | ~5 [rat s12110,s13160,s12996,s8811,s16380,s983,s16505,s16475,s781,s656,s172,s6475,s780,s8843,s237]
s16519. 3 | 2 | 1 [rat s16003,s1838,s732,s16518,s6309,s16516,s4628,s16517,s165,s781,s16513,s13982,s7,s16217,s16510,s2,s16509,s16495,s1,s1833,s237]
s16520. ~56 | 147 | 32 | ~9 | ~6 | 4 [rat s16498,s1433,s2815,s9123,s3277,s9777,s2331,s1846,s16500,s7357,s2216,s2220,s2731,s2180,s237]
s16521. 147 | 32 | ~9 | ~6 | 4 [rat s16498,s1433,s3047,s2938,s16497,s16520,s1846,s16500,s7357,s2216,s2180,s237]
s16522. ~54 | ~28 | ~381 | ~268 | ~9 | 337 | ~6 | ~3 [rat s3396,s11902,s3595,s14372,s51,s3395,s2180]
s16523. ~53 | ~9 | ~6 | ~3 [rat s1919,s11150,s2390,s2831,s2180]
s16524. 32 | ~9 | ~6 | 4 | ~3 [rat s1433,s9123,s16522,s3342,s9777,s9462,s8408,s1791,s16497,s2027,s3329,s73,s3337,s3341,s16521,s2383,s3078,s4366,s2808,s6504,s16500,s7357,s3532,s157,s2216,s2220,s2731,s2180,s16523,s237]
s16525. ~56 | 252 | 50 | 251 | ~9 | 469 [rat s11062,s11042,s7653,s2180,s237]
s16526. ~9 | ~6 | 4 | ~3 [rat s3090,s3112,s3089,s73,s16497,s16525,s3289,s3432,s2347,s16524,s2180,s11895,s2383,s3078,s4366,s2808,s6504,s16500]
s16527. ~11 | ~3 | 1 [rat s6680,s780,s781,s237,s16467]
s16528. 4 | 5 | 11 | 7 | ~3 [rat s16481,s16526,s16500,s22]
s16529. 50 | ~474 | 360 | ~407 | ~24 | 48 | 146 | ~9 | 6 | ~4 | 5 | 479 | 379 | 7 | ~3 [rat s10748,s10424,s16459,s3342,s19,s1791,s2386,s3341,s13,s5205,s3546,s3532,s76,s9189,s3005,s3329,s9365,s2180,s237]
s16530. ~50 | 321 | ~24 | 33 | 48 | 49 | ~9 | 6 | ~4 | 5 | 7 | ~3 [rat s1791,s3342,s8,s3555,s11220,s11014,s2,s3532,s76,s9189,s2180,s237]
s16531. ~54 | 50 | ~24 | 48 | 146 | ~268 | ~9 | 6 | ~4 | 5 | 479 | 379 | 7 | ~3 [rat s10711,s16529,s11902,s7369,s9904,s14372,s2180,s51]
s16532. ~56 | ~9 | 6 | 28 | ~4 | 5 | 479 | 379 | 7 | ~3 [rat s11176,s11108,s8408,s16531,s3342,s19,s1791,s2386,s3341,s5205,s16530,s3329,s2027,s23,s9123,s9181,s9365,s3005,s4884,s9777,s10370,s9462,s10984,s3532,s76,s157,s2216,s9189,s2220,s2219,s2731,s2180,s237]
s16533. ~147 | ~311 | 321 | ~9 | ~3 [rat s3342,s1791,s10877,s3341,s3532,s2180,s237]
s16534. 49 | ~184 | 56 | ~9 | 8 | 379 | ~3 [rat s3342,s1791,s3555,s3431,s11014,s1831,s5205,s2604,s16533,s3426,s892,s10418,s3518,s10883,s5037,s3329,s16479,s2361,s9364,s3532,s2180,s76,s237]
s16535. ~184 | 56 | ~3 | ~9 | 8 | 379 [rat s5442,s73,s3005,s16534]
s16536. ~9 | 6 | 28 | ~4 | 5 | 479 | 379 | 7 | ~3 [rat s16535,s807,s4755,s4758,s4941,s16532,s4952,s2886,s10984,s2,s237]
s16537. ~147 | 322 | 323 | ~10 | 401 | 66 | ~3 [rat s5969,s3329,s4838,s1791,s8249,s5115,s5928,s2677,s2242,s237]
s16538. 32 | 56 | 6 | 28 | 5 | 11 | 7 | ~3 [rat s1791,s5111,s1809,s4910,s5037,s5205,s16537,s3342,s4367,s5025,s4771,s2242,s3531,s3,s807,s154,s4755,s10965,s23,s5079,s2235,s2,s4731,s16536,s16528,s8499,s13572,s4763,s237]
s16539. 10 | 9 | 11 | 8 [rat s4,s9035]
s16540. 49 | 146 | ~10 | 401 | 66 | 379 | ~3 [rat s16537,s5205,s3342,s4367,s5025,s2242,s3531,s164,s2453,s2677,s237]
s16541. 6 | 28 | 5 | 11 | 7 | ~3 [rat s11014,s3555,s5205,s3342,s5928,s1791,s4838,s8,s3329,s5529,s5530,s4668,s5148,s16540,s23,s3531,s4884,s5827,s164,s16538,s2453,s4956,s2242,s2640,s2677,s16539,s4731,s16536,s2,s13572,s8499,s2235,s16528,s237]
s16542. ~9 | ~6 | 28 | ~4 | 5 | 75 | 379 | ~3 [rat s3258,s1791,s16535,s3342,s807,s3395,s3209,s6,s5,s10993,s16533,s3329,s2403,s9364,s1413,s3277,s9777,s7369,s2220,s10422,s2938,s2929,s2932,s9123,s3216,s7286,s2731,s9189,s1433,s16523,s2180,s2216,s2886,s3079,s3532,s7357,s10984,s3107,s237]
s16543. 45 | 9 | ~6 | ~4 | 11 | ~3 [rat s3076,s26,s4219,s2581,s4216,s4238,s4,s6258,s3078,s129,s2809,s3107,s13598,s2235]
s16544. 9 | ~6 | ~3 | ~4 | 11 [rat s6502,s3678,s2808,s2601,s4366,s16543]
s16545. 5 | ~3 | 1 [rat s16544,s16542,s16541,s5461,s16528,s5167,s13572,s13598,s2235,s16527,s237,s16467]
s16546. ~296 | ~3 | ~5 [rat s10422,s9189,s10952]
s16547. 8 | 49 | 32 | 343 | 247 | ~4 | ~5 | 11 | ~3 [rat s1791,s5078,s3531,s1809,s4681,s154,s5037,s3342,s4382,s4380,s16540,s5025,s2242,s4371,s16539,s13572,s2235,s4731,s16544,s2180,s16546,s237]
s16548. ~54 | 434 | ~37 | 10 | 9 | 11 [rat s10218,s15540,s14372,s9745,s2202,s1206,s3,s2808,s6504,s7953,s972,s8030,s8041,s4658,s157,s7033,s4731,s14199,s4,s2235,s237]
s16549. ~37 | 10 | 59 | ~3 | 1 [rat s15001,s15011,s14533,s10748,s14529,s2627,s2831,s8408,s16548,s8830,s5372,s14916,s8038,s8030,s8041,s4658,s14199,s157,s8499,s4822,s2235,s4731,s2808,s6504,s7033,s4,s2180,s16546,s16545,s16527,s237,s16467]
s16550. 35 | 37 | 10 | 247 | ~3 | 1 [rat s15686,s15614,s10748,s15609,s8830,s5372,s8038,s8030,s8942,s15613,s15688,s8041,s8269,s4658,s8811,s4850,s8499,s2235,s4731,s2808,s6504,s7033,s8843,s3904,s4,s2180,s16546,s16545,s16527,s237,s16467]
s16551. 10 | 59 | 247 | ~3 | 1 [rat s5051,s13691,s8214,s16550,s16549,s4,s16527,s2180,s16546,s16545,s237,s16467]
s16552. 49 | 56 | 32 | ~4 | ~3 | 1 [rat s5052,s4979,s5032,s5271,s807,s3130,s4681,s4683,s10965,s4910,s5248,s4382,s4380,s16540,s2242,s2621,s2677,s4371,s16551,s16547,s2027,s13572,s4822,s2235,s16527,s4731,s2180,s16546,s4964,s4965,s16257,s5461,s16545,s237,s16467]
s16553. ~49 | 32 | 247 | 9 | ~5 | 11 [rat s4382,s2242,s4369,s4,s164,s4677,s498,s4413,s237]
s16554. 32 | ~4 | ~3 | 1 [rat s5827,s16540,s2242,s2640,s16551,s16552,s2027,s16553,s13572,s2235,s16527,s4731,s2180,s16546,s4964,s5461,s16545,s237,s16467]
s16555. ~4 | ~3 | 1 [rat s2027,s498,s16551,s4,s4956,s16554,s16544,s4964,s5461,s16527,s2180,s16546,s16545,s237,s16467]
s16556. 32 | 247 | ~10 | 4 | ~5 [rat s4680,s4464,s4382,s4380,s4371,s2242,s237]
s16557. ~3 | 1 [rat s6201,s807,s5430,s5410,s4439,s4628,s5422,s4443,s16556,s2242,s2621,s16512,s16481,s16555,s2180,s16546,s16545,s16527,s237]
s16558. ~37 | 10 | 9 | ~5 | 11 | ~2 [rat s14529,s14533,s2831,s8408,s16548,s13914,s14492,s14916,s8038,s8030,s8041,s4658,s14199,s157,s2235,s4731,s7033,s2027,s498,s4,s237]
s16559. ~36 | ~521 | 10 | 9 | ~5 | 11 | ~2 [rat s12876,s14042,s8856,s14630,s15978,s8269,s1288,s6438,s14065,s11889,s4377,s3925,s3982,s4,s237]
s16560. 10 | 9 | ~5 | 11 | 1 [rat s6267,s14492,s6,s14044,s12644,s14067,s11937,s13141,s8958,s12359,s13177,s13692,s12911,s10218,s13718,s8590,s13720,s4870,s8217,s12605,s7953,s16559,s16558,s8890,s14065,s6326,s9745,s11889,s1791,s2202,s4377,s7218,s6206,s1206,s3925,s3982,s7033,s7977,s8911,s9048,s2808,s6438,s3,s4,s6504,s11895,s16519,s16557,s2235,s1288,s237]
s16561. ~10 | ~5 | ~2 [rat s12911,s4468,s6300,s129,s2242]
s16562. ~9 | ~5 | ~2 [rat s11414,s2180,s11437]
s16563. ~5 | 11 | 1 [rat s16562,s16560,s16561,s16519,s16557]
s16564. ~54 | ~37 | ~7 | 10 | 9 | 11 | ~2 [rat s15032,s8749,s10218,s8727,s14372,s9745,s2202,s1206,s3,s2808,s6504,s7953,s972,s14916,s8038,s8030,s8041,s4658,s157,s7033,s4731,s14199,s2235,s4,s237]
s16565. ~37 | ~7 | 10 | 9 | 11 | ~2 [rat s8805,s7334,s2627,s8593,s8408,s16564,s8830,s8038,s8030,s8041,s4658,s14199,s157,s8499,s2235,s4731,s2808,s6504,s7033,s8635,s8690,s8633,s3,s16481,s3982,s2027,s498,s4,s237]
s16566. ~54 | ~313 | ~7 | 10 | 9 | 11 | ~2 [rat s8830,s7332,s8038,s9054,s8841,s8749,s8811,s8966,s3967,s8499,s8690,s2808,s6504,s7033,s8633,s3,s16481,s3982,s1621,s3925,s8843,s3904,s4,s16565,s237]
s16567. ~52 | 14 | ~7 | 10 | 9 | 11 | ~2 [rat s8620,s4850,s8248,s8690,s8633,s16481,s3982,s8622,s4340,s2568,s3,s4,s237]
s16568. 52 | 54 | 37 | 59 | 411 [rat s8269,s8443,s8811,s8408,s4870]
s16569. 10 | 9 | 11 | 1 [rat s8608,s8749,s16567,s4850,s8243,s8248,s16568,s16566,s16565,s6326,s1791,s2027,s8843,s7218,s6206,s498,s3904,s7033,s7977,s9048,s2,s3,s4,s16539,s11895,s1716,s16519,s16557,s16563,s237]
s16570. ~77 | ~45 | ~2 | 6 | 5 [rat s6099,s5229,s16467,s237]
s16571. ~10 | 5 | ~2 [rat s16570,s129,s2242,s1716]
s16572. ~323 | ~24 | ~39 | 311 | 7 | ~9 | 5 | ~2 [rat s15,s11889,s12319,s10759,s7352,s10224,s11895,s16571,s2180,s2,s1716]
s16573. 14 | 40 | 49 | 7 | ~9 | 5 | ~2 [rat s12124,s11732,s8,s1791,s16572,s4758,s23,s4787,s25,s6206,s4884,s732,s10218,s3186,s16479,s9745,s6312,s16271,s11,s11263,s2216,s76,s51,s6326,s7357,s9504,s2180,s11516,s4952,s10984,s22,s1716,s237]
s16574. ~14 | 7 | ~9 | 5 | ~2 [rat s3015,s7421,s12450,s9,s26,s1716,s2180,s237]
s16575. ~323 | 49 | 7 | ~9 | 5 | ~2 [rat s11889,s11933,s15,s11946,s12319,s6535,s7352,s11895,s2808,s6504,s16571,s2,s6312,s11,s10552,s16573,s2180,s23,s4787,s732,s10984,s22,s4884,s16479,s16271,s11263,s16574,s76,s1716,s16465]
s16576. 49 | 7 | ~9 | 5 | ~2 [rat s12124,s11732,s8,s1791,s16575,s4758,s23,s4787,s4884,s732,s16479,s76,s6326,s7357,s9504,s11516,s4952,s10984,s22,s6206,s25,s3186,s16271,s11263,s16574,s2216,s2180,s1716,s237]
s16577. ~323 | ~39 | ~49 | 311 | 8 | 45 | ~9 | 469 | ~2 [rat s10320,s11533,s12319,s7352,s10224,s2180]
s16578. 7 | ~9 | 5 | ~2 [rat s807,s1454,s11283,s11426,s11413,s11292,s11733,s8,s1791,s16577,s10218,s10370,s74,s3005,s16576,s6206,s3186,s9745,s6312,s16271,s11,s11263,s16574,s22,s2,s1716,s11895,s2886,s2216,s51,s4366,s2808,s6504,s16571,s6326,s7357,s2220,s2219,s2731,s2180,s237]
s16579. 14 | ~8 | ~381 | ~4 | 34 | 16 | ~7 | ~9 | 479 | ~2 [rat s3524,s807,s9700,s6928,s9746,s9777,s9780,s10218,s14196,s10424,s7332,s7369,s7294,s10557,s10382,s2886,s51,s2220,s2731,s2180,s3384,s237,s16464]
s16580. ~14 | ~50 | ~7 | ~9 | ~2 [rat s99,s11144,s9510,s8749,s2180,s157,s2216]
s16581. ~4 | 34 | ~9 | 5 | 479 | ~2 [rat s2755,s12411,s3027,s10418,s9746,s10855,s10218,s14196,s10424,s7332,s7369,s16579,s7294,s10557,s16580,s3384,s5133,s9693,s23,s10984,s10382,s2216,s2180,s51,s8635,s8690,s16571,s5636,s257,s9235,s5642,s16578,s237,s16464]
s16583. 14 | ~498 | ~26 | ~381 | 34 | 16 | ~7 | ~9 | 479 | ~2 [rat s10424,s10711,s7332,s10855,s7369,s7294,s10557,s2180,s51,s3384,s237,s16464]
s16584. 49 | ~9 | 5 | 479 | 379 | ~2 [rat s8408,s11144,s9510,s8749,s16583,s10418,s10877,s5205,s9783,s9691,s9693,s10678,s16492,s16489,s16581,s9364,s2027,s2180,s157,s2216,s8635,s8690,s16571,s5636,s16578,s257,s9235,s237]
s16585. 11 | 1 [rat s7334,s8805,s11889,s11513,s10759,s10224,s1791,s10218,s10332,s9745,s7483,s5159,s10280,s7369,s6206,s16489,s3204,s4351,s73,s74,s2938,s3005,s10334,s16584,s8635,s16578,s2220,s2731,s6326,s51,s2180,s2216,s7357,s16569,s8690,s16571,s16563,s8499,s13572,s16519,s16557,s237]
s16586. ~323 | 184 | 561 | 38 | ~8 | ~5 | 1 [rat s806,s12929,s16406,s10158,s12876,s11902,s9745,s12906,s16119,s12221,s12837,s16519,s16557,s780,s656,s928,s2074,s7286,s784,s190,s1288,s2195,s781,s16585,s237]
s16587. ~37 | ~457 | ~8 | ~5 | 1 [rat s12655,s10218,s6206,s16120,s1791,s9069,s16586,s12904,s12877,s894,s12847,s6326,s1502,s7286,s784,s6346,s129,s190,s16519,s16557,s781,s16585,s237]
s16588. ~36 | ~5 | 1 [rat s14492,s12549,s12256,s12144,s16519,s16557,s781,s6475,s780,s16585]
s16589. ~37 | 32 | ~8 | ~5 | 1 [rat s4380,s6959,s6214,s16587,s905,s780,s6217,s781,s4369,s1154,s772,s16585,s237,s16466]
s16590. ~4 | ~8 | 7 | ~5 | 1 [rat s6471,s1484,s12655,s6703,s10218,s6206,s16120,s1791,s9069,s6526,s6546,s4380,s8843,s6309,s11685,s8811,s12127,s13570,s16589,s168,s780,s736,s6326,s1502,s6217,s7286,s784,s4369,s1154,s772,s6437,s11471,s4870,s195,s7953,s14955,s16588,s6346,s129,s190,s16519,s16557,s781,s16585,s237,s16466]
s16591. ~8 | 7 | ~5 | 1 [rat s6206,s1791,s12673,s12221,s11902,s16406,s1414,s16518,s13982,s4955,s21,s5411,s5288,s16589,s16587,s13160,s6309,s8811,s4628,s8843,s16517,s16590,s6346,s781,s6326,s1502,s16519,s16557,s6475,s780,s4870,s195,s129,s7286,s784,s190,s16585,s7953,s16588,s237]
s16592. ~323 | 8 | 38 | 1 [rat s16120,s7352,s12837,s16519,s16557,s781,s7286,s784,s190,s16585]
s16593. 39 | 47 | 8 | 38 | 1 [rat s10188,s827,s6855,s12460,s16120,s11902,s10218,s16519,s16557,s781,s172,s7286,s784,s190,s16585,s237]
s16594. ~37 | 32 | ~4 | 8 | ~5 | 1 [rat s12274,s12655,s3013,s16593,s12847,s6959,s12110,s4380,s6289,s6214,s4628,s13160,s905,s16519,s16557,s172,s6217,s781,s6475,s780,s4369,s1154,s772,s16585,s7953,s16588,s13982,s4952,s237,s16466]
s16595. ~4 | 7 | ~5 | 1 [rat s6703,s12411,s6206,s1791,s6652,s4380,s6289,s11685,s12127,s13570,s16594,s168,s780,s6326,s1502,s16519,s16557,s6217,s781,s129,s190,s4369,s1154,s772,s11471,s4870,s195,s16585,s14955,s16592,s16591,s7953,s16588,s237,s16466]
s16596. 7 | ~5 | 1 [rat s12847,s12655,s12673,s6206,s1791,s12383,s1414,s16475,s3013,s8811,s16593,s8843,s16517,s16595,s16592,s16591,s780,s172,s6326,s1502,s16519,s16557,s6217,s781,s4870,s195,s129,s190,s16585,s7953,s16588,s237]
s16597. ~7 | 1 [rat s6879,s6826,s16519,s16557,s781,s780,s16585]
s16598. ~37 | 1 [rat s10317,s12319,s2139,s12411,s6206,s1791,s2148,s12383,s3277,s1414,s16475,s3013,s16592,s16593,s894,s905,s972,s780,s172,s6326,s1502,s6217,s781,s11894,s129,s190,s16585,s2,s16596,s16597,s1716,s16519,s16557,s237]
s16599. 38 | 1 [rat s6703,s12411,s6206,s1791,s789,s6652,s8843,s6289,s8811,s12127,s16592,s8269,s780,s6326,s1502,s6217,s781,s4870,s195,s16585,s2,s16596,s16597,s1716,s16519,s16557,s16598,s237]
s16600. ~33 | 1 [rat s16047,s12459,s12411,s11894,s190,s2,s11964,s8284,s6217,s2148,s3277,s1414,s780,s4758,s4941,s732,s4952,s168,s22,s4755,s16475,s891,s172,s888,s16599,s781,s736,s16585,s16596,s1716,s16519,s16557,s16597,s237]
s16601. 3 | 1 [rat s12319,s10236,s12381,s11732,s12207,s8,s9040,s1791,s25,s6206,s16600,s827,s16430,s16331,s4758,s2148,s11086,s4941,s3277,s4755,s732,s1414,s6214,s16475,s12188,s888,s891,s16599,s4952,s168,s22,s2,s11516,s16596,s16597,s11894,s6217,s6326,s172,s190,s736,s780,s781,s1502,s16585,s1716,s16519,s237]
s16602. 1 [rat s16601,s16557]
s16603. ~5 [rat s104,s16602]
s16604. ~9 [rat s91,s16602]
s16606. ~401 [rat s4731,s16604]
s16607. ~296 [rat s3600,s16604]
s16608. ~266 [rat s1288,s16604]
s16609. ~10 | ~6 [rat s210,s129,s16602]
s16610. ~35 | ~6 | ~8 | 11 [rat s1348,s1338,s8225,s6,s5,s1155,s198,s3,s509,s1034,s1238,s4,s976,s16609,s16602,s16604]
s16611. ~6 | ~8 | 11 [rat s1303,s1191,s1371,s8268,s1069,s16610,s7286,s1224,s6,s1310,s5,s1155,s2202,s198,s1206,s498,s509,s1238,s2808,s976,s3,s4,s1846,s6504,s16609,s1034,s16602,s16604,s237,s16608]
s16612. ~37 | 10 | ~8 | 11 [rat s4563,s8143,s7723,s8038,s8154,s8030,s4870,s8040,s14199,s157,s2235,s4546,s4488,s2,s16611,s3982,s198,s3,s6179,s7674,s4,s16602,s237,s16606,s16604,s16467,s16603]
s16613. 10 | 36 | ~8 | 11 [rat s13691,s8214,s8811,s16612,s8843,s3904,s4,s4488,s2,s16611,s16604,s237,s16467,s16603,s16602]
s16614. ~10 | ~8 | 11 [rat s1791,s4542,s4684,s807,s4681,s4536,s4643,s4623,s5999,s4498,s7720,s16486,s129,s2242,s2621,s4371,s13572,s4822,s2235,s4574,s5159,s9285,s4488,s16488,s2,s16611,s237,s16602,s16607,s16606,s16603,s16604,s16467]
s16615. ~8 | 11 [rat s4563,s8143,s7723,s8038,s8030,s8154,s8043,s479,s481,s8942,s8269,s198,s3982,s16613,s3,s4,s16614,s4488,s4546,s2,s16611,s2235,s16602,s237,s16606,s16604,s16603,s16467]
s16616. ~247 | 11 [rat s16484,s4742,s5295,s4628,s4588,s4670,s4403,s4822,s2640,s2242,s16539,s16615,s16606,s16602,s16604,s237]
s16617. 47 | 11 [rat s5410,s807,s4705,s5714,s4697,s5704,s4674,s4402,s4677,s4371,s2621,s2242,s16539,s16615,s16616,s237,s16602,s16607,s16604]
s16618. 8 | 11 [rat s4475,s5571,s4680,s5689,s5792,s16617,s16616,s2242,s4371,s16539,s16604,s16602]
s16619. 11 [rat s16618,s16615]
s16622. ~318 [rat s6513,s16619]
s16624. ~313 [rat s1502,s16619]
s16625. ~202 [rat s1464,s16619]
s16628. 66 [rat s781,s16619]
s16629. 75 [rat s780,s16619]
s16632. ~147 [rat s772,s16466,s16619]
s16640. ~45 [rat s190,s16619]
s16641. ~49 [rat s172,s16619]
s16643. ~53 [rat s784,s16640,s16619]
s16649. ~35 [rat s165,s16604,s16619]
s16651. ~201 [rat s2808,s16622]
s16665. ~434 [rat s6543,s16628]
s16666. 54 [rat s6217,s16619,s16628]
s16678. 285 [rat s6475,s16629]
s16682. ~7 [rat s6717,s16467,s237,s16603,s16628,s16629]
s16684. ~12 [rat s1154,s16632]
s16689. ~469 [rat s11894,s16640]
s16692. ~10 [rat s129,s16640]
s16693. ~40 [rat s7286,s16643]
s16695. ~77 [rat s6258,s16651]
s16706. ~309 [rat s4369,s16684]
s16711. ~321 [rat s7720,s16602,s16706]
s16712. 17 | 274 | ~6 [rat s6,s954,s976,s979,s981,s1755,s16602,s237,s16628,s16619,s16629,s16666,s16692]
s16713. 22 | 247 | ~8 [rat s1559,s873,s912,s16712,s1634,s1897,s7692,s1791,s4698,s693,s7953,s981,s1755,s2,s4672,s1527,s16602,s16693,s237,s16608,s16628,s16619,s16651,s16711,s16682,s16603,s16629,s16666]
s16714. 39 | ~19 | ~6 [rat s3277,s1663,s1478,s9745,s949,s10218,s7953,s981,s1755,s236,s16619,s16628,s16602,s16693,s237,s16692,s16629,s16666]
s16715. 47 | ~8 [rat s16507,s1433,s1434,s1590,s1404,s16714,s6,s1583,s16713,s8811,s6214,s8843,s1847,s976,s979,s981,s1755,s2,s16619,s16624,s237,s16666,s16628,s16629,s16602,s16649,s16682,s16603,s16692,s16695]
s16716. ~8 | 2 [rat s912,s1576,s1455,s807,s16501,s1433,s1590,s10218,s9745,s1503,s2222,s4503,s1448,s789,s16715,s7953,s981,s1755,s2,s16602,s237,s16608,s16628,s16619,s16625,s16624,s16666,s16629,s16693,s16603,s16682]
s16717. 6 | ~56 | 58 [rat s23,s168,s5536,s4884,s4787,s22,s16619,s16682,s16602,s16603]
s16718. 39 | ~457 | 47 | 38 [rat s6,s5,s16714,s873,s979,s976,s1755,s1034,s16717,s807,s16113,s827,s16406,s12460,s11902,s4738,s13160,s8811,s8843,s8269,s16602,s16693,s237,s16628,s16692,s16666,s16619,s16629,s16604,s16625,s16641,s16678,s16649]
s16719. 6 | 48 | 25 | 341 | 47 | 3 [rat s16293,s6,s23,s5,s6716,s168,s4763,s5086,s13,s9,s17,s4927,s22,s6214,s4512,s6289,s4628,s4738,s767,s732,s16475,s16629,s16602,s16641,s16619,s16682,s16603,s16628,s16666]
s16720. 22 | 47 | 38 | 8 [rat s1412,s2139,s1415,s1433,s828,s16507,s1590,s523,s1847,s16719,s16380,s2148,s12222,s3277,s1414,s16475,s3013,s16718,s16228,s5571,s6677,s6214,s13160,s8811,s8843,s8269,s237,s16628,s16619,s16624,s16602,s16641,s16666,s16629,s16684,s16695,s16706,s16678,s16649]
s16721. 39 | ~344 | ~22 | ~37 | 38 [rat s6,s1583,s16714,s979,s976,s16717,s807,s1786,s9613,s12983,s16406,s9745,s11902,s10218,s8269,s16628,s16619,s16602,s16692,s237,s16625,s16629,s16693]
s16722. 6 | 48 | ~22 | 47 [rat s23,s16330,s168,s4763,s5086,s22,s767,s732,s16475,s16628,s16629,s16602,s16641,s16619,s16682,s16603]
s16723. 47 | 38 | 8 [rat s1433,s16507,s1590,s1847,s16722,s16380,s1416,s12222,s1414,s16475,s3013,s16721,s4705,s16720,s13160,s6289,s8811,s4628,s8843,s8269,s16624,s237,s16619,s16666,s16628,s16629,s16695,s16602,s16641,s16678,s16649]
s16724. ~47 | 8 [rat s4588,s11984,s789,s16602,s16619,s16628]
s16725. 6 | 8 [rat s16458,s16047,s16719,s16228,s5571,s23,s168,s16722,s4763,s5086,s22,s6677,s6214,s11964,s8284,s767,s732,s2148,s3277,s1414,s16475,s891,s16723,s16724,s16629,s16628,s16619,s16641,s16665,s237,s16689,s16602,s16706,s16682,s16603,s16666]
s16726. 47 | 8 [rat s981,s1755,s16725,s7953,s16723,s16629,s16628,s16666,s16619,s16602]
s16727. 8 [rat s16726,s16724]
s16729. 6 [rat s2,s16682,s16603,s16727]
s16731. 2 [rat s16716,s16727]
s16735. # [rat s1722,s237,s16603,s16731,s16729]
661801. $false [avatar sat refutation s16735]
% SZS output end Proof for GRP759+1_clausified
% ------------------------------
% Version: Vampire 5.0.0 (Release build, commit 2e2c9b7b8 on 2026-01-17 12:24:14 +0100)
% Linked with Z3 4.14.0.0 3c47fd96cf5645d0c42b2c819d9e9a84380aa721 z3-4.8.4-9178-g3c47fd96c
% CaDiCaL version: 2.1.3
% Termination reason: Refutation
% Time elapsed: 45.509 s
% Peak memory usage: 104 MB
% Instructions burned: 247510 (million)
% ------------------------------
% ------------------------------
