% Running in auto input_syntax mode. Trying TPTP
% Refutation found. Thanks to Tanya!
% SZS status Unsatisfiable for GRP122-1_clausified
% SZS output start Proof for GRP122-1_clausified
1. multiply(X0,multiply(multiply(X0,multiply(multiply(X0,X0),multiply(X1,X2))),multiply(X2,multiply(X2,X2)))) = X1 [input(axiom)]
2. identity = multiply(identity,identity) [input(axiom)]
3. multiply(multiply(a,b),c) != multiply(a,multiply(b,c)) [input(negated conjecture)]
4. multiply(identity,multiply(multiply(identity,multiply(identity,multiply(X0,X1))),multiply(X1,multiply(X1,X1)))) = X0 [superposition 1,2]
5. identity = multiply(X0,multiply(multiply(X0,multiply(multiply(X0,X0),identity)),multiply(identity,identity))) [superposition 1,2]
6. multiply(X1,multiply(multiply(X1,multiply(multiply(X1,X1),X0)),multiply(multiply(multiply(X2,multiply(multiply(X2,X2),multiply(X0,X3))),multiply(X3,multiply(X3,X3))),multiply(multiply(multiply(X2,multiply(multiply(X2,X2),multiply(X0,X3))),multiply(X3,multiply(X3,X3))),multiply(multiply(X2,multiply(multiply(X2,X2),multiply(X0,X3))),multiply(X3,multiply(X3,X3))))))) = X2 [superposition 1,1]
7. multiply(multiply(X1,X1),multiply(multiply(multiply(X1,X1),multiply(X1,X1)),multiply(X0,X2))) = multiply(X1,multiply(multiply(X1,X0),multiply(multiply(X2,multiply(X2,X2)),multiply(multiply(X2,multiply(X2,X2)),multiply(X2,multiply(X2,X2)))))) [superposition 1,1]
8. multiply(X0,multiply(multiply(X0,multiply(multiply(X0,X0),multiply(X1,identity))),multiply(identity,identity))) = X1 [superposition 1,2]
9. multiply(X0,multiply(multiply(X0,multiply(multiply(X0,X0),multiply(X1,identity))),identity)) = X1 [forward demodulation 8,2]
10. identity = multiply(X0,multiply(multiply(X0,multiply(multiply(X0,X0),identity)),identity)) [forward demodulation 5,2]
12. multiply(X0,multiply(multiply(X0,multiply(multiply(X0,X0),identity)),multiply(multiply(multiply(X1,multiply(multiply(X1,X1),identity)),identity),multiply(multiply(multiply(X1,multiply(multiply(X1,X1),identity)),identity),multiply(multiply(X1,multiply(multiply(X1,X1),identity)),identity))))) = X1 [superposition 1,10]
13. multiply(multiply(X0,X0),multiply(multiply(multiply(X0,X0),multiply(X0,X0)),identity)) = multiply(X0,multiply(multiply(X0,identity),multiply(identity,multiply(identity,identity)))) [superposition 1,10]
14. multiply(multiply(X0,X0),multiply(multiply(multiply(X0,X0),multiply(X0,X0)),identity)) = multiply(X0,multiply(multiply(X0,identity),multiply(identity,identity))) [forward demodulation 13,2]
16. multiply(multiply(X0,X0),multiply(multiply(multiply(X0,X0),multiply(X0,X0)),identity)) = multiply(X0,multiply(multiply(X0,identity),identity)) [forward demodulation 14,2]
19. multiply(identity,multiply(multiply(identity,multiply(identity,multiply(X0,identity))),identity)) = X0 [superposition 9,2]
21. multiply(multiply(X1,X1),multiply(multiply(multiply(X1,X1),multiply(X1,X1)),multiply(X0,identity))) = multiply(X1,multiply(multiply(X1,X0),identity)) [superposition 9,9]
28. identity = multiply(identity,multiply(multiply(identity,multiply(identity,X0)),multiply(multiply(multiply(identity,multiply(identity,multiply(X0,X1))),multiply(X1,multiply(X1,X1))),multiply(multiply(multiply(identity,multiply(identity,multiply(X0,X1))),multiply(X1,multiply(X1,X1))),multiply(multiply(identity,multiply(identity,multiply(X0,X1))),multiply(X1,multiply(X1,X1))))))) [superposition 4,4]
29. multiply(identity,multiply(multiply(identity,multiply(identity,X0)),multiply(multiply(multiply(X1,multiply(multiply(X1,X1),multiply(X0,X2))),multiply(X2,multiply(X2,X2))),multiply(multiply(multiply(X1,multiply(multiply(X1,X1),multiply(X0,X2))),multiply(X2,multiply(X2,X2))),multiply(multiply(X1,multiply(multiply(X1,X1),multiply(X0,X2))),multiply(X2,multiply(X2,X2))))))) = X1 [superposition 4,1]
30. multiply(identity,multiply(multiply(identity,multiply(identity,X0)),multiply(multiply(multiply(X1,multiply(multiply(X1,X1),multiply(X0,identity))),identity),multiply(multiply(multiply(X1,multiply(multiply(X1,X1),multiply(X0,identity))),identity),multiply(multiply(X1,multiply(multiply(X1,X1),multiply(X0,identity))),identity))))) = X1 [superposition 4,9]
31. multiply(identity,multiply(multiply(identity,multiply(identity,identity)),multiply(multiply(multiply(X0,multiply(multiply(X0,X0),identity)),identity),multiply(multiply(multiply(X0,multiply(multiply(X0,X0),identity)),identity),multiply(multiply(X0,multiply(multiply(X0,X0),identity)),identity))))) = X0 [superposition 4,10]
34. multiply(identity,multiply(multiply(identity,identity),multiply(X0,identity))) = multiply(identity,multiply(multiply(identity,X0),multiply(identity,multiply(identity,identity)))) [superposition 4,9]
37. identity = multiply(X1,multiply(multiply(X1,multiply(multiply(X1,X1),X0)),multiply(multiply(multiply(identity,multiply(identity,multiply(X0,X2))),multiply(X2,multiply(X2,X2))),multiply(multiply(multiply(identity,multiply(identity,multiply(X0,X2))),multiply(X2,multiply(X2,X2))),multiply(multiply(identity,multiply(identity,multiply(X0,X2))),multiply(X2,multiply(X2,X2))))))) [superposition 1,4]
40. multiply(identity,multiply(identity,multiply(X0,identity))) = multiply(identity,multiply(multiply(identity,X0),multiply(identity,identity))) [forward demodulation 34,2]
43. multiply(identity,multiply(multiply(identity,identity),multiply(multiply(multiply(X0,multiply(multiply(X0,X0),identity)),identity),multiply(multiply(multiply(X0,multiply(multiply(X0,X0),identity)),identity),multiply(multiply(X0,multiply(multiply(X0,X0),identity)),identity))))) = X0 [forward demodulation 31,2]
46. multiply(identity,multiply(identity,multiply(X0,identity))) = multiply(identity,multiply(multiply(identity,X0),identity)) [forward demodulation 40,2]
49. multiply(identity,multiply(identity,multiply(multiply(multiply(X0,multiply(multiply(X0,X0),identity)),identity),multiply(multiply(multiply(X0,multiply(multiply(X0,X0),identity)),identity),multiply(multiply(X0,multiply(multiply(X0,X0),identity)),identity))))) = X0 [forward demodulation 43,2]
72. multiply(multiply(X0,X0),multiply(multiply(multiply(X0,X0),multiply(X0,X0)),identity)) = multiply(X0,multiply(multiply(X0,X1),multiply(multiply(multiply(multiply(X1,multiply(multiply(X1,X1),identity)),identity),multiply(multiply(multiply(X1,multiply(multiply(X1,X1),identity)),identity),multiply(multiply(X1,multiply(multiply(X1,X1),identity)),identity))),multiply(multiply(multiply(multiply(X1,multiply(multiply(X1,X1),identity)),identity),multiply(multiply(multiply(X1,multiply(multiply(X1,X1),identity)),identity),multiply(multiply(X1,multiply(multiply(X1,X1),identity)),identity))),multiply(multiply(multiply(X1,multiply(multiply(X1,X1),identity)),identity),multiply(multiply(multiply(X1,multiply(multiply(X1,X1),identity)),identity),multiply(multiply(X1,multiply(multiply(X1,X1),identity)),identity))))))) [superposition 7,10]
81. multiply(identity,multiply(multiply(identity,identity),multiply(identity,X0))) = multiply(identity,multiply(identity,multiply(multiply(X0,multiply(X0,X0)),multiply(multiply(X0,multiply(X0,X0)),multiply(X0,multiply(X0,X0)))))) [superposition 7,2]
82. multiply(multiply(identity,identity),multiply(multiply(multiply(identity,identity),multiply(identity,identity)),multiply(multiply(multiply(identity,multiply(identity,multiply(X0,X1))),multiply(X1,multiply(X1,X1))),X2))) = multiply(identity,multiply(X0,multiply(multiply(X2,multiply(X2,X2)),multiply(multiply(X2,multiply(X2,X2)),multiply(X2,multiply(X2,X2)))))) [superposition 7,4]
83. multiply(multiply(identity,identity),multiply(multiply(multiply(identity,identity),multiply(identity,identity)),multiply(multiply(multiply(identity,multiply(identity,multiply(X0,identity))),identity),X1))) = multiply(identity,multiply(X0,multiply(multiply(X1,multiply(X1,X1)),multiply(multiply(X1,multiply(X1,X1)),multiply(X1,multiply(X1,X1)))))) [superposition 7,19]
84. multiply(multiply(X1,X1),multiply(multiply(multiply(X1,X1),multiply(X1,X1)),multiply(multiply(multiply(X1,multiply(multiply(X1,X1),multiply(X0,X2))),multiply(X2,multiply(X2,X2))),X3))) = multiply(X1,multiply(X0,multiply(multiply(X3,multiply(X3,X3)),multiply(multiply(X3,multiply(X3,X3)),multiply(X3,multiply(X3,X3)))))) [superposition 7,1]
85. multiply(multiply(X1,X1),multiply(multiply(multiply(X1,X1),multiply(X1,X1)),multiply(multiply(multiply(X1,multiply(multiply(X1,X1),multiply(X0,identity))),identity),X2))) = multiply(X1,multiply(X0,multiply(multiply(X2,multiply(X2,X2)),multiply(multiply(X2,multiply(X2,X2)),multiply(X2,multiply(X2,X2)))))) [superposition 7,9]
86. multiply(multiply(X0,X0),multiply(multiply(multiply(X0,X0),multiply(X0,X0)),multiply(multiply(multiply(X0,multiply(multiply(X0,X0),identity)),identity),X1))) = multiply(X0,multiply(identity,multiply(multiply(X1,multiply(X1,X1)),multiply(multiply(X1,multiply(X1,X1)),multiply(X1,multiply(X1,X1)))))) [superposition 7,10]
87. multiply(multiply(X0,X0),multiply(multiply(multiply(X0,X0),multiply(X0,X0)),multiply(multiply(multiply(X0,X1),multiply(multiply(X2,multiply(X2,X2)),multiply(multiply(X2,multiply(X2,X2)),multiply(X2,multiply(X2,X2))))),X3))) = multiply(X0,multiply(multiply(multiply(X0,X0),multiply(multiply(multiply(X0,X0),multiply(X0,X0)),multiply(X1,X2))),multiply(multiply(X3,multiply(X3,X3)),multiply(multiply(X3,multiply(X3,X3)),multiply(X3,multiply(X3,X3)))))) [superposition 7,7]
93. multiply(multiply(X0,X0),multiply(X0,X0)) = multiply(X0,multiply(multiply(X0,multiply(X0,multiply(multiply(X0,X1),multiply(multiply(X2,multiply(X2,X2)),multiply(multiply(X2,multiply(X2,X2)),multiply(X2,multiply(X2,X2))))))),multiply(multiply(X1,X2),multiply(multiply(X1,X2),multiply(X1,X2))))) [superposition 1,7]
94. multiply(multiply(X0,X0),multiply(multiply(X0,multiply(multiply(X0,X1),multiply(multiply(X2,multiply(X2,X2)),multiply(multiply(X2,multiply(X2,X2)),multiply(X2,multiply(X2,X2)))))),multiply(X2,multiply(X2,X2)))) = X1 [superposition 1,7]
95. multiply(multiply(X0,X0),multiply(multiply(X0,multiply(multiply(X0,X1),multiply(multiply(identity,multiply(identity,identity)),multiply(multiply(identity,multiply(identity,identity)),multiply(identity,multiply(identity,identity)))))),identity)) = X1 [superposition 9,7]
98. multiply(X1,multiply(X1,X1)) = multiply(X0,multiply(multiply(multiply(X0,X0),multiply(multiply(multiply(X0,X0),multiply(X0,X0)),multiply(X0,X1))),multiply(multiply(multiply(X1,multiply(X1,X1)),multiply(X1,multiply(X1,X1))),multiply(multiply(multiply(X1,multiply(X1,X1)),multiply(X1,multiply(X1,X1))),multiply(multiply(X1,multiply(X1,X1)),multiply(X1,multiply(X1,X1))))))) [superposition 1,7]
99. multiply(multiply(X0,X0),multiply(multiply(multiply(X0,X0),multiply(X0,X0)),multiply(multiply(multiply(X0,X0),multiply(X1,multiply(X2,multiply(X2,X2)))),X2))) = X1 [superposition 1,7]
102. multiply(multiply(X0,X0),X1) = multiply(X0,multiply(multiply(X0,multiply(multiply(multiply(X0,X0),multiply(X0,X0)),multiply(multiply(multiply(multiply(X0,X0),multiply(X0,X0)),multiply(multiply(X0,X0),multiply(X0,X0))),multiply(X1,X2)))),multiply(multiply(multiply(X2,multiply(X2,X2)),multiply(multiply(X2,multiply(X2,X2)),multiply(X2,multiply(X2,X2)))),multiply(multiply(multiply(X2,multiply(X2,X2)),multiply(multiply(X2,multiply(X2,X2)),multiply(X2,multiply(X2,X2)))),multiply(multiply(X2,multiply(X2,X2)),multiply(multiply(X2,multiply(X2,X2)),multiply(X2,multiply(X2,X2)))))))) [superposition 1,7]
103. multiply(multiply(identity,identity),multiply(multiply(multiply(identity,identity),multiply(identity,identity)),multiply(multiply(identity,multiply(X0,multiply(X1,multiply(X1,X1)))),X1))) = X0 [superposition 4,7]
106. multiply(identity,multiply(multiply(identity,identity),multiply(multiply(identity,multiply(X0,multiply(X1,multiply(X1,X1)))),X1))) = X0 [forward demodulation 103,2]
107. multiply(multiply(X0,X0),multiply(multiply(X0,multiply(multiply(X0,X1),multiply(multiply(identity,identity),multiply(multiply(identity,identity),multiply(identity,identity))))),identity)) = X1 [forward demodulation 95,2]
110. multiply(identity,multiply(X0,multiply(multiply(X1,multiply(X1,X1)),multiply(multiply(X1,multiply(X1,X1)),multiply(X1,multiply(X1,X1)))))) = multiply(identity,multiply(multiply(identity,identity),multiply(multiply(multiply(identity,multiply(identity,multiply(X0,identity))),identity),X1))) [forward demodulation 83,2]
111. multiply(identity,multiply(X0,multiply(multiply(X2,multiply(X2,X2)),multiply(multiply(X2,multiply(X2,X2)),multiply(X2,multiply(X2,X2)))))) = multiply(identity,multiply(multiply(identity,identity),multiply(multiply(multiply(identity,multiply(identity,multiply(X0,X1))),multiply(X1,multiply(X1,X1))),X2))) [forward demodulation 82,2]
112. multiply(identity,multiply(identity,multiply(multiply(X0,multiply(X0,X0)),multiply(multiply(X0,multiply(X0,X0)),multiply(X0,multiply(X0,X0)))))) = multiply(identity,multiply(identity,multiply(identity,X0))) [forward demodulation 81,2]
115. multiply(X0,multiply(multiply(X0,identity),identity)) = multiply(X0,multiply(multiply(X0,X1),multiply(multiply(multiply(multiply(X1,multiply(multiply(X1,X1),identity)),identity),multiply(multiply(multiply(X1,multiply(multiply(X1,X1),identity)),identity),multiply(multiply(X1,multiply(multiply(X1,X1),identity)),identity))),multiply(multiply(multiply(multiply(X1,multiply(multiply(X1,X1),identity)),identity),multiply(multiply(multiply(X1,multiply(multiply(X1,X1),identity)),identity),multiply(multiply(X1,multiply(multiply(X1,X1),identity)),identity))),multiply(multiply(multiply(X1,multiply(multiply(X1,X1),identity)),identity),multiply(multiply(multiply(X1,multiply(multiply(X1,X1),identity)),identity),multiply(multiply(X1,multiply(multiply(X1,X1),identity)),identity))))))) [forward demodulation 72,16]
118. multiply(identity,multiply(identity,multiply(multiply(identity,multiply(X0,multiply(X1,multiply(X1,X1)))),X1))) = X0 [forward demodulation 106,2]
119. multiply(multiply(X0,X0),multiply(multiply(X0,multiply(multiply(X0,X1),multiply(identity,multiply(identity,identity)))),identity)) = X1 [forward demodulation 107,2]
122. multiply(identity,multiply(X0,multiply(multiply(X1,multiply(X1,X1)),multiply(multiply(X1,multiply(X1,X1)),multiply(X1,multiply(X1,X1)))))) = multiply(identity,multiply(identity,multiply(multiply(multiply(identity,multiply(identity,multiply(X0,identity))),identity),X1))) [forward demodulation 110,2]
123. multiply(identity,multiply(X0,multiply(multiply(X2,multiply(X2,X2)),multiply(multiply(X2,multiply(X2,X2)),multiply(X2,multiply(X2,X2)))))) = multiply(identity,multiply(identity,multiply(multiply(multiply(identity,multiply(identity,multiply(X0,X1))),multiply(X1,multiply(X1,X1))),X2))) [forward demodulation 111,2]
128. multiply(multiply(X0,X0),multiply(multiply(X0,multiply(multiply(X0,X1),multiply(identity,identity))),identity)) = X1 [forward demodulation 119,2]
130. multiply(identity,multiply(identity,multiply(multiply(multiply(identity,multiply(identity,multiply(X0,X1))),multiply(X1,multiply(X1,X1))),X2))) = multiply(identity,multiply(identity,multiply(multiply(multiply(identity,multiply(identity,multiply(X0,identity))),identity),X2))) [forward demodulation 123,122]
134. multiply(multiply(X0,X0),multiply(multiply(X0,multiply(multiply(X0,X1),identity)),identity)) = X1 [forward demodulation 128,2]
144. multiply(identity,multiply(X0,identity)) = multiply(identity,multiply(identity,multiply(multiply(multiply(identity,multiply(identity,multiply(X0,identity))),identity),identity))) [superposition 46,19]
145. multiply(identity,multiply(multiply(identity,multiply(identity,multiply(X0,identity))),identity)) = multiply(identity,multiply(identity,multiply(multiply(multiply(identity,X0),identity),identity))) [superposition 46,46]
153. multiply(identity,multiply(identity,multiply(multiply(identity,multiply(X0,identity)),identity))) = X0 [superposition 19,46]
168. multiply(identity,multiply(identity,multiply(identity,multiply(multiply(X0,identity),identity)))) = X0 [forward demodulation 153,46]
176. multiply(identity,multiply(identity,multiply(multiply(multiply(identity,X0),identity),identity))) = X0 [forward demodulation 145,19]
200. multiply(X0,multiply(multiply(X0,identity),multiply(multiply(multiply(X1,multiply(multiply(X1,X1),multiply(multiply(multiply(multiply(X0,X0),multiply(multiply(multiply(X0,X0),multiply(X0,X0)),identity)),identity),X2))),multiply(X2,multiply(X2,X2))),multiply(multiply(multiply(X1,multiply(multiply(X1,X1),multiply(multiply(multiply(multiply(X0,X0),multiply(multiply(multiply(X0,X0),multiply(X0,X0)),identity)),identity),X2))),multiply(X2,multiply(X2,X2))),multiply(multiply(X1,multiply(multiply(X1,X1),multiply(multiply(multiply(multiply(X0,X0),multiply(multiply(multiply(X0,X0),multiply(X0,X0)),identity)),identity),X2))),multiply(X2,multiply(X2,X2))))))) = X1 [superposition 6,10]
226. multiply(multiply(X1,X1),multiply(multiply(multiply(X1,X1),multiply(X1,X1)),multiply(multiply(multiply(X1,multiply(multiply(X1,X1),X2)),multiply(multiply(multiply(X0,multiply(multiply(X0,X0),multiply(X2,X3))),multiply(X3,multiply(X3,X3))),multiply(multiply(multiply(X0,multiply(multiply(X0,X0),multiply(X2,X3))),multiply(X3,multiply(X3,X3))),multiply(multiply(X0,multiply(multiply(X0,X0),multiply(X2,X3))),multiply(X3,multiply(X3,X3)))))),X4))) = multiply(X1,multiply(X0,multiply(multiply(X4,multiply(X4,X4)),multiply(multiply(X4,multiply(X4,X4)),multiply(X4,multiply(X4,X4)))))) [superposition 7,6]
232. multiply(identity,multiply(multiply(identity,identity),X1)) = multiply(identity,multiply(multiply(identity,X0),multiply(multiply(multiply(multiply(X0,multiply(multiply(X0,X0),multiply(X1,X2))),multiply(X2,multiply(X2,X2))),multiply(multiply(multiply(X0,multiply(multiply(X0,X0),multiply(X1,X2))),multiply(X2,multiply(X2,X2))),multiply(multiply(X0,multiply(multiply(X0,X0),multiply(X1,X2))),multiply(X2,multiply(X2,X2))))),multiply(multiply(multiply(multiply(X0,multiply(multiply(X0,X0),multiply(X1,X2))),multiply(X2,multiply(X2,X2))),multiply(multiply(multiply(X0,multiply(multiply(X0,X0),multiply(X1,X2))),multiply(X2,multiply(X2,X2))),multiply(multiply(X0,multiply(multiply(X0,X0),multiply(X1,X2))),multiply(X2,multiply(X2,X2))))),multiply(multiply(multiply(X0,multiply(multiply(X0,X0),multiply(X1,X2))),multiply(X2,multiply(X2,X2))),multiply(multiply(multiply(X0,multiply(multiply(X0,X0),multiply(X1,X2))),multiply(X2,multiply(X2,X2))),multiply(multiply(X0,multiply(multiply(X0,X0),multiply(X1,X2))),multiply(X2,multiply(X2,X2))))))))) [superposition 4,6]
235. multiply(identity,multiply(multiply(identity,identity),X1)) = multiply(identity,multiply(identity,multiply(multiply(multiply(identity,multiply(identity,multiply(multiply(identity,X0),identity))),identity),multiply(multiply(X0,multiply(multiply(X0,X0),multiply(X1,X2))),multiply(X2,multiply(X2,X2)))))) [forward demodulation 232,122]
241. multiply(X0,multiply(multiply(X0,identity),multiply(multiply(multiply(X1,multiply(multiply(X1,X1),multiply(multiply(multiply(X0,multiply(multiply(X0,identity),identity)),identity),X2))),multiply(X2,multiply(X2,X2))),multiply(multiply(multiply(X1,multiply(multiply(X1,X1),multiply(multiply(multiply(X0,multiply(multiply(X0,identity),identity)),identity),X2))),multiply(X2,multiply(X2,X2))),multiply(multiply(X1,multiply(multiply(X1,X1),multiply(multiply(multiply(X0,multiply(multiply(X0,identity),identity)),identity),X2))),multiply(X2,multiply(X2,X2))))))) = X1 [forward demodulation 200,16]
243. multiply(identity,multiply(multiply(identity,identity),X1)) = multiply(identity,multiply(identity,multiply(multiply(multiply(identity,multiply(identity,multiply(identity,multiply(X0,identity)))),identity),multiply(multiply(X0,multiply(multiply(X0,X0),multiply(X1,X2))),multiply(X2,multiply(X2,X2)))))) [forward demodulation 235,46]
246. multiply(identity,multiply(identity,X1)) = multiply(identity,multiply(identity,multiply(multiply(multiply(identity,multiply(identity,multiply(identity,multiply(X0,identity)))),identity),multiply(multiply(X0,multiply(multiply(X0,X0),multiply(X1,X2))),multiply(X2,multiply(X2,X2)))))) [forward demodulation 243,2]
270. multiply(multiply(identity,multiply(identity,multiply(X0,X1))),multiply(X1,multiply(X1,X1))) = multiply(multiply(identity,identity),multiply(multiply(identity,multiply(X0,identity)),identity)) [superposition 134,4]
272. multiply(multiply(identity,X0),identity) = multiply(multiply(identity,identity),multiply(multiply(identity,multiply(multiply(identity,multiply(identity,multiply(X0,identity))),identity)),identity)) [superposition 134,46]
274. multiply(multiply(X1,multiply(multiply(X1,X1),multiply(X0,X2))),multiply(X2,multiply(X2,X2))) = multiply(multiply(X1,X1),multiply(multiply(X1,multiply(X0,identity)),identity)) [superposition 134,1]
275. multiply(multiply(X1,multiply(multiply(X1,X1),multiply(X0,identity))),identity) = multiply(multiply(X1,X1),multiply(multiply(X1,multiply(X0,identity)),identity)) [superposition 134,9]
276. multiply(multiply(X0,multiply(multiply(X0,X0),identity)),identity) = multiply(multiply(X0,X0),multiply(multiply(X0,multiply(identity,identity)),identity)) [superposition 134,10]
277. multiply(multiply(X1,multiply(multiply(X1,X1),X2)),multiply(multiply(multiply(X0,multiply(multiply(X0,X0),multiply(X2,X3))),multiply(X3,multiply(X3,X3))),multiply(multiply(multiply(X0,multiply(multiply(X0,X0),multiply(X2,X3))),multiply(X3,multiply(X3,X3))),multiply(multiply(X0,multiply(multiply(X0,X0),multiply(X2,X3))),multiply(X3,multiply(X3,X3)))))) = multiply(multiply(X1,X1),multiply(multiply(X1,multiply(X0,identity)),identity)) [superposition 134,6]
280. multiply(multiply(X1,multiply(multiply(X1,X0),identity)),identity) = multiply(multiply(multiply(X1,X1),multiply(X1,X1)),multiply(multiply(multiply(X1,X1),multiply(X0,identity)),identity)) [superposition 134,134]
298. multiply(multiply(X0,multiply(multiply(X0,X0),identity)),identity) = multiply(multiply(X0,X0),multiply(multiply(X0,identity),identity)) [forward demodulation 276,2]
300. multiply(identity,multiply(X0,identity)) = multiply(multiply(identity,X0),identity) [forward demodulation 272,134]
302. multiply(multiply(identity,multiply(identity,multiply(X0,X1))),multiply(X1,multiply(X1,X1))) = multiply(identity,multiply(multiply(identity,multiply(X0,identity)),identity)) [forward demodulation 270,2]
307. multiply(multiply(identity,multiply(identity,multiply(X0,X1))),multiply(X1,multiply(X1,X1))) = multiply(identity,multiply(identity,multiply(multiply(X0,identity),identity))) [forward demodulation 302,46]
331. multiply(identity,X0) = multiply(X1,multiply(multiply(X1,multiply(multiply(X1,X1),multiply(identity,multiply(X0,identity)))),identity)) [superposition 9,300]
403. multiply(X0,identity) = multiply(identity,multiply(multiply(identity,multiply(multiply(identity,multiply(X0,multiply(X1,multiply(X1,X1)))),X1)),identity)) [superposition 300,118]
414. multiply(X0,identity) = multiply(identity,multiply(identity,multiply(multiply(multiply(identity,multiply(X0,multiply(X1,multiply(X1,X1)))),X1),identity))) [forward demodulation 403,46]
530. identity = multiply(X0,multiply(multiply(X0,X0),multiply(multiply(X0,identity),identity))) [superposition 10,298]
536. multiply(X0,multiply(multiply(X0,X0),identity)) = multiply(identity,multiply(identity,multiply(identity,multiply(multiply(multiply(X0,X0),multiply(multiply(X0,identity),identity)),identity)))) [superposition 168,298]
645. identity = multiply(multiply(identity,X0),multiply(multiply(multiply(identity,X0),multiply(identity,X0)),multiply(multiply(identity,multiply(X0,identity)),identity))) [superposition 530,300]
682. identity = multiply(multiply(identity,X0),multiply(multiply(multiply(identity,X0),multiply(identity,X0)),multiply(identity,multiply(multiply(X0,identity),identity)))) [forward demodulation 645,300]
781. multiply(identity,multiply(multiply(X0,multiply(X0,X0)),multiply(multiply(X0,multiply(X0,X0)),multiply(X0,multiply(X0,X0))))) = multiply(multiply(identity,identity),multiply(multiply(identity,multiply(multiply(identity,multiply(identity,multiply(identity,X0))),identity)),identity)) [superposition 134,112]
788. multiply(identity,multiply(identity,X0)) = multiply(identity,multiply(multiply(X0,multiply(X0,X0)),multiply(multiply(X0,multiply(X0,X0)),multiply(X0,multiply(X0,X0))))) [forward demodulation 781,134]
817. multiply(identity,multiply(identity,multiply(identity,multiply(X0,identity)))) = multiply(X1,multiply(multiply(X1,multiply(multiply(X1,X1),X0)),identity)) [superposition 331,19]
1808. multiply(identity,multiply(multiply(multiply(identity,multiply(identity,multiply(identity,multiply(X1,identity)))),identity),multiply(multiply(X1,multiply(multiply(X1,X1),multiply(X0,X2))),multiply(X2,multiply(X2,X2))))) = multiply(multiply(identity,identity),multiply(multiply(identity,multiply(multiply(identity,multiply(identity,X0)),identity)),identity)) [superposition 134,246]
1809. multiply(identity,X0) = multiply(identity,multiply(multiply(multiply(identity,multiply(identity,multiply(identity,multiply(X1,identity)))),identity),multiply(multiply(X1,multiply(multiply(X1,X1),multiply(X0,X2))),multiply(X2,multiply(X2,X2))))) [forward demodulation 1808,134]
1889. multiply(identity,X0) = multiply(identity,multiply(multiply(multiply(identity,multiply(identity,multiply(identity,multiply(X1,identity)))),identity),multiply(multiply(X1,X1),multiply(multiply(X1,multiply(X0,identity)),identity)))) [forward demodulation 1809,274]
1965. multiply(identity,X0) = multiply(identity,multiply(multiply(identity,multiply(multiply(identity,multiply(identity,multiply(X1,identity))),identity)),multiply(multiply(X1,X1),multiply(multiply(X1,multiply(X0,identity)),identity)))) [forward demodulation 1889,300]
2021. multiply(identity,X0) = multiply(identity,multiply(X1,multiply(multiply(X1,X1),multiply(multiply(X1,multiply(X0,identity)),identity)))) [forward demodulation 1965,19]
2154. multiply(multiply(identity,identity),multiply(multiply(identity,multiply(multiply(identity,X0),identity)),identity)) = multiply(X1,multiply(multiply(X1,X1),multiply(multiply(X1,multiply(X0,identity)),identity))) [superposition 134,2021]
2157. multiply(X1,multiply(multiply(X1,X1),multiply(multiply(X1,multiply(X0,identity)),identity))) = X0 [forward demodulation 2154,134]
2355. multiply(identity,X0) = multiply(X1,multiply(multiply(X1,X1),multiply(multiply(X1,multiply(identity,multiply(X0,identity))),identity))) [superposition 2157,300]
2489. multiply(identity,multiply(identity,multiply(multiply(X0,identity),identity))) = multiply(multiply(identity,multiply(identity,X1)),multiply(multiply(multiply(X0,multiply(multiply(X0,X0),multiply(X1,identity))),identity),multiply(multiply(multiply(X0,multiply(multiply(X0,X0),multiply(X1,identity))),identity),multiply(multiply(X0,multiply(multiply(X0,X0),multiply(X1,identity))),identity)))) [superposition 176,30]
2512. multiply(identity,multiply(identity,multiply(multiply(X0,identity),identity))) = multiply(multiply(identity,multiply(identity,X1)),multiply(multiply(multiply(X0,X0),multiply(multiply(X0,multiply(X1,identity)),identity)),multiply(multiply(multiply(X0,X0),multiply(multiply(X0,multiply(X1,identity)),identity)),multiply(multiply(X0,X0),multiply(multiply(X0,multiply(X1,identity)),identity))))) [forward demodulation 2489,275]
2692. multiply(identity,multiply(identity,multiply(identity,multiply(X0,identity)))) = multiply(X1,multiply(multiply(X1,X1),multiply(multiply(X1,X0),identity))) [superposition 2355,19]
3134. multiply(multiply(identity,multiply(X0,multiply(X1,multiply(X1,X1)))),X1) = multiply(identity,multiply(multiply(X0,identity),identity)) [superposition 19,414]
3496. multiply(X0,multiply(multiply(multiply(X1,multiply(X1,X1)),multiply(multiply(X1,multiply(X1,X1)),multiply(X1,multiply(X1,X1)))),multiply(multiply(multiply(X1,multiply(X1,X1)),multiply(multiply(X1,multiply(X1,X1)),multiply(X1,multiply(X1,X1)))),multiply(multiply(X1,multiply(X1,X1)),multiply(multiply(X1,multiply(X1,X1)),multiply(X1,multiply(X1,X1))))))) = multiply(multiply(identity,identity),multiply(multiply(identity,multiply(identity,multiply(multiply(X0,identity),identity))),multiply(X1,multiply(X1,X1)))) [superposition 94,3134]
3513. multiply(identity,multiply(identity,multiply(multiply(multiply(identity,multiply(identity,multiply(multiply(X0,identity),identity))),X1),identity))) = multiply(multiply(identity,multiply(X0,multiply(multiply(X1,multiply(X1,X1)),multiply(multiply(X1,multiply(X1,X1)),multiply(X1,multiply(X1,X1)))))),identity) [superposition 414,3134]
3514. multiply(identity,multiply(X0,multiply(multiply(X2,multiply(X2,X2)),multiply(multiply(X2,multiply(X2,X2)),multiply(X2,multiply(X2,X2)))))) = multiply(multiply(X1,X1),multiply(multiply(multiply(X1,X1),multiply(X1,X1)),multiply(multiply(multiply(X1,X1),multiply(identity,multiply(multiply(X0,identity),identity))),X2))) [superposition 99,3134]
3553. multiply(identity,multiply(identity,multiply(multiply(multiply(identity,multiply(identity,multiply(X0,identity))),identity),X2))) = multiply(multiply(X1,X1),multiply(multiply(multiply(X1,X1),multiply(X1,X1)),multiply(multiply(multiply(X1,X1),multiply(identity,multiply(multiply(X0,identity),identity))),X2))) [forward demodulation 3514,122]
3554. multiply(identity,multiply(identity,multiply(multiply(multiply(identity,multiply(identity,multiply(multiply(X0,identity),identity))),X1),identity))) = multiply(identity,multiply(multiply(X0,multiply(multiply(X1,multiply(X1,X1)),multiply(multiply(X1,multiply(X1,X1)),multiply(X1,multiply(X1,X1))))),identity)) [forward demodulation 3513,300]
3568. multiply(X0,multiply(multiply(multiply(X1,multiply(X1,X1)),multiply(multiply(X1,multiply(X1,X1)),multiply(X1,multiply(X1,X1)))),multiply(multiply(multiply(X1,multiply(X1,X1)),multiply(multiply(X1,multiply(X1,X1)),multiply(X1,multiply(X1,X1)))),multiply(multiply(X1,multiply(X1,X1)),multiply(multiply(X1,multiply(X1,X1)),multiply(X1,multiply(X1,X1))))))) = multiply(identity,multiply(multiply(identity,multiply(identity,multiply(multiply(X0,identity),identity))),multiply(X1,multiply(X1,X1)))) [forward demodulation 3496,2]
3600. multiply(identity,multiply(identity,multiply(multiply(identity,multiply(multiply(identity,multiply(X0,identity)),identity)),X2))) = multiply(multiply(X1,X1),multiply(multiply(multiply(X1,X1),multiply(X1,X1)),multiply(multiply(multiply(X1,X1),multiply(identity,multiply(multiply(X0,identity),identity))),X2))) [forward demodulation 3553,300]
3630. multiply(identity,multiply(identity,multiply(multiply(identity,multiply(identity,multiply(multiply(X0,identity),identity))),X2))) = multiply(multiply(X1,X1),multiply(multiply(multiply(X1,X1),multiply(X1,X1)),multiply(multiply(multiply(X1,X1),multiply(identity,multiply(multiply(X0,identity),identity))),X2))) [forward demodulation 3600,46]
3775. multiply(X0,multiply(multiply(X1,multiply(X1,X1)),multiply(multiply(X1,multiply(X1,X1)),multiply(X1,multiply(X1,X1))))) = multiply(identity,multiply(identity,multiply(multiply(multiply(multiply(identity,identity),multiply(multiply(multiply(identity,identity),multiply(identity,identity)),multiply(multiply(multiply(identity,multiply(multiply(identity,identity),multiply(X0,identity))),identity),X1))),identity),identity))) [superposition 176,85]
3780. multiply(X0,multiply(multiply(X1,multiply(X1,X1)),multiply(multiply(X1,multiply(X1,X1)),multiply(X1,multiply(X1,X1))))) = multiply(identity,multiply(identity,multiply(multiply(multiply(multiply(identity,identity),multiply(multiply(multiply(identity,identity),multiply(identity,identity)),multiply(multiply(multiply(identity,identity),multiply(multiply(identity,multiply(X0,identity)),identity)),X1))),identity),identity))) [forward demodulation 3775,275]
3876. multiply(X0,multiply(multiply(X1,multiply(X1,X1)),multiply(multiply(X1,multiply(X1,X1)),multiply(X1,multiply(X1,X1))))) = multiply(identity,multiply(identity,multiply(multiply(multiply(multiply(identity,identity),multiply(multiply(multiply(identity,identity),multiply(identity,identity)),multiply(multiply(multiply(identity,identity),multiply(identity,multiply(multiply(X0,identity),identity))),X1))),identity),identity))) [forward demodulation 3780,300]
3947. multiply(X0,multiply(multiply(X1,multiply(X1,X1)),multiply(multiply(X1,multiply(X1,X1)),multiply(X1,multiply(X1,X1))))) = multiply(identity,multiply(identity,multiply(multiply(multiply(identity,multiply(identity,multiply(multiply(identity,multiply(identity,multiply(multiply(X0,identity),identity))),X1))),identity),identity))) [forward demodulation 3876,3630]
4003. multiply(X0,multiply(multiply(X1,multiply(X1,X1)),multiply(multiply(X1,multiply(X1,X1)),multiply(X1,multiply(X1,X1))))) = multiply(identity,multiply(multiply(identity,multiply(identity,multiply(multiply(X0,identity),identity))),X1)) [forward demodulation 3947,176]
4171. multiply(multiply(multiply(identity,X0),multiply(identity,X0)),multiply(multiply(multiply(multiply(identity,X0),multiply(identity,X0)),multiply(multiply(identity,X0),multiply(identity,X0))),multiply(multiply(multiply(multiply(identity,X0),multiply(identity,X0)),multiply(identity,multiply(multiply(X0,identity),identity))),X1))) = multiply(multiply(identity,X0),multiply(identity,multiply(multiply(X1,multiply(X1,X1)),multiply(multiply(X1,multiply(X1,X1)),multiply(X1,multiply(X1,X1)))))) [superposition 7,682]
4180. multiply(multiply(multiply(identity,X0),multiply(identity,X0)),multiply(multiply(multiply(multiply(identity,X0),multiply(identity,X0)),multiply(multiply(identity,X0),multiply(identity,X0))),multiply(multiply(multiply(multiply(identity,X0),multiply(identity,X0)),multiply(identity,multiply(multiply(X0,identity),identity))),X1))) = multiply(multiply(identity,X0),multiply(identity,multiply(identity,X1))) [forward demodulation 4171,788]
4230. multiply(identity,multiply(identity,multiply(multiply(identity,multiply(identity,multiply(multiply(X0,identity),identity))),X1))) = multiply(multiply(identity,X0),multiply(identity,multiply(identity,X1))) [forward demodulation 4180,3630]
4514. multiply(identity,multiply(identity,multiply(multiply(identity,X0),multiply(multiply(X1,multiply(X1,X1)),multiply(multiply(X1,multiply(X1,X1)),multiply(X1,multiply(X1,X1))))))) = multiply(identity,multiply(identity,multiply(multiply(multiply(identity,identity),multiply(identity,identity)),multiply(X0,X1)))) [superposition 118,93]
4529. multiply(identity,multiply(identity,multiply(multiply(identity,X0),multiply(multiply(X1,multiply(X1,X1)),multiply(multiply(X1,multiply(X1,X1)),multiply(X1,multiply(X1,X1))))))) = multiply(identity,multiply(identity,multiply(multiply(identity,identity),multiply(X0,X1)))) [forward demodulation 4514,2]
4650. multiply(identity,multiply(identity,multiply(multiply(identity,X0),multiply(multiply(X1,multiply(X1,X1)),multiply(multiply(X1,multiply(X1,X1)),multiply(X1,multiply(X1,X1))))))) = multiply(identity,multiply(identity,multiply(identity,multiply(X0,X1)))) [forward demodulation 4529,2]
4741. multiply(identity,multiply(identity,multiply(identity,multiply(X0,X1)))) = multiply(identity,multiply(identity,multiply(identity,multiply(multiply(multiply(identity,multiply(identity,multiply(multiply(identity,X0),identity))),identity),X1)))) [forward demodulation 4650,122]
4800. multiply(identity,multiply(identity,multiply(identity,multiply(X0,X1)))) = multiply(identity,multiply(identity,multiply(identity,multiply(multiply(identity,multiply(multiply(identity,multiply(multiply(identity,X0),identity)),identity)),X1)))) [forward demodulation 4741,300]
4832. multiply(identity,multiply(identity,multiply(identity,multiply(X0,X1)))) = multiply(identity,multiply(identity,multiply(identity,multiply(multiply(identity,multiply(identity,multiply(multiply(multiply(identity,X0),identity),identity))),X1)))) [forward demodulation 4800,46]
4858. multiply(identity,multiply(identity,multiply(identity,multiply(X0,X1)))) = multiply(identity,multiply(multiply(identity,multiply(identity,X0)),multiply(identity,multiply(identity,X1)))) [forward demodulation 4832,4230]
4951. multiply(identity,multiply(identity,multiply(identity,multiply(multiply(multiply(multiply(X0,X0),X1),multiply(multiply(X2,multiply(X2,X2)),multiply(multiply(X2,multiply(X2,X2)),multiply(X2,multiply(X2,X2))))),identity)))) = multiply(X0,multiply(multiply(X0,multiply(multiply(multiply(X0,X0),multiply(X0,X0)),multiply(multiply(multiply(multiply(X0,X0),multiply(X0,X0)),multiply(multiply(X0,X0),multiply(X0,X0))),multiply(X1,X2)))),identity)) [superposition 817,7]
4956. multiply(identity,multiply(identity,multiply(identity,multiply(multiply(X1,multiply(multiply(X2,multiply(X2,X2)),multiply(multiply(X2,multiply(X2,X2)),multiply(X2,multiply(X2,X2))))),identity)))) = multiply(X0,multiply(multiply(X0,multiply(multiply(multiply(X0,X0),multiply(X0,X0)),multiply(multiply(multiply(multiply(X0,X0),multiply(X0,X0)),multiply(multiply(X0,X0),multiply(X0,X0))),multiply(multiply(multiply(multiply(X0,X0),multiply(multiply(multiply(X0,X0),multiply(X0,X0)),multiply(X1,identity))),identity),X2)))),identity)) [superposition 817,85]
4988. multiply(multiply(X1,X1),multiply(multiply(multiply(X1,X1),multiply(X1,X1)),multiply(multiply(multiply(X1,multiply(multiply(X1,X1),X0)),identity),X2))) = multiply(X1,multiply(multiply(identity,multiply(identity,multiply(identity,multiply(X0,identity)))),multiply(multiply(X2,multiply(X2,X2)),multiply(multiply(X2,multiply(X2,X2)),multiply(X2,multiply(X2,X2)))))) [superposition 7,817]
4993. multiply(multiply(X1,multiply(multiply(X1,X1),X0)),identity) = multiply(multiply(X1,X1),multiply(multiply(X1,multiply(multiply(identity,multiply(identity,multiply(identity,multiply(X0,identity)))),identity)),identity)) [superposition 134,817]
4998. multiply(multiply(X1,X1),multiply(multiply(multiply(X1,X1),multiply(X1,X1)),X0)) = multiply(X1,multiply(multiply(X1,multiply(identity,multiply(identity,multiply(identity,multiply(X0,identity))))),identity)) [superposition 9,817]
5002. multiply(multiply(X1,X1),multiply(identity,multiply(identity,multiply(identity,multiply(X0,identity))))) = multiply(X1,multiply(multiply(X1,multiply(multiply(multiply(X1,X1),multiply(X1,X1)),multiply(multiply(multiply(multiply(X1,X1),multiply(X1,X1)),multiply(multiply(X1,X1),multiply(X1,X1))),X0))),identity)) [superposition 21,817]
5043. multiply(multiply(X1,multiply(multiply(X1,X1),X0)),identity) = multiply(multiply(X1,X1),multiply(multiply(X1,multiply(identity,multiply(multiply(identity,multiply(identity,multiply(X0,identity))),identity))),identity)) [forward demodulation 4993,300]
5048. multiply(multiply(X1,X1),multiply(multiply(multiply(X1,X1),multiply(X1,X1)),multiply(multiply(multiply(X1,multiply(multiply(X1,X1),X0)),identity),X2))) = multiply(X1,multiply(identity,multiply(multiply(identity,multiply(identity,multiply(multiply(multiply(identity,multiply(identity,multiply(identity,multiply(X0,identity)))),identity),identity))),X2))) [forward demodulation 4988,4003]
5072. multiply(identity,multiply(identity,multiply(identity,multiply(multiply(X1,multiply(multiply(X2,multiply(X2,X2)),multiply(multiply(X2,multiply(X2,X2)),multiply(X2,multiply(X2,X2))))),identity)))) = multiply(multiply(X0,X0),multiply(identity,multiply(identity,multiply(identity,multiply(multiply(multiply(multiply(multiply(X0,X0),multiply(multiply(multiply(X0,X0),multiply(X0,X0)),multiply(X1,identity))),identity),X2),identity))))) [forward demodulation 4956,5002]
5076. multiply(identity,multiply(identity,multiply(identity,multiply(multiply(multiply(multiply(X0,X0),X1),multiply(multiply(X2,multiply(X2,X2)),multiply(multiply(X2,multiply(X2,X2)),multiply(X2,multiply(X2,X2))))),identity)))) = multiply(multiply(X0,X0),multiply(identity,multiply(identity,multiply(identity,multiply(multiply(X1,X2),identity))))) [forward demodulation 4951,5002]
5115. multiply(multiply(X1,multiply(multiply(X1,X1),X0)),identity) = multiply(multiply(X1,X1),multiply(multiply(X1,X0),identity)) [forward demodulation 5043,19]
5119. multiply(multiply(X1,X1),multiply(multiply(multiply(X1,X1),multiply(X1,X1)),multiply(multiply(multiply(X1,multiply(multiply(X1,X1),X0)),identity),X2))) = multiply(X1,multiply(identity,multiply(multiply(identity,multiply(identity,multiply(X0,identity))),X2))) [forward demodulation 5048,176]
5129. multiply(identity,multiply(identity,multiply(identity,multiply(multiply(X1,multiply(multiply(X2,multiply(X2,X2)),multiply(multiply(X2,multiply(X2,X2)),multiply(X2,multiply(X2,X2))))),identity)))) = multiply(multiply(X0,X0),multiply(identity,multiply(identity,multiply(identity,multiply(multiply(multiply(multiply(multiply(X0,X0),multiply(X0,X0)),multiply(multiply(multiply(X0,X0),multiply(X1,identity)),identity)),X2),identity))))) [forward demodulation 5072,275]
5131. multiply(multiply(X0,X0),multiply(identity,multiply(identity,multiply(identity,multiply(multiply(X1,X2),identity))))) = multiply(identity,multiply(identity,multiply(identity,multiply(identity,multiply(multiply(multiply(identity,multiply(identity,multiply(multiply(multiply(multiply(X0,X0),X1),identity),identity))),X2),identity))))) [forward demodulation 5076,3554]
5157. multiply(X1,multiply(identity,multiply(multiply(identity,multiply(identity,multiply(X0,identity))),X2))) = multiply(multiply(X1,X1),multiply(multiply(multiply(X1,X1),multiply(X1,X1)),multiply(multiply(multiply(X1,X1),multiply(multiply(X1,X0),identity)),X2))) [forward demodulation 5119,5115]
5165. multiply(identity,multiply(identity,multiply(identity,multiply(multiply(X1,multiply(multiply(X2,multiply(X2,X2)),multiply(multiply(X2,multiply(X2,X2)),multiply(X2,multiply(X2,X2))))),identity)))) = multiply(multiply(X0,X0),multiply(identity,multiply(identity,multiply(identity,multiply(multiply(multiply(multiply(X0,multiply(multiply(X0,X1),identity)),identity),X2),identity))))) [forward demodulation 5129,280]
5183. multiply(multiply(X0,X0),multiply(identity,multiply(identity,multiply(identity,multiply(multiply(multiply(multiply(X0,multiply(multiply(X0,X1),identity)),identity),X2),identity))))) = multiply(identity,multiply(identity,multiply(identity,multiply(identity,multiply(multiply(multiply(identity,multiply(identity,multiply(multiply(X1,identity),identity))),X2),identity))))) [forward demodulation 5165,3554]
5208. identity = multiply(identity,multiply(multiply(identity,X0),multiply(multiply(multiply(identity,multiply(identity,multiply(multiply(identity,multiply(multiply(multiply(X0,multiply(multiply(X0,X0),identity)),identity),multiply(multiply(multiply(X0,multiply(multiply(X0,X0),identity)),identity),multiply(multiply(X0,multiply(multiply(X0,X0),identity)),identity)))),X1))),multiply(X1,multiply(X1,X1))),multiply(multiply(multiply(identity,multiply(identity,multiply(multiply(identity,multiply(multiply(multiply(X0,multiply(multiply(X0,X0),identity)),identity),multiply(multiply(multiply(X0,multiply(multiply(X0,X0),identity)),identity),multiply(multiply(X0,multiply(multiply(X0,X0),identity)),identity)))),X1))),multiply(X1,multiply(X1,X1))),multiply(multiply(identity,multiply(identity,multiply(multiply(identity,multiply(multiply(multiply(X0,multiply(multiply(X0,X0),identity)),identity),multiply(multiply(multiply(X0,multiply(multiply(X0,X0),identity)),identity),multiply(multiply(X0,multiply(multiply(X0,X0),identity)),identity)))),X1))),multiply(X1,multiply(X1,X1))))))) [superposition 28,49]
5335. multiply(identity,multiply(identity,multiply(multiply(multiply(identity,multiply(identity,multiply(multiply(identity,multiply(identity,X0)),identity))),identity),X2))) = multiply(identity,multiply(identity,multiply(multiply(multiply(identity,identity),multiply(multiply(multiply(multiply(identity,multiply(identity,multiply(X0,X1))),multiply(X1,multiply(X1,X1))),multiply(multiply(multiply(identity,multiply(identity,multiply(X0,X1))),multiply(X1,multiply(X1,X1))),multiply(multiply(identity,multiply(identity,multiply(X0,X1))),multiply(X1,multiply(X1,X1))))),multiply(multiply(multiply(multiply(identity,multiply(identity,multiply(X0,X1))),multiply(X1,multiply(X1,X1))),multiply(multiply(multiply(identity,multiply(identity,multiply(X0,X1))),multiply(X1,multiply(X1,X1))),multiply(multiply(identity,multiply(identity,multiply(X0,X1))),multiply(X1,multiply(X1,X1))))),multiply(multiply(multiply(identity,multiply(identity,multiply(X0,X1))),multiply(X1,multiply(X1,X1))),multiply(multiply(multiply(identity,multiply(identity,multiply(X0,X1))),multiply(X1,multiply(X1,X1))),multiply(multiply(identity,multiply(identity,multiply(X0,X1))),multiply(X1,multiply(X1,X1)))))))),X2))) [superposition 130,28]
5370. multiply(identity,multiply(identity,multiply(multiply(multiply(identity,multiply(identity,multiply(multiply(identity,multiply(identity,X0)),identity))),identity),X2))) = multiply(identity,multiply(identity,multiply(multiply(identity,multiply(multiply(identity,multiply(identity,multiply(multiply(multiply(identity,identity),identity),identity))),multiply(multiply(identity,multiply(identity,multiply(X0,X1))),multiply(X1,multiply(X1,X1))))),X2))) [forward demodulation 5335,4003]
5485. identity = multiply(identity,multiply(multiply(identity,X0),multiply(multiply(identity,multiply(identity,multiply(multiply(multiply(identity,multiply(multiply(multiply(X0,multiply(multiply(X0,X0),identity)),identity),multiply(multiply(multiply(X0,multiply(multiply(X0,X0),identity)),identity),multiply(multiply(X0,multiply(multiply(X0,X0),identity)),identity)))),identity),identity))),multiply(multiply(identity,multiply(identity,multiply(multiply(multiply(identity,multiply(multiply(multiply(X0,multiply(multiply(X0,X0),identity)),identity),multiply(multiply(multiply(X0,multiply(multiply(X0,X0),identity)),identity),multiply(multiply(X0,multiply(multiply(X0,X0),identity)),identity)))),identity),identity))),multiply(identity,multiply(identity,multiply(multiply(multiply(identity,multiply(multiply(multiply(X0,multiply(multiply(X0,X0),identity)),identity),multiply(multiply(multiply(X0,multiply(multiply(X0,X0),identity)),identity),multiply(multiply(X0,multiply(multiply(X0,X0),identity)),identity)))),identity),identity))))))) [forward demodulation 5208,307]
5511. multiply(identity,multiply(identity,multiply(multiply(multiply(identity,multiply(identity,multiply(multiply(identity,multiply(identity,X0)),identity))),identity),X2))) = multiply(identity,multiply(identity,multiply(multiply(identity,multiply(multiply(identity,multiply(identity,multiply(multiply(multiply(identity,identity),identity),identity))),multiply(identity,multiply(identity,multiply(multiply(X0,identity),identity))))),X2))) [forward demodulation 5370,307]
5609. identity = multiply(identity,multiply(multiply(identity,X0),multiply(multiply(multiply(multiply(X0,multiply(multiply(X0,X0),identity)),identity),multiply(multiply(multiply(X0,multiply(multiply(X0,X0),identity)),identity),multiply(multiply(X0,multiply(multiply(X0,X0),identity)),identity))),multiply(multiply(multiply(multiply(X0,multiply(multiply(X0,X0),identity)),identity),multiply(multiply(multiply(X0,multiply(multiply(X0,X0),identity)),identity),multiply(multiply(X0,multiply(multiply(X0,X0),identity)),identity))),multiply(multiply(multiply(X0,multiply(multiply(X0,X0),identity)),identity),multiply(multiply(multiply(X0,multiply(multiply(X0,X0),identity)),identity),multiply(multiply(X0,multiply(multiply(X0,X0),identity)),identity))))))) [forward demodulation 5485,176]
5634. multiply(identity,multiply(identity,multiply(multiply(multiply(identity,multiply(identity,multiply(multiply(identity,multiply(identity,X0)),identity))),identity),X2))) = multiply(identity,multiply(identity,multiply(multiply(identity,multiply(identity,multiply(identity,multiply(multiply(multiply(multiply(identity,identity),identity),identity),multiply(multiply(X0,identity),identity))))),X2))) [forward demodulation 5511,4858]
5718. identity = multiply(identity,multiply(identity,multiply(multiply(multiply(identity,multiply(identity,multiply(multiply(identity,X0),identity))),identity),multiply(multiply(X0,multiply(multiply(X0,X0),identity)),identity)))) [forward demodulation 5609,122]
5736. multiply(identity,multiply(identity,multiply(multiply(multiply(identity,multiply(identity,multiply(multiply(identity,multiply(identity,X0)),identity))),identity),X2))) = multiply(identity,multiply(identity,multiply(multiply(identity,multiply(identity,multiply(identity,multiply(multiply(multiply(identity,multiply(identity,identity)),identity),multiply(multiply(X0,identity),identity))))),X2))) [forward demodulation 5634,300]
5807. identity = multiply(identity,multiply(identity,multiply(multiply(multiply(identity,multiply(identity,multiply(multiply(identity,X0),identity))),identity),multiply(multiply(X0,X0),multiply(multiply(X0,identity),identity))))) [forward demodulation 5718,5115]
5822. multiply(identity,multiply(identity,multiply(multiply(multiply(identity,multiply(identity,multiply(multiply(identity,multiply(identity,X0)),identity))),identity),X2))) = multiply(identity,multiply(identity,multiply(multiply(identity,multiply(identity,multiply(identity,multiply(multiply(identity,multiply(multiply(identity,identity),identity)),multiply(multiply(X0,identity),identity))))),X2))) [forward demodulation 5736,300]
5874. identity = multiply(identity,multiply(identity,multiply(multiply(identity,multiply(multiply(identity,multiply(multiply(identity,X0),identity)),identity)),multiply(multiply(X0,X0),multiply(multiply(X0,identity),identity))))) [forward demodulation 5807,300]
5885. multiply(identity,multiply(identity,multiply(multiply(multiply(identity,multiply(identity,multiply(multiply(identity,multiply(identity,X0)),identity))),identity),X2))) = multiply(identity,multiply(identity,multiply(multiply(identity,multiply(identity,multiply(identity,multiply(multiply(identity,multiply(identity,multiply(identity,identity))),multiply(multiply(X0,identity),identity))))),X2))) [forward demodulation 5822,46]
5924. identity = multiply(identity,multiply(identity,multiply(multiply(identity,multiply(identity,multiply(multiply(multiply(identity,X0),identity),identity))),multiply(multiply(X0,X0),multiply(multiply(X0,identity),identity))))) [forward demodulation 5874,46]
5933. multiply(identity,multiply(identity,multiply(multiply(multiply(identity,multiply(identity,multiply(multiply(identity,multiply(identity,X0)),identity))),identity),X2))) = multiply(identity,multiply(identity,multiply(multiply(identity,multiply(identity,multiply(identity,multiply(multiply(identity,multiply(identity,identity)),multiply(multiply(X0,identity),identity))))),X2))) [forward demodulation 5885,2]
5963. identity = multiply(multiply(identity,multiply(identity,X0)),multiply(identity,multiply(identity,multiply(multiply(X0,X0),multiply(multiply(X0,identity),identity))))) [forward demodulation 5924,4230]
5969. multiply(identity,multiply(identity,multiply(multiply(multiply(identity,multiply(identity,multiply(multiply(identity,multiply(identity,X0)),identity))),identity),X2))) = multiply(identity,multiply(identity,multiply(multiply(identity,multiply(identity,multiply(identity,multiply(multiply(identity,identity),multiply(multiply(X0,identity),identity))))),X2))) [forward demodulation 5933,2]
5990. multiply(identity,multiply(identity,multiply(multiply(multiply(identity,multiply(identity,multiply(multiply(identity,multiply(identity,X0)),identity))),identity),X2))) = multiply(identity,multiply(identity,multiply(multiply(identity,multiply(identity,multiply(identity,multiply(identity,multiply(multiply(X0,identity),identity))))),X2))) [forward demodulation 5969,2]
6001. multiply(identity,multiply(identity,multiply(multiply(multiply(identity,multiply(identity,multiply(multiply(identity,multiply(identity,X0)),identity))),identity),X2))) = multiply(identity,multiply(identity,multiply(multiply(identity,X0),X2))) [forward demodulation 5990,168]
6006. multiply(identity,multiply(identity,multiply(multiply(identity,X0),X2))) = multiply(identity,multiply(identity,multiply(multiply(identity,multiply(multiply(identity,multiply(multiply(identity,multiply(identity,X0)),identity)),identity)),X2))) [forward demodulation 6001,300]
6010. multiply(identity,multiply(identity,multiply(multiply(identity,X0),X2))) = multiply(identity,multiply(identity,multiply(multiply(identity,multiply(identity,multiply(multiply(multiply(identity,multiply(identity,X0)),identity),identity))),X2))) [forward demodulation 6006,46]
6013. multiply(identity,multiply(identity,multiply(multiply(identity,X0),X2))) = multiply(multiply(identity,multiply(identity,multiply(identity,X0))),multiply(identity,multiply(identity,X2))) [forward demodulation 6010,4230]
6052. multiply(multiply(X0,multiply(multiply(X0,X1),multiply(multiply(X2,multiply(X2,X2)),multiply(multiply(X2,multiply(X2,X2)),multiply(X2,multiply(X2,X2)))))),identity) = multiply(multiply(multiply(X0,X0),multiply(X0,X0)),multiply(multiply(multiply(X0,X0),multiply(X1,X2)),identity)) [superposition 5115,7]
6148. multiply(multiply(X0,multiply(identity,multiply(multiply(identity,multiply(identity,multiply(multiply(multiply(X0,X1),identity),identity))),X2))),identity) = multiply(multiply(multiply(X0,X0),multiply(X0,X0)),multiply(multiply(multiply(X0,X0),multiply(X1,X2)),identity)) [forward demodulation 6052,4003]
6449. multiply(multiply(X0,X0),multiply(multiply(multiply(X0,X0),multiply(X0,X0)),multiply(X1,X3))) = multiply(multiply(X0,X0),multiply(multiply(multiply(X0,X0),multiply(X0,X0)),multiply(multiply(multiply(X0,multiply(multiply(X0,X0),multiply(multiply(X0,X1),X2))),multiply(X2,multiply(X2,X2))),X3))) [superposition 7,84]
6475. multiply(X0,multiply(identity,multiply(multiply(multiply(multiply(X2,multiply(X2,X2)),multiply(multiply(X2,multiply(X2,X2)),multiply(X2,multiply(X2,X2)))),multiply(multiply(multiply(X2,multiply(X2,X2)),multiply(multiply(X2,multiply(X2,X2)),multiply(X2,multiply(X2,X2)))),multiply(multiply(X2,multiply(X2,X2)),multiply(multiply(X2,multiply(X2,X2)),multiply(X2,multiply(X2,X2)))))),multiply(multiply(multiply(multiply(X2,multiply(X2,X2)),multiply(multiply(X2,multiply(X2,X2)),multiply(X2,multiply(X2,X2)))),multiply(multiply(multiply(X2,multiply(X2,X2)),multiply(multiply(X2,multiply(X2,X2)),multiply(X2,multiply(X2,X2)))),multiply(multiply(X2,multiply(X2,X2)),multiply(multiply(X2,multiply(X2,X2)),multiply(X2,multiply(X2,X2)))))),multiply(multiply(multiply(X2,multiply(X2,X2)),multiply(multiply(X2,multiply(X2,X2)),multiply(X2,multiply(X2,X2)))),multiply(multiply(multiply(X2,multiply(X2,X2)),multiply(multiply(X2,multiply(X2,X2)),multiply(X2,multiply(X2,X2)))),multiply(multiply(X2,multiply(X2,X2)),multiply(multiply(X2,multiply(X2,X2)),multiply(X2,multiply(X2,X2)))))))))) = multiply(multiply(X0,X0),multiply(multiply(multiply(multiply(X0,X0),multiply(X0,X0)),multiply(multiply(X0,X0),multiply(X0,X0))),multiply(multiply(multiply(multiply(multiply(X0,X0),multiply(X0,X0)),multiply(multiply(X0,X0),multiply(X0,X0))),multiply(multiply(multiply(X0,X0),multiply(X0,X0)),multiply(multiply(X0,X0),multiply(X0,X0)))),multiply(multiply(multiply(multiply(multiply(X0,X0),multiply(X0,X0)),multiply(multiply(multiply(multiply(X0,X0),multiply(X0,X0)),multiply(multiply(X0,X0),multiply(X0,X0))),multiply(multiply(multiply(X0,multiply(multiply(X0,X0),identity)),identity),X1))),multiply(X1,multiply(X1,X1))),X2)))) [superposition 86,84]
6536. multiply(X0,multiply(identity,multiply(multiply(multiply(multiply(X2,multiply(X2,X2)),multiply(multiply(X2,multiply(X2,X2)),multiply(X2,multiply(X2,X2)))),multiply(multiply(multiply(X2,multiply(X2,X2)),multiply(multiply(X2,multiply(X2,X2)),multiply(X2,multiply(X2,X2)))),multiply(multiply(X2,multiply(X2,X2)),multiply(multiply(X2,multiply(X2,X2)),multiply(X2,multiply(X2,X2)))))),multiply(multiply(multiply(multiply(X2,multiply(X2,X2)),multiply(multiply(X2,multiply(X2,X2)),multiply(X2,multiply(X2,X2)))),multiply(multiply(multiply(X2,multiply(X2,X2)),multiply(multiply(X2,multiply(X2,X2)),multiply(X2,multiply(X2,X2)))),multiply(multiply(X2,multiply(X2,X2)),multiply(multiply(X2,multiply(X2,X2)),multiply(X2,multiply(X2,X2)))))),multiply(multiply(multiply(X2,multiply(X2,X2)),multiply(multiply(X2,multiply(X2,X2)),multiply(X2,multiply(X2,X2)))),multiply(multiply(multiply(X2,multiply(X2,X2)),multiply(multiply(X2,multiply(X2,X2)),multiply(X2,multiply(X2,X2)))),multiply(multiply(X2,multiply(X2,X2)),multiply(multiply(X2,multiply(X2,X2)),multiply(X2,multiply(X2,X2)))))))))) = multiply(multiply(X0,X0),multiply(multiply(multiply(X0,X0),multiply(X0,X0)),multiply(multiply(multiply(multiply(X0,X0),multiply(X0,X0)),multiply(identity,multiply(identity,multiply(identity,multiply(multiply(multiply(multiply(multiply(multiply(X0,X0),multiply(X0,X0)),multiply(multiply(multiply(multiply(X0,X0),multiply(X0,X0)),multiply(multiply(X0,X0),multiply(X0,X0))),multiply(multiply(multiply(X0,multiply(multiply(X0,X0),identity)),identity),X1))),multiply(X1,multiply(X1,X1))),X2),identity))))),identity))) [forward demodulation 6475,4998]
6562. multiply(multiply(X0,X0),multiply(multiply(multiply(X0,X0),multiply(X0,X0)),multiply(X1,X3))) = multiply(multiply(X0,X0),multiply(multiply(multiply(X0,X0),multiply(X0,X0)),multiply(multiply(multiply(X0,X0),multiply(multiply(X0,multiply(multiply(X0,X1),identity)),identity)),X3))) [forward demodulation 6449,274]
6740. multiply(X0,multiply(identity,multiply(multiply(multiply(multiply(X2,multiply(X2,X2)),multiply(multiply(X2,multiply(X2,X2)),multiply(X2,multiply(X2,X2)))),multiply(multiply(multiply(X2,multiply(X2,X2)),multiply(multiply(X2,multiply(X2,X2)),multiply(X2,multiply(X2,X2)))),multiply(multiply(X2,multiply(X2,X2)),multiply(multiply(X2,multiply(X2,X2)),multiply(X2,multiply(X2,X2)))))),multiply(multiply(multiply(multiply(X2,multiply(X2,X2)),multiply(multiply(X2,multiply(X2,X2)),multiply(X2,multiply(X2,X2)))),multiply(multiply(multiply(X2,multiply(X2,X2)),multiply(multiply(X2,multiply(X2,X2)),multiply(X2,multiply(X2,X2)))),multiply(multiply(X2,multiply(X2,X2)),multiply(multiply(X2,multiply(X2,X2)),multiply(X2,multiply(X2,X2)))))),multiply(multiply(multiply(X2,multiply(X2,X2)),multiply(multiply(X2,multiply(X2,X2)),multiply(X2,multiply(X2,X2)))),multiply(multiply(multiply(X2,multiply(X2,X2)),multiply(multiply(X2,multiply(X2,X2)),multiply(X2,multiply(X2,X2)))),multiply(multiply(X2,multiply(X2,X2)),multiply(multiply(X2,multiply(X2,X2)),multiply(X2,multiply(X2,X2)))))))))) = multiply(X0,multiply(multiply(X0,multiply(multiply(multiply(X0,X0),multiply(X0,X0)),multiply(identity,multiply(identity,multiply(identity,multiply(multiply(multiply(multiply(multiply(multiply(X0,X0),multiply(X0,X0)),multiply(multiply(multiply(multiply(X0,X0),multiply(X0,X0)),multiply(multiply(X0,X0),multiply(X0,X0))),multiply(multiply(multiply(X0,multiply(multiply(X0,X0),identity)),identity),X1))),multiply(X1,multiply(X1,X1))),X2),identity)))))),identity)) [forward demodulation 6536,21]
6763. multiply(multiply(X0,X0),multiply(multiply(multiply(X0,X0),multiply(X0,X0)),multiply(X1,X3))) = multiply(X0,multiply(identity,multiply(multiply(identity,multiply(identity,multiply(multiply(multiply(X0,X1),identity),identity))),X3))) [forward demodulation 6562,5157]
6913. multiply(X0,multiply(identity,multiply(multiply(multiply(multiply(X2,multiply(X2,X2)),multiply(multiply(X2,multiply(X2,X2)),multiply(X2,multiply(X2,X2)))),multiply(multiply(multiply(X2,multiply(X2,X2)),multiply(multiply(X2,multiply(X2,X2)),multiply(X2,multiply(X2,X2)))),multiply(multiply(X2,multiply(X2,X2)),multiply(multiply(X2,multiply(X2,X2)),multiply(X2,multiply(X2,X2)))))),multiply(multiply(multiply(multiply(X2,multiply(X2,X2)),multiply(multiply(X2,multiply(X2,X2)),multiply(X2,multiply(X2,X2)))),multiply(multiply(multiply(X2,multiply(X2,X2)),multiply(multiply(X2,multiply(X2,X2)),multiply(X2,multiply(X2,X2)))),multiply(multiply(X2,multiply(X2,X2)),multiply(multiply(X2,multiply(X2,X2)),multiply(X2,multiply(X2,X2)))))),multiply(multiply(multiply(X2,multiply(X2,X2)),multiply(multiply(X2,multiply(X2,X2)),multiply(X2,multiply(X2,X2)))),multiply(multiply(multiply(X2,multiply(X2,X2)),multiply(multiply(X2,multiply(X2,X2)),multiply(X2,multiply(X2,X2)))),multiply(multiply(X2,multiply(X2,X2)),multiply(multiply(X2,multiply(X2,X2)),multiply(X2,multiply(X2,X2)))))))))) = multiply(X0,multiply(multiply(X0,multiply(multiply(multiply(X0,X0),multiply(X0,X0)),multiply(identity,multiply(identity,multiply(identity,multiply(multiply(multiply(multiply(multiply(multiply(X0,X0),multiply(X0,X0)),multiply(multiply(X0,X0),multiply(X0,X0))),multiply(multiply(multiply(multiply(X0,X0),multiply(X0,X0)),multiply(multiply(multiply(X0,multiply(multiply(X0,X0),identity)),identity),identity)),identity)),X2),identity)))))),identity)) [forward demodulation 6740,274]
7043. multiply(X0,multiply(identity,multiply(multiply(multiply(multiply(X2,multiply(X2,X2)),multiply(multiply(X2,multiply(X2,X2)),multiply(X2,multiply(X2,X2)))),multiply(multiply(multiply(X2,multiply(X2,X2)),multiply(multiply(X2,multiply(X2,X2)),multiply(X2,multiply(X2,X2)))),multiply(multiply(X2,multiply(X2,X2)),multiply(multiply(X2,multiply(X2,X2)),multiply(X2,multiply(X2,X2)))))),multiply(multiply(multiply(multiply(X2,multiply(X2,X2)),multiply(multiply(X2,multiply(X2,X2)),multiply(X2,multiply(X2,X2)))),multiply(multiply(multiply(X2,multiply(X2,X2)),multiply(multiply(X2,multiply(X2,X2)),multiply(X2,multiply(X2,X2)))),multiply(multiply(X2,multiply(X2,X2)),multiply(multiply(X2,multiply(X2,X2)),multiply(X2,multiply(X2,X2)))))),multiply(multiply(multiply(X2,multiply(X2,X2)),multiply(multiply(X2,multiply(X2,X2)),multiply(X2,multiply(X2,X2)))),multiply(multiply(multiply(X2,multiply(X2,X2)),multiply(multiply(X2,multiply(X2,X2)),multiply(X2,multiply(X2,X2)))),multiply(multiply(X2,multiply(X2,X2)),multiply(multiply(X2,multiply(X2,X2)),multiply(X2,multiply(X2,X2)))))))))) = multiply(X0,multiply(multiply(X0,multiply(multiply(multiply(X0,X0),multiply(X0,X0)),multiply(identity,multiply(identity,multiply(identity,multiply(multiply(multiply(multiply(multiply(X0,X0),multiply(multiply(multiply(X0,X0),multiply(multiply(X0,multiply(multiply(X0,X0),identity)),identity)),identity)),identity),X2),identity)))))),identity)) [forward demodulation 6913,280]
7120. multiply(X0,multiply(identity,multiply(multiply(multiply(multiply(X2,multiply(X2,X2)),multiply(multiply(X2,multiply(X2,X2)),multiply(X2,multiply(X2,X2)))),multiply(multiply(multiply(X2,multiply(X2,X2)),multiply(multiply(X2,multiply(X2,X2)),multiply(X2,multiply(X2,X2)))),multiply(multiply(X2,multiply(X2,X2)),multiply(multiply(X2,multiply(X2,X2)),multiply(X2,multiply(X2,X2)))))),multiply(multiply(multiply(multiply(X2,multiply(X2,X2)),multiply(multiply(X2,multiply(X2,X2)),multiply(X2,multiply(X2,X2)))),multiply(multiply(multiply(X2,multiply(X2,X2)),multiply(multiply(X2,multiply(X2,X2)),multiply(X2,multiply(X2,X2)))),multiply(multiply(X2,multiply(X2,X2)),multiply(multiply(X2,multiply(X2,X2)),multiply(X2,multiply(X2,X2)))))),multiply(multiply(multiply(X2,multiply(X2,X2)),multiply(multiply(X2,multiply(X2,X2)),multiply(X2,multiply(X2,X2)))),multiply(multiply(multiply(X2,multiply(X2,X2)),multiply(multiply(X2,multiply(X2,X2)),multiply(X2,multiply(X2,X2)))),multiply(multiply(X2,multiply(X2,X2)),multiply(multiply(X2,multiply(X2,X2)),multiply(X2,multiply(X2,X2)))))))))) = multiply(X0,multiply(multiply(X0,multiply(identity,multiply(identity,multiply(identity,multiply(identity,multiply(multiply(multiply(identity,multiply(identity,multiply(multiply(multiply(multiply(X0,multiply(multiply(X0,X0),identity)),identity),identity),identity))),X2),identity)))))),identity)) [forward demodulation 7043,5183]
7170. multiply(X0,multiply(identity,multiply(multiply(multiply(multiply(X2,multiply(X2,X2)),multiply(multiply(X2,multiply(X2,X2)),multiply(X2,multiply(X2,X2)))),multiply(multiply(multiply(X2,multiply(X2,X2)),multiply(multiply(X2,multiply(X2,X2)),multiply(X2,multiply(X2,X2)))),multiply(multiply(X2,multiply(X2,X2)),multiply(multiply(X2,multiply(X2,X2)),multiply(X2,multiply(X2,X2)))))),multiply(multiply(multiply(multiply(X2,multiply(X2,X2)),multiply(multiply(X2,multiply(X2,X2)),multiply(X2,multiply(X2,X2)))),multiply(multiply(multiply(X2,multiply(X2,X2)),multiply(multiply(X2,multiply(X2,X2)),multiply(X2,multiply(X2,X2)))),multiply(multiply(X2,multiply(X2,X2)),multiply(multiply(X2,multiply(X2,X2)),multiply(X2,multiply(X2,X2)))))),multiply(multiply(multiply(X2,multiply(X2,X2)),multiply(multiply(X2,multiply(X2,X2)),multiply(X2,multiply(X2,X2)))),multiply(multiply(multiply(X2,multiply(X2,X2)),multiply(multiply(X2,multiply(X2,X2)),multiply(X2,multiply(X2,X2)))),multiply(multiply(X2,multiply(X2,X2)),multiply(multiply(X2,multiply(X2,X2)),multiply(X2,multiply(X2,X2)))))))))) = multiply(X0,multiply(multiply(X0,multiply(identity,multiply(identity,multiply(identity,multiply(identity,multiply(multiply(multiply(identity,multiply(identity,multiply(multiply(multiply(multiply(X0,X0),multiply(multiply(X0,identity),identity)),identity),identity))),X2),identity)))))),identity)) [forward demodulation 7120,5115]
7204. multiply(X0,multiply(identity,multiply(multiply(multiply(multiply(X2,multiply(X2,X2)),multiply(multiply(X2,multiply(X2,X2)),multiply(X2,multiply(X2,X2)))),multiply(multiply(multiply(X2,multiply(X2,X2)),multiply(multiply(X2,multiply(X2,X2)),multiply(X2,multiply(X2,X2)))),multiply(multiply(X2,multiply(X2,X2)),multiply(multiply(X2,multiply(X2,X2)),multiply(X2,multiply(X2,X2)))))),multiply(multiply(multiply(multiply(X2,multiply(X2,X2)),multiply(multiply(X2,multiply(X2,X2)),multiply(X2,multiply(X2,X2)))),multiply(multiply(multiply(X2,multiply(X2,X2)),multiply(multiply(X2,multiply(X2,X2)),multiply(X2,multiply(X2,X2)))),multiply(multiply(X2,multiply(X2,X2)),multiply(multiply(X2,multiply(X2,X2)),multiply(X2,multiply(X2,X2)))))),multiply(multiply(multiply(X2,multiply(X2,X2)),multiply(multiply(X2,multiply(X2,X2)),multiply(X2,multiply(X2,X2)))),multiply(multiply(multiply(X2,multiply(X2,X2)),multiply(multiply(X2,multiply(X2,X2)),multiply(X2,multiply(X2,X2)))),multiply(multiply(X2,multiply(X2,X2)),multiply(multiply(X2,multiply(X2,X2)),multiply(X2,multiply(X2,X2)))))))))) = multiply(X0,multiply(multiply(X0,multiply(multiply(X0,X0),multiply(identity,multiply(identity,multiply(identity,multiply(multiply(multiply(multiply(X0,identity),identity),X2),identity)))))),identity)) [forward demodulation 7170,5131]
7231. multiply(X0,multiply(identity,multiply(multiply(multiply(multiply(X2,multiply(X2,X2)),multiply(multiply(X2,multiply(X2,X2)),multiply(X2,multiply(X2,X2)))),multiply(multiply(multiply(X2,multiply(X2,X2)),multiply(multiply(X2,multiply(X2,X2)),multiply(X2,multiply(X2,X2)))),multiply(multiply(X2,multiply(X2,X2)),multiply(multiply(X2,multiply(X2,X2)),multiply(X2,multiply(X2,X2)))))),multiply(multiply(multiply(multiply(X2,multiply(X2,X2)),multiply(multiply(X2,multiply(X2,X2)),multiply(X2,multiply(X2,X2)))),multiply(multiply(multiply(X2,multiply(X2,X2)),multiply(multiply(X2,multiply(X2,X2)),multiply(X2,multiply(X2,X2)))),multiply(multiply(X2,multiply(X2,X2)),multiply(multiply(X2,multiply(X2,X2)),multiply(X2,multiply(X2,X2)))))),multiply(multiply(multiply(X2,multiply(X2,X2)),multiply(multiply(X2,multiply(X2,X2)),multiply(X2,multiply(X2,X2)))),multiply(multiply(multiply(X2,multiply(X2,X2)),multiply(multiply(X2,multiply(X2,X2)),multiply(X2,multiply(X2,X2)))),multiply(multiply(X2,multiply(X2,X2)),multiply(multiply(X2,multiply(X2,X2)),multiply(X2,multiply(X2,X2)))))))))) = multiply(identity,multiply(identity,multiply(identity,multiply(multiply(identity,multiply(identity,multiply(identity,multiply(multiply(multiply(multiply(X0,identity),identity),X2),identity)))),identity)))) [forward demodulation 7204,817]
7251. multiply(X0,multiply(identity,multiply(multiply(multiply(multiply(X2,multiply(X2,X2)),multiply(multiply(X2,multiply(X2,X2)),multiply(X2,multiply(X2,X2)))),multiply(multiply(multiply(X2,multiply(X2,X2)),multiply(multiply(X2,multiply(X2,X2)),multiply(X2,multiply(X2,X2)))),multiply(multiply(X2,multiply(X2,X2)),multiply(multiply(X2,multiply(X2,X2)),multiply(X2,multiply(X2,X2)))))),multiply(multiply(multiply(multiply(X2,multiply(X2,X2)),multiply(multiply(X2,multiply(X2,X2)),multiply(X2,multiply(X2,X2)))),multiply(multiply(multiply(X2,multiply(X2,X2)),multiply(multiply(X2,multiply(X2,X2)),multiply(X2,multiply(X2,X2)))),multiply(multiply(X2,multiply(X2,X2)),multiply(multiply(X2,multiply(X2,X2)),multiply(X2,multiply(X2,X2)))))),multiply(multiply(multiply(X2,multiply(X2,X2)),multiply(multiply(X2,multiply(X2,X2)),multiply(X2,multiply(X2,X2)))),multiply(multiply(multiply(X2,multiply(X2,X2)),multiply(multiply(X2,multiply(X2,X2)),multiply(X2,multiply(X2,X2)))),multiply(multiply(X2,multiply(X2,X2)),multiply(multiply(X2,multiply(X2,X2)),multiply(X2,multiply(X2,X2)))))))))) = multiply(identity,multiply(identity,multiply(identity,multiply(identity,multiply(multiply(identity,multiply(identity,multiply(multiply(multiply(multiply(X0,identity),identity),X2),identity))),identity))))) [forward demodulation 7231,46]
7267. multiply(X0,multiply(identity,multiply(multiply(multiply(multiply(X2,multiply(X2,X2)),multiply(multiply(X2,multiply(X2,X2)),multiply(X2,multiply(X2,X2)))),multiply(multiply(multiply(X2,multiply(X2,X2)),multiply(multiply(X2,multiply(X2,X2)),multiply(X2,multiply(X2,X2)))),multiply(multiply(X2,multiply(X2,X2)),multiply(multiply(X2,multiply(X2,X2)),multiply(X2,multiply(X2,X2)))))),multiply(multiply(multiply(multiply(X2,multiply(X2,X2)),multiply(multiply(X2,multiply(X2,X2)),multiply(X2,multiply(X2,X2)))),multiply(multiply(multiply(X2,multiply(X2,X2)),multiply(multiply(X2,multiply(X2,X2)),multiply(X2,multiply(X2,X2)))),multiply(multiply(X2,multiply(X2,X2)),multiply(multiply(X2,multiply(X2,X2)),multiply(X2,multiply(X2,X2)))))),multiply(multiply(multiply(X2,multiply(X2,X2)),multiply(multiply(X2,multiply(X2,X2)),multiply(X2,multiply(X2,X2)))),multiply(multiply(multiply(X2,multiply(X2,X2)),multiply(multiply(X2,multiply(X2,X2)),multiply(X2,multiply(X2,X2)))),multiply(multiply(X2,multiply(X2,X2)),multiply(multiply(X2,multiply(X2,X2)),multiply(X2,multiply(X2,X2)))))))))) = multiply(identity,multiply(identity,multiply(identity,multiply(multiply(multiply(X0,identity),identity),X2)))) [forward demodulation 7251,19]
7278. multiply(identity,multiply(identity,multiply(identity,multiply(multiply(multiply(X0,identity),identity),X2)))) = multiply(X0,multiply(identity,multiply(identity,multiply(multiply(X2,multiply(X2,X2)),multiply(multiply(X2,multiply(X2,X2)),multiply(X2,multiply(X2,X2))))))) [forward demodulation 7267,788]
7288. multiply(identity,multiply(identity,multiply(identity,multiply(multiply(multiply(X0,identity),identity),X2)))) = multiply(X0,multiply(identity,multiply(identity,multiply(identity,X2)))) [forward demodulation 7278,112]
7916. multiply(X0,multiply(multiply(multiply(X0,X0),multiply(multiply(multiply(X0,X0),multiply(X0,X0)),X1)),multiply(multiply(X3,multiply(X3,X3)),multiply(multiply(X3,multiply(X3,X3)),multiply(X3,multiply(X3,X3)))))) = multiply(multiply(X0,X0),multiply(multiply(multiply(X0,X0),multiply(X0,X0)),multiply(multiply(multiply(X0,identity),multiply(multiply(multiply(multiply(identity,multiply(identity,multiply(X1,X2))),multiply(X2,multiply(X2,X2))),multiply(multiply(multiply(identity,multiply(identity,multiply(X1,X2))),multiply(X2,multiply(X2,X2))),multiply(multiply(identity,multiply(identity,multiply(X1,X2))),multiply(X2,multiply(X2,X2))))),multiply(multiply(multiply(multiply(identity,multiply(identity,multiply(X1,X2))),multiply(X2,multiply(X2,X2))),multiply(multiply(multiply(identity,multiply(identity,multiply(X1,X2))),multiply(X2,multiply(X2,X2))),multiply(multiply(identity,multiply(identity,multiply(X1,X2))),multiply(X2,multiply(X2,X2))))),multiply(multiply(multiply(identity,multiply(identity,multiply(X1,X2))),multiply(X2,multiply(X2,X2))),multiply(multiply(multiply(identity,multiply(identity,multiply(X1,X2))),multiply(X2,multiply(X2,X2))),multiply(multiply(identity,multiply(identity,multiply(X1,X2))),multiply(X2,multiply(X2,X2)))))))),X3))) [superposition 84,37]
7960. multiply(X0,multiply(multiply(multiply(X0,X0),multiply(multiply(multiply(X0,X0),multiply(X0,X0)),X1)),multiply(multiply(X3,multiply(X3,X3)),multiply(multiply(X3,multiply(X3,X3)),multiply(X3,multiply(X3,X3)))))) = multiply(multiply(X0,X0),multiply(multiply(multiply(X0,X0),multiply(X0,X0)),multiply(multiply(identity,multiply(multiply(identity,multiply(identity,multiply(multiply(multiply(X0,identity),identity),identity))),multiply(multiply(identity,multiply(identity,multiply(X1,X2))),multiply(X2,multiply(X2,X2))))),X3))) [forward demodulation 7916,4003]
8117. multiply(X0,multiply(multiply(multiply(X0,X0),multiply(multiply(multiply(X0,X0),multiply(X0,X0)),X1)),multiply(multiply(X3,multiply(X3,X3)),multiply(multiply(X3,multiply(X3,X3)),multiply(X3,multiply(X3,X3)))))) = multiply(multiply(X0,X0),multiply(multiply(multiply(X0,X0),multiply(X0,X0)),multiply(multiply(identity,multiply(multiply(identity,multiply(identity,multiply(multiply(multiply(X0,identity),identity),identity))),multiply(identity,multiply(identity,multiply(multiply(X1,identity),identity))))),X3))) [forward demodulation 7960,307]
8238. multiply(X0,multiply(multiply(multiply(X0,X0),multiply(multiply(multiply(X0,X0),multiply(X0,X0)),X1)),multiply(multiply(X3,multiply(X3,X3)),multiply(multiply(X3,multiply(X3,X3)),multiply(X3,multiply(X3,X3)))))) = multiply(multiply(X0,X0),multiply(multiply(multiply(X0,X0),multiply(X0,X0)),multiply(multiply(identity,multiply(identity,multiply(identity,multiply(multiply(multiply(multiply(X0,identity),identity),identity),multiply(multiply(X1,identity),identity))))),X3))) [forward demodulation 8117,4858]
8328. multiply(X0,multiply(multiply(multiply(X0,X0),multiply(multiply(multiply(X0,X0),multiply(X0,X0)),X1)),multiply(multiply(X3,multiply(X3,X3)),multiply(multiply(X3,multiply(X3,X3)),multiply(X3,multiply(X3,X3)))))) = multiply(multiply(X0,X0),multiply(multiply(multiply(X0,X0),multiply(X0,X0)),multiply(multiply(multiply(X0,identity),multiply(identity,multiply(identity,multiply(identity,multiply(multiply(X1,identity),identity))))),X3))) [forward demodulation 8238,7288]
8388. multiply(X0,multiply(multiply(multiply(X0,X0),multiply(multiply(multiply(X0,X0),multiply(X0,X0)),X1)),multiply(multiply(X3,multiply(X3,X3)),multiply(multiply(X3,multiply(X3,X3)),multiply(X3,multiply(X3,X3)))))) = multiply(multiply(X0,X0),multiply(multiply(multiply(X0,X0),multiply(X0,X0)),multiply(multiply(multiply(X0,identity),X1),X3))) [forward demodulation 8328,168]
8423. multiply(multiply(X0,X0),multiply(multiply(multiply(X0,X0),multiply(X0,X0)),multiply(multiply(multiply(X0,identity),X1),X3))) = multiply(X0,multiply(identity,multiply(multiply(identity,multiply(identity,multiply(multiply(multiply(multiply(X0,X0),multiply(multiply(multiply(X0,X0),multiply(X0,X0)),X1)),identity),identity))),X3))) [forward demodulation 8388,4003]
8446. multiply(multiply(X0,X0),multiply(multiply(multiply(X0,X0),multiply(X0,X0)),multiply(multiply(multiply(X0,identity),X1),X3))) = multiply(X0,multiply(identity,multiply(multiply(identity,multiply(identity,multiply(multiply(multiply(multiply(X0,X0),multiply(X0,X0)),multiply(multiply(multiply(X0,X0),X1),identity)),identity))),X3))) [forward demodulation 8423,5115]
8558. multiply(identity,multiply(identity,multiply(identity,multiply(multiply(identity,multiply(identity,multiply(multiply(X0,X0),multiply(multiply(X0,identity),identity)))),identity)))) = multiply(multiply(identity,multiply(identity,X0)),multiply(multiply(multiply(identity,multiply(identity,X0)),multiply(identity,multiply(identity,X0))),multiply(identity,identity))) [superposition 2692,5963]
8679. multiply(identity,multiply(identity,multiply(identity,multiply(multiply(identity,multiply(identity,multiply(multiply(X0,X0),multiply(multiply(X0,identity),identity)))),identity)))) = multiply(multiply(identity,multiply(identity,X0)),multiply(multiply(multiply(identity,multiply(identity,X0)),multiply(identity,multiply(identity,X0))),identity)) [forward demodulation 8558,2]
8761. multiply(multiply(identity,multiply(identity,X0)),multiply(multiply(multiply(identity,multiply(identity,X0)),multiply(identity,multiply(identity,X0))),identity)) = multiply(identity,multiply(identity,multiply(identity,multiply(identity,multiply(multiply(identity,multiply(multiply(X0,X0),multiply(multiply(X0,identity),identity))),identity))))) [forward demodulation 8679,46]
8811. multiply(multiply(identity,multiply(identity,X0)),multiply(multiply(multiply(identity,multiply(identity,X0)),multiply(identity,multiply(identity,X0))),identity)) = multiply(identity,multiply(identity,multiply(identity,multiply(identity,multiply(identity,multiply(multiply(multiply(X0,X0),multiply(multiply(X0,identity),identity)),identity)))))) [forward demodulation 8761,46]
8842. multiply(identity,multiply(identity,multiply(X0,multiply(multiply(X0,X0),identity)))) = multiply(multiply(identity,multiply(identity,X0)),multiply(multiply(multiply(identity,multiply(identity,X0)),multiply(identity,multiply(identity,X0))),identity)) [forward demodulation 8811,536]
9053. multiply(multiply(X1,X1),multiply(multiply(multiply(X1,X1),multiply(X1,X1)),X0)) = multiply(X1,multiply(multiply(X1,identity),multiply(multiply(multiply(multiply(identity,multiply(identity,X2)),multiply(multiply(multiply(X0,multiply(multiply(X0,X0),multiply(X2,X3))),multiply(X3,multiply(X3,X3))),multiply(multiply(multiply(X0,multiply(multiply(X0,X0),multiply(X2,X3))),multiply(X3,multiply(X3,X3))),multiply(multiply(X0,multiply(multiply(X0,X0),multiply(X2,X3))),multiply(X3,multiply(X3,X3)))))),multiply(multiply(multiply(identity,multiply(identity,X2)),multiply(multiply(multiply(X0,multiply(multiply(X0,X0),multiply(X2,X3))),multiply(X3,multiply(X3,X3))),multiply(multiply(multiply(X0,multiply(multiply(X0,X0),multiply(X2,X3))),multiply(X3,multiply(X3,X3))),multiply(multiply(X0,multiply(multiply(X0,X0),multiply(X2,X3))),multiply(X3,multiply(X3,X3)))))),multiply(multiply(identity,multiply(identity,X2)),multiply(multiply(multiply(X0,multiply(multiply(X0,X0),multiply(X2,X3))),multiply(X3,multiply(X3,X3))),multiply(multiply(multiply(X0,multiply(multiply(X0,X0),multiply(X2,X3))),multiply(X3,multiply(X3,X3))),multiply(multiply(X0,multiply(multiply(X0,X0),multiply(X2,X3))),multiply(X3,multiply(X3,X3)))))))),multiply(multiply(multiply(multiply(identity,multiply(identity,X2)),multiply(multiply(multiply(X0,multiply(multiply(X0,X0),multiply(X2,X3))),multiply(X3,multiply(X3,X3))),multiply(multiply(multiply(X0,multiply(multiply(X0,X0),multiply(X2,X3))),multiply(X3,multiply(X3,X3))),multiply(multiply(X0,multiply(multiply(X0,X0),multiply(X2,X3))),multiply(X3,multiply(X3,X3)))))),multiply(multiply(multiply(identity,multiply(identity,X2)),multiply(multiply(multiply(X0,multiply(multiply(X0,X0),multiply(X2,X3))),multiply(X3,multiply(X3,X3))),multiply(multiply(multiply(X0,multiply(multiply(X0,X0),multiply(X2,X3))),multiply(X3,multiply(X3,X3))),multiply(multiply(X0,multiply(multiply(X0,X0),multiply(X2,X3))),multiply(X3,multiply(X3,X3)))))),multiply(multiply(identity,multiply(identity,X2)),multiply(multiply(multiply(X0,multiply(multiply(X0,X0),multiply(X2,X3))),multiply(X3,multiply(X3,X3))),multiply(multiply(multiply(X0,multiply(multiply(X0,X0),multiply(X2,X3))),multiply(X3,multiply(X3,X3))),multiply(multiply(X0,multiply(multiply(X0,X0),multiply(X2,X3))),multiply(X3,multiply(X3,X3)))))))),multiply(multiply(multiply(identity,multiply(identity,X2)),multiply(multiply(multiply(X0,multiply(multiply(X0,X0),multiply(X2,X3))),multiply(X3,multiply(X3,X3))),multiply(multiply(multiply(X0,multiply(multiply(X0,X0),multiply(X2,X3))),multiply(X3,multiply(X3,X3))),multiply(multiply(X0,multiply(multiply(X0,X0),multiply(X2,X3))),multiply(X3,multiply(X3,X3)))))),multiply(multiply(multiply(identity,multiply(identity,X2)),multiply(multiply(multiply(X0,multiply(multiply(X0,X0),multiply(X2,X3))),multiply(X3,multiply(X3,X3))),multiply(multiply(multiply(X0,multiply(multiply(X0,X0),multiply(X2,X3))),multiply(X3,multiply(X3,X3))),multiply(multiply(X0,multiply(multiply(X0,X0),multiply(X2,X3))),multiply(X3,multiply(X3,X3)))))),multiply(multiply(identity,multiply(identity,X2)),multiply(multiply(multiply(X0,multiply(multiply(X0,X0),multiply(X2,X3))),multiply(X3,multiply(X3,X3))),multiply(multiply(multiply(X0,multiply(multiply(X0,X0),multiply(X2,X3))),multiply(X3,multiply(X3,X3))),multiply(multiply(X0,multiply(multiply(X0,X0),multiply(X2,X3))),multiply(X3,multiply(X3,X3)))))))))))) [superposition 7,29]
9076. multiply(multiply(X1,X1),multiply(multiply(multiply(X1,X1),multiply(X1,X1)),X0)) = multiply(X1,multiply(identity,multiply(multiply(identity,multiply(identity,multiply(multiply(multiply(X1,identity),identity),identity))),multiply(multiply(identity,multiply(identity,X2)),multiply(multiply(multiply(X0,multiply(multiply(X0,X0),multiply(X2,X3))),multiply(X3,multiply(X3,X3))),multiply(multiply(multiply(X0,multiply(multiply(X0,X0),multiply(X2,X3))),multiply(X3,multiply(X3,X3))),multiply(multiply(X0,multiply(multiply(X0,X0),multiply(X2,X3))),multiply(X3,multiply(X3,X3))))))))) [forward demodulation 9053,4003]
9226. multiply(multiply(X1,X1),multiply(multiply(multiply(X1,X1),multiply(X1,X1)),X0)) = multiply(X1,multiply(identity,multiply(multiply(identity,multiply(identity,multiply(multiply(multiply(X1,identity),identity),identity))),multiply(multiply(identity,multiply(identity,X2)),multiply(multiply(multiply(X0,X0),multiply(multiply(X0,multiply(X2,identity)),identity)),multiply(multiply(multiply(X0,X0),multiply(multiply(X0,multiply(X2,identity)),identity)),multiply(multiply(X0,X0),multiply(multiply(X0,multiply(X2,identity)),identity)))))))) [forward demodulation 9076,274]
9350. multiply(multiply(X1,X1),multiply(multiply(multiply(X1,X1),multiply(X1,X1)),X0)) = multiply(X1,multiply(identity,multiply(multiply(identity,multiply(identity,multiply(multiply(multiply(X1,identity),identity),identity))),multiply(identity,multiply(identity,multiply(multiply(X0,identity),identity)))))) [forward demodulation 9226,2512]
9436. multiply(multiply(X1,X1),multiply(multiply(multiply(X1,X1),multiply(X1,X1)),X0)) = multiply(X1,multiply(identity,multiply(identity,multiply(identity,multiply(multiply(multiply(multiply(X1,identity),identity),identity),multiply(multiply(X0,identity),identity)))))) [forward demodulation 9350,4858]
9497. multiply(multiply(X1,X1),multiply(multiply(multiply(X1,X1),multiply(X1,X1)),X0)) = multiply(X1,multiply(multiply(X1,identity),multiply(identity,multiply(identity,multiply(identity,multiply(multiply(X0,identity),identity)))))) [forward demodulation 9436,7288]
9547. multiply(multiply(X1,X1),multiply(multiply(multiply(X1,X1),multiply(X1,X1)),X0)) = multiply(X1,multiply(multiply(X1,identity),X0)) [forward demodulation 9497,168]
9685. multiply(X0,multiply(multiply(X0,X1),multiply(multiply(X2,multiply(X2,X2)),multiply(multiply(X2,multiply(X2,X2)),multiply(X2,multiply(X2,X2)))))) = multiply(X0,multiply(multiply(X0,identity),multiply(X1,X2))) [superposition 7,9547]
9686. multiply(X0,multiply(multiply(X0,X1),identity)) = multiply(X0,multiply(multiply(X0,identity),multiply(X1,identity))) [superposition 21,9547]
9690. multiply(X0,multiply(X1,multiply(multiply(X3,multiply(X3,X3)),multiply(multiply(X3,multiply(X3,X3)),multiply(X3,multiply(X3,X3)))))) = multiply(X0,multiply(multiply(X0,identity),multiply(multiply(multiply(X0,multiply(multiply(X0,X0),multiply(X1,X2))),multiply(X2,multiply(X2,X2))),X3))) [superposition 84,9547]
9735. multiply(multiply(multiply(X0,X0),multiply(X0,X0)),multiply(multiply(multiply(X0,X0),X1),identity)) = multiply(multiply(X0,multiply(multiply(X0,identity),X1)),identity) [superposition 5115,9547]
9802. multiply(X0,multiply(X1,multiply(multiply(X3,multiply(X3,X3)),multiply(multiply(X3,multiply(X3,X3)),multiply(X3,multiply(X3,X3)))))) = multiply(X0,multiply(multiply(X0,identity),multiply(multiply(multiply(X0,X0),multiply(multiply(X0,multiply(X1,identity)),identity)),X3))) [forward demodulation 9690,274]
9805. multiply(X0,multiply(identity,multiply(multiply(identity,multiply(identity,multiply(multiply(multiply(X0,X1),identity),identity))),X2))) = multiply(X0,multiply(multiply(X0,identity),multiply(X1,X2))) [forward demodulation 9685,4003]
9863. multiply(X0,multiply(identity,multiply(multiply(identity,multiply(identity,multiply(multiply(X1,identity),identity))),X3))) = multiply(X0,multiply(multiply(X0,identity),multiply(multiply(multiply(X0,X0),multiply(multiply(X0,multiply(X1,identity)),identity)),X3))) [forward demodulation 9802,4003]
10057. multiply(multiply(X0,multiply(X0,X0)),multiply(multiply(X0,multiply(X0,X0)),multiply(X0,multiply(X0,X0)))) = multiply(identity,multiply(multiply(multiply(multiply(identity,identity),multiply(multiply(multiply(identity,identity),multiply(identity,identity)),multiply(identity,X0))),identity),identity)) [superposition 3134,98]
10086. multiply(multiply(X0,multiply(X0,X0)),multiply(multiply(X0,multiply(X0,X0)),multiply(X0,multiply(X0,X0)))) = multiply(identity,multiply(multiply(multiply(multiply(identity,identity),multiply(identity,identity)),multiply(multiply(multiply(identity,identity),multiply(identity,X0)),identity)),identity)) [forward demodulation 10057,5115]
10188. multiply(multiply(X0,multiply(X0,X0)),multiply(multiply(X0,multiply(X0,X0)),multiply(X0,multiply(X0,X0)))) = multiply(identity,multiply(multiply(multiply(identity,multiply(multiply(identity,identity),multiply(identity,X0))),identity),identity)) [forward demodulation 10086,9735]
10272. multiply(multiply(X0,multiply(X0,X0)),multiply(multiply(X0,multiply(X0,X0)),multiply(X0,multiply(X0,X0)))) = multiply(identity,multiply(multiply(multiply(identity,identity),multiply(multiply(identity,multiply(identity,X0)),identity)),identity)) [forward demodulation 10188,5115]
10338. multiply(multiply(X0,multiply(X0,X0)),multiply(multiply(X0,multiply(X0,X0)),multiply(X0,multiply(X0,X0)))) = multiply(identity,multiply(multiply(multiply(identity,identity),multiply(identity,multiply(multiply(identity,X0),identity))),identity)) [forward demodulation 10272,300]
10388. multiply(multiply(X0,multiply(X0,X0)),multiply(multiply(X0,multiply(X0,X0)),multiply(X0,multiply(X0,X0)))) = multiply(identity,multiply(multiply(multiply(identity,identity),multiply(identity,multiply(identity,multiply(X0,identity)))),identity)) [forward demodulation 10338,46]
10423. multiply(multiply(X0,multiply(X0,X0)),multiply(multiply(X0,multiply(X0,X0)),multiply(X0,multiply(X0,X0)))) = multiply(identity,multiply(multiply(identity,multiply(identity,multiply(identity,multiply(X0,identity)))),identity)) [forward demodulation 10388,2]
10438. multiply(identity,multiply(identity,multiply(multiply(identity,multiply(identity,multiply(X0,identity))),identity))) = multiply(multiply(X0,multiply(X0,X0)),multiply(multiply(X0,multiply(X0,X0)),multiply(X0,multiply(X0,X0)))) [forward demodulation 10423,46]
10448. multiply(identity,X0) = multiply(multiply(X0,multiply(X0,X0)),multiply(multiply(X0,multiply(X0,X0)),multiply(X0,multiply(X0,X0)))) [forward demodulation 10438,19]
10472. multiply(multiply(identity,X0),multiply(multiply(multiply(identity,X0),X1),identity)) = multiply(multiply(identity,X0),multiply(multiply(identity,multiply(X0,identity)),multiply(X1,identity))) [superposition 9686,300]
10476. multiply(X1,multiply(multiply(X1,multiply(identity,X0)),identity)) = multiply(X1,multiply(multiply(X1,identity),multiply(identity,multiply(X0,identity)))) [superposition 9686,300]
10525. multiply(multiply(X0,identity),multiply(X1,identity)) = multiply(multiply(X0,X0),multiply(multiply(X0,multiply(multiply(X0,multiply(multiply(X0,X1),identity)),identity)),identity)) [superposition 134,9686]
10527. multiply(identity,multiply(identity,multiply(identity,multiply(multiply(multiply(X0,identity),multiply(X1,identity)),identity)))) = multiply(X0,multiply(multiply(X0,X0),multiply(multiply(X0,multiply(multiply(X0,X1),identity)),identity))) [superposition 2692,9686]
10577. multiply(X0,X1) = multiply(identity,multiply(identity,multiply(identity,multiply(multiply(multiply(X0,identity),multiply(X1,identity)),identity)))) [forward demodulation 10527,2157]
10579. multiply(multiply(X0,X1),identity) = multiply(multiply(X0,identity),multiply(X1,identity)) [forward demodulation 10525,134]
11811. multiply(multiply(identity,multiply(X0,identity)),multiply(X1,identity)) = multiply(multiply(multiply(identity,X0),X1),identity) [superposition 10579,300]
11815. multiply(multiply(X1,multiply(identity,X0)),identity) = multiply(multiply(X1,identity),multiply(identity,multiply(X0,identity))) [superposition 10579,300]
11868. multiply(X0,multiply(X1,multiply(multiply(multiply(X2,identity),multiply(multiply(X2,identity),multiply(X2,identity))),multiply(multiply(multiply(X2,identity),multiply(multiply(X2,identity),multiply(X2,identity))),multiply(multiply(X2,identity),multiply(multiply(X2,identity),multiply(X2,identity))))))) = multiply(multiply(X0,X0),multiply(multiply(multiply(X0,X0),multiply(X0,X0)),multiply(multiply(multiply(X0,multiply(multiply(X0,X0),multiply(X1,identity))),X2),identity))) [superposition 85,10579]
11896. multiply(multiply(X1,X1),multiply(multiply(multiply(X1,X1),multiply(X1,X1)),multiply(X2,multiply(X0,identity)))) = multiply(X1,multiply(multiply(X1,X2),multiply(multiply(multiply(X0,identity),multiply(multiply(X0,X0),identity)),multiply(multiply(multiply(X0,identity),multiply(multiply(X0,X0),identity)),multiply(multiply(X0,identity),multiply(multiply(X0,X0),identity)))))) [superposition 7,10579]
11915. multiply(multiply(X1,X1),multiply(multiply(multiply(X1,X1),multiply(X1,X1)),multiply(multiply(multiply(X1,multiply(multiply(X1,X1),multiply(X2,X3))),multiply(X3,multiply(X3,X3))),multiply(X0,identity)))) = multiply(X1,multiply(X2,multiply(multiply(multiply(X0,identity),multiply(multiply(X0,X0),identity)),multiply(multiply(multiply(X0,identity),multiply(multiply(X0,X0),identity)),multiply(multiply(X0,identity),multiply(multiply(X0,X0),identity)))))) [superposition 84,10579]
12022. multiply(multiply(X1,X1),multiply(multiply(multiply(X1,X1),multiply(X1,X1)),multiply(multiply(multiply(X1,multiply(multiply(X1,X1),multiply(X2,X3))),multiply(X3,multiply(X3,X3))),multiply(X0,identity)))) = multiply(X1,multiply(X2,multiply(multiply(multiply(X0,multiply(X0,X0)),identity),multiply(multiply(multiply(X0,multiply(X0,X0)),identity),multiply(multiply(X0,multiply(X0,X0)),identity))))) [forward demodulation 11915,10579]
12040. multiply(multiply(X1,X1),multiply(multiply(multiply(X1,X1),multiply(X1,X1)),multiply(X2,multiply(X0,identity)))) = multiply(X1,multiply(multiply(X1,X2),multiply(multiply(multiply(X0,multiply(X0,X0)),identity),multiply(multiply(multiply(X0,multiply(X0,X0)),identity),multiply(multiply(X0,multiply(X0,X0)),identity))))) [forward demodulation 11896,10579]
12066. multiply(X0,multiply(X1,multiply(multiply(multiply(X2,identity),multiply(multiply(X2,identity),multiply(X2,identity))),multiply(multiply(multiply(X2,identity),multiply(multiply(X2,identity),multiply(X2,identity))),multiply(multiply(X2,identity),multiply(multiply(X2,identity),multiply(X2,identity))))))) = multiply(X0,multiply(multiply(X0,multiply(multiply(X0,multiply(multiply(X0,X0),multiply(X1,identity))),X2)),identity)) [forward demodulation 11868,21]
12163. multiply(multiply(X1,X1),multiply(multiply(multiply(X1,X1),multiply(X1,X1)),multiply(multiply(multiply(X1,multiply(multiply(X1,X1),multiply(X2,X3))),multiply(X3,multiply(X3,X3))),multiply(X0,identity)))) = multiply(X1,multiply(X2,multiply(multiply(multiply(X0,multiply(X0,X0)),identity),multiply(multiply(multiply(X0,multiply(X0,X0)),multiply(X0,multiply(X0,X0))),identity)))) [forward demodulation 12022,10579]
12177. multiply(multiply(X1,X1),multiply(multiply(multiply(X1,X1),multiply(X1,X1)),multiply(X2,multiply(X0,identity)))) = multiply(X1,multiply(multiply(X1,X2),multiply(multiply(multiply(X0,multiply(X0,X0)),identity),multiply(multiply(multiply(X0,multiply(X0,X0)),multiply(X0,multiply(X0,X0))),identity)))) [forward demodulation 12040,10579]
12198. multiply(X0,multiply(multiply(X0,multiply(multiply(X0,multiply(multiply(X0,X0),multiply(X1,identity))),X2)),identity)) = multiply(X0,multiply(identity,multiply(multiply(identity,multiply(identity,multiply(multiply(X1,identity),identity))),multiply(X2,identity)))) [forward demodulation 12066,4003]
12273. multiply(multiply(X1,X1),multiply(multiply(multiply(X1,X1),multiply(X1,X1)),multiply(multiply(multiply(X1,multiply(multiply(X1,X1),multiply(X2,X3))),multiply(X3,multiply(X3,X3))),multiply(X0,identity)))) = multiply(X1,multiply(X2,multiply(multiply(multiply(X0,multiply(X0,X0)),multiply(multiply(X0,multiply(X0,X0)),multiply(X0,multiply(X0,X0)))),identity))) [forward demodulation 12163,10579]
12284. multiply(multiply(X1,X1),multiply(multiply(multiply(X1,X1),multiply(X1,X1)),multiply(X2,multiply(X0,identity)))) = multiply(X1,multiply(multiply(X1,X2),multiply(multiply(multiply(X0,multiply(X0,X0)),multiply(multiply(X0,multiply(X0,X0)),multiply(X0,multiply(X0,X0)))),identity))) [forward demodulation 12177,10579]
12353. multiply(multiply(X1,X1),multiply(multiply(multiply(X1,X1),multiply(X1,X1)),multiply(multiply(multiply(X1,multiply(multiply(X1,X1),multiply(X2,X3))),multiply(X3,multiply(X3,X3))),multiply(X0,identity)))) = multiply(X1,multiply(X2,multiply(multiply(identity,X0),identity))) [forward demodulation 12273,10448]
12361. multiply(multiply(X1,X1),multiply(multiply(multiply(X1,X1),multiply(X1,X1)),multiply(X2,multiply(X0,identity)))) = multiply(X1,multiply(multiply(X1,X2),multiply(multiply(identity,X0),identity))) [forward demodulation 12284,10448]
12413. multiply(multiply(X1,X1),multiply(multiply(multiply(X1,X1),multiply(X1,X1)),multiply(multiply(multiply(X1,multiply(multiply(X1,X1),multiply(X2,X3))),multiply(X3,multiply(X3,X3))),multiply(X0,identity)))) = multiply(X1,multiply(X2,multiply(identity,multiply(X0,identity)))) [forward demodulation 12353,300]
12420. multiply(multiply(X1,X1),multiply(multiply(multiply(X1,X1),multiply(X1,X1)),multiply(X2,multiply(X0,identity)))) = multiply(X1,multiply(multiply(X1,X2),multiply(identity,multiply(X0,identity)))) [forward demodulation 12361,300]
12450. multiply(X1,multiply(X2,multiply(identity,multiply(X0,identity)))) = multiply(X1,multiply(multiply(X1,identity),multiply(multiply(multiply(X1,multiply(multiply(X1,X1),multiply(X2,X3))),multiply(X3,multiply(X3,X3))),multiply(X0,identity)))) [forward demodulation 12413,9547]
12453. multiply(X1,multiply(multiply(X1,X2),multiply(identity,multiply(X0,identity)))) = multiply(X1,multiply(multiply(X1,identity),multiply(X2,multiply(X0,identity)))) [forward demodulation 12420,9547]
12474. multiply(X1,multiply(X2,multiply(identity,multiply(X0,identity)))) = multiply(X1,multiply(multiply(X1,identity),multiply(multiply(multiply(X1,X1),multiply(multiply(X1,multiply(X2,identity)),identity)),multiply(X0,identity)))) [forward demodulation 12450,274]
12491. multiply(X1,multiply(identity,multiply(multiply(identity,multiply(identity,multiply(multiply(X2,identity),identity))),multiply(X0,identity)))) = multiply(X1,multiply(X2,multiply(identity,multiply(X0,identity)))) [forward demodulation 12474,9863]
12717. multiply(identity,multiply(identity,multiply(multiply(X0,X1),multiply(multiply(X2,multiply(X2,X2)),multiply(multiply(X2,multiply(X2,X2)),multiply(X2,multiply(X2,X2))))))) = multiply(identity,multiply(identity,multiply(multiply(multiply(identity,multiply(identity,multiply(identity,multiply(multiply(X0,X0),identity)))),identity),multiply(multiply(X0,multiply(multiply(multiply(X0,X0),multiply(multiply(multiply(X0,X0),multiply(X0,X0)),multiply(X1,X2))),multiply(multiply(X3,multiply(X3,X3)),multiply(multiply(X3,multiply(X3,X3)),multiply(X3,multiply(X3,X3)))))),multiply(X3,multiply(X3,X3)))))) [superposition 246,87]
12879. multiply(identity,multiply(identity,multiply(multiply(X0,X1),multiply(multiply(X2,multiply(X2,X2)),multiply(multiply(X2,multiply(X2,X2)),multiply(X2,multiply(X2,X2))))))) = multiply(identity,multiply(identity,multiply(multiply(multiply(identity,multiply(identity,multiply(identity,multiply(multiply(X0,X0),identity)))),identity),multiply(multiply(X0,multiply(identity,multiply(multiply(identity,multiply(identity,multiply(multiply(multiply(multiply(X0,X0),multiply(multiply(multiply(X0,X0),multiply(X0,X0)),multiply(X1,X2))),identity),identity))),X3))),multiply(X3,multiply(X3,X3)))))) [forward demodulation 12717,4003]
13164. multiply(identity,multiply(identity,multiply(multiply(X0,X1),multiply(multiply(X2,multiply(X2,X2)),multiply(multiply(X2,multiply(X2,X2)),multiply(X2,multiply(X2,X2))))))) = multiply(identity,multiply(identity,multiply(multiply(multiply(identity,multiply(identity,multiply(identity,multiply(multiply(X0,X0),identity)))),identity),multiply(multiply(X0,multiply(identity,multiply(multiply(identity,multiply(identity,multiply(multiply(multiply(multiply(X0,X0),multiply(X0,X0)),multiply(multiply(multiply(X0,X0),multiply(X1,X2)),identity)),identity))),X3))),multiply(X3,multiply(X3,X3)))))) [forward demodulation 12879,5115]
13449. multiply(identity,multiply(identity,multiply(multiply(X0,X1),multiply(multiply(X2,multiply(X2,X2)),multiply(multiply(X2,multiply(X2,X2)),multiply(X2,multiply(X2,X2))))))) = multiply(identity,multiply(identity,multiply(multiply(multiply(identity,multiply(identity,multiply(identity,multiply(multiply(X0,X0),identity)))),identity),multiply(multiply(multiply(X0,X0),multiply(multiply(multiply(X0,X0),multiply(X0,X0)),multiply(multiply(multiply(X0,identity),multiply(X1,X2)),X3))),multiply(X3,multiply(X3,X3)))))) [forward demodulation 13164,8446]
13732. multiply(identity,multiply(identity,multiply(multiply(X0,X1),multiply(multiply(X2,multiply(X2,X2)),multiply(multiply(X2,multiply(X2,X2)),multiply(X2,multiply(X2,X2))))))) = multiply(identity,multiply(identity,multiply(multiply(X0,identity),multiply(X1,X2)))) [forward demodulation 13449,246]
14007. multiply(identity,multiply(identity,multiply(multiply(X0,identity),multiply(X1,X2)))) = multiply(identity,multiply(identity,multiply(identity,multiply(multiply(multiply(identity,multiply(identity,multiply(multiply(X0,X1),identity))),identity),X2)))) [forward demodulation 13732,122]
14267. multiply(identity,multiply(identity,multiply(multiply(X0,identity),multiply(X1,X2)))) = multiply(identity,multiply(identity,multiply(identity,multiply(multiply(identity,multiply(multiply(identity,multiply(multiply(X0,X1),identity)),identity)),X2)))) [forward demodulation 14007,300]
14500. multiply(identity,multiply(identity,multiply(multiply(X0,identity),multiply(X1,X2)))) = multiply(identity,multiply(identity,multiply(identity,multiply(multiply(identity,multiply(identity,multiply(multiply(multiply(X0,X1),identity),identity))),X2)))) [forward demodulation 14267,46]
14710. multiply(identity,multiply(identity,multiply(multiply(X0,identity),multiply(X1,X2)))) = multiply(identity,multiply(multiply(identity,multiply(X0,X1)),multiply(identity,multiply(identity,X2)))) [forward demodulation 14500,4230]
15131. multiply(X0,multiply(X1,identity)) = multiply(multiply(multiply(identity,multiply(identity,multiply(identity,multiply(X0,identity)))),X1),identity) [superposition 11811,19]
15132. multiply(multiply(identity,multiply(identity,multiply(X0,identity))),multiply(X1,identity)) = multiply(multiply(multiply(identity,multiply(identity,X0)),X1),identity) [superposition 11811,46]
15136. multiply(multiply(identity,multiply(identity,multiply(identity,multiply(X0,identity)))),multiply(X1,identity)) = multiply(multiply(multiply(identity,multiply(identity,multiply(multiply(identity,identity),X0))),X1),identity) [superposition 11811,817]
15237. multiply(multiply(identity,multiply(identity,multiply(identity,multiply(X0,identity)))),multiply(X1,identity)) = multiply(multiply(multiply(identity,multiply(identity,multiply(identity,X0))),X1),identity) [forward demodulation 15136,2]
16722. multiply(multiply(X1,multiply(identity,multiply(identity,multiply(identity,multiply(X0,identity))))),identity) = multiply(multiply(X1,identity),X0) [superposition 11815,19]
16741. multiply(X0,multiply(X1,multiply(multiply(multiply(identity,multiply(X2,identity)),multiply(multiply(identity,multiply(X2,identity)),multiply(identity,multiply(X2,identity)))),multiply(multiply(multiply(identity,multiply(X2,identity)),multiply(multiply(identity,multiply(X2,identity)),multiply(identity,multiply(X2,identity)))),multiply(multiply(identity,multiply(X2,identity)),multiply(multiply(identity,multiply(X2,identity)),multiply(identity,multiply(X2,identity)))))))) = multiply(multiply(X0,X0),multiply(multiply(multiply(X0,X0),multiply(X0,X0)),multiply(multiply(multiply(X0,multiply(multiply(X0,X0),multiply(X1,identity))),multiply(identity,X2)),identity))) [superposition 85,11815]
16798. multiply(X0,multiply(X1,multiply(multiply(multiply(identity,multiply(X2,identity)),multiply(multiply(identity,multiply(X2,identity)),multiply(identity,multiply(X2,identity)))),multiply(multiply(multiply(identity,multiply(X2,identity)),multiply(multiply(identity,multiply(X2,identity)),multiply(identity,multiply(X2,identity)))),multiply(multiply(identity,multiply(X2,identity)),multiply(multiply(identity,multiply(X2,identity)),multiply(identity,multiply(X2,identity)))))))) = multiply(X0,multiply(multiply(X0,multiply(multiply(X0,multiply(multiply(X0,X0),multiply(X1,identity))),multiply(identity,X2))),identity)) [forward demodulation 16741,21]
16844. multiply(X0,multiply(X1,multiply(multiply(multiply(identity,multiply(X2,identity)),multiply(multiply(identity,multiply(X2,identity)),multiply(identity,multiply(X2,identity)))),multiply(multiply(multiply(identity,multiply(X2,identity)),multiply(multiply(identity,multiply(X2,identity)),multiply(identity,multiply(X2,identity)))),multiply(multiply(identity,multiply(X2,identity)),multiply(multiply(identity,multiply(X2,identity)),multiply(identity,multiply(X2,identity)))))))) = multiply(X0,multiply(identity,multiply(multiply(identity,multiply(identity,multiply(multiply(X1,identity),identity))),multiply(multiply(identity,X2),identity)))) [forward demodulation 16798,12198]
16879. multiply(X0,multiply(X1,multiply(multiply(multiply(identity,multiply(X2,identity)),multiply(multiply(identity,multiply(X2,identity)),multiply(identity,multiply(X2,identity)))),multiply(multiply(multiply(identity,multiply(X2,identity)),multiply(multiply(identity,multiply(X2,identity)),multiply(identity,multiply(X2,identity)))),multiply(multiply(identity,multiply(X2,identity)),multiply(multiply(identity,multiply(X2,identity)),multiply(identity,multiply(X2,identity)))))))) = multiply(X0,multiply(X1,multiply(identity,multiply(multiply(identity,X2),identity)))) [forward demodulation 16844,12491]
16906. multiply(X0,multiply(X1,multiply(multiply(multiply(identity,multiply(X2,identity)),multiply(multiply(identity,multiply(X2,identity)),multiply(identity,multiply(X2,identity)))),multiply(multiply(multiply(identity,multiply(X2,identity)),multiply(multiply(identity,multiply(X2,identity)),multiply(identity,multiply(X2,identity)))),multiply(multiply(identity,multiply(X2,identity)),multiply(multiply(identity,multiply(X2,identity)),multiply(identity,multiply(X2,identity)))))))) = multiply(X0,multiply(X1,multiply(identity,multiply(identity,multiply(X2,identity))))) [forward demodulation 16879,46]
16925. multiply(X0,multiply(X1,multiply(identity,multiply(identity,multiply(X2,identity))))) = multiply(X0,multiply(identity,multiply(multiply(identity,multiply(identity,multiply(multiply(X1,identity),identity))),multiply(identity,multiply(X2,identity))))) [forward demodulation 16906,4003]
16938. multiply(X0,multiply(X1,multiply(identity,multiply(identity,multiply(X2,identity))))) = multiply(X0,multiply(identity,multiply(multiply(identity,identity),multiply(multiply(identity,multiply(multiply(X1,identity),identity)),multiply(X2,identity))))) [forward demodulation 16925,12453]
16948. multiply(X0,multiply(X1,multiply(identity,multiply(identity,multiply(X2,identity))))) = multiply(X0,multiply(identity,multiply(multiply(identity,identity),multiply(multiply(multiply(identity,multiply(X1,identity)),X2),identity)))) [forward demodulation 16938,11811]
16957. multiply(X0,multiply(X1,multiply(identity,multiply(identity,multiply(X2,identity))))) = multiply(X0,multiply(identity,multiply(multiply(identity,multiply(multiply(identity,multiply(X1,identity)),X2)),identity))) [forward demodulation 16948,9686]
16964. multiply(X0,multiply(X1,multiply(identity,multiply(identity,multiply(X2,identity))))) = multiply(X0,multiply(identity,multiply(identity,multiply(multiply(multiply(identity,multiply(X1,identity)),X2),identity)))) [forward demodulation 16957,46]
17723. multiply(multiply(identity,X0),X1) = multiply(identity,multiply(identity,multiply(identity,multiply(multiply(multiply(identity,multiply(X0,identity)),multiply(X1,identity)),identity)))) [superposition 10577,300]
17739. multiply(identity,multiply(identity,multiply(identity,multiply(multiply(identity,multiply(identity,multiply(identity,multiply(X0,identity)))),identity)))) = multiply(X1,multiply(multiply(X1,identity),multiply(multiply(multiply(X1,identity),multiply(X1,identity)),X0))) [superposition 10577,817]
17833. multiply(identity,multiply(identity,multiply(identity,multiply(multiply(identity,multiply(identity,multiply(identity,multiply(X0,identity)))),identity)))) = multiply(X1,multiply(multiply(X1,identity),multiply(multiply(multiply(X1,X1),identity),X0))) [forward demodulation 17739,10579]
17846. multiply(multiply(identity,X0),X1) = multiply(identity,multiply(X0,multiply(identity,multiply(identity,multiply(multiply(X1,identity),identity))))) [forward demodulation 17723,16964]
17888. multiply(identity,multiply(identity,multiply(identity,multiply(identity,multiply(multiply(identity,multiply(identity,multiply(X0,identity))),identity))))) = multiply(X1,multiply(multiply(X1,identity),multiply(multiply(multiply(X1,X1),identity),X0))) [forward demodulation 17833,46]
17935. multiply(identity,multiply(identity,multiply(identity,X0))) = multiply(X1,multiply(multiply(X1,identity),multiply(multiply(multiply(X1,X1),identity),X0))) [forward demodulation 17888,19]
18835. multiply(X0,multiply(multiply(multiply(multiply(identity,multiply(identity,multiply(identity,multiply(X0,identity)))),X1),multiply(multiply(X2,multiply(X2,X2)),multiply(multiply(X2,multiply(X2,X2)),multiply(X2,multiply(X2,X2))))),identity)) = multiply(multiply(multiply(multiply(identity,multiply(identity,multiply(identity,multiply(X0,identity)))),multiply(identity,multiply(identity,multiply(identity,multiply(X0,identity))))),multiply(multiply(multiply(multiply(identity,multiply(identity,multiply(identity,multiply(X0,identity)))),multiply(identity,multiply(identity,multiply(identity,multiply(X0,identity))))),multiply(multiply(identity,multiply(identity,multiply(identity,multiply(X0,identity)))),multiply(identity,multiply(identity,multiply(identity,multiply(X0,identity)))))),multiply(X1,X2))),identity) [superposition 15131,7]
18882. multiply(multiply(multiply(identity,multiply(identity,multiply(identity,multiply(X0,identity)))),multiply(identity,multiply(identity,multiply(identity,multiply(X0,identity))))),multiply(multiply(multiply(identity,multiply(identity,multiply(identity,multiply(X0,identity)))),X1),identity)) = multiply(X0,multiply(multiply(multiply(multiply(identity,multiply(identity,multiply(identity,multiply(X0,identity)))),multiply(identity,multiply(identity,multiply(identity,multiply(X0,identity))))),X1),identity)) [superposition 5115,15131]
18898. multiply(multiply(multiply(identity,multiply(identity,multiply(identity,multiply(X0,identity)))),multiply(identity,multiply(identity,multiply(identity,multiply(X0,identity))))),multiply(multiply(multiply(identity,multiply(identity,multiply(identity,multiply(X0,identity)))),identity),identity)) = multiply(multiply(multiply(identity,multiply(identity,multiply(identity,multiply(X0,identity)))),multiply(X0,multiply(multiply(identity,multiply(identity,multiply(identity,multiply(X0,identity)))),identity))),identity) [superposition 5115,15131]
18902. multiply(identity,multiply(identity,multiply(multiply(multiply(identity,multiply(identity,multiply(identity,identity))),identity),identity))) = multiply(identity,multiply(identity,multiply(X0,multiply(multiply(multiply(X0,identity),multiply(multiply(X0,identity),multiply(X0,identity))),identity)))) [superposition 130,15131]
18911. multiply(multiply(identity,multiply(identity,multiply(identity,multiply(X0,identity)))),X1) = multiply(identity,multiply(identity,multiply(identity,multiply(multiply(X0,multiply(X1,identity)),identity)))) [superposition 168,15131]
18926. multiply(X2,multiply(multiply(identity,multiply(identity,multiply(identity,multiply(X0,identity)))),X1)) = multiply(identity,multiply(identity,multiply(identity,multiply(multiply(multiply(X2,identity),multiply(X0,multiply(X1,identity))),identity)))) [superposition 10577,15131]
18928. multiply(multiply(X2,multiply(multiply(identity,multiply(identity,multiply(identity,multiply(X0,identity)))),X1)),identity) = multiply(multiply(X2,identity),multiply(X0,multiply(X1,identity))) [superposition 10579,15131]
18929. multiply(multiply(multiply(multiply(identity,multiply(identity,multiply(identity,multiply(X0,identity)))),X1),X2),identity) = multiply(multiply(X0,multiply(X1,identity)),multiply(X2,identity)) [superposition 10579,15131]
18997. multiply(identity,multiply(identity,multiply(multiply(multiply(identity,multiply(identity,multiply(identity,identity))),identity),identity))) = multiply(identity,multiply(identity,multiply(X0,multiply(multiply(multiply(X0,identity),multiply(multiply(X0,X0),identity)),identity)))) [forward demodulation 18902,10579]
19001. multiply(multiply(multiply(identity,multiply(identity,multiply(identity,multiply(X0,identity)))),multiply(identity,multiply(identity,multiply(identity,multiply(X0,identity))))),multiply(multiply(multiply(identity,multiply(identity,multiply(identity,multiply(X0,identity)))),identity),identity)) = multiply(X0,multiply(multiply(X0,multiply(multiply(identity,multiply(identity,multiply(identity,multiply(X0,identity)))),identity)),identity)) [forward demodulation 18898,15131]
19016. multiply(multiply(multiply(identity,multiply(identity,multiply(identity,multiply(X0,identity)))),multiply(identity,multiply(identity,multiply(identity,multiply(X0,identity))))),multiply(multiply(multiply(identity,multiply(identity,multiply(identity,multiply(X0,identity)))),X1),identity)) = multiply(X0,multiply(multiply(X0,multiply(multiply(identity,multiply(identity,multiply(identity,multiply(X0,identity)))),identity)),multiply(X1,identity))) [forward demodulation 18882,18929]
19062. multiply(X0,multiply(multiply(multiply(multiply(identity,multiply(identity,multiply(identity,multiply(X0,identity)))),X1),multiply(multiply(X2,multiply(X2,X2)),multiply(multiply(X2,multiply(X2,X2)),multiply(X2,multiply(X2,X2))))),identity)) = multiply(multiply(multiply(multiply(identity,multiply(identity,multiply(identity,multiply(X0,identity)))),multiply(identity,multiply(identity,multiply(identity,multiply(X0,identity))))),multiply(multiply(identity,multiply(identity,multiply(identity,multiply(X0,identity)))),multiply(identity,multiply(identity,multiply(identity,multiply(X0,identity)))))),multiply(multiply(multiply(multiply(identity,multiply(identity,multiply(identity,multiply(X0,identity)))),multiply(identity,multiply(identity,multiply(identity,multiply(X0,identity))))),multiply(X1,X2)),identity)) [forward demodulation 18835,5115]
19108. multiply(identity,multiply(identity,multiply(multiply(multiply(identity,multiply(identity,multiply(identity,identity))),identity),identity))) = multiply(identity,multiply(identity,multiply(X0,multiply(multiply(multiply(X0,multiply(X0,X0)),identity),identity)))) [forward demodulation 18997,10579]
19112. multiply(multiply(multiply(identity,multiply(identity,multiply(identity,multiply(X0,identity)))),multiply(identity,multiply(identity,multiply(identity,multiply(X0,identity))))),multiply(multiply(multiply(identity,multiply(identity,multiply(identity,multiply(X0,identity)))),identity),identity)) = multiply(X0,multiply(multiply(X0,identity),multiply(X0,multiply(identity,identity)))) [forward demodulation 19001,18928]
19127. multiply(multiply(multiply(identity,multiply(identity,multiply(identity,multiply(X0,identity)))),multiply(identity,multiply(identity,multiply(identity,multiply(X0,identity))))),multiply(multiply(multiply(identity,multiply(identity,multiply(identity,multiply(X0,identity)))),X1),identity)) = multiply(X0,multiply(multiply(X0,multiply(identity,multiply(multiply(identity,multiply(identity,multiply(X0,identity))),identity))),multiply(X1,identity))) [forward demodulation 19016,300]
19173. multiply(X0,multiply(multiply(multiply(multiply(identity,multiply(identity,multiply(identity,multiply(X0,identity)))),X1),multiply(multiply(X2,multiply(X2,X2)),multiply(multiply(X2,multiply(X2,X2)),multiply(X2,multiply(X2,X2))))),identity)) = multiply(multiply(multiply(identity,multiply(identity,multiply(identity,multiply(X0,identity)))),multiply(identity,multiply(multiply(identity,multiply(identity,multiply(multiply(multiply(multiply(identity,multiply(identity,multiply(identity,multiply(X0,identity)))),X1),identity),identity))),X2))),identity) [forward demodulation 19062,6148]
19208. multiply(identity,multiply(identity,identity)) = multiply(identity,multiply(identity,multiply(X0,multiply(multiply(multiply(X0,multiply(X0,X0)),identity),identity)))) [forward demodulation 19108,144]
19212. multiply(X0,multiply(multiply(X0,identity),multiply(X0,identity))) = multiply(multiply(multiply(identity,multiply(identity,multiply(identity,multiply(X0,identity)))),multiply(identity,multiply(identity,multiply(identity,multiply(X0,identity))))),multiply(multiply(multiply(identity,multiply(identity,multiply(identity,multiply(X0,identity)))),identity),identity)) [forward demodulation 19112,2]
19227. multiply(X0,multiply(multiply(X0,X0),multiply(X1,identity))) = multiply(multiply(multiply(identity,multiply(identity,multiply(identity,multiply(X0,identity)))),multiply(identity,multiply(identity,multiply(identity,multiply(X0,identity))))),multiply(multiply(multiply(identity,multiply(identity,multiply(identity,multiply(X0,identity)))),X1),identity)) [forward demodulation 19127,19]
19273. multiply(X0,multiply(multiply(multiply(multiply(identity,multiply(identity,multiply(identity,multiply(X0,identity)))),X1),multiply(multiply(X2,multiply(X2,X2)),multiply(multiply(X2,multiply(X2,X2)),multiply(X2,multiply(X2,X2))))),identity)) = multiply(X0,multiply(multiply(identity,multiply(multiply(identity,multiply(identity,multiply(multiply(multiply(multiply(identity,multiply(identity,multiply(identity,multiply(X0,identity)))),X1),identity),identity))),X2)),identity)) [forward demodulation 19173,15131]
19304. multiply(identity,identity) = multiply(identity,multiply(identity,multiply(X0,multiply(multiply(multiply(X0,multiply(X0,X0)),identity),identity)))) [forward demodulation 19208,2]
19308. multiply(X0,multiply(multiply(X0,identity),multiply(X0,identity))) = multiply(multiply(multiply(identity,multiply(identity,multiply(identity,multiply(X0,identity)))),multiply(identity,multiply(identity,multiply(identity,multiply(X0,identity))))),multiply(X0,multiply(identity,identity))) [forward demodulation 19212,15131]
19321. multiply(X0,multiply(multiply(X0,X0),multiply(X1,identity))) = multiply(multiply(multiply(identity,multiply(identity,multiply(identity,multiply(X0,identity)))),multiply(identity,multiply(identity,multiply(identity,multiply(X0,identity))))),multiply(X0,multiply(X1,identity))) [forward demodulation 19227,15131]
19363. multiply(X0,multiply(multiply(multiply(multiply(identity,multiply(identity,multiply(identity,multiply(X0,identity)))),X1),multiply(multiply(X2,multiply(X2,X2)),multiply(multiply(X2,multiply(X2,X2)),multiply(X2,multiply(X2,X2))))),identity)) = multiply(X0,multiply(identity,multiply(multiply(multiply(identity,multiply(identity,multiply(multiply(multiply(multiply(identity,multiply(identity,multiply(identity,multiply(X0,identity)))),X1),identity),identity))),X2),identity))) [forward demodulation 19273,300]
19382. identity = multiply(identity,multiply(identity,multiply(X0,multiply(multiply(multiply(X0,multiply(X0,X0)),identity),identity)))) [forward demodulation 19304,2]
19385. multiply(X0,multiply(multiply(X0,identity),multiply(X0,identity))) = multiply(multiply(multiply(identity,multiply(identity,multiply(identity,multiply(X0,identity)))),multiply(identity,multiply(identity,multiply(identity,multiply(X0,identity))))),multiply(X0,identity)) [forward demodulation 19308,2]
19397. multiply(X0,multiply(multiply(X0,X0),multiply(X1,identity))) = multiply(multiply(identity,multiply(identity,multiply(multiply(identity,multiply(X0,identity)),multiply(identity,multiply(X0,identity))))),multiply(X0,multiply(X1,identity))) [forward demodulation 19321,6013]
19436. multiply(X0,multiply(multiply(multiply(multiply(identity,multiply(identity,multiply(identity,multiply(X0,identity)))),X1),multiply(multiply(X2,multiply(X2,X2)),multiply(multiply(X2,multiply(X2,X2)),multiply(X2,multiply(X2,X2))))),identity)) = multiply(X0,multiply(identity,multiply(multiply(multiply(identity,multiply(identity,multiply(multiply(X0,multiply(X1,identity)),multiply(identity,identity)))),X2),identity))) [forward demodulation 19363,18929]
19451. multiply(X0,multiply(multiply(X0,identity),multiply(X0,identity))) = multiply(multiply(identity,multiply(identity,multiply(multiply(identity,multiply(X0,identity)),multiply(identity,multiply(X0,identity))))),multiply(X0,identity)) [forward demodulation 19385,6013]
19461. multiply(X0,multiply(multiply(X0,X0),multiply(X1,identity))) = multiply(multiply(identity,multiply(identity,multiply(multiply(identity,identity),multiply(multiply(X0,identity),multiply(X0,identity))))),multiply(X0,multiply(X1,identity))) [forward demodulation 19397,12453]
19490. multiply(X0,multiply(multiply(multiply(multiply(identity,multiply(identity,multiply(identity,multiply(X0,identity)))),X1),multiply(multiply(X2,multiply(X2,X2)),multiply(multiply(X2,multiply(X2,X2)),multiply(X2,multiply(X2,X2))))),identity)) = multiply(X0,multiply(identity,multiply(multiply(multiply(identity,multiply(identity,multiply(multiply(X0,multiply(X1,identity)),identity))),X2),identity))) [forward demodulation 19436,2]
19503. multiply(X0,multiply(multiply(X0,identity),multiply(X0,identity))) = multiply(multiply(identity,multiply(identity,multiply(multiply(identity,identity),multiply(multiply(X0,identity),multiply(X0,identity))))),multiply(X0,identity)) [forward demodulation 19451,12453]
19512. multiply(X0,multiply(multiply(X0,X0),multiply(X1,identity))) = multiply(multiply(identity,multiply(identity,multiply(multiply(identity,identity),multiply(multiply(X0,X0),identity)))),multiply(X0,multiply(X1,identity))) [forward demodulation 19461,10579]
19535. multiply(X0,multiply(multiply(X0,multiply(X1,identity)),multiply(multiply(multiply(X2,multiply(X2,X2)),multiply(multiply(X2,multiply(X2,X2)),multiply(X2,multiply(X2,X2)))),identity))) = multiply(X0,multiply(identity,multiply(multiply(multiply(identity,multiply(identity,multiply(multiply(X0,multiply(X1,identity)),identity))),X2),identity))) [forward demodulation 19490,18929]
19547. multiply(X0,multiply(multiply(X0,X0),identity)) = multiply(multiply(identity,multiply(identity,multiply(multiply(identity,identity),multiply(multiply(X0,X0),identity)))),multiply(X0,identity)) [forward demodulation 19503,10579]
19553. multiply(X0,multiply(multiply(X0,X0),multiply(X1,identity))) = multiply(multiply(identity,multiply(identity,multiply(multiply(identity,multiply(X0,X0)),identity))),multiply(X0,multiply(X1,identity))) [forward demodulation 19512,9686]
19574. multiply(X0,multiply(multiply(X0,multiply(X1,identity)),multiply(multiply(identity,X2),identity))) = multiply(X0,multiply(identity,multiply(multiply(multiply(identity,multiply(identity,multiply(multiply(X0,multiply(X1,identity)),identity))),X2),identity))) [forward demodulation 19535,10448]
19580. multiply(X0,multiply(multiply(X0,X0),identity)) = multiply(multiply(identity,multiply(identity,multiply(multiply(identity,multiply(X0,X0)),identity))),multiply(X0,identity)) [forward demodulation 19547,9686]
19586. multiply(X0,multiply(multiply(X0,X0),multiply(X1,identity))) = multiply(multiply(identity,multiply(identity,multiply(identity,multiply(multiply(X0,X0),identity)))),multiply(X0,multiply(X1,identity))) [forward demodulation 19553,46]
19604. multiply(X0,multiply(multiply(X0,multiply(X1,identity)),multiply(identity,multiply(X2,identity)))) = multiply(X0,multiply(identity,multiply(multiply(multiply(identity,multiply(identity,multiply(multiply(X0,multiply(X1,identity)),identity))),X2),identity))) [forward demodulation 19574,300]
19610. multiply(X0,multiply(multiply(X0,X0),identity)) = multiply(multiply(multiply(identity,multiply(identity,multiply(identity,multiply(X0,X0)))),X0),identity) [forward demodulation 19580,15132]
19629. multiply(X0,multiply(multiply(X0,identity),multiply(multiply(X1,identity),multiply(X2,identity)))) = multiply(X0,multiply(identity,multiply(multiply(multiply(identity,multiply(identity,multiply(multiply(X0,multiply(X1,identity)),identity))),X2),identity))) [forward demodulation 19604,12453]
19649. multiply(X0,multiply(identity,multiply(multiply(multiply(identity,multiply(identity,multiply(multiply(X0,multiply(X1,identity)),identity))),X2),identity))) = multiply(X0,multiply(multiply(X0,identity),multiply(multiply(X1,X2),identity))) [forward demodulation 19629,10579]
19663. multiply(X0,multiply(identity,multiply(multiply(multiply(identity,multiply(identity,multiply(multiply(X0,multiply(X1,identity)),identity))),X2),identity))) = multiply(X0,multiply(multiply(X0,multiply(X1,X2)),identity)) [forward demodulation 19649,9686]
22200. identity = multiply(identity,multiply(multiply(identity,identity),multiply(identity,multiply(multiply(multiply(identity,multiply(X0,multiply(multiply(multiply(X0,multiply(X0,X0)),identity),identity))),identity),identity)))) [superposition 682,19382]
22253. identity = multiply(identity,multiply(multiply(identity,multiply(identity,multiply(multiply(identity,multiply(X0,multiply(multiply(multiply(X0,multiply(X0,X0)),identity),identity))),identity))),identity)) [forward demodulation 22200,10476]
22309. identity = multiply(identity,multiply(X0,multiply(multiply(multiply(X0,multiply(X0,X0)),identity),identity))) [forward demodulation 22253,19]
24467. identity = multiply(identity,multiply(multiply(identity,identity),multiply(identity,multiply(multiply(multiply(X0,multiply(multiply(multiply(X0,multiply(X0,X0)),identity),identity)),identity),identity)))) [superposition 682,22309]
24558. identity = multiply(identity,multiply(multiply(identity,multiply(identity,multiply(multiply(X0,multiply(multiply(multiply(X0,multiply(X0,X0)),identity),identity)),identity))),identity)) [forward demodulation 24467,10476]
24631. identity = multiply(X0,multiply(multiply(multiply(X0,multiply(X0,X0)),identity),identity)) [forward demodulation 24558,19]
26236. multiply(X0,multiply(multiply(X0,X0),multiply(identity,identity))) = multiply(multiply(X0,multiply(X0,X0)),identity) [superposition 2157,24631]
26237. multiply(identity,multiply(multiply(X0,multiply(X0,X0)),identity)) = multiply(identity,multiply(X0,multiply(multiply(X0,X0),multiply(identity,identity)))) [superposition 2021,24631]
26261. multiply(multiply(X0,X0),multiply(multiply(X0,multiply(identity,identity)),identity)) = multiply(multiply(multiply(X0,multiply(X0,X0)),identity),identity) [superposition 134,24631]
26313. multiply(identity,multiply(multiply(identity,identity),multiply(multiply(multiply(X0,multiply(multiply(X0,X0),multiply(multiply(multiply(multiply(identity,multiply(identity,identity)),identity),identity),identity))),identity),multiply(multiply(multiply(X0,multiply(multiply(X0,X0),multiply(multiply(multiply(multiply(identity,multiply(identity,identity)),identity),identity),identity))),identity),multiply(multiply(X0,multiply(multiply(X0,X0),multiply(multiply(multiply(multiply(identity,multiply(identity,identity)),identity),identity),identity))),identity))))) = X0 [superposition 30,24631]
26324. multiply(identity,multiply(multiply(identity,identity),multiply(multiply(multiply(X0,multiply(multiply(X0,X0),multiply(multiply(multiply(multiply(identity,multiply(identity,identity)),identity),identity),identity))),identity),multiply(multiply(multiply(X0,multiply(multiply(X0,X0),multiply(multiply(multiply(multiply(identity,multiply(identity,identity)),identity),identity),identity))),multiply(X0,multiply(multiply(X0,X0),multiply(multiply(multiply(multiply(identity,multiply(identity,identity)),identity),identity),identity)))),identity)))) = X0 [forward demodulation 26313,10579]
26369. multiply(multiply(X0,X0),multiply(multiply(X0,identity),identity)) = multiply(multiply(multiply(X0,multiply(X0,X0)),identity),identity) [forward demodulation 26261,2]
26393. multiply(identity,multiply(X0,multiply(multiply(X0,X0),identity))) = multiply(identity,multiply(multiply(X0,multiply(X0,X0)),identity)) [forward demodulation 26237,2]
26394. multiply(X0,multiply(multiply(X0,X0),identity)) = multiply(multiply(X0,multiply(X0,X0)),identity) [forward demodulation 26236,2]
26406. multiply(identity,multiply(multiply(identity,identity),multiply(multiply(multiply(X0,multiply(multiply(X0,X0),multiply(multiply(multiply(multiply(identity,multiply(identity,identity)),identity),identity),identity))),multiply(multiply(X0,multiply(multiply(X0,X0),multiply(multiply(multiply(multiply(identity,multiply(identity,identity)),identity),identity),identity))),multiply(X0,multiply(multiply(X0,X0),multiply(multiply(multiply(multiply(identity,multiply(identity,identity)),identity),identity),identity))))),identity))) = X0 [forward demodulation 26324,10579]
26480. multiply(identity,multiply(multiply(identity,multiply(multiply(X0,multiply(multiply(X0,X0),multiply(multiply(multiply(multiply(identity,multiply(identity,identity)),identity),identity),identity))),multiply(multiply(X0,multiply(multiply(X0,X0),multiply(multiply(multiply(multiply(identity,multiply(identity,identity)),identity),identity),identity))),multiply(X0,multiply(multiply(X0,X0),multiply(multiply(multiply(multiply(identity,multiply(identity,identity)),identity),identity),identity)))))),identity)) = X0 [forward demodulation 26406,9686]
26540. multiply(identity,multiply(identity,multiply(multiply(multiply(X0,multiply(multiply(X0,X0),multiply(multiply(multiply(multiply(identity,multiply(identity,identity)),identity),identity),identity))),multiply(multiply(X0,multiply(multiply(X0,X0),multiply(multiply(multiply(multiply(identity,multiply(identity,identity)),identity),identity),identity))),multiply(X0,multiply(multiply(X0,X0),multiply(multiply(multiply(multiply(identity,multiply(identity,identity)),identity),identity),identity))))),identity))) = X0 [forward demodulation 26480,46]
26587. multiply(identity,multiply(identity,multiply(multiply(X0,multiply(multiply(X0,X0),multiply(multiply(multiply(multiply(identity,multiply(identity,identity)),identity),identity),identity))),multiply(multiply(multiply(X0,multiply(multiply(X0,X0),multiply(multiply(multiply(multiply(identity,multiply(identity,identity)),identity),identity),identity))),multiply(X0,multiply(multiply(X0,X0),multiply(multiply(multiply(multiply(identity,multiply(identity,identity)),identity),identity),identity)))),identity)))) = X0 [forward demodulation 26540,26393]
26633. multiply(identity,multiply(identity,multiply(multiply(X0,multiply(multiply(X0,X0),multiply(multiply(multiply(identity,identity),multiply(multiply(identity,identity),identity)),identity))),multiply(multiply(multiply(X0,multiply(multiply(X0,X0),multiply(multiply(multiply(identity,identity),multiply(multiply(identity,identity),identity)),identity))),multiply(X0,multiply(multiply(X0,X0),multiply(multiply(multiply(identity,identity),multiply(multiply(identity,identity),identity)),identity)))),identity)))) = X0 [forward demodulation 26587,26369]
26673. multiply(identity,multiply(identity,multiply(multiply(X0,multiply(multiply(X0,X0),multiply(multiply(multiply(identity,multiply(identity,identity)),identity),identity))),multiply(multiply(multiply(X0,multiply(multiply(X0,X0),multiply(multiply(multiply(identity,multiply(identity,identity)),identity),identity))),multiply(X0,multiply(multiply(X0,X0),multiply(multiply(multiply(identity,multiply(identity,identity)),identity),identity)))),identity)))) = X0 [forward demodulation 26633,10579]
26706. multiply(identity,multiply(identity,multiply(multiply(X0,multiply(multiply(X0,X0),multiply(multiply(identity,identity),multiply(multiply(identity,identity),identity)))),multiply(multiply(multiply(X0,multiply(multiply(X0,X0),multiply(multiply(identity,identity),multiply(multiply(identity,identity),identity)))),multiply(X0,multiply(multiply(X0,X0),multiply(multiply(identity,identity),multiply(multiply(identity,identity),identity))))),identity)))) = X0 [forward demodulation 26673,26369]
26728. multiply(identity,multiply(identity,multiply(multiply(X0,multiply(multiply(X0,X0),multiply(multiply(identity,multiply(identity,identity)),identity))),multiply(multiply(multiply(X0,multiply(multiply(X0,X0),multiply(multiply(identity,multiply(identity,identity)),identity))),multiply(X0,multiply(multiply(X0,X0),multiply(multiply(identity,multiply(identity,identity)),identity)))),identity)))) = X0 [forward demodulation 26706,10579]
26744. multiply(identity,multiply(identity,multiply(multiply(X0,multiply(multiply(X0,X0),multiply(identity,multiply(multiply(identity,identity),identity)))),multiply(multiply(multiply(X0,multiply(multiply(X0,X0),multiply(identity,multiply(multiply(identity,identity),identity)))),multiply(X0,multiply(multiply(X0,X0),multiply(identity,multiply(multiply(identity,identity),identity))))),identity)))) = X0 [forward demodulation 26728,26394]
26757. multiply(identity,multiply(identity,multiply(multiply(X0,multiply(multiply(X0,X0),multiply(identity,multiply(identity,multiply(identity,identity))))),multiply(multiply(multiply(X0,multiply(multiply(X0,X0),multiply(identity,multiply(identity,multiply(identity,identity))))),multiply(X0,multiply(multiply(X0,X0),multiply(identity,multiply(identity,multiply(identity,identity)))))),identity)))) = X0 [forward demodulation 26744,46]
26768. multiply(identity,multiply(identity,multiply(multiply(X0,multiply(multiply(X0,X0),multiply(identity,multiply(identity,identity)))),multiply(multiply(multiply(X0,multiply(multiply(X0,X0),multiply(identity,multiply(identity,identity)))),multiply(X0,multiply(multiply(X0,X0),multiply(identity,multiply(identity,identity))))),identity)))) = X0 [forward demodulation 26757,2]
26777. multiply(identity,multiply(identity,multiply(multiply(X0,multiply(multiply(X0,X0),multiply(identity,identity))),multiply(multiply(multiply(X0,multiply(multiply(X0,X0),multiply(identity,identity))),multiply(X0,multiply(multiply(X0,X0),multiply(identity,identity)))),identity)))) = X0 [forward demodulation 26768,2]
26784. multiply(identity,multiply(identity,multiply(multiply(X0,multiply(multiply(X0,X0),identity)),multiply(multiply(multiply(X0,multiply(multiply(X0,X0),identity)),multiply(X0,multiply(multiply(X0,X0),identity))),identity)))) = X0 [forward demodulation 26777,2]
28758. multiply(X0,multiply(X0,X0)) = multiply(identity,multiply(identity,multiply(identity,multiply(multiply(X0,multiply(multiply(X0,X0),identity)),identity)))) [superposition 168,26394]
28773. multiply(X1,multiply(X0,multiply(X0,X0))) = multiply(identity,multiply(identity,multiply(identity,multiply(multiply(multiply(X1,identity),multiply(X0,multiply(multiply(X0,X0),identity))),identity)))) [superposition 10577,26394]
28776. multiply(multiply(X0,multiply(multiply(X0,X0),identity)),multiply(X1,identity)) = multiply(multiply(multiply(X0,multiply(X0,X0)),X1),identity) [superposition 10579,26394]
28789. identity = multiply(X1,multiply(multiply(X1,multiply(multiply(X1,X1),multiply(X0,multiply(X0,X0)))),multiply(multiply(multiply(identity,multiply(identity,multiply(X0,multiply(multiply(X0,X0),identity)))),multiply(identity,multiply(identity,identity))),multiply(multiply(multiply(identity,multiply(identity,multiply(X0,multiply(multiply(X0,X0),identity)))),multiply(identity,multiply(identity,identity))),multiply(multiply(identity,multiply(identity,multiply(X0,multiply(multiply(X0,X0),identity)))),multiply(identity,multiply(identity,identity))))))) [superposition 37,26394]
28836. identity = multiply(X1,multiply(multiply(X1,multiply(multiply(X1,X1),multiply(X0,multiply(X0,X0)))),multiply(multiply(multiply(identity,multiply(identity,multiply(X0,multiply(multiply(X0,X0),identity)))),multiply(identity,identity)),multiply(multiply(multiply(identity,multiply(identity,multiply(X0,multiply(multiply(X0,X0),identity)))),multiply(identity,identity)),multiply(multiply(identity,multiply(identity,multiply(X0,multiply(multiply(X0,X0),identity)))),multiply(identity,identity)))))) [forward demodulation 28789,2]
28846. multiply(X1,multiply(X0,multiply(X0,X0))) = multiply(X1,multiply(multiply(identity,multiply(identity,multiply(identity,multiply(X0,identity)))),multiply(X0,X0))) [forward demodulation 28773,18926]
28859. multiply(X0,multiply(X0,X0)) = multiply(multiply(identity,multiply(identity,multiply(identity,multiply(X0,identity)))),multiply(X0,X0)) [forward demodulation 28758,18911]
28896. identity = multiply(X1,multiply(multiply(X1,multiply(multiply(X1,X1),multiply(X0,multiply(X0,X0)))),multiply(multiply(multiply(identity,multiply(identity,multiply(X0,multiply(multiply(X0,X0),identity)))),identity),multiply(multiply(multiply(identity,multiply(identity,multiply(X0,multiply(multiply(X0,X0),identity)))),identity),multiply(multiply(identity,multiply(identity,multiply(X0,multiply(multiply(X0,X0),identity)))),identity))))) [forward demodulation 28836,2]
28939. identity = multiply(X1,multiply(multiply(X1,multiply(multiply(X1,X1),multiply(X0,multiply(X0,X0)))),multiply(multiply(multiply(identity,multiply(identity,multiply(X0,multiply(multiply(X0,X0),identity)))),identity),multiply(multiply(multiply(identity,multiply(identity,multiply(X0,multiply(multiply(X0,X0),identity)))),multiply(identity,multiply(identity,multiply(X0,multiply(multiply(X0,X0),identity))))),identity)))) [forward demodulation 28896,10579]
28974. identity = multiply(X1,multiply(multiply(X1,multiply(multiply(X1,X1),multiply(X0,multiply(X0,X0)))),multiply(multiply(multiply(identity,multiply(identity,multiply(X0,multiply(multiply(X0,X0),identity)))),multiply(multiply(identity,multiply(identity,multiply(X0,multiply(multiply(X0,X0),identity)))),multiply(identity,multiply(identity,multiply(X0,multiply(multiply(X0,X0),identity)))))),identity))) [forward demodulation 28939,10579]
29000. identity = multiply(X1,multiply(multiply(X1,multiply(multiply(X1,X1),multiply(X0,multiply(X0,X0)))),multiply(multiply(identity,multiply(identity,multiply(X0,multiply(multiply(X0,X0),identity)))),multiply(multiply(multiply(identity,multiply(identity,multiply(X0,multiply(multiply(X0,X0),identity)))),multiply(identity,multiply(identity,multiply(X0,multiply(multiply(X0,X0),identity))))),identity)))) [forward demodulation 28974,26394]
29019. identity = multiply(X1,multiply(multiply(X1,multiply(multiply(X1,X1),multiply(X0,multiply(X0,X0)))),multiply(identity,multiply(identity,multiply(multiply(X0,multiply(multiply(X0,X0),identity)),multiply(multiply(multiply(X0,multiply(multiply(X0,X0),identity)),multiply(X0,multiply(multiply(X0,X0),identity))),identity)))))) [forward demodulation 29000,8842]
29030. identity = multiply(X1,multiply(multiply(X1,multiply(multiply(X1,X1),multiply(X0,multiply(X0,X0)))),X0)) [forward demodulation 29019,26784]
31803. multiply(identity,multiply(multiply(multiply(identity,identity),multiply(identity,identity)),multiply(multiply(multiply(multiply(identity,identity),multiply(identity,identity)),multiply(multiply(identity,identity),multiply(identity,identity))),multiply(X0,X1)))) = multiply(identity,multiply(multiply(identity,multiply(multiply(identity,identity),X0)),multiply(multiply(multiply(multiply(X1,multiply(X1,X1)),multiply(multiply(X1,multiply(X1,X1)),multiply(X1,multiply(X1,X1)))),multiply(multiply(multiply(X1,multiply(X1,X1)),multiply(multiply(X1,multiply(X1,X1)),multiply(X1,multiply(X1,X1)))),multiply(multiply(X1,multiply(X1,X1)),multiply(multiply(X1,multiply(X1,X1)),multiply(X1,multiply(X1,X1)))))),multiply(multiply(multiply(multiply(X1,multiply(X1,X1)),multiply(multiply(X1,multiply(X1,X1)),multiply(X1,multiply(X1,X1)))),multiply(multiply(multiply(X1,multiply(X1,X1)),multiply(multiply(X1,multiply(X1,X1)),multiply(X1,multiply(X1,X1)))),multiply(multiply(X1,multiply(X1,X1)),multiply(multiply(X1,multiply(X1,X1)),multiply(X1,multiply(X1,X1)))))),multiply(multiply(multiply(X1,multiply(X1,X1)),multiply(multiply(X1,multiply(X1,X1)),multiply(X1,multiply(X1,X1)))),multiply(multiply(multiply(X1,multiply(X1,X1)),multiply(multiply(X1,multiply(X1,X1)),multiply(X1,multiply(X1,X1)))),multiply(multiply(X1,multiply(X1,X1)),multiply(multiply(X1,multiply(X1,X1)),multiply(X1,multiply(X1,X1)))))))))) [superposition 4,102]
31820. multiply(identity,multiply(multiply(multiply(identity,identity),multiply(identity,identity)),multiply(multiply(multiply(multiply(identity,identity),multiply(identity,identity)),multiply(multiply(identity,identity),multiply(identity,identity))),multiply(X0,X1)))) = multiply(identity,multiply(identity,multiply(multiply(multiply(identity,multiply(identity,multiply(multiply(identity,multiply(multiply(identity,identity),X0)),identity))),identity),multiply(multiply(X1,multiply(X1,X1)),multiply(multiply(X1,multiply(X1,X1)),multiply(X1,multiply(X1,X1))))))) [forward demodulation 31803,122]
32041. multiply(identity,multiply(multiply(multiply(identity,identity),multiply(identity,identity)),multiply(multiply(multiply(multiply(identity,identity),multiply(identity,identity)),multiply(multiply(identity,identity),multiply(identity,identity))),multiply(X0,X1)))) = multiply(identity,multiply(identity,multiply(identity,multiply(multiply(multiply(identity,multiply(identity,multiply(multiply(multiply(identity,multiply(identity,multiply(multiply(identity,multiply(multiply(identity,identity),X0)),identity))),identity),identity))),identity),X1)))) [forward demodulation 31820,122]
32254. multiply(identity,multiply(multiply(multiply(identity,identity),multiply(identity,identity)),multiply(multiply(multiply(multiply(identity,identity),multiply(identity,identity)),multiply(multiply(identity,identity),multiply(identity,identity))),multiply(X0,X1)))) = multiply(identity,multiply(identity,multiply(identity,multiply(multiply(identity,multiply(multiply(identity,multiply(multiply(multiply(identity,multiply(identity,multiply(multiply(identity,multiply(multiply(identity,identity),X0)),identity))),identity),identity)),identity)),X1)))) [forward demodulation 32041,300]
32466. multiply(identity,multiply(multiply(multiply(identity,identity),multiply(identity,identity)),multiply(multiply(multiply(multiply(identity,identity),multiply(identity,identity)),multiply(multiply(identity,identity),multiply(identity,identity))),multiply(X0,X1)))) = multiply(identity,multiply(identity,multiply(identity,multiply(multiply(identity,multiply(identity,multiply(multiply(multiply(multiply(identity,multiply(identity,multiply(multiply(identity,multiply(multiply(identity,identity),X0)),identity))),identity),identity),identity))),X1)))) [forward demodulation 32254,46]
32670. multiply(identity,multiply(multiply(multiply(identity,identity),multiply(identity,identity)),multiply(multiply(multiply(multiply(identity,identity),multiply(identity,identity)),multiply(multiply(identity,identity),multiply(identity,identity))),multiply(X0,X1)))) = multiply(identity,multiply(multiply(identity,multiply(multiply(identity,multiply(identity,multiply(multiply(identity,multiply(multiply(identity,identity),X0)),identity))),identity)),multiply(identity,multiply(identity,X1)))) [forward demodulation 32466,4230]
32859. multiply(identity,multiply(multiply(multiply(identity,identity),multiply(identity,identity)),multiply(multiply(multiply(multiply(identity,identity),multiply(identity,identity)),multiply(multiply(identity,identity),multiply(identity,identity))),multiply(X0,X1)))) = multiply(identity,multiply(identity,multiply(multiply(multiply(identity,multiply(identity,multiply(multiply(identity,multiply(multiply(identity,identity),X0)),identity))),identity),multiply(identity,X1)))) [forward demodulation 32670,14710]
33037. multiply(identity,multiply(multiply(multiply(identity,identity),multiply(identity,identity)),multiply(multiply(multiply(multiply(identity,identity),multiply(identity,identity)),multiply(multiply(identity,identity),multiply(identity,identity))),multiply(X0,X1)))) = multiply(identity,multiply(identity,multiply(multiply(identity,multiply(multiply(identity,multiply(multiply(identity,multiply(multiply(identity,identity),X0)),identity)),identity)),multiply(identity,X1)))) [forward demodulation 32859,300]
33183. multiply(identity,multiply(multiply(multiply(identity,identity),multiply(identity,identity)),multiply(multiply(multiply(multiply(identity,identity),multiply(identity,identity)),multiply(multiply(identity,identity),multiply(identity,identity))),multiply(X0,X1)))) = multiply(identity,multiply(identity,multiply(multiply(identity,multiply(identity,multiply(multiply(multiply(identity,multiply(multiply(identity,identity),X0)),identity),identity))),multiply(identity,X1)))) [forward demodulation 33037,46]
33293. multiply(identity,multiply(multiply(multiply(identity,identity),multiply(identity,identity)),multiply(multiply(multiply(multiply(identity,identity),multiply(identity,identity)),multiply(multiply(identity,identity),multiply(identity,identity))),multiply(X0,X1)))) = multiply(multiply(identity,multiply(identity,multiply(multiply(identity,identity),X0))),multiply(identity,multiply(identity,multiply(identity,X1)))) [forward demodulation 33183,4230]
33377. multiply(identity,multiply(multiply(identity,identity),multiply(multiply(multiply(identity,identity),multiply(identity,identity)),multiply(X0,X1)))) = multiply(multiply(identity,multiply(identity,multiply(identity,X0))),multiply(identity,multiply(identity,multiply(identity,X1)))) [forward demodulation 33293,2]
33434. multiply(identity,multiply(multiply(identity,identity),multiply(multiply(multiply(identity,identity),multiply(identity,identity)),multiply(X0,X1)))) = multiply(identity,multiply(identity,multiply(multiply(identity,X0),multiply(identity,X1)))) [forward demodulation 33377,6013]
33470. multiply(identity,multiply(identity,multiply(multiply(identity,identity),multiply(X0,X1)))) = multiply(identity,multiply(identity,multiply(multiply(identity,X0),multiply(identity,X1)))) [forward demodulation 33434,9547]
33493. multiply(identity,multiply(identity,multiply(identity,multiply(X0,X1)))) = multiply(identity,multiply(identity,multiply(multiply(identity,X0),multiply(identity,X1)))) [forward demodulation 33470,2]
34671. multiply(X0,multiply(multiply(X2,multiply(multiply(X4,multiply(X4,X4)),multiply(multiply(X4,multiply(X4,X4)),multiply(X4,multiply(X4,X4))))),identity)) = multiply(multiply(multiply(multiply(identity,multiply(identity,multiply(identity,multiply(X0,identity)))),multiply(identity,multiply(identity,multiply(identity,multiply(X0,identity))))),multiply(multiply(multiply(multiply(identity,multiply(identity,multiply(identity,multiply(X0,identity)))),multiply(identity,multiply(identity,multiply(identity,multiply(X0,identity))))),multiply(multiply(identity,multiply(identity,multiply(identity,multiply(X0,identity)))),multiply(identity,multiply(identity,multiply(identity,multiply(X0,identity)))))),multiply(multiply(multiply(multiply(identity,multiply(identity,multiply(identity,multiply(X0,identity)))),multiply(multiply(multiply(identity,multiply(identity,multiply(identity,multiply(X0,identity)))),multiply(identity,multiply(identity,multiply(identity,multiply(X0,identity))))),X1)),multiply(multiply(multiply(X2,multiply(multiply(X2,X2),multiply(X1,X3))),multiply(X3,multiply(X3,X3))),multiply(multiply(multiply(X2,multiply(multiply(X2,X2),multiply(X1,X3))),multiply(X3,multiply(X3,X3))),multiply(multiply(X2,multiply(multiply(X2,X2),multiply(X1,X3))),multiply(X3,multiply(X3,X3)))))),X4))),identity) [superposition 15131,226]
34742. multiply(X0,multiply(multiply(X2,multiply(multiply(X4,multiply(X4,X4)),multiply(multiply(X4,multiply(X4,X4)),multiply(X4,multiply(X4,X4))))),identity)) = multiply(multiply(multiply(multiply(identity,multiply(identity,multiply(identity,multiply(X0,identity)))),multiply(identity,multiply(identity,multiply(identity,multiply(X0,identity))))),multiply(multiply(identity,multiply(identity,multiply(identity,multiply(X0,identity)))),multiply(identity,multiply(identity,multiply(identity,multiply(X0,identity)))))),multiply(multiply(multiply(multiply(identity,multiply(identity,multiply(identity,multiply(X0,identity)))),multiply(identity,multiply(identity,multiply(identity,multiply(X0,identity))))),multiply(multiply(multiply(multiply(identity,multiply(identity,multiply(identity,multiply(X0,identity)))),multiply(multiply(multiply(identity,multiply(identity,multiply(identity,multiply(X0,identity)))),multiply(identity,multiply(identity,multiply(identity,multiply(X0,identity))))),X1)),multiply(multiply(multiply(X2,multiply(multiply(X2,X2),multiply(X1,X3))),multiply(X3,multiply(X3,X3))),multiply(multiply(multiply(X2,multiply(multiply(X2,X2),multiply(X1,X3))),multiply(X3,multiply(X3,X3))),multiply(multiply(X2,multiply(multiply(X2,X2),multiply(X1,X3))),multiply(X3,multiply(X3,X3)))))),X4)),identity)) [forward demodulation 34671,5115]
35213. multiply(X0,multiply(multiply(X2,multiply(multiply(X4,multiply(X4,X4)),multiply(multiply(X4,multiply(X4,X4)),multiply(X4,multiply(X4,X4))))),identity)) = multiply(multiply(multiply(identity,multiply(identity,multiply(identity,multiply(X0,identity)))),multiply(identity,multiply(multiply(identity,multiply(identity,multiply(multiply(multiply(multiply(identity,multiply(identity,multiply(identity,multiply(X0,identity)))),multiply(multiply(multiply(identity,multiply(identity,multiply(identity,multiply(X0,identity)))),multiply(multiply(multiply(identity,multiply(identity,multiply(identity,multiply(X0,identity)))),multiply(identity,multiply(identity,multiply(identity,multiply(X0,identity))))),X1)),multiply(multiply(multiply(X2,multiply(multiply(X2,X2),multiply(X1,X3))),multiply(X3,multiply(X3,X3))),multiply(multiply(multiply(X2,multiply(multiply(X2,X2),multiply(X1,X3))),multiply(X3,multiply(X3,X3))),multiply(multiply(X2,multiply(multiply(X2,X2),multiply(X1,X3))),multiply(X3,multiply(X3,X3))))))),identity),identity))),X4))),identity) [forward demodulation 34742,6148]
35674. multiply(X0,multiply(multiply(X2,multiply(multiply(X4,multiply(X4,X4)),multiply(multiply(X4,multiply(X4,X4)),multiply(X4,multiply(X4,X4))))),identity)) = multiply(X0,multiply(multiply(identity,multiply(multiply(identity,multiply(identity,multiply(multiply(multiply(multiply(identity,multiply(identity,multiply(identity,multiply(X0,identity)))),multiply(multiply(multiply(identity,multiply(identity,multiply(identity,multiply(X0,identity)))),multiply(multiply(multiply(identity,multiply(identity,multiply(identity,multiply(X0,identity)))),multiply(identity,multiply(identity,multiply(identity,multiply(X0,identity))))),X1)),multiply(multiply(multiply(X2,multiply(multiply(X2,X2),multiply(X1,X3))),multiply(X3,multiply(X3,X3))),multiply(multiply(multiply(X2,multiply(multiply(X2,X2),multiply(X1,X3))),multiply(X3,multiply(X3,X3))),multiply(multiply(X2,multiply(multiply(X2,X2),multiply(X1,X3))),multiply(X3,multiply(X3,X3))))))),identity),identity))),X4)),identity)) [forward demodulation 35213,15131]
36108. multiply(X0,multiply(multiply(X2,multiply(multiply(X4,multiply(X4,X4)),multiply(multiply(X4,multiply(X4,X4)),multiply(X4,multiply(X4,X4))))),identity)) = multiply(X0,multiply(identity,multiply(multiply(multiply(identity,multiply(identity,multiply(multiply(multiply(multiply(identity,multiply(identity,multiply(identity,multiply(X0,identity)))),multiply(multiply(multiply(identity,multiply(identity,multiply(identity,multiply(X0,identity)))),multiply(multiply(multiply(identity,multiply(identity,multiply(identity,multiply(X0,identity)))),multiply(identity,multiply(identity,multiply(identity,multiply(X0,identity))))),X1)),multiply(multiply(multiply(X2,multiply(multiply(X2,X2),multiply(X1,X3))),multiply(X3,multiply(X3,X3))),multiply(multiply(multiply(X2,multiply(multiply(X2,X2),multiply(X1,X3))),multiply(X3,multiply(X3,X3))),multiply(multiply(X2,multiply(multiply(X2,X2),multiply(X1,X3))),multiply(X3,multiply(X3,X3))))))),identity),identity))),X4),identity))) [forward demodulation 35674,300]
36512. multiply(X0,multiply(multiply(X2,multiply(multiply(X4,multiply(X4,X4)),multiply(multiply(X4,multiply(X4,X4)),multiply(X4,multiply(X4,X4))))),identity)) = multiply(X0,multiply(identity,multiply(multiply(multiply(identity,multiply(identity,multiply(multiply(X0,multiply(multiply(multiply(multiply(identity,multiply(identity,multiply(identity,multiply(X0,identity)))),multiply(multiply(multiply(identity,multiply(identity,multiply(identity,multiply(X0,identity)))),multiply(identity,multiply(identity,multiply(identity,multiply(X0,identity))))),X1)),multiply(multiply(multiply(X2,multiply(multiply(X2,X2),multiply(X1,X3))),multiply(X3,multiply(X3,X3))),multiply(multiply(multiply(X2,multiply(multiply(X2,X2),multiply(X1,X3))),multiply(X3,multiply(X3,X3))),multiply(multiply(X2,multiply(multiply(X2,X2),multiply(X1,X3))),multiply(X3,multiply(X3,X3)))))),identity)),multiply(identity,identity)))),X4),identity))) [forward demodulation 36108,18929]
36846. multiply(X0,multiply(multiply(X2,multiply(multiply(X4,multiply(X4,X4)),multiply(multiply(X4,multiply(X4,X4)),multiply(X4,multiply(X4,X4))))),identity)) = multiply(X0,multiply(identity,multiply(multiply(multiply(identity,multiply(identity,multiply(multiply(X0,multiply(multiply(multiply(multiply(identity,multiply(identity,multiply(identity,multiply(X0,identity)))),multiply(multiply(multiply(identity,multiply(identity,multiply(identity,multiply(X0,identity)))),multiply(identity,multiply(identity,multiply(identity,multiply(X0,identity))))),X1)),multiply(multiply(multiply(X2,multiply(multiply(X2,X2),multiply(X1,X3))),multiply(X3,multiply(X3,X3))),multiply(multiply(multiply(X2,multiply(multiply(X2,X2),multiply(X1,X3))),multiply(X3,multiply(X3,X3))),multiply(multiply(X2,multiply(multiply(X2,X2),multiply(X1,X3))),multiply(X3,multiply(X3,X3)))))),identity)),identity))),X4),identity))) [forward demodulation 36512,2]
37110. multiply(X0,multiply(multiply(X2,multiply(multiply(X4,multiply(X4,X4)),multiply(multiply(X4,multiply(X4,X4)),multiply(X4,multiply(X4,X4))))),identity)) = multiply(X0,multiply(multiply(X0,multiply(multiply(multiply(multiply(identity,multiply(identity,multiply(identity,multiply(X0,identity)))),multiply(multiply(multiply(identity,multiply(identity,multiply(identity,multiply(X0,identity)))),multiply(identity,multiply(identity,multiply(identity,multiply(X0,identity))))),X1)),multiply(multiply(multiply(X2,multiply(multiply(X2,X2),multiply(X1,X3))),multiply(X3,multiply(X3,X3))),multiply(multiply(multiply(X2,multiply(multiply(X2,X2),multiply(X1,X3))),multiply(X3,multiply(X3,X3))),multiply(multiply(X2,multiply(multiply(X2,X2),multiply(X1,X3))),multiply(X3,multiply(X3,X3)))))),X4)),identity)) [forward demodulation 36846,19663]
37308. multiply(X0,multiply(multiply(X2,multiply(multiply(X4,multiply(X4,X4)),multiply(multiply(X4,multiply(X4,X4)),multiply(X4,multiply(X4,X4))))),identity)) = multiply(X0,multiply(multiply(X0,multiply(multiply(multiply(multiply(identity,multiply(identity,multiply(identity,multiply(X0,identity)))),multiply(identity,multiply(identity,multiply(identity,multiply(X0,identity))))),multiply(multiply(multiply(identity,multiply(identity,multiply(identity,multiply(X0,identity)))),multiply(X2,identity)),identity)),X4)),identity)) [forward demodulation 37110,277]
37442. multiply(X0,multiply(multiply(X2,multiply(multiply(X4,multiply(X4,X4)),multiply(multiply(X4,multiply(X4,X4)),multiply(X4,multiply(X4,X4))))),identity)) = multiply(X0,multiply(multiply(X0,multiply(multiply(multiply(multiply(identity,multiply(identity,multiply(identity,multiply(X0,identity)))),multiply(identity,multiply(identity,multiply(identity,multiply(X0,identity))))),multiply(X0,multiply(multiply(X2,identity),identity))),X4)),identity)) [forward demodulation 37308,15131]
37538. multiply(X0,multiply(multiply(X2,multiply(multiply(X4,multiply(X4,X4)),multiply(multiply(X4,multiply(X4,X4)),multiply(X4,multiply(X4,X4))))),identity)) = multiply(X0,multiply(multiply(X0,multiply(multiply(multiply(identity,multiply(identity,multiply(multiply(identity,multiply(X0,identity)),multiply(identity,multiply(X0,identity))))),multiply(X0,multiply(multiply(X2,identity),identity))),X4)),identity)) [forward demodulation 37442,6013]
37609. multiply(X0,multiply(multiply(X2,multiply(multiply(X4,multiply(X4,X4)),multiply(multiply(X4,multiply(X4,X4)),multiply(X4,multiply(X4,X4))))),identity)) = multiply(X0,multiply(multiply(X0,multiply(multiply(multiply(identity,multiply(identity,multiply(identity,multiply(multiply(X0,identity),multiply(X0,identity))))),multiply(X0,multiply(multiply(X2,identity),identity))),X4)),identity)) [forward demodulation 37538,33493]
37665. multiply(X0,multiply(multiply(X2,multiply(multiply(X4,multiply(X4,X4)),multiply(multiply(X4,multiply(X4,X4)),multiply(X4,multiply(X4,X4))))),identity)) = multiply(X0,multiply(multiply(X0,multiply(multiply(multiply(identity,multiply(identity,multiply(identity,multiply(multiply(X0,X0),identity)))),multiply(X0,multiply(multiply(X2,identity),identity))),X4)),identity)) [forward demodulation 37609,10579]
37706. multiply(X0,multiply(multiply(X2,multiply(multiply(X4,multiply(X4,X4)),multiply(multiply(X4,multiply(X4,X4)),multiply(X4,multiply(X4,X4))))),identity)) = multiply(X0,multiply(multiply(X0,multiply(multiply(X0,multiply(multiply(X0,X0),multiply(multiply(X2,identity),identity))),X4)),identity)) [forward demodulation 37665,19586]
37739. multiply(X0,multiply(multiply(X2,multiply(multiply(X4,multiply(X4,X4)),multiply(multiply(X4,multiply(X4,X4)),multiply(X4,multiply(X4,X4))))),identity)) = multiply(X0,multiply(identity,multiply(multiply(identity,multiply(identity,multiply(multiply(multiply(X2,identity),identity),identity))),multiply(X4,identity)))) [forward demodulation 37706,12198]
37764. multiply(X0,multiply(multiply(X2,multiply(multiply(X4,multiply(X4,X4)),multiply(multiply(X4,multiply(X4,X4)),multiply(X4,multiply(X4,X4))))),identity)) = multiply(X0,multiply(multiply(X2,identity),multiply(identity,multiply(X4,identity)))) [forward demodulation 37739,12491]
37777. multiply(X0,multiply(multiply(X2,multiply(multiply(X4,multiply(X4,X4)),multiply(multiply(X4,multiply(X4,X4)),multiply(X4,multiply(X4,X4))))),identity)) = multiply(X0,multiply(multiply(X2,multiply(identity,X4)),identity)) [forward demodulation 37764,11815]
37786. multiply(X0,multiply(multiply(X2,multiply(identity,X4)),identity)) = multiply(X0,multiply(multiply(identity,multiply(multiply(identity,multiply(identity,multiply(multiply(X2,identity),identity))),X4)),identity)) [forward demodulation 37777,4003]
37795. multiply(X0,multiply(multiply(X2,multiply(identity,X4)),identity)) = multiply(X0,multiply(identity,multiply(multiply(multiply(identity,multiply(identity,multiply(multiply(X2,identity),identity))),X4),identity))) [forward demodulation 37786,300]
37842. multiply(identity,multiply(identity,multiply(identity,multiply(X0,identity)))) = multiply(X1,multiply(multiply(X1,multiply(multiply(X1,X1),identity)),multiply(multiply(multiply(multiply(identity,multiply(identity,multiply(identity,multiply(X0,identity)))),multiply(multiply(multiply(identity,multiply(identity,multiply(identity,multiply(X0,identity)))),identity),X0)),identity),multiply(multiply(multiply(multiply(identity,multiply(identity,multiply(identity,multiply(X0,identity)))),multiply(multiply(multiply(identity,multiply(identity,multiply(identity,multiply(X0,identity)))),identity),X0)),identity),multiply(multiply(multiply(identity,multiply(identity,multiply(identity,multiply(X0,identity)))),multiply(multiply(multiply(identity,multiply(identity,multiply(identity,multiply(X0,identity)))),identity),X0)),identity))))) [superposition 12,16722]
37848. multiply(X0,multiply(multiply(X0,X0),multiply(multiply(X0,identity),X1))) = multiply(identity,multiply(identity,multiply(identity,multiply(multiply(identity,multiply(identity,multiply(identity,multiply(X1,identity)))),identity)))) [superposition 2692,16722]
37992. multiply(X0,multiply(multiply(X0,X0),multiply(multiply(X0,identity),X1))) = multiply(identity,multiply(identity,multiply(identity,multiply(identity,multiply(multiply(identity,multiply(identity,multiply(X1,identity))),identity))))) [forward demodulation 37848,46]
37998. multiply(identity,multiply(identity,multiply(identity,multiply(X0,identity)))) = multiply(X1,multiply(multiply(X1,multiply(multiply(X1,X1),identity)),multiply(multiply(multiply(multiply(identity,multiply(identity,multiply(identity,multiply(X0,identity)))),multiply(multiply(multiply(identity,multiply(identity,multiply(identity,multiply(X0,identity)))),identity),X0)),identity),multiply(multiply(multiply(multiply(identity,multiply(identity,multiply(identity,multiply(X0,identity)))),multiply(multiply(multiply(identity,multiply(identity,multiply(identity,multiply(X0,identity)))),identity),X0)),multiply(multiply(identity,multiply(identity,multiply(identity,multiply(X0,identity)))),multiply(multiply(multiply(identity,multiply(identity,multiply(identity,multiply(X0,identity)))),identity),X0))),identity)))) [forward demodulation 37842,10579]
38067. multiply(identity,multiply(identity,multiply(identity,X1))) = multiply(X0,multiply(multiply(X0,X0),multiply(multiply(X0,identity),X1))) [forward demodulation 37992,19]
38072. multiply(identity,multiply(identity,multiply(identity,multiply(X0,identity)))) = multiply(X1,multiply(multiply(X1,multiply(multiply(X1,X1),identity)),multiply(multiply(multiply(multiply(identity,multiply(identity,multiply(identity,multiply(X0,identity)))),multiply(multiply(multiply(identity,multiply(identity,multiply(identity,multiply(X0,identity)))),identity),X0)),multiply(multiply(multiply(identity,multiply(identity,multiply(identity,multiply(X0,identity)))),multiply(multiply(multiply(identity,multiply(identity,multiply(identity,multiply(X0,identity)))),identity),X0)),multiply(multiply(identity,multiply(identity,multiply(identity,multiply(X0,identity)))),multiply(multiply(multiply(identity,multiply(identity,multiply(identity,multiply(X0,identity)))),identity),X0)))),identity))) [forward demodulation 37998,10579]
38134. multiply(identity,multiply(identity,multiply(identity,multiply(X0,identity)))) = multiply(X1,multiply(multiply(multiply(X1,multiply(X1,X1)),multiply(multiply(multiply(identity,multiply(identity,multiply(identity,multiply(X0,identity)))),multiply(multiply(multiply(identity,multiply(identity,multiply(identity,multiply(X0,identity)))),identity),X0)),multiply(multiply(multiply(identity,multiply(identity,multiply(identity,multiply(X0,identity)))),multiply(multiply(multiply(identity,multiply(identity,multiply(identity,multiply(X0,identity)))),identity),X0)),multiply(multiply(identity,multiply(identity,multiply(identity,multiply(X0,identity)))),multiply(multiply(multiply(identity,multiply(identity,multiply(identity,multiply(X0,identity)))),identity),X0))))),identity)) [forward demodulation 38072,28776]
38183. multiply(identity,multiply(identity,multiply(identity,multiply(X0,identity)))) = multiply(X1,multiply(multiply(multiply(X1,multiply(X1,X1)),multiply(multiply(multiply(identity,multiply(identity,multiply(identity,multiply(X0,identity)))),multiply(multiply(identity,multiply(multiply(identity,multiply(identity,multiply(X0,identity))),identity)),X0)),multiply(multiply(multiply(identity,multiply(identity,multiply(identity,multiply(X0,identity)))),multiply(multiply(identity,multiply(multiply(identity,multiply(identity,multiply(X0,identity))),identity)),X0)),multiply(multiply(identity,multiply(identity,multiply(identity,multiply(X0,identity)))),multiply(multiply(identity,multiply(multiply(identity,multiply(identity,multiply(X0,identity))),identity)),X0))))),identity)) [forward demodulation 38134,300]
38222. multiply(identity,multiply(identity,multiply(identity,multiply(X0,identity)))) = multiply(X1,multiply(multiply(multiply(X1,multiply(X1,X1)),multiply(multiply(multiply(identity,multiply(identity,multiply(identity,multiply(X0,identity)))),multiply(X0,X0)),multiply(multiply(multiply(identity,multiply(identity,multiply(identity,multiply(X0,identity)))),multiply(X0,X0)),multiply(multiply(identity,multiply(identity,multiply(identity,multiply(X0,identity)))),multiply(X0,X0))))),identity)) [forward demodulation 38183,19]
38250. multiply(identity,multiply(identity,multiply(identity,multiply(X0,identity)))) = multiply(X1,multiply(multiply(multiply(X1,multiply(X1,X1)),multiply(multiply(multiply(identity,multiply(identity,multiply(identity,multiply(X0,identity)))),multiply(X0,X0)),multiply(multiply(multiply(identity,multiply(identity,multiply(identity,multiply(X0,identity)))),multiply(X0,X0)),multiply(X0,multiply(X0,X0))))),identity)) [forward demodulation 38222,28846]
38273. multiply(identity,multiply(identity,multiply(identity,multiply(X0,identity)))) = multiply(X1,multiply(multiply(multiply(X1,multiply(X1,X1)),multiply(multiply(X0,multiply(X0,X0)),multiply(multiply(X0,multiply(X0,X0)),multiply(X0,multiply(X0,X0))))),identity)) [forward demodulation 38250,28859]
38290. multiply(identity,multiply(identity,multiply(identity,multiply(X0,identity)))) = multiply(X1,multiply(multiply(identity,multiply(multiply(identity,multiply(identity,multiply(multiply(multiply(X1,multiply(X1,X1)),identity),identity))),X0)),identity)) [forward demodulation 38273,4003]
38302. multiply(identity,multiply(identity,multiply(identity,multiply(X0,identity)))) = multiply(X1,multiply(identity,multiply(multiply(multiply(identity,multiply(identity,multiply(multiply(multiply(X1,multiply(X1,X1)),identity),identity))),X0),identity))) [forward demodulation 38290,300]
38311. multiply(identity,multiply(identity,multiply(identity,multiply(X0,identity)))) = multiply(X1,multiply(multiply(multiply(X1,multiply(X1,X1)),multiply(identity,X0)),identity)) [forward demodulation 38302,37795]
38541. multiply(multiply(identity,X0),identity) = multiply(identity,multiply(identity,multiply(multiply(multiply(identity,multiply(multiply(identity,identity),identity)),multiply(multiply(multiply(X0,multiply(multiply(X0,X0),identity)),identity),multiply(multiply(multiply(X0,multiply(multiply(X0,X0),identity)),identity),multiply(multiply(X0,multiply(multiply(X0,X0),identity)),identity)))),identity))) [superposition 414,115]
38545. multiply(identity,multiply(identity,multiply(multiply(multiply(identity,multiply(identity,multiply(multiply(identity,X0),identity))),identity),X1))) = multiply(identity,multiply(identity,multiply(multiply(multiply(identity,multiply(identity,multiply(multiply(identity,identity),identity))),multiply(multiply(multiply(multiply(multiply(X0,multiply(multiply(X0,X0),identity)),identity),multiply(multiply(multiply(X0,multiply(multiply(X0,X0),identity)),identity),multiply(multiply(X0,multiply(multiply(X0,X0),identity)),identity))),multiply(multiply(multiply(multiply(X0,multiply(multiply(X0,X0),identity)),identity),multiply(multiply(multiply(X0,multiply(multiply(X0,X0),identity)),identity),multiply(multiply(X0,multiply(multiply(X0,X0),identity)),identity))),multiply(multiply(multiply(X0,multiply(multiply(X0,X0),identity)),identity),multiply(multiply(multiply(X0,multiply(multiply(X0,X0),identity)),identity),multiply(multiply(X0,multiply(multiply(X0,X0),identity)),identity))))),multiply(multiply(multiply(multiply(multiply(X0,multiply(multiply(X0,X0),identity)),identity),multiply(multiply(multiply(X0,multiply(multiply(X0,X0),identity)),identity),multiply(multiply(X0,multiply(multiply(X0,X0),identity)),identity))),multiply(multiply(multiply(multiply(X0,multiply(multiply(X0,X0),identity)),identity),multiply(multiply(multiply(X0,multiply(multiply(X0,X0),identity)),identity),multiply(multiply(X0,multiply(multiply(X0,X0),identity)),identity))),multiply(multiply(multiply(X0,multiply(multiply(X0,X0),identity)),identity),multiply(multiply(multiply(X0,multiply(multiply(X0,X0),identity)),identity),multiply(multiply(X0,multiply(multiply(X0,X0),identity)),identity))))),multiply(multiply(multiply(multiply(X0,multiply(multiply(X0,X0),identity)),identity),multiply(multiply(multiply(X0,multiply(multiply(X0,X0),identity)),identity),multiply(multiply(X0,multiply(multiply(X0,X0),identity)),identity))),multiply(multiply(multiply(multiply(X0,multiply(multiply(X0,X0),identity)),identity),multiply(multiply(multiply(X0,multiply(multiply(X0,X0),identity)),identity),multiply(multiply(X0,multiply(multiply(X0,X0),identity)),identity))),multiply(multiply(multiply(X0,multiply(multiply(X0,X0),identity)),identity),multiply(multiply(multiply(X0,multiply(multiply(X0,X0),identity)),identity),multiply(multiply(X0,multiply(multiply(X0,X0),identity)),identity)))))))),X1))) [superposition 130,115]
38553. identity = multiply(multiply(identity,multiply(multiply(identity,identity),identity)),multiply(multiply(multiply(identity,multiply(multiply(identity,identity),identity)),multiply(identity,multiply(multiply(identity,identity),identity))),multiply(identity,multiply(multiply(multiply(multiply(identity,X0),multiply(multiply(multiply(multiply(X0,multiply(multiply(X0,X0),identity)),identity),multiply(multiply(multiply(X0,multiply(multiply(X0,X0),identity)),identity),multiply(multiply(X0,multiply(multiply(X0,X0),identity)),identity))),multiply(multiply(multiply(multiply(X0,multiply(multiply(X0,X0),identity)),identity),multiply(multiply(multiply(X0,multiply(multiply(X0,X0),identity)),identity),multiply(multiply(X0,multiply(multiply(X0,X0),identity)),identity))),multiply(multiply(multiply(X0,multiply(multiply(X0,X0),identity)),identity),multiply(multiply(multiply(X0,multiply(multiply(X0,X0),identity)),identity),multiply(multiply(X0,multiply(multiply(X0,X0),identity)),identity)))))),identity),identity)))) [superposition 682,115]
38556. identity = multiply(multiply(identity,multiply(multiply(identity,identity),identity)),multiply(multiply(multiply(identity,multiply(multiply(identity,identity),identity)),identity),multiply(multiply(identity,multiply(multiply(identity,identity),identity)),multiply(multiply(multiply(multiply(identity,X0),multiply(multiply(multiply(multiply(X0,multiply(multiply(X0,X0),identity)),identity),multiply(multiply(multiply(X0,multiply(multiply(X0,X0),identity)),identity),multiply(multiply(X0,multiply(multiply(X0,X0),identity)),identity))),multiply(multiply(multiply(multiply(X0,multiply(multiply(X0,X0),identity)),identity),multiply(multiply(multiply(X0,multiply(multiply(X0,X0),identity)),identity),multiply(multiply(X0,multiply(multiply(X0,X0),identity)),identity))),multiply(multiply(multiply(X0,multiply(multiply(X0,X0),identity)),identity),multiply(multiply(multiply(X0,multiply(multiply(X0,X0),identity)),identity),multiply(multiply(X0,multiply(multiply(X0,X0),identity)),identity)))))),identity),identity)))) [forward demodulation 38553,12453]
38564. multiply(identity,multiply(identity,multiply(multiply(multiply(identity,multiply(identity,multiply(multiply(identity,X0),identity))),identity),X1))) = multiply(identity,multiply(identity,multiply(multiply(identity,multiply(multiply(identity,multiply(identity,multiply(multiply(multiply(identity,multiply(identity,multiply(multiply(identity,identity),identity))),identity),identity))),multiply(multiply(multiply(X0,multiply(multiply(X0,X0),identity)),identity),multiply(multiply(multiply(X0,multiply(multiply(X0,X0),identity)),identity),multiply(multiply(X0,multiply(multiply(X0,X0),identity)),identity))))),X1))) [forward demodulation 38545,3568]
38567. multiply(multiply(identity,X0),identity) = multiply(identity,multiply(identity,multiply(multiply(multiply(identity,multiply(multiply(identity,identity),identity)),multiply(multiply(multiply(X0,multiply(multiply(X0,X0),identity)),identity),multiply(multiply(multiply(X0,multiply(multiply(X0,X0),identity)),multiply(X0,multiply(multiply(X0,X0),identity))),identity))),identity))) [forward demodulation 38541,10579]
38765. identity = multiply(multiply(identity,multiply(multiply(identity,identity),identity)),multiply(multiply(multiply(identity,multiply(multiply(identity,identity),identity)),identity),multiply(multiply(multiply(identity,multiply(identity,identity)),multiply(multiply(multiply(identity,X0),multiply(multiply(multiply(multiply(X0,multiply(multiply(X0,X0),identity)),identity),multiply(multiply(multiply(X0,multiply(multiply(X0,X0),identity)),identity),multiply(multiply(X0,multiply(multiply(X0,X0),identity)),identity))),multiply(multiply(multiply(multiply(X0,multiply(multiply(X0,X0),identity)),identity),multiply(multiply(multiply(X0,multiply(multiply(X0,X0),identity)),identity),multiply(multiply(X0,multiply(multiply(X0,X0),identity)),identity))),multiply(multiply(multiply(X0,multiply(multiply(X0,X0),identity)),identity),multiply(multiply(multiply(X0,multiply(multiply(X0,X0),identity)),identity),multiply(multiply(X0,multiply(multiply(X0,X0),identity)),identity)))))),identity)),identity))) [forward demodulation 38556,28776]
38773. multiply(identity,multiply(identity,multiply(multiply(multiply(identity,multiply(identity,multiply(multiply(identity,X0),identity))),identity),X1))) = multiply(identity,multiply(identity,multiply(multiply(identity,multiply(multiply(identity,multiply(identity,multiply(multiply(multiply(identity,multiply(identity,multiply(multiply(identity,identity),identity))),identity),identity))),multiply(multiply(multiply(X0,multiply(multiply(X0,X0),identity)),identity),multiply(multiply(multiply(X0,multiply(multiply(X0,X0),identity)),multiply(X0,multiply(multiply(X0,X0),identity))),identity)))),X1))) [forward demodulation 38564,10579]
38776. multiply(multiply(identity,X0),identity) = multiply(identity,multiply(identity,multiply(multiply(multiply(identity,multiply(multiply(identity,identity),identity)),multiply(multiply(multiply(X0,multiply(multiply(X0,X0),identity)),multiply(multiply(X0,multiply(multiply(X0,X0),identity)),multiply(X0,multiply(multiply(X0,X0),identity)))),identity)),identity))) [forward demodulation 38567,10579]
38974. identity = multiply(multiply(identity,multiply(multiply(identity,identity),identity)),multiply(multiply(multiply(identity,multiply(multiply(identity,identity),identity)),multiply(multiply(identity,multiply(identity,identity)),multiply(multiply(multiply(identity,X0),multiply(multiply(multiply(multiply(X0,multiply(multiply(X0,X0),identity)),identity),multiply(multiply(multiply(X0,multiply(multiply(X0,X0),identity)),identity),multiply(multiply(X0,multiply(multiply(X0,X0),identity)),identity))),multiply(multiply(multiply(multiply(X0,multiply(multiply(X0,X0),identity)),identity),multiply(multiply(multiply(X0,multiply(multiply(X0,X0),identity)),identity),multiply(multiply(X0,multiply(multiply(X0,X0),identity)),identity))),multiply(multiply(multiply(X0,multiply(multiply(X0,X0),identity)),identity),multiply(multiply(multiply(X0,multiply(multiply(X0,X0),identity)),identity),multiply(multiply(X0,multiply(multiply(X0,X0),identity)),identity)))))),identity))),identity)) [forward demodulation 38765,9686]
38982. multiply(identity,multiply(identity,multiply(multiply(multiply(identity,multiply(identity,multiply(multiply(identity,X0),identity))),identity),X1))) = multiply(identity,multiply(identity,multiply(multiply(identity,multiply(multiply(identity,multiply(identity,multiply(multiply(multiply(identity,multiply(identity,multiply(multiply(identity,identity),identity))),identity),identity))),multiply(multiply(multiply(X0,multiply(multiply(X0,X0),identity)),multiply(multiply(X0,multiply(multiply(X0,X0),identity)),multiply(X0,multiply(multiply(X0,X0),identity)))),identity))),X1))) [forward demodulation 38773,10579]
38985. multiply(multiply(identity,X0),identity) = multiply(identity,multiply(identity,multiply(multiply(multiply(multiply(identity,multiply(identity,identity)),multiply(multiply(X0,multiply(multiply(X0,X0),identity)),multiply(multiply(X0,multiply(multiply(X0,X0),identity)),multiply(X0,multiply(multiply(X0,X0),identity))))),identity),identity))) [forward demodulation 38776,28776]
39183. identity = multiply(multiply(multiply(identity,multiply(identity,identity)),multiply(multiply(identity,multiply(multiply(identity,identity),identity)),multiply(multiply(identity,multiply(identity,identity)),multiply(multiply(multiply(identity,X0),multiply(multiply(multiply(multiply(X0,multiply(multiply(X0,X0),identity)),identity),multiply(multiply(multiply(X0,multiply(multiply(X0,X0),identity)),identity),multiply(multiply(X0,multiply(multiply(X0,X0),identity)),identity))),multiply(multiply(multiply(multiply(X0,multiply(multiply(X0,X0),identity)),identity),multiply(multiply(multiply(X0,multiply(multiply(X0,X0),identity)),identity),multiply(multiply(X0,multiply(multiply(X0,X0),identity)),identity))),multiply(multiply(multiply(X0,multiply(multiply(X0,X0),identity)),identity),multiply(multiply(multiply(X0,multiply(multiply(X0,X0),identity)),identity),multiply(multiply(X0,multiply(multiply(X0,X0),identity)),identity)))))),identity)))),identity) [forward demodulation 38974,28776]
39190. multiply(identity,multiply(identity,multiply(multiply(multiply(identity,multiply(identity,multiply(multiply(identity,X0),identity))),identity),X1))) = multiply(identity,multiply(identity,multiply(multiply(identity,multiply(multiply(multiply(identity,multiply(identity,multiply(multiply(identity,multiply(identity,multiply(multiply(identity,identity),identity))),identity))),multiply(multiply(X0,multiply(multiply(X0,X0),identity)),multiply(multiply(X0,multiply(multiply(X0,X0),identity)),multiply(X0,multiply(multiply(X0,X0),identity))))),identity)),X1))) [forward demodulation 38982,15132]
39193. multiply(multiply(identity,X0),identity) = multiply(identity,multiply(identity,multiply(multiply(multiply(multiply(identity,identity),multiply(multiply(X0,multiply(multiply(X0,X0),identity)),multiply(multiply(X0,multiply(multiply(X0,X0),identity)),multiply(X0,multiply(multiply(X0,X0),identity))))),identity),identity))) [forward demodulation 38985,2]
39371. identity = multiply(multiply(multiply(identity,multiply(identity,identity)),multiply(multiply(identity,multiply(multiply(identity,identity),identity)),multiply(multiply(multiply(identity,identity),multiply(multiply(identity,X0),multiply(multiply(multiply(multiply(X0,multiply(multiply(X0,X0),identity)),identity),multiply(multiply(multiply(X0,multiply(multiply(X0,X0),identity)),identity),multiply(multiply(X0,multiply(multiply(X0,X0),identity)),identity))),multiply(multiply(multiply(multiply(X0,multiply(multiply(X0,X0),identity)),identity),multiply(multiply(multiply(X0,multiply(multiply(X0,X0),identity)),identity),multiply(multiply(X0,multiply(multiply(X0,X0),identity)),identity))),multiply(multiply(multiply(X0,multiply(multiply(X0,X0),identity)),identity),multiply(multiply(multiply(X0,multiply(multiply(X0,X0),identity)),identity),multiply(multiply(X0,multiply(multiply(X0,X0),identity)),identity))))))),identity))),identity) [forward demodulation 39183,11811]
39378. multiply(identity,multiply(identity,multiply(multiply(multiply(identity,multiply(identity,multiply(multiply(identity,X0),identity))),identity),X1))) = multiply(identity,multiply(identity,multiply(multiply(identity,multiply(multiply(multiply(multiply(identity,identity),multiply(identity,multiply(identity,identity))),multiply(multiply(X0,multiply(multiply(X0,X0),identity)),multiply(multiply(X0,multiply(multiply(X0,X0),identity)),multiply(X0,multiply(multiply(X0,X0),identity))))),identity)),X1))) [forward demodulation 39190,4230]
39381. multiply(multiply(identity,X0),identity) = multiply(identity,multiply(identity,multiply(multiply(multiply(identity,multiply(multiply(X0,multiply(multiply(X0,X0),identity)),multiply(multiply(X0,multiply(multiply(X0,X0),identity)),multiply(X0,multiply(multiply(X0,X0),identity))))),identity),identity))) [forward demodulation 39193,2]
39540. identity = multiply(multiply(multiply(identity,multiply(identity,identity)),multiply(multiply(multiply(identity,multiply(identity,identity)),multiply(multiply(identity,identity),multiply(multiply(identity,X0),multiply(multiply(multiply(multiply(X0,multiply(multiply(X0,X0),identity)),identity),multiply(multiply(multiply(X0,multiply(multiply(X0,X0),identity)),identity),multiply(multiply(X0,multiply(multiply(X0,X0),identity)),identity))),multiply(multiply(multiply(multiply(X0,multiply(multiply(X0,X0),identity)),identity),multiply(multiply(multiply(X0,multiply(multiply(X0,X0),identity)),identity),multiply(multiply(X0,multiply(multiply(X0,X0),identity)),identity))),multiply(multiply(multiply(X0,multiply(multiply(X0,X0),identity)),identity),multiply(multiply(multiply(X0,multiply(multiply(X0,X0),identity)),identity),multiply(multiply(X0,multiply(multiply(X0,X0),identity)),identity)))))))),identity)),identity) [forward demodulation 39371,10472]
39547. multiply(identity,multiply(identity,multiply(multiply(multiply(identity,multiply(identity,multiply(multiply(identity,X0),identity))),identity),X1))) = multiply(identity,multiply(identity,multiply(multiply(identity,multiply(multiply(multiply(multiply(identity,multiply(identity,identity)),identity),multiply(multiply(X0,multiply(multiply(X0,X0),identity)),multiply(multiply(X0,multiply(multiply(X0,X0),identity)),multiply(X0,multiply(multiply(X0,X0),identity))))),identity)),X1))) [forward demodulation 39378,11815]
39550. multiply(multiply(identity,X0),identity) = multiply(multiply(X0,multiply(multiply(X0,X0),identity)),multiply(multiply(X0,multiply(multiply(X0,X0),identity)),multiply(X0,multiply(multiply(X0,X0),identity)))) [forward demodulation 39381,176]
39689. identity = multiply(multiply(multiply(multiply(identity,identity),multiply(multiply(identity,multiply(identity,identity)),multiply(multiply(identity,identity),multiply(multiply(identity,X0),multiply(multiply(multiply(multiply(X0,multiply(multiply(X0,X0),identity)),identity),multiply(multiply(multiply(X0,multiply(multiply(X0,X0),identity)),identity),multiply(multiply(X0,multiply(multiply(X0,X0),identity)),identity))),multiply(multiply(multiply(multiply(X0,multiply(multiply(X0,X0),identity)),identity),multiply(multiply(multiply(X0,multiply(multiply(X0,X0),identity)),identity),multiply(multiply(X0,multiply(multiply(X0,X0),identity)),identity))),multiply(multiply(multiply(X0,multiply(multiply(X0,X0),identity)),identity),multiply(multiply(multiply(X0,multiply(multiply(X0,X0),identity)),identity),multiply(multiply(X0,multiply(multiply(X0,X0),identity)),identity))))))))),identity),identity) [forward demodulation 39540,11811]
39696. multiply(identity,multiply(identity,multiply(multiply(multiply(identity,multiply(identity,multiply(multiply(identity,X0),identity))),identity),X1))) = multiply(identity,multiply(identity,multiply(multiply(identity,multiply(multiply(multiply(identity,multiply(multiply(identity,identity),identity)),multiply(multiply(X0,multiply(multiply(X0,X0),identity)),multiply(multiply(X0,multiply(multiply(X0,X0),identity)),multiply(X0,multiply(multiply(X0,X0),identity))))),identity)),X1))) [forward demodulation 39547,26394]
39699. multiply(identity,multiply(X0,identity)) = multiply(multiply(X0,multiply(multiply(X0,X0),identity)),multiply(multiply(X0,multiply(multiply(X0,X0),identity)),multiply(X0,multiply(multiply(X0,X0),identity)))) [forward demodulation 39550,300]
39823. identity = multiply(multiply(multiply(multiply(identity,identity),multiply(multiply(identity,multiply(identity,identity)),multiply(multiply(multiply(identity,identity),multiply(identity,identity)),multiply(multiply(multiply(multiply(identity,identity),multiply(identity,identity)),multiply(multiply(identity,identity),multiply(identity,identity))),multiply(multiply(multiply(multiply(identity,identity),multiply(multiply(multiply(identity,identity),multiply(identity,identity)),multiply(multiply(identity,X0),identity))),identity),multiply(multiply(X0,multiply(multiply(X0,X0),identity)),identity)))))),identity),identity) [forward demodulation 39689,85]
39830. multiply(identity,multiply(identity,multiply(multiply(multiply(identity,multiply(identity,multiply(multiply(identity,X0),identity))),identity),X1))) = multiply(identity,multiply(identity,multiply(multiply(identity,multiply(multiply(multiply(identity,multiply(identity,multiply(identity,identity))),multiply(multiply(X0,multiply(multiply(X0,X0),identity)),multiply(multiply(X0,multiply(multiply(X0,X0),identity)),multiply(X0,multiply(multiply(X0,X0),identity))))),identity)),X1))) [forward demodulation 39696,46]
39937. identity = multiply(multiply(multiply(multiply(identity,identity),multiply(multiply(identity,multiply(identity,identity)),multiply(multiply(identity,identity),multiply(identity,multiply(multiply(identity,multiply(identity,multiply(multiply(multiply(multiply(identity,identity),multiply(multiply(multiply(identity,identity),multiply(multiply(multiply(identity,identity),multiply(identity,identity)),multiply(multiply(identity,X0),identity))),identity)),identity),identity))),multiply(multiply(X0,multiply(multiply(X0,X0),identity)),identity)))))),identity),identity) [forward demodulation 39823,6763]
39944. multiply(identity,multiply(identity,multiply(multiply(multiply(identity,multiply(identity,multiply(multiply(identity,X0),identity))),identity),X1))) = multiply(identity,multiply(identity,multiply(multiply(identity,multiply(multiply(multiply(identity,multiply(identity,multiply(identity,identity))),multiply(identity,multiply(X0,identity))),identity)),X1))) [forward demodulation 39830,39699]
40030. identity = multiply(multiply(multiply(multiply(identity,identity),multiply(multiply(identity,multiply(identity,identity)),multiply(multiply(identity,identity),multiply(multiply(multiply(identity,identity),identity),multiply(multiply(multiply(multiply(identity,identity),multiply(multiply(multiply(identity,identity),multiply(identity,identity)),multiply(multiply(identity,X0),identity))),identity),multiply(multiply(X0,multiply(multiply(X0,X0),identity)),identity)))))),identity),identity) [forward demodulation 39937,9805]
40036. multiply(identity,multiply(identity,multiply(multiply(multiply(identity,multiply(identity,multiply(multiply(identity,X0),identity))),identity),X1))) = multiply(identity,multiply(identity,multiply(multiply(identity,multiply(multiply(multiply(identity,multiply(identity,identity)),multiply(identity,multiply(X0,identity))),identity)),X1))) [forward demodulation 39944,2]
40099. identity = multiply(multiply(multiply(multiply(identity,identity),multiply(multiply(identity,multiply(identity,identity)),multiply(multiply(identity,identity),multiply(multiply(multiply(identity,identity),identity),multiply(multiply(multiply(multiply(identity,identity),multiply(multiply(multiply(identity,identity),multiply(identity,identity)),multiply(multiply(identity,X0),identity))),multiply(X0,multiply(multiply(X0,X0),identity))),identity))))),identity),identity) [forward demodulation 40030,10579]
40102. multiply(identity,multiply(identity,multiply(multiply(multiply(identity,multiply(identity,multiply(multiply(identity,X0),identity))),identity),X1))) = multiply(identity,multiply(identity,multiply(multiply(identity,multiply(identity,multiply(identity,multiply(multiply(X0,identity),identity)))),X1))) [forward demodulation 40036,38311]
40152. identity = multiply(multiply(multiply(multiply(identity,identity),multiply(multiply(identity,multiply(identity,identity)),multiply(multiply(identity,identity),multiply(multiply(multiply(identity,identity),multiply(multiply(multiply(identity,identity),multiply(multiply(multiply(identity,identity),multiply(identity,identity)),multiply(multiply(identity,X0),identity))),multiply(X0,multiply(multiply(X0,X0),identity)))),identity)))),identity),identity) [forward demodulation 40099,9686]
40155. multiply(identity,multiply(identity,multiply(X0,X1))) = multiply(identity,multiply(identity,multiply(multiply(multiply(identity,multiply(identity,multiply(multiply(identity,X0),identity))),identity),X1))) [forward demodulation 40102,168]
40193. identity = multiply(multiply(multiply(multiply(identity,identity),multiply(multiply(identity,multiply(identity,identity)),multiply(multiply(identity,identity),multiply(identity,multiply(multiply(identity,multiply(identity,multiply(multiply(multiply(identity,X0),identity),identity))),multiply(multiply(X0,multiply(multiply(X0,X0),identity)),identity)))))),identity),identity) [forward demodulation 40152,12198]
40195. multiply(identity,multiply(identity,multiply(X0,X1))) = multiply(identity,multiply(identity,multiply(multiply(identity,multiply(multiply(identity,multiply(multiply(identity,X0),identity)),identity)),X1))) [forward demodulation 40155,300]
40219. identity = multiply(multiply(multiply(multiply(identity,identity),multiply(multiply(identity,multiply(identity,identity)),multiply(multiply(identity,identity),multiply(multiply(identity,X0),multiply(identity,multiply(multiply(X0,multiply(multiply(X0,X0),identity)),identity)))))),identity),identity) [forward demodulation 40193,12491]
40220. multiply(identity,multiply(identity,multiply(X0,X1))) = multiply(identity,multiply(identity,multiply(multiply(identity,multiply(identity,multiply(multiply(multiply(identity,X0),identity),identity))),X1))) [forward demodulation 40195,46]
40235. identity = multiply(multiply(multiply(multiply(identity,identity),multiply(multiply(identity,multiply(identity,identity)),multiply(multiply(identity,identity),multiply(multiply(identity,X0),multiply(identity,multiply(multiply(X0,X0),multiply(multiply(X0,identity),identity))))))),identity),identity) [forward demodulation 40219,5115]
40236. multiply(identity,multiply(identity,multiply(X0,X1))) = multiply(multiply(identity,multiply(identity,X0)),multiply(identity,multiply(identity,X1))) [forward demodulation 40220,4230]
40248. identity = multiply(multiply(multiply(identity,multiply(multiply(identity,identity),multiply(identity,multiply(multiply(identity,X0),multiply(identity,multiply(multiply(X0,X0),multiply(multiply(X0,identity),identity))))))),identity),identity) [forward demodulation 40235,2]
40257. identity = multiply(multiply(multiply(identity,identity),multiply(multiply(identity,multiply(identity,multiply(multiply(identity,X0),multiply(identity,multiply(multiply(X0,X0),multiply(multiply(X0,identity),identity)))))),identity)),identity) [forward demodulation 40248,5115]
40265. identity = multiply(multiply(multiply(identity,multiply(identity,multiply(identity,multiply(multiply(identity,X0),multiply(identity,multiply(multiply(X0,X0),multiply(multiply(X0,identity),identity))))))),identity),identity) [forward demodulation 40257,10579]
40272. identity = multiply(multiply(identity,multiply(multiply(identity,multiply(identity,multiply(multiply(identity,X0),multiply(identity,multiply(multiply(X0,X0),multiply(multiply(X0,identity),identity)))))),identity)),identity) [forward demodulation 40265,300]
40278. identity = multiply(identity,multiply(multiply(multiply(identity,multiply(identity,multiply(multiply(identity,X0),multiply(identity,multiply(multiply(X0,X0),multiply(multiply(X0,identity),identity)))))),identity),identity)) [forward demodulation 40272,300]
40284. identity = multiply(identity,multiply(multiply(identity,multiply(multiply(identity,multiply(multiply(identity,X0),multiply(identity,multiply(multiply(X0,X0),multiply(multiply(X0,identity),identity))))),identity)),identity)) [forward demodulation 40278,300]
40289. identity = multiply(identity,multiply(identity,multiply(multiply(multiply(identity,multiply(multiply(identity,X0),multiply(identity,multiply(multiply(X0,X0),multiply(multiply(X0,identity),identity))))),identity),identity))) [forward demodulation 40284,46]
40292. identity = multiply(multiply(identity,X0),multiply(identity,multiply(multiply(X0,X0),multiply(multiply(X0,identity),identity)))) [forward demodulation 40289,176]
43327. multiply(multiply(identity,multiply(identity,X1)),multiply(identity,X0)) = multiply(identity,multiply(identity,multiply(X1,multiply(identity,multiply(identity,multiply(multiply(X0,identity),identity)))))) [superposition 40236,168]
43781. multiply(multiply(identity,multiply(identity,X1)),multiply(identity,X0)) = multiply(identity,multiply(multiply(identity,X1),X0)) [forward demodulation 43327,17846]
48378. multiply(identity,multiply(X0,X2)) = multiply(multiply(identity,X0),multiply(identity,X2)) [superposition 43781,241]
48386. multiply(identity,multiply(multiply(identity,multiply(identity,multiply(multiply(X0,identity),identity))),X1)) = multiply(X0,multiply(identity,X1)) [superposition 43781,168]
48470. multiply(identity,multiply(identity,multiply(X0,X1))) = multiply(identity,multiply(multiply(identity,X0),multiply(identity,X1))) [superposition 40236,43781]
48479. multiply(X0,multiply(multiply(multiply(X0,X0),multiply(multiply(multiply(X0,X0),multiply(X0,X0)),multiply(X1,identity))),multiply(multiply(X2,multiply(X2,X2)),multiply(multiply(X2,multiply(X2,X2)),multiply(X2,multiply(X2,X2)))))) = multiply(multiply(X0,X0),multiply(multiply(multiply(X0,X0),multiply(X0,X0)),multiply(multiply(multiply(X0,X1),multiply(multiply(identity,multiply(identity,identity)),multiply(identity,multiply(multiply(identity,identity),multiply(identity,identity))))),X2))) [superposition 87,43781]
48496. multiply(X0,multiply(multiply(identity,X1),identity)) = multiply(multiply(identity,multiply(multiply(identity,multiply(identity,multiply(X0,identity))),X1)),identity) [superposition 15131,43781]
48795. multiply(X0,multiply(multiply(identity,X1),identity)) = multiply(identity,multiply(multiply(multiply(identity,multiply(identity,multiply(X0,identity))),X1),identity)) [forward demodulation 48496,300]
48812. multiply(X0,multiply(multiply(multiply(X0,X0),multiply(multiply(multiply(X0,X0),multiply(X0,X0)),multiply(X1,identity))),multiply(multiply(X2,multiply(X2,X2)),multiply(multiply(X2,multiply(X2,X2)),multiply(X2,multiply(X2,X2)))))) = multiply(X0,multiply(multiply(X0,identity),multiply(multiply(multiply(X0,X1),multiply(multiply(identity,multiply(identity,identity)),multiply(identity,multiply(multiply(identity,identity),multiply(identity,identity))))),X2))) [forward demodulation 48479,9547]
49038. multiply(X0,multiply(identity,multiply(X1,identity))) = multiply(identity,multiply(multiply(multiply(identity,multiply(identity,multiply(X0,identity))),X1),identity)) [forward demodulation 48795,300]
49055. multiply(X0,multiply(multiply(multiply(X0,X0),multiply(multiply(multiply(X0,X0),multiply(X0,X0)),multiply(X1,identity))),multiply(multiply(X2,multiply(X2,X2)),multiply(multiply(X2,multiply(X2,X2)),multiply(X2,multiply(X2,X2)))))) = multiply(X0,multiply(multiply(X0,identity),multiply(multiply(multiply(X0,X1),multiply(identity,multiply(multiply(identity,identity),multiply(multiply(identity,identity),multiply(identity,identity))))),X2))) [forward demodulation 48812,48378]
49277. multiply(X0,multiply(multiply(multiply(X0,X0),multiply(multiply(multiply(X0,X0),multiply(X0,X0)),multiply(X1,identity))),multiply(multiply(X2,multiply(X2,X2)),multiply(multiply(X2,multiply(X2,X2)),multiply(X2,multiply(X2,X2)))))) = multiply(X0,multiply(multiply(X0,identity),multiply(multiply(multiply(X0,X1),multiply(identity,multiply(identity,multiply(identity,multiply(identity,identity))))),X2))) [forward demodulation 49055,38067]
49475. multiply(X0,multiply(multiply(multiply(X0,X0),multiply(multiply(multiply(X0,X0),multiply(X0,X0)),multiply(X1,identity))),multiply(multiply(X2,multiply(X2,X2)),multiply(multiply(X2,multiply(X2,X2)),multiply(X2,multiply(X2,X2)))))) = multiply(X0,multiply(multiply(X0,identity),multiply(multiply(multiply(X0,X1),multiply(identity,multiply(identity,multiply(identity,identity)))),X2))) [forward demodulation 49277,2]
49642. multiply(X0,multiply(multiply(multiply(X0,X0),multiply(multiply(multiply(X0,X0),multiply(X0,X0)),multiply(X1,identity))),multiply(multiply(X2,multiply(X2,X2)),multiply(multiply(X2,multiply(X2,X2)),multiply(X2,multiply(X2,X2)))))) = multiply(X0,multiply(multiply(X0,identity),multiply(multiply(multiply(X0,X1),multiply(identity,multiply(identity,identity))),X2))) [forward demodulation 49475,2]
49779. multiply(X0,multiply(multiply(multiply(X0,X0),multiply(multiply(multiply(X0,X0),multiply(X0,X0)),multiply(X1,identity))),multiply(multiply(X2,multiply(X2,X2)),multiply(multiply(X2,multiply(X2,X2)),multiply(X2,multiply(X2,X2)))))) = multiply(X0,multiply(multiply(X0,identity),multiply(multiply(multiply(X0,X1),multiply(identity,identity)),X2))) [forward demodulation 49642,2]
49888. multiply(X0,multiply(multiply(X0,identity),multiply(multiply(multiply(X0,X1),identity),X2))) = multiply(X0,multiply(multiply(multiply(X0,X0),multiply(multiply(multiply(X0,X0),multiply(X0,X0)),multiply(X1,identity))),multiply(multiply(X2,multiply(X2,X2)),multiply(multiply(X2,multiply(X2,X2)),multiply(X2,multiply(X2,X2)))))) [forward demodulation 49779,2]
49960. multiply(X0,multiply(multiply(X0,identity),multiply(multiply(multiply(X0,X1),identity),X2))) = multiply(X0,multiply(identity,multiply(multiply(identity,multiply(identity,multiply(multiply(multiply(multiply(X0,X0),multiply(multiply(multiply(X0,X0),multiply(X0,X0)),multiply(X1,identity))),identity),identity))),X2))) [forward demodulation 49888,4003]
50011. multiply(X0,multiply(multiply(X0,identity),multiply(multiply(multiply(X0,X1),identity),X2))) = multiply(X0,multiply(multiply(multiply(X0,X0),multiply(multiply(multiply(X0,X0),multiply(X0,X0)),multiply(X1,identity))),multiply(identity,X2))) [forward demodulation 49960,48386]
50049. multiply(X0,multiply(multiply(X0,identity),multiply(multiply(multiply(X0,X1),identity),X2))) = multiply(X0,multiply(multiply(X0,multiply(multiply(X0,X1),identity)),multiply(identity,X2))) [forward demodulation 50011,21]
92317. multiply(multiply(identity,multiply(identity,multiply(identity,X0))),X1) = multiply(identity,multiply(identity,multiply(identity,multiply(X0,multiply(multiply(X1,identity),identity))))) [superposition 17846,40236]
106605. identity = multiply(X0,multiply(multiply(identity,multiply(identity,multiply(identity,multiply(multiply(X0,identity),multiply(X0,identity))))),multiply(X0,identity))) [superposition 29030,38067]
106890. identity = multiply(X0,multiply(multiply(identity,multiply(identity,multiply(identity,multiply(multiply(X0,X0),identity)))),multiply(X0,identity))) [forward demodulation 106605,10579]
107101. identity = multiply(X0,multiply(multiply(multiply(identity,multiply(identity,multiply(identity,multiply(X0,X0)))),X0),identity)) [forward demodulation 106890,15237]
107295. identity = multiply(X0,multiply(X0,multiply(multiply(X0,X0),identity))) [forward demodulation 107101,19610]
110820. multiply(X0,multiply(multiply(X0,multiply(multiply(X0,X0),identity)),multiply(multiply(X1,multiply(multiply(X1,X1),identity)),multiply(multiply(X1,multiply(multiply(X1,X1),identity)),multiply(X1,multiply(multiply(X1,X1),identity)))))) = X1 [superposition 1,107295]
110825. multiply(X0,multiply(multiply(X0,X0),identity)) = multiply(multiply(X0,X0),multiply(multiply(X0,multiply(identity,identity)),identity)) [superposition 134,107295]
110827. multiply(X0,multiply(multiply(X0,X0),multiply(identity,identity))) = multiply(identity,multiply(identity,multiply(identity,multiply(multiply(X0,multiply(multiply(X0,X0),identity)),identity)))) [superposition 2692,107295]
110909. multiply(X0,multiply(multiply(X0,X0),multiply(identity,identity))) = multiply(multiply(identity,multiply(identity,multiply(identity,multiply(X0,identity)))),multiply(X0,X0)) [forward demodulation 110827,18911]
110911. multiply(X0,multiply(multiply(X0,X0),identity)) = multiply(multiply(X0,X0),multiply(multiply(X0,identity),identity)) [forward demodulation 110825,2]
110916. multiply(X0,multiply(multiply(X0,multiply(multiply(X0,X0),identity)),multiply(identity,multiply(X1,identity)))) = X1 [forward demodulation 110820,39699]
110964. multiply(X0,multiply(X0,X0)) = multiply(X0,multiply(multiply(X0,X0),multiply(identity,identity))) [forward demodulation 110909,28859]
110970. multiply(X0,multiply(multiply(X0,identity),multiply(multiply(multiply(X0,X0),identity),multiply(X1,identity)))) = X1 [forward demodulation 110916,50049]
111011. multiply(X0,multiply(X0,X0)) = multiply(X0,multiply(multiply(X0,X0),identity)) [forward demodulation 110964,2]
111015. multiply(identity,multiply(identity,multiply(identity,multiply(X1,identity)))) = X1 [forward demodulation 110970,17935]
111362. multiply(X0,multiply(multiply(X0,X0),identity)) = multiply(identity,multiply(identity,multiply(identity,multiply(multiply(X0,X0),multiply(multiply(X0,identity),identity))))) [superposition 111015,298]
111374. multiply(identity,multiply(identity,multiply(identity,X0))) = multiply(identity,multiply(multiply(identity,identity),multiply(identity,multiply(X0,identity)))) [superposition 111015,331]
111388. multiply(X0,identity) = X0 [superposition 168,111015]
111389. multiply(X0,X1) = multiply(multiply(X0,identity),multiply(X1,identity)) [superposition 10577,111015]
111412. multiply(identity,multiply(identity,multiply(X0,identity))) = multiply(identity,multiply(identity,multiply(multiply(X0,identity),identity))) [superposition 176,111015]
111417. identity = multiply(X0,multiply(identity,multiply(multiply(multiply(identity,multiply(identity,multiply(X0,identity))),multiply(identity,multiply(identity,multiply(X0,identity)))),multiply(multiply(multiply(identity,multiply(identity,multiply(X0,identity))),identity),identity)))) [superposition 40292,111015]
111420. multiply(X0,multiply(identity,X1)) = multiply(identity,multiply(multiply(identity,multiply(identity,multiply(X0,identity))),X1)) [superposition 48378,111015]
111450. identity = multiply(X0,multiply(identity,multiply(multiply(identity,multiply(identity,multiply(X0,identity))),multiply(multiply(multiply(identity,multiply(identity,multiply(X0,identity))),multiply(identity,multiply(identity,multiply(X0,identity)))),identity)))) [forward demodulation 111417,110911]
111478. multiply(identity,multiply(identity,multiply(identity,X0))) = multiply(identity,multiply(identity,multiply(identity,multiply(X0,identity)))) [forward demodulation 111374,48470]
111489. multiply(X0,multiply(multiply(X0,X0),identity)) = multiply(multiply(identity,multiply(identity,multiply(identity,multiply(X0,X0)))),X0) [forward demodulation 111362,92317]
111503. identity = multiply(X0,multiply(X0,multiply(identity,multiply(multiply(multiply(identity,multiply(identity,multiply(X0,identity))),multiply(identity,multiply(identity,multiply(X0,identity)))),identity)))) [forward demodulation 111450,111420]
111527. multiply(identity,multiply(identity,multiply(identity,X0))) = X0 [forward demodulation 111478,111015]
111534. multiply(X0,multiply(X0,X0)) = multiply(multiply(identity,multiply(identity,multiply(identity,multiply(X0,X0)))),X0) [forward demodulation 111489,111011]
111546. identity = multiply(X0,multiply(X0,multiply(X0,multiply(identity,multiply(multiply(identity,multiply(identity,multiply(X0,identity))),identity))))) [forward demodulation 111503,49038]
111566. multiply(X0,multiply(X0,X0)) = multiply(multiply(X0,X0),X0) [forward demodulation 111534,111527]
111575. identity = multiply(X0,multiply(X0,multiply(X0,X0))) [forward demodulation 111546,19]
112039. multiply(X1,multiply(multiply(X1,X0),identity)) = multiply(multiply(X1,X1),multiply(multiply(multiply(X1,X1),multiply(X1,X1)),X0)) [superposition 21,111388]
112189. multiply(X0,multiply(X1,multiply(multiply(X2,multiply(X2,X2)),multiply(multiply(X2,multiply(X2,X2)),multiply(X2,multiply(X2,X2)))))) = multiply(multiply(X0,X0),multiply(multiply(multiply(X0,X0),multiply(X0,X0)),multiply(multiply(X0,multiply(multiply(X0,X0),multiply(X1,identity))),X2))) [superposition 85,111388]
112194. multiply(X0,multiply(multiply(X0,X0),X1)) = multiply(multiply(X0,X0),multiply(multiply(X0,X1),identity)) [superposition 5115,111388]
112196. multiply(multiply(X0,X0),multiply(X0,multiply(multiply(X0,X1),identity))) = X1 [superposition 134,111388]
112310. multiply(multiply(X0,X0),multiply(X0,multiply(X0,X1))) = X1 [forward demodulation 112196,111388]
112312. multiply(X0,multiply(multiply(X0,X0),X1)) = multiply(multiply(X0,X0),multiply(X0,X1)) [forward demodulation 112194,111388]
112317. multiply(X0,multiply(X1,multiply(multiply(X2,multiply(X2,X2)),multiply(multiply(X2,multiply(X2,X2)),multiply(X2,multiply(X2,X2)))))) = multiply(X0,multiply(multiply(X0,identity),multiply(multiply(X0,multiply(multiply(X0,X0),multiply(X1,identity))),X2))) [forward demodulation 112189,9547]
112433. multiply(multiply(X1,X1),multiply(multiply(multiply(X1,X1),multiply(X1,X1)),X0)) = multiply(X1,multiply(X1,X0)) [forward demodulation 112039,111388]
112473. multiply(X0,multiply(X1,multiply(multiply(X2,multiply(X2,X2)),multiply(multiply(X2,multiply(X2,X2)),multiply(X2,multiply(X2,X2)))))) = multiply(X0,multiply(multiply(X0,identity),multiply(multiply(X0,multiply(multiply(X0,X0),X1)),X2))) [forward demodulation 112317,111388]
112556. multiply(X1,multiply(X1,X0)) = multiply(multiply(X1,X1),multiply(multiply(X1,multiply(multiply(X1,X1),X1)),X0)) [forward demodulation 112433,112312]
112579. multiply(X0,multiply(X1,multiply(multiply(X2,multiply(X2,X2)),multiply(multiply(X2,multiply(X2,X2)),multiply(X2,multiply(X2,X2)))))) = multiply(X0,multiply(X0,multiply(multiply(X0,multiply(multiply(X0,X0),X1)),X2))) [forward demodulation 112473,111388]
112635. multiply(X1,multiply(X1,X0)) = multiply(multiply(X1,X1),multiply(multiply(X1,multiply(X1,multiply(X1,X1))),X0)) [forward demodulation 112556,111566]
112651. multiply(X0,multiply(identity,multiply(multiply(identity,multiply(identity,multiply(multiply(X1,identity),identity))),X2))) = multiply(X0,multiply(X0,multiply(multiply(X0,multiply(multiply(X0,X0),X1)),X2))) [forward demodulation 112579,4003]
112691. multiply(multiply(X1,X1),multiply(identity,X0)) = multiply(X1,multiply(X1,X0)) [forward demodulation 112635,111575]
112705. multiply(X0,multiply(X0,multiply(multiply(X0,multiply(multiply(X0,X0),X1)),X2))) = multiply(X0,multiply(multiply(X1,identity),multiply(identity,X2))) [forward demodulation 112651,111420]
112746. multiply(X0,multiply(X1,multiply(identity,X2))) = multiply(X0,multiply(X0,multiply(multiply(X0,multiply(multiply(X0,X0),X1)),X2))) [forward demodulation 112705,111388]
115395. multiply(identity,X1) = multiply(multiply(X0,identity),multiply(multiply(multiply(X0,identity),multiply(multiply(X0,X0),multiply(identity,multiply(X1,identity)))),identity)) [superposition 331,111389]
115473. multiply(identity,X1) = multiply(multiply(X0,multiply(multiply(X0,identity),multiply(multiply(X0,X0),multiply(identity,multiply(X1,identity))))),identity) [forward demodulation 115395,10579]
115626. multiply(identity,X1) = multiply(X0,multiply(multiply(X0,identity),multiply(multiply(X0,X0),multiply(identity,multiply(X1,identity))))) [forward demodulation 115473,111388]
115751. multiply(identity,X1) = multiply(X0,multiply(multiply(X0,identity),multiply(X0,multiply(X0,multiply(X1,identity))))) [forward demodulation 115626,112691]
115850. multiply(identity,X1) = multiply(X0,multiply(multiply(X0,identity),multiply(X0,multiply(X0,X1)))) [forward demodulation 115751,111388]
115924. multiply(identity,X1) = multiply(X0,multiply(X0,multiply(X0,multiply(X0,X1)))) [forward demodulation 115850,111388]
118852. multiply(identity,multiply(identity,multiply(identity,multiply(X0,identity)))) = multiply(X0,multiply(multiply(X0,multiply(X0,multiply(X0,X0))),identity)) [superposition 817,111566]
118888. multiply(multiply(multiply(X0,X0),multiply(X0,X0)),multiply(multiply(multiply(multiply(X0,X0),multiply(X0,X0)),multiply(multiply(X0,X0),multiply(X0,X0))),multiply(X0,X1))) = multiply(multiply(X0,X0),multiply(multiply(X0,multiply(X0,X0)),multiply(multiply(X1,multiply(X1,X1)),multiply(multiply(X1,multiply(X1,X1)),multiply(X1,multiply(X1,X1)))))) [superposition 7,111566]
118995. multiply(multiply(multiply(X0,X0),multiply(X0,X0)),multiply(multiply(multiply(multiply(X0,X0),multiply(X0,X0)),multiply(multiply(X0,X0),multiply(X0,X0))),multiply(X0,X1))) = multiply(multiply(X0,X0),multiply(identity,multiply(multiply(identity,multiply(identity,multiply(multiply(multiply(X0,multiply(X0,X0)),identity),identity))),X1))) [forward demodulation 118888,4003]
119025. multiply(identity,multiply(identity,multiply(identity,multiply(X0,identity)))) = multiply(X0,multiply(X0,multiply(X0,multiply(X0,X0)))) [forward demodulation 118852,111388]
119071. multiply(multiply(multiply(X0,X0),multiply(X0,X0)),multiply(multiply(multiply(multiply(X0,X0),multiply(X0,X0)),multiply(multiply(X0,X0),multiply(X0,X0))),multiply(X0,X1))) = multiply(X0,multiply(X0,multiply(multiply(identity,multiply(identity,multiply(multiply(multiply(X0,multiply(X0,X0)),identity),identity))),X1))) [forward demodulation 118995,112691]
119093. multiply(identity,X0) = multiply(identity,multiply(identity,multiply(identity,multiply(X0,identity)))) [forward demodulation 119025,115924]
119132. multiply(multiply(multiply(X0,X0),multiply(X0,X0)),multiply(multiply(multiply(multiply(X0,X0),multiply(X0,X0)),multiply(multiply(X0,X0),multiply(X0,X0))),multiply(X0,X1))) = multiply(X0,multiply(X0,multiply(multiply(identity,multiply(identity,multiply(multiply(X0,multiply(X0,X0)),identity))),X1))) [forward demodulation 119071,111412]
119146. multiply(identity,X0) = X0 [forward demodulation 119093,111015]
119179. multiply(multiply(multiply(X0,X0),multiply(X0,X0)),multiply(multiply(multiply(multiply(X0,X0),multiply(X0,X0)),multiply(multiply(X0,X0),multiply(X0,X0))),multiply(X0,X1))) = multiply(X0,multiply(X0,multiply(multiply(identity,multiply(identity,multiply(X0,multiply(multiply(X0,X0),identity)))),X1))) [forward demodulation 119132,26393]
119216. multiply(multiply(multiply(X0,X0),multiply(X0,X0)),multiply(multiply(multiply(multiply(X0,X0),multiply(X0,X0)),multiply(multiply(X0,X0),multiply(X0,X0))),multiply(X0,X1))) = multiply(X0,multiply(X0,multiply(multiply(identity,multiply(X0,multiply(multiply(X0,X0),identity))),X1))) [forward demodulation 119179,119146]
119245. multiply(multiply(multiply(X0,X0),multiply(X0,X0)),multiply(multiply(multiply(multiply(X0,X0),multiply(X0,X0)),multiply(multiply(X0,X0),multiply(X0,X0))),multiply(X0,X1))) = multiply(X0,multiply(X0,multiply(multiply(X0,multiply(multiply(X0,X0),identity)),X1))) [forward demodulation 119216,119146]
119266. multiply(X0,multiply(identity,multiply(identity,X1))) = multiply(multiply(multiply(X0,X0),multiply(X0,X0)),multiply(multiply(multiply(multiply(X0,X0),multiply(X0,X0)),multiply(multiply(X0,X0),multiply(X0,X0))),multiply(X0,X1))) [forward demodulation 119245,112746]
119280. multiply(X0,multiply(identity,multiply(identity,X1))) = multiply(multiply(X0,X0),multiply(identity,multiply(multiply(identity,multiply(identity,multiply(multiply(multiply(multiply(X0,X0),X0),identity),identity))),X1))) [forward demodulation 119266,6763]
119290. multiply(X0,multiply(identity,multiply(identity,X1))) = multiply(multiply(X0,X0),multiply(multiply(multiply(X0,X0),identity),multiply(X0,X1))) [forward demodulation 119280,9805]
119298. multiply(X0,multiply(identity,multiply(identity,X1))) = multiply(multiply(X0,X0),multiply(multiply(X0,X0),multiply(X0,X1))) [forward demodulation 119290,111388]
119302. multiply(X0,multiply(identity,multiply(identity,X1))) = multiply(multiply(X0,X0),multiply(X0,multiply(multiply(X0,X0),X1))) [forward demodulation 119298,112312]
119305. multiply(X0,multiply(identity,multiply(identity,X1))) = multiply(X0,multiply(multiply(X0,X0),multiply(multiply(X0,X0),X1))) [forward demodulation 119302,112312]
119307. multiply(X0,multiply(identity,X1)) = multiply(X0,multiply(multiply(X0,X0),multiply(multiply(X0,X0),X1))) [forward demodulation 119305,119146]
119308. multiply(X0,X1) = multiply(X0,multiply(multiply(X0,X0),multiply(multiply(X0,X0),X1))) [forward demodulation 119307,119146]
124641. multiply(multiply(X0,X1),multiply(multiply(X2,multiply(X2,X2)),multiply(multiply(X2,multiply(X2,X2)),multiply(X2,multiply(X2,X2))))) = multiply(multiply(X0,X0),multiply(X0,multiply(multiply(X0,X0),multiply(multiply(multiply(X0,X0),multiply(X0,X0)),multiply(X1,X2))))) [superposition 112310,7]
124862. multiply(multiply(X0,X1),multiply(multiply(X2,multiply(X2,X2)),multiply(multiply(X2,multiply(X2,X2)),multiply(X2,multiply(X2,X2))))) = multiply(X0,multiply(multiply(X0,X0),multiply(multiply(X0,X0),multiply(multiply(multiply(X0,X0),multiply(X0,X0)),multiply(X1,X2))))) [forward demodulation 124641,112312]
124994. multiply(multiply(X0,X1),multiply(multiply(X2,multiply(X2,X2)),multiply(multiply(X2,multiply(X2,X2)),multiply(X2,multiply(X2,X2))))) = multiply(X0,multiply(multiply(multiply(X0,X0),multiply(X0,X0)),multiply(X1,X2))) [forward demodulation 124862,119308]
125106. multiply(multiply(X0,X1),multiply(multiply(X2,multiply(X2,X2)),multiply(multiply(X2,multiply(X2,X2)),multiply(X2,multiply(X2,X2))))) = multiply(X0,multiply(multiply(X0,multiply(multiply(X0,X0),X0)),multiply(X1,X2))) [forward demodulation 124994,112312]
125204. multiply(multiply(X0,X1),multiply(multiply(X2,multiply(X2,X2)),multiply(multiply(X2,multiply(X2,X2)),multiply(X2,multiply(X2,X2))))) = multiply(X0,multiply(multiply(X0,multiply(X0,multiply(X0,X0))),multiply(X1,X2))) [forward demodulation 125106,111566]
125275. multiply(multiply(X0,X1),multiply(multiply(X2,multiply(X2,X2)),multiply(multiply(X2,multiply(X2,X2)),multiply(X2,multiply(X2,X2))))) = multiply(X0,multiply(identity,multiply(X1,X2))) [forward demodulation 125204,111575]
125330. multiply(multiply(X0,X1),multiply(multiply(X2,multiply(X2,X2)),multiply(multiply(X2,multiply(X2,X2)),multiply(X2,multiply(X2,X2))))) = multiply(X0,multiply(X1,X2)) [forward demodulation 125275,119146]
125370. multiply(identity,multiply(multiply(identity,multiply(identity,multiply(multiply(multiply(X0,X1),identity),identity))),X2)) = multiply(X0,multiply(X1,X2)) [forward demodulation 125330,4003]
125404. multiply(X0,multiply(X1,X2)) = multiply(multiply(multiply(X0,X1),identity),multiply(identity,X2)) [forward demodulation 125370,111420]
125430. multiply(multiply(multiply(X0,X1),identity),X2) = multiply(X0,multiply(X1,X2)) [forward demodulation 125404,119146]
125446. multiply(multiply(X0,X1),X2) = multiply(X0,multiply(X1,X2)) [forward demodulation 125430,111388]
142006. multiply(a,multiply(b,c)) != multiply(a,multiply(b,c)) [superposition 3,125446]
142233. $false [trivial inequality removal 142006]
% SZS output end Proof for GRP122-1_clausified
% ------------------------------
% Version: Vampire 5.0.0 (Release build, commit 2e2c9b7b8 on 2026-01-17 12:24:14 +0100)
% Linked with Z3 4.14.0.0 3c47fd96cf5645d0c42b2c819d9e9a84380aa721 z3-4.8.4-9178-g3c47fd96c
% CaDiCaL version: 2.1.3
% Termination reason: Refutation
% Time elapsed: 4.015 s
% Peak memory usage: 106 MB
% Instructions burned: 16888 (million)
% ------------------------------
% ------------------------------
