% Running in auto input_syntax mode. Trying TPTP
% Refutation found. Thanks to Tanya!
% SZS status Unsatisfiable for GRP060-1_clausified
% SZS output start Proof for GRP060-1_clausified
1. multiply(X0,inverse(multiply(X1,multiply(X2,multiply(multiply(inverse(X2),inverse(multiply(X3,X1))),X0))))) = X3 [input(axiom)]
2. multiply(inverse(a1),a1) != multiply(inverse(b1),b1) | a2 != multiply(multiply(inverse(b2),b2),a2) | multiply(multiply(a3,b3),c3) != multiply(a3,multiply(b3,c3)) [input(negated conjecture)]
4. 1 <=> multiply(multiply(a3,b3),c3) = multiply(a3,multiply(b3,c3)) [avatar definition]
6. multiply(multiply(a3,b3),c3) != multiply(a3,multiply(b3,c3)) <- (~1) [avatar component clause 4]
8. 2 <=> a2 = multiply(multiply(inverse(b2),b2),a2) [avatar definition]
10. a2 != multiply(multiply(inverse(b2),b2),a2) <- (~2) [avatar component clause 8]
12. 3 <=> multiply(inverse(a1),a1) = multiply(inverse(b1),b1) [avatar definition]
14. multiply(inverse(a1),a1) != multiply(inverse(b1),b1) <- (~3) [avatar component clause 12]
15. ~1 | ~2 | ~3 [avatar split clause 2,12,8,4]
16. multiply(X1,inverse(multiply(inverse(multiply(X2,multiply(X3,multiply(multiply(inverse(X3),inverse(multiply(X0,X2))),X4)))),multiply(X5,multiply(multiply(inverse(X5),inverse(X0)),X1))))) = X4 [superposition 1,1]
17. multiply(X1,inverse(multiply(multiply(X2,multiply(multiply(inverse(X2),inverse(multiply(X0,X3))),inverse(X4))),multiply(X4,multiply(X0,X1))))) = X3 [superposition 1,1]
18. multiply(inverse(multiply(X1,multiply(X2,multiply(multiply(inverse(X2),inverse(multiply(X0,X1))),multiply(inverse(X3),inverse(multiply(X4,X5))))))),inverse(multiply(X5,multiply(X3,X0)))) = X4 [superposition 1,1]
19. inverse(multiply(X4,multiply(X5,multiply(multiply(inverse(X5),inverse(multiply(X0,X4))),X3)))) = multiply(X1,inverse(multiply(multiply(X2,multiply(multiply(inverse(X2),inverse(X0)),inverse(X6))),multiply(X6,multiply(X3,X1))))) [superposition 17,1]
20. inverse(multiply(multiply(X4,multiply(multiply(inverse(X4),inverse(multiply(X5,X0))),inverse(X6))),multiply(X6,multiply(X5,X3)))) = multiply(X1,inverse(multiply(multiply(X2,multiply(multiply(inverse(X2),inverse(X0)),inverse(X7))),multiply(X7,multiply(X3,X1))))) [superposition 17,17]
22. multiply(X5,multiply(X4,inverse(X2))) = multiply(X1,inverse(multiply(multiply(X2,multiply(X0,inverse(X6))),multiply(X6,multiply(multiply(X3,multiply(multiply(inverse(X3),inverse(multiply(X4,X0))),inverse(X5))),X1))))) [superposition 17,17]
25. multiply(inverse(multiply(X1,multiply(X2,multiply(multiply(inverse(X2),inverse(multiply(X0,X1))),X3)))),inverse(multiply(multiply(X4,multiply(multiply(inverse(X4),inverse(multiply(X3,X5))),inverse(X6))),multiply(X6,X0)))) = X5 [superposition 17,1]
26. multiply(inverse(multiply(multiply(X1,multiply(multiply(inverse(X1),inverse(multiply(X2,X0))),inverse(X3))),multiply(X3,multiply(X2,X4)))),inverse(multiply(multiply(X5,multiply(multiply(inverse(X5),inverse(multiply(X4,X6))),inverse(X7))),multiply(X7,X0)))) = X6 [superposition 17,17]
28. multiply(X5,multiply(multiply(inverse(X5),inverse(multiply(X3,X0))),inverse(X2))) = multiply(X1,inverse(multiply(multiply(X2,multiply(X3,inverse(X4))),multiply(X4,multiply(X0,X1))))) [superposition 1,17]
35. multiply(X1,inverse(multiply(inverse(multiply(multiply(X2,multiply(multiply(inverse(X2),inverse(X3)),inverse(X4))),multiply(X4,multiply(X0,X7)))),multiply(X8,multiply(multiply(inverse(X8),inverse(inverse(multiply(X5,multiply(X6,multiply(multiply(inverse(X6),inverse(multiply(X3,X5))),X0)))))),X1))))) = X7 [superposition 16,16]
36. inverse(multiply(X5,multiply(X6,multiply(multiply(inverse(X6),inverse(multiply(X0,X5))),multiply(inverse(X3),inverse(multiply(X4,X2))))))) = multiply(X1,inverse(multiply(inverse(multiply(X2,multiply(X3,X0))),multiply(X7,multiply(multiply(inverse(X7),inverse(X4)),X1))))) [superposition 16,1]
37. inverse(multiply(multiply(X5,multiply(multiply(inverse(X5),inverse(multiply(X6,X0))),inverse(X7))),multiply(X7,multiply(X6,multiply(inverse(X3),inverse(multiply(X4,X2))))))) = multiply(X1,inverse(multiply(inverse(multiply(X2,multiply(X3,X0))),multiply(X8,multiply(multiply(inverse(X8),inverse(X4)),X1))))) [superposition 16,17]
42. multiply(inverse(multiply(X1,multiply(X2,multiply(multiply(inverse(X2),inverse(multiply(X0,X1))),multiply(inverse(X3),inverse(X4)))))),inverse(multiply(inverse(multiply(X5,multiply(X6,multiply(multiply(inverse(X6),inverse(multiply(X4,X5))),X7)))),multiply(X3,X0)))) = X7 [superposition 16,1]
43. multiply(inverse(multiply(multiply(X1,multiply(multiply(inverse(X1),inverse(multiply(X2,X0))),inverse(X3))),multiply(X3,multiply(X2,multiply(inverse(X4),inverse(X5)))))),inverse(multiply(inverse(multiply(X6,multiply(X7,multiply(multiply(inverse(X7),inverse(multiply(X5,X6))),X8)))),multiply(X4,X0)))) = X8 [superposition 16,17]
45. multiply(inverse(multiply(inverse(multiply(X1,multiply(X2,multiply(multiply(inverse(X2),inverse(multiply(X3,X1))),X0)))),multiply(X4,multiply(multiply(inverse(X4),inverse(X3)),X5)))),inverse(multiply(multiply(X6,multiply(multiply(inverse(X6),inverse(multiply(X5,X7))),inverse(X8))),multiply(X8,X0)))) = X7 [superposition 17,16]
46. inverse(multiply(inverse(multiply(X4,multiply(X5,multiply(multiply(inverse(X5),inverse(multiply(X6,X4))),X0)))),multiply(X7,multiply(multiply(inverse(X7),inverse(X6)),X3)))) = multiply(X1,inverse(multiply(multiply(X2,multiply(multiply(inverse(X2),inverse(X0)),inverse(X8))),multiply(X8,multiply(X3,X1))))) [superposition 17,16]
48. multiply(X6,multiply(multiply(inverse(X6),inverse(X5)),inverse(X2))) = multiply(X1,inverse(multiply(multiply(X2,multiply(X0,inverse(X7))),multiply(X7,multiply(inverse(multiply(X3,multiply(X4,multiply(multiply(inverse(X4),inverse(multiply(X5,X3))),X0)))),X1))))) [superposition 17,16]
82. multiply(inverse(X1),inverse(multiply(X4,multiply(X0,inverse(multiply(multiply(X1,multiply(X2,inverse(X3))),multiply(X3,multiply(X4,X0)))))))) = X2 [superposition 1,28]
92. multiply(X0,multiply(multiply(inverse(X0),inverse(multiply(multiply(inverse(X1),inverse(multiply(X2,X3))),X2))),inverse(X1))) = X3 [superposition 17,28]
107. multiply(inverse(multiply(inverse(multiply(multiply(X1,multiply(multiply(inverse(X1),inverse(multiply(X2,X0))),inverse(X3))),multiply(X3,multiply(X2,X4)))),multiply(X5,multiply(multiply(inverse(X5),inverse(X0)),multiply(inverse(X6),inverse(multiply(X7,X8))))))),inverse(multiply(X8,multiply(X6,X4)))) = X7 [superposition 18,17]
116. multiply(inverse(multiply(multiply(X1,multiply(multiply(inverse(X1),inverse(X2)),inverse(X3))),multiply(X3,multiply(X0,multiply(inverse(X6),inverse(multiply(X7,X8))))))),inverse(multiply(X8,multiply(X6,inverse(multiply(X4,multiply(X5,multiply(multiply(inverse(X5),inverse(multiply(X2,X4))),X0)))))))) = X7 [superposition 18,16]
118. multiply(inverse(multiply(X1,multiply(X2,multiply(multiply(inverse(X2),inverse(multiply(X3,X1))),multiply(inverse(X4),inverse(X0)))))),inverse(multiply(inverse(multiply(multiply(X6,multiply(multiply(inverse(X6),inverse(multiply(X7,X0))),inverse(X8))),multiply(X8,multiply(X7,X5)))),multiply(X4,X3)))) = X5 [superposition 18,17]
127. inverse(multiply(X5,multiply(X6,multiply(multiply(inverse(X6),inverse(multiply(X7,X5))),X0)))) = multiply(inverse(multiply(X1,multiply(X2,multiply(multiply(inverse(X2),inverse(multiply(X3,X1))),X0)))),inverse(multiply(multiply(X8,multiply(multiply(inverse(X8),inverse(X7)),inverse(X4))),multiply(X4,X3)))) [superposition 18,16]
128. multiply(inverse(multiply(X1,multiply(X2,multiply(multiply(inverse(X2),inverse(multiply(inverse(multiply(X3,multiply(X4,multiply(multiply(inverse(X4),inverse(multiply(X0,X3))),X5)))),X1))),multiply(inverse(X5),inverse(multiply(X6,X7))))))),inverse(multiply(X7,X0))) = X6 [superposition 18,1]
158. multiply(X6,multiply(multiply(inverse(X6),inverse(X5)),inverse(X2))) = multiply(X1,multiply(multiply(inverse(X1),inverse(multiply(X0,inverse(multiply(X3,multiply(X4,multiply(multiply(inverse(X4),inverse(multiply(X5,X3))),X0))))))),inverse(X2))) [superposition 92,16]
181. multiply(X6,multiply(multiply(inverse(X6),inverse(X5)),inverse(X2))) = multiply(X1,multiply(multiply(inverse(X1),inverse(X5)),inverse(X2))) [forward demodulation 158,1]
320. multiply(multiply(inverse(X5),inverse(X1)),inverse(X2)) = multiply(X3,inverse(multiply(multiply(X4,multiply(multiply(inverse(X4),inverse(multiply(X0,multiply(multiply(inverse(X0),inverse(X1)),inverse(X2))))),inverse(X6))),multiply(X6,multiply(X5,X3))))) [superposition 17,181]
450. multiply(inverse(X1),inverse(multiply(multiply(inverse(X2),inverse(multiply(X0,multiply(X1,multiply(X3,inverse(X2)))))),X0))) = X3 [superposition 82,1]
505. multiply(X8,inverse(multiply(multiply(X9,multiply(multiply(inverse(X9),inverse(multiply(X6,multiply(multiply(inverse(X6),inverse(X2)),inverse(X4))))),inverse(X10))),multiply(X10,multiply(X7,X8))))) = inverse(multiply(multiply(X4,multiply(X3,inverse(X5))),multiply(X5,multiply(inverse(multiply(X0,multiply(X1,multiply(multiply(inverse(X1),inverse(multiply(X2,X0))),X3)))),X7)))) [superposition 19,19]
571. multiply(X4,multiply(X0,inverse(multiply(multiply(X1,multiply(multiply(inverse(X1),inverse(X2)),inverse(X3))),multiply(X3,multiply(X4,X0)))))) = X2 [superposition 1,19]
610. inverse(multiply(X0,multiply(X1,multiply(multiply(inverse(X1),inverse(multiply(multiply(X2,X3),X0))),X2)))) = X3 [superposition 17,19]
658. inverse(multiply(multiply(X4,multiply(X3,inverse(X5))),multiply(X5,multiply(inverse(multiply(X0,multiply(X1,multiply(multiply(inverse(X1),inverse(multiply(X2,X0))),X3)))),X7)))) = multiply(multiply(inverse(X7),inverse(X2)),inverse(X4)) [forward demodulation 505,320]
689. multiply(multiply(inverse(X4),inverse(multiply(X2,X0))),inverse(X1)) = inverse(multiply(multiply(X1,multiply(X2,inverse(X3))),multiply(X3,multiply(X0,X4)))) [superposition 610,17]
740. multiply(X1,multiply(multiply(inverse(X1),inverse(multiply(multiply(X0,inverse(multiply(X5,X6))),X5))),X0)) = X6 [superposition 92,610]
741. multiply(X1,multiply(multiply(inverse(X1),inverse(X2)),X0)) = multiply(X6,multiply(multiply(inverse(X6),inverse(X2)),X0)) [superposition 181,610]
743. multiply(X1,multiply(multiply(inverse(X1),X0),inverse(X5))) = multiply(X6,multiply(multiply(inverse(X6),X0),inverse(X5))) [superposition 181,610]
1421. multiply(X1,multiply(multiply(inverse(X1),X0),X5)) = multiply(X6,multiply(multiply(inverse(X6),X0),X5)) [superposition 741,610]
3309. multiply(inverse(X1),inverse(multiply(multiply(X0,inverse(multiply(X5,multiply(X1,multiply(X6,X0))))),X5))) = X6 [superposition 450,610]
3665. multiply(inverse(multiply(X5,multiply(X6,multiply(multiply(inverse(X6),inverse(multiply(multiply(X7,X4),X5))),X7)))),multiply(X0,inverse(multiply(multiply(X1,multiply(multiply(inverse(X1),inverse(X2)),inverse(X3))),multiply(X3,multiply(X4,X0)))))) = X2 [superposition 25,20]
4022. multiply(inverse(multiply(X5,multiply(X6,multiply(multiply(inverse(X6),inverse(multiply(multiply(X7,X4),X5))),X7)))),multiply(X0,multiply(multiply(inverse(X0),inverse(multiply(multiply(inverse(X1),inverse(X2)),X4))),inverse(X1)))) = X2 [forward demodulation 3665,689]
4295. multiply(X4,multiply(X0,multiply(multiply(inverse(X0),inverse(multiply(multiply(inverse(X1),inverse(X2)),X4))),inverse(X1)))) = X2 [forward demodulation 4022,610]
4544. multiply(X1,inverse(multiply(X2,multiply(X3,multiply(X0,X1))))) = multiply(X4,inverse(multiply(X2,multiply(X3,multiply(X0,X4))))) [superposition 1,3309]
5390. multiply(X1,multiply(X2,multiply(multiply(inverse(X2),inverse(multiply(multiply(X0,inverse(X6)),X1))),X0))) = X6 [superposition 4295,610]
9921. inverse(multiply(X1,multiply(X2,multiply(X3,multiply(inverse(X10),inverse(multiply(X8,X9))))))) = multiply(inverse(multiply(X4,multiply(X5,multiply(multiply(inverse(X5),inverse(multiply(X6,X4))),multiply(inverse(X7),inverse(X8)))))),inverse(multiply(inverse(multiply(X9,multiply(X10,multiply(X0,inverse(multiply(X1,multiply(X2,multiply(X3,X0)))))))),multiply(X7,X6)))) [superposition 42,4544]
10913. multiply(multiply(inverse(X1),inverse(multiply(X0,multiply(X2,multiply(multiply(inverse(X2),inverse(X3)),inverse(X1)))))),X0) = X3 [superposition 571,1]
12041. multiply(multiply(X0,inverse(multiply(X1,multiply(X2,multiply(multiply(inverse(X2),inverse(X3)),X0))))),X1) = X3 [superposition 10913,4544]
12066. multiply(X1,inverse(multiply(multiply(X2,multiply(multiply(inverse(X2),inverse(X0)),inverse(X3))),multiply(X3,X0)))) = X1 [superposition 1,10913]
12077. multiply(X1,multiply(inverse(X1),inverse(X2))) = multiply(X3,inverse(multiply(multiply(X2,multiply(multiply(X4,multiply(multiply(inverse(X4),inverse(X0)),inverse(X5))),inverse(X6))),multiply(X6,multiply(multiply(X5,X0),X3))))) [superposition 22,10913]
12237. multiply(X1,multiply(inverse(X1),inverse(X2))) = multiply(X3,multiply(multiply(inverse(X3),inverse(multiply(multiply(X4,multiply(multiply(inverse(X4),inverse(X0)),inverse(X5))),multiply(X5,X0)))),inverse(X2))) [forward demodulation 12077,689]
12271. multiply(X1,multiply(inverse(X1),inverse(X2))) = multiply(X3,multiply(inverse(X3),inverse(X2))) [forward demodulation 12237,12066]
12998. multiply(X1,multiply(inverse(X1),X0)) = multiply(X5,multiply(inverse(X5),X0)) [superposition 12271,610]
15743. multiply(multiply(X1,inverse(multiply(X2,X0))),X2) = multiply(multiply(X1,inverse(multiply(X4,X0))),X4) [superposition 12041,740]
17228. multiply(multiply(X1,inverse(multiply(X2,inverse(multiply(X3,multiply(X4,multiply(multiply(inverse(X4),inverse(multiply(X0,X3))),X5))))))),X2) = multiply(multiply(X1,inverse(X0)),X5) [superposition 15743,1]
17537. multiply(X3,inverse(multiply(X2,multiply(X0,multiply(multiply(inverse(X0),inverse(multiply(X1,X2))),X1))))) = X3 [superposition 1,15743]
19028. multiply(multiply(X1,inverse(X0)),X0) = multiply(multiply(X1,inverse(multiply(X2,inverse(multiply(X3,multiply(X4,multiply(multiply(inverse(X4),inverse(multiply(X5,X3))),X5))))))),X2) [superposition 15743,17537]
19109. multiply(X4,multiply(inverse(X4),inverse(multiply(X1,multiply(X2,multiply(multiply(inverse(X2),inverse(multiply(X3,X1))),X3)))))) = multiply(X0,inverse(X0)) [superposition 12998,17537]
19214. multiply(X4,inverse(X4)) = multiply(X0,inverse(X0)) [forward demodulation 19109,17537]
19266. multiply(multiply(X1,inverse(X0)),X0) = multiply(multiply(X1,inverse(X5)),X5) [forward demodulation 19028,17228]
20907. multiply(X1,multiply(multiply(inverse(X1),inverse(multiply(multiply(X0,inverse(X0)),X2))),multiply(X2,X3))) = X3 [superposition 740,19214]
20991. inverse(X3) = inverse(multiply(X1,multiply(X2,multiply(multiply(inverse(X2),inverse(multiply(multiply(X0,inverse(X0)),X1))),X3)))) [superposition 610,19214]
22782. multiply(multiply(X0,inverse(X0)),X1) = multiply(multiply(X1,inverse(X2)),X2) [superposition 19266,19214]
25389. multiply(X2,inverse(multiply(X3,multiply(X4,multiply(multiply(inverse(X4),inverse(multiply(multiply(X0,inverse(X0)),X1))),multiply(X1,inverse(X3))))))) = X2 [superposition 17537,22782]
25455. multiply(X2,inverse(multiply(X3,inverse(X3)))) = X2 [forward demodulation 25389,20907]
27938. multiply(X0,X1) = multiply(multiply(X0,inverse(multiply(X2,inverse(X1)))),X2) [superposition 15743,25455]
27939. inverse(X2) = multiply(X1,multiply(multiply(inverse(X1),inverse(multiply(X0,X2))),X0)) [superposition 740,25455]
32548. multiply(X1,multiply(X2,multiply(X3,multiply(multiply(inverse(X3),inverse(multiply(X0,X2))),X4)))) = multiply(multiply(X1,inverse(X0)),X4) [superposition 27938,1]
32550. multiply(multiply(X4,inverse(multiply(X0,inverse(multiply(X1,multiply(X2,multiply(X3,X0))))))),X5) = multiply(X4,multiply(X1,multiply(X2,multiply(X3,X5)))) [superposition 27938,4544]
32551. multiply(multiply(X1,inverse(X0)),X5) = multiply(X1,multiply(multiply(X2,multiply(multiply(inverse(X2),inverse(multiply(X3,X0))),inverse(X4))),multiply(X4,multiply(X3,X5)))) [superposition 27938,17]
32695. multiply(X0,multiply(inverse(X0),X1)) = multiply(X3,multiply(multiply(inverse(X3),inverse(multiply(inverse(X2),inverse(X1)))),inverse(X2))) [superposition 743,27938]
32929. inverse(inverse(X1)) = multiply(X0,multiply(inverse(X0),X1)) [forward demodulation 32695,27939]
33021. multiply(X9,inverse(multiply(multiply(X10,multiply(multiply(inverse(X10),inverse(X6)),inverse(X11))),multiply(X11,multiply(X8,X9))))) = inverse(multiply(inverse(multiply(inverse(multiply(X1,multiply(X2,multiply(X3,X4)))),multiply(X5,multiply(multiply(inverse(X5),inverse(multiply(X0,inverse(multiply(X1,multiply(X2,multiply(X3,X0))))))),X6)))),multiply(X7,multiply(multiply(inverse(X7),inverse(X4)),X8)))) [superposition 46,4544]
33111. multiply(X7,inverse(multiply(multiply(X8,multiply(multiply(inverse(X8),inverse(X4)),inverse(X9))),multiply(X9,multiply(X6,X7))))) = inverse(multiply(inverse(multiply(X1,multiply(X2,multiply(X0,X4)))),multiply(X5,multiply(multiply(inverse(X5),inverse(multiply(X3,inverse(multiply(X1,multiply(X2,multiply(X0,X3))))))),X6)))) [superposition 46,3309]
33279. multiply(X6,inverse(multiply(multiply(X7,multiply(multiply(inverse(X7),inverse(X4)),inverse(X8))),multiply(X8,multiply(X5,X6))))) = inverse(multiply(inverse(multiply(X1,multiply(X2,multiply(multiply(inverse(X2),inverse(multiply(multiply(X3,inverse(X3)),X1))),X4)))),multiply(X0,multiply(inverse(X0),X5)))) [superposition 46,25455]
34832. multiply(X6,inverse(multiply(multiply(X7,multiply(multiply(inverse(X7),inverse(X4)),inverse(X8))),multiply(X8,multiply(X5,X6))))) = inverse(multiply(inverse(multiply(X1,multiply(X2,multiply(multiply(inverse(X2),inverse(multiply(multiply(X3,inverse(X3)),X1))),X4)))),inverse(inverse(X5)))) [forward demodulation 33279,32929]
34979. multiply(X7,inverse(multiply(multiply(X8,multiply(multiply(inverse(X8),inverse(X4)),inverse(X9))),multiply(X9,multiply(X6,X7))))) = inverse(multiply(inverse(multiply(X1,multiply(X2,multiply(X0,X4)))),multiply(X5,multiply(inverse(X5),multiply(X1,multiply(X2,multiply(X0,X6))))))) [forward demodulation 33111,32550]
35068. multiply(X9,inverse(multiply(multiply(X10,multiply(multiply(inverse(X10),inverse(X6)),inverse(X11))),multiply(X11,multiply(X8,X9))))) = inverse(multiply(inverse(multiply(inverse(multiply(X1,multiply(X2,multiply(X3,X4)))),multiply(X5,multiply(inverse(X5),multiply(X1,multiply(X2,multiply(X3,X6))))))),multiply(X7,multiply(multiply(inverse(X7),inverse(X4)),X8)))) [forward demodulation 33021,32550]
35367. multiply(X6,inverse(multiply(multiply(X7,multiply(multiply(inverse(X7),inverse(X4)),inverse(X8))),multiply(X8,multiply(X5,X6))))) = inverse(multiply(inverse(X4),inverse(inverse(X5)))) [forward demodulation 34832,20991]
35436. multiply(X7,inverse(multiply(multiply(X8,multiply(multiply(inverse(X8),inverse(X4)),inverse(X9))),multiply(X9,multiply(X6,X7))))) = inverse(multiply(inverse(multiply(X1,multiply(X2,multiply(X0,X4)))),inverse(inverse(multiply(X1,multiply(X2,multiply(X0,X6))))))) [forward demodulation 34979,32929]
35479. multiply(X9,inverse(multiply(multiply(X10,multiply(multiply(inverse(X10),inverse(X6)),inverse(X11))),multiply(X11,multiply(X8,X9))))) = inverse(multiply(inverse(multiply(inverse(multiply(X1,multiply(X2,multiply(X3,X4)))),inverse(inverse(multiply(X1,multiply(X2,multiply(X3,X6))))))),multiply(X7,multiply(multiply(inverse(X7),inverse(X4)),X8)))) [forward demodulation 35068,32929]
35567. multiply(X6,multiply(multiply(inverse(X6),inverse(multiply(multiply(inverse(X7),inverse(X4)),X5))),inverse(X7))) = inverse(multiply(inverse(X4),inverse(inverse(X5)))) [forward demodulation 35367,689]
35582. multiply(X7,multiply(multiply(inverse(X7),inverse(multiply(multiply(inverse(X8),inverse(X4)),X6))),inverse(X8))) = inverse(multiply(inverse(multiply(X1,multiply(X2,multiply(X0,X4)))),inverse(inverse(multiply(X1,multiply(X2,multiply(X0,X6))))))) [forward demodulation 35436,689]
35595. multiply(X9,multiply(multiply(inverse(X9),inverse(multiply(multiply(inverse(X10),inverse(X6)),X8))),inverse(X10))) = inverse(multiply(inverse(multiply(inverse(multiply(X1,multiply(X2,multiply(X3,X4)))),inverse(inverse(multiply(X1,multiply(X2,multiply(X3,X6))))))),multiply(X7,multiply(multiply(inverse(X7),inverse(X4)),X8)))) [forward demodulation 35479,689]
35640. inverse(multiply(inverse(multiply(X1,multiply(X2,multiply(X0,X4)))),inverse(inverse(multiply(X1,multiply(X2,multiply(X0,X6))))))) = inverse(multiply(inverse(X4),inverse(inverse(X6)))) [forward demodulation 35582,35567]
35650. inverse(multiply(inverse(multiply(inverse(multiply(X1,multiply(X2,multiply(X3,X4)))),inverse(inverse(multiply(X1,multiply(X2,multiply(X3,X6))))))),multiply(X7,multiply(multiply(inverse(X7),inverse(X4)),X8)))) = inverse(multiply(inverse(X6),inverse(inverse(X8)))) [forward demodulation 35595,35567]
35673. inverse(multiply(inverse(X6),inverse(inverse(X8)))) = inverse(multiply(inverse(multiply(inverse(X4),inverse(inverse(X6)))),multiply(X7,multiply(multiply(inverse(X7),inverse(X4)),X8)))) [forward demodulation 35650,35640]
35702. multiply(X4,multiply(X0,inverse(multiply(X1,multiply(X2,multiply(X3,X0)))))) = inverse(inverse(inverse(multiply(X1,multiply(X2,multiply(X3,inverse(X4))))))) [superposition 32929,4544]
35718. multiply(X8,X0) = inverse(inverse(inverse(multiply(inverse(multiply(multiply(X1,multiply(multiply(inverse(X1),inverse(X2)),inverse(X3))),multiply(X3,multiply(X4,X0)))),multiply(X5,multiply(multiply(inverse(X5),inverse(inverse(multiply(X6,multiply(X7,multiply(multiply(inverse(X7),inverse(multiply(X2,X6))),X4)))))),inverse(X8))))))) [superposition 32929,35]
35723. multiply(X7,inverse(multiply(X0,multiply(X1,multiply(multiply(inverse(X1),inverse(multiply(X2,X0))),multiply(inverse(X3),inverse(multiply(X4,X5)))))))) = inverse(inverse(inverse(multiply(inverse(multiply(X5,multiply(X3,X2))),multiply(X6,multiply(multiply(inverse(X6),inverse(X4)),inverse(X7))))))) [superposition 32929,36]
35727. multiply(X1,multiply(X0,inverse(X0))) = inverse(inverse(inverse(inverse(X1)))) [superposition 32929,19214]
35737. multiply(X3,multiply(X0,multiply(multiply(inverse(X0),X1),X2))) = inverse(inverse(multiply(multiply(inverse(inverse(X3)),X1),X2))) [superposition 32929,1421]
35739. multiply(X3,multiply(X0,multiply(multiply(inverse(X0),X1),inverse(X2)))) = inverse(inverse(multiply(multiply(inverse(inverse(X3)),X1),inverse(X2)))) [superposition 32929,743]
35745. inverse(inverse(multiply(inverse(inverse(X1)),X0))) = multiply(X1,inverse(inverse(X0))) [superposition 32929,32929]
35771. multiply(X3,inverse(multiply(multiply(X4,multiply(multiply(inverse(X4),inverse(X1)),inverse(X5))),multiply(X5,multiply(X2,X3))))) = inverse(inverse(inverse(multiply(multiply(inverse(inverse(X0)),inverse(multiply(X1,X0))),X2)))) [superposition 19,32929]
35800. multiply(X6,inverse(multiply(inverse(multiply(X2,multiply(X0,X5))),multiply(X7,multiply(multiply(inverse(X7),inverse(X1)),X6))))) = inverse(multiply(multiply(X3,multiply(multiply(inverse(X3),inverse(multiply(inverse(X4),X5))),inverse(X4))),inverse(inverse(multiply(inverse(X0),inverse(multiply(X1,X2))))))) [superposition 37,32929]
35808. multiply(X0,inverse(multiply(multiply(X1,multiply(multiply(inverse(X1),inverse(multiply(inverse(X2),X3))),inverse(X2))),inverse(inverse(X0))))) = X3 [superposition 17,32929]
35851. multiply(X4,inverse(multiply(multiply(X5,multiply(multiply(inverse(X5),inverse(X1)),inverse(X6))),multiply(X6,multiply(X3,X4))))) = inverse(multiply(multiply(inverse(X1),X0),multiply(X2,multiply(multiply(inverse(X2),inverse(inverse(inverse(X0)))),X3)))) [superposition 19,32929]
35906. multiply(X1,multiply(multiply(inverse(X1),inverse(X2)),inverse(X3))) = multiply(X4,inverse(multiply(multiply(X3,multiply(X5,inverse(X6))),multiply(X6,multiply(inverse(multiply(multiply(inverse(X2),X0),multiply(X7,multiply(multiply(inverse(X7),inverse(inverse(inverse(X0)))),X5)))),X4))))) [superposition 48,32929]
35933. multiply(inverse(X3),X0) = inverse(multiply(X1,multiply(X2,multiply(multiply(inverse(X2),inverse(multiply(inverse(inverse(X0)),X1))),X3)))) [superposition 610,32929]
36058. multiply(X1,multiply(multiply(inverse(X1),inverse(X2)),inverse(X3))) = multiply(X4,multiply(multiply(inverse(X4),inverse(multiply(X5,inverse(multiply(multiply(inverse(X2),X0),multiply(X7,multiply(multiply(inverse(X7),inverse(inverse(inverse(X0)))),X5))))))),inverse(X3))) [forward demodulation 35906,689]
36087. multiply(X4,multiply(multiply(inverse(X4),inverse(multiply(multiply(inverse(X5),inverse(X1)),X3))),inverse(X5))) = inverse(multiply(multiply(inverse(X1),X0),multiply(X2,multiply(multiply(inverse(X2),inverse(inverse(inverse(X0)))),X3)))) [forward demodulation 35851,689]
36109. multiply(X0,inverse(multiply(inverse(X3),inverse(inverse(X0))))) = X3 [forward demodulation 35808,27939]
36115. multiply(X6,inverse(multiply(inverse(multiply(X2,multiply(X0,X5))),multiply(X7,multiply(multiply(inverse(X7),inverse(X1)),X6))))) = inverse(multiply(inverse(X5),inverse(inverse(multiply(inverse(X0),inverse(multiply(X1,X2))))))) [forward demodulation 35800,27939]
36122. multiply(X3,multiply(multiply(inverse(X3),inverse(multiply(multiply(inverse(X4),inverse(X1)),X2))),inverse(X4))) = inverse(inverse(inverse(multiply(multiply(inverse(inverse(X0)),inverse(multiply(X1,X0))),X2)))) [forward demodulation 35771,689]
36133. multiply(X7,inverse(multiply(X0,multiply(X1,multiply(multiply(inverse(X1),inverse(multiply(X2,X0))),multiply(inverse(X3),inverse(multiply(X4,X5)))))))) = inverse(inverse(inverse(inverse(inverse(multiply(multiply(inverse(inverse(inverse(multiply(X5,multiply(X3,X2))))),inverse(X4)),inverse(X7))))))) [forward demodulation 35723,35739]
36138. multiply(X8,X0) = inverse(inverse(inverse(inverse(inverse(multiply(multiply(inverse(inverse(inverse(multiply(multiply(X1,multiply(multiply(inverse(X1),inverse(X2)),inverse(X3))),multiply(X3,multiply(X4,X0)))))),inverse(inverse(multiply(X6,multiply(X7,multiply(multiply(inverse(X7),inverse(multiply(X2,X6))),X4)))))),inverse(X8))))))) [forward demodulation 35718,35739]
36185. multiply(X1,multiply(multiply(inverse(X1),inverse(X2)),inverse(X3))) = multiply(X4,multiply(inverse(X4),multiply(multiply(inverse(X2),X0),multiply(X7,multiply(multiply(inverse(X7),inverse(inverse(inverse(X0)))),inverse(X3)))))) [forward demodulation 36058,32550]
36204. multiply(X4,multiply(multiply(inverse(X4),inverse(multiply(multiply(inverse(X5),inverse(X1)),X3))),inverse(X5))) = inverse(inverse(inverse(multiply(multiply(inverse(inverse(multiply(inverse(X1),X0))),inverse(inverse(inverse(X0)))),X3)))) [forward demodulation 36087,35737]
36212. inverse(multiply(inverse(X5),inverse(inverse(multiply(inverse(X0),inverse(multiply(X1,X2))))))) = multiply(X6,inverse(inverse(inverse(multiply(multiply(inverse(inverse(inverse(multiply(X2,multiply(X0,X5))))),inverse(X1)),X6))))) [forward demodulation 36115,35737]
36216. inverse(multiply(inverse(X1),inverse(inverse(X2)))) = inverse(inverse(inverse(multiply(multiply(inverse(inverse(X0)),inverse(multiply(X1,X0))),X2)))) [forward demodulation 36122,35567]
36217. inverse(inverse(inverse(inverse(inverse(multiply(multiply(inverse(inverse(inverse(multiply(X5,multiply(X3,X2))))),inverse(X4)),inverse(X7))))))) = multiply(X7,inverse(inverse(inverse(multiply(multiply(inverse(inverse(X0)),inverse(multiply(X2,X0))),multiply(inverse(X3),inverse(multiply(X4,X5)))))))) [forward demodulation 36133,35737]
36222. multiply(X8,X0) = inverse(inverse(inverse(inverse(inverse(multiply(multiply(inverse(inverse(inverse(multiply(multiply(X1,multiply(multiply(inverse(X1),inverse(X2)),inverse(X3))),multiply(X3,multiply(X4,X0)))))),inverse(inverse(inverse(inverse(multiply(multiply(inverse(inverse(X6)),inverse(multiply(X2,X6))),X4)))))),inverse(X8))))))) [forward demodulation 36138,35737]
36241. multiply(X1,multiply(multiply(inverse(X1),inverse(X2)),inverse(X3))) = inverse(inverse(multiply(multiply(inverse(X2),X0),multiply(X7,multiply(multiply(inverse(X7),inverse(inverse(inverse(X0)))),inverse(X3)))))) [forward demodulation 36185,32929]
36247. inverse(multiply(inverse(X1),inverse(inverse(X3)))) = inverse(inverse(inverse(multiply(multiply(inverse(inverse(multiply(inverse(X1),X0))),inverse(inverse(inverse(X0)))),X3)))) [forward demodulation 36204,35567]
36249. inverse(inverse(inverse(inverse(inverse(multiply(multiply(inverse(inverse(inverse(multiply(X5,multiply(X3,X2))))),inverse(X4)),inverse(X7))))))) = multiply(X7,inverse(multiply(inverse(X2),inverse(inverse(multiply(inverse(X3),inverse(multiply(X4,X5)))))))) [forward demodulation 36217,36216]
36251. multiply(X8,X0) = inverse(inverse(inverse(inverse(inverse(multiply(multiply(inverse(inverse(inverse(multiply(multiply(X1,multiply(multiply(inverse(X1),inverse(X2)),inverse(X3))),multiply(X3,multiply(X4,X0)))))),inverse(inverse(multiply(inverse(X2),inverse(inverse(X4)))))),inverse(X8))))))) [forward demodulation 36222,36216]
36263. multiply(X1,multiply(multiply(inverse(X1),inverse(X2)),inverse(X3))) = inverse(inverse(inverse(inverse(multiply(multiply(inverse(inverse(multiply(inverse(X2),X0))),inverse(inverse(inverse(X0)))),inverse(X3)))))) [forward demodulation 36241,35739]
36265. multiply(X8,X0) = multiply(X8,inverse(multiply(inverse(multiply(X4,X0)),inverse(inverse(multiply(inverse(X3),inverse(multiply(inverse(multiply(inverse(X2),inverse(inverse(X4)))),multiply(X1,multiply(multiply(inverse(X1),inverse(X2)),inverse(X3))))))))))) [forward demodulation 36251,36249]
36267. multiply(X1,multiply(multiply(inverse(X1),inverse(X2)),inverse(X3))) = inverse(inverse(multiply(inverse(X2),inverse(inverse(inverse(X3)))))) [forward demodulation 36263,36247]
36269. multiply(X8,X0) = multiply(X8,inverse(multiply(inverse(multiply(X4,X0)),inverse(inverse(multiply(inverse(X3),inverse(multiply(inverse(X4),inverse(inverse(inverse(X3))))))))))) [forward demodulation 36265,35673]
36270. multiply(X8,X0) = multiply(X8,inverse(multiply(inverse(multiply(X4,X0)),inverse(inverse(X4))))) [forward demodulation 36269,36109]
36676. inverse(multiply(X8,multiply(X9,multiply(multiply(inverse(X9),inverse(multiply(X10,X8))),multiply(inverse(X11),inverse(multiply(X0,X12))))))) = multiply(inverse(multiply(inverse(multiply(multiply(X1,multiply(multiply(inverse(X1),inverse(multiply(X2,X3))),inverse(X4))),multiply(X4,multiply(X2,X5)))),multiply(X6,multiply(multiply(inverse(X6),inverse(X3)),multiply(inverse(X7),inverse(X0)))))),inverse(multiply(inverse(multiply(X12,multiply(X11,X10))),multiply(X7,X5)))) [superposition 107,18]
36902. multiply(X1,inverse(multiply(inverse(multiply(multiply(X2,X3),multiply(multiply(inverse(multiply(multiply(X4,multiply(multiply(inverse(X4),inverse(multiply(X5,X6))),inverse(X7))),multiply(X7,multiply(X5,X3)))),multiply(X8,multiply(multiply(inverse(X8),inverse(X6)),multiply(inverse(X2),inverse(multiply(X0,X9)))))),multiply(X0,X10)))),multiply(X11,multiply(multiply(inverse(X11),inverse(X9)),X1))))) = X10 [superposition 16,107]
36927. inverse(multiply(multiply(X1,multiply(multiply(inverse(X1),inverse(multiply(X2,X3))),inverse(X4))),multiply(X4,multiply(X2,X0)))) = multiply(X13,inverse(multiply(inverse(multiply(multiply(X11,X9),multiply(multiply(inverse(multiply(multiply(X5,multiply(multiply(inverse(X5),inverse(multiply(X6,X7))),inverse(X8))),multiply(X8,multiply(X6,X9)))),multiply(X10,multiply(multiply(inverse(X10),inverse(X7)),multiply(inverse(X11),inverse(multiply(X0,X12)))))),X3))),multiply(X14,multiply(multiply(inverse(X14),inverse(X12)),X13))))) [superposition 37,107]
37017. multiply(X1,inverse(multiply(inverse(multiply(X2,multiply(X3,X4))),multiply(X5,multiply(multiply(inverse(X5),inverse(X0)),X1))))) = inverse(multiply(inverse(multiply(multiply(X6,multiply(multiply(inverse(X6),inverse(multiply(X7,X8))),inverse(X9))),multiply(X9,multiply(X7,X4)))),multiply(X10,multiply(multiply(inverse(X10),inverse(X8)),multiply(inverse(X3),inverse(multiply(X0,X2))))))) [superposition 1,107]
37024. multiply(inverse(multiply(X11,multiply(X10,X8))),inverse(multiply(multiply(X12,multiply(multiply(inverse(X12),inverse(X3)),inverse(X13))),multiply(X13,X0)))) = inverse(multiply(X1,multiply(X2,multiply(multiply(inverse(X2),inverse(multiply(X3,X1))),inverse(multiply(inverse(multiply(multiply(X4,multiply(multiply(inverse(X4),inverse(multiply(X5,X6))),inverse(X7))),multiply(X7,multiply(X5,X8)))),multiply(X9,multiply(multiply(inverse(X9),inverse(X6)),multiply(inverse(X10),inverse(multiply(X0,X11))))))))))) [superposition 19,107]
37063. inverse(multiply(multiply(X1,multiply(multiply(inverse(X1),inverse(multiply(X2,X3))),inverse(X4))),multiply(X4,multiply(X2,multiply(inverse(X5),inverse(X0)))))) = multiply(X14,inverse(multiply(inverse(multiply(inverse(multiply(X13,multiply(X12,X10))),multiply(X5,X3))),multiply(X15,multiply(multiply(inverse(X15),inverse(inverse(multiply(inverse(multiply(multiply(X6,multiply(multiply(inverse(X6),inverse(multiply(X7,X8))),inverse(X9))),multiply(X9,multiply(X7,X10)))),multiply(X11,multiply(multiply(inverse(X11),inverse(X8)),multiply(inverse(X12),inverse(multiply(X0,X13))))))))),X14))))) [superposition 37,107]
37170. inverse(multiply(multiply(X1,multiply(multiply(inverse(X1),inverse(multiply(X2,X3))),inverse(X4))),multiply(X4,multiply(X2,multiply(inverse(X5),inverse(X0)))))) = multiply(X14,inverse(inverse(inverse(multiply(multiply(inverse(inverse(inverse(multiply(inverse(multiply(X13,multiply(X12,X10))),multiply(X5,X3))))),inverse(inverse(multiply(inverse(multiply(multiply(X6,multiply(multiply(inverse(X6),inverse(multiply(X7,X8))),inverse(X9))),multiply(X9,multiply(X7,X10)))),multiply(X11,multiply(multiply(inverse(X11),inverse(X8)),multiply(inverse(X12),inverse(multiply(X0,X13))))))))),X14))))) [forward demodulation 37063,35737]
37209. multiply(inverse(multiply(X11,multiply(X10,X8))),inverse(multiply(multiply(X12,multiply(multiply(inverse(X12),inverse(X3)),inverse(X13))),multiply(X13,X0)))) = inverse(inverse(inverse(multiply(multiply(inverse(inverse(X1)),inverse(multiply(X3,X1))),inverse(multiply(inverse(multiply(multiply(X4,multiply(multiply(inverse(X4),inverse(multiply(X5,X6))),inverse(X7))),multiply(X7,multiply(X5,X8)))),multiply(X9,multiply(multiply(inverse(X9),inverse(X6)),multiply(inverse(X10),inverse(multiply(X0,X11))))))))))) [forward demodulation 37024,35739]
37216. multiply(X1,inverse(multiply(inverse(multiply(X2,multiply(X3,X4))),multiply(X5,multiply(multiply(inverse(X5),inverse(X0)),X1))))) = inverse(inverse(inverse(multiply(multiply(inverse(inverse(inverse(multiply(multiply(X6,multiply(multiply(inverse(X6),inverse(multiply(X7,X8))),inverse(X9))),multiply(X9,multiply(X7,X4)))))),inverse(X8)),multiply(inverse(X3),inverse(multiply(X0,X2))))))) [forward demodulation 37017,35737]
37305. inverse(multiply(multiply(X1,multiply(multiply(inverse(X1),inverse(multiply(X2,X3))),inverse(X4))),multiply(X4,multiply(X2,X0)))) = multiply(X13,inverse(inverse(inverse(multiply(multiply(inverse(inverse(inverse(multiply(multiply(X11,X9),multiply(multiply(inverse(multiply(multiply(X5,multiply(multiply(inverse(X5),inverse(multiply(X6,X7))),inverse(X8))),multiply(X8,multiply(X6,X9)))),multiply(X10,multiply(multiply(inverse(X10),inverse(X7)),multiply(inverse(X11),inverse(multiply(X0,X12)))))),X3))))),inverse(X12)),X13))))) [forward demodulation 36927,35737]
37330. multiply(X1,inverse(inverse(inverse(multiply(multiply(inverse(inverse(inverse(multiply(multiply(X2,X3),multiply(multiply(inverse(multiply(multiply(X4,multiply(multiply(inverse(X4),inverse(multiply(X5,X6))),inverse(X7))),multiply(X7,multiply(X5,X3)))),multiply(X8,multiply(multiply(inverse(X8),inverse(X6)),multiply(inverse(X2),inverse(multiply(X0,X9)))))),multiply(X0,X10)))))),inverse(X9)),X1))))) = X10 [forward demodulation 36902,35737]
37550. inverse(multiply(X8,multiply(X9,multiply(multiply(inverse(X9),inverse(multiply(X10,X8))),multiply(inverse(X11),inverse(multiply(X0,X12))))))) = multiply(inverse(inverse(inverse(multiply(multiply(inverse(inverse(inverse(multiply(multiply(X1,multiply(multiply(inverse(X1),inverse(multiply(X2,X3))),inverse(X4))),multiply(X4,multiply(X2,X5)))))),inverse(X3)),multiply(inverse(X7),inverse(X0)))))),inverse(multiply(inverse(multiply(X12,multiply(X11,X10))),multiply(X7,X5)))) [forward demodulation 36676,35737]
37978. inverse(multiply(multiply(X1,multiply(multiply(inverse(X1),inverse(multiply(X2,X3))),inverse(X4))),multiply(X4,multiply(X2,multiply(inverse(X5),inverse(X0)))))) = inverse(multiply(inverse(X3),inverse(inverse(multiply(inverse(X5),inverse(multiply(inverse(multiply(inverse(multiply(multiply(X6,multiply(multiply(inverse(X6),inverse(multiply(X7,X8))),inverse(X9))),multiply(X9,multiply(X7,X10)))),multiply(X11,multiply(multiply(inverse(X11),inverse(X8)),multiply(inverse(X12),inverse(multiply(X0,X13))))))),inverse(multiply(X13,multiply(X12,X10)))))))))) [forward demodulation 37170,36212]
38017. multiply(inverse(multiply(X11,multiply(X10,X8))),inverse(multiply(multiply(X12,multiply(multiply(inverse(X12),inverse(X3)),inverse(X13))),multiply(X13,X0)))) = inverse(multiply(inverse(X3),inverse(inverse(inverse(multiply(inverse(multiply(multiply(X4,multiply(multiply(inverse(X4),inverse(multiply(X5,X6))),inverse(X7))),multiply(X7,multiply(X5,X8)))),multiply(X9,multiply(multiply(inverse(X9),inverse(X6)),multiply(inverse(X10),inverse(multiply(X0,X11))))))))))) [forward demodulation 37209,36216]
38024. multiply(X1,inverse(multiply(inverse(multiply(X2,multiply(X3,X4))),multiply(X5,multiply(multiply(inverse(X5),inverse(X0)),X1))))) = inverse(inverse(inverse(multiply(multiply(inverse(inverse(multiply(multiply(inverse(X4),inverse(multiply(multiply(inverse(X6),inverse(multiply(X7,X8))),X7))),inverse(X6)))),inverse(X8)),multiply(inverse(X3),inverse(multiply(X0,X2))))))) [forward demodulation 37216,689]
38113. inverse(multiply(multiply(X1,multiply(multiply(inverse(X1),inverse(multiply(X2,X3))),inverse(X4))),multiply(X4,multiply(X2,X0)))) = inverse(multiply(inverse(X3),inverse(inverse(multiply(inverse(multiply(inverse(multiply(multiply(X5,multiply(multiply(inverse(X5),inverse(multiply(X6,X7))),inverse(X8))),multiply(X8,multiply(X6,X9)))),multiply(X10,multiply(multiply(inverse(X10),inverse(X7)),multiply(inverse(X11),inverse(multiply(X0,X12))))))),inverse(multiply(X12,multiply(X11,X9)))))))) [forward demodulation 37305,36212]
38138. inverse(multiply(inverse(multiply(X0,X10)),inverse(inverse(multiply(inverse(multiply(inverse(multiply(multiply(X4,multiply(multiply(inverse(X4),inverse(multiply(X5,X6))),inverse(X7))),multiply(X7,multiply(X5,X3)))),multiply(X8,multiply(multiply(inverse(X8),inverse(X6)),multiply(inverse(X2),inverse(multiply(X0,X9))))))),inverse(multiply(X9,multiply(X2,X3)))))))) = X10 [forward demodulation 37330,36212]
38345. inverse(multiply(X8,multiply(X9,multiply(multiply(inverse(X9),inverse(multiply(X10,X8))),multiply(inverse(X11),inverse(multiply(X0,X12))))))) = multiply(inverse(inverse(inverse(multiply(multiply(inverse(inverse(multiply(multiply(inverse(X5),inverse(multiply(multiply(inverse(X1),inverse(multiply(X2,X3))),X2))),inverse(X1)))),inverse(X3)),multiply(inverse(X7),inverse(X0)))))),inverse(multiply(inverse(multiply(X12,multiply(X11,X10))),multiply(X7,X5)))) [forward demodulation 37550,689]
38759. inverse(multiply(multiply(X1,multiply(multiply(inverse(X1),inverse(multiply(X2,X3))),inverse(X4))),multiply(X4,multiply(X2,multiply(inverse(X5),inverse(X0)))))) = inverse(multiply(inverse(X3),inverse(inverse(multiply(inverse(X5),inverse(X0)))))) [forward demodulation 37978,107]
38798. multiply(inverse(multiply(X11,multiply(X10,X8))),inverse(multiply(multiply(X12,multiply(multiply(inverse(X12),inverse(X3)),inverse(X13))),multiply(X13,X0)))) = inverse(multiply(inverse(X3),inverse(inverse(inverse(inverse(inverse(multiply(multiply(inverse(inverse(inverse(multiply(multiply(X4,multiply(multiply(inverse(X4),inverse(multiply(X5,X6))),inverse(X7))),multiply(X7,multiply(X5,X8)))))),inverse(X6)),multiply(inverse(X10),inverse(multiply(X0,X11))))))))))) [forward demodulation 38017,35737]
38805. inverse(inverse(inverse(multiply(multiply(inverse(inverse(multiply(multiply(inverse(X4),inverse(multiply(multiply(inverse(X6),inverse(multiply(X7,X8))),X7))),inverse(X6)))),inverse(X8)),multiply(inverse(X3),inverse(multiply(X0,X2))))))) = multiply(X1,inverse(inverse(inverse(multiply(multiply(inverse(inverse(inverse(multiply(X2,multiply(X3,X4))))),inverse(X0)),X1))))) [forward demodulation 38024,35737]
38871. inverse(multiply(multiply(X1,multiply(multiply(inverse(X1),inverse(multiply(X2,X3))),inverse(X4))),multiply(X4,multiply(X2,X0)))) = inverse(multiply(inverse(X3),inverse(inverse(X0)))) [forward demodulation 38113,107]
38893. inverse(multiply(inverse(multiply(X0,X10)),inverse(inverse(X0)))) = X10 [forward demodulation 38138,107]
39040. multiply(inverse(inverse(inverse(multiply(multiply(inverse(inverse(multiply(multiply(inverse(X5),inverse(multiply(multiply(inverse(X1),inverse(multiply(X2,X3))),X2))),inverse(X1)))),inverse(X3)),multiply(inverse(X7),inverse(X0)))))),inverse(multiply(inverse(multiply(X12,multiply(X11,X10))),multiply(X7,X5)))) = inverse(inverse(inverse(multiply(multiply(inverse(inverse(X8)),inverse(multiply(X10,X8))),multiply(inverse(X11),inverse(multiply(X0,X12))))))) [forward demodulation 38345,35737]
39368. multiply(multiply(inverse(multiply(inverse(X5),inverse(X0))),inverse(multiply(multiply(inverse(X1),inverse(multiply(X2,X3))),X2))),inverse(X1)) = inverse(multiply(inverse(X3),inverse(inverse(multiply(inverse(X5),inverse(X0)))))) [forward demodulation 38759,689]
39396. multiply(inverse(multiply(X11,multiply(X10,X8))),inverse(multiply(multiply(X12,multiply(multiply(inverse(X12),inverse(X3)),inverse(X13))),multiply(X13,X0)))) = inverse(multiply(inverse(X3),inverse(inverse(inverse(inverse(inverse(multiply(multiply(inverse(inverse(multiply(multiply(inverse(X8),inverse(multiply(multiply(inverse(X4),inverse(multiply(X5,X6))),X5))),inverse(X4)))),inverse(X6)),multiply(inverse(X10),inverse(multiply(X0,X11))))))))))) [forward demodulation 38798,689]
39400. inverse(inverse(inverse(multiply(multiply(inverse(inverse(multiply(multiply(inverse(X4),inverse(multiply(multiply(inverse(X6),inverse(multiply(X7,X8))),X7))),inverse(X6)))),inverse(X8)),multiply(inverse(X3),inverse(multiply(X0,X2))))))) = inverse(multiply(inverse(X4),inverse(inverse(multiply(inverse(X3),inverse(multiply(X0,X2))))))) [forward demodulation 38805,36212]
39439. multiply(multiply(inverse(X0),inverse(multiply(multiply(inverse(X1),inverse(multiply(X2,X3))),X2))),inverse(X1)) = inverse(multiply(inverse(X3),inverse(inverse(X0)))) [forward demodulation 38871,689]
39564. multiply(inverse(inverse(inverse(multiply(multiply(inverse(inverse(multiply(multiply(inverse(X5),inverse(multiply(multiply(inverse(X1),inverse(multiply(X2,X3))),X2))),inverse(X1)))),inverse(X3)),multiply(inverse(X7),inverse(X0)))))),inverse(multiply(inverse(multiply(X12,multiply(X11,X10))),multiply(X7,X5)))) = inverse(multiply(inverse(X10),inverse(inverse(multiply(inverse(X11),inverse(multiply(X0,X12))))))) [forward demodulation 39040,36216]
39804. inverse(multiply(inverse(X3),inverse(inverse(inverse(inverse(inverse(multiply(multiply(inverse(inverse(multiply(multiply(inverse(X8),inverse(multiply(multiply(inverse(X4),inverse(multiply(X5,X6))),X5))),inverse(X4)))),inverse(X6)),multiply(inverse(X10),inverse(multiply(X0,X11))))))))))) = multiply(inverse(multiply(X11,multiply(X10,X8))),inverse(multiply(inverse(inverse(multiply(inverse(X3),inverse(inverse(inverse(X13)))))),multiply(X13,X0)))) [forward demodulation 39396,36267]
39935. inverse(multiply(inverse(X10),inverse(inverse(multiply(inverse(X11),inverse(multiply(X0,X12))))))) = multiply(inverse(inverse(inverse(multiply(multiply(inverse(inverse(inverse(multiply(inverse(X3),inverse(inverse(X5)))))),inverse(X3)),multiply(inverse(X7),inverse(X0)))))),inverse(multiply(inverse(multiply(X12,multiply(X11,X10))),multiply(X7,X5)))) [forward demodulation 39564,39439]
40129. multiply(inverse(multiply(X11,multiply(X10,X8))),inverse(multiply(inverse(inverse(multiply(inverse(X3),inverse(inverse(inverse(X13)))))),multiply(X13,X0)))) = inverse(multiply(inverse(X3),inverse(inverse(inverse(multiply(inverse(X8),inverse(inverse(multiply(inverse(X10),inverse(multiply(X0,X11))))))))))) [forward demodulation 39804,39400]
40523. inverse(multiply(X1,multiply(X2,multiply(X3,X4)))) = inverse(multiply(inverse(multiply(X0,inverse(multiply(X1,multiply(X2,multiply(X3,X0)))))),inverse(inverse(X4)))) [superposition 38893,4544]
40529. inverse(multiply(multiply(X6,multiply(multiply(inverse(X6),inverse(X2)),inverse(X7))),multiply(X7,multiply(X4,X5)))) = inverse(multiply(inverse(inverse(multiply(multiply(X0,multiply(multiply(inverse(X0),inverse(multiply(X1,X2))),inverse(X3))),multiply(X3,multiply(X1,X4))))),inverse(inverse(X5)))) [superposition 38893,20]
40554. multiply(multiply(inverse(X1),inverse(multiply(multiply(X2,inverse(multiply(X3,X0))),X3))),X2) = inverse(multiply(inverse(X0),inverse(inverse(X1)))) [superposition 38893,740]
40574. inverse(multiply(multiply(X6,multiply(multiply(inverse(X6),inverse(multiply(X5,X0))),inverse(X7))),multiply(X7,X3))) = inverse(multiply(inverse(X0),inverse(inverse(inverse(multiply(multiply(X1,multiply(multiply(inverse(X1),inverse(multiply(X2,X3))),inverse(X4))),multiply(X4,multiply(X2,X5)))))))) [superposition 38893,26]
40587. inverse(multiply(inverse(X0),inverse(inverse(multiply(X1,inverse(multiply(X2,multiply(X3,multiply(multiply(inverse(X3),inverse(X0)),X1))))))))) = X2 [superposition 38893,12041]
40599. multiply(X2,multiply(multiply(inverse(X2),inverse(multiply(multiply(X3,X0),X1))),X3)) = inverse(multiply(X0,inverse(inverse(X1)))) [superposition 38893,610]
40603. inverse(inverse(X1)) = inverse(multiply(X0,inverse(inverse(inverse(multiply(X1,X0)))))) [superposition 38893,38893]
40612. multiply(X1,inverse(X2)) = multiply(multiply(X1,X0),inverse(multiply(X2,X0))) [superposition 27938,38893]
40620. multiply(X1,multiply(inverse(multiply(X2,X0)),inverse(X3))) = multiply(X4,inverse(multiply(multiply(X3,multiply(inverse(inverse(X2)),inverse(X5))),multiply(X5,multiply(multiply(X6,multiply(multiply(inverse(X6),X0),inverse(X1))),X4))))) [superposition 22,38893]
40650. multiply(X1,multiply(multiply(inverse(X1),inverse(inverse(multiply(X2,X0)))),inverse(X3))) = multiply(X4,inverse(multiply(multiply(X3,multiply(X5,inverse(X6))),multiply(X6,multiply(inverse(multiply(inverse(inverse(X2)),multiply(X7,multiply(multiply(inverse(X7),X0),X5)))),X4))))) [superposition 48,38893]
40685. inverse(multiply(multiply(X1,multiply(multiply(inverse(X1),inverse(multiply(X2,X3))),inverse(X4))),multiply(X4,multiply(X2,X5)))) = multiply(X6,inverse(multiply(multiply(multiply(inverse(multiply(X7,X0)),inverse(inverse(X7))),multiply(multiply(X0,inverse(X3)),inverse(X8))),multiply(X8,multiply(X5,X6))))) [superposition 20,38893]
40771. multiply(X1,multiply(multiply(inverse(X1),inverse(X2)),X0)) = multiply(X4,inverse(multiply(multiply(multiply(inverse(multiply(X3,X0)),inverse(inverse(X3))),multiply(X5,inverse(X6))),multiply(X6,multiply(inverse(multiply(X7,multiply(X8,multiply(multiply(inverse(X8),inverse(multiply(X2,X7))),X5)))),X4))))) [superposition 48,38893]
40772. multiply(X1,multiply(multiply(inverse(X1),X0),inverse(X3))) = multiply(X4,inverse(multiply(multiply(X3,multiply(X5,inverse(X6))),multiply(X6,multiply(inverse(multiply(X7,multiply(X8,multiply(multiply(inverse(X8),inverse(multiply(multiply(inverse(multiply(X2,X0)),inverse(inverse(X2))),X7))),X5)))),X4))))) [superposition 48,38893]
40897. multiply(X1,multiply(multiply(inverse(X1),X0),inverse(X3))) = multiply(X4,multiply(multiply(inverse(X4),inverse(multiply(inverse(multiply(X2,X0)),inverse(inverse(X2))))),inverse(X3))) [forward demodulation 40772,658]
40898. multiply(X1,multiply(multiply(inverse(X1),inverse(X2)),X0)) = multiply(X4,multiply(multiply(inverse(X4),inverse(X2)),inverse(multiply(inverse(multiply(X3,X0)),inverse(inverse(X3)))))) [forward demodulation 40771,658]
40980. inverse(multiply(multiply(X1,multiply(multiply(inverse(X1),inverse(multiply(X2,X3))),inverse(X4))),multiply(X4,multiply(X2,X5)))) = multiply(X6,multiply(multiply(inverse(X6),inverse(multiply(multiply(X0,inverse(X3)),X5))),inverse(multiply(inverse(multiply(X7,X0)),inverse(inverse(X7)))))) [forward demodulation 40685,689]
41010. multiply(X1,multiply(multiply(inverse(X1),inverse(inverse(multiply(X2,X0)))),inverse(X3))) = multiply(X4,multiply(multiply(inverse(X4),inverse(multiply(X5,inverse(multiply(inverse(inverse(X2)),multiply(X7,multiply(multiply(inverse(X7),X0),X5))))))),inverse(X3))) [forward demodulation 40650,689]
41039. multiply(X1,multiply(inverse(multiply(X2,X0)),inverse(X3))) = multiply(X4,multiply(multiply(inverse(X4),inverse(multiply(inverse(inverse(X2)),multiply(X6,multiply(multiply(inverse(X6),X0),inverse(X1)))))),inverse(X3))) [forward demodulation 40620,689]
41059. inverse(multiply(inverse(X0),inverse(inverse(multiply(X1,inverse(inverse(inverse(multiply(multiply(inverse(inverse(X2)),inverse(X0)),X1))))))))) = X2 [forward demodulation 40587,35737]
41068. inverse(multiply(multiply(X6,multiply(multiply(inverse(X6),inverse(multiply(X5,X0))),inverse(X7))),multiply(X7,X3))) = inverse(multiply(inverse(X0),inverse(inverse(multiply(multiply(inverse(X5),inverse(multiply(multiply(inverse(X1),inverse(multiply(X2,X3))),X2))),inverse(X1)))))) [forward demodulation 40574,689]
41096. inverse(multiply(multiply(X6,multiply(multiply(inverse(X6),inverse(X2)),inverse(X7))),multiply(X7,multiply(X4,X5)))) = inverse(multiply(inverse(multiply(multiply(inverse(X4),inverse(multiply(multiply(inverse(X0),inverse(multiply(X1,X2))),X1))),inverse(X0))),inverse(inverse(X5)))) [forward demodulation 40529,689]
41131. multiply(X1,multiply(multiply(inverse(X1),X0),inverse(X3))) = inverse(inverse(multiply(inverse(multiply(inverse(multiply(X2,X0)),inverse(inverse(X2)))),inverse(inverse(inverse(X3)))))) [forward demodulation 40897,36267]
41132. multiply(X1,multiply(multiply(inverse(X1),inverse(X2)),X0)) = inverse(inverse(multiply(inverse(X2),inverse(inverse(inverse(multiply(inverse(multiply(X3,X0)),inverse(inverse(X3))))))))) [forward demodulation 40898,36267]
41209. inverse(multiply(multiply(X1,multiply(multiply(inverse(X1),inverse(multiply(X2,X3))),inverse(X4))),multiply(X4,multiply(X2,X5)))) = inverse(inverse(multiply(inverse(multiply(multiply(X0,inverse(X3)),X5)),inverse(inverse(inverse(multiply(inverse(multiply(X7,X0)),inverse(inverse(X7))))))))) [forward demodulation 40980,36267]
41235. multiply(X1,multiply(multiply(inverse(X1),inverse(inverse(multiply(X2,X0)))),inverse(X3))) = inverse(inverse(multiply(inverse(multiply(X5,inverse(multiply(inverse(inverse(X2)),multiply(X7,multiply(multiply(inverse(X7),X0),X5)))))),inverse(inverse(inverse(X3)))))) [forward demodulation 41010,36267]
41261. multiply(X1,multiply(inverse(multiply(X2,X0)),inverse(X3))) = inverse(inverse(multiply(inverse(multiply(inverse(inverse(X2)),multiply(X6,multiply(multiply(inverse(X6),X0),inverse(X1))))),inverse(inverse(inverse(X3)))))) [forward demodulation 41039,36267]
41277. inverse(multiply(inverse(X0),inverse(inverse(inverse(multiply(inverse(inverse(X2)),inverse(X0))))))) = X2 [forward demodulation 41059,40603]
41286. inverse(multiply(multiply(X6,multiply(multiply(inverse(X6),inverse(multiply(X5,X0))),inverse(X7))),multiply(X7,X3))) = inverse(multiply(inverse(X0),inverse(inverse(inverse(multiply(inverse(X3),inverse(inverse(X5)))))))) [forward demodulation 41068,39439]
41304. inverse(multiply(multiply(X6,multiply(multiply(inverse(X6),inverse(X2)),inverse(X7))),multiply(X7,multiply(X4,X5)))) = inverse(multiply(inverse(inverse(multiply(inverse(X2),inverse(inverse(X4))))),inverse(inverse(X5)))) [forward demodulation 41096,39439]
41324. multiply(X1,multiply(multiply(inverse(X1),X0),inverse(X3))) = inverse(inverse(multiply(X0,inverse(inverse(inverse(X3)))))) [forward demodulation 41131,38893]
41325. multiply(X1,multiply(multiply(inverse(X1),inverse(X2)),X0)) = inverse(inverse(multiply(inverse(X2),inverse(inverse(X0))))) [forward demodulation 41132,38893]
41380. inverse(multiply(multiply(X1,multiply(multiply(inverse(X1),inverse(multiply(X2,X3))),inverse(X4))),multiply(X4,multiply(X2,X5)))) = inverse(inverse(multiply(inverse(multiply(multiply(X0,inverse(X3)),X5)),inverse(inverse(X0))))) [forward demodulation 41209,38893]
41398. multiply(X1,multiply(multiply(inverse(X1),inverse(inverse(multiply(X2,X0)))),inverse(X3))) = inverse(inverse(multiply(inverse(inverse(X2)),multiply(X7,multiply(multiply(inverse(X7),X0),inverse(X3)))))) [forward demodulation 41235,40523]
41420. multiply(X1,multiply(inverse(multiply(X2,X0)),inverse(X3))) = inverse(inverse(multiply(inverse(inverse(inverse(multiply(multiply(inverse(inverse(inverse(inverse(X2)))),X0),inverse(X1))))),inverse(inverse(inverse(X3)))))) [forward demodulation 41261,35739]
41433. inverse(inverse(inverse(inverse(X2)))) = X2 [forward demodulation 41277,40603]
41439. inverse(multiply(inverse(X0),inverse(inverse(inverse(multiply(inverse(X3),inverse(inverse(X5)))))))) = inverse(multiply(inverse(inverse(multiply(inverse(multiply(X5,X0)),inverse(inverse(inverse(X7)))))),multiply(X7,X3))) [forward demodulation 41286,36267]
41455. multiply(multiply(inverse(X5),inverse(multiply(multiply(inverse(X6),inverse(X2)),X4))),inverse(X6)) = inverse(multiply(inverse(inverse(multiply(inverse(X2),inverse(inverse(X4))))),inverse(inverse(X5)))) [forward demodulation 41304,689]
41513. multiply(multiply(inverse(X5),inverse(multiply(multiply(inverse(X1),inverse(multiply(X2,X3))),X2))),inverse(X1)) = inverse(inverse(multiply(inverse(multiply(multiply(X0,inverse(X3)),X5)),inverse(inverse(X0))))) [forward demodulation 41380,689]
41521. multiply(X1,multiply(multiply(inverse(X1),inverse(inverse(multiply(X2,X0)))),inverse(X3))) = multiply(X2,inverse(inverse(multiply(X7,multiply(multiply(inverse(X7),X0),inverse(X3)))))) [forward demodulation 41398,35745]
41539. multiply(X1,multiply(inverse(multiply(X2,X0)),inverse(X3))) = multiply(inverse(multiply(multiply(inverse(inverse(inverse(inverse(X2)))),X0),inverse(X1))),inverse(inverse(inverse(inverse(inverse(X3)))))) [forward demodulation 41420,35745]
41578. inverse(multiply(inverse(X3),inverse(inverse(X5)))) = inverse(inverse(multiply(inverse(multiply(multiply(X0,inverse(X3)),X5)),inverse(inverse(X0))))) [forward demodulation 41513,39439]
41582. multiply(X1,multiply(multiply(inverse(X1),inverse(inverse(multiply(X2,X0)))),inverse(X3))) = multiply(X2,inverse(inverse(inverse(inverse(multiply(X0,inverse(inverse(inverse(X3))))))))) [forward demodulation 41521,41324]
41594. multiply(X1,multiply(inverse(multiply(X2,X0)),inverse(X3))) = multiply(inverse(multiply(multiply(inverse(inverse(inverse(inverse(X2)))),X0),inverse(X1))),inverse(X3)) [forward demodulation 41539,41433]
41617. multiply(X1,multiply(multiply(inverse(X1),inverse(inverse(multiply(X2,X0)))),inverse(X3))) = multiply(X2,multiply(X0,inverse(inverse(inverse(X3))))) [forward demodulation 41582,41433]
41621. multiply(X1,multiply(inverse(multiply(X2,X0)),inverse(X3))) = multiply(inverse(multiply(multiply(X2,X0),inverse(X1))),inverse(X3)) [forward demodulation 41594,41433]
41631. multiply(X2,multiply(X0,inverse(inverse(inverse(X3))))) = inverse(inverse(multiply(inverse(inverse(multiply(X2,X0))),inverse(inverse(inverse(X3)))))) [forward demodulation 41617,36267]
41636. multiply(X2,multiply(X0,inverse(inverse(inverse(X3))))) = multiply(multiply(X2,X0),inverse(inverse(inverse(inverse(inverse(X3)))))) [forward demodulation 41631,35745]
41639. multiply(X2,multiply(X0,inverse(inverse(inverse(X3))))) = multiply(multiply(X2,X0),inverse(X3)) [forward demodulation 41636,41433]
41850. inverse(multiply(X10,multiply(X11,multiply(multiply(inverse(X11),inverse(multiply(X12,X10))),X2)))) = multiply(inverse(multiply(multiply(X5,multiply(multiply(inverse(X5),inverse(X6)),inverse(X7))),multiply(X7,multiply(X8,multiply(inverse(X9),multiply(X0,inverse(multiply(multiply(X1,multiply(multiply(inverse(X1),inverse(X2)),inverse(X3))),multiply(X3,multiply(X4,X0)))))))))),inverse(multiply(multiply(X13,multiply(multiply(inverse(X13),inverse(X12)),X4)),multiply(X9,inverse(multiply(X14,multiply(X15,multiply(multiply(inverse(X15),inverse(multiply(X6,X14))),X8)))))))) [superposition 116,46]
41853. inverse(multiply(X6,X0)) = multiply(inverse(multiply(multiply(X1,multiply(multiply(inverse(X1),inverse(X2)),inverse(X3))),multiply(X3,multiply(X4,multiply(inverse(X5),X0))))),inverse(multiply(inverse(inverse(X6)),multiply(X5,inverse(multiply(X7,multiply(X8,multiply(multiply(inverse(X8),inverse(multiply(X2,X7))),X4)))))))) [superposition 116,38893]
43022. inverse(multiply(X6,X0)) = multiply(inverse(multiply(multiply(X1,multiply(multiply(inverse(X1),inverse(X2)),inverse(X3))),multiply(X3,multiply(X4,multiply(inverse(X5),X0))))),inverse(multiply(inverse(inverse(X6)),multiply(X5,inverse(inverse(inverse(multiply(multiply(inverse(inverse(X7)),inverse(multiply(X2,X7))),X4)))))))) [forward demodulation 41853,35737]
43025. inverse(multiply(X10,multiply(X11,multiply(multiply(inverse(X11),inverse(multiply(X12,X10))),X2)))) = multiply(inverse(multiply(multiply(X5,multiply(multiply(inverse(X5),inverse(X6)),inverse(X7))),multiply(X7,multiply(X8,multiply(inverse(X9),multiply(X0,inverse(multiply(multiply(X1,multiply(multiply(inverse(X1),inverse(X2)),inverse(X3))),multiply(X3,multiply(X4,X0)))))))))),inverse(multiply(multiply(X13,multiply(multiply(inverse(X13),inverse(X12)),X4)),multiply(X9,inverse(inverse(inverse(multiply(multiply(inverse(inverse(X14)),inverse(multiply(X6,X14))),X8)))))))) [forward demodulation 41850,35737]
43772. inverse(multiply(X6,X0)) = multiply(inverse(multiply(multiply(X1,multiply(multiply(inverse(X1),inverse(X2)),inverse(X3))),multiply(X3,multiply(X4,multiply(inverse(X5),X0))))),inverse(multiply(multiply(inverse(inverse(X6)),X5),inverse(multiply(multiply(inverse(inverse(X7)),inverse(multiply(X2,X7))),X4))))) [forward demodulation 43022,41639]
43775. inverse(multiply(X10,multiply(X11,multiply(multiply(inverse(X11),inverse(multiply(X12,X10))),X2)))) = multiply(inverse(multiply(multiply(X5,multiply(multiply(inverse(X5),inverse(X6)),inverse(X7))),multiply(X7,multiply(X8,multiply(inverse(X9),multiply(X0,inverse(multiply(multiply(X1,multiply(multiply(inverse(X1),inverse(X2)),inverse(X3))),multiply(X3,multiply(X4,X0)))))))))),inverse(multiply(multiply(multiply(X13,multiply(multiply(inverse(X13),inverse(X12)),X4)),X9),inverse(multiply(multiply(inverse(inverse(X14)),inverse(multiply(X6,X14))),X8))))) [forward demodulation 43025,41639]
44491. inverse(multiply(X6,X0)) = multiply(multiply(multiply(inverse(multiply(inverse(X5),X0)),inverse(multiply(multiply(inverse(X1),inverse(X2)),X4))),inverse(X1)),inverse(multiply(multiply(inverse(inverse(X6)),X5),inverse(multiply(multiply(inverse(inverse(X7)),inverse(multiply(X2,X7))),X4))))) [forward demodulation 43772,689]
44494. inverse(multiply(X10,multiply(X11,multiply(multiply(inverse(X11),inverse(multiply(X12,X10))),X2)))) = multiply(inverse(multiply(multiply(X5,multiply(multiply(inverse(X5),inverse(X6)),inverse(X7))),multiply(X7,multiply(X8,multiply(inverse(X9),multiply(X0,inverse(multiply(multiply(X1,multiply(multiply(inverse(X1),inverse(X2)),inverse(X3))),multiply(X3,multiply(X4,X0)))))))))),inverse(multiply(multiply(inverse(inverse(multiply(inverse(X12),inverse(inverse(X4))))),X9),inverse(multiply(multiply(inverse(inverse(X14)),inverse(multiply(X6,X14))),X8))))) [forward demodulation 43775,41325]
45156. inverse(multiply(X6,X0)) = multiply(inverse(multiply(inverse(inverse(multiply(inverse(X2),inverse(inverse(X4))))),inverse(inverse(multiply(inverse(X5),X0))))),inverse(multiply(multiply(inverse(inverse(X6)),X5),inverse(multiply(multiply(inverse(inverse(X7)),inverse(multiply(X2,X7))),X4))))) [forward demodulation 44491,41455]
45159. inverse(multiply(X10,multiply(X11,multiply(multiply(inverse(X11),inverse(multiply(X12,X10))),X2)))) = multiply(multiply(multiply(inverse(multiply(inverse(X9),multiply(X0,inverse(multiply(multiply(X1,multiply(multiply(inverse(X1),inverse(X2)),inverse(X3))),multiply(X3,multiply(X4,X0))))))),inverse(multiply(multiply(inverse(X5),inverse(X6)),X8))),inverse(X5)),inverse(multiply(multiply(inverse(inverse(multiply(inverse(X12),inverse(inverse(X4))))),X9),inverse(multiply(multiply(inverse(inverse(X14)),inverse(multiply(X6,X14))),X8))))) [forward demodulation 44494,689]
45706. inverse(multiply(X10,multiply(X11,multiply(multiply(inverse(X11),inverse(multiply(X12,X10))),X2)))) = multiply(inverse(multiply(inverse(inverse(multiply(inverse(X6),inverse(inverse(X8))))),inverse(inverse(multiply(inverse(X9),multiply(X0,inverse(multiply(multiply(X1,multiply(multiply(inverse(X1),inverse(X2)),inverse(X3))),multiply(X3,multiply(X4,X0)))))))))),inverse(multiply(multiply(inverse(inverse(multiply(inverse(X12),inverse(inverse(X4))))),X9),inverse(multiply(multiply(inverse(inverse(X14)),inverse(multiply(X6,X14))),X8))))) [forward demodulation 45159,41455]
46139. inverse(multiply(X10,multiply(X11,multiply(multiply(inverse(X11),inverse(multiply(X12,X10))),X2)))) = inverse(multiply(multiply(inverse(X12),inverse(inverse(X4))),multiply(X0,inverse(multiply(multiply(X1,multiply(multiply(inverse(X1),inverse(X2)),inverse(X3))),multiply(X3,multiply(X4,X0))))))) [forward demodulation 45706,45156]
46481. inverse(multiply(X10,multiply(X11,multiply(multiply(inverse(X11),inverse(multiply(X12,X10))),X2)))) = inverse(inverse(inverse(inverse(multiply(multiply(X1,multiply(multiply(inverse(X1),inverse(X2)),inverse(X3))),multiply(X3,multiply(X4,inverse(multiply(inverse(X12),inverse(inverse(X4))))))))))) [forward demodulation 46139,35702]
46743. inverse(multiply(X10,multiply(X11,multiply(multiply(inverse(X11),inverse(multiply(X12,X10))),X2)))) = multiply(multiply(X1,multiply(multiply(inverse(X1),inverse(X2)),inverse(X3))),multiply(X3,multiply(X4,inverse(multiply(inverse(X12),inverse(inverse(X4))))))) [forward demodulation 46481,41433]
46921. inverse(multiply(X10,multiply(X11,multiply(multiply(inverse(X11),inverse(multiply(X12,X10))),X2)))) = multiply(multiply(X1,multiply(multiply(inverse(X1),inverse(X2)),inverse(X3))),multiply(X3,X12)) [forward demodulation 46743,36109]
47043. inverse(multiply(X10,multiply(X11,multiply(multiply(inverse(X11),inverse(multiply(X12,X10))),X2)))) = multiply(inverse(inverse(multiply(inverse(X2),inverse(inverse(inverse(X3)))))),multiply(X3,X12)) [forward demodulation 46921,36267]
47114. inverse(inverse(inverse(multiply(multiply(inverse(inverse(X10)),inverse(multiply(X12,X10))),X2)))) = multiply(inverse(inverse(multiply(inverse(X2),inverse(inverse(inverse(X3)))))),multiply(X3,X12)) [forward demodulation 47043,35737]
47152. inverse(multiply(inverse(X12),inverse(inverse(X2)))) = multiply(inverse(inverse(multiply(inverse(X2),inverse(inverse(inverse(X3)))))),multiply(X3,X12)) [forward demodulation 47114,36216]
47176. multiply(X5,multiply(X6,multiply(multiply(inverse(X6),inverse(multiply(X2,X5))),X4))) = inverse(inverse(inverse(multiply(X0,inverse(multiply(multiply(X1,multiply(multiply(inverse(X1),inverse(X2)),inverse(X3))),multiply(X3,multiply(X4,X0)))))))) [superposition 41433,19]
47180. multiply(multiply(X5,multiply(multiply(inverse(X5),inverse(multiply(X6,X2))),inverse(X7))),multiply(X7,multiply(X6,X4))) = inverse(inverse(inverse(multiply(X0,inverse(multiply(multiply(X1,multiply(multiply(inverse(X1),inverse(X2)),inverse(X3))),multiply(X3,multiply(X4,X0)))))))) [superposition 41433,20]
47182. inverse(inverse(inverse(X0))) = multiply(inverse(multiply(X1,X0)),inverse(inverse(X1))) [superposition 41433,38893]
47193. inverse(multiply(X1,multiply(X2,multiply(multiply(inverse(X2),inverse(multiply(inverse(inverse(inverse(X0))),X1))),X3)))) = multiply(X4,inverse(multiply(multiply(X5,multiply(multiply(inverse(X5),X0),inverse(X6))),multiply(X6,multiply(X3,X4))))) [superposition 19,41433]
47196. inverse(multiply(multiply(X1,multiply(multiply(inverse(X1),inverse(multiply(X2,X3))),inverse(X4))),multiply(X4,multiply(X2,X5)))) = multiply(X6,inverse(multiply(multiply(inverse(inverse(inverse(X0))),multiply(multiply(X0,inverse(X3)),inverse(X7))),multiply(X7,multiply(X5,X6))))) [superposition 20,41433]
47283. multiply(X3,inverse(multiply(multiply(X2,multiply(X4,inverse(X5))),multiply(X5,multiply(inverse(multiply(X6,multiply(X7,multiply(multiply(inverse(X7),inverse(multiply(inverse(inverse(inverse(X0))),X6))),X4)))),X3))))) = multiply(X1,multiply(multiply(inverse(X1),X0),inverse(X2))) [superposition 48,41433]
47370. multiply(multiply(X1,inverse(multiply(X2,X0))),X2) = multiply(X1,inverse(inverse(inverse(X0)))) [superposition 27938,41433]
47428. multiply(X3,inverse(multiply(multiply(X2,multiply(X4,inverse(X5))),multiply(X5,multiply(inverse(multiply(X6,multiply(X7,multiply(multiply(inverse(X7),inverse(multiply(inverse(inverse(inverse(X0))),X6))),X4)))),X3))))) = inverse(inverse(multiply(X0,inverse(inverse(inverse(X2)))))) [forward demodulation 47283,41324]
47513. inverse(multiply(multiply(X1,multiply(multiply(inverse(X1),inverse(multiply(X2,X3))),inverse(X4))),multiply(X4,multiply(X2,X5)))) = multiply(X6,multiply(multiply(inverse(X6),inverse(multiply(multiply(X0,inverse(X3)),X5))),inverse(inverse(inverse(inverse(X0)))))) [forward demodulation 47196,689]
47516. inverse(multiply(X1,multiply(X2,multiply(multiply(inverse(X2),inverse(multiply(inverse(inverse(inverse(X0))),X1))),X3)))) = multiply(X4,multiply(multiply(inverse(X4),inverse(multiply(multiply(inverse(X5),X0),X3))),inverse(X5))) [forward demodulation 47193,689]
47525. multiply(multiply(X5,multiply(multiply(inverse(X5),inverse(multiply(X6,X2))),inverse(X7))),multiply(X7,multiply(X6,X4))) = inverse(inverse(inverse(multiply(X0,multiply(multiply(inverse(X0),inverse(multiply(multiply(inverse(X1),inverse(X2)),X4))),inverse(X1)))))) [forward demodulation 47180,689]
47529. multiply(X5,multiply(X6,multiply(multiply(inverse(X6),inverse(multiply(X2,X5))),X4))) = inverse(inverse(inverse(multiply(X0,multiply(multiply(inverse(X0),inverse(multiply(multiply(inverse(X1),inverse(X2)),X4))),inverse(X1)))))) [forward demodulation 47176,689]
47569. multiply(X3,multiply(multiply(inverse(X3),inverse(inverse(inverse(inverse(X0))))),inverse(X2))) = inverse(inverse(multiply(X0,inverse(inverse(inverse(X2)))))) [forward demodulation 47428,658]
47648. inverse(multiply(multiply(X1,multiply(multiply(inverse(X1),inverse(multiply(X2,X3))),inverse(X4))),multiply(X4,multiply(X2,X5)))) = inverse(inverse(multiply(inverse(multiply(multiply(X0,inverse(X3)),X5)),inverse(inverse(inverse(inverse(inverse(inverse(X0))))))))) [forward demodulation 47513,36267]
47651. inverse(multiply(X0,inverse(inverse(X3)))) = inverse(multiply(X1,multiply(X2,multiply(multiply(inverse(X2),inverse(multiply(inverse(inverse(inverse(X0))),X1))),X3)))) [forward demodulation 47516,40599]
47659. multiply(multiply(X5,multiply(multiply(inverse(X5),inverse(multiply(X6,X2))),inverse(X7))),multiply(X7,multiply(X6,X4))) = inverse(inverse(inverse(inverse(multiply(inverse(X2),inverse(inverse(X4))))))) [forward demodulation 47525,35567]
47662. multiply(X5,multiply(X6,multiply(multiply(inverse(X6),inverse(multiply(X2,X5))),X4))) = inverse(inverse(inverse(inverse(multiply(inverse(X2),inverse(inverse(X4))))))) [forward demodulation 47529,35567]
47684. inverse(inverse(multiply(X0,inverse(inverse(inverse(X2)))))) = inverse(inverse(multiply(inverse(inverse(inverse(inverse(X0)))),inverse(inverse(inverse(X2)))))) [forward demodulation 47569,36267]
47746. inverse(multiply(multiply(X1,multiply(multiply(inverse(X1),inverse(multiply(X2,X3))),inverse(X4))),multiply(X4,multiply(X2,X5)))) = inverse(inverse(multiply(inverse(multiply(multiply(X0,inverse(X3)),X5)),inverse(inverse(X0))))) [forward demodulation 47648,41433]
47748. multiply(inverse(X3),inverse(X0)) = inverse(multiply(X0,inverse(inverse(X3)))) [forward demodulation 47651,35933]
47753. multiply(multiply(X5,multiply(multiply(inverse(X5),inverse(multiply(X6,X2))),inverse(X7))),multiply(X7,multiply(X6,X4))) = multiply(inverse(X2),inverse(inverse(X4))) [forward demodulation 47659,41433]
47756. multiply(X5,multiply(X6,multiply(multiply(inverse(X6),inverse(multiply(X2,X5))),X4))) = multiply(inverse(X2),inverse(inverse(X4))) [forward demodulation 47662,41433]
47770. inverse(inverse(multiply(X0,inverse(inverse(inverse(X2)))))) = multiply(inverse(inverse(X0)),inverse(inverse(inverse(inverse(inverse(X2)))))) [forward demodulation 47684,35745]
47813. inverse(multiply(multiply(X1,multiply(multiply(inverse(X1),inverse(multiply(X2,X3))),inverse(X4))),multiply(X4,multiply(X2,X5)))) = inverse(multiply(inverse(X3),inverse(inverse(X5)))) [forward demodulation 47746,41578]
47817. multiply(inverse(X2),inverse(inverse(X4))) = multiply(inverse(inverse(multiply(inverse(multiply(X6,X2)),inverse(inverse(inverse(X7)))))),multiply(X7,multiply(X6,X4))) [forward demodulation 47753,36267]
47820. multiply(inverse(X2),inverse(inverse(X4))) = inverse(inverse(multiply(multiply(inverse(inverse(X5)),inverse(multiply(X2,X5))),X4))) [forward demodulation 47756,35737]
47829. multiply(inverse(inverse(X0)),inverse(X2)) = inverse(inverse(multiply(X0,inverse(inverse(inverse(X2)))))) [forward demodulation 47770,41433]
47863. inverse(multiply(multiply(X1,multiply(multiply(inverse(X1),inverse(multiply(X2,X3))),inverse(X4))),multiply(X4,multiply(X2,X5)))) = multiply(inverse(X5),inverse(inverse(X3))) [forward demodulation 47813,47748]
47866. multiply(inverse(X2),inverse(inverse(X4))) = inverse(multiply(inverse(multiply(X6,X4)),inverse(inverse(multiply(X6,X2))))) [forward demodulation 47817,47152]
47871. multiply(inverse(inverse(X0)),inverse(X2)) = inverse(multiply(inverse(inverse(X2)),inverse(X0))) [forward demodulation 47829,47748]
47896. multiply(multiply(inverse(X5),inverse(multiply(multiply(inverse(X1),inverse(multiply(X2,X3))),X2))),inverse(X1)) = multiply(inverse(X5),inverse(inverse(X3))) [forward demodulation 47863,689]
47899. multiply(inverse(X2),inverse(inverse(X4))) = multiply(inverse(multiply(X6,X2)),inverse(inverse(multiply(X6,X4)))) [forward demodulation 47866,47748]
47920. multiply(inverse(X5),inverse(inverse(X3))) = inverse(multiply(inverse(inverse(multiply(inverse(multiply(X2,X3)),inverse(inverse(X2))))),inverse(inverse(X5)))) [forward demodulation 47896,41455]
47937. multiply(inverse(X5),inverse(inverse(X3))) = multiply(inverse(X5),inverse(inverse(inverse(multiply(inverse(multiply(X2,X3)),inverse(inverse(X2))))))) [forward demodulation 47920,47748]
47947. multiply(inverse(X5),inverse(inverse(X3))) = multiply(inverse(X5),inverse(inverse(multiply(inverse(X2),inverse(inverse(multiply(X2,X3))))))) [forward demodulation 47937,47748]
47954. multiply(inverse(X5),inverse(inverse(X3))) = multiply(inverse(X5),inverse(multiply(inverse(multiply(X2,X3)),inverse(inverse(X2))))) [forward demodulation 47947,47748]
47958. multiply(inverse(X5),X3) = multiply(inverse(X5),inverse(inverse(X3))) [forward demodulation 47954,36270]
48399. inverse(multiply(X1,multiply(X2,multiply(X3,X10)))) = multiply(inverse(multiply(X4,multiply(X5,multiply(multiply(inverse(X5),inverse(multiply(X6,X4))),multiply(inverse(X7),inverse(X8)))))),inverse(multiply(inverse(multiply(multiply(X9,multiply(multiply(inverse(X9),inverse(multiply(X10,X8))),inverse(X11))),multiply(X11,multiply(X0,inverse(multiply(X1,multiply(X2,multiply(X3,X0)))))))),multiply(X7,X6)))) [superposition 118,4544]
48438. multiply(inverse(multiply(X1,multiply(X2,multiply(multiply(inverse(X2),inverse(multiply(X3,X1))),multiply(inverse(X4),inverse(X5)))))),inverse(multiply(inverse(multiply(multiply(X6,multiply(multiply(inverse(X6),inverse(multiply(X7,X5))),inverse(X8))),multiply(X8,X0))),multiply(X4,X3)))) = multiply(X9,multiply(multiply(inverse(X9),inverse(multiply(multiply(X10,inverse(X0)),X7))),X10)) [superposition 118,5390]
48451. inverse(multiply(multiply(X13,multiply(multiply(inverse(X13),inverse(multiply(X11,X0))),inverse(X14))),multiply(X14,X9))) = multiply(inverse(multiply(X1,multiply(X2,multiply(multiply(inverse(X2),inverse(multiply(X3,X1))),multiply(inverse(X4),inverse(X5)))))),inverse(multiply(inverse(multiply(multiply(X6,multiply(multiply(inverse(X6),inverse(multiply(inverse(multiply(multiply(X7,multiply(multiply(inverse(X7),inverse(multiply(X8,X9))),inverse(X10))),multiply(X10,multiply(X8,X11)))),X5))),inverse(X12))),multiply(X12,X0))),multiply(X4,X3)))) [superposition 118,26]
48452. inverse(multiply(inverse(multiply(X14,multiply(X15,multiply(multiply(inverse(X15),inverse(multiply(X12,X14))),X0)))),multiply(X11,X9))) = multiply(inverse(multiply(X1,multiply(X2,multiply(multiply(inverse(X2),inverse(multiply(X3,X1))),multiply(inverse(X4),inverse(X5)))))),inverse(multiply(inverse(multiply(multiply(X6,multiply(multiply(inverse(X6),inverse(multiply(inverse(multiply(multiply(X7,multiply(multiply(inverse(X7),inverse(multiply(X8,X9))),inverse(X10))),multiply(X10,multiply(X8,multiply(inverse(X11),inverse(X12)))))),X5))),inverse(X13))),multiply(X13,X0))),multiply(X4,X3)))) [superposition 118,43]
48536. multiply(inverse(multiply(X1,multiply(X2,multiply(multiply(inverse(X2),inverse(multiply(inverse(X3),X1))),multiply(inverse(X3),inverse(X4)))))),inverse(multiply(inverse(multiply(multiply(X5,multiply(multiply(inverse(X5),inverse(multiply(X6,X4))),inverse(X7))),multiply(X7,multiply(X6,X8)))),multiply(X0,inverse(X0))))) = X8 [superposition 118,19214]
48592. multiply(inverse(multiply(X1,multiply(X2,multiply(multiply(inverse(X2),inverse(multiply(X3,X1))),multiply(inverse(multiply(inverse(inverse(multiply(multiply(X4,multiply(multiply(inverse(X4),inverse(multiply(X5,X6))),inverse(X7))),multiply(X7,multiply(X5,X8))))),inverse(multiply(multiply(X3,inverse(multiply(X9,X0))),X9)))),inverse(X6)))))),inverse(X0)) = X8 [superposition 118,740]
48614. multiply(X1,inverse(multiply(inverse(multiply(multiply(X2,X3),multiply(multiply(X4,multiply(X5,multiply(multiply(inverse(X5),inverse(multiply(X3,X4))),multiply(inverse(X2),inverse(X6))))),multiply(X0,X10)))),multiply(X11,multiply(multiply(inverse(X11),inverse(inverse(multiply(multiply(X7,multiply(multiply(inverse(X7),inverse(multiply(X8,X6))),inverse(X9))),multiply(X9,multiply(X8,X0)))))),X1))))) = X10 [superposition 16,118]
48706. multiply(X10,multiply(multiply(inverse(X10),inverse(multiply(inverse(multiply(multiply(X6,multiply(multiply(inverse(X6),inverse(multiply(X7,X5))),inverse(X8))),multiply(X8,multiply(X7,X0)))),multiply(X4,X3)))),X9)) = multiply(multiply(X1,multiply(X2,multiply(multiply(inverse(X2),inverse(multiply(X3,X1))),multiply(inverse(X4),inverse(X5))))),multiply(X0,X9)) [superposition 1421,118]
48707. multiply(X1,multiply(inverse(X1),inverse(multiply(inverse(multiply(multiply(X2,multiply(multiply(inverse(X2),inverse(multiply(X3,X4))),inverse(X5))),multiply(X5,multiply(X3,X0)))),multiply(X6,X7))))) = multiply(multiply(X8,multiply(X9,multiply(multiply(inverse(X9),inverse(multiply(X7,X8))),multiply(inverse(X6),inverse(X4))))),X0) [superposition 12998,118]
48709. inverse(inverse(inverse(multiply(inverse(multiply(multiply(X1,multiply(multiply(inverse(X1),inverse(multiply(X2,X3))),inverse(X4))),multiply(X4,multiply(X2,X0)))),multiply(X5,X6))))) = multiply(multiply(X7,multiply(X8,multiply(multiply(inverse(X8),inverse(multiply(X6,X7))),multiply(inverse(X5),inverse(X3))))),X0) [superposition 32929,118]
48716. multiply(X0,inverse(multiply(multiply(X6,multiply(multiply(inverse(X6),inverse(multiply(X7,X5))),inverse(X8))),multiply(X8,multiply(X7,X0))))) = multiply(multiply(inverse(multiply(X1,multiply(X2,multiply(multiply(inverse(X2),inverse(multiply(X3,X1))),multiply(inverse(X4),inverse(X5)))))),inverse(multiply(X9,multiply(X4,X3)))),X9) [superposition 15743,118]
48723. inverse(multiply(X4,multiply(X5,multiply(multiply(inverse(X5),inverse(multiply(X6,X4))),multiply(inverse(X7),inverse(X8)))))) = multiply(inverse(X1),inverse(multiply(X2,multiply(X3,inverse(multiply(multiply(X1,X0),multiply(multiply(inverse(multiply(multiply(X9,multiply(multiply(inverse(X9),inverse(multiply(X10,X8))),inverse(X11))),multiply(X11,multiply(X10,X0)))),multiply(X7,X6)),multiply(X2,X3)))))))) [superposition 82,118]
48788. inverse(multiply(inverse(multiply(multiply(X12,multiply(multiply(inverse(X12),inverse(multiply(X13,X10))),inverse(X14))),multiply(X14,multiply(X13,X0)))),multiply(X9,X8))) = multiply(inverse(multiply(inverse(multiply(X1,multiply(X2,multiply(multiply(inverse(X2),inverse(multiply(X3,X1))),X4)))),multiply(X5,multiply(multiply(inverse(X5),inverse(X3)),inverse(multiply(X6,multiply(X7,multiply(multiply(inverse(X7),inverse(multiply(X8,X6))),multiply(inverse(X9),inverse(X10)))))))))),inverse(multiply(multiply(X11,multiply(multiply(inverse(X11),inverse(X0)),inverse(X15))),multiply(X15,X4)))) [superposition 45,118]
48806. inverse(multiply(X8,multiply(X9,multiply(multiply(inverse(X9),inverse(multiply(X10,X8))),multiply(inverse(X11),inverse(X12)))))) = multiply(inverse(multiply(inverse(multiply(multiply(X1,multiply(multiply(inverse(X1),inverse(multiply(X2,X3))),inverse(X4))),multiply(X4,multiply(X2,X5)))),multiply(X6,multiply(multiply(inverse(X6),inverse(X3)),multiply(inverse(X7),inverse(X0)))))),inverse(multiply(inverse(multiply(inverse(multiply(multiply(X13,multiply(multiply(inverse(X13),inverse(multiply(X14,X12))),inverse(X15))),multiply(X15,multiply(X14,X0)))),multiply(X11,X10))),multiply(X7,X5)))) [superposition 107,118]
48820. inverse(multiply(X7,multiply(X8,multiply(multiply(inverse(X8),inverse(multiply(X9,X7))),multiply(inverse(X10),inverse(X11)))))) = multiply(inverse(multiply(X1,multiply(X2,multiply(multiply(inverse(X2),inverse(multiply(inverse(multiply(X3,multiply(X4,multiply(multiply(inverse(X4),inverse(multiply(X5,X3))),X6)))),X1))),multiply(inverse(X6),inverse(X0)))))),inverse(multiply(inverse(multiply(inverse(multiply(multiply(X12,multiply(multiply(inverse(X12),inverse(multiply(X13,X11))),inverse(X14))),multiply(X14,multiply(X13,X0)))),multiply(X10,X9))),X5))) [superposition 128,118]
48853. inverse(multiply(X7,multiply(X8,multiply(multiply(inverse(X8),inverse(multiply(X9,X7))),multiply(inverse(X10),inverse(X11)))))) = multiply(inverse(multiply(X1,multiply(X2,multiply(multiply(inverse(X2),inverse(multiply(inverse(multiply(X3,multiply(X4,multiply(multiply(inverse(X4),inverse(multiply(X5,X3))),X6)))),X1))),multiply(inverse(X6),inverse(X0)))))),inverse(multiply(inverse(multiply(multiply(multiply(inverse(X0),inverse(multiply(multiply(inverse(X12),inverse(multiply(X13,X11))),X13))),inverse(X12)),multiply(X10,X9))),X5))) [forward demodulation 48820,689]
48867. inverse(multiply(X8,multiply(X9,multiply(multiply(inverse(X9),inverse(multiply(X10,X8))),multiply(inverse(X11),inverse(X12)))))) = multiply(inverse(multiply(inverse(multiply(multiply(X1,multiply(multiply(inverse(X1),inverse(multiply(X2,X3))),inverse(X4))),multiply(X4,multiply(X2,X5)))),multiply(X6,multiply(multiply(inverse(X6),inverse(X3)),multiply(inverse(X7),inverse(X0)))))),inverse(multiply(inverse(multiply(multiply(multiply(inverse(X0),inverse(multiply(multiply(inverse(X13),inverse(multiply(X14,X12))),X14))),inverse(X13)),multiply(X11,X10))),multiply(X7,X5)))) [forward demodulation 48806,689]
48885. inverse(multiply(inverse(multiply(multiply(X12,multiply(multiply(inverse(X12),inverse(multiply(X13,X10))),inverse(X14))),multiply(X14,multiply(X13,X0)))),multiply(X9,X8))) = multiply(inverse(multiply(inverse(multiply(X1,multiply(X2,multiply(multiply(inverse(X2),inverse(multiply(X3,X1))),X4)))),multiply(X5,multiply(multiply(inverse(X5),inverse(X3)),inverse(multiply(X6,multiply(X7,multiply(multiply(inverse(X7),inverse(multiply(X8,X6))),multiply(inverse(X9),inverse(X10)))))))))),inverse(multiply(inverse(inverse(multiply(inverse(X0),inverse(inverse(inverse(X15)))))),multiply(X15,X4)))) [forward demodulation 48788,36267]
48950. inverse(multiply(X4,multiply(X5,multiply(multiply(inverse(X5),inverse(multiply(X6,X4))),multiply(inverse(X7),inverse(X8)))))) = multiply(inverse(X1),inverse(inverse(inverse(inverse(multiply(multiply(X1,X0),multiply(multiply(inverse(multiply(multiply(X9,multiply(multiply(inverse(X9),inverse(multiply(X10,X8))),inverse(X11))),multiply(X11,multiply(X10,X0)))),multiply(X7,X6)),multiply(X2,inverse(X2))))))))) [forward demodulation 48723,35702]
48957. multiply(X0,inverse(multiply(multiply(X6,multiply(multiply(inverse(X6),inverse(multiply(X7,X5))),inverse(X8))),multiply(X8,multiply(X7,X0))))) = multiply(inverse(multiply(X1,multiply(X2,multiply(multiply(inverse(X2),inverse(multiply(X3,X1))),multiply(inverse(X4),inverse(X5)))))),inverse(inverse(inverse(multiply(X4,X3))))) [forward demodulation 48716,47370]
48964. multiply(inverse(inverse(multiply(multiply(inverse(inverse(X7)),inverse(multiply(X6,X7))),multiply(inverse(X5),inverse(X3))))),X0) = inverse(inverse(inverse(multiply(inverse(multiply(multiply(X1,multiply(multiply(inverse(X1),inverse(multiply(X2,X3))),inverse(X4))),multiply(X4,multiply(X2,X0)))),multiply(X5,X6))))) [forward demodulation 48709,35737]
48966. multiply(X1,multiply(inverse(X1),inverse(multiply(inverse(multiply(multiply(X2,multiply(multiply(inverse(X2),inverse(multiply(X3,X4))),inverse(X5))),multiply(X5,multiply(X3,X0)))),multiply(X6,X7))))) = multiply(inverse(inverse(multiply(multiply(inverse(inverse(X8)),inverse(multiply(X7,X8))),multiply(inverse(X6),inverse(X4))))),X0) [forward demodulation 48707,35737]
48967. multiply(X10,multiply(multiply(inverse(X10),inverse(multiply(inverse(multiply(multiply(X6,multiply(multiply(inverse(X6),inverse(multiply(X7,X5))),inverse(X8))),multiply(X8,multiply(X7,X0)))),multiply(X4,X3)))),X9)) = multiply(inverse(inverse(multiply(multiply(inverse(inverse(X1)),inverse(multiply(X3,X1))),multiply(inverse(X4),inverse(X5))))),multiply(X0,X9)) [forward demodulation 48706,35737]
49059. multiply(X1,inverse(inverse(inverse(multiply(multiply(inverse(inverse(inverse(multiply(multiply(X2,X3),multiply(multiply(X4,multiply(X5,multiply(multiply(inverse(X5),inverse(multiply(X3,X4))),multiply(inverse(X2),inverse(X6))))),multiply(X0,X10)))))),inverse(inverse(multiply(multiply(X7,multiply(multiply(inverse(X7),inverse(multiply(X8,X6))),inverse(X9))),multiply(X9,multiply(X8,X0)))))),X1))))) = X10 [forward demodulation 48614,35737]
49080. multiply(inverse(inverse(inverse(multiply(multiply(inverse(inverse(X1)),inverse(multiply(X3,X1))),multiply(inverse(multiply(inverse(inverse(multiply(multiply(X4,multiply(multiply(inverse(X4),inverse(multiply(X5,X6))),inverse(X7))),multiply(X7,multiply(X5,X8))))),inverse(multiply(multiply(X3,inverse(multiply(X9,X0))),X9)))),inverse(X6)))))),inverse(X0)) = X8 [forward demodulation 48592,35737]
49136. multiply(inverse(multiply(X1,multiply(X2,multiply(multiply(inverse(X2),inverse(multiply(inverse(X3),X1))),multiply(inverse(X3),inverse(X4)))))),inverse(inverse(inverse(inverse(inverse(inverse(multiply(multiply(X5,multiply(multiply(inverse(X5),inverse(multiply(X6,X4))),inverse(X7))),multiply(X7,multiply(X6,X8)))))))))) = X8 [forward demodulation 48536,35727]
49211. inverse(multiply(inverse(multiply(X14,multiply(X15,multiply(multiply(inverse(X15),inverse(multiply(X12,X14))),X0)))),multiply(X11,X9))) = multiply(inverse(multiply(X1,multiply(X2,multiply(multiply(inverse(X2),inverse(multiply(X3,X1))),multiply(inverse(X4),inverse(X5)))))),inverse(multiply(inverse(multiply(inverse(inverse(multiply(inverse(multiply(inverse(multiply(multiply(X7,multiply(multiply(inverse(X7),inverse(multiply(X8,X9))),inverse(X10))),multiply(X10,multiply(X8,multiply(inverse(X11),inverse(X12)))))),X5)),inverse(inverse(inverse(X13)))))),multiply(X13,X0))),multiply(X4,X3)))) [forward demodulation 48452,36267]
49212. inverse(multiply(multiply(X13,multiply(multiply(inverse(X13),inverse(multiply(X11,X0))),inverse(X14))),multiply(X14,X9))) = multiply(inverse(multiply(X1,multiply(X2,multiply(multiply(inverse(X2),inverse(multiply(X3,X1))),multiply(inverse(X4),inverse(X5)))))),inverse(multiply(inverse(multiply(inverse(inverse(multiply(inverse(multiply(inverse(multiply(multiply(X7,multiply(multiply(inverse(X7),inverse(multiply(X8,X9))),inverse(X10))),multiply(X10,multiply(X8,X11)))),X5)),inverse(inverse(inverse(X12)))))),multiply(X12,X0))),multiply(X4,X3)))) [forward demodulation 48451,36267]
49225. inverse(multiply(inverse(X0),inverse(inverse(X7)))) = multiply(inverse(multiply(X1,multiply(X2,multiply(multiply(inverse(X2),inverse(multiply(X3,X1))),multiply(inverse(X4),inverse(X5)))))),inverse(multiply(inverse(multiply(multiply(X6,multiply(multiply(inverse(X6),inverse(multiply(X7,X5))),inverse(X8))),multiply(X8,X0))),multiply(X4,X3)))) [forward demodulation 48438,40599]
49262. inverse(multiply(X1,multiply(X2,multiply(X3,X10)))) = inverse(multiply(X1,multiply(X2,multiply(X3,multiply(inverse(X11),inverse(multiply(X8,multiply(X9,multiply(multiply(inverse(X9),inverse(multiply(X10,X8))),inverse(X11)))))))))) [forward demodulation 48399,9921]
49682. inverse(multiply(X7,multiply(X8,multiply(multiply(inverse(X8),inverse(multiply(X9,X7))),multiply(inverse(X10),inverse(X11)))))) = multiply(inverse(multiply(X1,multiply(X2,multiply(multiply(inverse(X2),inverse(multiply(inverse(multiply(X3,multiply(X4,multiply(multiply(inverse(X4),inverse(multiply(X5,X3))),X6)))),X1))),multiply(inverse(X6),inverse(X0)))))),inverse(multiply(inverse(multiply(inverse(multiply(inverse(X11),inverse(inverse(X0)))),multiply(X10,X9))),X5))) [forward demodulation 48853,39439]
49696. inverse(multiply(X8,multiply(X9,multiply(multiply(inverse(X9),inverse(multiply(X10,X8))),multiply(inverse(X11),inverse(X12)))))) = multiply(inverse(multiply(inverse(multiply(multiply(X1,multiply(multiply(inverse(X1),inverse(multiply(X2,X3))),inverse(X4))),multiply(X4,multiply(X2,X5)))),multiply(X6,multiply(multiply(inverse(X6),inverse(X3)),multiply(inverse(X7),inverse(X0)))))),inverse(multiply(inverse(multiply(inverse(multiply(inverse(X12),inverse(inverse(X0)))),multiply(X11,X10))),multiply(X7,X5)))) [forward demodulation 48867,39439]
49714. inverse(multiply(inverse(multiply(multiply(X12,multiply(multiply(inverse(X12),inverse(multiply(X13,X10))),inverse(X14))),multiply(X14,multiply(X13,X0)))),multiply(X9,X8))) = inverse(multiply(inverse(X0),inverse(inverse(inverse(multiply(inverse(multiply(multiply(inverse(X5),inverse(X3)),inverse(multiply(X6,multiply(X7,multiply(multiply(inverse(X7),inverse(multiply(X8,X6))),multiply(inverse(X9),inverse(X10)))))))),inverse(inverse(multiply(inverse(X5),inverse(multiply(X4,inverse(multiply(X1,multiply(X2,multiply(multiply(inverse(X2),inverse(multiply(X3,X1))),X4))))))))))))))) [forward demodulation 48885,40129]
49779. inverse(multiply(X4,multiply(X5,multiply(multiply(inverse(X5),inverse(multiply(X6,X4))),multiply(inverse(X7),inverse(X8)))))) = multiply(inverse(X1),inverse(inverse(multiply(multiply(X1,X0),multiply(multiply(inverse(multiply(multiply(X9,multiply(multiply(inverse(X9),inverse(multiply(X10,X8))),inverse(X11))),multiply(X11,multiply(X10,X0)))),multiply(X7,X6)),multiply(X2,inverse(X2))))))) [forward demodulation 48950,47958]
49786. multiply(X0,inverse(multiply(multiply(X6,multiply(multiply(inverse(X6),inverse(multiply(X7,X5))),inverse(X8))),multiply(X8,multiply(X7,X0))))) = multiply(inverse(multiply(X1,multiply(X2,multiply(multiply(inverse(X2),inverse(multiply(X3,X1))),multiply(inverse(X4),inverse(X5)))))),inverse(multiply(X4,X3))) [forward demodulation 48957,47958]
49792. multiply(inverse(inverse(multiply(multiply(inverse(inverse(X7)),inverse(multiply(X6,X7))),multiply(inverse(X5),inverse(X3))))),X0) = inverse(inverse(inverse(multiply(multiply(multiply(inverse(X0),inverse(multiply(multiply(inverse(X1),inverse(multiply(X2,X3))),X2))),inverse(X1)),multiply(X5,X6))))) [forward demodulation 48964,689]
49794. multiply(X1,multiply(inverse(X1),inverse(multiply(inverse(multiply(multiply(X2,multiply(multiply(inverse(X2),inverse(multiply(X3,X4))),inverse(X5))),multiply(X5,multiply(X3,X0)))),multiply(X6,X7))))) = multiply(multiply(inverse(X7),inverse(inverse(multiply(inverse(X6),inverse(X4))))),X0) [forward demodulation 48966,47820]
49795. multiply(X10,multiply(multiply(inverse(X10),inverse(multiply(inverse(multiply(multiply(X6,multiply(multiply(inverse(X6),inverse(multiply(X7,X5))),inverse(X8))),multiply(X8,multiply(X7,X0)))),multiply(X4,X3)))),X9)) = multiply(multiply(inverse(X3),inverse(inverse(multiply(inverse(X4),inverse(X5))))),multiply(X0,X9)) [forward demodulation 48967,47820]
49886. inverse(multiply(inverse(multiply(X0,X10)),inverse(inverse(multiply(inverse(multiply(X4,multiply(X5,multiply(multiply(inverse(X5),inverse(multiply(X3,X4))),multiply(inverse(X2),inverse(X6)))))),inverse(multiply(inverse(multiply(multiply(X7,multiply(multiply(inverse(X7),inverse(multiply(X8,X6))),inverse(X9))),multiply(X9,multiply(X8,X0)))),multiply(X2,X3)))))))) = X10 [forward demodulation 49059,36212]
49907. multiply(inverse(multiply(inverse(X3),inverse(inverse(multiply(inverse(multiply(inverse(inverse(multiply(multiply(X4,multiply(multiply(inverse(X4),inverse(multiply(X5,X6))),inverse(X7))),multiply(X7,multiply(X5,X8))))),inverse(multiply(multiply(X3,inverse(multiply(X9,X0))),X9)))),inverse(X6)))))),inverse(X0)) = X8 [forward demodulation 49080,36216]
49963. multiply(inverse(multiply(X1,multiply(X2,multiply(multiply(inverse(X2),inverse(multiply(inverse(X3),X1))),multiply(inverse(X3),inverse(X4)))))),inverse(inverse(inverse(inverse(multiply(multiply(X5,multiply(multiply(inverse(X5),inverse(multiply(X6,X4))),inverse(X7))),multiply(X7,multiply(X6,X8)))))))) = X8 [forward demodulation 49136,47958]
50032. inverse(multiply(inverse(multiply(X14,multiply(X15,multiply(multiply(inverse(X15),inverse(multiply(X12,X14))),X0)))),multiply(X11,X9))) = multiply(inverse(multiply(X1,multiply(X2,multiply(multiply(inverse(X2),inverse(multiply(X3,X1))),multiply(inverse(X4),inverse(X5)))))),inverse(multiply(inverse(multiply(inverse(X5),inverse(inverse(inverse(multiply(inverse(X0),inverse(inverse(inverse(multiply(multiply(X7,multiply(multiply(inverse(X7),inverse(multiply(X8,X9))),inverse(X10))),multiply(X10,multiply(X8,multiply(inverse(X11),inverse(X12)))))))))))))),multiply(X4,X3)))) [forward demodulation 49211,41439]
50033. inverse(multiply(multiply(X13,multiply(multiply(inverse(X13),inverse(multiply(X11,X0))),inverse(X14))),multiply(X14,X9))) = multiply(inverse(multiply(X1,multiply(X2,multiply(multiply(inverse(X2),inverse(multiply(X3,X1))),multiply(inverse(X4),inverse(X5)))))),inverse(multiply(inverse(multiply(inverse(X5),inverse(inverse(inverse(multiply(inverse(X0),inverse(inverse(inverse(multiply(multiply(X7,multiply(multiply(inverse(X7),inverse(multiply(X8,X9))),inverse(X10))),multiply(X10,multiply(X8,X11)))))))))))),multiply(X4,X3)))) [forward demodulation 49212,41439]
50041. inverse(multiply(inverse(X0),inverse(inverse(X7)))) = multiply(inverse(multiply(X1,multiply(X2,multiply(multiply(inverse(X2),inverse(multiply(X3,X1))),multiply(inverse(X4),inverse(X5)))))),inverse(multiply(inverse(multiply(inverse(inverse(multiply(inverse(multiply(X7,X5)),inverse(inverse(inverse(X8)))))),multiply(X8,X0))),multiply(X4,X3)))) [forward demodulation 49225,36267]
50064. inverse(multiply(X1,multiply(X2,multiply(X3,X10)))) = inverse(multiply(X1,multiply(X2,inverse(inverse(inverse(multiply(X8,multiply(X9,multiply(multiply(inverse(X9),inverse(multiply(X10,X8))),inverse(X3)))))))))) [forward demodulation 49262,35702]
50471. inverse(multiply(X7,multiply(X8,multiply(multiply(inverse(X8),inverse(multiply(X9,X7))),multiply(inverse(X10),inverse(X11)))))) = multiply(inverse(multiply(X1,multiply(X2,multiply(multiply(inverse(X2),inverse(multiply(inverse(multiply(X3,multiply(X4,multiply(multiply(inverse(X4),inverse(multiply(X5,X3))),X6)))),X1))),multiply(inverse(X6),inverse(X0)))))),inverse(multiply(inverse(multiply(multiply(inverse(X0),inverse(inverse(X11))),multiply(X10,X9))),X5))) [forward demodulation 49682,47748]
50485. inverse(multiply(X8,multiply(X9,multiply(multiply(inverse(X9),inverse(multiply(X10,X8))),multiply(inverse(X11),inverse(X12)))))) = multiply(inverse(multiply(inverse(multiply(multiply(X1,multiply(multiply(inverse(X1),inverse(multiply(X2,X3))),inverse(X4))),multiply(X4,multiply(X2,X5)))),multiply(X6,multiply(multiply(inverse(X6),inverse(X3)),multiply(inverse(X7),inverse(X0)))))),inverse(multiply(inverse(multiply(multiply(inverse(X0),inverse(inverse(X12))),multiply(X11,X10))),multiply(X7,X5)))) [forward demodulation 49696,47748]
50503. inverse(multiply(inverse(multiply(multiply(X12,multiply(multiply(inverse(X12),inverse(multiply(X13,X10))),inverse(X14))),multiply(X14,multiply(X13,X0)))),multiply(X9,X8))) = multiply(inverse(inverse(multiply(inverse(multiply(multiply(inverse(X5),inverse(X3)),inverse(multiply(X6,multiply(X7,multiply(multiply(inverse(X7),inverse(multiply(X8,X6))),multiply(inverse(X9),inverse(X10)))))))),inverse(inverse(multiply(inverse(X5),inverse(multiply(X4,inverse(multiply(X1,multiply(X2,multiply(multiply(inverse(X2),inverse(multiply(X3,X1))),X4)))))))))))),inverse(inverse(X0))) [forward demodulation 49714,47748]
50568. inverse(multiply(X4,multiply(X5,multiply(multiply(inverse(X5),inverse(multiply(X6,X4))),multiply(inverse(X7),inverse(X8)))))) = multiply(inverse(X1),multiply(multiply(X1,X0),multiply(multiply(inverse(multiply(multiply(X9,multiply(multiply(inverse(X9),inverse(multiply(X10,X8))),inverse(X11))),multiply(X11,multiply(X10,X0)))),multiply(X7,X6)),multiply(X2,inverse(X2))))) [forward demodulation 49779,47958]
50574. multiply(X0,inverse(multiply(multiply(X6,multiply(multiply(inverse(X6),inverse(multiply(X7,X5))),inverse(X8))),multiply(X8,multiply(X7,X0))))) = multiply(inverse(inverse(inverse(multiply(multiply(inverse(inverse(X1)),inverse(multiply(X3,X1))),multiply(inverse(X4),inverse(X5)))))),inverse(multiply(X4,X3))) [forward demodulation 49786,35737]
50578. multiply(inverse(inverse(multiply(multiply(inverse(inverse(X7)),inverse(multiply(X6,X7))),multiply(inverse(X5),inverse(X3))))),X0) = inverse(inverse(inverse(multiply(inverse(multiply(inverse(X3),inverse(inverse(X0)))),multiply(X5,X6))))) [forward demodulation 49792,39439]
50580. multiply(X1,multiply(inverse(X1),inverse(multiply(inverse(multiply(multiply(X2,multiply(multiply(inverse(X2),inverse(multiply(X3,X4))),inverse(X5))),multiply(X5,multiply(X3,X0)))),multiply(X6,X7))))) = multiply(multiply(inverse(X7),multiply(inverse(X6),inverse(X4))),X0) [forward demodulation 49794,47958]
50581. multiply(X10,multiply(multiply(inverse(X10),inverse(multiply(inverse(multiply(multiply(X6,multiply(multiply(inverse(X6),inverse(multiply(X7,X5))),inverse(X8))),multiply(X8,multiply(X7,X0)))),multiply(X4,X3)))),X9)) = multiply(multiply(inverse(X3),multiply(inverse(X4),inverse(X5))),multiply(X0,X9)) [forward demodulation 49795,47958]
50672. multiply(inverse(multiply(inverse(multiply(X4,multiply(X5,multiply(multiply(inverse(X5),inverse(multiply(X3,X4))),multiply(inverse(X2),inverse(X6)))))),inverse(multiply(inverse(multiply(multiply(X7,multiply(multiply(inverse(X7),inverse(multiply(X8,X6))),inverse(X9))),multiply(X9,multiply(X8,X0)))),multiply(X2,X3))))),inverse(inverse(multiply(X0,X10)))) = X10 [forward demodulation 49886,47748]
50692. multiply(multiply(inverse(multiply(inverse(multiply(inverse(inverse(multiply(multiply(X4,multiply(multiply(inverse(X4),inverse(multiply(X5,X6))),inverse(X7))),multiply(X7,multiply(X5,X8))))),inverse(multiply(multiply(X3,inverse(multiply(X9,X0))),X9)))),inverse(X6))),inverse(inverse(X3))),inverse(X0)) = X8 [forward demodulation 49907,47748]
50748. multiply(inverse(multiply(X1,multiply(X2,multiply(multiply(inverse(X2),inverse(multiply(inverse(X3),X1))),multiply(inverse(X3),inverse(X4)))))),inverse(inverse(multiply(multiply(X5,multiply(multiply(inverse(X5),inverse(multiply(X6,X4))),inverse(X7))),multiply(X7,multiply(X6,X8)))))) = X8 [forward demodulation 49963,47958]
50817. inverse(multiply(inverse(multiply(X14,multiply(X15,multiply(multiply(inverse(X15),inverse(multiply(X12,X14))),X0)))),multiply(X11,X9))) = multiply(inverse(multiply(X1,multiply(X2,multiply(multiply(inverse(X2),inverse(multiply(X3,X1))),multiply(inverse(X4),inverse(X5)))))),inverse(multiply(multiply(inverse(inverse(multiply(inverse(X0),inverse(inverse(inverse(multiply(multiply(X7,multiply(multiply(inverse(X7),inverse(multiply(X8,X9))),inverse(X10))),multiply(X10,multiply(X8,multiply(inverse(X11),inverse(X12))))))))))),inverse(inverse(X5))),multiply(X4,X3)))) [forward demodulation 50032,47748]
50818. inverse(multiply(multiply(X13,multiply(multiply(inverse(X13),inverse(multiply(X11,X0))),inverse(X14))),multiply(X14,X9))) = multiply(inverse(multiply(X1,multiply(X2,multiply(multiply(inverse(X2),inverse(multiply(X3,X1))),multiply(inverse(X4),inverse(X5)))))),inverse(multiply(multiply(inverse(inverse(multiply(inverse(X0),inverse(inverse(inverse(multiply(multiply(X7,multiply(multiply(inverse(X7),inverse(multiply(X8,X9))),inverse(X10))),multiply(X10,multiply(X8,X11))))))))),inverse(inverse(X5))),multiply(X4,X3)))) [forward demodulation 50033,47748]
50826. inverse(multiply(inverse(X0),inverse(inverse(X7)))) = multiply(inverse(multiply(X1,multiply(X2,multiply(multiply(inverse(X2),inverse(multiply(X3,X1))),multiply(inverse(X4),inverse(X5)))))),inverse(multiply(inverse(multiply(inverse(X5),inverse(inverse(inverse(multiply(inverse(X0),inverse(inverse(X7)))))))),multiply(X4,X3)))) [forward demodulation 50041,41439]
50845. inverse(multiply(X1,multiply(X2,multiply(X3,X10)))) = inverse(multiply(multiply(X1,X2),inverse(multiply(X8,multiply(X9,multiply(multiply(inverse(X9),inverse(multiply(X10,X8))),inverse(X3))))))) [forward demodulation 50064,41639]
51240. inverse(multiply(X7,multiply(X8,multiply(multiply(inverse(X8),inverse(multiply(X9,X7))),multiply(inverse(X10),inverse(X11)))))) = multiply(inverse(multiply(X1,multiply(X2,multiply(multiply(inverse(X2),inverse(multiply(inverse(multiply(X3,multiply(X4,multiply(multiply(inverse(X4),inverse(multiply(X5,X3))),X6)))),X1))),multiply(inverse(X6),inverse(X0)))))),inverse(multiply(inverse(multiply(multiply(inverse(X0),X11),multiply(X10,X9))),X5))) [forward demodulation 50471,47958]
51253. inverse(multiply(X8,multiply(X9,multiply(multiply(inverse(X9),inverse(multiply(X10,X8))),multiply(inverse(X11),inverse(X12)))))) = multiply(inverse(multiply(inverse(multiply(multiply(X1,multiply(multiply(inverse(X1),inverse(multiply(X2,X3))),inverse(X4))),multiply(X4,multiply(X2,X5)))),multiply(X6,multiply(multiply(inverse(X6),inverse(X3)),multiply(inverse(X7),inverse(X0)))))),inverse(multiply(inverse(multiply(multiply(inverse(X0),X12),multiply(X11,X10))),multiply(X7,X5)))) [forward demodulation 50485,47958]
51271. inverse(multiply(inverse(multiply(multiply(X12,multiply(multiply(inverse(X12),inverse(multiply(X13,X10))),inverse(X14))),multiply(X14,multiply(X13,X0)))),multiply(X9,X8))) = multiply(inverse(inverse(multiply(inverse(multiply(multiply(inverse(X5),inverse(X3)),inverse(multiply(X6,multiply(X7,multiply(multiply(inverse(X7),inverse(multiply(X8,X6))),multiply(inverse(X9),inverse(X10)))))))),inverse(inverse(multiply(inverse(X5),inverse(multiply(X4,inverse(multiply(X1,multiply(X2,multiply(multiply(inverse(X2),inverse(multiply(X3,X1))),X4)))))))))))),X0) [forward demodulation 50503,47958]
51335. inverse(multiply(X4,multiply(X5,multiply(multiply(inverse(X5),inverse(multiply(X6,X4))),multiply(inverse(X7),inverse(X8)))))) = multiply(inverse(X1),multiply(multiply(X1,X0),inverse(inverse(inverse(inverse(multiply(inverse(multiply(multiply(X9,multiply(multiply(inverse(X9),inverse(multiply(X10,X8))),inverse(X11))),multiply(X11,multiply(X10,X0)))),multiply(X7,X6)))))))) [forward demodulation 50568,35727]
51341. multiply(X0,inverse(multiply(multiply(X6,multiply(multiply(inverse(X6),inverse(multiply(X7,X5))),inverse(X8))),multiply(X8,multiply(X7,X0))))) = multiply(inverse(multiply(inverse(X3),inverse(inverse(multiply(inverse(X4),inverse(X5)))))),inverse(multiply(X4,X3))) [forward demodulation 50574,36216]
51345. multiply(inverse(inverse(multiply(multiply(inverse(inverse(X7)),inverse(multiply(X6,X7))),multiply(inverse(X5),inverse(X3))))),X0) = inverse(inverse(inverse(multiply(multiply(inverse(X0),inverse(inverse(X3))),multiply(X5,X6))))) [forward demodulation 50578,47748]
51347. inverse(inverse(inverse(multiply(inverse(multiply(multiply(X2,multiply(multiply(inverse(X2),inverse(multiply(X3,X4))),inverse(X5))),multiply(X5,multiply(X3,X0)))),multiply(X6,X7))))) = multiply(multiply(inverse(X7),multiply(inverse(X6),inverse(X4))),X0) [forward demodulation 50580,32929]
51348. multiply(multiply(inverse(X3),multiply(inverse(X4),inverse(X5))),multiply(X0,X9)) = inverse(inverse(multiply(inverse(multiply(inverse(multiply(multiply(X6,multiply(multiply(inverse(X6),inverse(multiply(X7,X5))),inverse(X8))),multiply(X8,multiply(X7,X0)))),multiply(X4,X3))),inverse(inverse(X9))))) [forward demodulation 50581,41325]
51437. multiply(inverse(multiply(inverse(multiply(X4,multiply(X5,multiply(multiply(inverse(X5),inverse(multiply(X3,X4))),multiply(inverse(X2),inverse(X6)))))),inverse(multiply(inverse(multiply(multiply(X7,multiply(multiply(inverse(X7),inverse(multiply(X8,X6))),inverse(X9))),multiply(X9,multiply(X8,X0)))),multiply(X2,X3))))),multiply(X0,X10)) = X10 [forward demodulation 50672,47958]
51457. multiply(multiply(inverse(multiply(inverse(multiply(inverse(inverse(multiply(multiply(X4,multiply(multiply(inverse(X4),inverse(multiply(X5,X6))),inverse(X7))),multiply(X7,multiply(X5,X8))))),inverse(multiply(multiply(X3,inverse(multiply(X9,X0))),X9)))),inverse(X6))),X3),inverse(X0)) = X8 [forward demodulation 50692,47958]
51513. multiply(inverse(multiply(X1,multiply(X2,multiply(multiply(inverse(X2),inverse(multiply(inverse(X3),X1))),multiply(inverse(X3),inverse(X4)))))),multiply(multiply(X5,multiply(multiply(inverse(X5),inverse(multiply(X6,X4))),inverse(X7))),multiply(X7,multiply(X6,X8)))) = X8 [forward demodulation 50748,47958]
51582. inverse(multiply(inverse(multiply(X14,multiply(X15,multiply(multiply(inverse(X15),inverse(multiply(X12,X14))),X0)))),multiply(X11,X9))) = multiply(inverse(multiply(X1,multiply(X2,multiply(multiply(inverse(X2),inverse(multiply(X3,X1))),multiply(inverse(X4),inverse(X5)))))),inverse(multiply(multiply(inverse(inverse(multiply(inverse(X0),inverse(inverse(inverse(multiply(multiply(X7,multiply(multiply(inverse(X7),inverse(multiply(X8,X9))),inverse(X10))),multiply(X10,multiply(X8,multiply(inverse(X11),inverse(X12))))))))))),X5),multiply(X4,X3)))) [forward demodulation 50817,47958]
51583. inverse(multiply(multiply(X13,multiply(multiply(inverse(X13),inverse(multiply(X11,X0))),inverse(X14))),multiply(X14,X9))) = multiply(inverse(multiply(X1,multiply(X2,multiply(multiply(inverse(X2),inverse(multiply(X3,X1))),multiply(inverse(X4),inverse(X5)))))),inverse(multiply(multiply(inverse(inverse(multiply(inverse(X0),inverse(inverse(inverse(multiply(multiply(X7,multiply(multiply(inverse(X7),inverse(multiply(X8,X9))),inverse(X10))),multiply(X10,multiply(X8,X11))))))))),X5),multiply(X4,X3)))) [forward demodulation 50818,47958]
51591. inverse(multiply(inverse(X0),inverse(inverse(X7)))) = multiply(inverse(multiply(X1,multiply(X2,multiply(multiply(inverse(X2),inverse(multiply(X3,X1))),multiply(inverse(X4),inverse(X5)))))),inverse(multiply(multiply(inverse(inverse(multiply(inverse(X0),inverse(inverse(X7))))),inverse(inverse(X5))),multiply(X4,X3)))) [forward demodulation 50826,47748]
51610. inverse(multiply(X1,multiply(X2,multiply(X3,X10)))) = inverse(multiply(multiply(X1,X2),inverse(inverse(inverse(multiply(multiply(inverse(inverse(X8)),inverse(multiply(X10,X8))),inverse(X3))))))) [forward demodulation 50845,35739]
52003. inverse(multiply(X7,multiply(X8,multiply(multiply(inverse(X8),inverse(multiply(X9,X7))),multiply(inverse(X10),inverse(X11)))))) = multiply(inverse(inverse(inverse(multiply(multiply(inverse(inverse(X1)),inverse(multiply(inverse(multiply(X3,multiply(X4,multiply(multiply(inverse(X4),inverse(multiply(X5,X3))),X6)))),X1))),multiply(inverse(X6),inverse(X0)))))),inverse(multiply(inverse(multiply(multiply(inverse(X0),X11),multiply(X10,X9))),X5))) [forward demodulation 51240,35737]
52016. inverse(multiply(X8,multiply(X9,multiply(multiply(inverse(X9),inverse(multiply(X10,X8))),multiply(inverse(X11),inverse(X12)))))) = multiply(inverse(inverse(inverse(multiply(multiply(inverse(inverse(inverse(multiply(multiply(X1,multiply(multiply(inverse(X1),inverse(multiply(X2,X3))),inverse(X4))),multiply(X4,multiply(X2,X5)))))),inverse(X3)),multiply(inverse(X7),inverse(X0)))))),inverse(multiply(inverse(multiply(multiply(inverse(X0),X12),multiply(X11,X10))),multiply(X7,X5)))) [forward demodulation 51253,35737]
52034. inverse(multiply(inverse(multiply(multiply(X12,multiply(multiply(inverse(X12),inverse(multiply(X13,X10))),inverse(X14))),multiply(X14,multiply(X13,X0)))),multiply(X9,X8))) = multiply(inverse(multiply(inverse(multiply(inverse(X5),inverse(multiply(X4,inverse(multiply(X1,multiply(X2,multiply(multiply(inverse(X2),inverse(multiply(X3,X1))),X4)))))))),inverse(inverse(multiply(multiply(inverse(X5),inverse(X3)),inverse(multiply(X6,multiply(X7,multiply(multiply(inverse(X7),inverse(multiply(X8,X6))),multiply(inverse(X9),inverse(X10))))))))))),X0) [forward demodulation 51271,47748]
52097. inverse(multiply(X4,multiply(X5,multiply(multiply(inverse(X5),inverse(multiply(X6,X4))),multiply(inverse(X7),inverse(X8)))))) = multiply(multiply(inverse(X1),multiply(X1,X0)),inverse(inverse(multiply(inverse(multiply(multiply(X9,multiply(multiply(inverse(X9),inverse(multiply(X10,X8))),inverse(X11))),multiply(X11,multiply(X10,X0)))),multiply(X7,X6))))) [forward demodulation 51335,41639]
52103. multiply(X0,inverse(multiply(multiply(X6,multiply(multiply(inverse(X6),inverse(multiply(X7,X5))),inverse(X8))),multiply(X8,multiply(X7,X0))))) = multiply(multiply(inverse(multiply(inverse(X4),inverse(X5))),inverse(inverse(X3))),inverse(multiply(X4,X3))) [forward demodulation 51341,47748]
52107. multiply(inverse(inverse(multiply(multiply(inverse(inverse(X7)),inverse(multiply(X6,X7))),multiply(inverse(X5),inverse(X3))))),X0) = inverse(inverse(inverse(multiply(multiply(inverse(X0),X3),multiply(X5,X6))))) [forward demodulation 51345,47958]
52109. multiply(multiply(inverse(X7),multiply(inverse(X6),inverse(X4))),X0) = inverse(inverse(inverse(multiply(multiply(multiply(inverse(X0),inverse(multiply(multiply(inverse(X2),inverse(multiply(X3,X4))),X3))),inverse(X2)),multiply(X6,X7))))) [forward demodulation 51347,689]
52110. multiply(multiply(inverse(X3),multiply(inverse(X4),inverse(X5))),multiply(X0,X9)) = inverse(multiply(inverse(X9),inverse(inverse(multiply(inverse(multiply(multiply(X6,multiply(multiply(inverse(X6),inverse(multiply(X7,X5))),inverse(X8))),multiply(X8,multiply(X7,X0)))),multiply(X4,X3)))))) [forward demodulation 51348,47748]
52199. multiply(inverse(X0),multiply(X0,X10)) = X10 [forward demodulation 51437,118]
52219. multiply(multiply(inverse(multiply(multiply(inverse(inverse(multiply(multiply(X3,inverse(multiply(X9,X0))),X9))),inverse(multiply(multiply(X4,multiply(multiply(inverse(X4),inverse(multiply(X5,X6))),inverse(X7))),multiply(X7,multiply(X5,X8))))),inverse(X6))),X3),inverse(X0)) = X8 [forward demodulation 51457,47871]
52275. multiply(multiply(inverse(multiply(X1,multiply(X2,multiply(multiply(inverse(X2),inverse(multiply(inverse(X3),X1))),multiply(inverse(X3),inverse(X4)))))),inverse(X4)),X8) = X8 [forward demodulation 51513,32551]
52344. inverse(multiply(inverse(multiply(X14,multiply(X15,multiply(multiply(inverse(X15),inverse(multiply(X12,X14))),X0)))),multiply(X11,X9))) = multiply(inverse(multiply(X1,multiply(X2,multiply(multiply(inverse(X2),inverse(multiply(X3,X1))),multiply(inverse(X4),inverse(X5)))))),inverse(multiply(multiply(inverse(multiply(inverse(inverse(multiply(multiply(X7,multiply(multiply(inverse(X7),inverse(multiply(X8,X9))),inverse(X10))),multiply(X10,multiply(X8,multiply(inverse(X11),inverse(X12))))))),inverse(inverse(X0)))),X5),multiply(X4,X3)))) [forward demodulation 51582,47748]
52345. inverse(multiply(multiply(X13,multiply(multiply(inverse(X13),inverse(multiply(X11,X0))),inverse(X14))),multiply(X14,X9))) = multiply(inverse(multiply(X1,multiply(X2,multiply(multiply(inverse(X2),inverse(multiply(X3,X1))),multiply(inverse(X4),inverse(X5)))))),inverse(multiply(multiply(inverse(multiply(inverse(inverse(multiply(multiply(X7,multiply(multiply(inverse(X7),inverse(multiply(X8,X9))),inverse(X10))),multiply(X10,multiply(X8,X11))))),inverse(inverse(X0)))),X5),multiply(X4,X3)))) [forward demodulation 51583,47748]
52353. inverse(multiply(inverse(X0),inverse(inverse(X7)))) = multiply(inverse(multiply(X1,multiply(X2,multiply(multiply(inverse(X2),inverse(multiply(X3,X1))),multiply(inverse(X4),inverse(X5)))))),inverse(multiply(multiply(inverse(inverse(multiply(inverse(X0),inverse(inverse(X7))))),X5),multiply(X4,X3)))) [forward demodulation 51591,47958]
52371. inverse(multiply(X1,multiply(X2,multiply(X3,X10)))) = multiply(inverse(inverse(multiply(multiply(inverse(inverse(X8)),inverse(multiply(X10,X8))),inverse(X3)))),inverse(multiply(X1,X2))) [forward demodulation 51610,47748]
52749. inverse(multiply(X7,multiply(X8,multiply(multiply(inverse(X8),inverse(multiply(X9,X7))),multiply(inverse(X10),inverse(X11)))))) = multiply(inverse(multiply(inverse(inverse(multiply(X3,multiply(X4,multiply(multiply(inverse(X4),inverse(multiply(X5,X3))),X6))))),inverse(inverse(multiply(inverse(X6),inverse(X0)))))),inverse(multiply(inverse(multiply(multiply(inverse(X0),X11),multiply(X10,X9))),X5))) [forward demodulation 52003,36216]
52762. inverse(multiply(X8,multiply(X9,multiply(multiply(inverse(X9),inverse(multiply(X10,X8))),multiply(inverse(X11),inverse(X12)))))) = multiply(inverse(inverse(inverse(multiply(multiply(inverse(inverse(multiply(multiply(inverse(X5),inverse(multiply(multiply(inverse(X1),inverse(multiply(X2,X3))),X2))),inverse(X1)))),inverse(X3)),multiply(inverse(X7),inverse(X0)))))),inverse(multiply(inverse(multiply(multiply(inverse(X0),X12),multiply(X11,X10))),multiply(X7,X5)))) [forward demodulation 52016,689]
52780. inverse(multiply(inverse(multiply(multiply(X12,multiply(multiply(inverse(X12),inverse(multiply(X13,X10))),inverse(X14))),multiply(X14,multiply(X13,X0)))),multiply(X9,X8))) = multiply(multiply(inverse(multiply(multiply(inverse(X5),inverse(X3)),inverse(multiply(X6,multiply(X7,multiply(multiply(inverse(X7),inverse(multiply(X8,X6))),multiply(inverse(X9),inverse(X10)))))))),inverse(inverse(multiply(inverse(X5),inverse(multiply(X4,inverse(multiply(X1,multiply(X2,multiply(multiply(inverse(X2),inverse(multiply(X3,X1))),X4)))))))))),X0) [forward demodulation 52034,47748]
52842. inverse(multiply(X4,multiply(X5,multiply(multiply(inverse(X5),inverse(multiply(X6,X4))),multiply(inverse(X7),inverse(X8)))))) = multiply(multiply(inverse(X1),multiply(X1,X0)),inverse(inverse(multiply(multiply(multiply(inverse(X0),inverse(multiply(multiply(inverse(X9),inverse(multiply(X10,X8))),X10))),inverse(X9)),multiply(X7,X6))))) [forward demodulation 52097,689]
52848. multiply(X0,inverse(multiply(multiply(X6,multiply(multiply(inverse(X6),inverse(multiply(X7,X5))),inverse(X8))),multiply(X8,multiply(X7,X0))))) = multiply(multiply(inverse(multiply(inverse(X4),inverse(X5))),X3),inverse(multiply(X4,X3))) [forward demodulation 52103,47958]
52851. inverse(inverse(inverse(multiply(multiply(inverse(X0),X3),multiply(X5,X6))))) = multiply(multiply(inverse(X6),inverse(inverse(multiply(inverse(X5),inverse(X3))))),X0) [forward demodulation 52107,47820]
52853. multiply(multiply(inverse(X7),multiply(inverse(X6),inverse(X4))),X0) = inverse(inverse(inverse(multiply(inverse(multiply(inverse(X4),inverse(inverse(X0)))),multiply(X6,X7))))) [forward demodulation 52109,39439]
52854. multiply(multiply(inverse(X3),multiply(inverse(X4),inverse(X5))),multiply(X0,X9)) = multiply(inverse(multiply(inverse(multiply(multiply(X6,multiply(multiply(inverse(X6),inverse(multiply(X7,X5))),inverse(X8))),multiply(X8,multiply(X7,X0)))),multiply(X4,X3))),inverse(inverse(X9))) [forward demodulation 52110,47748]
52962. multiply(multiply(inverse(multiply(multiply(inverse(inverse(multiply(multiply(X3,inverse(multiply(X9,X0))),X9))),multiply(multiply(inverse(X8),inverse(multiply(multiply(inverse(X4),inverse(multiply(X5,X6))),X5))),inverse(X4))),inverse(X6))),X3),inverse(X0)) = X8 [forward demodulation 52219,689]
53016. multiply(multiply(inverse(inverse(inverse(multiply(multiply(inverse(inverse(X1)),inverse(multiply(inverse(X3),X1))),multiply(inverse(X3),inverse(X4)))))),inverse(X4)),X8) = X8 [forward demodulation 52275,35737]
53085. inverse(multiply(inverse(multiply(X14,multiply(X15,multiply(multiply(inverse(X15),inverse(multiply(X12,X14))),X0)))),multiply(X11,X9))) = multiply(inverse(multiply(X1,multiply(X2,multiply(multiply(inverse(X2),inverse(multiply(X3,X1))),multiply(inverse(X4),inverse(X5)))))),inverse(multiply(multiply(multiply(inverse(X0),inverse(inverse(inverse(multiply(multiply(X7,multiply(multiply(inverse(X7),inverse(multiply(X8,X9))),inverse(X10))),multiply(X10,multiply(X8,multiply(inverse(X11),inverse(X12))))))))),X5),multiply(X4,X3)))) [forward demodulation 52344,47748]
53086. inverse(multiply(multiply(X13,multiply(multiply(inverse(X13),inverse(multiply(X11,X0))),inverse(X14))),multiply(X14,X9))) = multiply(inverse(multiply(X1,multiply(X2,multiply(multiply(inverse(X2),inverse(multiply(X3,X1))),multiply(inverse(X4),inverse(X5)))))),inverse(multiply(multiply(multiply(inverse(X0),inverse(inverse(inverse(multiply(multiply(X7,multiply(multiply(inverse(X7),inverse(multiply(X8,X9))),inverse(X10))),multiply(X10,multiply(X8,X11))))))),X5),multiply(X4,X3)))) [forward demodulation 52345,47748]
53094. multiply(inverse(X7),inverse(inverse(X0))) = multiply(inverse(multiply(X1,multiply(X2,multiply(multiply(inverse(X2),inverse(multiply(X3,X1))),multiply(inverse(X4),inverse(X5)))))),inverse(multiply(multiply(inverse(multiply(inverse(X7),inverse(inverse(X0)))),X5),multiply(X4,X3)))) [forward demodulation 52353,47748]
53112. inverse(multiply(X1,multiply(X2,multiply(X3,X10)))) = multiply(multiply(inverse(X10),inverse(inverse(inverse(X3)))),inverse(multiply(X1,X2))) [forward demodulation 52371,47820]
53462. inverse(multiply(X7,multiply(X8,multiply(multiply(inverse(X8),inverse(multiply(X9,X7))),multiply(inverse(X10),inverse(X11)))))) = multiply(multiply(inverse(multiply(inverse(X6),inverse(X0))),inverse(inverse(inverse(multiply(X3,multiply(X4,multiply(multiply(inverse(X4),inverse(multiply(X5,X3))),X6))))))),inverse(multiply(inverse(multiply(multiply(inverse(X0),X11),multiply(X10,X9))),X5))) [forward demodulation 52749,47748]
53475. inverse(multiply(X8,multiply(X9,multiply(multiply(inverse(X9),inverse(multiply(X10,X8))),multiply(inverse(X11),inverse(X12)))))) = multiply(inverse(inverse(inverse(multiply(multiply(inverse(inverse(inverse(multiply(inverse(X3),inverse(inverse(X5)))))),inverse(X3)),multiply(inverse(X7),inverse(X0)))))),inverse(multiply(inverse(multiply(multiply(inverse(X0),X12),multiply(X11,X10))),multiply(X7,X5)))) [forward demodulation 52762,39439]
53493. inverse(multiply(inverse(multiply(multiply(X12,multiply(multiply(inverse(X12),inverse(multiply(X13,X10))),inverse(X14))),multiply(X14,multiply(X13,X0)))),multiply(X9,X8))) = multiply(multiply(multiply(X6,multiply(X7,multiply(multiply(inverse(X7),inverse(multiply(X8,X6))),multiply(inverse(X9),inverse(X10))))),multiply(inverse(multiply(inverse(X5),inverse(X3))),inverse(inverse(multiply(inverse(X5),inverse(multiply(X4,inverse(multiply(X1,multiply(X2,multiply(multiply(inverse(X2),inverse(multiply(X3,X1))),X4))))))))))),X0) [forward demodulation 52780,41621]
53555. inverse(multiply(X4,multiply(X5,multiply(multiply(inverse(X5),inverse(multiply(X6,X4))),multiply(inverse(X7),inverse(X8)))))) = multiply(multiply(inverse(X1),multiply(X1,X0)),inverse(inverse(multiply(inverse(multiply(inverse(X8),inverse(inverse(X0)))),multiply(X7,X6))))) [forward demodulation 52842,39439]
53561. multiply(X0,inverse(multiply(multiply(X6,multiply(multiply(inverse(X6),inverse(multiply(X7,X5))),inverse(X8))),multiply(X8,multiply(X7,X0))))) = multiply(inverse(multiply(inverse(X4),inverse(X5))),inverse(X4)) [forward demodulation 52848,40612]
53563. inverse(inverse(inverse(multiply(multiply(inverse(X0),X3),multiply(X5,X6))))) = multiply(multiply(inverse(X6),multiply(inverse(X5),inverse(X3))),X0) [forward demodulation 52851,47958]
53565. multiply(multiply(inverse(X7),multiply(inverse(X6),inverse(X4))),X0) = inverse(inverse(inverse(multiply(multiply(inverse(X0),inverse(inverse(X4))),multiply(X6,X7))))) [forward demodulation 52853,47748]
53566. multiply(inverse(multiply(inverse(multiply(multiply(X6,multiply(multiply(inverse(X6),inverse(multiply(X7,X5))),inverse(X8))),multiply(X8,multiply(X7,X0)))),multiply(X4,X3))),X9) = multiply(multiply(inverse(X3),multiply(inverse(X4),inverse(X5))),multiply(X0,X9)) [forward demodulation 52854,47958]
53671. multiply(multiply(inverse(multiply(multiply(inverse(inverse(multiply(multiply(X3,inverse(multiply(X9,X0))),X9))),inverse(multiply(inverse(X6),inverse(inverse(X8))))),inverse(X6))),X3),inverse(X0)) = X8 [forward demodulation 52962,39439]
53724. multiply(multiply(inverse(multiply(inverse(inverse(X3)),inverse(inverse(multiply(inverse(X3),inverse(X4)))))),inverse(X4)),X8) = X8 [forward demodulation 53016,36216]
53791. inverse(multiply(inverse(multiply(X14,multiply(X15,multiply(multiply(inverse(X15),inverse(multiply(X12,X14))),X0)))),multiply(X11,X9))) = multiply(inverse(multiply(X1,multiply(X2,multiply(multiply(inverse(X2),inverse(multiply(X3,X1))),multiply(inverse(X4),inverse(X5)))))),inverse(multiply(multiply(multiply(inverse(X0),inverse(multiply(multiply(X7,multiply(multiply(inverse(X7),inverse(multiply(X8,X9))),inverse(X10))),multiply(X10,multiply(X8,multiply(inverse(X11),inverse(X12))))))),X5),multiply(X4,X3)))) [forward demodulation 53085,47958]
53792. inverse(multiply(multiply(X13,multiply(multiply(inverse(X13),inverse(multiply(X11,X0))),inverse(X14))),multiply(X14,X9))) = multiply(inverse(multiply(X1,multiply(X2,multiply(multiply(inverse(X2),inverse(multiply(X3,X1))),multiply(inverse(X4),inverse(X5)))))),inverse(multiply(multiply(multiply(inverse(X0),inverse(multiply(multiply(X7,multiply(multiply(inverse(X7),inverse(multiply(X8,X9))),inverse(X10))),multiply(X10,multiply(X8,X11))))),X5),multiply(X4,X3)))) [forward demodulation 53086,47958]
53800. multiply(inverse(X7),inverse(inverse(X0))) = multiply(inverse(multiply(X1,multiply(X2,multiply(multiply(inverse(X2),inverse(multiply(X3,X1))),multiply(inverse(X4),inverse(X5)))))),inverse(multiply(multiply(multiply(inverse(X0),inverse(inverse(X7))),X5),multiply(X4,X3)))) [forward demodulation 53094,47748]
53818. inverse(multiply(X1,multiply(X2,multiply(X3,X10)))) = multiply(multiply(inverse(X10),inverse(X3)),inverse(multiply(X1,X2))) [forward demodulation 53112,47958]
54155. inverse(multiply(X7,multiply(X8,multiply(multiply(inverse(X8),inverse(multiply(X9,X7))),multiply(inverse(X10),inverse(X11)))))) = multiply(multiply(inverse(multiply(inverse(X6),inverse(X0))),inverse(multiply(X3,multiply(X4,multiply(multiply(inverse(X4),inverse(multiply(X5,X3))),X6))))),inverse(multiply(inverse(multiply(multiply(inverse(X0),X11),multiply(X10,X9))),X5))) [forward demodulation 53462,47958]
54167. inverse(multiply(X8,multiply(X9,multiply(multiply(inverse(X9),inverse(multiply(X10,X8))),multiply(inverse(X11),inverse(X12)))))) = inverse(multiply(inverse(X10),inverse(inverse(multiply(inverse(X11),inverse(multiply(X0,multiply(inverse(X0),X12)))))))) [forward demodulation 53475,39935]
54185. inverse(multiply(inverse(multiply(multiply(X12,multiply(multiply(inverse(X12),inverse(multiply(X13,X10))),inverse(X14))),multiply(X14,multiply(X13,X0)))),multiply(X9,X8))) = multiply(multiply(multiply(X6,multiply(X7,multiply(multiply(inverse(X7),inverse(multiply(X8,X6))),multiply(inverse(X9),inverse(X10))))),multiply(inverse(inverse(X3)),inverse(inverse(inverse(multiply(X4,inverse(multiply(X1,multiply(X2,multiply(multiply(inverse(X2),inverse(multiply(X3,X1))),X4)))))))))),X0) [forward demodulation 53493,47899]
54247. inverse(multiply(X4,multiply(X5,multiply(multiply(inverse(X5),inverse(multiply(X6,X4))),multiply(inverse(X7),inverse(X8)))))) = multiply(multiply(inverse(X1),multiply(X1,X0)),inverse(inverse(multiply(multiply(inverse(X0),inverse(inverse(X8))),multiply(X7,X6))))) [forward demodulation 53555,47748]
54252. multiply(inverse(multiply(inverse(X4),inverse(X5))),inverse(X4)) = X5 [forward demodulation 53561,17]
54255. multiply(multiply(inverse(X7),multiply(inverse(X6),inverse(X4))),X0) = multiply(multiply(inverse(X7),multiply(inverse(X6),inverse(inverse(inverse(X4))))),X0) [forward demodulation 53565,53563]
54256. multiply(multiply(inverse(X3),multiply(inverse(X4),inverse(X5))),multiply(X0,X9)) = multiply(inverse(multiply(multiply(multiply(inverse(X0),inverse(multiply(multiply(inverse(X6),inverse(multiply(X7,X5))),X7))),inverse(X6)),multiply(X4,X3))),X9) [forward demodulation 53566,689]
54354. multiply(multiply(inverse(multiply(inverse(inverse(multiply(multiply(X3,inverse(multiply(X9,X0))),X9))),inverse(X8))),X3),inverse(X0)) = X8 [forward demodulation 53671,27938]
54407. multiply(multiply(multiply(inverse(multiply(inverse(X3),inverse(X4))),inverse(inverse(inverse(X3)))),inverse(X4)),X8) = X8 [forward demodulation 53724,47748]
54473. inverse(multiply(inverse(multiply(X14,multiply(X15,multiply(multiply(inverse(X15),inverse(multiply(X12,X14))),X0)))),multiply(X11,X9))) = multiply(inverse(multiply(X1,multiply(X2,multiply(multiply(inverse(X2),inverse(multiply(X3,X1))),multiply(inverse(X4),inverse(X5)))))),inverse(multiply(multiply(multiply(inverse(X0),multiply(multiply(inverse(multiply(inverse(X11),inverse(X12))),inverse(multiply(multiply(inverse(X7),inverse(multiply(X8,X9))),X8))),inverse(X7))),X5),multiply(X4,X3)))) [forward demodulation 53791,689]
54474. inverse(multiply(multiply(X13,multiply(multiply(inverse(X13),inverse(multiply(X11,X0))),inverse(X14))),multiply(X14,X9))) = multiply(inverse(multiply(X1,multiply(X2,multiply(multiply(inverse(X2),inverse(multiply(X3,X1))),multiply(inverse(X4),inverse(X5)))))),inverse(multiply(multiply(multiply(inverse(X0),multiply(multiply(inverse(X11),inverse(multiply(multiply(inverse(X7),inverse(multiply(X8,X9))),X8))),inverse(X7))),X5),multiply(X4,X3)))) [forward demodulation 53792,689]
54482. multiply(inverse(X7),inverse(inverse(X0))) = multiply(inverse(multiply(X1,multiply(X2,multiply(multiply(inverse(X2),inverse(multiply(X3,X1))),multiply(inverse(X4),inverse(X5)))))),inverse(multiply(multiply(multiply(inverse(X0),X7),X5),multiply(X4,X3)))) [forward demodulation 53800,47958]
54812. inverse(multiply(X7,multiply(X8,multiply(multiply(inverse(X8),inverse(multiply(X9,X7))),multiply(inverse(X10),inverse(X11)))))) = inverse(multiply(inverse(multiply(multiply(inverse(X0),X11),multiply(X10,X9))),multiply(X5,multiply(multiply(X3,multiply(X4,multiply(multiply(inverse(X4),inverse(multiply(X5,X3))),X6))),multiply(inverse(X6),inverse(X0)))))) [forward demodulation 54155,53818]
54824. inverse(multiply(X8,multiply(X9,multiply(multiply(inverse(X9),inverse(multiply(X10,X8))),multiply(inverse(X11),inverse(X12)))))) = multiply(inverse(multiply(inverse(X11),inverse(multiply(X0,multiply(inverse(X0),X12))))),inverse(inverse(X10))) [forward demodulation 54167,47748]
54841. inverse(multiply(inverse(multiply(multiply(X12,multiply(multiply(inverse(X12),inverse(multiply(X13,X10))),inverse(X14))),multiply(X14,multiply(X13,X0)))),multiply(X9,X8))) = multiply(multiply(multiply(multiply(X6,multiply(X7,multiply(multiply(inverse(X7),inverse(multiply(X8,X6))),multiply(inverse(X9),inverse(X10))))),inverse(inverse(X3))),inverse(multiply(X4,inverse(multiply(X1,multiply(X2,multiply(multiply(inverse(X2),inverse(multiply(X3,X1))),X4))))))),X0) [forward demodulation 54185,41639]
54899. inverse(multiply(X4,multiply(X5,multiply(multiply(inverse(X5),inverse(multiply(X6,X4))),multiply(inverse(X7),inverse(X8)))))) = multiply(multiply(inverse(X1),multiply(X1,X0)),inverse(inverse(multiply(multiply(inverse(X0),X8),multiply(X7,X6))))) [forward demodulation 54247,47958]
54905. multiply(multiply(inverse(X7),multiply(inverse(X6),inverse(X4))),X0) = multiply(multiply(multiply(inverse(X7),inverse(X6)),inverse(X4)),X0) [forward demodulation 54255,41639]
54906. multiply(multiply(inverse(X3),multiply(inverse(X4),inverse(X5))),multiply(X0,X9)) = multiply(inverse(multiply(inverse(multiply(inverse(X5),inverse(inverse(X0)))),multiply(X4,X3))),X9) [forward demodulation 54256,39439]
54993. multiply(multiply(multiply(inverse(inverse(X8)),inverse(multiply(multiply(X3,inverse(multiply(X9,X0))),X9))),X3),inverse(X0)) = X8 [forward demodulation 54354,47871]
55041. multiply(multiply(inverse(inverse(inverse(inverse(X4)))),inverse(X4)),X8) = X8 [forward demodulation 54407,47182]
55099. inverse(multiply(inverse(multiply(X14,multiply(X15,multiply(multiply(inverse(X15),inverse(multiply(X12,X14))),X0)))),multiply(X11,X9))) = multiply(inverse(multiply(X1,multiply(X2,multiply(multiply(inverse(X2),inverse(multiply(X3,X1))),multiply(inverse(X4),inverse(X5)))))),inverse(multiply(multiply(multiply(inverse(X0),inverse(multiply(inverse(X9),inverse(inverse(multiply(inverse(X11),inverse(X12))))))),X5),multiply(X4,X3)))) [forward demodulation 54473,39368]
55100. inverse(multiply(multiply(X13,multiply(multiply(inverse(X13),inverse(multiply(X11,X0))),inverse(X14))),multiply(X14,X9))) = multiply(inverse(multiply(X1,multiply(X2,multiply(multiply(inverse(X2),inverse(multiply(X3,X1))),multiply(inverse(X4),inverse(X5)))))),inverse(multiply(multiply(multiply(inverse(X0),inverse(multiply(inverse(X9),inverse(inverse(X11))))),X5),multiply(X4,X3)))) [forward demodulation 54474,39439]
55108. multiply(inverse(X7),inverse(inverse(X0))) = multiply(inverse(inverse(inverse(multiply(multiply(inverse(inverse(X1)),inverse(multiply(X3,X1))),multiply(inverse(X4),inverse(X5)))))),inverse(multiply(multiply(multiply(inverse(X0),X7),X5),multiply(X4,X3)))) [forward demodulation 54482,35737]
55409. inverse(multiply(X7,multiply(X8,multiply(multiply(inverse(X8),inverse(multiply(X9,X7))),multiply(inverse(X10),inverse(X11)))))) = inverse(multiply(inverse(multiply(multiply(inverse(X0),X11),multiply(X10,X9))),multiply(X5,multiply(inverse(inverse(multiply(multiply(inverse(inverse(X3)),inverse(multiply(X5,X3))),X6))),multiply(inverse(X6),inverse(X0)))))) [forward demodulation 54812,35737]
55421. inverse(multiply(X8,multiply(X9,multiply(multiply(inverse(X9),inverse(multiply(X10,X8))),multiply(inverse(X11),inverse(X12)))))) = multiply(inverse(multiply(inverse(X11),inverse(multiply(X0,multiply(inverse(X0),X12))))),X10) [forward demodulation 54824,47958]
55437. inverse(multiply(inverse(multiply(multiply(X12,multiply(multiply(inverse(X12),inverse(multiply(X13,X10))),inverse(X14))),multiply(X14,multiply(X13,X0)))),multiply(X9,X8))) = multiply(multiply(multiply(X6,multiply(X7,multiply(multiply(inverse(X7),inverse(multiply(X8,X6))),multiply(inverse(X9),inverse(X10))))),inverse(inverse(X3))),multiply(X1,multiply(X2,multiply(multiply(inverse(X2),inverse(multiply(X3,X1))),X0)))) [forward demodulation 54841,32550]
55492. inverse(multiply(X4,multiply(X5,multiply(multiply(inverse(X5),inverse(multiply(X6,X4))),multiply(inverse(X7),inverse(X8)))))) = multiply(X0,inverse(inverse(multiply(multiply(inverse(X0),X8),multiply(X7,X6))))) [forward demodulation 54899,52199]
55497. multiply(multiply(inverse(X3),multiply(inverse(X4),inverse(X5))),multiply(X0,X9)) = multiply(inverse(multiply(multiply(inverse(X0),inverse(inverse(X5))),multiply(X4,X3))),X9) [forward demodulation 54906,47748]
55573. multiply(inverse(multiply(inverse(X0),inverse(inverse(inverse(X8))))),inverse(X0)) = X8 [forward demodulation 54993,40554]
55614. multiply(multiply(X4,inverse(X4)),X8) = X8 [forward demodulation 55041,41433]
55666. inverse(multiply(inverse(multiply(X14,multiply(X15,multiply(multiply(inverse(X15),inverse(multiply(X12,X14))),X0)))),multiply(X11,X9))) = multiply(inverse(multiply(X1,multiply(X2,multiply(multiply(inverse(X2),inverse(multiply(X3,X1))),multiply(inverse(X4),inverse(X5)))))),inverse(multiply(multiply(multiply(inverse(X0),multiply(inverse(multiply(inverse(X11),inverse(X12))),inverse(inverse(X9)))),X5),multiply(X4,X3)))) [forward demodulation 55099,47748]
55667. inverse(multiply(multiply(X13,multiply(multiply(inverse(X13),inverse(multiply(X11,X0))),inverse(X14))),multiply(X14,X9))) = multiply(inverse(multiply(X1,multiply(X2,multiply(multiply(inverse(X2),inverse(multiply(X3,X1))),multiply(inverse(X4),inverse(X5)))))),inverse(multiply(multiply(multiply(inverse(X0),multiply(inverse(X11),inverse(inverse(X9)))),X5),multiply(X4,X3)))) [forward demodulation 55100,47748]
55675. multiply(inverse(X7),inverse(inverse(X0))) = multiply(inverse(multiply(inverse(X3),inverse(inverse(multiply(inverse(X4),inverse(X5)))))),inverse(multiply(multiply(multiply(inverse(X0),X7),X5),multiply(X4,X3)))) [forward demodulation 55108,36216]
55935. inverse(multiply(X7,multiply(X8,multiply(multiply(inverse(X8),inverse(multiply(X9,X7))),multiply(inverse(X10),inverse(X11)))))) = inverse(multiply(inverse(multiply(multiply(inverse(X0),X11),multiply(X10,X9))),multiply(X5,multiply(multiply(inverse(X5),inverse(inverse(X6))),multiply(inverse(X6),inverse(X0)))))) [forward demodulation 55409,47820]
55946. inverse(multiply(X8,multiply(X9,multiply(multiply(inverse(X9),inverse(multiply(X10,X8))),multiply(inverse(X11),inverse(X12)))))) = multiply(inverse(multiply(inverse(X11),inverse(inverse(inverse(X12))))),X10) [forward demodulation 55421,32929]
55960. inverse(multiply(inverse(multiply(multiply(X12,multiply(multiply(inverse(X12),inverse(multiply(X13,X10))),inverse(X14))),multiply(X14,multiply(X13,X0)))),multiply(X9,X8))) = multiply(multiply(multiply(multiply(X6,multiply(X7,multiply(multiply(inverse(X7),inverse(multiply(X8,X6))),multiply(inverse(X9),inverse(X10))))),inverse(inverse(X3))),inverse(X3)),X0) [forward demodulation 55437,32548]
56008. inverse(inverse(inverse(multiply(multiply(inverse(inverse(X4)),inverse(multiply(X6,X4))),multiply(inverse(X7),inverse(X8)))))) = multiply(X0,inverse(inverse(multiply(multiply(inverse(X0),X8),multiply(X7,X6))))) [forward demodulation 55492,35737]
56013. multiply(multiply(inverse(X3),multiply(inverse(X4),inverse(X5))),multiply(X0,X9)) = multiply(inverse(multiply(multiply(inverse(X0),X5),multiply(X4,X3))),X9) [forward demodulation 55497,47958]
56084. inverse(inverse(X8)) = X8 [forward demodulation 55573,54252]
56163. inverse(multiply(inverse(multiply(X14,multiply(X15,multiply(multiply(inverse(X15),inverse(multiply(X12,X14))),X0)))),multiply(X11,X9))) = multiply(inverse(multiply(X1,multiply(X2,multiply(multiply(inverse(X2),inverse(multiply(X3,X1))),multiply(inverse(X4),inverse(X5)))))),inverse(multiply(multiply(multiply(inverse(X0),multiply(inverse(multiply(inverse(X11),inverse(X12))),X9)),X5),multiply(X4,X3)))) [forward demodulation 55666,47958]
56164. inverse(multiply(multiply(X13,multiply(multiply(inverse(X13),inverse(multiply(X11,X0))),inverse(X14))),multiply(X14,X9))) = multiply(inverse(multiply(X1,multiply(X2,multiply(multiply(inverse(X2),inverse(multiply(X3,X1))),multiply(inverse(X4),inverse(X5)))))),inverse(multiply(multiply(multiply(inverse(X0),multiply(inverse(X11),X9)),X5),multiply(X4,X3)))) [forward demodulation 55667,47958]
56172. multiply(inverse(X7),inverse(inverse(X0))) = multiply(multiply(inverse(multiply(inverse(X4),inverse(X5))),inverse(inverse(X3))),inverse(multiply(multiply(multiply(inverse(X0),X7),X5),multiply(X4,X3)))) [forward demodulation 55675,47748]
56370. inverse(multiply(X7,multiply(X8,multiply(multiply(inverse(X8),inverse(multiply(X9,X7))),multiply(inverse(X10),inverse(X11)))))) = inverse(inverse(inverse(multiply(multiply(inverse(inverse(inverse(multiply(multiply(inverse(X0),X11),multiply(X10,X9))))),inverse(inverse(X6))),multiply(inverse(X6),inverse(X0)))))) [forward demodulation 55935,35737]
56381. inverse(multiply(X8,multiply(X9,multiply(multiply(inverse(X9),inverse(multiply(X10,X8))),multiply(inverse(X11),inverse(X12)))))) = multiply(multiply(inverse(inverse(X12)),inverse(inverse(X11))),X10) [forward demodulation 55946,47748]
56392. inverse(multiply(inverse(multiply(multiply(X12,multiply(multiply(inverse(X12),inverse(multiply(X13,X10))),inverse(X14))),multiply(X14,multiply(X13,X0)))),multiply(X9,X8))) = multiply(multiply(multiply(inverse(inverse(multiply(multiply(inverse(inverse(X6)),inverse(multiply(X8,X6))),multiply(inverse(X9),inverse(X10))))),inverse(inverse(X3))),inverse(X3)),X0) [forward demodulation 55960,35737]
56435. inverse(multiply(inverse(X6),inverse(inverse(multiply(inverse(X7),inverse(X8)))))) = multiply(X0,inverse(inverse(multiply(multiply(inverse(X0),X8),multiply(X7,X6))))) [forward demodulation 56008,36216]
56573. inverse(multiply(inverse(multiply(X14,multiply(X15,multiply(multiply(inverse(X15),inverse(multiply(X12,X14))),X0)))),multiply(X11,X9))) = multiply(inverse(inverse(inverse(multiply(multiply(inverse(inverse(X1)),inverse(multiply(X3,X1))),multiply(inverse(X4),inverse(X5)))))),inverse(multiply(multiply(multiply(inverse(X0),multiply(inverse(multiply(inverse(X11),inverse(X12))),X9)),X5),multiply(X4,X3)))) [forward demodulation 56163,35737]
56574. inverse(multiply(multiply(X13,multiply(multiply(inverse(X13),inverse(multiply(X11,X0))),inverse(X14))),multiply(X14,X9))) = multiply(inverse(inverse(inverse(multiply(multiply(inverse(inverse(X1)),inverse(multiply(X3,X1))),multiply(inverse(X4),inverse(X5)))))),inverse(multiply(multiply(multiply(inverse(X0),multiply(inverse(X11),X9)),X5),multiply(X4,X3)))) [forward demodulation 56164,35737]
56582. multiply(inverse(X7),inverse(inverse(X0))) = inverse(multiply(multiply(multiply(inverse(X0),X7),X5),multiply(multiply(X4,X3),multiply(inverse(X3),multiply(inverse(X4),inverse(X5)))))) [forward demodulation 56172,53818]
56764. inverse(multiply(X7,multiply(X8,multiply(multiply(inverse(X8),inverse(multiply(X9,X7))),multiply(inverse(X10),inverse(X11)))))) = multiply(multiply(inverse(inverse(X0)),multiply(inverse(inverse(X6)),inverse(inverse(inverse(X6))))),inverse(inverse(multiply(multiply(inverse(X0),X11),multiply(X10,X9))))) [forward demodulation 56370,53563]
56774. inverse(multiply(X8,multiply(X9,multiply(multiply(inverse(X9),inverse(multiply(X10,X8))),multiply(inverse(X11),inverse(X12)))))) = multiply(multiply(inverse(inverse(X12)),X11),X10) [forward demodulation 56381,47958]
56785. inverse(multiply(inverse(multiply(multiply(X12,multiply(multiply(inverse(X12),inverse(multiply(X13,X10))),inverse(X14))),multiply(X14,multiply(X13,X0)))),multiply(X9,X8))) = multiply(multiply(inverse(inverse(multiply(multiply(inverse(inverse(X6)),inverse(multiply(X8,X6))),multiply(inverse(X9),inverse(X10))))),multiply(inverse(inverse(X3)),inverse(X3))),X0) [forward demodulation 56392,54905]
56825. inverse(multiply(inverse(X6),inverse(inverse(multiply(inverse(X7),inverse(X8)))))) = multiply(X0,multiply(multiply(inverse(X0),X8),multiply(X7,X6))) [forward demodulation 56435,56084]
56930. inverse(multiply(inverse(multiply(X14,multiply(X15,multiply(multiply(inverse(X15),inverse(multiply(X12,X14))),X0)))),multiply(X11,X9))) = multiply(inverse(multiply(inverse(X3),inverse(inverse(multiply(inverse(X4),inverse(X5)))))),inverse(multiply(multiply(multiply(inverse(X0),multiply(inverse(multiply(inverse(X11),inverse(X12))),X9)),X5),multiply(X4,X3)))) [forward demodulation 56573,36216]
56931. inverse(multiply(multiply(X13,multiply(multiply(inverse(X13),inverse(multiply(X11,X0))),inverse(X14))),multiply(X14,X9))) = multiply(inverse(multiply(inverse(X3),inverse(inverse(multiply(inverse(X4),inverse(X5)))))),inverse(multiply(multiply(multiply(inverse(X0),multiply(inverse(X11),X9)),X5),multiply(X4,X3)))) [forward demodulation 56574,36216]
56939. multiply(inverse(X7),X0) = inverse(multiply(multiply(multiply(inverse(X0),X7),X5),multiply(multiply(X4,X3),multiply(inverse(X3),multiply(inverse(X4),inverse(X5)))))) [forward demodulation 56582,47958]
57086. inverse(multiply(X7,multiply(X8,multiply(multiply(inverse(X8),inverse(multiply(X9,X7))),multiply(inverse(X10),inverse(X11)))))) = multiply(multiply(inverse(inverse(X0)),multiply(inverse(inverse(X6)),inverse(inverse(inverse(X6))))),multiply(multiply(inverse(X0),X11),multiply(X10,X9))) [forward demodulation 56764,56084]
57096. inverse(multiply(X8,multiply(X9,multiply(multiply(inverse(X9),inverse(multiply(X10,X8))),multiply(inverse(X11),inverse(X12)))))) = multiply(multiply(X12,X11),X10) [forward demodulation 56774,56084]
57107. inverse(multiply(inverse(multiply(multiply(X12,multiply(multiply(inverse(X12),inverse(multiply(X13,X10))),inverse(X14))),multiply(X14,multiply(X13,X0)))),multiply(X9,X8))) = multiply(multiply(inverse(inverse(multiply(multiply(inverse(inverse(X6)),inverse(multiply(X8,X6))),multiply(inverse(X9),inverse(X10))))),multiply(X3,inverse(X3))),X0) [forward demodulation 56785,56084]
57143. multiply(inverse(multiply(inverse(X7),inverse(X8))),inverse(inverse(X6))) = multiply(X0,multiply(multiply(inverse(X0),X8),multiply(X7,X6))) [forward demodulation 56825,47748]
57231. inverse(multiply(inverse(multiply(X14,multiply(X15,multiply(multiply(inverse(X15),inverse(multiply(X12,X14))),X0)))),multiply(X11,X9))) = multiply(multiply(inverse(multiply(inverse(X4),inverse(X5))),inverse(inverse(X3))),inverse(multiply(multiply(multiply(inverse(X0),multiply(inverse(multiply(inverse(X11),inverse(X12))),X9)),X5),multiply(X4,X3)))) [forward demodulation 56930,47748]
57232. inverse(multiply(multiply(X13,multiply(multiply(inverse(X13),inverse(multiply(X11,X0))),inverse(X14))),multiply(X14,X9))) = multiply(multiply(inverse(multiply(inverse(X4),inverse(X5))),inverse(inverse(X3))),inverse(multiply(multiply(multiply(inverse(X0),multiply(inverse(X11),X9)),X5),multiply(X4,X3)))) [forward demodulation 56931,47748]
57374. inverse(multiply(X7,multiply(X8,multiply(multiply(inverse(X8),inverse(multiply(X9,X7))),multiply(inverse(X10),inverse(X11)))))) = multiply(inverse(multiply(multiply(inverse(multiply(inverse(X0),X11)),inverse(inverse(X6))),multiply(inverse(X6),inverse(X0)))),multiply(X10,X9)) [forward demodulation 57086,56013]
57383. inverse(inverse(inverse(multiply(multiply(inverse(inverse(X8)),inverse(multiply(X10,X8))),multiply(inverse(X11),inverse(X12)))))) = multiply(multiply(X12,X11),X10) [forward demodulation 57096,35737]
57394. inverse(multiply(inverse(multiply(multiply(X12,multiply(multiply(inverse(X12),inverse(multiply(X13,X10))),inverse(X14))),multiply(X14,multiply(X13,X0)))),multiply(X9,X8))) = multiply(inverse(inverse(inverse(inverse(inverse(inverse(multiply(multiply(inverse(inverse(X6)),inverse(multiply(X8,X6))),multiply(inverse(X9),inverse(X10))))))))),X0) [forward demodulation 57107,35727]
57429. multiply(inverse(multiply(inverse(X7),inverse(X8))),X6) = multiply(X0,multiply(multiply(inverse(X0),X8),multiply(X7,X6))) [forward demodulation 57143,47958]
57506. inverse(multiply(inverse(multiply(X14,multiply(X15,multiply(multiply(inverse(X15),inverse(multiply(X12,X14))),X0)))),multiply(X11,X9))) = inverse(multiply(multiply(multiply(inverse(X0),multiply(inverse(multiply(inverse(X11),inverse(X12))),X9)),X5),multiply(multiply(X4,X3),multiply(inverse(X3),multiply(inverse(X4),inverse(X5)))))) [forward demodulation 57231,53818]
57507. inverse(multiply(multiply(X13,multiply(multiply(inverse(X13),inverse(multiply(X11,X0))),inverse(X14))),multiply(X14,X9))) = inverse(multiply(multiply(multiply(inverse(X0),multiply(inverse(X11),X9)),X5),multiply(multiply(X4,X3),multiply(inverse(X3),multiply(inverse(X4),inverse(X5)))))) [forward demodulation 57232,53818]
57634. inverse(multiply(X7,multiply(X8,multiply(multiply(inverse(X8),inverse(multiply(X9,X7))),multiply(inverse(X10),inverse(X11)))))) = multiply(inverse(multiply(multiply(inverse(multiply(inverse(X0),X11)),X6),multiply(inverse(X6),inverse(X0)))),multiply(X10,X9)) [forward demodulation 57374,47958]
57640. inverse(multiply(inverse(X10),inverse(inverse(multiply(inverse(X11),inverse(X12)))))) = multiply(multiply(X12,X11),X10) [forward demodulation 57383,36216]
57651. inverse(multiply(inverse(multiply(multiply(X12,multiply(multiply(inverse(X12),inverse(multiply(X13,X10))),inverse(X14))),multiply(X14,multiply(X13,X0)))),multiply(X9,X8))) = multiply(inverse(inverse(multiply(multiply(inverse(inverse(X6)),inverse(multiply(X8,X6))),multiply(inverse(X9),inverse(X10))))),X0) [forward demodulation 57394,41433]
57739. inverse(multiply(inverse(multiply(X14,multiply(X15,multiply(multiply(inverse(X15),inverse(multiply(X12,X14))),X0)))),multiply(X11,X9))) = multiply(inverse(multiply(inverse(multiply(inverse(X11),inverse(X12))),X9)),X0) [forward demodulation 57506,56939]
57740. inverse(multiply(multiply(X13,multiply(multiply(inverse(X13),inverse(multiply(X11,X0))),inverse(X14))),multiply(X14,X9))) = multiply(inverse(multiply(inverse(X11),X9)),X0) [forward demodulation 57507,56939]
57845. inverse(inverse(inverse(multiply(multiply(inverse(inverse(X7)),inverse(multiply(X9,X7))),multiply(inverse(X10),inverse(X11)))))) = multiply(inverse(multiply(multiply(inverse(multiply(inverse(X0),X11)),X6),multiply(inverse(X6),inverse(X0)))),multiply(X10,X9)) [forward demodulation 57634,35737]
57850. multiply(inverse(multiply(inverse(X11),inverse(X12))),inverse(inverse(X10))) = multiply(multiply(X12,X11),X10) [forward demodulation 57640,47748]
57861. inverse(multiply(inverse(multiply(multiply(X12,multiply(multiply(inverse(X12),inverse(multiply(X13,X10))),inverse(X14))),multiply(X14,multiply(X13,X0)))),multiply(X9,X8))) = multiply(multiply(inverse(X8),inverse(inverse(multiply(inverse(X9),inverse(X10))))),X0) [forward demodulation 57651,47820]
57931. multiply(inverse(multiply(inverse(multiply(inverse(X11),inverse(X12))),X9)),X0) = inverse(multiply(inverse(inverse(inverse(multiply(multiply(inverse(inverse(X14)),inverse(multiply(X12,X14))),X0)))),multiply(X11,X9))) [forward demodulation 57739,35737]
57932. multiply(inverse(multiply(inverse(X11),X9)),X0) = inverse(multiply(inverse(inverse(multiply(inverse(multiply(X11,X0)),inverse(inverse(inverse(X14)))))),multiply(X14,X9))) [forward demodulation 57740,36267]
58015. inverse(multiply(inverse(X9),inverse(inverse(multiply(inverse(X10),inverse(X11)))))) = multiply(inverse(multiply(multiply(inverse(multiply(inverse(X0),X11)),X6),multiply(inverse(X6),inverse(X0)))),multiply(X10,X9)) [forward demodulation 57845,36216]
58018. multiply(inverse(multiply(inverse(X11),inverse(X12))),X10) = multiply(multiply(X12,X11),X10) [forward demodulation 57850,47958]
58026. inverse(multiply(inverse(multiply(multiply(X12,multiply(multiply(inverse(X12),inverse(multiply(X13,X10))),inverse(X14))),multiply(X14,multiply(X13,X0)))),multiply(X9,X8))) = multiply(multiply(inverse(X8),multiply(inverse(X9),inverse(X10))),X0) [forward demodulation 57861,47958]
58078. multiply(inverse(multiply(inverse(multiply(inverse(X11),inverse(X12))),X9)),X0) = inverse(multiply(inverse(multiply(inverse(X12),inverse(inverse(X0)))),multiply(X11,X9))) [forward demodulation 57931,36216]
58079. multiply(inverse(multiply(inverse(X11),X9)),X0) = inverse(inverse(multiply(inverse(X9),inverse(inverse(multiply(X11,X0)))))) [forward demodulation 57932,47152]
58146. multiply(inverse(multiply(inverse(X10),inverse(X11))),inverse(inverse(X9))) = multiply(inverse(multiply(multiply(inverse(multiply(inverse(X0),X11)),X6),multiply(inverse(X6),inverse(X0)))),multiply(X10,X9)) [forward demodulation 58015,47748]
58154. inverse(multiply(multiply(multiply(inverse(X0),inverse(multiply(multiply(inverse(X12),inverse(multiply(X13,X10))),X13))),inverse(X12)),multiply(X9,X8))) = multiply(multiply(inverse(X8),multiply(inverse(X9),inverse(X10))),X0) [forward demodulation 58026,689]
58202. multiply(inverse(multiply(inverse(multiply(inverse(X11),inverse(X12))),X9)),X0) = inverse(multiply(multiply(inverse(X0),X12),multiply(X11,X9))) [forward demodulation 58078,58018]
58203. multiply(inverse(multiply(inverse(X11),X9)),X0) = multiply(inverse(X9),inverse(inverse(multiply(X11,X0)))) [forward demodulation 58079,56084]
58254. multiply(inverse(multiply(multiply(inverse(multiply(inverse(X0),X11)),X6),multiply(inverse(X6),inverse(X0)))),multiply(X10,X9)) = multiply(multiply(X11,X10),inverse(inverse(X9))) [forward demodulation 58146,58018]
58259. multiply(multiply(inverse(X8),multiply(inverse(X9),inverse(X10))),X0) = inverse(multiply(multiply(inverse(X0),multiply(inverse(multiply(multiply(inverse(X12),inverse(multiply(X13,X10))),X13)),inverse(X12))),multiply(X9,X8))) [forward demodulation 58154,54905]
58295. inverse(multiply(multiply(inverse(X0),X12),multiply(X11,X9))) = multiply(inverse(multiply(multiply(X12,X11),X9)),X0) [forward demodulation 58202,58018]
58296. multiply(inverse(multiply(inverse(X11),X9)),X0) = multiply(inverse(X9),multiply(X11,X0)) [forward demodulation 58203,47958]
58333. multiply(inverse(multiply(multiply(inverse(multiply(inverse(X0),X11)),X6),multiply(inverse(X6),inverse(X0)))),multiply(X10,X9)) = multiply(multiply(X11,X10),X9) [forward demodulation 58254,56084]
58337. multiply(multiply(inverse(X8),multiply(inverse(X9),inverse(X10))),X0) = inverse(multiply(inverse(multiply(multiply(inverse(X9),X12),multiply(multiply(multiply(inverse(X12),inverse(multiply(X13,X10))),X13),X0))),X8)) [forward demodulation 58259,56013]
58390. multiply(multiply(X11,X10),X9) = multiply(multiply(inverse(multiply(multiply(X6,inverse(X6)),inverse(X0))),multiply(inverse(X0),X11)),multiply(X10,X9)) [forward demodulation 58333,58295]
58394. multiply(multiply(inverse(X8),multiply(inverse(X9),inverse(X10))),X0) = inverse(multiply(multiply(inverse(multiply(multiply(X12,multiply(multiply(inverse(X12),inverse(multiply(X13,X10))),X13)),X0)),X9),X8)) [forward demodulation 58337,58295]
58441. multiply(multiply(X11,X10),X9) = multiply(multiply(inverse(inverse(X0)),multiply(inverse(X0),X11)),multiply(X10,X9)) [forward demodulation 58390,55614]
58444. multiply(multiply(inverse(X8),multiply(inverse(X9),inverse(X10))),X0) = inverse(multiply(multiply(inverse(multiply(inverse(X10),X0)),X9),X8)) [forward demodulation 58394,27939]
58485. multiply(X11,multiply(X10,X9)) = multiply(multiply(X11,X10),X9) [forward demodulation 58441,52199]
58488. multiply(multiply(inverse(X8),multiply(inverse(X9),inverse(X10))),X0) = inverse(multiply(multiply(inverse(X0),multiply(X10,X9)),X8)) [forward demodulation 58444,58296]
58521. multiply(multiply(inverse(X8),multiply(inverse(X9),inverse(X10))),X0) = inverse(multiply(inverse(X0),multiply(multiply(X10,X9),X8))) [forward demodulation 58488,58485]
58550. multiply(multiply(inverse(X8),multiply(inverse(X9),inverse(X10))),X0) = inverse(multiply(inverse(X0),multiply(X10,multiply(X9,X8)))) [forward demodulation 58521,58485]
58577. inverse(multiply(inverse(X0),multiply(X10,multiply(X9,X8)))) = multiply(inverse(X8),multiply(multiply(inverse(X9),inverse(X10)),X0)) [forward demodulation 58550,58485]
58602. inverse(multiply(inverse(X0),multiply(X10,multiply(X9,X8)))) = multiply(inverse(X8),multiply(inverse(X9),multiply(inverse(X10),X0))) [forward demodulation 58577,58485]
58836. inverse(X0) = multiply(inverse(multiply(X1,X0)),inverse(inverse(X1))) [superposition 56084,38893]
58852. inverse(multiply(X1,multiply(X2,multiply(multiply(inverse(X2),inverse(multiply(X3,X1))),X4)))) = multiply(X5,inverse(multiply(multiply(inverse(X0),multiply(multiply(X0,inverse(X3)),inverse(X6))),multiply(X6,multiply(X4,X5))))) [superposition 19,56084]
58854. multiply(X4,inverse(multiply(multiply(X5,multiply(multiply(inverse(X5),inverse(X2)),inverse(X6))),multiply(X6,multiply(X3,X4))))) = inverse(multiply(X1,multiply(inverse(X0),multiply(multiply(X0,inverse(multiply(X2,X1))),X3)))) [superposition 19,56084]
58858. multiply(X5,inverse(multiply(multiply(X6,multiply(multiply(inverse(X6),inverse(X2)),inverse(X7))),multiply(X7,multiply(X4,X5))))) = inverse(multiply(multiply(inverse(X0),multiply(multiply(X0,inverse(multiply(X1,X2))),inverse(X3))),multiply(X3,multiply(X1,X4)))) [superposition 20,56084]
58882. multiply(X1,multiply(multiply(inverse(X1),inverse(multiply(X2,X3))),inverse(X4))) = multiply(X5,inverse(multiply(multiply(X4,multiply(X2,X0)),multiply(inverse(X0),multiply(X3,X5))))) [superposition 28,56084]
59035. multiply(multiply(X1,inverse(multiply(X2,X0))),X2) = multiply(X1,inverse(X0)) [superposition 27938,56084]
59041. multiply(X1,inverse(X0)) = multiply(X1,multiply(inverse(multiply(X2,X0)),X2)) [forward demodulation 59035,58485]
59181. multiply(X1,multiply(multiply(inverse(X1),inverse(multiply(X2,X3))),inverse(X4))) = multiply(X5,inverse(multiply(X4,multiply(multiply(X2,X0),multiply(inverse(X0),multiply(X3,X5)))))) [forward demodulation 58882,58485]
59205. multiply(X5,inverse(multiply(multiply(X6,multiply(multiply(inverse(X6),inverse(X2)),inverse(X7))),multiply(X7,multiply(X4,X5))))) = multiply(multiply(inverse(X4),inverse(multiply(multiply(X0,inverse(multiply(X1,X2))),X1))),inverse(inverse(X0))) [forward demodulation 58858,689]
59209. multiply(X4,inverse(multiply(multiply(X5,multiply(multiply(inverse(X5),inverse(X2)),inverse(X6))),multiply(X6,multiply(X3,X4))))) = inverse(multiply(X1,multiply(inverse(X0),multiply(X0,multiply(inverse(multiply(X2,X1)),X3))))) [forward demodulation 58854,58485]
59211. inverse(multiply(X1,multiply(X2,multiply(multiply(inverse(X2),inverse(multiply(X3,X1))),X4)))) = multiply(X5,multiply(multiply(inverse(X5),inverse(multiply(multiply(X0,inverse(X3)),X4))),inverse(inverse(X0)))) [forward demodulation 58852,689]
59221. inverse(X0) = multiply(inverse(multiply(X1,X0)),X1) [forward demodulation 58836,47958]
59360. multiply(X1,multiply(multiply(inverse(X1),inverse(multiply(X2,X3))),inverse(X4))) = multiply(X5,inverse(multiply(X4,multiply(X2,multiply(X0,multiply(inverse(X0),multiply(X3,X5))))))) [forward demodulation 59181,58485]
59384. multiply(X5,inverse(multiply(multiply(X6,multiply(multiply(inverse(X6),inverse(X2)),inverse(X7))),multiply(X7,multiply(X4,X5))))) = multiply(inverse(X4),multiply(inverse(multiply(multiply(X0,inverse(multiply(X1,X2))),X1)),inverse(inverse(X0)))) [forward demodulation 59205,58485]
59388. multiply(X4,inverse(multiply(multiply(X5,multiply(multiply(inverse(X5),inverse(X2)),inverse(X6))),multiply(X6,multiply(X3,X4))))) = inverse(multiply(X1,multiply(inverse(multiply(X2,X1)),X3))) [forward demodulation 59209,52199]
59390. inverse(multiply(X1,multiply(X2,multiply(multiply(inverse(X2),inverse(multiply(X3,X1))),X4)))) = inverse(inverse(multiply(inverse(multiply(multiply(X0,inverse(X3)),X4)),inverse(inverse(inverse(inverse(X0))))))) [forward demodulation 59211,36267]
59533. multiply(X1,multiply(multiply(inverse(X1),inverse(multiply(X2,X3))),inverse(X4))) = multiply(X5,inverse(multiply(X4,multiply(X2,inverse(inverse(multiply(X3,X5))))))) [forward demodulation 59360,32929]
59557. multiply(X5,inverse(multiply(multiply(X6,multiply(multiply(inverse(X6),inverse(X2)),inverse(X7))),multiply(X7,multiply(X4,X5))))) = multiply(inverse(X4),multiply(inverse(multiply(multiply(X0,inverse(multiply(X1,X2))),X1)),X0)) [forward demodulation 59384,47958]
59561. multiply(X4,multiply(multiply(inverse(X4),inverse(multiply(multiply(inverse(X5),inverse(X2)),X3))),inverse(X5))) = inverse(multiply(X1,multiply(inverse(multiply(X2,X1)),X3))) [forward demodulation 59388,689]
59563. inverse(multiply(X1,multiply(X2,multiply(multiply(inverse(X2),inverse(multiply(X3,X1))),X4)))) = multiply(inverse(multiply(multiply(X0,inverse(X3)),X4)),inverse(inverse(inverse(inverse(X0))))) [forward demodulation 59390,56084]
59696. multiply(X1,multiply(multiply(inverse(X1),inverse(multiply(X2,X3))),inverse(X4))) = multiply(X5,inverse(multiply(X4,multiply(X2,multiply(X3,X5))))) [forward demodulation 59533,56084]
59719. multiply(X5,inverse(multiply(multiply(X6,multiply(multiply(inverse(X6),inverse(X2)),inverse(X7))),multiply(X7,multiply(X4,X5))))) = multiply(inverse(X4),multiply(inverse(multiply(X0,inverse(inverse(inverse(X2))))),X0)) [forward demodulation 59557,47370]
59723. inverse(multiply(inverse(X2),inverse(inverse(X3)))) = inverse(multiply(X1,multiply(inverse(multiply(X2,X1)),X3))) [forward demodulation 59561,35567]
59725. inverse(multiply(X1,multiply(X2,multiply(multiply(inverse(X2),inverse(multiply(X3,X1))),X4)))) = multiply(inverse(multiply(multiply(X0,inverse(X3)),X4)),inverse(inverse(X0))) [forward demodulation 59563,47958]
59846. inverse(inverse(multiply(inverse(multiply(X2,X3)),inverse(inverse(inverse(X4)))))) = multiply(X5,inverse(multiply(X4,multiply(X2,multiply(X3,X5))))) [forward demodulation 59696,36267]
59868. multiply(X5,inverse(multiply(multiply(X6,multiply(multiply(inverse(X6),inverse(X2)),inverse(X7))),multiply(X7,multiply(X4,X5))))) = multiply(inverse(X4),inverse(inverse(inverse(inverse(X2))))) [forward demodulation 59719,59041]
59872. multiply(inverse(X3),inverse(inverse(X2))) = inverse(multiply(X1,multiply(inverse(multiply(X2,X1)),X3))) [forward demodulation 59723,47748]
59874. inverse(multiply(X1,multiply(X2,multiply(multiply(inverse(X2),inverse(multiply(X3,X1))),X4)))) = multiply(inverse(multiply(multiply(X0,inverse(X3)),X4)),X0) [forward demodulation 59725,47958]
59985. multiply(inverse(multiply(X2,X3)),inverse(inverse(inverse(X4)))) = multiply(X5,inverse(multiply(X4,multiply(X2,multiply(X3,X5))))) [forward demodulation 59846,56084]
60006. multiply(X5,inverse(multiply(multiply(X6,multiply(multiply(inverse(X6),inverse(X2)),inverse(X7))),multiply(X7,multiply(X4,X5))))) = multiply(inverse(X4),inverse(inverse(X2))) [forward demodulation 59868,47958]
60010. multiply(inverse(X3),X2) = inverse(multiply(X1,multiply(inverse(multiply(X2,X1)),X3))) [forward demodulation 59872,47958]
60012. inverse(multiply(X1,multiply(X2,multiply(multiply(inverse(X2),inverse(multiply(X3,X1))),X4)))) = multiply(inverse(multiply(X0,multiply(inverse(X3),X4))),X0) [forward demodulation 59874,58485]
60118. multiply(inverse(multiply(X2,X3)),inverse(X4)) = multiply(X5,inverse(multiply(X4,multiply(X2,multiply(X3,X5))))) [forward demodulation 59985,47958]
60138. multiply(X5,inverse(multiply(multiply(X6,multiply(multiply(inverse(X6),inverse(X2)),inverse(X7))),multiply(X7,multiply(X4,X5))))) = multiply(inverse(X4),X2) [forward demodulation 60006,47958]
60141. inverse(multiply(X1,multiply(X2,multiply(multiply(inverse(X2),inverse(multiply(X3,X1))),X4)))) = inverse(multiply(inverse(X3),X4)) [forward demodulation 60012,59221]
60257. multiply(inverse(X4),X2) = multiply(inverse(multiply(X7,X4)),inverse(multiply(X6,multiply(multiply(inverse(X6),inverse(X2)),inverse(X7))))) [forward demodulation 60138,60118]
60260. inverse(multiply(inverse(X3),X4)) = inverse(inverse(inverse(multiply(multiply(inverse(inverse(X1)),inverse(multiply(X3,X1))),X4)))) [forward demodulation 60141,35737]
60371. multiply(inverse(X4),X2) = multiply(inverse(multiply(X7,X4)),inverse(inverse(inverse(multiply(inverse(X2),inverse(inverse(inverse(X7)))))))) [forward demodulation 60257,36267]
60374. inverse(multiply(inverse(X3),X4)) = inverse(multiply(multiply(inverse(inverse(X1)),inverse(multiply(X3,X1))),X4)) [forward demodulation 60260,56084]
60478. multiply(inverse(X4),X2) = multiply(inverse(multiply(X7,X4)),inverse(multiply(inverse(X2),inverse(inverse(inverse(X7)))))) [forward demodulation 60371,47958]
60481. inverse(multiply(inverse(X3),X4)) = inverse(multiply(inverse(inverse(X1)),multiply(inverse(multiply(X3,X1)),X4))) [forward demodulation 60374,58485]
60579. multiply(inverse(X4),X2) = multiply(inverse(multiply(X7,X4)),multiply(inverse(inverse(X7)),inverse(inverse(X2)))) [forward demodulation 60478,47748]
60582. inverse(multiply(inverse(X3),X4)) = inverse(multiply(X1,multiply(inverse(multiply(X3,X1)),X4))) [forward demodulation 60481,56084]
60676. multiply(inverse(X4),X2) = multiply(inverse(multiply(X7,X4)),multiply(inverse(inverse(X7)),X2)) [forward demodulation 60579,47958]
60679. inverse(multiply(inverse(X3),X4)) = multiply(inverse(X4),X3) [forward demodulation 60582,60010]
60763. multiply(inverse(X4),X2) = multiply(inverse(multiply(X7,X4)),multiply(X7,X2)) [forward demodulation 60676,56084]
61359. inverse(multiply(inverse(X1),multiply(X0,multiply(inverse(X0),X1)))) = multiply(inverse(multiply(X3,multiply(X4,multiply(multiply(inverse(X4),inverse(multiply(X5,X3))),X2)))),inverse(multiply(multiply(X6,multiply(multiply(inverse(X6),inverse(X2)),inverse(X7))),multiply(X7,X5)))) [superposition 127,27938]
63485. inverse(multiply(inverse(X1),multiply(X0,multiply(inverse(X0),X1)))) = multiply(inverse(multiply(X3,multiply(X4,multiply(multiply(inverse(X4),inverse(multiply(X5,X3))),X2)))),inverse(multiply(X6,multiply(multiply(multiply(inverse(X6),inverse(X2)),inverse(X7)),multiply(X7,X5))))) [forward demodulation 61359,58485]
64634. inverse(multiply(inverse(X1),multiply(X0,multiply(inverse(X0),X1)))) = multiply(inverse(multiply(X3,multiply(X4,multiply(multiply(inverse(X4),inverse(multiply(X5,X3))),X2)))),inverse(multiply(X6,multiply(multiply(inverse(X6),multiply(inverse(X2),inverse(X7))),multiply(X7,X5))))) [forward demodulation 63485,54905]
65771. inverse(multiply(inverse(X1),multiply(X0,multiply(inverse(X0),X1)))) = multiply(inverse(multiply(X3,multiply(X4,multiply(multiply(inverse(X4),inverse(multiply(X5,X3))),X2)))),inverse(multiply(inverse(multiply(inverse(X7),inverse(multiply(inverse(X2),inverse(X7))))),X5))) [forward demodulation 64634,57429]
66907. inverse(multiply(inverse(X1),multiply(X0,multiply(inverse(X0),X1)))) = multiply(inverse(multiply(X3,multiply(X4,multiply(multiply(inverse(X4),inverse(multiply(X5,X3))),X2)))),multiply(inverse(X5),multiply(inverse(X7),inverse(multiply(inverse(X2),inverse(X7)))))) [forward demodulation 65771,60679]
68042. inverse(multiply(inverse(X1),multiply(X0,multiply(inverse(X0),X1)))) = inverse(multiply(inverse(inverse(multiply(inverse(X2),inverse(X7)))),multiply(X7,multiply(X5,multiply(X3,multiply(X4,multiply(multiply(inverse(X4),inverse(multiply(X5,X3))),X2))))))) [forward demodulation 66907,58602]
69177. inverse(multiply(inverse(X1),multiply(X0,multiply(inverse(X0),X1)))) = multiply(inverse(multiply(X7,multiply(X5,multiply(X3,multiply(X4,multiply(multiply(inverse(X4),inverse(multiply(X5,X3))),X2)))))),inverse(multiply(inverse(X2),inverse(X7)))) [forward demodulation 68042,60679]
70309. inverse(multiply(inverse(X1),multiply(X0,multiply(inverse(X0),X1)))) = multiply(inverse(multiply(X7,multiply(X5,multiply(X3,multiply(X4,multiply(multiply(inverse(X4),inverse(multiply(X5,X3))),X2)))))),multiply(inverse(inverse(X7)),X2)) [forward demodulation 69177,60679]
71433. inverse(multiply(inverse(X1),multiply(X0,multiply(inverse(X0),X1)))) = multiply(inverse(multiply(X7,multiply(X5,multiply(X3,multiply(X4,multiply(multiply(inverse(X4),inverse(multiply(X5,X3))),X2)))))),multiply(X7,X2)) [forward demodulation 70309,56084]
72556. inverse(multiply(inverse(X1),multiply(X0,multiply(inverse(X0),X1)))) = multiply(inverse(multiply(X5,multiply(X3,multiply(X4,multiply(multiply(inverse(X4),inverse(multiply(X5,X3))),X2))))),X2) [forward demodulation 71433,60763]
73679. inverse(multiply(inverse(X1),multiply(X0,multiply(inverse(X0),X1)))) = multiply(inverse(multiply(multiply(X5,inverse(X5)),X2)),X2) [forward demodulation 72556,32548]
74802. inverse(multiply(inverse(X1),multiply(X0,multiply(inverse(X0),X1)))) = multiply(inverse(X2),X2) [forward demodulation 73679,55614]
75920. multiply(inverse(X2),X2) = multiply(inverse(multiply(X0,multiply(inverse(X0),X1))),X1) [forward demodulation 74802,60679]
77030. multiply(inverse(inverse(inverse(X1))),X1) = multiply(inverse(X2),X2) [forward demodulation 75920,32929]
78136. multiply(inverse(X1),X1) = multiply(inverse(X2),X2) [forward demodulation 77030,56084]
239511. multiply(a3,multiply(b3,c3)) != multiply(a3,multiply(b3,c3)) <- (~1) [superposition 6,58485]
239622. $false <- (~1) [trivial inequality removal 239511]
239623. 1 [avatar contradiction clause 239622]
240670. a2 != multiply(inverse(b2),multiply(b2,a2)) <- (~2) [forward demodulation 10,58485]
240671. $false <- (~2) [forward subsumption resolution 240670,52199]
240672. 2 [avatar contradiction clause 240671]
240674. $false <- (~3) [forward subsumption resolution 14,78136]
240675. 3 [avatar contradiction clause 240674]
s1. ~3 | ~2 | ~1 [sat_conversion 15]
s2. 1 [sat_conversion 239623]
s3. 2 [sat_conversion 240672]
s4. 3 [sat_conversion 240675]
s5. # [rat s1,s2,s3,s4]
240676. $false [avatar sat refutation s5]
% SZS output end Proof for GRP060-1_clausified
% ------------------------------
% Version: Vampire 5.0.0 (Release build, commit 2e2c9b7b8 on 2026-01-17 12:24:14 +0100)
% Linked with Z3 4.14.0.0 3c47fd96cf5645d0c42b2c819d9e9a84380aa721 z3-4.8.4-9178-g3c47fd96c
% CaDiCaL version: 2.1.3
% Termination reason: Refutation
% Time elapsed: 3.358 s
% Peak memory usage: 174 MB
% Instructions burned: 15356 (million)
% ------------------------------
% ------------------------------
