% Running in auto input_syntax mode. Trying TPTP
% Refutation found. Thanks to Tanya!
% SZS status Unsatisfiable for GRP102-1
% SZS output start Proof for GRP102-1
1. double_divide(double_divide(X0,double_divide(double_divide(double_divide(X1,X0),X2),double_divide(X1,identity))),double_divide(identity,identity)) = X2 [input(axiom)]
2. multiply(X0,X1) = double_divide(double_divide(X1,X0),identity) [input(axiom)]
3. inverse(X0) = double_divide(X0,identity) [input(axiom)]
4. identity = double_divide(X0,inverse(X0)) [input(axiom)]
5. multiply(inverse(a1),a1) != identity | multiply(identity,a2) != a2 | multiply(multiply(a3,b3),c3) != multiply(a3,multiply(b3,c3)) | multiply(a4,b4) != multiply(b4,a4) [input(negated conjecture)]
6. identity != multiply(inverse(a1),a1) | a2 != multiply(identity,a2) | multiply(multiply(a3,b3),c3) != multiply(a3,multiply(b3,c3)) | multiply(a4,b4) != multiply(b4,a4) [reorient equations 5]
7. identity = double_divide(X0,double_divide(X0,identity)) [definition unfolding 4,3]
8. identity != double_divide(double_divide(a1,double_divide(a1,identity)),identity) | a2 != double_divide(double_divide(a2,identity),identity) | double_divide(double_divide(c3,double_divide(double_divide(b3,a3),identity)),identity) != double_divide(double_divide(double_divide(double_divide(c3,b3),identity),a3),identity) | double_divide(double_divide(b4,a4),identity) != double_divide(double_divide(a4,b4),identity) [definition unfolding 6,2,3,2,2,2,2,2,2,2]
10. 1 <=> double_divide(double_divide(b4,a4),identity) = double_divide(double_divide(a4,b4),identity) [avatar definition]
12. double_divide(double_divide(b4,a4),identity) != double_divide(double_divide(a4,b4),identity) <- (~1) [avatar component clause 10]
14. 2 <=> double_divide(double_divide(c3,double_divide(double_divide(b3,a3),identity)),identity) = double_divide(double_divide(double_divide(double_divide(c3,b3),identity),a3),identity) [avatar definition]
16. double_divide(double_divide(c3,double_divide(double_divide(b3,a3),identity)),identity) != double_divide(double_divide(double_divide(double_divide(c3,b3),identity),a3),identity) <- (~2) [avatar component clause 14]
18. 3 <=> a2 = double_divide(double_divide(a2,identity),identity) [avatar definition]
20. a2 != double_divide(double_divide(a2,identity),identity) <- (~3) [avatar component clause 18]
22. 4 <=> identity = double_divide(double_divide(a1,double_divide(a1,identity)),identity) [avatar definition]
24. identity != double_divide(double_divide(a1,double_divide(a1,identity)),identity) <- (~4) [avatar component clause 22]
25. ~1 | ~2 | ~3 | ~4 [avatar split clause 8,22,18,14,10]
26. double_divide(double_divide(double_divide(X0,identity),double_divide(double_divide(identity,X1),double_divide(X0,identity))),double_divide(identity,identity)) = X1 [superposition 1,7]
27. double_divide(double_divide(double_divide(identity,identity),double_divide(double_divide(X0,X3),double_divide(double_divide(X1,double_divide(double_divide(double_divide(X2,X1),X0),double_divide(X2,identity))),identity))),double_divide(identity,identity)) = X3 [superposition 1,1]
28. double_divide(identity,identity) = double_divide(double_divide(double_divide(double_divide(double_divide(X1,X2),X0),double_divide(X1,identity)),double_divide(X0,double_divide(X2,identity))),double_divide(identity,identity)) [superposition 1,1]
29. double_divide(double_divide(X1,X0),identity) = double_divide(double_divide(X0,double_divide(identity,double_divide(X1,identity))),double_divide(identity,identity)) [superposition 1,7]
30. double_divide(double_divide(double_divide(X2,double_divide(identity,X1)),X0),double_divide(X2,identity)) = double_divide(double_divide(X1,X0),double_divide(identity,identity)) [superposition 1,1]
32. double_divide(double_divide(double_divide(X1,identity),X0),double_divide(X1,identity)) = double_divide(double_divide(double_divide(identity,identity),X0),double_divide(identity,identity)) [superposition 26,1]
33. double_divide(double_divide(double_divide(double_divide(identity,X0),identity),identity),double_divide(identity,identity)) = X0 [superposition 26,7]
40. double_divide(double_divide(identity,X0),identity) = double_divide(double_divide(X0,identity),double_divide(identity,identity)) [superposition 29,7]
41. double_divide(identity,double_divide(X0,identity)) = double_divide(double_divide(X1,double_divide(double_divide(X0,double_divide(identity,X1)),identity)),double_divide(identity,identity)) [superposition 1,29]
47. double_divide(double_divide(identity,double_divide(double_divide(identity,X0),identity)),identity) = X0 [superposition 33,40]
54. double_divide(double_divide(X0,X3),double_divide(double_divide(X1,double_divide(double_divide(double_divide(X2,X1),X0),double_divide(X2,identity))),identity)) = double_divide(double_divide(identity,X3),double_divide(identity,identity)) [superposition 30,1]
56. double_divide(double_divide(double_divide(double_divide(X0,X1),identity),X2),double_divide(double_divide(X1,double_divide(identity,double_divide(X0,identity))),identity)) = double_divide(double_divide(identity,X2),double_divide(identity,identity)) [superposition 30,29]
59. double_divide(double_divide(identity,X2),double_divide(identity,identity)) = double_divide(double_divide(double_divide(double_divide(X0,X1),double_divide(identity,identity)),X2),double_divide(double_divide(double_divide(identity,double_divide(identity,X0)),X1),identity)) [superposition 30,30]
60. double_divide(double_divide(double_divide(X0,X1),identity),double_divide(X1,identity)) = double_divide(double_divide(double_divide(X0,identity),double_divide(identity,identity)),double_divide(identity,identity)) [superposition 30,29]
61. double_divide(double_divide(X1,double_divide(X2,identity)),double_divide(identity,identity)) = double_divide(double_divide(double_divide(X0,double_divide(identity,X1)),double_divide(identity,identity)),double_divide(double_divide(X2,double_divide(identity,X0)),identity)) [superposition 30,30]
66. double_divide(double_divide(double_divide(identity,X0),double_divide(double_divide(X0,X1),double_divide(identity,identity))),double_divide(identity,identity)) = X1 [superposition 1,30]
68. double_divide(double_divide(X0,double_divide(identity,double_divide(X1,identity))),double_divide(identity,identity)) = double_divide(double_divide(X1,double_divide(identity,double_divide(identity,X0))),identity) [superposition 29,30]
70. double_divide(X2,identity) = double_divide(double_divide(X1,double_divide(double_divide(double_divide(X0,X1),double_divide(identity,identity)),double_divide(double_divide(X2,double_divide(identity,X0)),identity))),double_divide(identity,identity)) [superposition 1,30]
73. double_divide(double_divide(X1,X0),identity) = double_divide(double_divide(X1,double_divide(identity,double_divide(identity,X0))),identity) [forward demodulation 68,29]
78. double_divide(double_divide(double_divide(X0,X1),identity),double_divide(X1,identity)) = double_divide(double_divide(double_divide(identity,X0),identity),double_divide(identity,identity)) [forward demodulation 60,40]
79. double_divide(double_divide(double_divide(X0,X1),identity),double_divide(X1,identity)) = double_divide(double_divide(identity,double_divide(identity,X0)),identity) [forward demodulation 78,40]
104. double_divide(identity,identity) = double_divide(double_divide(double_divide(double_divide(double_divide(identity,X0),identity),double_divide(X0,identity)),double_divide(double_divide(identity,identity),double_divide(identity,identity))),double_divide(identity,identity)) [superposition 28,40]
111. double_divide(identity,identity) = double_divide(double_divide(double_divide(double_divide(X0,double_divide(identity,X1)),identity),double_divide(double_divide(identity,double_divide(X0,identity)),double_divide(X1,identity))),double_divide(identity,identity)) [superposition 28,29]
124. double_divide(identity,identity) = double_divide(double_divide(X0,double_divide(double_divide(double_divide(X1,X0),identity),double_divide(X1,identity))),identity) [superposition 29,28]
125. double_divide(double_divide(double_divide(X1,identity),double_divide(identity,identity)),double_divide(identity,identity)) = double_divide(double_divide(identity,identity),double_divide(double_divide(double_divide(double_divide(X0,X1),identity),double_divide(X0,identity)),identity)) [superposition 30,28]
129. double_divide(double_divide(identity,identity),double_divide(double_divide(double_divide(double_divide(X0,X1),identity),double_divide(X0,identity)),identity)) = double_divide(double_divide(double_divide(identity,X1),identity),double_divide(identity,identity)) [forward demodulation 125,40]
135. double_divide(identity,identity) = double_divide(double_divide(double_divide(double_divide(double_divide(identity,X0),identity),double_divide(X0,identity)),double_divide(double_divide(identity,identity),identity)),double_divide(identity,identity)) [forward demodulation 104,40]
144. double_divide(double_divide(identity,identity),double_divide(double_divide(double_divide(double_divide(X0,X1),identity),double_divide(X0,identity)),identity)) = double_divide(double_divide(identity,double_divide(identity,X1)),identity) [forward demodulation 129,40]
145. double_divide(identity,identity) = double_divide(double_divide(double_divide(double_divide(identity,double_divide(identity,identity)),identity),double_divide(double_divide(identity,identity),identity)),double_divide(identity,identity)) [forward demodulation 135,79]
146. double_divide(identity,identity) = double_divide(double_divide(double_divide(identity,double_divide(identity,identity)),identity),double_divide(identity,identity)) [forward demodulation 145,79]
147. double_divide(identity,identity) = double_divide(double_divide(identity,double_divide(identity,double_divide(identity,identity))),identity) [forward demodulation 146,40]
148. double_divide(identity,identity) = double_divide(double_divide(identity,identity),identity) [forward demodulation 147,73]
149. identity = double_divide(double_divide(identity,double_divide(identity,identity)),identity) [superposition 47,148]
158. double_divide(double_divide(X0,double_divide(identity,double_divide(identity,identity))),double_divide(identity,identity)) = double_divide(double_divide(double_divide(identity,identity),X0),identity) [superposition 29,148]
164. double_divide(double_divide(identity,X0),identity) = double_divide(double_divide(double_divide(identity,identity),X0),identity) [forward demodulation 158,29]
170. identity = double_divide(identity,identity) [forward demodulation 149,7]
213. double_divide(double_divide(double_divide(identity,identity),double_divide(double_divide(double_divide(identity,double_divide(X0,identity)),X2),double_divide(double_divide(X1,double_divide(double_divide(X0,double_divide(identity,X1)),identity)),identity))),double_divide(identity,identity)) = X2 [superposition 27,29]
215. double_divide(double_divide(double_divide(identity,identity),double_divide(double_divide(X1,X2),double_divide(double_divide(double_divide(identity,X0),double_divide(double_divide(X0,X1),double_divide(identity,identity))),identity))),double_divide(identity,identity)) = X2 [superposition 27,30]
216. double_divide(double_divide(double_divide(identity,identity),identity),double_divide(identity,identity)) = double_divide(double_divide(double_divide(X1,X0),X0),double_divide(X1,identity)) [superposition 27,7]
221. double_divide(double_divide(identity,X4),double_divide(identity,identity)) = double_divide(double_divide(X0,X4),double_divide(double_divide(double_divide(identity,identity),double_divide(double_divide(X1,X0),double_divide(double_divide(X2,double_divide(double_divide(double_divide(X3,X2),X1),double_divide(X3,identity))),identity))),identity)) [superposition 30,27]
228. double_divide(double_divide(identity,X4),double_divide(identity,identity)) = double_divide(double_divide(X0,X4),double_divide(double_divide(identity,double_divide(double_divide(X1,X0),double_divide(double_divide(X2,double_divide(double_divide(double_divide(X3,X2),X1),double_divide(X3,identity))),identity))),identity)) [forward demodulation 221,164]
232. double_divide(double_divide(identity,double_divide(identity,identity)),identity) = double_divide(double_divide(double_divide(X1,X0),X0),double_divide(X1,identity)) [forward demodulation 216,40]
233. double_divide(double_divide(identity,double_divide(double_divide(X1,X2),double_divide(double_divide(double_divide(identity,X0),double_divide(double_divide(X0,X1),identity)),identity))),identity) = X2 [forward demodulation 215,170]
235. double_divide(double_divide(identity,double_divide(double_divide(double_divide(identity,double_divide(X0,identity)),X2),double_divide(double_divide(X1,double_divide(double_divide(X0,double_divide(identity,X1)),identity)),identity))),identity) = X2 [forward demodulation 213,170]
272. double_divide(double_divide(identity,X4),double_divide(identity,identity)) = double_divide(double_divide(X0,X4),double_divide(double_divide(identity,double_divide(double_divide(identity,X0),double_divide(identity,identity))),identity)) [forward demodulation 228,54]
276. double_divide(identity,identity) = double_divide(double_divide(double_divide(X1,X0),X0),double_divide(X1,identity)) [forward demodulation 232,7]
296. double_divide(double_divide(X0,X4),double_divide(double_divide(identity,double_divide(double_divide(identity,X0),identity)),identity)) = double_divide(double_divide(identity,X4),identity) [forward demodulation 272,170]
300. identity = double_divide(double_divide(double_divide(X1,X0),X0),double_divide(X1,identity)) [forward demodulation 276,170]
317. double_divide(double_divide(identity,X4),identity) = double_divide(double_divide(X0,X4),X0) [forward demodulation 296,47]
375. identity = double_divide(double_divide(X0,identity),X0) [superposition 300,47]
389. double_divide(double_divide(X0,identity),double_divide(identity,identity)) = X0 [superposition 1,300]
395. double_divide(X1,identity) = double_divide(double_divide(X0,double_divide(identity,double_divide(double_divide(X1,X0),identity))),double_divide(identity,identity)) [superposition 1,300]
410. double_divide(X1,identity) = double_divide(double_divide(double_divide(X1,X0),X0),identity) [forward demodulation 395,29]
416. double_divide(double_divide(X0,identity),identity) = X0 [forward demodulation 389,170]
450. double_divide(double_divide(identity,X0),double_divide(identity,identity)) = X0 [superposition 33,416]
466. double_divide(X0,double_divide(identity,identity)) = double_divide(double_divide(identity,double_divide(X0,identity)),identity) [superposition 40,416]
475. double_divide(X0,identity) = double_divide(double_divide(identity,double_divide(X0,identity)),identity) [forward demodulation 466,170]
486. double_divide(double_divide(identity,X0),identity) = X0 [forward demodulation 450,170]
498. double_divide(double_divide(X0,X1),X0) = double_divide(double_divide(X2,X1),X2) [superposition 317,317]
500. double_divide(identity,X0) = double_divide(double_divide(identity,double_divide(X0,identity)),identity) [superposition 317,7]
509. double_divide(double_divide(identity,double_divide(X0,identity)),identity) = double_divide(identity,double_divide(double_divide(X0,X1),X1)) [superposition 317,300]
514. double_divide(double_divide(identity,X1),identity) = double_divide(double_divide(double_divide(identity,X0),identity),double_divide(X1,X0)) [superposition 317,317]
523. double_divide(double_divide(X0,double_divide(double_divide(identity,X1),identity)),X0) = X1 [superposition 47,317]
531. double_divide(double_divide(X1,identity),double_divide(identity,identity)) = double_divide(double_divide(double_divide(X0,double_divide(identity,X1)),X0),double_divide(identity,identity)) [superposition 30,317]
542. double_divide(identity,X1) = double_divide(double_divide(double_divide(X0,X1),X0),identity) [superposition 416,317]
552. double_divide(double_divide(X0,X1),double_divide(identity,identity)) = double_divide(double_divide(double_divide(identity,double_divide(identity,X0)),identity),double_divide(X1,identity)) [superposition 30,317]
564. double_divide(double_divide(double_divide(identity,X0),identity),double_divide(identity,identity)) = double_divide(double_divide(X1,double_divide(double_divide(identity,double_divide(X1,identity)),X0)),identity) [superposition 29,317]
566. identity = double_divide(double_divide(double_divide(double_divide(identity,X0),identity),X1),double_divide(double_divide(X1,X0),identity)) [superposition 300,317]
575. identity = double_divide(double_divide(X0,X1),double_divide(double_divide(X1,X0),identity)) [forward demodulation 566,486]
577. double_divide(double_divide(identity,double_divide(identity,X0)),identity) = double_divide(double_divide(X1,double_divide(double_divide(identity,double_divide(X1,identity)),X0)),identity) [forward demodulation 564,40]
586. double_divide(double_divide(identity,X0),double_divide(X1,identity)) = double_divide(double_divide(X0,X1),double_divide(identity,identity)) [forward demodulation 552,486]
600. double_divide(double_divide(X1,identity),identity) = double_divide(double_divide(double_divide(X0,double_divide(identity,X1)),X0),identity) [forward demodulation 531,170]
607. double_divide(double_divide(X0,X1),X0) = X1 [forward demodulation 523,486]
614. double_divide(double_divide(identity,X1),identity) = double_divide(X0,double_divide(X1,X0)) [forward demodulation 514,486]
619. double_divide(X0,identity) = double_divide(identity,double_divide(double_divide(X0,X1),X1)) [forward demodulation 509,475]
627. double_divide(X0,identity) = double_divide(identity,X0) [forward demodulation 500,486]
637. double_divide(identity,X0) = double_divide(double_divide(X1,double_divide(double_divide(identity,double_divide(X1,identity)),X0)),identity) [forward demodulation 577,486]
643. double_divide(double_divide(identity,X0),double_divide(X1,identity)) = double_divide(double_divide(X0,X1),identity) [forward demodulation 586,170]
651. double_divide(double_divide(X1,identity),identity) = double_divide(identity,double_divide(identity,X1)) [forward demodulation 600,542]
660. double_divide(X0,double_divide(X1,X0)) = X1 [forward demodulation 614,607]
672. double_divide(identity,X0) = double_divide(identity,double_divide(X1,double_divide(double_divide(identity,double_divide(X1,identity)),X0))) [forward demodulation 637,627]
675. double_divide(double_divide(identity,X0),double_divide(X1,identity)) = double_divide(identity,double_divide(X0,X1)) [forward demodulation 643,627]
682. double_divide(identity,double_divide(X1,identity)) = double_divide(identity,double_divide(identity,X1)) [forward demodulation 651,627]
695. double_divide(identity,X0) = double_divide(identity,double_divide(X1,double_divide(X1,X0))) [forward demodulation 672,660]
700. double_divide(identity,double_divide(identity,X1)) = X1 [forward demodulation 682,660]
729. double_divide(double_divide(X0,X1),identity) = double_divide(double_divide(X1,double_divide(identity,double_divide(identity,X0))),double_divide(identity,identity)) [superposition 29,627]
732. identity = double_divide(double_divide(double_divide(X0,X1),X1),double_divide(identity,X0)) [superposition 300,627]
790. double_divide(double_divide(X0,X1),identity) = double_divide(double_divide(X1,double_divide(identity,double_divide(identity,X0))),identity) [forward demodulation 729,170]
818. double_divide(double_divide(X0,X1),identity) = double_divide(identity,double_divide(X1,double_divide(identity,double_divide(identity,X0)))) [forward demodulation 790,627]
838. double_divide(double_divide(X0,X1),identity) = double_divide(identity,double_divide(X1,X0)) [forward demodulation 818,700]
847. double_divide(identity,double_divide(X0,X1)) = double_divide(identity,double_divide(X1,X0)) [forward demodulation 838,627]
1219. double_divide(X1,double_divide(identity,double_divide(X0,identity))) = double_divide(double_divide(identity,identity),double_divide(double_divide(X0,X1),identity)) [superposition 660,29]
1223. double_divide(double_divide(X2,double_divide(identity,X0)),X1) = double_divide(double_divide(X2,identity),double_divide(double_divide(X0,X1),double_divide(identity,identity))) [superposition 660,30]
1224. double_divide(double_divide(X0,identity),identity) = double_divide(double_divide(X0,X1),X1) [superposition 660,300]
1243. double_divide(double_divide(double_divide(identity,identity),double_divide(double_divide(X1,X2),double_divide(double_divide(double_divide(X0,X3),double_divide(double_divide(X0,X1),double_divide(X3,identity))),identity))),double_divide(identity,identity)) = X2 [superposition 27,660]
1252. double_divide(X0,double_divide(X2,X1)) = double_divide(double_divide(X1,double_divide(X0,double_divide(X2,identity))),double_divide(identity,identity)) [superposition 1,660]
1269. double_divide(X0,double_divide(X2,X1)) = double_divide(double_divide(X1,double_divide(X0,double_divide(X2,identity))),identity) [forward demodulation 1252,170]
1275. double_divide(double_divide(identity,double_divide(double_divide(X1,X2),double_divide(double_divide(double_divide(X0,X3),double_divide(double_divide(X0,X1),double_divide(X3,identity))),identity))),identity) = X2 [forward demodulation 1243,317]
1287. double_divide(identity,double_divide(X0,identity)) = double_divide(double_divide(X0,X1),X1) [forward demodulation 1224,627]
1288. double_divide(double_divide(X2,double_divide(identity,X0)),X1) = double_divide(double_divide(X2,identity),double_divide(double_divide(X0,X1),identity)) [forward demodulation 1223,170]
1292. double_divide(X1,double_divide(identity,double_divide(X0,identity))) = double_divide(identity,double_divide(identity,double_divide(X0,X1))) [forward demodulation 1219,675]
1301. double_divide(X0,double_divide(X2,X1)) = double_divide(identity,double_divide(X1,double_divide(X0,double_divide(X2,identity)))) [forward demodulation 1269,627]
1306. double_divide(identity,double_divide(identity,double_divide(double_divide(X1,X2),double_divide(double_divide(double_divide(X0,X3),double_divide(double_divide(X0,X1),double_divide(X3,identity))),identity)))) = X2 [forward demodulation 1275,627]
1314. double_divide(double_divide(X0,X1),X1) = X0 [forward demodulation 1287,660]
1315. double_divide(double_divide(X2,double_divide(identity,X0)),X1) = double_divide(double_divide(X2,identity),double_divide(identity,double_divide(X0,X1))) [forward demodulation 1288,627]
1318. double_divide(X0,X1) = double_divide(X1,double_divide(identity,double_divide(X0,identity))) [forward demodulation 1292,700]
1326. double_divide(double_divide(X1,X2),double_divide(double_divide(double_divide(X0,X3),double_divide(double_divide(X0,X1),double_divide(X3,identity))),identity)) = X2 [forward demodulation 1306,1301]
1334. double_divide(X1,X0) = double_divide(X0,X1) [forward demodulation 1318,660]
1337. double_divide(double_divide(X1,X2),double_divide(identity,double_divide(double_divide(X0,X3),double_divide(double_divide(X0,X1),double_divide(X3,identity))))) = X2 [forward demodulation 1326,627]
1343. double_divide(double_divide(X1,X2),double_divide(double_divide(X0,X1),double_divide(X3,double_divide(X0,X3)))) = X2 [forward demodulation 1337,1301]
1347. double_divide(double_divide(X1,X2),double_divide(double_divide(X0,X1),X0)) = X2 [forward demodulation 1343,660]
1349. double_divide(double_divide(X1,X2),double_divide(X0,double_divide(X0,X1))) = X2 [forward demodulation 1347,1334]
1721. double_divide(double_divide(double_divide(X1,X0),X2),double_divide(X1,identity)) = double_divide(double_divide(double_divide(identity,X0),X2),double_divide(identity,identity)) [superposition 30,700]
1725. double_divide(X0,identity) = double_divide(double_divide(X1,double_divide(identity,X0)),X1) [superposition 317,700]
1729. double_divide(double_divide(double_divide(identity,identity),double_divide(double_divide(X1,X2),double_divide(double_divide(double_divide(identity,X0),double_divide(double_divide(X0,X1),double_divide(identity,identity))),identity))),double_divide(identity,identity)) = X2 [superposition 27,700]
1740. double_divide(double_divide(identity,identity),double_divide(double_divide(identity,identity),double_divide(double_divide(X1,X2),double_divide(double_divide(double_divide(identity,X0),double_divide(double_divide(X0,X1),double_divide(identity,identity))),identity)))) = X2 [forward demodulation 1729,1334]
1743. double_divide(X0,identity) = double_divide(X1,double_divide(X1,double_divide(identity,X0))) [forward demodulation 1725,1334]
1747. double_divide(double_divide(double_divide(X1,X0),X2),double_divide(X1,identity)) = double_divide(double_divide(identity,identity),double_divide(double_divide(identity,X0),X2)) [forward demodulation 1721,1334]
1753. double_divide(double_divide(identity,identity),double_divide(double_divide(identity,identity),double_divide(double_divide(X1,X2),double_divide(identity,double_divide(double_divide(identity,X0),double_divide(double_divide(X0,X1),double_divide(identity,identity))))))) = X2 [forward demodulation 1740,627]
1759. double_divide(double_divide(double_divide(X1,X0),X2),double_divide(X1,identity)) = double_divide(identity,double_divide(double_divide(identity,X0),X2)) [forward demodulation 1747,170]
1762. double_divide(double_divide(identity,identity),double_divide(double_divide(identity,identity),double_divide(double_divide(X1,X2),double_divide(double_divide(X0,X1),double_divide(identity,double_divide(identity,X0)))))) = X2 [forward demodulation 1753,1301]
1764. double_divide(identity,double_divide(double_divide(identity,X0),X2)) = double_divide(double_divide(X1,identity),double_divide(double_divide(X1,X0),X2)) [forward demodulation 1759,1334]
1766. double_divide(double_divide(identity,identity),double_divide(double_divide(identity,identity),double_divide(double_divide(X1,X2),X1))) = X2 [forward demodulation 1762,1349]
1768. double_divide(identity,double_divide(double_divide(identity,identity),double_divide(double_divide(X1,X2),X1))) = X2 [forward demodulation 1766,1764]
1769. double_divide(identity,double_divide(double_divide(identity,identity),double_divide(X1,double_divide(X1,X2)))) = X2 [forward demodulation 1768,1334]
1770. double_divide(identity,double_divide(identity,double_divide(X1,double_divide(X1,X2)))) = X2 [forward demodulation 1769,170]
1771. double_divide(X1,double_divide(X1,X2)) = X2 [forward demodulation 1770,700]
1772. double_divide(double_divide(X1,double_divide(identity,X0)),identity) = double_divide(double_divide(X1,double_divide(X0,identity)),identity) [superposition 73,660]
1843. double_divide(double_divide(X1,double_divide(identity,X0)),identity) = double_divide(identity,double_divide(X1,double_divide(X0,identity))) [forward demodulation 1772,627]
1867. double_divide(identity,double_divide(X1,double_divide(X0,identity))) = double_divide(identity,double_divide(X1,double_divide(identity,X0))) [forward demodulation 1843,627]
2065. double_divide(X2,double_divide(X1,identity)) = double_divide(double_divide(double_divide(identity,double_divide(double_divide(double_divide(X0,X1),X2),double_divide(X0,identity))),double_divide(identity,identity)),double_divide(identity,identity)) [superposition 66,28]
2118. double_divide(X2,double_divide(X1,identity)) = double_divide(double_divide(identity,identity),double_divide(double_divide(identity,double_divide(double_divide(double_divide(X0,X1),X2),double_divide(X0,identity))),double_divide(identity,identity))) [forward demodulation 2065,1334]
2172. double_divide(X2,double_divide(X1,identity)) = double_divide(identity,double_divide(double_divide(double_divide(X0,X1),X2),double_divide(X0,identity))) [forward demodulation 2118,660]
2222. double_divide(X2,double_divide(X1,identity)) = double_divide(identity,double_divide(double_divide(X0,identity),double_divide(double_divide(X0,X1),X2))) [forward demodulation 2172,847]
2265. double_divide(X2,double_divide(X1,identity)) = double_divide(identity,double_divide(identity,double_divide(double_divide(identity,X1),X2))) [forward demodulation 2222,1764]
2299. double_divide(X2,double_divide(X1,identity)) = double_divide(double_divide(identity,X1),X2) [forward demodulation 2265,1771]
2541. double_divide(double_divide(identity,double_divide(identity,double_divide(double_divide(X2,double_divide(identity,X0)),X1))),identity) = double_divide(double_divide(double_divide(double_divide(X0,X1),double_divide(identity,identity)),identity),double_divide(double_divide(X2,identity),identity)) [superposition 79,30]
2574. double_divide(double_divide(identity,double_divide(identity,X2)),identity) = double_divide(double_divide(double_divide(X2,double_divide(identity,X1)),identity),double_divide(double_divide(X0,X1),X0)) [superposition 79,317]
2615. double_divide(double_divide(X0,X1),identity) = double_divide(double_divide(X1,identity),double_divide(double_divide(identity,double_divide(identity,X0)),identity)) [superposition 660,79]
2616. double_divide(double_divide(X0,X1),identity) = double_divide(double_divide(X1,identity),double_divide(identity,double_divide(identity,double_divide(identity,X0)))) [forward demodulation 2615,627]
2652. double_divide(double_divide(identity,double_divide(identity,X2)),identity) = double_divide(double_divide(double_divide(X2,double_divide(identity,X1)),identity),double_divide(X0,double_divide(X0,X1))) [forward demodulation 2574,1334]
2684. double_divide(double_divide(identity,double_divide(identity,double_divide(double_divide(X2,double_divide(identity,X0)),X1))),identity) = double_divide(double_divide(double_divide(double_divide(X0,X1),double_divide(identity,identity)),identity),double_divide(identity,double_divide(X2,identity))) [forward demodulation 2541,627]
2694. double_divide(double_divide(X0,X1),identity) = double_divide(double_divide(X1,double_divide(identity,identity)),double_divide(identity,X0)) [forward demodulation 2616,1315]
2730. double_divide(double_divide(identity,double_divide(identity,X2)),identity) = double_divide(double_divide(double_divide(X2,double_divide(identity,X1)),identity),X1) [forward demodulation 2652,1771]
2759. double_divide(double_divide(identity,double_divide(identity,double_divide(double_divide(X2,double_divide(identity,X0)),X1))),identity) = double_divide(double_divide(double_divide(double_divide(X0,X1),double_divide(identity,identity)),double_divide(identity,X2)),identity) [forward demodulation 2684,1315]
2769. double_divide(double_divide(X0,X1),identity) = double_divide(double_divide(X1,identity),double_divide(identity,X0)) [forward demodulation 2694,170]
2797. double_divide(double_divide(identity,double_divide(identity,X2)),identity) = double_divide(X1,double_divide(double_divide(X2,double_divide(identity,X1)),identity)) [forward demodulation 2730,1334]
2821. double_divide(double_divide(identity,double_divide(identity,double_divide(double_divide(X2,double_divide(identity,X0)),X1))),identity) = double_divide(identity,double_divide(double_divide(double_divide(X0,X1),double_divide(identity,identity)),double_divide(identity,X2))) [forward demodulation 2759,627]
2831. double_divide(identity,double_divide(X0,X1)) = double_divide(double_divide(X1,identity),double_divide(identity,X0)) [forward demodulation 2769,627]
2857. double_divide(double_divide(identity,double_divide(identity,X2)),identity) = double_divide(X1,double_divide(identity,double_divide(X2,double_divide(identity,X1)))) [forward demodulation 2797,627]
2877. double_divide(double_divide(identity,double_divide(identity,double_divide(double_divide(X2,double_divide(identity,X0)),X1))),identity) = double_divide(identity,double_divide(double_divide(double_divide(X0,X1),identity),double_divide(identity,X2))) [forward demodulation 2821,170]
2905. double_divide(X1,double_divide(identity,double_divide(X2,double_divide(identity,X1)))) = double_divide(identity,double_divide(identity,double_divide(identity,X2))) [forward demodulation 2857,627]
2920. double_divide(double_divide(identity,double_divide(identity,double_divide(double_divide(X2,double_divide(identity,X0)),X1))),identity) = double_divide(identity,double_divide(identity,double_divide(X2,double_divide(X0,X1)))) [forward demodulation 2877,2831]
2943. double_divide(X2,identity) = double_divide(X1,double_divide(identity,double_divide(X2,double_divide(identity,X1)))) [forward demodulation 2905,1743]
2951. double_divide(X2,double_divide(X0,X1)) = double_divide(double_divide(identity,double_divide(identity,double_divide(double_divide(X2,double_divide(identity,X0)),X1))),identity) [forward demodulation 2920,1771]
2971. double_divide(X2,double_divide(X0,X1)) = double_divide(identity,double_divide(identity,double_divide(identity,double_divide(double_divide(X2,double_divide(identity,X0)),X1)))) [forward demodulation 2951,627]
2987. double_divide(double_divide(double_divide(X2,double_divide(identity,X0)),X1),identity) = double_divide(X2,double_divide(X0,X1)) [forward demodulation 2971,1743]
2999. double_divide(X2,double_divide(X0,X1)) = double_divide(identity,double_divide(double_divide(X2,double_divide(identity,X0)),X1)) [forward demodulation 2987,627]
3149. double_divide(identity,identity) = double_divide(double_divide(double_divide(X1,identity),double_divide(double_divide(double_divide(double_divide(identity,double_divide(identity,X0)),identity),identity),double_divide(double_divide(double_divide(X0,X1),identity),identity))),identity) [superposition 124,79]
3319. double_divide(identity,identity) = double_divide(identity,double_divide(double_divide(X1,identity),double_divide(double_divide(double_divide(double_divide(identity,double_divide(identity,X0)),identity),identity),double_divide(double_divide(double_divide(X0,X1),identity),identity)))) [forward demodulation 3149,627]
3395. double_divide(identity,identity) = double_divide(double_divide(double_divide(double_divide(identity,double_divide(identity,X0)),identity),identity),double_divide(double_divide(double_divide(X0,X1),identity),double_divide(X1,identity))) [forward demodulation 3319,1301]
3457. double_divide(identity,identity) = double_divide(double_divide(double_divide(double_divide(identity,double_divide(identity,X0)),identity),identity),double_divide(double_divide(identity,X1),double_divide(double_divide(X0,X1),identity))) [forward demodulation 3395,2299]
3510. double_divide(identity,identity) = double_divide(double_divide(double_divide(double_divide(identity,double_divide(identity,X0)),identity),identity),double_divide(identity,double_divide(X1,double_divide(X0,X1)))) [forward demodulation 3457,675]
3544. double_divide(identity,identity) = double_divide(double_divide(double_divide(double_divide(identity,double_divide(identity,X0)),identity),double_divide(identity,X1)),double_divide(X0,X1)) [forward demodulation 3510,1315]
3571. double_divide(identity,identity) = double_divide(double_divide(X0,X1),double_divide(double_divide(double_divide(identity,double_divide(identity,X0)),identity),double_divide(identity,X1))) [forward demodulation 3544,1334]
3592. double_divide(identity,identity) = double_divide(double_divide(X0,X1),double_divide(identity,double_divide(X1,double_divide(identity,double_divide(identity,X0))))) [forward demodulation 3571,2831]
3601. double_divide(identity,identity) = double_divide(double_divide(X0,X1),double_divide(identity,double_divide(X1,X0))) [forward demodulation 3592,1771]
3606. identity = double_divide(double_divide(X0,X1),double_divide(identity,double_divide(X1,X0))) [forward demodulation 3601,170]
3717. double_divide(double_divide(X0,identity),double_divide(X1,identity)) = double_divide(double_divide(identity,double_divide(identity,double_divide(X1,X0))),identity) [superposition 79,607]
3727. double_divide(double_divide(X0,identity),double_divide(X1,identity)) = double_divide(identity,double_divide(identity,double_divide(identity,double_divide(X1,X0)))) [forward demodulation 3717,627]
3796. double_divide(double_divide(X1,X0),identity) = double_divide(double_divide(X0,identity),double_divide(X1,identity)) [forward demodulation 3727,1743]
3844. double_divide(double_divide(X0,identity),double_divide(X1,identity)) = double_divide(identity,double_divide(X1,X0)) [forward demodulation 3796,627]
5142. double_divide(double_divide(X2,double_divide(identity,X0)),X1) = double_divide(double_divide(double_divide(X0,X1),double_divide(identity,identity)),double_divide(X2,identity)) [superposition 1314,30]
5181. double_divide(X0,double_divide(identity,X1)) = double_divide(double_divide(X1,double_divide(X0,identity)),double_divide(identity,identity)) [superposition 30,1314]
5202. double_divide(double_divide(X1,double_divide(identity,X0)),double_divide(identity,identity)) = double_divide(double_divide(double_divide(X0,identity),X1),identity) [superposition 29,1314]
5253. double_divide(double_divide(X1,double_divide(identity,X0)),double_divide(identity,identity)) = double_divide(identity,double_divide(double_divide(X0,identity),X1)) [forward demodulation 5202,627]
5266. double_divide(X0,double_divide(identity,X1)) = double_divide(double_divide(identity,identity),double_divide(X1,double_divide(X0,identity))) [forward demodulation 5181,2299]
5288. double_divide(double_divide(X2,double_divide(identity,X0)),X1) = double_divide(double_divide(double_divide(X0,X1),identity),double_divide(X2,identity)) [forward demodulation 5142,170]
5319. double_divide(identity,double_divide(double_divide(X0,identity),X1)) = double_divide(double_divide(identity,identity),double_divide(X1,double_divide(identity,X0))) [forward demodulation 5253,2299]
5329. double_divide(X0,double_divide(identity,X1)) = double_divide(identity,double_divide(X1,double_divide(X0,identity))) [forward demodulation 5266,170]
5348. double_divide(double_divide(X2,double_divide(identity,X0)),X1) = double_divide(identity,double_divide(X2,double_divide(X0,X1))) [forward demodulation 5288,3844]
5377. double_divide(identity,double_divide(double_divide(X0,identity),X1)) = double_divide(identity,double_divide(X1,double_divide(identity,X0))) [forward demodulation 5319,170]
5515. double_divide(double_divide(double_divide(X1,identity),double_divide(double_divide(double_divide(double_divide(double_divide(identity,identity),X0),double_divide(identity,identity)),X2),double_divide(double_divide(double_divide(X1,identity),X0),identity))),double_divide(identity,identity)) = X2 [superposition 1,32]
5520. double_divide(double_divide(identity,double_divide(identity,double_divide(double_divide(X1,identity),X0))),identity) = double_divide(double_divide(double_divide(double_divide(double_divide(identity,identity),X0),double_divide(identity,identity)),identity),double_divide(double_divide(X1,identity),identity)) [superposition 79,32]
5529. double_divide(double_divide(X1,identity),X0) = double_divide(double_divide(double_divide(double_divide(identity,identity),X0),double_divide(identity,identity)),double_divide(X1,identity)) [superposition 1314,32]
5606. double_divide(double_divide(X1,identity),X0) = double_divide(identity,double_divide(double_divide(double_divide(identity,identity),X0),double_divide(identity,double_divide(X1,identity)))) [forward demodulation 5529,5348]
5615. double_divide(double_divide(identity,double_divide(identity,double_divide(double_divide(X1,identity),X0))),identity) = double_divide(identity,double_divide(double_divide(X1,identity),double_divide(double_divide(double_divide(identity,identity),X0),double_divide(identity,identity)))) [forward demodulation 5520,3844]
5620. double_divide(double_divide(identity,identity),double_divide(double_divide(X1,identity),double_divide(double_divide(double_divide(double_divide(double_divide(identity,identity),X0),double_divide(identity,identity)),X2),double_divide(double_divide(double_divide(X1,identity),X0),identity)))) = X2 [forward demodulation 5515,2299]
5691. double_divide(double_divide(X1,identity),X0) = double_divide(identity,double_divide(X1,double_divide(double_divide(identity,identity),X0))) [forward demodulation 5606,1301]
5699. double_divide(double_divide(identity,double_divide(identity,double_divide(double_divide(X1,identity),X0))),identity) = double_divide(double_divide(double_divide(identity,identity),X0),double_divide(identity,double_divide(X1,identity))) [forward demodulation 5615,1301]
5704. double_divide(double_divide(identity,identity),double_divide(double_divide(X1,identity),double_divide(double_divide(double_divide(double_divide(double_divide(identity,identity),X0),double_divide(identity,identity)),X2),double_divide(identity,double_divide(double_divide(X1,identity),X0))))) = X2 [forward demodulation 5620,627]
5771. double_divide(double_divide(X1,identity),X0) = double_divide(identity,double_divide(X1,double_divide(identity,X0))) [forward demodulation 5691,170]
5778. double_divide(double_divide(double_divide(identity,identity),X0),X1) = double_divide(double_divide(identity,double_divide(identity,double_divide(double_divide(X1,identity),X0))),identity) [forward demodulation 5699,660]
5783. double_divide(double_divide(identity,identity),double_divide(double_divide(X1,identity),double_divide(double_divide(identity,double_divide(double_divide(double_divide(identity,identity),X0),double_divide(identity,X2))),double_divide(identity,double_divide(double_divide(X1,identity),X0))))) = X2 [forward demodulation 5704,5348]
5833. double_divide(double_divide(double_divide(identity,identity),X0),X1) = double_divide(identity,double_divide(identity,double_divide(identity,double_divide(double_divide(X1,identity),X0)))) [forward demodulation 5778,627]
5838. double_divide(double_divide(identity,identity),double_divide(double_divide(X1,identity),double_divide(double_divide(double_divide(double_divide(double_divide(identity,identity),X0),identity),X2),double_divide(identity,double_divide(double_divide(X1,identity),X0))))) = X2 [forward demodulation 5783,5771]
5878. double_divide(double_divide(double_divide(identity,identity),X0),X1) = double_divide(double_divide(double_divide(X1,identity),X0),identity) [forward demodulation 5833,1743]
5883. double_divide(double_divide(identity,identity),double_divide(double_divide(X1,identity),double_divide(double_divide(double_divide(identity,double_divide(double_divide(identity,identity),X0)),X2),double_divide(identity,double_divide(double_divide(X1,identity),X0))))) = X2 [forward demodulation 5838,627]
5916. double_divide(double_divide(double_divide(identity,identity),X0),X1) = double_divide(identity,double_divide(double_divide(X1,identity),X0)) [forward demodulation 5878,627]
5921. double_divide(identity,double_divide(double_divide(X1,identity),double_divide(double_divide(double_divide(identity,double_divide(identity,X0)),X2),double_divide(identity,double_divide(double_divide(X1,identity),X0))))) = X2 [forward demodulation 5883,170]
5948. double_divide(double_divide(identity,X0),X1) = double_divide(identity,double_divide(double_divide(X1,identity),X0)) [forward demodulation 5916,170]
5953. double_divide(identity,double_divide(double_divide(X1,identity),double_divide(double_divide(identity,double_divide(identity,double_divide(X0,X2))),double_divide(identity,double_divide(double_divide(X1,identity),X0))))) = X2 [forward demodulation 5921,5348]
5976. double_divide(double_divide(identity,double_divide(double_divide(identity,double_divide(identity,double_divide(X0,X2))),double_divide(identity,double_divide(double_divide(X1,identity),X0)))),X1) = X2 [forward demodulation 5953,5948]
5993. double_divide(X1,double_divide(identity,double_divide(double_divide(identity,double_divide(identity,double_divide(X0,X2))),double_divide(identity,double_divide(double_divide(X1,identity),X0))))) = X2 [forward demodulation 5976,1334]
6002. double_divide(X1,double_divide(identity,double_divide(double_divide(X0,X2),double_divide(identity,double_divide(double_divide(X1,identity),X0))))) = X2 [forward demodulation 5993,2999]
6009. double_divide(X1,double_divide(double_divide(double_divide(X0,X2),identity),double_divide(double_divide(X1,identity),X0))) = X2 [forward demodulation 6002,5771]
6016. double_divide(X1,double_divide(double_divide(identity,double_divide(X0,X2)),double_divide(double_divide(X1,identity),X0))) = X2 [forward demodulation 6009,627]
6187. double_divide(double_divide(a4,b4),identity) != double_divide(identity,double_divide(b4,a4)) <- (~1) [superposition 12,1334]
6423. double_divide(double_divide(a4,b4),identity) != double_divide(identity,double_divide(a4,b4)) <- (~1) [forward demodulation 6187,847]
6639. $false <- (~1) [forward subsumption resolution 6423,627]
6640. 1 [avatar contradiction clause 6639]
7004. double_divide(double_divide(c3,double_divide(double_divide(b3,a3),identity)),identity) != double_divide(identity,double_divide(double_divide(double_divide(c3,b3),identity),a3)) <- (~2) [forward demodulation 16,627]
7006. double_divide(double_divide(c3,double_divide(double_divide(b3,a3),identity)),identity) != double_divide(identity,double_divide(a3,double_divide(identity,double_divide(c3,b3)))) <- (~2) [forward demodulation 7004,5377]
7007. double_divide(double_divide(c3,double_divide(double_divide(b3,a3),identity)),identity) != double_divide(double_divide(a3,identity),double_divide(c3,b3)) <- (~2) [forward demodulation 7006,5771]
7008. double_divide(double_divide(c3,double_divide(double_divide(b3,a3),identity)),identity) != double_divide(double_divide(a3,identity),double_divide(b3,c3)) <- (~2) [forward demodulation 7007,1334]
7009. double_divide(double_divide(c3,double_divide(double_divide(b3,a3),identity)),identity) != double_divide(double_divide(identity,a3),double_divide(b3,c3)) <- (~2) [forward demodulation 7008,627]
7010. double_divide(double_divide(identity,a3),double_divide(b3,c3)) != double_divide(identity,double_divide(c3,double_divide(double_divide(b3,a3),identity))) <- (~2) [forward demodulation 7009,627]
7011. double_divide(double_divide(identity,a3),double_divide(b3,c3)) != double_divide(identity,double_divide(c3,double_divide(identity,double_divide(b3,a3)))) <- (~2) [forward demodulation 7010,1867]
7012. double_divide(double_divide(identity,a3),double_divide(b3,c3)) != double_divide(double_divide(c3,identity),double_divide(b3,a3)) <- (~2) [forward demodulation 7011,5771]
7013. double_divide(double_divide(identity,a3),double_divide(b3,c3)) != double_divide(double_divide(b3,a3),double_divide(c3,identity)) <- (~2) [forward demodulation 7012,1334]
7014. double_divide(double_divide(identity,a3),double_divide(b3,c3)) != double_divide(double_divide(identity,c3),double_divide(b3,a3)) <- (~2) [forward demodulation 7013,2299]
7015. double_divide(double_divide(identity,a3),double_divide(b3,c3)) != double_divide(double_divide(identity,c3),double_divide(a3,b3)) <- (~2) [forward demodulation 7014,1334]
7080. double_divide(X0,double_divide(X1,identity)) = double_divide(double_divide(X2,double_divide(double_divide(X1,double_divide(identity,X2)),X0)),double_divide(identity,identity)) [superposition 30,1771]
7083. double_divide(double_divide(double_divide(X1,X0),X2),double_divide(X1,identity)) = double_divide(double_divide(double_divide(identity,X0),X2),double_divide(identity,identity)) [superposition 30,1771]
7097. double_divide(double_divide(double_divide(X1,X0),X2),double_divide(X1,identity)) = double_divide(double_divide(identity,identity),double_divide(double_divide(identity,X0),X2)) [forward demodulation 7083,2299]
7099. double_divide(X0,double_divide(X1,identity)) = double_divide(double_divide(identity,identity),double_divide(X2,double_divide(double_divide(X1,double_divide(identity,X2)),X0))) [forward demodulation 7080,2299]
7143. double_divide(double_divide(double_divide(X1,X0),X2),double_divide(X1,identity)) = double_divide(identity,double_divide(double_divide(identity,X0),X2)) [forward demodulation 7097,1764]
7145. double_divide(X0,double_divide(X1,identity)) = double_divide(double_divide(identity,identity),double_divide(X2,double_divide(identity,double_divide(X1,double_divide(X2,X0))))) [forward demodulation 7099,5348]
7183. double_divide(identity,double_divide(double_divide(identity,X0),X2)) = double_divide(double_divide(identity,X1),double_divide(double_divide(X1,X0),X2)) [forward demodulation 7143,2299]
7184. double_divide(X0,double_divide(X1,identity)) = double_divide(identity,double_divide(X2,double_divide(identity,double_divide(X1,double_divide(X2,X0))))) [forward demodulation 7145,170]
7202. double_divide(X0,double_divide(X1,identity)) = double_divide(double_divide(X2,identity),double_divide(X1,double_divide(X2,X0))) [forward demodulation 7184,5771]
7253. double_divide(identity,double_divide(double_divide(double_divide(identity,X1),X0),identity)) = double_divide(double_divide(X1,double_divide(double_divide(double_divide(identity,X0),identity),identity)),double_divide(identity,identity)) [superposition 41,317]
7362. double_divide(identity,double_divide(double_divide(double_divide(identity,X1),X0),identity)) = double_divide(double_divide(identity,identity),double_divide(X1,double_divide(double_divide(double_divide(identity,X0),identity),identity))) [forward demodulation 7253,2299]
7438. double_divide(identity,double_divide(double_divide(double_divide(identity,X1),X0),identity)) = double_divide(double_divide(identity,identity),double_divide(X1,double_divide(identity,double_divide(double_divide(identity,X0),identity)))) [forward demodulation 7362,627]
7512. double_divide(double_divide(double_divide(identity,X0),identity),double_divide(X1,identity)) = double_divide(identity,double_divide(double_divide(double_divide(identity,X1),X0),identity)) [forward demodulation 7438,7202]
7575. double_divide(double_divide(identity,X1),X0) = double_divide(double_divide(double_divide(identity,X0),identity),double_divide(X1,identity)) [forward demodulation 7512,660]
7623. double_divide(double_divide(identity,X1),X0) = double_divide(identity,double_divide(X1,double_divide(identity,X0))) [forward demodulation 7575,3844]
8581. double_divide(double_divide(identity,double_divide(double_divide(identity,X1),double_divide(double_divide(double_divide(identity,double_divide(identity,double_divide(double_divide(X2,X0),double_divide(double_divide(double_divide(identity,X3),double_divide(double_divide(X3,X2),identity)),identity)))),double_divide(X0,identity)),identity))),identity) = X1 [superposition 233,233]
8657. double_divide(double_divide(double_divide(identity,double_divide(double_divide(X1,X0),double_divide(double_divide(double_divide(identity,X2),double_divide(double_divide(X2,X1),identity)),identity))),X3),identity) = double_divide(double_divide(X3,double_divide(identity,X0)),double_divide(identity,identity)) [superposition 29,233]
8716. double_divide(double_divide(double_divide(identity,double_divide(double_divide(X1,X0),double_divide(double_divide(double_divide(identity,X2),double_divide(double_divide(X2,X1),identity)),identity))),X3),identity) = double_divide(double_divide(identity,identity),double_divide(X3,double_divide(identity,X0))) [forward demodulation 8657,2299]
8790. double_divide(identity,double_divide(identity,double_divide(double_divide(identity,X1),double_divide(double_divide(double_divide(identity,double_divide(identity,double_divide(double_divide(X2,X0),double_divide(double_divide(double_divide(identity,X3),double_divide(double_divide(X3,X2),identity)),identity)))),double_divide(X0,identity)),identity)))) = X1 [forward demodulation 8581,627]
8896. double_divide(X0,double_divide(X3,identity)) = double_divide(double_divide(double_divide(identity,double_divide(double_divide(X1,X0),double_divide(double_divide(double_divide(identity,X2),double_divide(double_divide(X2,X1),identity)),identity))),X3),identity) [forward demodulation 8716,7202]
8970. double_divide(double_divide(identity,X1),double_divide(double_divide(double_divide(identity,double_divide(identity,double_divide(double_divide(X2,X0),double_divide(double_divide(double_divide(identity,X3),double_divide(double_divide(X3,X2),identity)),identity)))),double_divide(X0,identity)),identity)) = X1 [forward demodulation 8790,1771]
9075. double_divide(X0,double_divide(X3,identity)) = double_divide(identity,double_divide(double_divide(identity,double_divide(double_divide(X1,X0),double_divide(double_divide(double_divide(identity,X2),double_divide(double_divide(X2,X1),identity)),identity))),X3)) [forward demodulation 8896,627]
9146. double_divide(identity,double_divide(X1,double_divide(double_divide(identity,double_divide(identity,double_divide(double_divide(X2,X0),double_divide(double_divide(double_divide(identity,X3),double_divide(double_divide(X3,X2),identity)),identity)))),double_divide(X0,identity)))) = X1 [forward demodulation 8970,675]
9251. double_divide(X0,double_divide(X3,identity)) = double_divide(identity,double_divide(double_divide(identity,double_divide(double_divide(X1,X0),double_divide(identity,double_divide(double_divide(identity,X2),double_divide(double_divide(X2,X1),identity))))),X3)) [forward demodulation 9075,1867]
9313. double_divide(double_divide(identity,double_divide(identity,double_divide(double_divide(X2,X0),double_divide(double_divide(double_divide(identity,X3),double_divide(double_divide(X3,X2),identity)),identity)))),double_divide(X0,X1)) = X1 [forward demodulation 9146,1301]
9413. double_divide(X0,double_divide(X3,identity)) = double_divide(identity,double_divide(double_divide(double_divide(double_divide(X1,X0),identity),double_divide(double_divide(identity,X2),double_divide(double_divide(X2,X1),identity))),X3)) [forward demodulation 9251,5771]
9461. double_divide(identity,double_divide(identity,double_divide(double_divide(double_divide(X2,X0),double_divide(double_divide(double_divide(identity,X3),double_divide(double_divide(X3,X2),identity)),identity)),double_divide(X0,X1)))) = X1 [forward demodulation 9313,5348]
9557. double_divide(X0,double_divide(X3,identity)) = double_divide(identity,double_divide(double_divide(double_divide(double_divide(X1,X0),identity),double_divide(identity,double_divide(double_divide(identity,X1),identity))),X3)) [forward demodulation 9413,7183]
9595. double_divide(double_divide(double_divide(X2,X0),double_divide(double_divide(double_divide(identity,X3),double_divide(double_divide(X3,X2),identity)),identity)),double_divide(X0,X1)) = X1 [forward demodulation 9461,1771]
9672. double_divide(X0,double_divide(X3,identity)) = double_divide(double_divide(double_divide(X1,X0),identity),double_divide(double_divide(double_divide(identity,X1),identity),X3)) [forward demodulation 9557,2999]
9701. double_divide(double_divide(double_divide(X2,X0),double_divide(identity,double_divide(double_divide(identity,X3),double_divide(double_divide(X3,X2),identity)))),double_divide(X0,X1)) = X1 [forward demodulation 9595,627]
9763. double_divide(X0,double_divide(X3,identity)) = double_divide(double_divide(double_divide(X1,X0),identity),double_divide(double_divide(identity,double_divide(identity,X1)),X3)) [forward demodulation 9672,627]
9787. double_divide(identity,double_divide(double_divide(X2,X0),double_divide(double_divide(double_divide(identity,X3),double_divide(double_divide(X3,X2),identity)),double_divide(X0,X1)))) = X1 [forward demodulation 9701,5348]
9833. double_divide(X0,double_divide(X3,identity)) = double_divide(double_divide(double_divide(X1,X0),identity),double_divide(identity,double_divide(identity,double_divide(X1,X3)))) [forward demodulation 9763,5348]
9855. double_divide(identity,double_divide(double_divide(X2,X0),double_divide(double_divide(identity,double_divide(double_divide(identity,X2),identity)),double_divide(X0,X1)))) = X1 [forward demodulation 9787,7183]
9891. double_divide(X0,double_divide(X3,identity)) = double_divide(double_divide(double_divide(X1,X0),double_divide(identity,identity)),double_divide(X1,X3)) [forward demodulation 9833,1315]
9905. double_divide(identity,double_divide(double_divide(X2,X0),double_divide(double_divide(identity,X2),double_divide(X0,X1)))) = X1 [forward demodulation 9855,660]
9928. double_divide(X0,double_divide(X3,identity)) = double_divide(identity,double_divide(double_divide(X1,X0),double_divide(identity,double_divide(X1,X3)))) [forward demodulation 9891,5348]
9954. double_divide(X0,double_divide(X3,identity)) = double_divide(double_divide(double_divide(X1,X0),identity),double_divide(X1,X3)) [forward demodulation 9928,5771]
9971. double_divide(X0,double_divide(X3,identity)) = double_divide(double_divide(identity,double_divide(X1,X0)),double_divide(X1,X3)) [forward demodulation 9954,627]
11011. double_divide(double_divide(X1,X0),identity) = double_divide(double_divide(double_divide(double_divide(identity,X0),identity),X1),identity) [superposition 410,317]
11207. double_divide(double_divide(X1,X0),identity) = double_divide(identity,double_divide(double_divide(double_divide(identity,X0),identity),X1)) [forward demodulation 11011,627]
11274. double_divide(double_divide(X1,X0),identity) = double_divide(double_divide(identity,X1),double_divide(identity,X0)) [forward demodulation 11207,5948]
11324. double_divide(identity,double_divide(X1,X0)) = double_divide(double_divide(identity,X1),double_divide(identity,X0)) [forward demodulation 11274,627]
12557. double_divide(double_divide(double_divide(identity,X1),X2),identity) = double_divide(double_divide(X2,double_divide(identity,double_divide(double_divide(X0,X1),X0))),double_divide(identity,identity)) [superposition 29,498]
12640. double_divide(double_divide(double_divide(identity,X1),X2),identity) = double_divide(double_divide(identity,identity),double_divide(X2,double_divide(identity,double_divide(double_divide(X0,X1),X0)))) [forward demodulation 12557,2299]
12960. double_divide(double_divide(double_divide(identity,X1),X2),identity) = double_divide(double_divide(double_divide(X0,X1),X0),double_divide(X2,identity)) [forward demodulation 12640,7202]
13252. double_divide(double_divide(double_divide(identity,X1),X2),identity) = double_divide(double_divide(X0,double_divide(X0,X1)),double_divide(X2,identity)) [forward demodulation 12960,1334]
13479. double_divide(X1,double_divide(X2,identity)) = double_divide(double_divide(double_divide(identity,X1),X2),identity) [forward demodulation 13252,1771]
13648. double_divide(X1,double_divide(X2,identity)) = double_divide(identity,double_divide(double_divide(identity,X1),X2)) [forward demodulation 13479,627]
17648. double_divide(double_divide(double_divide(double_divide(X0,X1),identity),double_divide(double_divide(identity,X2),double_divide(double_divide(X1,X0),identity))),double_divide(identity,identity)) = X2 [superposition 1,575]
17695. double_divide(double_divide(identity,identity),double_divide(double_divide(double_divide(X0,X1),identity),double_divide(double_divide(identity,X2),double_divide(double_divide(X1,X0),identity)))) = X2 [forward demodulation 17648,2299]
17836. double_divide(double_divide(identity,identity),double_divide(double_divide(double_divide(X0,X1),identity),double_divide(identity,double_divide(X2,double_divide(X1,X0))))) = X2 [forward demodulation 17695,675]
17961. double_divide(double_divide(X2,double_divide(X1,X0)),double_divide(double_divide(double_divide(X0,X1),identity),identity)) = X2 [forward demodulation 17836,7202]
18053. double_divide(double_divide(X2,double_divide(X1,X0)),double_divide(identity,double_divide(double_divide(X0,X1),identity))) = X2 [forward demodulation 17961,627]
18128. double_divide(double_divide(X2,double_divide(X1,X0)),double_divide(X0,X1)) = X2 [forward demodulation 18053,660]
18185. double_divide(double_divide(X0,X1),double_divide(X2,double_divide(X1,X0))) = X2 [forward demodulation 18128,1334]
18371. double_divide(double_divide(identity,double_divide(identity,X3)),identity) = double_divide(double_divide(identity,identity),double_divide(double_divide(double_divide(double_divide(double_divide(identity,double_divide(double_divide(X1,X0),double_divide(double_divide(double_divide(identity,X2),double_divide(double_divide(X2,X1),identity)),identity))),X3),identity),X0),identity)) [superposition 144,233]
18520. double_divide(double_divide(identity,double_divide(identity,X3)),identity) = double_divide(identity,double_divide(double_divide(double_divide(double_divide(double_divide(identity,double_divide(double_divide(X1,X0),double_divide(double_divide(double_divide(identity,X2),double_divide(double_divide(X2,X1),identity)),identity))),X3),identity),X0),identity)) [forward demodulation 18371,3844]
18671. double_divide(double_divide(identity,double_divide(identity,X3)),identity) = double_divide(double_divide(double_divide(double_divide(identity,double_divide(double_divide(X1,X0),double_divide(double_divide(double_divide(identity,X2),double_divide(double_divide(X2,X1),identity)),identity))),X3),identity),X0) [forward demodulation 18520,660]
18817. double_divide(double_divide(identity,double_divide(identity,X3)),identity) = double_divide(X0,double_divide(double_divide(double_divide(identity,double_divide(double_divide(X1,X0),double_divide(double_divide(double_divide(identity,X2),double_divide(double_divide(X2,X1),identity)),identity))),X3),identity)) [forward demodulation 18671,1334]
18951. double_divide(double_divide(identity,double_divide(identity,X3)),identity) = double_divide(X0,double_divide(identity,double_divide(double_divide(identity,double_divide(double_divide(X1,X0),double_divide(double_divide(double_divide(identity,X2),double_divide(double_divide(X2,X1),identity)),identity))),X3))) [forward demodulation 18817,627]
19074. double_divide(double_divide(identity,double_divide(identity,X3)),identity) = double_divide(X0,double_divide(double_divide(double_divide(X1,X0),double_divide(double_divide(double_divide(identity,X2),double_divide(double_divide(X2,X1),identity)),identity)),double_divide(X3,identity))) [forward demodulation 18951,13648]
19179. double_divide(double_divide(identity,double_divide(identity,X3)),identity) = double_divide(X0,double_divide(double_divide(double_divide(X1,X0),double_divide(identity,double_divide(double_divide(identity,X2),double_divide(double_divide(X2,X1),identity)))),double_divide(X3,identity))) [forward demodulation 19074,627]
19267. double_divide(double_divide(identity,double_divide(identity,X3)),identity) = double_divide(X0,double_divide(identity,double_divide(double_divide(X1,X0),double_divide(double_divide(double_divide(identity,X2),double_divide(double_divide(X2,X1),identity)),double_divide(X3,identity))))) [forward demodulation 19179,5348]
19335. double_divide(double_divide(identity,double_divide(identity,X3)),identity) = double_divide(X0,double_divide(double_divide(double_divide(identity,X2),double_divide(double_divide(X2,X1),identity)),double_divide(X3,double_divide(X1,X0)))) [forward demodulation 19267,1301]
19386. double_divide(double_divide(identity,double_divide(identity,X3)),identity) = double_divide(X0,double_divide(double_divide(identity,double_divide(double_divide(identity,X1),identity)),double_divide(X3,double_divide(X1,X0)))) [forward demodulation 19335,7183]
19427. double_divide(double_divide(identity,double_divide(identity,X3)),identity) = double_divide(X0,double_divide(double_divide(identity,X1),double_divide(X3,double_divide(X1,X0)))) [forward demodulation 19386,660]
19458. double_divide(X0,double_divide(double_divide(identity,X1),double_divide(X3,double_divide(X1,X0)))) = double_divide(identity,double_divide(identity,double_divide(identity,X3))) [forward demodulation 19427,627]
19480. double_divide(X3,identity) = double_divide(X0,double_divide(double_divide(identity,X1),double_divide(X3,double_divide(X1,X0)))) [forward demodulation 19458,1743]
25121. double_divide(double_divide(X0,double_divide(double_divide(X2,double_divide(identity,double_divide(X1,identity))),identity)),double_divide(identity,identity)) = double_divide(double_divide(double_divide(identity,double_divide(identity,X0)),double_divide(identity,identity)),double_divide(double_divide(double_divide(X1,X2),identity),identity)) [superposition 30,56]
25152. double_divide(double_divide(double_divide(double_divide(X1,X2),identity),X0),identity) = double_divide(identity,double_divide(double_divide(double_divide(identity,X0),double_divide(identity,identity)),double_divide(double_divide(X2,double_divide(identity,double_divide(X1,identity))),identity))) [superposition 619,56]
25153. double_divide(double_divide(double_divide(X2,X1),identity),X0) = double_divide(double_divide(double_divide(X1,double_divide(identity,double_divide(X2,identity))),identity),double_divide(double_divide(identity,X0),double_divide(identity,identity))) [superposition 660,56]
25164. double_divide(double_divide(double_divide(X2,X1),identity),X0) = double_divide(double_divide(double_divide(X1,double_divide(identity,double_divide(X2,identity))),identity),double_divide(identity,double_divide(X0,identity))) [forward demodulation 25153,675]
25165. double_divide(double_divide(double_divide(double_divide(X1,X2),identity),X0),identity) = double_divide(double_divide(identity,X0),double_divide(identity,double_divide(double_divide(X2,double_divide(identity,double_divide(X1,identity))),identity))) [forward demodulation 25152,2999]
25196. double_divide(double_divide(X0,double_divide(double_divide(X2,double_divide(identity,double_divide(X1,identity))),identity)),double_divide(identity,identity)) = double_divide(identity,double_divide(double_divide(identity,double_divide(identity,X0)),double_divide(identity,double_divide(double_divide(double_divide(X1,X2),identity),identity)))) [forward demodulation 25121,5348]
25379. double_divide(double_divide(double_divide(X2,X1),identity),X0) = double_divide(double_divide(double_divide(X1,double_divide(identity,double_divide(X2,identity))),double_divide(identity,X0)),identity) [forward demodulation 25164,1315]
25380. double_divide(double_divide(double_divide(double_divide(X1,X2),identity),X0),identity) = double_divide(identity,double_divide(X0,double_divide(double_divide(X2,double_divide(identity,double_divide(X1,identity))),identity))) [forward demodulation 25165,11324]
25411. double_divide(double_divide(X0,double_divide(double_divide(X2,double_divide(identity,double_divide(X1,identity))),identity)),double_divide(identity,identity)) = double_divide(identity,double_divide(X0,double_divide(identity,double_divide(double_divide(double_divide(X1,X2),identity),identity)))) [forward demodulation 25196,2999]
25593. double_divide(double_divide(double_divide(X2,X1),identity),X0) = double_divide(identity,double_divide(double_divide(X1,double_divide(identity,double_divide(X2,identity))),double_divide(identity,X0))) [forward demodulation 25379,627]
25594. double_divide(double_divide(double_divide(double_divide(X1,X2),identity),X0),identity) = double_divide(identity,double_divide(X0,double_divide(identity,double_divide(X2,double_divide(identity,double_divide(X1,identity)))))) [forward demodulation 25380,1867]
25624. double_divide(double_divide(X0,double_divide(double_divide(X2,double_divide(identity,double_divide(X1,identity))),identity)),double_divide(identity,identity)) = double_divide(double_divide(X0,identity),double_divide(double_divide(double_divide(X1,X2),identity),identity)) [forward demodulation 25411,5771]
25803. double_divide(double_divide(double_divide(X2,X1),identity),X0) = double_divide(X1,double_divide(double_divide(X2,identity),double_divide(identity,X0))) [forward demodulation 25593,2999]
25804. double_divide(double_divide(double_divide(double_divide(X1,X2),identity),X0),identity) = double_divide(double_divide(X0,identity),double_divide(X2,double_divide(identity,double_divide(X1,identity)))) [forward demodulation 25594,5771]
25834. double_divide(identity,double_divide(double_divide(double_divide(X1,X2),identity),X0)) = double_divide(double_divide(X0,double_divide(double_divide(X2,double_divide(identity,double_divide(X1,identity))),identity)),double_divide(identity,identity)) [forward demodulation 25624,3844]
26001. double_divide(double_divide(double_divide(X2,X1),identity),X0) = double_divide(X1,double_divide(identity,double_divide(X0,X2))) [forward demodulation 25803,2831]
26002. double_divide(double_divide(double_divide(double_divide(X1,X2),identity),X0),identity) = double_divide(double_divide(X0,identity),double_divide(X2,X1)) [forward demodulation 25804,660]
26028. double_divide(identity,double_divide(double_divide(double_divide(X1,X2),identity),X0)) = double_divide(double_divide(identity,identity),double_divide(X0,double_divide(double_divide(X2,double_divide(identity,double_divide(X1,identity))),identity))) [forward demodulation 25834,2299]
26182. double_divide(double_divide(identity,double_divide(X2,X1)),X0) = double_divide(X1,double_divide(identity,double_divide(X0,X2))) [forward demodulation 26001,627]
26183. double_divide(identity,double_divide(double_divide(double_divide(X1,X2),identity),X0)) = double_divide(double_divide(X0,identity),double_divide(X2,X1)) [forward demodulation 26002,627]
26208. double_divide(identity,double_divide(double_divide(double_divide(X1,X2),identity),X0)) = double_divide(double_divide(identity,identity),double_divide(X0,double_divide(identity,double_divide(X2,double_divide(identity,double_divide(X1,identity)))))) [forward demodulation 26028,627]
26333. double_divide(double_divide(identity,X0),double_divide(X1,X2)) = double_divide(double_divide(X0,identity),double_divide(X2,X1)) [forward demodulation 26183,5948]
26358. double_divide(identity,double_divide(double_divide(double_divide(X1,X2),identity),X0)) = double_divide(double_divide(X2,double_divide(identity,double_divide(X1,identity))),double_divide(X0,identity)) [forward demodulation 26208,7202]
26481. double_divide(identity,double_divide(double_divide(double_divide(X1,X2),identity),X0)) = double_divide(identity,double_divide(X2,double_divide(double_divide(X1,identity),double_divide(X0,identity)))) [forward demodulation 26358,5348]
26582. double_divide(identity,double_divide(double_divide(double_divide(X1,X2),identity),X0)) = double_divide(double_divide(X1,identity),double_divide(X0,X2)) [forward demodulation 26481,1301]
26666. double_divide(double_divide(identity,X0),double_divide(X1,X2)) = double_divide(double_divide(X1,identity),double_divide(X0,X2)) [forward demodulation 26582,5948]
27905. double_divide(double_divide(double_divide(identity,X1),X0),identity) = double_divide(double_divide(X2,double_divide(double_divide(double_divide(X1,X2),double_divide(identity,identity)),double_divide(double_divide(double_divide(identity,X0),identity),identity))),double_divide(identity,identity)) [superposition 70,317]
27920. double_divide(double_divide(X0,double_divide(identity,X1)),identity) = double_divide(double_divide(X2,double_divide(double_divide(double_divide(X1,X2),double_divide(identity,identity)),double_divide(X0,identity))),double_divide(identity,identity)) [superposition 70,410]
28087. double_divide(double_divide(X0,double_divide(identity,X1)),identity) = double_divide(double_divide(identity,identity),double_divide(X2,double_divide(double_divide(double_divide(X1,X2),double_divide(identity,identity)),double_divide(X0,identity)))) [forward demodulation 27920,2299]
28102. double_divide(double_divide(double_divide(identity,X1),X0),identity) = double_divide(double_divide(identity,identity),double_divide(X2,double_divide(double_divide(double_divide(X1,X2),double_divide(identity,identity)),double_divide(double_divide(double_divide(identity,X0),identity),identity)))) [forward demodulation 27905,2299]
28311. double_divide(double_divide(X0,double_divide(identity,X1)),identity) = double_divide(double_divide(identity,identity),double_divide(X2,double_divide(identity,double_divide(double_divide(X1,X2),double_divide(identity,double_divide(X0,identity)))))) [forward demodulation 28087,5348]
28326. double_divide(double_divide(double_divide(identity,X1),X0),identity) = double_divide(double_divide(identity,identity),double_divide(X2,double_divide(identity,double_divide(double_divide(X1,X2),double_divide(identity,double_divide(double_divide(double_divide(identity,X0),identity),identity)))))) [forward demodulation 28102,5348]
28534. double_divide(double_divide(X0,double_divide(identity,X1)),identity) = double_divide(double_divide(double_divide(X1,X2),double_divide(identity,double_divide(X0,identity))),double_divide(X2,identity)) [forward demodulation 28311,7202]
28549. double_divide(double_divide(double_divide(identity,X1),X0),identity) = double_divide(double_divide(double_divide(X1,X2),double_divide(identity,double_divide(double_divide(double_divide(identity,X0),identity),identity))),double_divide(X2,identity)) [forward demodulation 28326,7202]
28753. double_divide(double_divide(X0,double_divide(identity,X1)),identity) = double_divide(double_divide(identity,X2),double_divide(double_divide(X1,X2),double_divide(identity,double_divide(X0,identity)))) [forward demodulation 28534,2299]
28767. double_divide(double_divide(double_divide(identity,X1),X0),identity) = double_divide(double_divide(identity,X2),double_divide(double_divide(X1,X2),double_divide(identity,double_divide(double_divide(double_divide(identity,X0),identity),identity)))) [forward demodulation 28549,2299]
28963. double_divide(double_divide(X0,double_divide(identity,X1)),identity) = double_divide(double_divide(identity,X2),double_divide(double_divide(X1,X2),X0)) [forward demodulation 28753,660]
28977. double_divide(double_divide(double_divide(identity,X1),X0),identity) = double_divide(double_divide(identity,X2),double_divide(double_divide(X1,X2),double_divide(double_divide(identity,X0),identity))) [forward demodulation 28767,660]
29164. double_divide(identity,double_divide(X0,double_divide(identity,X1))) = double_divide(double_divide(identity,X2),double_divide(double_divide(X1,X2),X0)) [forward demodulation 28963,627]
29174. double_divide(double_divide(double_divide(identity,X1),X0),identity) = double_divide(double_divide(identity,X2),double_divide(double_divide(X1,X2),double_divide(identity,double_divide(identity,X0)))) [forward demodulation 28977,627]
29336. double_divide(double_divide(X0,identity),X1) = double_divide(double_divide(identity,X2),double_divide(double_divide(X1,X2),X0)) [forward demodulation 29164,5771]
29345. double_divide(double_divide(double_divide(identity,X1),X0),identity) = double_divide(double_divide(identity,X2),double_divide(double_divide(X1,X2),X0)) [forward demodulation 29174,1771]
29493. double_divide(double_divide(X0,identity),X1) = double_divide(double_divide(double_divide(identity,X1),X0),identity) [forward demodulation 29345,29336]
29624. double_divide(double_divide(X0,identity),X1) = double_divide(identity,double_divide(double_divide(identity,X1),X0)) [forward demodulation 29493,627]
30038. double_divide(X2,double_divide(double_divide(X0,X1),identity)) = double_divide(double_divide(identity,double_divide(X0,double_divide(identity,double_divide(identity,X1)))),X2) [superposition 2299,73]
30173. double_divide(double_divide(X0,identity),X1) = double_divide(double_divide(identity,X0),X1) [superposition 1334,2299]
30387. double_divide(X0,double_divide(identity,X1)) = double_divide(X0,double_divide(X1,identity)) [superposition 1334,2299]
30677. double_divide(X2,double_divide(double_divide(X0,X1),identity)) = double_divide(double_divide(identity,double_divide(identity,X1)),double_divide(identity,double_divide(X2,X0))) [forward demodulation 30038,26182]
30922. double_divide(X2,double_divide(double_divide(X0,X1),identity)) = double_divide(identity,double_divide(identity,double_divide(X1,double_divide(identity,double_divide(X2,X0))))) [forward demodulation 30677,5348]
31117. double_divide(X2,double_divide(double_divide(X0,X1),identity)) = double_divide(X1,double_divide(identity,double_divide(X2,X0))) [forward demodulation 30922,1771]
31280. double_divide(X2,double_divide(identity,double_divide(X0,X1))) = double_divide(X1,double_divide(identity,double_divide(X2,X0))) [forward demodulation 31117,30387]
31950. double_divide(double_divide(identity,double_divide(X0,identity)),double_divide(X1,identity)) = double_divide(double_divide(double_divide(identity,double_divide(double_divide(X0,double_divide(identity,X1)),identity)),double_divide(identity,identity)),double_divide(identity,identity)) [superposition 66,111]
31977. double_divide(double_divide(identity,double_divide(double_divide(double_divide(identity,identity),X0),double_divide(double_divide(double_divide(identity,double_divide(double_divide(double_divide(X1,double_divide(identity,X2)),identity),double_divide(double_divide(identity,double_divide(X1,identity)),double_divide(X2,identity)))),double_divide(double_divide(identity,identity),identity)),identity))),identity) = X0 [superposition 233,111]
32015. double_divide(identity,double_divide(identity,double_divide(double_divide(double_divide(identity,identity),X0),double_divide(double_divide(double_divide(identity,double_divide(double_divide(double_divide(X1,double_divide(identity,X2)),identity),double_divide(double_divide(identity,double_divide(X1,identity)),double_divide(X2,identity)))),double_divide(double_divide(identity,identity),identity)),identity)))) = X0 [forward demodulation 31977,627]
32042. double_divide(double_divide(identity,double_divide(X0,identity)),double_divide(X1,identity)) = double_divide(double_divide(identity,identity),double_divide(double_divide(identity,double_divide(double_divide(X0,double_divide(identity,X1)),identity)),double_divide(identity,identity))) [forward demodulation 31950,2299]
32209. double_divide(double_divide(double_divide(identity,identity),X0),double_divide(double_divide(double_divide(identity,double_divide(double_divide(double_divide(X1,double_divide(identity,X2)),identity),double_divide(double_divide(identity,double_divide(X1,identity)),double_divide(X2,identity)))),double_divide(double_divide(identity,identity),identity)),identity)) = X0 [forward demodulation 32015,1771]
32236. double_divide(double_divide(identity,double_divide(X0,identity)),double_divide(X1,identity)) = double_divide(identity,double_divide(double_divide(X0,double_divide(identity,X1)),identity)) [forward demodulation 32042,660]
32402. double_divide(double_divide(double_divide(identity,identity),X0),double_divide(identity,double_divide(double_divide(identity,double_divide(double_divide(double_divide(X1,double_divide(identity,X2)),identity),double_divide(double_divide(identity,double_divide(X1,identity)),double_divide(X2,identity)))),double_divide(double_divide(identity,identity),identity)))) = X0 [forward demodulation 32209,30387]
32429. double_divide(X0,double_divide(identity,X1)) = double_divide(double_divide(identity,double_divide(X0,identity)),double_divide(X1,identity)) [forward demodulation 32236,660]
32589. double_divide(double_divide(double_divide(identity,identity),X0),double_divide(double_divide(double_divide(double_divide(X1,double_divide(identity,X2)),identity),double_divide(double_divide(identity,double_divide(X1,identity)),double_divide(X2,identity))),double_divide(double_divide(double_divide(identity,identity),identity),identity))) = X0 [forward demodulation 32402,13648]
32616. double_divide(X0,double_divide(identity,X1)) = double_divide(identity,double_divide(identity,double_divide(double_divide(X1,identity),X0))) [forward demodulation 32429,26182]
32773. double_divide(double_divide(double_divide(identity,identity),X0),double_divide(double_divide(identity,double_divide(double_divide(identity,identity),identity)),double_divide(double_divide(double_divide(X1,double_divide(identity,X2)),identity),double_divide(double_divide(identity,double_divide(X1,identity)),double_divide(X2,identity))))) = X0 [forward demodulation 32589,2299]
32800. double_divide(X0,double_divide(identity,X1)) = double_divide(double_divide(X1,identity),X0) [forward demodulation 32616,1771]
32953. double_divide(double_divide(double_divide(identity,identity),X0),double_divide(identity,double_divide(identity,double_divide(double_divide(double_divide(double_divide(X1,double_divide(identity,X2)),identity),double_divide(double_divide(identity,double_divide(X1,identity)),double_divide(X2,identity))),double_divide(identity,identity))))) = X0 [forward demodulation 32773,26182]
33132. double_divide(identity,double_divide(identity,double_divide(double_divide(double_divide(double_divide(double_divide(X1,double_divide(identity,X2)),identity),double_divide(double_divide(identity,double_divide(X1,identity)),double_divide(X2,identity))),double_divide(identity,identity)),double_divide(double_divide(identity,identity),X0)))) = X0 [forward demodulation 32953,31280]
33305. double_divide(double_divide(double_divide(double_divide(double_divide(X1,double_divide(identity,X2)),identity),double_divide(double_divide(identity,double_divide(X1,identity)),double_divide(X2,identity))),double_divide(identity,identity)),double_divide(double_divide(identity,identity),X0)) = X0 [forward demodulation 33132,1771]
33470. double_divide(identity,double_divide(double_divide(double_divide(double_divide(X1,double_divide(identity,X2)),identity),double_divide(double_divide(identity,double_divide(X1,identity)),double_divide(X2,identity))),double_divide(identity,double_divide(double_divide(identity,identity),X0)))) = X0 [forward demodulation 33305,5348]
33625. double_divide(double_divide(double_divide(double_divide(double_divide(X1,double_divide(identity,X2)),identity),double_divide(double_divide(identity,double_divide(X1,identity)),double_divide(X2,identity))),identity),double_divide(double_divide(identity,identity),X0)) = X0 [forward demodulation 33470,5771]
33765. double_divide(double_divide(identity,double_divide(double_divide(double_divide(X1,double_divide(identity,X2)),identity),double_divide(double_divide(identity,double_divide(X1,identity)),double_divide(X2,identity)))),double_divide(X0,double_divide(identity,identity))) = X0 [forward demodulation 33625,26333]
33873. double_divide(double_divide(double_divide(identity,double_divide(X1,identity)),double_divide(X2,identity)),double_divide(identity,double_divide(double_divide(X0,double_divide(identity,identity)),double_divide(double_divide(X1,double_divide(identity,X2)),identity)))) = X0 [forward demodulation 33765,26182]
33962. double_divide(double_divide(double_divide(X1,double_divide(identity,X2)),identity),double_divide(identity,double_divide(double_divide(double_divide(identity,double_divide(X1,identity)),double_divide(X2,identity)),double_divide(X0,double_divide(identity,identity))))) = X0 [forward demodulation 33873,31280]
34029. double_divide(double_divide(double_divide(X1,double_divide(identity,X2)),double_divide(identity,double_divide(double_divide(identity,double_divide(X1,identity)),double_divide(X2,identity)))),double_divide(X0,double_divide(identity,identity))) = X0 [forward demodulation 33962,1315]
34081. double_divide(identity,double_divide(double_divide(X1,double_divide(identity,X2)),double_divide(double_divide(double_divide(identity,double_divide(X1,identity)),double_divide(X2,identity)),double_divide(X0,double_divide(identity,identity))))) = X0 [forward demodulation 34029,5348]
34120. double_divide(X1,double_divide(X2,double_divide(double_divide(double_divide(identity,double_divide(X1,identity)),double_divide(X2,identity)),double_divide(X0,double_divide(identity,identity))))) = X0 [forward demodulation 34081,2999]
34150. double_divide(X1,double_divide(X2,double_divide(double_divide(double_divide(identity,double_divide(X1,identity)),double_divide(X2,identity)),double_divide(X0,identity)))) = X0 [forward demodulation 34120,170]
34171. double_divide(X1,double_divide(X2,double_divide(double_divide(identity,double_divide(identity,double_divide(double_divide(X2,identity),X1))),double_divide(X0,identity)))) = X0 [forward demodulation 34150,26182]
34189. double_divide(X1,double_divide(X2,double_divide(identity,double_divide(identity,double_divide(double_divide(double_divide(X2,identity),X1),double_divide(X0,identity)))))) = X0 [forward demodulation 34171,5348]
34203. double_divide(X1,double_divide(X2,double_divide(double_divide(double_divide(X2,identity),X1),double_divide(X0,identity)))) = X0 [forward demodulation 34189,1771]
34990. double_divide(double_divide(X3,double_divide(identity,X0)),double_divide(identity,identity)) = double_divide(double_divide(double_divide(identity,double_divide(double_divide(double_divide(identity,double_divide(X1,identity)),X0),double_divide(double_divide(X2,double_divide(double_divide(X1,double_divide(identity,X2)),identity)),identity))),X3),identity) [superposition 29,235]
35110. double_divide(double_divide(X3,double_divide(identity,X0)),double_divide(identity,identity)) = double_divide(identity,double_divide(double_divide(identity,double_divide(double_divide(double_divide(identity,double_divide(X1,identity)),X0),double_divide(double_divide(X2,double_divide(double_divide(X1,double_divide(identity,X2)),identity)),identity))),X3)) [forward demodulation 34990,627]
35356. double_divide(double_divide(X3,double_divide(identity,X0)),double_divide(identity,identity)) = double_divide(double_divide(double_divide(double_divide(identity,double_divide(X1,identity)),X0),double_divide(double_divide(X2,double_divide(double_divide(X1,double_divide(identity,X2)),identity)),identity)),double_divide(X3,identity)) [forward demodulation 35110,13648]
35601. double_divide(double_divide(X3,double_divide(identity,X0)),double_divide(identity,identity)) = double_divide(double_divide(double_divide(double_divide(identity,double_divide(X1,identity)),X0),double_divide(identity,double_divide(X2,double_divide(double_divide(X1,double_divide(identity,X2)),identity)))),double_divide(X3,identity)) [forward demodulation 35356,30387]
35841. double_divide(double_divide(X3,double_divide(identity,X0)),double_divide(identity,identity)) = double_divide(identity,double_divide(double_divide(double_divide(identity,double_divide(X1,identity)),X0),double_divide(double_divide(X2,double_divide(double_divide(X1,double_divide(identity,X2)),identity)),double_divide(X3,identity)))) [forward demodulation 35601,5348]
36077. double_divide(double_divide(X3,double_divide(identity,X0)),double_divide(identity,identity)) = double_divide(double_divide(X2,double_divide(double_divide(X1,double_divide(identity,X2)),identity)),double_divide(X3,double_divide(double_divide(identity,double_divide(X1,identity)),X0))) [forward demodulation 35841,1301]
36309. double_divide(double_divide(X3,double_divide(identity,X0)),double_divide(identity,identity)) = double_divide(double_divide(X2,double_divide(double_divide(X1,double_divide(identity,X2)),identity)),double_divide(X3,double_divide(identity,double_divide(identity,double_divide(X0,X1))))) [forward demodulation 36077,26182]
36524. double_divide(double_divide(X3,double_divide(identity,X0)),double_divide(identity,identity)) = double_divide(double_divide(X2,double_divide(double_divide(X1,double_divide(identity,X2)),identity)),double_divide(X3,double_divide(X0,X1))) [forward demodulation 36309,1771]
36721. double_divide(double_divide(X3,double_divide(identity,X0)),double_divide(identity,identity)) = double_divide(double_divide(X2,double_divide(identity,double_divide(X1,double_divide(identity,X2)))),double_divide(X3,double_divide(X0,X1))) [forward demodulation 36524,30387]
36897. double_divide(double_divide(X3,double_divide(identity,X0)),double_divide(identity,identity)) = double_divide(identity,double_divide(X2,double_divide(double_divide(X1,double_divide(identity,X2)),double_divide(X3,double_divide(X0,X1))))) [forward demodulation 36721,5348]
37028. double_divide(double_divide(X3,double_divide(identity,X0)),double_divide(identity,identity)) = double_divide(identity,double_divide(X2,double_divide(identity,double_divide(X1,double_divide(X2,double_divide(X3,double_divide(X0,X1))))))) [forward demodulation 36897,5348]
37135. double_divide(double_divide(X3,double_divide(identity,X0)),double_divide(identity,identity)) = double_divide(double_divide(X2,identity),double_divide(X1,double_divide(X2,double_divide(X3,double_divide(X0,X1))))) [forward demodulation 37028,5771]
37221. double_divide(double_divide(X3,double_divide(identity,X0)),double_divide(identity,identity)) = double_divide(double_divide(X3,double_divide(X0,X1)),double_divide(X1,identity)) [forward demodulation 37135,7202]
37285. double_divide(double_divide(X3,double_divide(identity,X0)),double_divide(identity,identity)) = double_divide(double_divide(identity,X1),double_divide(X3,double_divide(X0,X1))) [forward demodulation 37221,2299]
37338. double_divide(double_divide(identity,identity),double_divide(X3,double_divide(identity,X0))) = double_divide(double_divide(identity,X1),double_divide(X3,double_divide(X0,X1))) [forward demodulation 37285,2299]
37385. double_divide(X0,double_divide(X3,identity)) = double_divide(double_divide(identity,X1),double_divide(X3,double_divide(X0,X1))) [forward demodulation 37338,7202]
37693. double_divide(double_divide(identity,X2),double_divide(double_divide(X0,X1),identity)) = double_divide(double_divide(double_divide(X1,X0),X2),double_divide(identity,identity)) [superposition 30,3606]
37762. double_divide(double_divide(identity,X2),double_divide(double_divide(X0,X1),identity)) = double_divide(double_divide(identity,identity),double_divide(double_divide(X1,X0),X2)) [forward demodulation 37693,2299]
37931. double_divide(double_divide(identity,X2),double_divide(double_divide(X0,X1),identity)) = double_divide(identity,double_divide(double_divide(X1,X0),X2)) [forward demodulation 37762,170]
38078. double_divide(identity,double_divide(double_divide(X1,X0),X2)) = double_divide(double_divide(identity,X2),double_divide(identity,double_divide(X0,X1))) [forward demodulation 37931,30387]
38195. double_divide(identity,double_divide(X2,double_divide(X0,X1))) = double_divide(identity,double_divide(double_divide(X1,X0),X2)) [forward demodulation 38078,11324]
47028. double_divide(X1,double_divide(identity,X0)) = double_divide(double_divide(double_divide(X2,double_divide(X2,X0)),identity),X1) [superposition 32800,695]
47380. double_divide(double_divide(X0,X2),double_divide(identity,identity)) = double_divide(double_divide(double_divide(double_divide(identity,X0),double_divide(identity,X1)),X2),double_divide(double_divide(X1,identity),identity)) [superposition 30,32800]
47464. double_divide(double_divide(X0,X2),double_divide(identity,identity)) = double_divide(double_divide(identity,double_divide(X1,identity)),double_divide(double_divide(double_divide(identity,X0),double_divide(identity,X1)),X2)) [forward demodulation 47380,2299]
47751. double_divide(X1,double_divide(identity,X0)) = double_divide(double_divide(identity,double_divide(X2,double_divide(X2,X0))),X1) [forward demodulation 47028,30173]
47789. double_divide(double_divide(X0,X2),double_divide(identity,identity)) = double_divide(identity,double_divide(identity,double_divide(double_divide(double_divide(double_divide(identity,X0),double_divide(identity,X1)),X2),X1))) [forward demodulation 47464,26182]
48018. double_divide(X1,double_divide(identity,X0)) = double_divide(double_divide(X2,X0),double_divide(identity,double_divide(X1,X2))) [forward demodulation 47751,26182]
48052. double_divide(double_divide(X0,X2),double_divide(identity,identity)) = double_divide(double_divide(double_divide(double_divide(identity,X0),double_divide(identity,X1)),X2),X1) [forward demodulation 47789,1771]
48239. double_divide(X1,double_divide(identity,X0)) = double_divide(X2,double_divide(identity,double_divide(double_divide(X2,X0),X1))) [forward demodulation 48018,31280]
48269. double_divide(double_divide(X0,X2),double_divide(identity,identity)) = double_divide(X1,double_divide(double_divide(double_divide(identity,X0),double_divide(identity,X1)),X2)) [forward demodulation 48052,1334]
48436. double_divide(double_divide(X0,X2),double_divide(identity,identity)) = double_divide(X1,double_divide(identity,double_divide(double_divide(identity,X0),double_divide(X1,X2)))) [forward demodulation 48269,5348]
48578. double_divide(double_divide(X0,X2),double_divide(identity,identity)) = double_divide(X1,double_divide(X0,double_divide(double_divide(X1,X2),identity))) [forward demodulation 48436,13648]
48701. double_divide(double_divide(X0,X2),double_divide(identity,identity)) = double_divide(X1,double_divide(X0,double_divide(identity,double_divide(X1,X2)))) [forward demodulation 48578,30387]
48800. double_divide(double_divide(X0,X2),identity) = double_divide(X1,double_divide(X0,double_divide(identity,double_divide(X1,X2)))) [forward demodulation 48701,170]
48876. double_divide(identity,double_divide(X0,X2)) = double_divide(X1,double_divide(X0,double_divide(identity,double_divide(X1,X2)))) [forward demodulation 48800,627]
49251. double_divide(double_divide(double_divide(double_divide(identity,X0),double_divide(identity,identity)),identity),double_divide(double_divide(double_divide(double_divide(identity,double_divide(identity,X1)),X2),identity),identity)) = double_divide(double_divide(identity,double_divide(identity,double_divide(double_divide(double_divide(X1,X2),double_divide(identity,identity)),X0))),identity) [superposition 79,59]
49304. double_divide(double_divide(double_divide(double_divide(identity,X0),double_divide(identity,identity)),identity),double_divide(double_divide(double_divide(double_divide(identity,double_divide(identity,X1)),X2),identity),identity)) = double_divide(identity,double_divide(identity,double_divide(identity,double_divide(double_divide(double_divide(X1,X2),double_divide(identity,identity)),X0)))) [forward demodulation 49251,627]
49553. double_divide(double_divide(double_divide(double_divide(X1,X2),double_divide(identity,identity)),X0),identity) = double_divide(double_divide(double_divide(double_divide(identity,X0),double_divide(identity,identity)),identity),double_divide(double_divide(double_divide(double_divide(identity,double_divide(identity,X1)),X2),identity),identity)) [forward demodulation 49304,1743]
49800. double_divide(double_divide(double_divide(double_divide(X1,X2),double_divide(identity,identity)),X0),identity) = double_divide(double_divide(double_divide(double_divide(identity,X0),double_divide(identity,identity)),identity),double_divide(identity,double_divide(double_divide(double_divide(identity,double_divide(identity,X1)),X2),identity))) [forward demodulation 49553,30387]
50046. double_divide(double_divide(double_divide(double_divide(X1,X2),double_divide(identity,identity)),X0),identity) = double_divide(identity,double_divide(identity,double_divide(double_divide(double_divide(double_divide(identity,X0),double_divide(identity,identity)),identity),double_divide(double_divide(identity,double_divide(identity,X1)),X2)))) [forward demodulation 49800,31280]
50282. double_divide(double_divide(double_divide(double_divide(X1,X2),double_divide(identity,identity)),X0),identity) = double_divide(double_divide(double_divide(double_divide(identity,X0),double_divide(identity,identity)),identity),double_divide(double_divide(identity,double_divide(identity,X1)),X2)) [forward demodulation 50046,1771]
50504. double_divide(double_divide(double_divide(double_divide(X1,X2),double_divide(identity,identity)),X0),identity) = double_divide(double_divide(identity,double_divide(double_divide(identity,X0),double_divide(identity,identity))),double_divide(X2,double_divide(identity,double_divide(identity,X1)))) [forward demodulation 50282,26333]
50713. double_divide(double_divide(double_divide(double_divide(X1,X2),double_divide(identity,identity)),X0),identity) = double_divide(double_divide(identity,identity),double_divide(identity,double_divide(double_divide(X2,double_divide(identity,double_divide(identity,X1))),double_divide(identity,X0)))) [forward demodulation 50504,26182]
50899. double_divide(double_divide(double_divide(double_divide(X1,X2),double_divide(identity,identity)),X0),identity) = double_divide(double_divide(identity,double_divide(identity,double_divide(X2,double_divide(identity,double_divide(identity,X1))))),double_divide(identity,X0)) [forward demodulation 50713,1315]
51065. double_divide(double_divide(double_divide(double_divide(X1,X2),double_divide(identity,identity)),X0),identity) = double_divide(identity,double_divide(identity,double_divide(double_divide(X2,double_divide(identity,double_divide(identity,X1))),double_divide(identity,X0)))) [forward demodulation 50899,5348]
51207. double_divide(double_divide(double_divide(double_divide(X1,X2),double_divide(identity,identity)),X0),identity) = double_divide(double_divide(X2,double_divide(identity,double_divide(identity,X1))),double_divide(identity,X0)) [forward demodulation 51065,1771]
51326. double_divide(double_divide(double_divide(double_divide(X1,X2),double_divide(identity,identity)),X0),identity) = double_divide(identity,double_divide(X2,double_divide(double_divide(identity,X1),double_divide(identity,X0)))) [forward demodulation 51207,5348]
51424. double_divide(double_divide(double_divide(double_divide(X1,X2),double_divide(identity,identity)),X0),identity) = double_divide(identity,double_divide(X2,double_divide(identity,double_divide(X1,X0)))) [forward demodulation 51326,11324]
51498. double_divide(double_divide(X2,identity),double_divide(X1,X0)) = double_divide(double_divide(double_divide(double_divide(X1,X2),double_divide(identity,identity)),X0),identity) [forward demodulation 51424,5771]
51561. double_divide(double_divide(X2,identity),double_divide(X1,X0)) = double_divide(identity,double_divide(double_divide(double_divide(X1,X2),double_divide(identity,identity)),X0)) [forward demodulation 51498,627]
51608. double_divide(double_divide(X2,identity),double_divide(X1,X0)) = double_divide(double_divide(X1,X2),double_divide(identity,X0)) [forward demodulation 51561,2999]
52712. double_divide(double_divide(X0,double_divide(X1,identity)),identity) = double_divide(double_divide(double_divide(X2,double_divide(identity,X0)),identity),double_divide(double_divide(X1,double_divide(identity,X2)),identity)) [superposition 61,170]
52862. double_divide(double_divide(X2,double_divide(identity,X0)),double_divide(identity,identity)) = double_divide(double_divide(double_divide(X0,double_divide(X1,identity)),double_divide(identity,identity)),double_divide(double_divide(X1,double_divide(identity,X2)),identity)) [superposition 1314,61]
52873. double_divide(double_divide(X2,double_divide(identity,X0)),double_divide(identity,identity)) = double_divide(double_divide(double_divide(X0,double_divide(X1,identity)),double_divide(identity,identity)),double_divide(identity,double_divide(X1,double_divide(identity,X2)))) [forward demodulation 52862,30387]
53017. double_divide(double_divide(X0,double_divide(X1,identity)),identity) = double_divide(double_divide(double_divide(X2,double_divide(identity,X0)),identity),double_divide(identity,double_divide(X1,double_divide(identity,X2)))) [forward demodulation 52712,30387]
53079. double_divide(double_divide(X2,double_divide(identity,X0)),double_divide(identity,identity)) = double_divide(X1,double_divide(identity,double_divide(double_divide(identity,X2),double_divide(double_divide(X0,double_divide(X1,identity)),double_divide(identity,identity))))) [forward demodulation 52873,31280]
53223. double_divide(double_divide(X0,double_divide(X1,identity)),identity) = double_divide(double_divide(identity,X2),double_divide(identity,double_divide(double_divide(double_divide(X2,double_divide(identity,X0)),identity),X1))) [forward demodulation 53017,31280]
53285. double_divide(double_divide(X2,double_divide(identity,X0)),double_divide(identity,identity)) = double_divide(X1,double_divide(X2,double_divide(double_divide(double_divide(X0,double_divide(X1,identity)),double_divide(identity,identity)),identity))) [forward demodulation 53079,13648]
53422. double_divide(double_divide(X0,double_divide(X1,identity)),identity) = double_divide(identity,double_divide(X2,double_divide(double_divide(double_divide(X2,double_divide(identity,X0)),identity),X1))) [forward demodulation 53223,11324]
53484. double_divide(double_divide(X2,double_divide(identity,X0)),double_divide(identity,identity)) = double_divide(X1,double_divide(X2,double_divide(identity,double_divide(double_divide(X0,double_divide(X1,identity)),double_divide(identity,identity))))) [forward demodulation 53285,30387]
53620. double_divide(double_divide(X0,double_divide(X1,identity)),identity) = double_divide(identity,double_divide(X2,double_divide(double_divide(identity,double_divide(X2,double_divide(identity,X0))),X1))) [forward demodulation 53422,30173]
53681. double_divide(double_divide(X2,double_divide(identity,X0)),double_divide(identity,identity)) = double_divide(X1,double_divide(X2,double_divide(identity,double_divide(double_divide(identity,identity),double_divide(double_divide(X1,identity),X0))))) [forward demodulation 53484,38195]
53812. double_divide(double_divide(X0,double_divide(X1,identity)),identity) = double_divide(identity,double_divide(X2,double_divide(double_divide(identity,X0),double_divide(identity,double_divide(X1,X2))))) [forward demodulation 53620,26182]
53872. double_divide(double_divide(X2,double_divide(identity,X0)),double_divide(identity,identity)) = double_divide(X1,double_divide(X2,double_divide(double_divide(identity,double_divide(double_divide(X1,identity),X0)),identity))) [forward demodulation 53681,5948]
53996. double_divide(double_divide(X0,double_divide(X1,identity)),identity) = double_divide(identity,double_divide(X2,double_divide(identity,double_divide(X0,double_divide(X1,X2))))) [forward demodulation 53812,11324]
54054. double_divide(double_divide(X2,double_divide(identity,X0)),double_divide(identity,identity)) = double_divide(X1,double_divide(X2,double_divide(identity,double_divide(identity,double_divide(double_divide(X1,identity),X0))))) [forward demodulation 53872,30387]
54156. double_divide(double_divide(X0,double_divide(X1,identity)),identity) = double_divide(double_divide(X2,identity),double_divide(X0,double_divide(X1,X2))) [forward demodulation 53996,5771]
54212. double_divide(double_divide(X2,double_divide(identity,X0)),double_divide(identity,identity)) = double_divide(X1,double_divide(X2,double_divide(double_divide(X1,identity),X0))) [forward demodulation 54054,1771]
54304. double_divide(identity,double_divide(X0,double_divide(X1,identity))) = double_divide(double_divide(X2,identity),double_divide(X0,double_divide(X1,X2))) [forward demodulation 54156,627]
54355. double_divide(X1,double_divide(X2,double_divide(double_divide(X1,identity),X0))) = double_divide(double_divide(identity,identity),double_divide(X2,double_divide(identity,X0))) [forward demodulation 54212,2299]
54426. double_divide(X1,double_divide(identity,X0)) = double_divide(double_divide(X2,identity),double_divide(X0,double_divide(X1,X2))) [forward demodulation 54304,5329]
54467. double_divide(X0,double_divide(X2,identity)) = double_divide(X1,double_divide(X2,double_divide(double_divide(X1,identity),X0))) [forward demodulation 54355,7202]
72898. double_divide(double_divide(double_divide(X1,double_divide(identity,X0)),double_divide(identity,identity)),double_divide(identity,identity)) = double_divide(double_divide(X0,double_divide(double_divide(double_divide(X1,X2),X2),identity)),double_divide(identity,identity)) [superposition 61,732]
73003. double_divide(double_divide(double_divide(X1,double_divide(identity,X0)),double_divide(identity,identity)),double_divide(identity,identity)) = double_divide(double_divide(identity,identity),double_divide(X0,double_divide(double_divide(double_divide(X1,X2),X2),identity))) [forward demodulation 72898,2299]
73201. double_divide(double_divide(double_divide(X1,double_divide(identity,X0)),double_divide(identity,identity)),double_divide(identity,identity)) = double_divide(double_divide(double_divide(X1,X2),X2),double_divide(identity,X0)) [forward demodulation 73003,54426]
73367. double_divide(double_divide(double_divide(X1,double_divide(identity,X0)),double_divide(identity,identity)),double_divide(identity,identity)) = double_divide(double_divide(X2,identity),double_divide(double_divide(X1,X2),X0)) [forward demodulation 73201,51608]
73505. double_divide(double_divide(identity,identity),double_divide(double_divide(X1,double_divide(identity,X0)),double_divide(identity,identity))) = double_divide(double_divide(X2,identity),double_divide(double_divide(X1,X2),X0)) [forward demodulation 73367,2299]
73625. double_divide(X1,double_divide(identity,X0)) = double_divide(double_divide(X2,identity),double_divide(double_divide(X1,X2),X0)) [forward demodulation 73505,660]
115178. double_divide(double_divide(X2,X1),X0) = double_divide(double_divide(X1,X2),X0) [superposition 18185,607]
115290. double_divide(X0,double_divide(X1,X2)) = double_divide(X0,double_divide(X2,X1)) [superposition 607,18185]
115300. double_divide(double_divide(X1,X2),X0) = double_divide(X0,double_divide(X2,X1)) [superposition 1771,18185]
180152. double_divide(double_divide(X0,double_divide(identity,X1)),X2) = double_divide(double_divide(X0,double_divide(X1,identity)),X2) [superposition 115178,2299]
180159. double_divide(double_divide(X0,double_divide(identity,X1)),X2) = double_divide(double_divide(double_divide(X1,identity),X0),X2) [superposition 115178,30387]
180160. double_divide(double_divide(double_divide(X0,identity),X1),X2) = double_divide(double_divide(double_divide(identity,X0),X1),X2) [superposition 115178,2299]
180171. double_divide(double_divide(double_divide(X0,double_divide(X1,identity)),double_divide(identity,identity)),X3) = double_divide(double_divide(double_divide(double_divide(X1,double_divide(identity,X2)),identity),double_divide(double_divide(X2,double_divide(identity,X0)),double_divide(identity,identity))),X3) [superposition 115178,61]
181922. double_divide(double_divide(double_divide(X0,double_divide(X1,identity)),double_divide(identity,identity)),X3) = double_divide(double_divide(double_divide(double_divide(X1,double_divide(identity,X2)),identity),double_divide(double_divide(identity,identity),double_divide(X2,double_divide(identity,X0)))),X3) [forward demodulation 180171,115290]
181933. double_divide(double_divide(double_divide(X1,identity),X0),X2) = double_divide(identity,double_divide(X0,double_divide(X1,X2))) [forward demodulation 180159,5348]
181936. double_divide(double_divide(X0,double_divide(X1,identity)),X2) = double_divide(identity,double_divide(X0,double_divide(X1,X2))) [forward demodulation 180152,5348]
182786. double_divide(double_divide(double_divide(X0,double_divide(X1,identity)),double_divide(identity,identity)),X3) = double_divide(double_divide(double_divide(identity,double_divide(X1,double_divide(identity,X2))),double_divide(double_divide(identity,identity),double_divide(X2,double_divide(identity,X0)))),X3) [forward demodulation 181922,180160]
183538. double_divide(double_divide(double_divide(X0,double_divide(X1,identity)),double_divide(identity,identity)),X3) = double_divide(double_divide(double_divide(identity,X2),double_divide(identity,double_divide(double_divide(double_divide(identity,identity),double_divide(X2,double_divide(identity,X0))),X1))),X3) [forward demodulation 182786,26182]
184228. double_divide(double_divide(double_divide(X0,double_divide(X1,identity)),double_divide(identity,identity)),X3) = double_divide(identity,double_divide(double_divide(identity,X2),double_divide(double_divide(double_divide(double_divide(identity,identity),double_divide(X2,double_divide(identity,X0))),X1),X3))) [forward demodulation 183538,5348]
184857. double_divide(double_divide(double_divide(X0,double_divide(X1,identity)),double_divide(identity,identity)),X3) = double_divide(X2,double_divide(double_divide(double_divide(double_divide(double_divide(identity,identity),double_divide(X2,double_divide(identity,X0))),X1),X3),identity)) [forward demodulation 184228,13648]
185424. double_divide(double_divide(double_divide(X0,double_divide(X1,identity)),double_divide(identity,identity)),X3) = double_divide(X2,double_divide(identity,double_divide(double_divide(double_divide(double_divide(identity,identity),double_divide(X2,double_divide(identity,X0))),X1),X3))) [forward demodulation 184857,30387]
185933. double_divide(double_divide(double_divide(X0,double_divide(X1,identity)),double_divide(identity,identity)),X3) = double_divide(X2,double_divide(identity,double_divide(double_divide(identity,double_divide(double_divide(X2,double_divide(identity,X0)),double_divide(identity,X1))),X3))) [forward demodulation 185424,181933]
186371. double_divide(double_divide(double_divide(X0,double_divide(X1,identity)),double_divide(identity,identity)),X3) = double_divide(X2,double_divide(double_divide(double_divide(X2,double_divide(identity,X0)),double_divide(identity,X1)),double_divide(X3,identity))) [forward demodulation 185933,13648]
186751. double_divide(double_divide(double_divide(X0,double_divide(X1,identity)),double_divide(identity,identity)),X3) = double_divide(X2,double_divide(identity,double_divide(double_divide(X2,double_divide(identity,X0)),double_divide(X1,double_divide(X3,identity))))) [forward demodulation 186371,5348]
187059. double_divide(double_divide(double_divide(X0,double_divide(X1,identity)),double_divide(identity,identity)),X3) = double_divide(double_divide(X1,double_divide(X3,identity)),double_divide(identity,double_divide(identity,X0))) [forward demodulation 186751,48239]
187318. double_divide(double_divide(double_divide(X0,double_divide(X1,identity)),double_divide(identity,identity)),X3) = double_divide(identity,double_divide(identity,double_divide(X0,double_divide(X1,double_divide(X3,identity))))) [forward demodulation 187059,31280]
187510. double_divide(double_divide(double_divide(X0,double_divide(X1,identity)),double_divide(identity,identity)),X3) = double_divide(X0,double_divide(X1,double_divide(X3,identity))) [forward demodulation 187318,1771]
187648. double_divide(identity,double_divide(double_divide(X0,double_divide(X1,identity)),double_divide(identity,X3))) = double_divide(X0,double_divide(X1,double_divide(X3,identity))) [forward demodulation 187510,5348]
187750. double_divide(X0,double_divide(X1,double_divide(X3,identity))) = double_divide(double_divide(double_divide(X0,double_divide(X1,identity)),identity),X3) [forward demodulation 187648,5771]
187818. double_divide(X0,double_divide(X1,double_divide(X3,identity))) = double_divide(double_divide(identity,double_divide(X0,double_divide(X1,identity))),X3) [forward demodulation 187750,30173]
187875. double_divide(X0,double_divide(X1,double_divide(X3,identity))) = double_divide(double_divide(X1,identity),double_divide(identity,double_divide(X3,X0))) [forward demodulation 187818,26182]
187919. double_divide(X0,double_divide(X1,double_divide(X3,identity))) = double_divide(identity,double_divide(double_divide(X3,X0),X1)) [forward demodulation 187875,2831]
198145. double_divide(X2,double_divide(X0,double_divide(X1,identity))) = double_divide(X2,double_divide(X0,double_divide(identity,X1))) [superposition 115290,2299]
198152. double_divide(X3,double_divide(X0,double_divide(X1,X2))) = double_divide(X3,double_divide(double_divide(X2,X1),X0)) [superposition 115290,115290]
198155. double_divide(X2,double_divide(double_divide(X0,identity),X1)) = double_divide(X2,double_divide(double_divide(identity,X0),X1)) [superposition 115290,2299]
221982. double_divide(double_divide(double_divide(X0,double_divide(X1,identity)),double_divide(identity,identity)),X3) = double_divide(X3,double_divide(double_divide(double_divide(X1,double_divide(identity,X2)),identity),double_divide(double_divide(X2,double_divide(identity,X0)),double_divide(identity,identity)))) [superposition 115300,61]
222203. double_divide(X3,double_divide(double_divide(X0,double_divide(X1,identity)),double_divide(identity,identity))) = double_divide(double_divide(double_divide(double_divide(X1,double_divide(identity,X2)),identity),double_divide(double_divide(X2,double_divide(identity,X0)),double_divide(identity,identity))),X3) [superposition 115300,61]
222607. double_divide(double_divide(double_divide(X1,X0),X2),identity) = double_divide(double_divide(X2,double_divide(identity,double_divide(identity,double_divide(X0,X1)))),double_divide(identity,identity)) [superposition 29,115300]
222788. double_divide(double_divide(X0,double_divide(X1,X2)),X3) = double_divide(double_divide(X0,double_divide(X2,X1)),X3) [superposition 115178,115300]
222790. double_divide(X3,double_divide(X0,double_divide(X1,X2))) = double_divide(X3,double_divide(X0,double_divide(X2,X1))) [superposition 115290,115300]
223479. double_divide(double_divide(double_divide(X1,X0),X2),identity) = double_divide(double_divide(identity,identity),double_divide(X2,double_divide(identity,double_divide(identity,double_divide(X0,X1))))) [forward demodulation 222607,2299]
223838. double_divide(X3,double_divide(double_divide(X0,double_divide(X1,identity)),double_divide(identity,identity))) = double_divide(double_divide(double_divide(double_divide(X1,double_divide(identity,X2)),identity),double_divide(double_divide(identity,identity),double_divide(X2,double_divide(identity,X0)))),X3) [forward demodulation 222203,222788]
224010. double_divide(double_divide(double_divide(X0,double_divide(X1,identity)),double_divide(identity,identity)),X3) = double_divide(X3,double_divide(double_divide(identity,double_divide(X1,double_divide(identity,X2))),double_divide(double_divide(X2,double_divide(identity,X0)),double_divide(identity,identity)))) [forward demodulation 221982,198155]
224422. double_divide(double_divide(identity,double_divide(X0,X1)),double_divide(X2,identity)) = double_divide(double_divide(double_divide(X1,X0),X2),identity) [forward demodulation 223479,7202]
224748. double_divide(X3,double_divide(double_divide(X0,double_divide(X1,identity)),double_divide(identity,identity))) = double_divide(double_divide(double_divide(identity,double_divide(X1,double_divide(identity,X2))),double_divide(double_divide(identity,identity),double_divide(X2,double_divide(identity,X0)))),X3) [forward demodulation 223838,180160]
224894. double_divide(double_divide(double_divide(X0,double_divide(X1,identity)),double_divide(identity,identity)),X3) = double_divide(X3,double_divide(double_divide(identity,double_divide(X1,double_divide(identity,X2))),double_divide(double_divide(identity,identity),double_divide(X2,double_divide(identity,X0))))) [forward demodulation 224010,222790]
225270. double_divide(double_divide(identity,double_divide(X0,X1)),double_divide(X2,identity)) = double_divide(identity,double_divide(double_divide(X1,X0),X2)) [forward demodulation 224422,627]
225562. double_divide(X3,double_divide(double_divide(X0,double_divide(X1,identity)),double_divide(identity,identity))) = double_divide(double_divide(double_divide(identity,X2),double_divide(identity,double_divide(double_divide(double_divide(identity,identity),double_divide(X2,double_divide(identity,X0))),X1))),X3) [forward demodulation 224748,26182]
225680. double_divide(double_divide(double_divide(X0,double_divide(X1,identity)),double_divide(identity,identity)),X3) = double_divide(X3,double_divide(double_divide(identity,X2),double_divide(identity,double_divide(double_divide(double_divide(identity,identity),double_divide(X2,double_divide(identity,X0))),X1)))) [forward demodulation 224894,26182]
226019. double_divide(identity,double_divide(double_divide(X1,X0),X2)) = double_divide(X1,double_divide(identity,double_divide(double_divide(X2,identity),X0))) [forward demodulation 225270,26182]
226282. double_divide(X3,double_divide(double_divide(X0,double_divide(X1,identity)),double_divide(identity,identity))) = double_divide(identity,double_divide(double_divide(identity,X2),double_divide(double_divide(double_divide(double_divide(identity,identity),double_divide(X2,double_divide(identity,X0))),X1),X3))) [forward demodulation 225562,5348]
226376. double_divide(double_divide(double_divide(X0,double_divide(X1,identity)),double_divide(identity,identity)),X3) = double_divide(X3,double_divide(identity,double_divide(X2,double_divide(double_divide(double_divide(identity,identity),double_divide(X2,double_divide(identity,X0))),X1)))) [forward demodulation 225680,11324]
226685. double_divide(identity,double_divide(double_divide(X1,X0),X2)) = double_divide(X1,double_divide(double_divide(identity,X0),X2)) [forward demodulation 226019,5948]
226921. double_divide(X3,double_divide(double_divide(X0,double_divide(X1,identity)),double_divide(identity,identity))) = double_divide(X2,double_divide(double_divide(double_divide(double_divide(double_divide(identity,identity),double_divide(X2,double_divide(identity,X0))),X1),X3),identity)) [forward demodulation 226282,13648]
227001. double_divide(double_divide(double_divide(X0,double_divide(X1,identity)),double_divide(identity,identity)),X3) = double_divide(X3,double_divide(identity,double_divide(X2,double_divide(identity,double_divide(double_divide(X2,double_divide(identity,X0)),double_divide(identity,X1)))))) [forward demodulation 226376,181933]
227514. double_divide(X3,double_divide(double_divide(X0,double_divide(X1,identity)),double_divide(identity,identity))) = double_divide(X2,double_divide(identity,double_divide(X3,double_divide(double_divide(double_divide(identity,identity),double_divide(X2,double_divide(identity,X0))),X1)))) [forward demodulation 226921,198152]
227583. double_divide(double_divide(double_divide(X0,double_divide(X1,identity)),double_divide(identity,identity)),X3) = double_divide(X3,double_divide(double_divide(X2,identity),double_divide(double_divide(X2,double_divide(identity,X0)),double_divide(identity,X1)))) [forward demodulation 227001,5771]
228049. double_divide(X3,double_divide(double_divide(X0,double_divide(X1,identity)),double_divide(identity,identity))) = double_divide(X2,double_divide(identity,double_divide(X3,double_divide(identity,double_divide(double_divide(X2,double_divide(identity,X0)),double_divide(identity,X1)))))) [forward demodulation 227514,181933]
228107. double_divide(double_divide(double_divide(X0,double_divide(X1,identity)),double_divide(identity,identity)),X3) = double_divide(X3,double_divide(identity,double_divide(double_divide(identity,double_divide(identity,X0)),double_divide(identity,X1)))) [forward demodulation 227583,1764]
228528. double_divide(X3,double_divide(double_divide(X0,double_divide(X1,identity)),double_divide(identity,identity))) = double_divide(X2,double_divide(double_divide(X3,identity),double_divide(double_divide(X2,double_divide(identity,X0)),double_divide(identity,X1)))) [forward demodulation 228049,5771]
228581. double_divide(double_divide(double_divide(X0,double_divide(X1,identity)),double_divide(identity,identity)),X3) = double_divide(X3,double_divide(identity,double_divide(X0,double_divide(identity,X1)))) [forward demodulation 228107,2999]
228953. double_divide(X3,double_divide(double_divide(X0,double_divide(X1,identity)),double_divide(identity,identity))) = double_divide(X2,double_divide(double_divide(X3,identity),double_divide(identity,double_divide(X2,double_divide(X0,double_divide(identity,X1)))))) [forward demodulation 228528,5348]
228997. double_divide(double_divide(double_divide(X0,double_divide(X1,identity)),double_divide(identity,identity)),X3) = double_divide(X3,double_divide(double_divide(X0,identity),X1)) [forward demodulation 228581,5771]
229331. double_divide(X3,double_divide(double_divide(X0,double_divide(X1,identity)),double_divide(identity,identity))) = double_divide(identity,double_divide(double_divide(X3,identity),double_divide(X0,double_divide(identity,X1)))) [forward demodulation 228953,48876]
229372. double_divide(identity,double_divide(double_divide(X0,double_divide(X1,identity)),double_divide(identity,X3))) = double_divide(X3,double_divide(double_divide(X0,identity),X1)) [forward demodulation 228997,5348]
229660. double_divide(double_divide(identity,double_divide(X0,double_divide(identity,X1))),X3) = double_divide(X3,double_divide(double_divide(X0,double_divide(X1,identity)),double_divide(identity,identity))) [forward demodulation 229331,5948]
229698. double_divide(X3,double_divide(double_divide(X0,identity),X1)) = double_divide(double_divide(double_divide(X0,double_divide(X1,identity)),identity),X3) [forward demodulation 229372,5771]
229931. double_divide(double_divide(identity,double_divide(X0,double_divide(identity,X1))),X3) = double_divide(X3,double_divide(double_divide(identity,identity),double_divide(double_divide(X1,identity),X0))) [forward demodulation 229660,198152]
229963. double_divide(X3,double_divide(double_divide(X0,identity),X1)) = double_divide(double_divide(identity,double_divide(X0,double_divide(X1,identity))),X3) [forward demodulation 229698,30173]
230154. double_divide(X3,double_divide(X1,double_divide(identity,X0))) = double_divide(double_divide(identity,double_divide(X0,double_divide(identity,X1))),X3) [forward demodulation 229931,73625]
230184. double_divide(X3,double_divide(double_divide(X0,identity),X1)) = double_divide(double_divide(X1,identity),double_divide(identity,double_divide(X3,X0))) [forward demodulation 229963,26182]
230332. double_divide(X3,double_divide(X1,double_divide(identity,X0))) = double_divide(double_divide(identity,X1),double_divide(identity,double_divide(X3,X0))) [forward demodulation 230154,26182]
230353. double_divide(identity,double_divide(double_divide(X3,X0),X1)) = double_divide(X3,double_divide(double_divide(X0,identity),X1)) [forward demodulation 230184,2831]
230471. double_divide(identity,double_divide(X1,double_divide(X3,X0))) = double_divide(X3,double_divide(X1,double_divide(identity,X0))) [forward demodulation 230332,11324]
361905. double_divide(identity,double_divide(X0,double_divide(identity,double_divide(X2,X1)))) = double_divide(double_divide(X1,double_divide(double_divide(X0,identity),double_divide(X2,identity))),double_divide(identity,identity)) [superposition 1,2943]
362103. double_divide(identity,double_divide(X0,double_divide(identity,double_divide(X2,X1)))) = double_divide(double_divide(identity,identity),double_divide(X1,double_divide(double_divide(X0,identity),double_divide(X2,identity)))) [forward demodulation 361905,2299]
362409. double_divide(identity,double_divide(X0,double_divide(identity,double_divide(X2,X1)))) = double_divide(double_divide(identity,identity),double_divide(X1,double_divide(identity,double_divide(X2,X0)))) [forward demodulation 362103,3844]
362675. double_divide(identity,double_divide(X0,double_divide(identity,double_divide(X2,X1)))) = double_divide(identity,double_divide(X1,double_divide(double_divide(identity,identity),double_divide(X2,X0)))) [forward demodulation 362409,230471]
362905. double_divide(double_divide(X2,X0),double_divide(X1,identity)) = double_divide(identity,double_divide(X0,double_divide(identity,double_divide(X2,X1)))) [forward demodulation 362675,54467]
363109. double_divide(double_divide(X2,X0),double_divide(X1,identity)) = double_divide(double_divide(X0,identity),double_divide(X2,X1)) [forward demodulation 362905,5771]
368034. double_divide(double_divide(identity,X2),double_divide(X0,double_divide(identity,double_divide(identity,X1)))) = double_divide(identity,double_divide(double_divide(double_divide(X0,X1),identity),X2)) [superposition 5948,73]
368210. double_divide(double_divide(X2,double_divide(double_divide(X1,identity),X0)),identity) = double_divide(double_divide(X2,double_divide(identity,double_divide(double_divide(identity,X0),X1))),identity) [superposition 73,5948]
368517. double_divide(double_divide(X2,double_divide(double_divide(X1,identity),X0)),identity) = double_divide(identity,double_divide(X2,double_divide(identity,double_divide(double_divide(identity,X0),X1)))) [forward demodulation 368210,627]
368646. double_divide(double_divide(identity,X2),double_divide(X0,double_divide(identity,double_divide(identity,X1)))) = double_divide(identity,double_divide(double_divide(identity,double_divide(X0,X1)),X2)) [forward demodulation 368034,198155]
368802. double_divide(double_divide(X2,double_divide(double_divide(X1,identity),X0)),identity) = double_divide(double_divide(X2,identity),double_divide(double_divide(identity,X0),X1)) [forward demodulation 368517,5771]
368902. double_divide(double_divide(identity,X2),double_divide(X0,double_divide(identity,double_divide(identity,X1)))) = double_divide(double_divide(X0,X1),double_divide(X2,identity)) [forward demodulation 368646,13648]
369050. double_divide(double_divide(X2,double_divide(double_divide(X1,identity),X0)),identity) = double_divide(identity,double_divide(double_divide(double_divide(X2,identity),X0),X1)) [forward demodulation 368802,226685]
369123. double_divide(double_divide(X0,X1),double_divide(X2,identity)) = double_divide(identity,double_divide(X0,double_divide(double_divide(identity,X2),double_divide(identity,X1)))) [forward demodulation 368902,230471]
369253. double_divide(double_divide(X2,double_divide(double_divide(X1,identity),X0)),identity) = double_divide(identity,double_divide(identity,double_divide(X0,double_divide(X2,X1)))) [forward demodulation 369050,181933]
369312. double_divide(identity,double_divide(X0,double_divide(identity,double_divide(X2,X1)))) = double_divide(double_divide(X0,X1),double_divide(X2,identity)) [forward demodulation 369123,11324]
369438. double_divide(X0,double_divide(X2,X1)) = double_divide(double_divide(X2,double_divide(double_divide(X1,identity),X0)),identity) [forward demodulation 369253,1771]
369487. double_divide(double_divide(X0,identity),double_divide(X2,X1)) = double_divide(double_divide(X0,X1),double_divide(X2,identity)) [forward demodulation 369312,5771]
369609. double_divide(X0,double_divide(X2,X1)) = double_divide(identity,double_divide(X2,double_divide(double_divide(X1,identity),X0))) [forward demodulation 369438,627]
371039. double_divide(double_divide(identity,X2),double_divide(double_divide(X1,identity),X0)) = double_divide(identity,double_divide(X2,double_divide(double_divide(identity,X0),X1))) [superposition 7623,5948]
371202. double_divide(double_divide(X2,double_divide(X0,double_divide(identity,X1))),identity) = double_divide(double_divide(X2,double_divide(identity,double_divide(double_divide(identity,X0),X1))),identity) [superposition 73,7623]
371539. double_divide(identity,double_divide(X2,double_divide(identity,double_divide(double_divide(identity,X0),X1)))) = double_divide(double_divide(X2,double_divide(X0,double_divide(identity,X1))),identity) [forward demodulation 371202,627]
371665. double_divide(identity,double_divide(X2,double_divide(double_divide(identity,X0),X1))) = double_divide(identity,double_divide(double_divide(double_divide(identity,X2),X1),X0)) [forward demodulation 371039,230353]
371815. double_divide(identity,double_divide(X2,double_divide(identity,double_divide(double_divide(identity,X0),X1)))) = double_divide(identity,double_divide(X2,double_divide(X0,double_divide(identity,X1)))) [forward demodulation 371539,627]
372043. double_divide(double_divide(X2,identity),double_divide(double_divide(identity,X0),X1)) = double_divide(identity,double_divide(X2,double_divide(X0,double_divide(identity,X1)))) [forward demodulation 371815,5771]
372235. double_divide(identity,double_divide(X2,double_divide(X0,double_divide(identity,X1)))) = double_divide(identity,double_divide(double_divide(double_divide(X2,identity),X0),X1)) [forward demodulation 372043,226685]
372401. double_divide(identity,double_divide(X2,double_divide(X0,double_divide(identity,X1)))) = double_divide(identity,double_divide(identity,double_divide(X0,double_divide(X2,X1)))) [forward demodulation 372235,181933]
372553. double_divide(X0,double_divide(X2,X1)) = double_divide(identity,double_divide(X2,double_divide(X0,double_divide(identity,X1)))) [forward demodulation 372401,1771]
377521. double_divide(identity,double_divide(double_divide(double_divide(identity,X1),X0),X2)) = double_divide(double_divide(double_divide(X0,identity),X1),double_divide(X2,identity)) [superposition 675,29624]
377764. double_divide(identity,double_divide(double_divide(double_divide(identity,X1),X0),X2)) = double_divide(double_divide(X1,identity),double_divide(double_divide(X0,identity),X2)) [forward demodulation 377521,363109]
378048. double_divide(identity,double_divide(double_divide(double_divide(X1,identity),X0),X2)) = double_divide(identity,double_divide(double_divide(double_divide(identity,X1),X0),X2)) [forward demodulation 377764,230353]
378299. double_divide(identity,double_divide(double_divide(double_divide(X1,identity),X0),X2)) = double_divide(identity,double_divide(X1,double_divide(double_divide(identity,X2),X0))) [forward demodulation 378048,371665]
378512. double_divide(identity,double_divide(identity,double_divide(X0,double_divide(X1,X2)))) = double_divide(identity,double_divide(X1,double_divide(double_divide(identity,X2),X0))) [forward demodulation 378299,181933]
378701. double_divide(X0,double_divide(X1,X2)) = double_divide(identity,double_divide(X1,double_divide(double_divide(identity,X2),X0))) [forward demodulation 378512,1771]
457836. double_divide(X3,double_divide(X0,double_divide(X1,X2))) = double_divide(double_divide(double_divide(double_divide(X0,double_divide(identity,X1)),X2),identity),X3) [superposition 115300,2999]
457839. double_divide(X3,double_divide(X0,double_divide(X1,X2))) = double_divide(double_divide(identity,double_divide(double_divide(X0,double_divide(identity,X1)),X2)),X3) [forward demodulation 457836,30173]
458275. double_divide(X2,double_divide(identity,double_divide(X3,double_divide(X0,double_divide(identity,X1))))) = double_divide(X3,double_divide(X0,double_divide(X1,X2))) [forward demodulation 457839,26182]
458624. double_divide(X3,double_divide(X0,double_divide(X1,X2))) = double_divide(X2,double_divide(X0,double_divide(X3,X1))) [forward demodulation 458275,372553]
478185. double_divide(identity,double_divide(double_divide(X0,double_divide(X1,X2)),X3)) = double_divide(double_divide(double_divide(X0,double_divide(identity,X1)),X2),double_divide(X3,identity)) [superposition 13648,2999]
478976. double_divide(identity,double_divide(double_divide(X0,double_divide(X1,X2)),X3)) = double_divide(double_divide(X2,identity),double_divide(double_divide(X0,double_divide(identity,X1)),X3)) [forward demodulation 478185,363109]
479305. double_divide(identity,double_divide(double_divide(X0,double_divide(X1,X2)),X3)) = double_divide(double_divide(X2,identity),double_divide(identity,double_divide(X0,double_divide(X1,X3)))) [forward demodulation 478976,5348]
479576. double_divide(identity,double_divide(double_divide(X0,double_divide(X1,X2)),X3)) = double_divide(double_divide(X2,double_divide(identity,X0)),double_divide(X1,X3)) [forward demodulation 479305,1315]
479794. double_divide(identity,double_divide(double_divide(X0,double_divide(X1,X2)),X3)) = double_divide(identity,double_divide(X2,double_divide(X0,double_divide(X1,X3)))) [forward demodulation 479576,5348]
509188. double_divide(double_divide(X0,double_divide(X1,X2)),double_divide(X3,identity)) = double_divide(double_divide(identity,X0),double_divide(double_divide(X2,X1),X3)) [superposition 9971,18185]
509202. double_divide(double_divide(identity,X0),double_divide(X2,X3)) = double_divide(double_divide(double_divide(identity,double_divide(X1,X0)),double_divide(double_divide(X2,identity),X1)),double_divide(X3,identity)) [superposition 9971,6016]
509326. double_divide(X0,double_divide(double_divide(X1,X2),X3)) = double_divide(double_divide(double_divide(identity,X1),double_divide(X2,X0)),double_divide(X3,identity)) [superposition 9971,9905]
510339. double_divide(X0,double_divide(double_divide(X1,X2),X3)) = double_divide(double_divide(double_divide(X2,X0),identity),double_divide(double_divide(identity,X1),X3)) [forward demodulation 509326,363109]
510451. double_divide(double_divide(identity,X0),double_divide(X2,X3)) = double_divide(double_divide(double_divide(double_divide(X2,identity),X1),identity),double_divide(double_divide(identity,double_divide(X1,X0)),X3)) [forward demodulation 509202,363109]
510465. double_divide(double_divide(identity,X0),double_divide(double_divide(X2,X1),X3)) = double_divide(double_divide(X0,identity),double_divide(X3,double_divide(X1,X2))) [forward demodulation 509188,369487]
510970. double_divide(X0,double_divide(double_divide(X1,X2),X3)) = double_divide(identity,double_divide(double_divide(double_divide(double_divide(X2,X0),identity),X1),X3)) [forward demodulation 510339,226685]
511072. double_divide(double_divide(identity,X0),double_divide(X2,X3)) = double_divide(identity,double_divide(double_divide(double_divide(double_divide(double_divide(X2,identity),X1),identity),double_divide(X1,X0)),X3)) [forward demodulation 510451,226685]
511534. double_divide(X0,double_divide(double_divide(X1,X2),X3)) = double_divide(identity,double_divide(double_divide(double_divide(identity,double_divide(X2,X0)),X1),X3)) [forward demodulation 510970,180160]
511627. double_divide(double_divide(identity,X0),double_divide(X2,X3)) = double_divide(identity,double_divide(X0,double_divide(double_divide(double_divide(double_divide(X2,identity),X1),identity),double_divide(X1,X3)))) [forward demodulation 511072,479794]
512028. double_divide(X0,double_divide(double_divide(X1,X2),X3)) = double_divide(identity,double_divide(double_divide(X2,X0),double_divide(double_divide(identity,X3),X1))) [forward demodulation 511534,371665]
512107. double_divide(double_divide(identity,X0),double_divide(X2,X3)) = double_divide(double_divide(X1,X3),double_divide(X0,double_divide(double_divide(X2,identity),X1))) [forward demodulation 511627,369609]
512430. double_divide(X0,double_divide(double_divide(X1,X2),X3)) = double_divide(X1,double_divide(double_divide(X2,X0),X3)) [forward demodulation 512028,378701]
512501. double_divide(double_divide(identity,X0),double_divide(X2,X3)) = double_divide(X1,double_divide(X0,double_divide(double_divide(X1,X3),double_divide(X2,identity)))) [forward demodulation 512107,458624]
538877. double_divide(double_divide(identity,double_divide(X0,identity)),double_divide(X2,X3)) = double_divide(double_divide(double_divide(identity,X1),double_divide(X0,double_divide(X1,X2))),double_divide(X3,identity)) [superposition 9971,19480]
539267. double_divide(double_divide(identity,double_divide(X0,identity)),double_divide(X2,X3)) = double_divide(double_divide(double_divide(X0,double_divide(X1,X2)),identity),double_divide(double_divide(identity,X1),X3)) [forward demodulation 538877,363109]
539938. double_divide(double_divide(identity,double_divide(X0,identity)),double_divide(X2,X3)) = double_divide(identity,double_divide(double_divide(X1,double_divide(double_divide(X0,double_divide(X1,X2)),identity)),X3)) [forward demodulation 539267,512430]
540534. double_divide(double_divide(identity,double_divide(X0,identity)),double_divide(X2,X3)) = double_divide(identity,double_divide(identity,double_divide(X1,double_divide(double_divide(X0,double_divide(X1,X2)),X3)))) [forward demodulation 539938,479794]
541057. double_divide(X1,double_divide(double_divide(X0,double_divide(X1,X2)),X3)) = double_divide(double_divide(identity,double_divide(X0,identity)),double_divide(X2,X3)) [forward demodulation 540534,1771]
541510. double_divide(X1,double_divide(double_divide(X0,double_divide(X1,X2)),X3)) = double_divide(identity,double_divide(identity,double_divide(X0,double_divide(X2,X3)))) [forward demodulation 541057,181936]
541890. double_divide(X0,double_divide(X2,X3)) = double_divide(X1,double_divide(double_divide(X0,double_divide(X1,X2)),X3)) [forward demodulation 541510,1771]
647483. double_divide(double_divide(identity,X0),double_divide(X2,X3)) = double_divide(double_divide(X1,double_divide(double_divide(double_divide(X1,identity),X2),double_divide(X0,identity))),double_divide(X3,identity)) [superposition 9971,34203]
647991. double_divide(double_divide(identity,X0),double_divide(X2,X3)) = double_divide(double_divide(X1,identity),double_divide(X3,double_divide(double_divide(double_divide(X1,identity),X2),double_divide(X0,identity)))) [forward demodulation 647483,369487]
648641. double_divide(double_divide(identity,X3),double_divide(X0,X2)) = double_divide(double_divide(identity,X0),double_divide(X2,X3)) [forward demodulation 647991,512501]
667886. double_divide(double_divide(identity,X2),double_divide(X0,double_divide(X1,identity))) = double_divide(double_divide(double_divide(identity,X3),identity),double_divide(X2,double_divide(X1,double_divide(X0,X3)))) [superposition 26666,37385]
667907. double_divide(double_divide(identity,X2),double_divide(X0,double_divide(X1,identity))) = double_divide(double_divide(identity,double_divide(identity,X3)),double_divide(double_divide(double_divide(X0,X3),X1),X2)) [forward demodulation 667886,510465]
668607. double_divide(double_divide(identity,X2),double_divide(X0,double_divide(X1,identity))) = double_divide(identity,double_divide(identity,double_divide(X3,double_divide(double_divide(double_divide(X0,X3),X1),X2)))) [forward demodulation 667907,5348]
669208. double_divide(double_divide(identity,X2),double_divide(X0,double_divide(X1,identity))) = double_divide(X3,double_divide(double_divide(double_divide(X0,X3),X1),X2)) [forward demodulation 668607,1771]
669704. double_divide(identity,double_divide(double_divide(X1,double_divide(identity,X2)),X0)) = double_divide(X3,double_divide(double_divide(double_divide(X0,X3),X1),X2)) [forward demodulation 669208,187919]
670107. double_divide(X1,double_divide(X2,X0)) = double_divide(X3,double_divide(double_divide(double_divide(X0,X3),X1),X2)) [forward demodulation 669704,541890]
750692. double_divide(double_divide(X1,X0),double_divide(X2,X3)) = double_divide(identity,double_divide(double_divide(double_divide(X0,identity),double_divide(X1,X2)),X3)) [superposition 2999,51608]
751089. double_divide(double_divide(X1,X0),double_divide(X2,X3)) = double_divide(double_divide(X1,X2),double_divide(X3,X0)) [forward demodulation 750692,670107]
2213026. double_divide(double_divide(identity,a3),double_divide(b3,c3)) != double_divide(double_divide(identity,b3),double_divide(c3,a3)) <- (~2) [superposition 7015,648641]
2213852. $false <- (~2) [forward subsumption resolution 2213026,751089]
2213853. 2 [avatar contradiction clause 2213852]
2219393. $false <- (~3) [forward subsumption resolution 20,1314]
2219394. 3 [avatar contradiction clause 2219393]
2219404. identity != double_divide(identity,double_divide(a1,double_divide(a1,identity))) <- (~4) [forward demodulation 24,627]
2219405. identity != double_divide(identity,double_divide(a1,double_divide(identity,a1))) <- (~4) [forward demodulation 2219404,198145]
2219406. identity != double_divide(double_divide(a1,identity),a1) <- (~4) [forward demodulation 2219405,5771]
2219407. $false <- (~4) [forward subsumption resolution 2219406,375]
2219408. 4 [avatar contradiction clause 2219407]
s1. ~4 | ~3 | ~2 | ~1 [sat_conversion 25]
s7. 1 [sat_conversion 6640]
s9. 2 [sat_conversion 2213853]
s10. 3 [sat_conversion 2219394]
s11. 4 [sat_conversion 2219408]
s12. # [rat s1,s7,s9,s10,s11]
2219409. $false [avatar sat refutation s12]
% SZS output end Proof for GRP102-1
% ------------------------------
% Version: Vampire 5.0.0 (Release build, commit 2e2c9b7b8 on 2026-01-17 12:24:14 +0100)
% Linked with Z3 4.14.0.0 3c47fd96cf5645d0c42b2c819d9e9a84380aa721 z3-4.8.4-9178-g3c47fd96c
% CaDiCaL version: 2.1.3
% Termination reason: Refutation
% Time elapsed: 25.631 s
% Peak memory usage: 465 MB
% Instructions burned: 92957 (million)
% ------------------------------
% ------------------------------
