% Running in auto input_syntax mode. Trying TPTP
% Refutation found. Thanks to Tanya!
% SZS status Unsatisfiable for GRP611-1_clausified
% SZS output start Proof for GRP611-1_clausified
1. inverse(double_divide(inverse(double_divide(inverse(double_divide(X0,X1)),X2)),double_divide(X0,X2))) = X1 [input(axiom)]
2. inverse(double_divide(c3,inverse(double_divide(b3,a3)))) != inverse(double_divide(inverse(double_divide(c3,b3)),a3)) [input(negated conjecture)]
3. double_divide(X1,X2) = inverse(double_divide(inverse(double_divide(X0,X3)),double_divide(inverse(double_divide(inverse(double_divide(X1,X0)),X2)),X3))) [superposition 1,1]
4. inverse(double_divide(X0,double_divide(inverse(double_divide(X1,X0)),double_divide(X1,X2)))) = X2 [superposition 1,1]
5. inverse(double_divide(double_divide(X1,X2),double_divide(X0,double_divide(inverse(double_divide(inverse(double_divide(X1,X0)),X2)),X3)))) = X3 [superposition 4,1]
6. inverse(double_divide(double_divide(inverse(double_divide(X1,X2)),double_divide(X1,X0)),double_divide(X0,double_divide(X2,X3)))) = X3 [superposition 4,4]
7. inverse(double_divide(X0,double_divide(X1,double_divide(inverse(double_divide(X3,inverse(double_divide(X1,X2)))),double_divide(X3,X0))))) = X2 [superposition 1,4]
8. double_divide(inverse(double_divide(X2,X1)),double_divide(X2,X0)) = inverse(double_divide(inverse(double_divide(X0,X3)),double_divide(X1,X3))) [superposition 1,4]
9. double_divide(X1,X2) = inverse(double_divide(X0,double_divide(inverse(double_divide(inverse(double_divide(X1,inverse(double_divide(inverse(double_divide(X3,X0)),X4)))),X2)),double_divide(X3,X4)))) [superposition 3,1]
11. double_divide(X1,X2) = inverse(double_divide(X0,double_divide(inverse(double_divide(inverse(double_divide(X1,X3)),X2)),double_divide(inverse(double_divide(X4,X3)),double_divide(X4,X0))))) [superposition 3,4]
16. double_divide(X2,double_divide(inverse(double_divide(inverse(double_divide(X0,X2)),X1)),X3)) = inverse(double_divide(inverse(double_divide(X3,X4)),double_divide(double_divide(X0,X1),X4))) [superposition 3,3]
17. double_divide(X1,double_divide(inverse(double_divide(X2,inverse(double_divide(X1,X3)))),double_divide(X2,X0))) = inverse(double_divide(inverse(double_divide(X3,X4)),double_divide(X0,X4))) [superposition 3,4]
20. double_divide(X0,inverse(double_divide(X1,double_divide(inverse(double_divide(X0,X1)),X2)))) = X2 [superposition 4,3]
21. inverse(double_divide(double_divide(inverse(double_divide(inverse(double_divide(X0,X2)),X1)),X3),double_divide(double_divide(X0,X1),double_divide(inverse(double_divide(X2,X3)),X4)))) = X4 [superposition 4,3]
22. double_divide(inverse(double_divide(inverse(double_divide(X0,X2)),X1)),X3) = inverse(double_divide(inverse(double_divide(double_divide(X0,X1),X4)),double_divide(inverse(double_divide(X2,X3)),X4))) [superposition 1,3]
30. double_divide(inverse(double_divide(X0,X1)),double_divide(X0,inverse(double_divide(X1,X2)))) = X2 [superposition 20,3]
51. double_divide(X3,double_divide(X2,X0)) = inverse(double_divide(inverse(double_divide(X0,X4)),double_divide(double_divide(inverse(double_divide(X1,X2)),double_divide(X1,X3)),X4))) [superposition 1,6]
67. inverse(double_divide(inverse(X0),double_divide(X1,double_divide(X1,inverse(double_divide(X2,X0)))))) = X2 [superposition 1,30]
70. double_divide(X1,inverse(double_divide(X2,X0))) = inverse(double_divide(inverse(double_divide(inverse(X0),X3)),double_divide(inverse(double_divide(X1,X2)),X3))) [superposition 1,30]
95. double_divide(inverse(double_divide(X1,X3)),inverse(double_divide(X2,X0))) = inverse(double_divide(double_divide(X1,X2),double_divide(X3,X0))) [superposition 5,30]
128. double_divide(X1,X0) = double_divide(inverse(double_divide(X1,inverse(X2))),inverse(double_divide(X0,X2))) [superposition 20,67]
139. double_divide(X1,X0) = inverse(double_divide(double_divide(X1,X0),double_divide(inverse(X2),X2))) [forward demodulation 128,95]
151. double_divide(inverse(double_divide(X3,X2)),X0) = inverse(double_divide(X1,double_divide(X2,double_divide(inverse(X0),double_divide(X3,X1))))) [superposition 7,20]
189. inverse(double_divide(X0,double_divide(inverse(X3),X3))) = X0 [superposition 139,30]
216. double_divide(inverse(X0),double_divide(inverse(double_divide(X1,X2)),X3)) = inverse(double_divide(inverse(double_divide(X3,X4)),double_divide(double_divide(X1,inverse(double_divide(X2,X0))),X4))) [superposition 8,30]
219. double_divide(double_divide(X0,X1),double_divide(inverse(double_divide(X2,X3)),X4)) = inverse(double_divide(inverse(double_divide(X4,X5)),double_divide(double_divide(inverse(double_divide(inverse(double_divide(X0,X2)),X1)),X3),X5))) [superposition 8,3]
235. double_divide(inverse(double_divide(X1,X2)),double_divide(X1,inverse(double_divide(inverse(double_divide(X3,X0)),X4)))) = inverse(double_divide(X0,double_divide(X2,double_divide(X3,X4)))) [superposition 8,1]
347. inverse(double_divide(inverse(X0),X2)) = inverse(inverse(double_divide(inverse(double_divide(X0,X1)),double_divide(X2,X1)))) [superposition 189,8]
367. double_divide(X1,X2) = inverse(double_divide(X0,double_divide(inverse(double_divide(X1,X0)),X2))) [superposition 3,189]
368. inverse(double_divide(X0,X1)) = double_divide(inverse(double_divide(X2,inverse(X1))),double_divide(X2,X0)) [superposition 8,189]
394. double_divide(X1,inverse(double_divide(X2,double_divide(inverse(double_divide(inverse(double_divide(X1,X3)),X2)),X0)))) = inverse(double_divide(X4,double_divide(inverse(X0),double_divide(inverse(double_divide(X5,X3)),double_divide(X5,X4))))) [superposition 11,20]
416. double_divide(X2,X3) = inverse(double_divide(X4,double_divide(inverse(double_divide(inverse(double_divide(X2,double_divide(inverse(X5),X5))),X3)),double_divide(double_divide(X0,X1),double_divide(double_divide(X0,X1),X4))))) [superposition 11,139]
429. double_divide(X0,double_divide(X0,X1)) = X1 [superposition 189,11]
445. double_divide(X1,X2) = double_divide(X0,double_divide(X0,double_divide(X1,X2))) [superposition 139,11]
462. double_divide(X2,X3) = inverse(double_divide(X4,double_divide(inverse(double_divide(inverse(double_divide(X2,double_divide(inverse(X5),X5))),X3)),X4))) [forward demodulation 416,429]
477. double_divide(X1,inverse(double_divide(X2,double_divide(inverse(double_divide(inverse(double_divide(X1,X3)),X2)),X0)))) = double_divide(inverse(double_divide(X5,inverse(X0))),double_divide(X5,X3)) [forward demodulation 394,151]
498. double_divide(X2,X3) = inverse(double_divide(X4,double_divide(inverse(double_divide(X2,X3)),X4))) [forward demodulation 462,189]
506. inverse(double_divide(X3,X0)) = double_divide(X1,inverse(double_divide(X2,double_divide(inverse(double_divide(inverse(double_divide(X1,X3)),X2)),X0)))) [forward demodulation 477,368]
524. inverse(double_divide(X3,X0)) = double_divide(X1,double_divide(inverse(double_divide(X1,X3)),X0)) [forward demodulation 506,367]
531. double_divide(X2,X3) = inverse(double_divide(inverse(double_divide(X0,X1)),double_divide(X0,inverse(double_divide(inverse(double_divide(X2,X1)),X3))))) [superposition 11,429]
536. inverse(double_divide(inverse(double_divide(inverse(double_divide(X1,X2)),double_divide(X1,X0))),X0)) = X2 [superposition 1,429]
537. double_divide(X1,X2) = inverse(double_divide(inverse(double_divide(double_divide(X1,X0),X3)),double_divide(inverse(double_divide(inverse(X0),X2)),X3))) [superposition 3,429]
550. double_divide(inverse(X0),double_divide(X1,X2)) = inverse(double_divide(inverse(double_divide(X2,X3)),double_divide(double_divide(X1,X0),X3))) [superposition 8,429]
556. double_divide(inverse(X0),double_divide(X1,inverse(double_divide(double_divide(X1,X0),X2)))) = X2 [superposition 30,429]
557. double_divide(X2,X0) = double_divide(inverse(double_divide(X1,X2)),double_divide(X1,inverse(X0))) [superposition 30,429]
560. inverse(double_divide(inverse(double_divide(inverse(double_divide(X0,double_divide(X0,X1))),X1)),X2)) = X2 [superposition 5,429]
565. double_divide(inverse(double_divide(X1,X2)),X0) = double_divide(X1,inverse(double_divide(X2,X0))) [superposition 20,429]
566. inverse(double_divide(inverse(double_divide(X2,X3)),double_divide(inverse(X0),X3))) = double_divide(X1,double_divide(inverse(double_divide(X1,X2)),X0)) [superposition 3,429]
572. inverse(double_divide(X2,X0)) = inverse(double_divide(inverse(double_divide(X2,X3)),double_divide(inverse(X0),X3))) [forward demodulation 566,524]
576. inverse(double_divide(inverse(double_divide(X0,double_divide(X0,X1))),inverse(double_divide(X1,X2)))) = X2 [forward demodulation 560,565]
578. double_divide(X2,X0) = double_divide(X1,inverse(double_divide(X2,double_divide(X1,inverse(X0))))) [forward demodulation 557,565]
582. double_divide(inverse(X0),double_divide(X1,X2)) = inverse(double_divide(X2,inverse(double_divide(X3,double_divide(double_divide(X1,X0),X3))))) [forward demodulation 550,565]
592. double_divide(X1,X2) = double_divide(inverse(double_divide(inverse(double_divide(X1,inverse(X0))),X0)),X2) [forward demodulation 537,22]
593. inverse(double_divide(inverse(double_divide(X1,X2)),inverse(double_divide(double_divide(X1,X0),X0)))) = X2 [forward demodulation 536,565]
597. double_divide(X2,X3) = inverse(inverse(double_divide(X1,double_divide(X1,double_divide(X2,X3))))) [forward demodulation 531,235]
599. inverse(double_divide(X2,X0)) = inverse(double_divide(X2,inverse(double_divide(X3,double_divide(inverse(X0),X3))))) [forward demodulation 572,565]
603. inverse(inverse(double_divide(double_divide(X0,X1),double_divide(double_divide(X0,X1),X2)))) = X2 [forward demodulation 576,95]
612. double_divide(X1,X2) = double_divide(inverse(double_divide(X1,inverse(X0))),inverse(double_divide(X0,X2))) [forward demodulation 592,565]
613. inverse(inverse(double_divide(double_divide(X1,double_divide(X1,X0)),double_divide(X2,X0)))) = X2 [forward demodulation 593,95]
615. double_divide(X2,X3) = inverse(inverse(double_divide(X2,X3))) [forward demodulation 597,445]
617. inverse(inverse(X2)) = X2 [forward demodulation 603,429]
621. double_divide(X1,X2) = inverse(double_divide(double_divide(X1,X0),double_divide(inverse(X0),X2))) [forward demodulation 612,95]
622. inverse(inverse(double_divide(X0,double_divide(X2,X0)))) = X2 [forward demodulation 613,429]
624. double_divide(X0,double_divide(X2,X0)) = X2 [forward demodulation 622,615]
625. inverse(double_divide(inverse(double_divide(X4,X5)),double_divide(double_divide(X2,X3),X5))) = double_divide(inverse(double_divide(X1,double_divide(inverse(double_divide(X2,X1)),X0))),double_divide(inverse(double_divide(inverse(X0),X3)),X4)) [superposition 16,20]
633. double_divide(double_divide(inverse(double_divide(inverse(double_divide(X0,X2)),X1)),X3),double_divide(inverse(double_divide(double_divide(X0,X1),X4)),X5)) = inverse(double_divide(inverse(double_divide(X5,X6)),double_divide(double_divide(inverse(double_divide(X2,X3)),X4),X6))) [superposition 16,3]
634. inverse(double_divide(inverse(double_divide(X4,X5)),double_divide(double_divide(inverse(X2),X3),X5))) = double_divide(double_divide(X1,double_divide(X1,inverse(double_divide(X0,X2)))),double_divide(inverse(double_divide(X0,X3)),X4)) [superposition 16,67]
644. inverse(double_divide(inverse(double_divide(X4,X5)),double_divide(double_divide(X2,inverse(double_divide(X3,double_divide(inverse(double_divide(inverse(double_divide(X2,X1)),X3)),X0)))),X5))) = double_divide(X1,double_divide(inverse(X0),X4)) [superposition 16,20]
645. double_divide(X1,double_divide(inverse(X0),X3)) = inverse(double_divide(inverse(double_divide(X3,X4)),double_divide(double_divide(X2,double_divide(inverse(double_divide(X2,X1)),X0)),X4))) [superposition 16,429]
646. inverse(double_divide(inverse(double_divide(X6,X7)),double_divide(double_divide(X5,double_divide(inverse(double_divide(inverse(double_divide(X2,inverse(double_divide(X5,X4)))),X3)),X0)),X7))) = double_divide(X4,double_divide(inverse(inverse(double_divide(inverse(double_divide(X0,X1)),double_divide(double_divide(X2,X3),X1)))),X6)) [superposition 16,16]
653. inverse(double_divide(inverse(double_divide(X6,X7)),double_divide(double_divide(X3,double_divide(inverse(double_divide(inverse(double_divide(X0,X4)),X1)),double_divide(inverse(double_divide(X5,X4)),double_divide(X5,inverse(double_divide(X3,X2)))))),X7))) = double_divide(X2,double_divide(double_divide(X0,X1),X6)) [superposition 16,11]
670. double_divide(X2,double_divide(inverse(double_divide(inverse(double_divide(X3,X2)),X4)),inverse(double_divide(X5,X6)))) = inverse(double_divide(double_divide(X0,X1),double_divide(double_divide(X3,X4),double_divide(inverse(double_divide(inverse(double_divide(X0,X5)),X1)),X6)))) [superposition 16,3]
671. double_divide(X1,double_divide(inverse(double_divide(inverse(double_divide(X2,X1)),X3)),inverse(X4))) = inverse(double_divide(X0,double_divide(double_divide(X2,X3),double_divide(X5,double_divide(X5,inverse(double_divide(X0,X4))))))) [superposition 16,67]
682. double_divide(X1,double_divide(inverse(double_divide(inverse(double_divide(inverse(double_divide(X2,X3)),X1)),double_divide(X2,inverse(double_divide(X3,X0))))),X4)) = inverse(double_divide(inverse(double_divide(X4,X5)),double_divide(X0,X5))) [superposition 16,30]
700. inverse(double_divide(inverse(double_divide(inverse(double_divide(X4,X5)),double_divide(inverse(double_divide(inverse(double_divide(X2,X4)),X3)),X0))),inverse(double_divide(inverse(double_divide(X0,X1)),double_divide(double_divide(X2,X3),X1))))) = X5 [superposition 1,16]
710. double_divide(inverse(double_divide(inverse(double_divide(X2,X5)),X3)),X0) = inverse(double_divide(X4,double_divide(X5,double_divide(inverse(double_divide(X6,inverse(inverse(double_divide(inverse(double_divide(X0,X1)),double_divide(double_divide(X2,X3),X1)))))),double_divide(X6,X4))))) [superposition 7,16]
712. double_divide(inverse(double_divide(X4,X5)),double_divide(X4,X6)) = inverse(double_divide(inverse(inverse(double_divide(inverse(double_divide(X0,X1)),double_divide(double_divide(X2,X3),X1)))),double_divide(X5,double_divide(inverse(double_divide(inverse(double_divide(X2,X6)),X3)),X0)))) [superposition 8,16]
714. double_divide(inverse(inverse(double_divide(inverse(double_divide(X0,X1)),double_divide(double_divide(X2,X3),X1)))),double_divide(X4,X5)) = inverse(double_divide(inverse(double_divide(X5,X6)),double_divide(double_divide(inverse(double_divide(inverse(double_divide(X2,X4)),X3)),X0),X6))) [superposition 8,16]
724. double_divide(inverse(double_divide(inverse(double_divide(X2,X4)),X3)),X0) = double_divide(X4,inverse(double_divide(inverse(double_divide(X0,X1)),double_divide(double_divide(X2,X3),X1)))) [superposition 429,16]
729. double_divide(X4,double_divide(inverse(double_divide(inverse(double_divide(X2,inverse(double_divide(X4,X5)))),X3)),X0)) = inverse(double_divide(X6,double_divide(inverse(inverse(double_divide(inverse(double_divide(X0,X1)),double_divide(double_divide(X2,X3),X1)))),double_divide(inverse(double_divide(X7,X5)),double_divide(X7,X6))))) [superposition 11,16]
731. double_divide(inverse(double_divide(inverse(double_divide(X2,inverse(double_divide(X4,X5)))),X3)),X0) = double_divide(X4,inverse(double_divide(X5,inverse(double_divide(inverse(double_divide(X0,X1)),double_divide(double_divide(X2,X3),X1)))))) [superposition 20,16]
732. double_divide(X4,double_divide(inverse(double_divide(inverse(double_divide(X2,inverse(double_divide(X4,X5)))),X3)),X0)) = inverse(double_divide(inverse(double_divide(X5,X6)),double_divide(inverse(inverse(double_divide(inverse(double_divide(X0,X1)),double_divide(double_divide(X2,X3),X1)))),X6))) [superposition 3,16]
783. double_divide(X4,double_divide(inverse(double_divide(inverse(double_divide(X2,inverse(double_divide(X4,X5)))),X3)),X0)) = inverse(double_divide(X5,inverse(double_divide(X6,double_divide(inverse(inverse(double_divide(inverse(double_divide(X0,X1)),double_divide(double_divide(X2,X3),X1)))),X6))))) [forward demodulation 732,565]
784. double_divide(inverse(double_divide(inverse(double_divide(X2,inverse(double_divide(X4,X5)))),X3)),X0) = double_divide(X4,inverse(double_divide(X5,inverse(double_divide(X0,inverse(double_divide(X1,double_divide(double_divide(X2,X3),X1)))))))) [forward demodulation 731,565]
786. double_divide(X4,double_divide(inverse(double_divide(inverse(double_divide(X2,inverse(double_divide(X4,X5)))),X3)),X0)) = double_divide(inverse(double_divide(X7,inverse(inverse(double_divide(inverse(double_divide(X0,X1)),double_divide(double_divide(X2,X3),X1)))))),double_divide(X7,X5)) [forward demodulation 729,151]
791. double_divide(inverse(double_divide(inverse(double_divide(X2,X4)),X3)),X0) = double_divide(X4,inverse(double_divide(X0,inverse(double_divide(X1,double_divide(double_divide(X2,X3),X1)))))) [forward demodulation 724,565]
800. double_divide(inverse(inverse(double_divide(inverse(double_divide(X0,X1)),double_divide(double_divide(X2,X3),X1)))),double_divide(X4,X5)) = double_divide(double_divide(X2,X3),double_divide(inverse(double_divide(X4,X0)),X5)) [forward demodulation 714,219]
802. double_divide(inverse(double_divide(X4,X5)),double_divide(X4,X6)) = inverse(double_divide(inverse(inverse(double_divide(inverse(double_divide(X0,X1)),double_divide(double_divide(X2,X3),X1)))),double_divide(X5,double_divide(inverse(double_divide(X2,X6)),inverse(double_divide(X3,X0)))))) [forward demodulation 712,565]
804. double_divide(inverse(double_divide(inverse(double_divide(X2,X5)),X3)),X0) = double_divide(inverse(double_divide(X6,X5)),double_divide(X6,inverse(inverse(double_divide(inverse(double_divide(X0,X1)),double_divide(double_divide(X2,X3),X1)))))) [forward demodulation 710,151]
814. inverse(inverse(double_divide(double_divide(inverse(double_divide(X4,X5)),inverse(double_divide(X0,X1))),double_divide(double_divide(inverse(double_divide(inverse(double_divide(X2,X4)),X3)),X0),double_divide(double_divide(X2,X3),X1))))) = X5 [forward demodulation 700,95]
829. double_divide(X1,double_divide(inverse(double_divide(inverse(double_divide(inverse(double_divide(X2,X3)),X1)),double_divide(X2,inverse(double_divide(X3,X0))))),X4)) = inverse(double_divide(X4,inverse(double_divide(X5,double_divide(X0,X5))))) [forward demodulation 682,565]
840. double_divide(X1,double_divide(inverse(double_divide(inverse(double_divide(X2,X1)),X3)),inverse(X4))) = inverse(double_divide(X0,double_divide(double_divide(X2,X3),inverse(double_divide(X0,X4))))) [forward demodulation 671,429]
841. double_divide(X2,double_divide(inverse(double_divide(inverse(double_divide(X3,X2)),X4)),inverse(double_divide(X5,X6)))) = inverse(double_divide(double_divide(X0,X1),double_divide(double_divide(X3,X4),double_divide(inverse(double_divide(X0,X5)),inverse(double_divide(X1,X6)))))) [forward demodulation 670,565]
857. double_divide(X2,double_divide(double_divide(X0,X1),X6)) = inverse(double_divide(X6,inverse(double_divide(X7,double_divide(double_divide(X3,double_divide(inverse(double_divide(inverse(double_divide(X0,X4)),X1)),double_divide(inverse(double_divide(X5,X4)),double_divide(X5,inverse(double_divide(X3,X2)))))),X7))))) [forward demodulation 653,565]
860. inverse(double_divide(inverse(double_divide(X6,X7)),double_divide(double_divide(X5,double_divide(inverse(double_divide(inverse(double_divide(X2,inverse(double_divide(X5,X4)))),X3)),X0)),X7))) = double_divide(X4,double_divide(inverse(double_divide(inverse(X0),double_divide(X2,X3))),X6)) [forward demodulation 646,347]
861. double_divide(X1,double_divide(inverse(X0),X3)) = inverse(double_divide(X3,inverse(double_divide(X4,double_divide(double_divide(X2,double_divide(inverse(double_divide(X2,X1)),X0)),X4))))) [forward demodulation 645,565]
862. double_divide(X1,double_divide(inverse(X0),X4)) = double_divide(inverse(double_divide(inverse(double_divide(inverse(double_divide(X2,X1)),X3)),X0)),double_divide(inverse(double_divide(X2,X3)),X4)) [forward demodulation 644,216]
870. inverse(double_divide(inverse(double_divide(X4,X5)),double_divide(double_divide(inverse(X2),X3),X5))) = double_divide(double_divide(X1,double_divide(X1,inverse(double_divide(X0,X2)))),double_divide(X0,inverse(double_divide(X3,X4)))) [forward demodulation 634,565]
871. double_divide(double_divide(inverse(double_divide(inverse(double_divide(X0,X2)),X1)),X3),double_divide(inverse(double_divide(double_divide(X0,X1),X4)),X5)) = inverse(double_divide(X5,inverse(double_divide(X6,double_divide(double_divide(inverse(double_divide(X2,X3)),X4),X6))))) [forward demodulation 633,565]
878. inverse(double_divide(inverse(double_divide(X4,X5)),double_divide(double_divide(X2,X3),X5))) = double_divide(X1,inverse(double_divide(double_divide(inverse(double_divide(X2,X1)),X0),double_divide(inverse(double_divide(inverse(X0),X3)),X4)))) [forward demodulation 625,565]
900. double_divide(X4,double_divide(inverse(double_divide(inverse(double_divide(X2,inverse(double_divide(X4,X5)))),X3)),X0)) = inverse(double_divide(X5,inverse(double_divide(inverse(double_divide(X0,X1)),double_divide(double_divide(X2,X3),X1))))) [forward demodulation 783,599]
901. double_divide(inverse(double_divide(inverse(double_divide(X2,inverse(double_divide(X4,X5)))),X3)),X0) = double_divide(X4,inverse(double_divide(X5,double_divide(inverse(X3),double_divide(X2,X0))))) [forward demodulation 784,582]
903. double_divide(X4,double_divide(inverse(double_divide(inverse(double_divide(X2,inverse(double_divide(X4,X5)))),X3)),X0)) = double_divide(X7,inverse(double_divide(inverse(inverse(double_divide(inverse(double_divide(X0,X1)),double_divide(double_divide(X2,X3),X1)))),double_divide(X7,X5)))) [forward demodulation 786,565]
906. double_divide(inverse(double_divide(inverse(double_divide(X2,X4)),X3)),X0) = double_divide(X4,double_divide(inverse(X3),double_divide(X2,X0))) [forward demodulation 791,582]
915. double_divide(inverse(inverse(double_divide(inverse(double_divide(X0,X1)),double_divide(double_divide(X2,X3),X1)))),double_divide(X4,X5)) = double_divide(double_divide(X2,X3),double_divide(X4,inverse(double_divide(X0,X5)))) [forward demodulation 800,565]
917. double_divide(inverse(double_divide(X4,X5)),double_divide(X4,X6)) = inverse(double_divide(inverse(inverse(double_divide(inverse(double_divide(X0,X1)),double_divide(double_divide(X2,X3),X1)))),double_divide(X5,inverse(double_divide(double_divide(X2,X3),double_divide(X6,X0)))))) [forward demodulation 802,95]
919. double_divide(inverse(double_divide(inverse(double_divide(X2,X5)),X3)),X0) = double_divide(X6,inverse(double_divide(X5,double_divide(X6,inverse(inverse(double_divide(inverse(double_divide(X0,X1)),double_divide(double_divide(X2,X3),X1)))))))) [forward demodulation 804,565]
929. double_divide(double_divide(inverse(double_divide(X4,X5)),inverse(double_divide(X0,X1))),double_divide(double_divide(inverse(double_divide(inverse(double_divide(X2,X4)),X3)),X0),double_divide(double_divide(X2,X3),X1))) = X5 [forward demodulation 814,615]
941. double_divide(X1,double_divide(inverse(double_divide(inverse(double_divide(inverse(double_divide(X2,X3)),X1)),double_divide(X2,inverse(double_divide(X3,X0))))),X4)) = inverse(double_divide(X4,inverse(X0))) [forward demodulation 829,624]
951. inverse(double_divide(X0,double_divide(double_divide(X2,X3),inverse(double_divide(X0,X4))))) = double_divide(X1,double_divide(inverse(double_divide(X2,X1)),inverse(double_divide(X3,inverse(X4))))) [forward demodulation 840,565]
952. double_divide(X2,double_divide(inverse(double_divide(inverse(double_divide(X3,X2)),X4)),inverse(double_divide(X5,X6)))) = inverse(double_divide(double_divide(X0,X1),double_divide(double_divide(X3,X4),inverse(double_divide(double_divide(X0,X1),double_divide(X5,X6)))))) [forward demodulation 841,95]
968. double_divide(X2,double_divide(double_divide(X0,X1),X6)) = double_divide(inverse(double_divide(inverse(double_divide(inverse(double_divide(X0,X4)),X1)),double_divide(inverse(double_divide(X5,X4)),double_divide(X5,inverse(double_divide(X3,X2)))))),double_divide(X3,X6)) [forward demodulation 857,582]
971. inverse(double_divide(inverse(double_divide(X6,X7)),double_divide(double_divide(X5,double_divide(inverse(double_divide(inverse(double_divide(X2,inverse(double_divide(X5,X4)))),X3)),X0)),X7))) = double_divide(X4,double_divide(inverse(X0),inverse(double_divide(double_divide(X2,X3),X6)))) [forward demodulation 860,565]
972. double_divide(X1,double_divide(inverse(X0),X3)) = double_divide(inverse(double_divide(inverse(double_divide(X2,X1)),X0)),double_divide(X2,X3)) [forward demodulation 861,582]
973. double_divide(X1,double_divide(inverse(X0),X4)) = double_divide(inverse(double_divide(inverse(double_divide(X2,X1)),X3)),inverse(double_divide(X0,double_divide(inverse(double_divide(X2,X3)),X4)))) [forward demodulation 862,565]
981. inverse(double_divide(inverse(double_divide(X4,X5)),double_divide(double_divide(inverse(X2),X3),X5))) = double_divide(inverse(double_divide(X0,X2)),double_divide(X0,inverse(double_divide(X3,X4)))) [forward demodulation 870,429]
982. double_divide(double_divide(inverse(double_divide(inverse(double_divide(X0,X2)),X1)),X3),double_divide(inverse(double_divide(double_divide(X0,X1),X4)),X5)) = double_divide(inverse(X4),double_divide(inverse(double_divide(X2,X3)),X5)) [forward demodulation 871,582]
989. inverse(double_divide(inverse(double_divide(X4,X5)),double_divide(double_divide(X2,X3),X5))) = double_divide(X1,inverse(double_divide(double_divide(inverse(double_divide(X2,X1)),X0),double_divide(inverse(X0),inverse(double_divide(X3,X4)))))) [forward demodulation 878,565]
1011. double_divide(X4,double_divide(inverse(double_divide(inverse(double_divide(X2,inverse(double_divide(X4,X5)))),X3)),X0)) = inverse(double_divide(X5,inverse(double_divide(X0,inverse(double_divide(X1,double_divide(double_divide(X2,X3),X1))))))) [forward demodulation 900,565]
1012. double_divide(inverse(double_divide(X2,inverse(double_divide(X4,X5)))),inverse(double_divide(X3,X0))) = double_divide(X4,inverse(double_divide(X5,double_divide(inverse(X3),double_divide(X2,X0))))) [forward demodulation 901,565]
1014. double_divide(X4,double_divide(inverse(double_divide(inverse(double_divide(X2,inverse(double_divide(X4,X5)))),X3)),X0)) = double_divide(X7,inverse(double_divide(inverse(double_divide(inverse(X0),double_divide(X2,X3))),double_divide(X7,X5)))) [forward demodulation 903,347]
1017. double_divide(inverse(double_divide(X2,X4)),inverse(double_divide(X3,X0))) = double_divide(X4,double_divide(inverse(X3),double_divide(X2,X0))) [forward demodulation 906,565]
1025. double_divide(inverse(double_divide(inverse(X0),double_divide(X2,X3))),double_divide(X4,X5)) = double_divide(double_divide(X2,X3),double_divide(X4,inverse(double_divide(X0,X5)))) [forward demodulation 915,347]
1027. double_divide(inverse(double_divide(X4,X5)),double_divide(X4,X6)) = inverse(double_divide(inverse(double_divide(inverse(X0),double_divide(X2,X3))),double_divide(X5,inverse(double_divide(double_divide(X2,X3),double_divide(X6,X0)))))) [forward demodulation 917,347]
1029. double_divide(inverse(double_divide(inverse(double_divide(X2,X5)),X3)),X0) = double_divide(X5,inverse(double_divide(inverse(double_divide(X0,X1)),double_divide(double_divide(X2,X3),X1)))) [forward demodulation 919,578]
1039. double_divide(double_divide(inverse(double_divide(X4,X5)),inverse(double_divide(X0,X1))),double_divide(double_divide(inverse(double_divide(X2,X4)),inverse(double_divide(X3,X0))),double_divide(double_divide(X2,X3),X1))) = X5 [forward demodulation 929,565]
1051. inverse(double_divide(X4,inverse(X0))) = double_divide(X1,double_divide(inverse(double_divide(inverse(double_divide(X2,X3)),X1)),inverse(double_divide(double_divide(X2,inverse(double_divide(X3,X0))),X4)))) [forward demodulation 941,565]
1059. inverse(double_divide(X0,double_divide(double_divide(X2,X3),inverse(double_divide(X0,X4))))) = double_divide(X1,inverse(double_divide(double_divide(X2,X3),double_divide(X1,inverse(X4))))) [forward demodulation 951,95]
1060. inverse(double_divide(double_divide(X0,X1),double_divide(double_divide(X3,X4),inverse(double_divide(double_divide(X0,X1),double_divide(X5,X6)))))) = double_divide(X2,inverse(double_divide(double_divide(inverse(double_divide(X3,X2)),X5),double_divide(X4,X6)))) [forward demodulation 952,95]
1074. double_divide(X2,double_divide(double_divide(X0,X1),X6)) = double_divide(inverse(double_divide(inverse(double_divide(X0,X4)),X1)),inverse(double_divide(double_divide(inverse(double_divide(X5,X4)),double_divide(X5,inverse(double_divide(X3,X2)))),double_divide(X3,X6)))) [forward demodulation 968,565]
1077. double_divide(X4,double_divide(inverse(X0),inverse(double_divide(double_divide(X2,X3),X6)))) = inverse(double_divide(X6,inverse(double_divide(X7,double_divide(double_divide(X5,double_divide(inverse(double_divide(inverse(double_divide(X2,inverse(double_divide(X5,X4)))),X3)),X0)),X7))))) [forward demodulation 971,565]
1078. double_divide(X1,double_divide(inverse(X0),X3)) = double_divide(inverse(double_divide(X2,X1)),inverse(double_divide(X0,double_divide(X2,X3)))) [forward demodulation 972,565]
1079. double_divide(X1,double_divide(inverse(X0),X4)) = inverse(double_divide(double_divide(inverse(double_divide(X2,X1)),X0),double_divide(X3,double_divide(inverse(double_divide(X2,X3)),X4)))) [forward demodulation 973,95]
1087. inverse(double_divide(inverse(double_divide(X4,X5)),double_divide(double_divide(inverse(X2),X3),X5))) = double_divide(X0,inverse(double_divide(X2,double_divide(X0,inverse(double_divide(X3,X4)))))) [forward demodulation 981,565]
1088. double_divide(double_divide(inverse(double_divide(inverse(double_divide(X0,X2)),X1)),X3),double_divide(inverse(double_divide(double_divide(X0,X1),X4)),X5)) = double_divide(inverse(X4),double_divide(X2,inverse(double_divide(X3,X5)))) [forward demodulation 982,565]
1095. inverse(double_divide(inverse(double_divide(X4,X5)),double_divide(double_divide(X2,X3),X5))) = double_divide(X1,double_divide(inverse(double_divide(X2,X1)),inverse(double_divide(X3,X4)))) [forward demodulation 989,621]
1115. double_divide(X4,double_divide(inverse(double_divide(inverse(double_divide(X2,inverse(double_divide(X4,X5)))),X3)),X0)) = inverse(double_divide(X5,double_divide(inverse(X3),double_divide(X2,X0)))) [forward demodulation 1011,582]
1116. inverse(double_divide(double_divide(X2,X3),double_divide(inverse(double_divide(X4,X5)),X0))) = double_divide(X4,inverse(double_divide(X5,double_divide(inverse(X3),double_divide(X2,X0))))) [forward demodulation 1012,95]
1118. double_divide(X4,double_divide(inverse(double_divide(inverse(double_divide(X2,inverse(double_divide(X4,X5)))),X3)),X0)) = double_divide(X7,inverse(double_divide(inverse(X0),inverse(double_divide(double_divide(X2,X3),double_divide(X7,X5)))))) [forward demodulation 1014,565]
1121. double_divide(X4,double_divide(inverse(X3),double_divide(X2,X0))) = double_divide(X2,inverse(double_divide(X4,inverse(double_divide(X3,X0))))) [forward demodulation 1017,565]
1128. double_divide(double_divide(X2,X3),double_divide(X4,inverse(double_divide(X0,X5)))) = double_divide(inverse(X0),inverse(double_divide(double_divide(X2,X3),double_divide(X4,X5)))) [forward demodulation 1025,565]
1130. double_divide(inverse(double_divide(X4,X5)),double_divide(X4,X6)) = inverse(double_divide(inverse(X0),inverse(double_divide(double_divide(X2,X3),double_divide(X5,inverse(double_divide(double_divide(X2,X3),double_divide(X6,X0)))))))) [forward demodulation 1027,565]
1132. double_divide(inverse(double_divide(inverse(double_divide(X2,X5)),X3)),X0) = double_divide(X5,inverse(double_divide(X0,inverse(double_divide(X1,double_divide(double_divide(X2,X3),X1)))))) [forward demodulation 1029,565]
1141. double_divide(double_divide(inverse(double_divide(X4,X5)),inverse(double_divide(X0,X1))),double_divide(inverse(double_divide(double_divide(X2,X3),double_divide(X4,X0))),double_divide(double_divide(X2,X3),X1))) = X5 [forward demodulation 1039,95]
1151. inverse(double_divide(X4,inverse(X0))) = double_divide(X1,inverse(double_divide(double_divide(inverse(double_divide(X2,X3)),double_divide(X2,inverse(double_divide(X3,X0)))),double_divide(X1,X4)))) [forward demodulation 1051,95]
1158. double_divide(double_divide(X2,X3),X4) = inverse(double_divide(X0,double_divide(double_divide(X2,X3),inverse(double_divide(X0,X4))))) [forward demodulation 1059,578]
1159. inverse(double_divide(double_divide(X0,X1),double_divide(double_divide(X3,X4),inverse(double_divide(double_divide(X0,X1),double_divide(X5,X6)))))) = double_divide(X2,inverse(double_divide(double_divide(X3,inverse(double_divide(X2,X5))),double_divide(X4,X6)))) [forward demodulation 1060,565]
1170. double_divide(X2,double_divide(double_divide(X0,X1),X6)) = inverse(double_divide(double_divide(inverse(double_divide(X0,X4)),double_divide(inverse(double_divide(X5,X4)),double_divide(X5,inverse(double_divide(X3,X2))))),double_divide(X1,double_divide(X3,X6)))) [forward demodulation 1074,95]
1172. double_divide(X4,double_divide(inverse(X0),inverse(double_divide(double_divide(X2,X3),X6)))) = double_divide(inverse(double_divide(inverse(double_divide(inverse(double_divide(X2,inverse(double_divide(X5,X4)))),X3)),X0)),double_divide(X5,X6)) [forward demodulation 1077,582]
1173. double_divide(X1,double_divide(inverse(X0),X3)) = inverse(double_divide(double_divide(X2,X0),double_divide(X1,double_divide(X2,X3)))) [forward demodulation 1078,95]
1174. double_divide(X1,double_divide(inverse(X0),X4)) = inverse(double_divide(double_divide(inverse(double_divide(X2,X1)),X0),double_divide(X3,double_divide(X2,inverse(double_divide(X3,X4)))))) [forward demodulation 1079,565]
1180. double_divide(X2,double_divide(X3,X4)) = inverse(double_divide(inverse(double_divide(X4,X5)),double_divide(double_divide(inverse(X2),X3),X5))) [forward demodulation 1087,578]
1181. double_divide(inverse(X4),double_divide(X2,inverse(double_divide(X3,X5)))) = double_divide(double_divide(inverse(double_divide(inverse(double_divide(X0,X2)),X1)),X3),double_divide(double_divide(X0,X1),inverse(double_divide(X4,X5)))) [forward demodulation 1088,565]
1187. inverse(double_divide(inverse(double_divide(X4,X5)),double_divide(double_divide(X2,X3),X5))) = double_divide(X1,inverse(double_divide(double_divide(X2,X3),double_divide(X1,X4)))) [forward demodulation 1095,95]
1200. double_divide(X4,double_divide(inverse(double_divide(X2,inverse(double_divide(X4,X5)))),inverse(double_divide(X3,X0)))) = inverse(double_divide(X5,double_divide(inverse(X3),double_divide(X2,X0)))) [forward demodulation 1115,565]
1201. double_divide(X4,inverse(double_divide(X5,double_divide(inverse(X3),double_divide(X2,X0))))) = inverse(double_divide(double_divide(X2,X3),double_divide(X4,inverse(double_divide(X5,X0))))) [forward demodulation 1116,565]
1203. double_divide(X4,double_divide(inverse(double_divide(X2,inverse(double_divide(X4,X5)))),inverse(double_divide(X3,X0)))) = double_divide(X7,inverse(double_divide(inverse(X0),inverse(double_divide(double_divide(X2,X3),double_divide(X7,X5)))))) [forward demodulation 1118,565]
1213. double_divide(inverse(double_divide(X4,X5)),double_divide(X4,X6)) = inverse(double_divide(double_divide(X2,X3),double_divide(X5,inverse(double_divide(X0,inverse(double_divide(double_divide(X2,X3),double_divide(X6,X0)))))))) [forward demodulation 1130,1128]
1215. double_divide(inverse(double_divide(inverse(double_divide(X2,X5)),X3)),X0) = double_divide(X0,double_divide(inverse(X1),double_divide(X5,double_divide(double_divide(X2,X3),X1)))) [forward demodulation 1132,1121]
1224. double_divide(double_divide(inverse(double_divide(X4,X5)),inverse(double_divide(X0,X1))),double_divide(double_divide(X2,X3),inverse(double_divide(double_divide(X4,X0),double_divide(double_divide(X2,X3),X1))))) = X5 [forward demodulation 1141,565]
1232. inverse(double_divide(X4,inverse(X0))) = double_divide(X1,inverse(double_divide(X0,double_divide(X1,X4)))) [forward demodulation 1151,30]
1238. double_divide(X2,inverse(double_divide(double_divide(X3,inverse(double_divide(X2,X5))),double_divide(X4,X6)))) = double_divide(double_divide(X3,X4),double_divide(X5,X6)) [forward demodulation 1159,1158]
1244. double_divide(X2,double_divide(double_divide(X0,X1),X6)) = inverse(double_divide(double_divide(X0,inverse(double_divide(X4,double_divide(inverse(double_divide(X5,X4)),double_divide(X5,inverse(double_divide(X3,X2))))))),double_divide(X1,double_divide(X3,X6)))) [forward demodulation 1170,565]
1246. double_divide(X4,double_divide(inverse(X0),inverse(double_divide(double_divide(X2,X3),X6)))) = double_divide(inverse(double_divide(inverse(double_divide(X2,inverse(double_divide(X5,X4)))),X3)),inverse(double_divide(X0,double_divide(X5,X6)))) [forward demodulation 1172,565]
1247. double_divide(X1,double_divide(inverse(X0),X4)) = inverse(double_divide(double_divide(X2,inverse(double_divide(X1,X0))),double_divide(X3,double_divide(X2,inverse(double_divide(X3,X4)))))) [forward demodulation 1174,565]
1252. double_divide(X2,double_divide(X3,X4)) = inverse(double_divide(X4,inverse(double_divide(X5,double_divide(double_divide(inverse(X2),X3),X5))))) [forward demodulation 1180,565]
1253. double_divide(inverse(X4),double_divide(X2,inverse(double_divide(X3,X5)))) = double_divide(double_divide(inverse(double_divide(X0,X2)),inverse(double_divide(X1,X3))),double_divide(double_divide(X0,X1),inverse(double_divide(X4,X5)))) [forward demodulation 1181,565]
1258. double_divide(X1,inverse(double_divide(double_divide(X2,X3),double_divide(X1,X4)))) = inverse(double_divide(X4,inverse(double_divide(X5,double_divide(double_divide(X2,X3),X5))))) [forward demodulation 1187,565]
1266. double_divide(X4,inverse(double_divide(double_divide(X2,X3),double_divide(inverse(double_divide(X4,X5)),X0)))) = inverse(double_divide(X5,double_divide(inverse(X3),double_divide(X2,X0)))) [forward demodulation 1200,95]
1268. double_divide(X4,double_divide(inverse(double_divide(X2,inverse(double_divide(X4,X5)))),inverse(double_divide(X3,X0)))) = double_divide(inverse(X0),double_divide(inverse(double_divide(X2,X3)),double_divide(X7,double_divide(X7,X5)))) [forward demodulation 1203,1121]
1277. double_divide(inverse(double_divide(X4,X5)),double_divide(X4,X6)) = double_divide(X5,inverse(double_divide(X0,double_divide(inverse(X3),double_divide(X2,inverse(double_divide(double_divide(X2,X3),double_divide(X6,X0)))))))) [forward demodulation 1213,1201]
1279. double_divide(inverse(double_divide(X2,X5)),inverse(double_divide(X3,X0))) = double_divide(X0,double_divide(inverse(X1),double_divide(X5,double_divide(double_divide(X2,X3),X1)))) [forward demodulation 1215,565]
1287. double_divide(inverse(double_divide(double_divide(X4,X0),double_divide(X5,X1))),double_divide(double_divide(X2,X3),inverse(double_divide(double_divide(X4,X0),double_divide(double_divide(X2,X3),X1))))) = X5 [forward demodulation 1224,95]
1300. double_divide(X2,double_divide(double_divide(X0,X1),X6)) = inverse(double_divide(double_divide(X0,inverse(double_divide(X3,X2))),double_divide(X1,double_divide(X3,X6)))) [forward demodulation 1244,4]
1302. double_divide(X4,double_divide(inverse(X0),inverse(double_divide(double_divide(X2,X3),X6)))) = inverse(double_divide(double_divide(inverse(double_divide(X2,inverse(double_divide(X5,X4)))),X0),double_divide(X3,double_divide(X5,X6)))) [forward demodulation 1246,95]
1303. double_divide(X1,double_divide(inverse(X0),X4)) = double_divide(X3,double_divide(inverse(inverse(double_divide(X1,X0))),inverse(double_divide(X3,X4)))) [forward demodulation 1247,1173]
1307. double_divide(X2,double_divide(X3,X4)) = double_divide(inverse(X3),double_divide(inverse(X2),X4)) [forward demodulation 1252,582]
1308. double_divide(inverse(X4),double_divide(X2,inverse(double_divide(X3,X5)))) = double_divide(inverse(double_divide(double_divide(X0,X1),double_divide(X2,X3))),double_divide(double_divide(X0,X1),inverse(double_divide(X4,X5)))) [forward demodulation 1253,95]
1313. double_divide(X1,inverse(double_divide(double_divide(X2,X3),double_divide(X1,X4)))) = double_divide(inverse(X3),double_divide(X2,X4)) [forward demodulation 1258,582]
1319. inverse(double_divide(X5,double_divide(inverse(X3),double_divide(X2,X0)))) = double_divide(X4,inverse(double_divide(double_divide(X2,X3),double_divide(X4,inverse(double_divide(X5,X0)))))) [forward demodulation 1266,565]
1320. double_divide(X4,double_divide(inverse(double_divide(X2,inverse(double_divide(X4,X5)))),inverse(double_divide(X3,X0)))) = double_divide(inverse(X0),double_divide(X2,inverse(double_divide(X3,double_divide(X7,double_divide(X7,X5)))))) [forward demodulation 1268,565]
1327. double_divide(inverse(double_divide(X4,X5)),double_divide(X4,X6)) = double_divide(X5,inverse(double_divide(X0,double_divide(X6,X0)))) [forward demodulation 1277,556]
1328. inverse(double_divide(double_divide(X2,X3),double_divide(X5,X0))) = double_divide(X0,double_divide(inverse(X1),double_divide(X5,double_divide(double_divide(X2,X3),X1)))) [forward demodulation 1279,95]
1335. double_divide(double_divide(X4,X0),inverse(double_divide(double_divide(X5,X1),double_divide(double_divide(X2,X3),inverse(double_divide(double_divide(X4,X0),double_divide(double_divide(X2,X3),X1))))))) = X5 [forward demodulation 1287,565]
1347. double_divide(X4,double_divide(inverse(X0),inverse(double_divide(double_divide(X2,X3),X6)))) = inverse(double_divide(double_divide(X2,inverse(double_divide(inverse(double_divide(X5,X4)),X0))),double_divide(X3,double_divide(X5,X6)))) [forward demodulation 1302,565]
1348. double_divide(X1,double_divide(inverse(X0),X4)) = double_divide(X3,double_divide(double_divide(X1,X0),inverse(double_divide(X3,X4)))) [forward demodulation 1303,615]
1351. double_divide(inverse(X4),double_divide(X2,inverse(double_divide(X3,X5)))) = double_divide(double_divide(X0,X1),inverse(double_divide(double_divide(X2,X3),double_divide(double_divide(X0,X1),inverse(double_divide(X4,X5)))))) [forward demodulation 1308,565]
1355. inverse(double_divide(X4,inverse(double_divide(X2,X3)))) = double_divide(inverse(X3),double_divide(X2,X4)) [forward demodulation 1313,1232]
1360. inverse(double_divide(X5,double_divide(inverse(X3),double_divide(X2,X0)))) = double_divide(double_divide(X2,X3),double_divide(X5,X0)) [forward demodulation 1319,578]
1361. double_divide(X4,double_divide(inverse(double_divide(X2,inverse(double_divide(X4,X5)))),inverse(double_divide(X3,X0)))) = double_divide(inverse(X0),double_divide(X2,inverse(double_divide(X3,X5)))) [forward demodulation 1320,429]
1368. double_divide(inverse(double_divide(X4,X5)),double_divide(X4,X6)) = double_divide(X5,inverse(X6)) [forward demodulation 1327,624]
1374. double_divide(double_divide(X4,X0),double_divide(double_divide(X2,X3),inverse(double_divide(double_divide(X4,X0),double_divide(inverse(X1),double_divide(X5,double_divide(double_divide(X2,X3),X1))))))) = X5 [forward demodulation 1335,1201]
1386. double_divide(X4,double_divide(inverse(X0),inverse(double_divide(double_divide(X2,X3),X6)))) = inverse(double_divide(double_divide(X2,inverse(double_divide(X5,inverse(double_divide(X4,X0))))),double_divide(X3,double_divide(X5,X6)))) [forward demodulation 1347,565]
1389. double_divide(double_divide(X2,X3),double_divide(X4,X5)) = double_divide(inverse(X4),double_divide(X2,inverse(double_divide(X3,X5)))) [forward demodulation 1351,578]
1395. double_divide(X4,inverse(double_divide(double_divide(X2,X3),double_divide(inverse(double_divide(X4,X5)),X0)))) = double_divide(inverse(X0),double_divide(X2,inverse(double_divide(X3,X5)))) [forward demodulation 1361,95]
1401. double_divide(X4,inverse(double_divide(X5,double_divide(X4,X6)))) = double_divide(X5,inverse(X6)) [forward demodulation 1368,565]
1407. double_divide(X2,double_divide(inverse(X3),double_divide(inverse(X1),double_divide(X5,double_divide(double_divide(X2,X3),X1))))) = X5 [forward demodulation 1374,1348]
1418. double_divide(X4,double_divide(inverse(X0),inverse(double_divide(double_divide(X2,X3),X6)))) = double_divide(inverse(double_divide(X4,X0)),double_divide(double_divide(X2,X3),X6)) [forward demodulation 1386,1300]
1423. double_divide(X4,inverse(double_divide(double_divide(X2,X3),double_divide(inverse(double_divide(X4,X5)),X0)))) = double_divide(double_divide(X2,X3),double_divide(X0,X5)) [forward demodulation 1395,1389]
1432. double_divide(X2,inverse(double_divide(double_divide(X2,X3),double_divide(X5,inverse(X3))))) = X5 [forward demodulation 1407,1328]
1439. double_divide(X4,double_divide(inverse(X0),inverse(double_divide(double_divide(X2,X3),X6)))) = double_divide(X4,inverse(double_divide(X0,double_divide(double_divide(X2,X3),X6)))) [forward demodulation 1418,565]
1443. double_divide(X4,inverse(double_divide(double_divide(X2,X3),double_divide(X4,inverse(double_divide(X5,X0)))))) = double_divide(double_divide(X2,X3),double_divide(X0,X5)) [forward demodulation 1423,565]
1452. double_divide(double_divide(X2,X3),double_divide(X5,X0)) = double_divide(double_divide(X2,X3),double_divide(X0,X5)) [forward demodulation 1443,578]
1458. inverse(double_divide(inverse(double_divide(X0,X1)),double_divide(X0,X2))) = double_divide(inverse(double_divide(X2,X3)),double_divide(X1,X3)) [superposition 617,8]
1460. inverse(double_divide(X0,X1)) = double_divide(inverse(double_divide(X2,X3)),double_divide(inverse(double_divide(inverse(double_divide(X0,X2)),X1)),X3)) [superposition 617,3]
1465. inverse(X0) = double_divide(X0,double_divide(inverse(X1),X1)) [superposition 617,189]
1480. inverse(double_divide(X0,X1)) = double_divide(X2,inverse(double_divide(X3,double_divide(inverse(double_divide(inverse(double_divide(X0,X2)),X1)),X3)))) [forward demodulation 1460,565]
1482. inverse(double_divide(inverse(double_divide(X0,X1)),double_divide(X0,X2))) = double_divide(X2,inverse(double_divide(X3,double_divide(X1,X3)))) [forward demodulation 1458,565]
1490. inverse(double_divide(X0,X1)) = double_divide(X2,double_divide(inverse(double_divide(X0,X2)),X1)) [forward demodulation 1480,498]
1492. inverse(double_divide(inverse(double_divide(X0,X1)),double_divide(X0,X2))) = double_divide(X2,inverse(X1)) [forward demodulation 1482,624]
1499. inverse(double_divide(X0,X1)) = double_divide(X2,double_divide(X0,inverse(double_divide(X2,X1)))) [forward demodulation 1490,565]
1501. inverse(double_divide(X0,inverse(double_divide(X1,double_divide(X0,X2))))) = double_divide(X2,inverse(X1)) [forward demodulation 1492,565]
1507. double_divide(X2,inverse(X1)) = double_divide(inverse(double_divide(X0,X2)),double_divide(X1,X0)) [forward demodulation 1501,1355]
1510. double_divide(X2,inverse(X1)) = double_divide(X0,inverse(double_divide(X2,double_divide(X1,X0)))) [forward demodulation 1507,565]
1515. inverse(double_divide(inverse(double_divide(double_divide(inverse(double_divide(inverse(double_divide(X2,X4)),X3)),X0),X7)),double_divide(X6,X7))) = double_divide(X4,double_divide(inverse(double_divide(X5,inverse(inverse(double_divide(inverse(double_divide(X0,X1)),double_divide(double_divide(X2,X3),X1)))))),double_divide(X5,X6))) [superposition 17,16]
1523. inverse(double_divide(inverse(double_divide(double_divide(inverse(double_divide(inverse(double_divide(X0,X2)),X1)),X3),X6)),double_divide(X5,X6))) = double_divide(inverse(double_divide(X2,X3)),double_divide(inverse(double_divide(X4,double_divide(X0,X1))),double_divide(X4,X5))) [superposition 17,3]
1524. inverse(double_divide(inverse(double_divide(double_divide(X3,double_divide(X3,inverse(double_divide(X0,X1)))),X5)),double_divide(X4,X5))) = double_divide(inverse(X1),double_divide(inverse(double_divide(X2,X0)),double_divide(X2,X4))) [superposition 17,67]
1530. inverse(double_divide(inverse(double_divide(double_divide(X4,double_divide(inverse(double_divide(inverse(double_divide(X1,X4)),X2)),X0)),X6)),double_divide(X5,X6))) = double_divide(double_divide(X1,X2),double_divide(inverse(double_divide(X3,X0)),double_divide(X3,X5))) [superposition 17,5]
1537. inverse(double_divide(inverse(double_divide(X4,X5)),double_divide(double_divide(X2,inverse(double_divide(X3,X0))),X5))) = double_divide(X1,double_divide(inverse(double_divide(inverse(double_divide(X2,X3)),inverse(double_divide(X1,X4)))),X0)) [superposition 17,30]
1549. double_divide(X1,double_divide(inverse(double_divide(X2,inverse(double_divide(X1,inverse(double_divide(inverse(double_divide(X3,X0)),X4)))))),double_divide(X2,X5))) = inverse(double_divide(X0,double_divide(X5,double_divide(X3,X4)))) [superposition 17,1]
1563. double_divide(X1,double_divide(inverse(double_divide(X2,inverse(double_divide(X1,X3)))),double_divide(X2,X4))) = inverse(double_divide(inverse(double_divide(X3,double_divide(X4,X0))),X0)) [superposition 17,429]
1567. double_divide(X3,double_divide(inverse(double_divide(X4,inverse(double_divide(X3,X5)))),double_divide(X4,inverse(double_divide(X6,X2))))) = inverse(double_divide(inverse(double_divide(X5,double_divide(X6,X0))),inverse(double_divide(inverse(double_divide(X0,X1)),double_divide(X2,X1))))) [superposition 17,8]
1568. inverse(inverse(double_divide(inverse(double_divide(X0,X1)),double_divide(X0,X1)))) = double_divide(X2,double_divide(inverse(double_divide(X3,inverse(double_divide(X2,X4)))),double_divide(X3,X4))) [superposition 17,8]
1580. double_divide(X2,inverse(double_divide(X3,X0))) = inverse(inverse(double_divide(inverse(double_divide(X0,X1)),double_divide(double_divide(X2,X3),X1)))) [superposition 11,17]
1584. double_divide(X4,X2) = inverse(double_divide(double_divide(inverse(double_divide(X3,inverse(double_divide(X4,inverse(double_divide(X5,X0)))))),double_divide(X3,X5)),inverse(double_divide(inverse(double_divide(X0,X1)),double_divide(X2,X1))))) [superposition 6,17]
1600. double_divide(inverse(inverse(double_divide(inverse(double_divide(X0,X1)),double_divide(X2,X1)))),double_divide(X3,X5)) = inverse(double_divide(inverse(double_divide(X5,X6)),double_divide(double_divide(inverse(double_divide(X4,inverse(double_divide(X3,X0)))),double_divide(X4,X2)),X6))) [superposition 8,17]
1613. double_divide(inverse(double_divide(X4,inverse(double_divide(X3,X0)))),double_divide(X4,X2)) = double_divide(X3,inverse(double_divide(inverse(double_divide(X0,X1)),double_divide(X2,X1)))) [superposition 429,17]
1617. inverse(inverse(double_divide(inverse(double_divide(X0,X1)),double_divide(X2,X1)))) = double_divide(inverse(double_divide(X3,inverse(double_divide(X4,inverse(double_divide(inverse(double_divide(X5,double_divide(X4,X2))),X0)))))),double_divide(X3,X5)) [superposition 8,17]
1618. inverse(double_divide(inverse(double_divide(X6,X7)),double_divide(double_divide(X4,double_divide(inverse(double_divide(X5,inverse(double_divide(inverse(double_divide(X4,X3)),X0)))),double_divide(X5,X2))),X7))) = double_divide(X3,double_divide(inverse(inverse(double_divide(inverse(double_divide(X0,X1)),double_divide(X2,X1)))),X6)) [superposition 16,17]
1621. double_divide(inverse(double_divide(X5,inverse(double_divide(inverse(double_divide(X3,X4)),X0)))),double_divide(X5,X2)) = double_divide(X3,inverse(double_divide(X4,inverse(double_divide(inverse(double_divide(X0,X1)),double_divide(X2,X1)))))) [superposition 20,17]
1624. double_divide(X3,inverse(double_divide(inverse(double_divide(X0,X1)),double_divide(X2,X1)))) = inverse(double_divide(inverse(double_divide(double_divide(inverse(double_divide(X6,inverse(double_divide(inverse(double_divide(inverse(double_divide(X4,X3)),X5)),X0)))),double_divide(X6,X2)),X7)),double_divide(double_divide(X4,X5),X7))) [superposition 16,17]
1625. double_divide(inverse(double_divide(X6,inverse(double_divide(inverse(double_divide(inverse(double_divide(X3,X5)),X4)),X0)))),double_divide(X6,X2)) = inverse(double_divide(double_divide(X3,X4),double_divide(X5,inverse(double_divide(inverse(double_divide(X0,X1)),double_divide(X2,X1)))))) [superposition 5,17]
1631. inverse(double_divide(inverse(double_divide(X5,X6)),double_divide(double_divide(X2,double_divide(X3,X4)),X6))) = double_divide(X4,double_divide(double_divide(X0,double_divide(inverse(double_divide(X1,inverse(double_divide(X0,X2)))),double_divide(X1,X3))),X5)) [superposition 16,17]
1646. double_divide(inverse(double_divide(X4,X5)),double_divide(X4,inverse(double_divide(X2,X6)))) = inverse(double_divide(double_divide(X0,double_divide(inverse(double_divide(X1,inverse(double_divide(X0,X2)))),double_divide(X1,X3))),double_divide(X5,double_divide(X3,X6)))) [superposition 8,17]
1647. inverse(double_divide(inverse(double_divide(X5,X6)),double_divide(double_divide(X3,X4),X6))) = double_divide(double_divide(X0,double_divide(inverse(double_divide(X1,inverse(double_divide(X0,X2)))),double_divide(X1,X3))),double_divide(inverse(double_divide(X2,X4)),X5)) [superposition 8,17]
1656. double_divide(inverse(double_divide(X2,X4)),double_divide(X3,X4)) = inverse(double_divide(X0,double_divide(inverse(double_divide(X1,inverse(double_divide(X0,X2)))),double_divide(X1,X3)))) [superposition 617,17]
1663. double_divide(inverse(double_divide(X2,X4)),double_divide(X3,X4)) = double_divide(double_divide(X1,double_divide(X1,inverse(double_divide(X0,X2)))),double_divide(X0,X3)) [forward demodulation 1656,1360]
1672. inverse(double_divide(inverse(double_divide(X5,X6)),double_divide(double_divide(X3,X4),X6))) = double_divide(double_divide(X0,double_divide(inverse(double_divide(X1,inverse(double_divide(X0,X2)))),double_divide(X1,X3))),double_divide(X2,inverse(double_divide(X4,X5)))) [forward demodulation 1647,565]
1673. double_divide(inverse(double_divide(X4,X5)),double_divide(X4,inverse(double_divide(X2,X6)))) = inverse(double_divide(double_divide(X0,double_divide(X1,inverse(double_divide(inverse(double_divide(X0,X2)),double_divide(X1,X3))))),double_divide(X5,double_divide(X3,X6)))) [forward demodulation 1646,565]
1684. inverse(double_divide(inverse(double_divide(X5,X6)),double_divide(double_divide(X2,double_divide(X3,X4)),X6))) = double_divide(X4,double_divide(double_divide(X0,double_divide(X1,inverse(double_divide(inverse(double_divide(X0,X2)),double_divide(X1,X3))))),X5)) [forward demodulation 1631,565]
1688. double_divide(inverse(double_divide(X6,inverse(double_divide(inverse(double_divide(inverse(double_divide(X3,X5)),X4)),X0)))),double_divide(X6,X2)) = double_divide(X5,inverse(double_divide(inverse(double_divide(X0,X1)),double_divide(inverse(X4),double_divide(X3,double_divide(X2,X1)))))) [forward demodulation 1625,1201]
1689. double_divide(X3,inverse(double_divide(inverse(double_divide(X0,X1)),double_divide(X2,X1)))) = inverse(double_divide(double_divide(inverse(double_divide(X6,inverse(double_divide(inverse(double_divide(inverse(double_divide(X4,X3)),X5)),X0)))),double_divide(X6,X2)),inverse(double_divide(X7,double_divide(double_divide(X4,X5),X7))))) [forward demodulation 1624,565]
1692. double_divide(inverse(double_divide(X5,inverse(double_divide(inverse(double_divide(X3,X4)),X0)))),double_divide(X5,X2)) = double_divide(X4,double_divide(inverse(inverse(double_divide(X0,X1))),double_divide(X3,double_divide(X2,X1)))) [forward demodulation 1621,1121]
1695. inverse(double_divide(inverse(double_divide(X6,X7)),double_divide(double_divide(X4,double_divide(inverse(double_divide(X5,inverse(double_divide(inverse(double_divide(X4,X3)),X0)))),double_divide(X5,X2))),X7))) = double_divide(X3,double_divide(inverse(double_divide(inverse(X0),X2)),X6)) [forward demodulation 1618,347]
1696. inverse(inverse(double_divide(inverse(double_divide(X0,X1)),double_divide(X2,X1)))) = double_divide(X3,inverse(double_divide(inverse(double_divide(X4,inverse(double_divide(inverse(double_divide(X5,double_divide(X4,X2))),X0)))),double_divide(X3,X5)))) [forward demodulation 1617,565]
1700. double_divide(inverse(double_divide(X4,inverse(double_divide(X3,X0)))),double_divide(X4,X2)) = double_divide(X3,inverse(double_divide(X0,inverse(double_divide(X1,double_divide(X2,X1)))))) [forward demodulation 1613,565]
1712. double_divide(inverse(inverse(double_divide(inverse(double_divide(X0,X1)),double_divide(X2,X1)))),double_divide(X3,X5)) = double_divide(X2,double_divide(inverse(double_divide(X3,X0)),X5)) [forward demodulation 1600,51]
1728. double_divide(X4,X2) = double_divide(inverse(double_divide(X2,X1)),double_divide(inverse(double_divide(X0,X1)),double_divide(inverse(double_divide(X3,inverse(double_divide(X4,inverse(double_divide(X5,X0)))))),double_divide(X3,X5)))) [forward demodulation 1584,1355]
1732. double_divide(X2,inverse(double_divide(X3,X0))) = inverse(double_divide(inverse(X0),double_divide(X2,X3))) [forward demodulation 1580,347]
1741. inverse(inverse(double_divide(inverse(double_divide(X0,X1)),double_divide(X0,X1)))) = double_divide(X2,double_divide(X3,inverse(double_divide(inverse(double_divide(X2,X4)),double_divide(X3,X4))))) [forward demodulation 1568,565]
1742. double_divide(X3,double_divide(inverse(double_divide(X4,inverse(double_divide(X3,X5)))),double_divide(X4,inverse(double_divide(X6,X2))))) = double_divide(inverse(double_divide(X2,X1)),double_divide(inverse(double_divide(X0,X1)),inverse(double_divide(X5,double_divide(X6,X0))))) [forward demodulation 1567,1355]
1746. double_divide(X1,double_divide(inverse(double_divide(X2,inverse(double_divide(X1,X3)))),double_divide(X2,X4))) = inverse(double_divide(X3,inverse(double_divide(double_divide(X4,X0),X0)))) [forward demodulation 1563,565]
1760. inverse(double_divide(X0,double_divide(X5,double_divide(X3,X4)))) = double_divide(X1,double_divide(X2,inverse(double_divide(inverse(double_divide(X1,inverse(double_divide(inverse(double_divide(X3,X0)),X4)))),double_divide(X2,X5))))) [forward demodulation 1549,565]
1770. inverse(double_divide(inverse(double_divide(X4,X5)),double_divide(double_divide(X2,inverse(double_divide(X3,X0))),X5))) = double_divide(X1,double_divide(inverse(double_divide(X2,X3)),inverse(double_divide(inverse(double_divide(X1,X4)),X0)))) [forward demodulation 1537,565]
1777. inverse(double_divide(inverse(double_divide(double_divide(X4,double_divide(inverse(double_divide(inverse(double_divide(X1,X4)),X2)),X0)),X6)),double_divide(X5,X6))) = double_divide(double_divide(X1,X2),double_divide(X3,inverse(double_divide(X0,double_divide(X3,X5))))) [forward demodulation 1530,565]
1783. inverse(double_divide(inverse(double_divide(double_divide(X3,double_divide(X3,inverse(double_divide(X0,X1)))),X5)),double_divide(X4,X5))) = double_divide(double_divide(X2,X0),double_divide(X1,double_divide(X2,X4))) [forward demodulation 1524,1307]
1784. inverse(double_divide(inverse(double_divide(double_divide(inverse(double_divide(inverse(double_divide(X0,X2)),X1)),X3),X6)),double_divide(X5,X6))) = double_divide(X2,inverse(double_divide(X3,double_divide(inverse(double_divide(X4,double_divide(X0,X1))),double_divide(X4,X5))))) [forward demodulation 1523,565]
1791. inverse(double_divide(inverse(double_divide(double_divide(inverse(double_divide(inverse(double_divide(X2,X4)),X3)),X0),X7)),double_divide(X6,X7))) = double_divide(X4,double_divide(X5,inverse(double_divide(inverse(inverse(double_divide(inverse(double_divide(X0,X1)),double_divide(double_divide(X2,X3),X1)))),double_divide(X5,X6))))) [forward demodulation 1515,565]
1797. double_divide(inverse(double_divide(X2,X4)),double_divide(X3,X4)) = double_divide(inverse(double_divide(X0,X2)),double_divide(X0,X3)) [forward demodulation 1663,429]
1805. inverse(double_divide(inverse(double_divide(X5,X6)),double_divide(double_divide(X3,X4),X6))) = double_divide(double_divide(X0,double_divide(X1,inverse(double_divide(inverse(double_divide(X0,X2)),double_divide(X1,X3))))),double_divide(X2,inverse(double_divide(X4,X5)))) [forward demodulation 1672,565]
1806. double_divide(inverse(double_divide(X4,X5)),double_divide(X4,inverse(double_divide(X2,X6)))) = inverse(double_divide(double_divide(X0,inverse(double_divide(X3,inverse(inverse(double_divide(X0,X2)))))),double_divide(X5,double_divide(X3,X6)))) [forward demodulation 1673,1232]
1817. inverse(double_divide(inverse(double_divide(X5,X6)),double_divide(double_divide(X2,double_divide(X3,X4)),X6))) = double_divide(X4,double_divide(double_divide(X0,inverse(double_divide(X3,inverse(inverse(double_divide(X0,X2)))))),X5)) [forward demodulation 1684,1232]
1820. double_divide(inverse(double_divide(X6,inverse(double_divide(inverse(double_divide(inverse(double_divide(X3,X5)),X4)),X0)))),double_divide(X6,X2)) = double_divide(X5,double_divide(double_divide(X3,X4),double_divide(inverse(double_divide(X0,X1)),double_divide(X2,X1)))) [forward demodulation 1688,1360]
1821. double_divide(X3,inverse(double_divide(inverse(double_divide(X0,X1)),double_divide(X2,X1)))) = double_divide(inverse(X5),double_divide(X4,double_divide(inverse(double_divide(X6,inverse(double_divide(inverse(double_divide(inverse(double_divide(X4,X3)),X5)),X0)))),double_divide(X6,X2)))) [forward demodulation 1689,582]
1824. double_divide(inverse(double_divide(X5,inverse(double_divide(inverse(double_divide(X3,X4)),X0)))),double_divide(X5,X2)) = double_divide(X4,double_divide(double_divide(X0,X1),double_divide(X3,double_divide(X2,X1)))) [forward demodulation 1692,615]
1827. inverse(double_divide(inverse(double_divide(X6,X7)),double_divide(double_divide(X4,double_divide(inverse(double_divide(X5,inverse(double_divide(inverse(double_divide(X4,X3)),X0)))),double_divide(X5,X2))),X7))) = double_divide(X3,double_divide(inverse(X0),inverse(double_divide(X2,X6)))) [forward demodulation 1695,565]
1828. inverse(inverse(double_divide(inverse(double_divide(X0,X1)),double_divide(X2,X1)))) = inverse(double_divide(X5,inverse(inverse(double_divide(X4,inverse(double_divide(inverse(double_divide(X5,double_divide(X4,X2))),X0))))))) [forward demodulation 1696,1232]
1831. double_divide(inverse(double_divide(X4,inverse(double_divide(X3,X0)))),double_divide(X4,X2)) = double_divide(X0,double_divide(inverse(X1),double_divide(X3,double_divide(X2,X1)))) [forward demodulation 1700,1121]
1843. double_divide(inverse(inverse(double_divide(inverse(double_divide(X0,X1)),double_divide(X2,X1)))),double_divide(X3,X5)) = double_divide(X2,double_divide(X3,inverse(double_divide(X0,X5)))) [forward demodulation 1712,565]
1859. double_divide(X4,X2) = double_divide(X2,inverse(double_divide(X1,double_divide(inverse(double_divide(X0,X1)),double_divide(inverse(double_divide(X3,inverse(double_divide(X4,inverse(double_divide(X5,X0)))))),double_divide(X3,X5)))))) [forward demodulation 1728,565]
1869. inverse(inverse(double_divide(inverse(double_divide(X0,X1)),double_divide(X0,X1)))) = double_divide(X2,inverse(double_divide(X4,inverse(inverse(double_divide(X2,X4)))))) [forward demodulation 1741,1232]
1870. double_divide(X3,double_divide(inverse(double_divide(X4,inverse(double_divide(X3,X5)))),double_divide(X4,inverse(double_divide(X6,X2))))) = double_divide(X2,inverse(double_divide(X1,double_divide(inverse(double_divide(X0,X1)),inverse(double_divide(X5,double_divide(X6,X0))))))) [forward demodulation 1742,565]
1874. double_divide(X1,double_divide(inverse(double_divide(X2,inverse(double_divide(X1,X3)))),double_divide(X2,X4))) = double_divide(inverse(X0),double_divide(double_divide(X4,X0),X3)) [forward demodulation 1746,1355]
1887. inverse(double_divide(X0,double_divide(X5,double_divide(X3,X4)))) = double_divide(X1,inverse(double_divide(X5,inverse(inverse(double_divide(X1,inverse(double_divide(inverse(double_divide(X3,X0)),X4)))))))) [forward demodulation 1760,1232]
1897. inverse(double_divide(inverse(double_divide(X4,X5)),double_divide(double_divide(X2,inverse(double_divide(X3,X0))),X5))) = double_divide(X1,inverse(double_divide(double_divide(X2,inverse(double_divide(X1,X4))),double_divide(X3,X0)))) [forward demodulation 1770,95]
1904. inverse(double_divide(inverse(double_divide(double_divide(X4,double_divide(inverse(double_divide(inverse(double_divide(X1,X4)),X2)),X0)),X6)),double_divide(X5,X6))) = double_divide(double_divide(X1,X2),inverse(double_divide(X5,inverse(X0)))) [forward demodulation 1777,1232]
1910. double_divide(double_divide(X2,X0),double_divide(X1,double_divide(X2,X4))) = double_divide(X4,inverse(double_divide(X5,double_divide(double_divide(X3,double_divide(X3,inverse(double_divide(X0,X1)))),X5)))) [forward demodulation 1783,1732]
1911. inverse(double_divide(inverse(double_divide(double_divide(inverse(double_divide(inverse(double_divide(X0,X2)),X1)),X3),X6)),double_divide(X5,X6))) = double_divide(X2,double_divide(double_divide(X4,double_divide(X4,double_divide(X0,X1))),double_divide(X3,X5))) [forward demodulation 1784,1360]
1918. inverse(double_divide(inverse(double_divide(double_divide(inverse(double_divide(inverse(double_divide(X2,X4)),X3)),X0),X7)),double_divide(X6,X7))) = double_divide(X4,inverse(double_divide(X6,inverse(inverse(inverse(double_divide(inverse(double_divide(X0,X1)),double_divide(double_divide(X2,X3),X1)))))))) [forward demodulation 1791,1232]
1924. double_divide(inverse(double_divide(X2,X4)),double_divide(X3,X4)) = double_divide(X0,inverse(double_divide(X2,double_divide(X0,X3)))) [forward demodulation 1797,565]
1932. inverse(double_divide(inverse(double_divide(X5,X6)),double_divide(double_divide(X3,X4),X6))) = double_divide(double_divide(X0,inverse(double_divide(X3,inverse(inverse(double_divide(X0,X2)))))),double_divide(X2,inverse(double_divide(X4,X5)))) [forward demodulation 1805,1232]
1933. double_divide(inverse(double_divide(X4,X5)),double_divide(X4,inverse(double_divide(X2,X6)))) = double_divide(inverse(inverse(double_divide(X0,X2))),double_divide(double_divide(X0,X5),X6)) [forward demodulation 1806,1300]
1943. inverse(double_divide(inverse(double_divide(X5,X6)),double_divide(double_divide(X2,double_divide(X3,X4)),X6))) = double_divide(X4,double_divide(double_divide(X0,inverse(double_divide(X3,double_divide(X0,X2)))),X5)) [forward demodulation 1817,615]
1946. double_divide(inverse(double_divide(X6,inverse(double_divide(inverse(double_divide(inverse(double_divide(X3,X5)),X4)),X0)))),double_divide(X6,X2)) = double_divide(X5,double_divide(double_divide(X3,X4),double_divide(X0,inverse(double_divide(X1,double_divide(X2,X1)))))) [forward demodulation 1820,565]
1947. double_divide(X3,inverse(double_divide(inverse(double_divide(X0,X1)),double_divide(X2,X1)))) = double_divide(inverse(X5),double_divide(X4,double_divide(X6,inverse(double_divide(inverse(double_divide(inverse(double_divide(inverse(double_divide(X4,X3)),X5)),X0)),double_divide(X6,X2)))))) [forward demodulation 1821,565]
1950. double_divide(X5,inverse(double_divide(inverse(double_divide(inverse(double_divide(X3,X4)),X0)),double_divide(X5,X2)))) = double_divide(X4,double_divide(double_divide(X0,X1),double_divide(X3,double_divide(X2,X1)))) [forward demodulation 1824,565]
1953. double_divide(X3,double_divide(inverse(X0),inverse(double_divide(X2,X6)))) = double_divide(double_divide(X4,double_divide(inverse(double_divide(X5,inverse(double_divide(inverse(double_divide(X4,X3)),X0)))),double_divide(X5,X2))),inverse(double_divide(X7,double_divide(X6,X7)))) [forward demodulation 1827,1732]
1954. inverse(inverse(double_divide(inverse(double_divide(X0,X1)),double_divide(X2,X1)))) = inverse(double_divide(X5,double_divide(X4,inverse(double_divide(inverse(double_divide(X5,double_divide(X4,X2))),X0))))) [forward demodulation 1828,615]
1957. double_divide(X4,inverse(double_divide(inverse(double_divide(X3,X0)),double_divide(X4,X2)))) = double_divide(X0,double_divide(inverse(X1),double_divide(X3,double_divide(X2,X1)))) [forward demodulation 1831,565]
1969. double_divide(X2,double_divide(X3,inverse(double_divide(X0,X5)))) = double_divide(inverse(double_divide(inverse(X0),X2)),double_divide(X3,X5)) [forward demodulation 1843,347]
1985. double_divide(X4,X2) = double_divide(X2,double_divide(X0,double_divide(inverse(double_divide(X3,inverse(double_divide(X4,inverse(double_divide(X5,X0)))))),double_divide(X3,X5)))) [forward demodulation 1859,367]
1994. inverse(inverse(double_divide(inverse(double_divide(X0,X1)),double_divide(X0,X1)))) = double_divide(X2,inverse(double_divide(X4,double_divide(X2,X4)))) [forward demodulation 1869,615]
1995. double_divide(X3,double_divide(inverse(double_divide(X4,inverse(double_divide(X3,X5)))),double_divide(X4,inverse(double_divide(X6,X2))))) = double_divide(X2,double_divide(X0,inverse(double_divide(X5,double_divide(X6,X0))))) [forward demodulation 1870,367]
1999. double_divide(X1,double_divide(X2,inverse(double_divide(inverse(double_divide(X1,X3)),double_divide(X2,X4))))) = double_divide(inverse(X0),double_divide(double_divide(X4,X0),X3)) [forward demodulation 1874,565]
2012. inverse(double_divide(X0,double_divide(X5,double_divide(X3,X4)))) = double_divide(X1,inverse(double_divide(X5,double_divide(X1,inverse(double_divide(inverse(double_divide(X3,X0)),X4)))))) [forward demodulation 1887,615]
2022. double_divide(double_divide(X2,X3),double_divide(X4,X0)) = inverse(double_divide(inverse(double_divide(X4,X5)),double_divide(double_divide(X2,inverse(double_divide(X3,X0))),X5))) [forward demodulation 1897,1238]
2029. double_divide(double_divide(X1,X2),inverse(double_divide(X5,inverse(X0)))) = double_divide(X5,inverse(double_divide(X6,double_divide(double_divide(X4,double_divide(inverse(double_divide(inverse(double_divide(X1,X4)),X2)),X0)),X6)))) [forward demodulation 1904,1732]
2035. double_divide(double_divide(X2,X0),double_divide(X1,double_divide(X2,X4))) = double_divide(X4,inverse(double_divide(X3,double_divide(X3,inverse(double_divide(X0,X1)))))) [forward demodulation 1910,624]
2036. inverse(double_divide(inverse(double_divide(double_divide(inverse(double_divide(inverse(double_divide(X0,X2)),X1)),X3),X6)),double_divide(X5,X6))) = double_divide(X2,double_divide(double_divide(X0,X1),double_divide(X3,X5))) [forward demodulation 1911,445]
2043. inverse(double_divide(inverse(double_divide(double_divide(inverse(double_divide(inverse(double_divide(X2,X4)),X3)),X0),X7)),double_divide(X6,X7))) = double_divide(X4,inverse(double_divide(X6,inverse(double_divide(inverse(double_divide(X0,X1)),double_divide(double_divide(X2,X3),X1)))))) [forward demodulation 1918,617]
2049. inverse(double_divide(X3,inverse(X2))) = double_divide(inverse(double_divide(X2,X4)),double_divide(X3,X4)) [forward demodulation 1924,1232]
2057. inverse(double_divide(inverse(double_divide(X5,X6)),double_divide(double_divide(X3,X4),X6))) = double_divide(double_divide(X0,inverse(double_divide(X3,double_divide(X0,X2)))),double_divide(X2,inverse(double_divide(X4,X5)))) [forward demodulation 1932,615]
2058. double_divide(inverse(double_divide(X4,X5)),double_divide(X4,inverse(double_divide(X2,X6)))) = double_divide(double_divide(X0,X2),double_divide(double_divide(X0,X5),X6)) [forward demodulation 1933,615]
2067. inverse(double_divide(inverse(double_divide(X5,X6)),double_divide(double_divide(X2,double_divide(X3,X4)),X6))) = double_divide(X4,double_divide(inverse(double_divide(X2,inverse(X3))),X5)) [forward demodulation 1943,1232]
2070. double_divide(inverse(double_divide(X6,inverse(double_divide(inverse(double_divide(inverse(double_divide(X3,X5)),X4)),X0)))),double_divide(X6,X2)) = double_divide(X5,double_divide(double_divide(X3,X4),double_divide(X0,inverse(X2)))) [forward demodulation 1946,624]
2071. double_divide(X3,inverse(double_divide(inverse(double_divide(X0,X1)),double_divide(X2,X1)))) = double_divide(inverse(X5),double_divide(X4,inverse(double_divide(X2,inverse(inverse(double_divide(inverse(double_divide(inverse(double_divide(X4,X3)),X5)),X0))))))) [forward demodulation 1947,1232]
2074. inverse(double_divide(X2,inverse(inverse(double_divide(inverse(double_divide(X3,X4)),X0))))) = double_divide(X4,double_divide(double_divide(X0,X1),double_divide(X3,double_divide(X2,X1)))) [forward demodulation 1950,1232]
2077. double_divide(X3,double_divide(inverse(X0),inverse(double_divide(X2,X6)))) = double_divide(double_divide(X4,double_divide(inverse(double_divide(X5,inverse(double_divide(inverse(double_divide(X4,X3)),X0)))),double_divide(X5,X2))),inverse(X6)) [forward demodulation 1953,624]
2078. inverse(inverse(double_divide(inverse(double_divide(X0,X1)),double_divide(X2,X1)))) = inverse(double_divide(X5,double_divide(X4,inverse(double_divide(X5,inverse(double_divide(double_divide(X4,X2),X0))))))) [forward demodulation 1954,565]
2081. double_divide(X0,double_divide(inverse(X1),double_divide(X3,double_divide(X2,X1)))) = inverse(double_divide(X2,inverse(inverse(double_divide(X3,X0))))) [forward demodulation 1957,1232]
2093. double_divide(X2,double_divide(X3,inverse(double_divide(X0,X5)))) = double_divide(inverse(X0),inverse(double_divide(X2,double_divide(X3,X5)))) [forward demodulation 1969,565]
2109. double_divide(X4,X2) = double_divide(X2,double_divide(X0,double_divide(X3,inverse(double_divide(inverse(double_divide(X4,inverse(double_divide(X5,X0)))),double_divide(X3,X5)))))) [forward demodulation 1985,565]
2116. inverse(inverse(double_divide(inverse(double_divide(X0,X1)),double_divide(X0,X1)))) = inverse(double_divide(X4,inverse(X4))) [forward demodulation 1994,1232]
2117. double_divide(X3,double_divide(inverse(double_divide(X4,inverse(double_divide(X3,X5)))),double_divide(X4,inverse(double_divide(X6,X2))))) = double_divide(X2,double_divide(X5,inverse(X6))) [forward demodulation 1995,1510]
2121. double_divide(inverse(X0),double_divide(double_divide(X4,X0),X3)) = double_divide(X1,inverse(double_divide(X4,inverse(inverse(double_divide(X1,X3)))))) [forward demodulation 1999,1232]
2134. inverse(double_divide(X0,double_divide(X5,double_divide(X3,X4)))) = double_divide(X5,double_divide(inverse(double_divide(X3,X0)),X4)) [forward demodulation 2012,578]
2143. double_divide(double_divide(X2,X3),double_divide(X4,X0)) = double_divide(double_divide(X2,inverse(double_divide(X3,X0))),inverse(double_divide(X5,double_divide(X4,X5)))) [forward demodulation 2022,1732]
2150. double_divide(double_divide(X1,X2),inverse(double_divide(X5,inverse(X0)))) = double_divide(X5,inverse(double_divide(X4,double_divide(inverse(double_divide(inverse(double_divide(X1,X4)),X2)),X0)))) [forward demodulation 2029,624]
2156. double_divide(double_divide(X2,X0),double_divide(X1,double_divide(X2,X4))) = double_divide(X4,inverse(inverse(double_divide(X0,X1)))) [forward demodulation 2035,429]
2157. double_divide(X2,double_divide(double_divide(X0,X1),double_divide(X3,X5))) = double_divide(X5,inverse(double_divide(X6,double_divide(double_divide(inverse(double_divide(inverse(double_divide(X0,X2)),X1)),X3),X6)))) [forward demodulation 2036,1732]
2164. inverse(double_divide(inverse(double_divide(double_divide(inverse(double_divide(inverse(double_divide(X2,X4)),X3)),X0),X7)),double_divide(X6,X7))) = double_divide(X6,double_divide(inverse(inverse(double_divide(X0,X1))),double_divide(X4,double_divide(double_divide(X2,X3),X1)))) [forward demodulation 2043,1121]
2170. inverse(double_divide(X3,inverse(X2))) = double_divide(X2,inverse(double_divide(X4,double_divide(X3,X4)))) [forward demodulation 2049,565]
2178. inverse(double_divide(inverse(double_divide(X5,X6)),double_divide(double_divide(X3,X4),X6))) = double_divide(inverse(double_divide(X2,inverse(X3))),double_divide(X2,inverse(double_divide(X4,X5)))) [forward demodulation 2057,1232]
2179. double_divide(double_divide(X0,X2),double_divide(double_divide(X0,X5),X6)) = double_divide(X4,inverse(double_divide(X5,double_divide(X4,inverse(double_divide(X2,X6)))))) [forward demodulation 2058,565]
2187. inverse(double_divide(inverse(double_divide(X5,X6)),double_divide(double_divide(X2,double_divide(X3,X4)),X6))) = double_divide(X4,double_divide(X2,inverse(double_divide(inverse(X3),X5)))) [forward demodulation 2067,565]
2190. double_divide(X5,double_divide(double_divide(X3,X4),double_divide(X0,inverse(X2)))) = double_divide(X6,inverse(double_divide(inverse(double_divide(inverse(double_divide(inverse(double_divide(X3,X5)),X4)),X0)),double_divide(X6,X2)))) [forward demodulation 2070,565]
2191. double_divide(X3,inverse(double_divide(inverse(double_divide(X0,X1)),double_divide(X2,X1)))) = double_divide(double_divide(X4,X2),double_divide(X5,inverse(inverse(double_divide(inverse(double_divide(inverse(double_divide(X4,X3)),X5)),X0))))) [forward demodulation 2071,1389]
2194. double_divide(X4,double_divide(double_divide(X0,X1),double_divide(X3,double_divide(X2,X1)))) = inverse(double_divide(X2,double_divide(inverse(double_divide(X3,X4)),X0))) [forward demodulation 2074,615]
2197. double_divide(X3,double_divide(inverse(X0),inverse(double_divide(X2,X6)))) = double_divide(double_divide(X4,double_divide(X5,inverse(double_divide(inverse(double_divide(inverse(double_divide(X4,X3)),X0)),double_divide(X5,X2))))),inverse(X6)) [forward demodulation 2077,565]
2198. inverse(inverse(double_divide(inverse(double_divide(X0,X1)),double_divide(X2,X1)))) = inverse(inverse(double_divide(X4,inverse(double_divide(double_divide(X4,X2),X0))))) [forward demodulation 2078,1499]
2201. inverse(double_divide(X2,double_divide(X3,X0))) = double_divide(X0,double_divide(inverse(X1),double_divide(X3,double_divide(X2,X1)))) [forward demodulation 2081,615]
2228. double_divide(X4,X2) = double_divide(X2,double_divide(X0,inverse(double_divide(X5,inverse(inverse(double_divide(X4,inverse(double_divide(X5,X0))))))))) [forward demodulation 2109,1232]
2234. inverse(double_divide(inverse(X0),X0)) = inverse(double_divide(X4,inverse(X4))) [forward demodulation 2116,347]
2235. double_divide(X2,double_divide(X5,inverse(X6))) = double_divide(X3,double_divide(X4,inverse(double_divide(inverse(double_divide(X3,X5)),double_divide(X4,inverse(double_divide(X6,X2))))))) [forward demodulation 2117,565]
2239. double_divide(inverse(X0),double_divide(double_divide(X4,X0),X3)) = double_divide(X1,inverse(double_divide(X4,double_divide(X1,X3)))) [forward demodulation 2121,615]
2250. inverse(double_divide(X0,double_divide(X5,double_divide(X3,X4)))) = double_divide(X5,double_divide(X3,inverse(double_divide(X0,X4)))) [forward demodulation 2134,565]
2259. double_divide(double_divide(X2,X3),double_divide(X4,X0)) = double_divide(double_divide(X2,inverse(double_divide(X3,X0))),inverse(X4)) [forward demodulation 2143,624]
2265. double_divide(double_divide(X1,X2),inverse(double_divide(X5,inverse(X0)))) = double_divide(X5,inverse(double_divide(X4,double_divide(inverse(double_divide(X1,X4)),inverse(double_divide(X2,X0)))))) [forward demodulation 2150,565]
2271. double_divide(X4,double_divide(X0,X1)) = double_divide(double_divide(X2,X0),double_divide(X1,double_divide(X2,X4))) [forward demodulation 2156,615]
2272. double_divide(X2,double_divide(double_divide(X0,X1),double_divide(X3,X5))) = double_divide(X5,inverse(double_divide(inverse(double_divide(inverse(double_divide(X0,X2)),X1)),X3))) [forward demodulation 2157,624]
2279. inverse(double_divide(inverse(double_divide(double_divide(inverse(double_divide(inverse(double_divide(X2,X4)),X3)),X0),X7)),double_divide(X6,X7))) = double_divide(X6,double_divide(double_divide(X0,X1),double_divide(X4,double_divide(double_divide(X2,X3),X1)))) [forward demodulation 2164,615]
2285. inverse(double_divide(X3,inverse(X2))) = double_divide(X2,inverse(X3)) [forward demodulation 2170,624]
2293. inverse(double_divide(inverse(double_divide(X5,X6)),double_divide(double_divide(X3,X4),X6))) = double_divide(X2,inverse(double_divide(inverse(X3),double_divide(X2,inverse(double_divide(X4,X5)))))) [forward demodulation 2178,565]
2294. double_divide(double_divide(X0,X2),double_divide(double_divide(X0,X5),X6)) = double_divide(X5,double_divide(X2,X6)) [forward demodulation 2179,578]
2302. double_divide(X4,double_divide(X2,inverse(double_divide(inverse(X3),X5)))) = double_divide(double_divide(X2,double_divide(X3,X4)),inverse(double_divide(X6,double_divide(X5,X6)))) [forward demodulation 2187,1732]
2305. double_divide(X5,double_divide(double_divide(X3,X4),double_divide(X0,inverse(X2)))) = inverse(double_divide(X2,inverse(inverse(double_divide(inverse(double_divide(inverse(double_divide(X3,X5)),X4)),X0))))) [forward demodulation 2190,1232]
2306. double_divide(X3,inverse(double_divide(inverse(double_divide(X0,X1)),double_divide(X2,X1)))) = double_divide(double_divide(X4,X2),double_divide(X5,double_divide(inverse(double_divide(inverse(double_divide(X4,X3)),X5)),X0))) [forward demodulation 2191,615]
2309. double_divide(X4,double_divide(double_divide(X0,X1),double_divide(X3,double_divide(X2,X1)))) = inverse(double_divide(X2,double_divide(X3,inverse(double_divide(X4,X0))))) [forward demodulation 2194,565]
2312. double_divide(X3,double_divide(inverse(X0),inverse(double_divide(X2,X6)))) = double_divide(double_divide(X4,inverse(double_divide(X2,inverse(inverse(double_divide(inverse(double_divide(X4,X3)),X0)))))),inverse(X6)) [forward demodulation 2197,1232]
2313. inverse(inverse(double_divide(inverse(double_divide(X0,X1)),double_divide(X2,X1)))) = double_divide(X4,inverse(double_divide(double_divide(X4,X2),X0))) [forward demodulation 2198,615]
2342. double_divide(X4,X2) = double_divide(X2,double_divide(X0,inverse(double_divide(X5,double_divide(X4,inverse(double_divide(X5,X0))))))) [forward demodulation 2228,615]
2347. double_divide(X2,double_divide(X5,inverse(X6))) = double_divide(X3,double_divide(inverse(double_divide(X3,X5)),double_divide(X6,X2))) [forward demodulation 2235,578]
2350. inverse(double_divide(X3,inverse(X4))) = double_divide(inverse(X0),double_divide(double_divide(X4,X0),X3)) [forward demodulation 2239,1232]
2371. double_divide(X5,double_divide(X1,inverse(double_divide(X2,X0)))) = double_divide(double_divide(X1,X2),inverse(double_divide(X5,inverse(X0)))) [forward demodulation 2265,367]
2376. double_divide(X2,double_divide(double_divide(X0,X1),double_divide(X3,X5))) = double_divide(X5,inverse(double_divide(inverse(double_divide(X0,X2)),inverse(double_divide(X1,X3))))) [forward demodulation 2272,565]
2383. double_divide(X6,double_divide(double_divide(X0,X1),double_divide(X4,double_divide(double_divide(X2,X3),X1)))) = double_divide(X6,inverse(double_divide(X7,double_divide(double_divide(inverse(double_divide(inverse(double_divide(X2,X4)),X3)),X0),X7)))) [forward demodulation 2279,1732]
2393. inverse(double_divide(inverse(double_divide(X5,X6)),double_divide(double_divide(X3,X4),X6))) = double_divide(inverse(X3),double_divide(X4,X5)) [forward demodulation 2293,578]
2400. double_divide(X4,double_divide(X2,inverse(double_divide(inverse(X3),X5)))) = double_divide(double_divide(X2,double_divide(X3,X4)),inverse(X5)) [forward demodulation 2302,624]
2402. double_divide(X5,double_divide(double_divide(X3,X4),double_divide(X0,inverse(X2)))) = double_divide(inverse(double_divide(inverse(double_divide(inverse(double_divide(X3,X5)),X4)),X0)),inverse(X2)) [forward demodulation 2305,2285]
2403. double_divide(X3,inverse(double_divide(inverse(double_divide(X0,X1)),double_divide(X2,X1)))) = double_divide(double_divide(X4,X2),double_divide(X5,double_divide(inverse(double_divide(X4,X3)),inverse(double_divide(X5,X0))))) [forward demodulation 2306,565]
2408. double_divide(X3,double_divide(inverse(X0),inverse(double_divide(X2,X6)))) = double_divide(double_divide(X4,X2),double_divide(X6,inverse(inverse(double_divide(inverse(double_divide(X4,X3)),X0))))) [forward demodulation 2312,2259]
2409. inverse(double_divide(inverse(X0),X2)) = double_divide(X4,inverse(double_divide(double_divide(X4,X2),X0))) [forward demodulation 2313,347]
2437. double_divide(X4,X2) = double_divide(X2,double_divide(X0,inverse(inverse(double_divide(X4,X0))))) [forward demodulation 2342,1499]
2442. inverse(double_divide(X5,double_divide(X6,X2))) = double_divide(X2,double_divide(X5,inverse(X6))) [forward demodulation 2347,524]
2445. double_divide(inverse(X0),double_divide(double_divide(X4,X0),X3)) = double_divide(X4,inverse(X3)) [forward demodulation 2350,2285]
2462. double_divide(X5,double_divide(X1,inverse(double_divide(X2,X0)))) = double_divide(double_divide(X1,X2),double_divide(X0,inverse(X5))) [forward demodulation 2371,2285]
2466. double_divide(X2,double_divide(double_divide(X0,X1),double_divide(X3,X5))) = double_divide(inverse(double_divide(X0,X2)),double_divide(inverse(X1),double_divide(X5,X3))) [forward demodulation 2376,1121]
2472. double_divide(X6,double_divide(double_divide(X0,X1),double_divide(X4,double_divide(double_divide(X2,X3),X1)))) = double_divide(X6,inverse(double_divide(inverse(double_divide(inverse(double_divide(X2,X4)),X3)),X0))) [forward demodulation 2383,624]
2481. double_divide(inverse(X3),double_divide(X4,X5)) = double_divide(double_divide(X3,X4),inverse(double_divide(X6,double_divide(X5,X6)))) [forward demodulation 2393,1732]
2488. double_divide(X5,double_divide(double_divide(X3,X4),double_divide(X0,inverse(X2)))) = double_divide(inverse(double_divide(inverse(double_divide(X3,X5)),X4)),inverse(double_divide(X0,inverse(X2)))) [forward demodulation 2402,565]
2489. double_divide(X3,inverse(double_divide(inverse(double_divide(X0,X1)),double_divide(X2,X1)))) = double_divide(double_divide(X4,X2),inverse(double_divide(inverse(double_divide(X4,X3)),X0))) [forward demodulation 2403,1499]
2494. double_divide(X3,double_divide(inverse(X0),inverse(double_divide(X2,X6)))) = double_divide(double_divide(X4,X2),double_divide(X6,double_divide(inverse(double_divide(X4,X3)),X0))) [forward demodulation 2408,615]
2522. double_divide(X4,X2) = double_divide(X2,double_divide(X0,double_divide(X4,X0))) [forward demodulation 2437,615]
2540. double_divide(X2,double_divide(double_divide(X0,X1),double_divide(X3,X5))) = double_divide(X0,inverse(double_divide(X2,double_divide(inverse(X1),double_divide(X5,X3))))) [forward demodulation 2466,565]
2546. double_divide(X6,double_divide(double_divide(X0,X1),double_divide(X4,double_divide(double_divide(X2,X3),X1)))) = double_divide(X6,inverse(double_divide(inverse(double_divide(X2,X4)),inverse(double_divide(X3,X0))))) [forward demodulation 2472,565]
2552. double_divide(inverse(X3),double_divide(X4,X5)) = double_divide(double_divide(X3,X4),double_divide(X6,double_divide(X6,inverse(X5)))) [forward demodulation 2481,2442]
2557. double_divide(X5,double_divide(double_divide(X3,X4),double_divide(X0,inverse(X2)))) = inverse(double_divide(double_divide(inverse(double_divide(X3,X5)),X0),double_divide(X4,inverse(X2)))) [forward demodulation 2488,95]
2558. double_divide(X3,inverse(double_divide(inverse(double_divide(X0,X1)),double_divide(X2,X1)))) = double_divide(double_divide(X4,X2),inverse(double_divide(X4,inverse(double_divide(X3,X0))))) [forward demodulation 2489,565]
2563. double_divide(X3,double_divide(inverse(X0),inverse(double_divide(X2,X6)))) = double_divide(double_divide(X4,X2),double_divide(X6,double_divide(X4,inverse(double_divide(X3,X0))))) [forward demodulation 2494,565]
2583. double_divide(X4,X2) = double_divide(X2,X4) [forward demodulation 2522,624]
2598. double_divide(X2,double_divide(double_divide(X0,X1),double_divide(X3,X5))) = double_divide(X0,double_divide(double_divide(X5,X1),double_divide(X2,X3))) [forward demodulation 2540,1360]
2604. double_divide(X6,double_divide(double_divide(X0,X1),double_divide(X4,double_divide(double_divide(X2,X3),X1)))) = double_divide(inverse(double_divide(X2,X4)),double_divide(inverse(X3),double_divide(X6,X0))) [forward demodulation 2546,1121]
2609. double_divide(inverse(X3),double_divide(X4,X5)) = double_divide(double_divide(X3,X4),inverse(X5)) [forward demodulation 2552,429]
2614. double_divide(X5,double_divide(double_divide(X3,X4),double_divide(X0,inverse(X2)))) = double_divide(inverse(X2),double_divide(double_divide(inverse(double_divide(X3,X5)),X0),inverse(X4))) [forward demodulation 2557,2442]
2615. double_divide(X3,inverse(double_divide(inverse(double_divide(X0,X1)),double_divide(X2,X1)))) = double_divide(X4,double_divide(inverse(X3),double_divide(double_divide(X4,X2),X0))) [forward demodulation 2558,1121]
2620. double_divide(X3,double_divide(inverse(X0),inverse(double_divide(X2,X6)))) = double_divide(inverse(double_divide(X3,X0)),double_divide(X2,X6)) [forward demodulation 2563,2271]
2654. double_divide(X6,double_divide(double_divide(X0,X1),double_divide(X4,double_divide(double_divide(X2,X3),X1)))) = double_divide(X2,inverse(double_divide(X4,double_divide(inverse(X3),double_divide(X6,X0))))) [forward demodulation 2604,565]
2662. double_divide(X5,double_divide(double_divide(X3,X4),double_divide(X0,inverse(X2)))) = double_divide(inverse(X2),double_divide(inverse(inverse(double_divide(X3,X5))),double_divide(X0,X4))) [forward demodulation 2614,2609]
2663. double_divide(X3,double_divide(X2,inverse(double_divide(X1,double_divide(X0,X1))))) = double_divide(X4,double_divide(inverse(X3),double_divide(double_divide(X4,X2),X0))) [forward demodulation 2615,1732]
2668. double_divide(X3,double_divide(inverse(X0),inverse(double_divide(X2,X6)))) = double_divide(X3,inverse(double_divide(X0,double_divide(X2,X6)))) [forward demodulation 2620,565]
2696. double_divide(X6,double_divide(double_divide(X0,X1),double_divide(X4,double_divide(double_divide(X2,X3),X1)))) = double_divide(X2,double_divide(double_divide(X6,X3),double_divide(X4,X0))) [forward demodulation 2654,1360]
2704. double_divide(X5,double_divide(double_divide(X3,X4),double_divide(X0,inverse(X2)))) = double_divide(inverse(double_divide(X3,X5)),double_divide(X2,double_divide(X0,X4))) [forward demodulation 2662,1307]
2705. double_divide(X4,double_divide(inverse(X3),double_divide(double_divide(X4,X2),X0))) = double_divide(X3,double_divide(X2,double_divide(X1,double_divide(X1,inverse(X0))))) [forward demodulation 2663,2442]
2709. double_divide(X3,double_divide(inverse(X0),inverse(double_divide(X2,X6)))) = double_divide(X3,double_divide(X6,double_divide(X0,inverse(X2)))) [forward demodulation 2668,2442]
2733. double_divide(X2,double_divide(double_divide(X6,X3),double_divide(X4,X0))) = inverse(double_divide(double_divide(X2,X3),double_divide(X4,inverse(double_divide(X6,X0))))) [forward demodulation 2696,2309]
2740. double_divide(X5,double_divide(double_divide(X3,X4),double_divide(X0,inverse(X2)))) = double_divide(X3,inverse(double_divide(X5,double_divide(X2,double_divide(X0,X4))))) [forward demodulation 2704,565]
2741. double_divide(X3,double_divide(X2,inverse(X0))) = double_divide(X4,double_divide(inverse(X3),double_divide(double_divide(X4,X2),X0))) [forward demodulation 2705,429]
2762. double_divide(X2,double_divide(double_divide(X6,X3),double_divide(X4,X0))) = double_divide(inverse(double_divide(X6,X0)),double_divide(double_divide(X2,X3),inverse(X4))) [forward demodulation 2733,2442]
2768. double_divide(X5,double_divide(double_divide(X3,X4),double_divide(X0,inverse(X2)))) = double_divide(X3,double_divide(X2,double_divide(X0,inverse(double_divide(X5,X4))))) [forward demodulation 2740,2250]
2787. double_divide(X2,double_divide(double_divide(X6,X3),double_divide(X4,X0))) = double_divide(X6,inverse(double_divide(X0,double_divide(double_divide(X2,X3),inverse(X4))))) [forward demodulation 2762,565]
2805. double_divide(X2,double_divide(double_divide(X6,X3),double_divide(X4,X0))) = double_divide(X6,double_divide(inverse(X4),double_divide(X0,inverse(double_divide(X2,X3))))) [forward demodulation 2787,2442]
2819. double_divide(X2,double_divide(double_divide(X6,X3),double_divide(X4,X0))) = double_divide(X6,double_divide(double_divide(X0,X2),double_divide(X4,X3))) [forward demodulation 2805,1389]
2949. inverse(double_divide(double_divide(inverse(X0),X0),X1)) = X1 [superposition 189,2583]
2964. inverse(double_divide(inverse(double_divide(X0,X4)),double_divide(double_divide(X1,X3),X4))) = double_divide(X2,double_divide(X0,inverse(double_divide(inverse(double_divide(X1,X2)),X3)))) [superposition 16,2583]
2995. inverse(double_divide(inverse(double_divide(X0,X4)),double_divide(double_divide(X1,X3),X4))) = double_divide(double_divide(X0,double_divide(double_divide(X1,X2),X2)),inverse(X3)) [forward demodulation 2964,2400]
3010. inverse(double_divide(double_divide(X0,inverse(X0)),X1)) = X1 [forward demodulation 2949,2583]
3119. inverse(double_divide(inverse(double_divide(X0,X4)),double_divide(double_divide(X1,X3),X4))) = double_divide(inverse(X0),double_divide(double_divide(double_divide(X1,X2),X2),X3)) [forward demodulation 2995,2609]
3239. inverse(double_divide(inverse(double_divide(X0,X4)),double_divide(double_divide(X1,X3),X4))) = double_divide(inverse(X0),double_divide(double_divide(X2,double_divide(X1,X2)),X3)) [forward demodulation 3119,2583]
3347. double_divide(inverse(X0),double_divide(X1,X3)) = inverse(double_divide(inverse(double_divide(X0,X4)),double_divide(double_divide(X1,X3),X4))) [forward demodulation 3239,624]
3433. double_divide(inverse(X0),double_divide(X1,X3)) = double_divide(double_divide(X1,X3),inverse(double_divide(X4,double_divide(X0,X4)))) [forward demodulation 3347,1732]
3498. double_divide(inverse(X0),double_divide(X1,X3)) = double_divide(inverse(X1),double_divide(X3,double_divide(X4,double_divide(X0,X4)))) [forward demodulation 3433,2609]
3545. double_divide(inverse(X0),double_divide(X1,X3)) = double_divide(inverse(X1),double_divide(X3,X0)) [forward demodulation 3498,624]
3696. double_divide(double_divide(inverse(double_divide(inverse(double_divide(X1,X2)),X3)),X4),X5) = inverse(double_divide(inverse(double_divide(double_divide(double_divide(X1,X3),double_divide(inverse(double_divide(X2,X4)),X0)),X6)),double_divide(inverse(double_divide(X0,X5)),X6))) [superposition 3,21]
3712. double_divide(double_divide(X2,X4),double_divide(inverse(double_divide(X3,X5)),X0)) = double_divide(inverse(double_divide(X1,double_divide(inverse(double_divide(inverse(double_divide(X2,X3)),X4)),X5))),double_divide(X1,X0)) [superposition 30,21]
3723. double_divide(double_divide(X2,X4),double_divide(inverse(double_divide(X3,X5)),X0)) = double_divide(X1,inverse(double_divide(double_divide(inverse(double_divide(inverse(double_divide(X2,X3)),X4)),X5),double_divide(X1,X0)))) [forward demodulation 3712,565]
3737. double_divide(double_divide(inverse(double_divide(inverse(double_divide(X1,X2)),X3)),X4),X5) = double_divide(inverse(double_divide(inverse(double_divide(double_divide(X1,X3),X0)),double_divide(inverse(double_divide(X2,X4)),X0))),X5) [forward demodulation 3696,22]
3824. double_divide(double_divide(X2,X4),double_divide(inverse(double_divide(X3,X5)),X0)) = inverse(double_divide(X0,inverse(double_divide(inverse(double_divide(inverse(double_divide(X2,X3)),X4)),X5)))) [forward demodulation 3723,1232]
3838. double_divide(double_divide(inverse(double_divide(inverse(double_divide(X1,X2)),X3)),X4),X5) = double_divide(inverse(double_divide(double_divide(X1,X3),X0)),inverse(double_divide(double_divide(inverse(double_divide(X2,X4)),X0),X5))) [forward demodulation 3737,565]
3925. double_divide(double_divide(X2,X4),double_divide(inverse(double_divide(X3,X5)),X0)) = double_divide(inverse(X5),double_divide(inverse(double_divide(inverse(double_divide(X2,X3)),X4)),X0)) [forward demodulation 3824,1355]
3939. double_divide(double_divide(inverse(double_divide(inverse(double_divide(X1,X2)),X3)),X4),X5) = inverse(double_divide(double_divide(double_divide(X1,X3),double_divide(inverse(double_divide(X2,X4)),X0)),double_divide(X0,X5))) [forward demodulation 3838,95]
4026. double_divide(double_divide(X2,X4),double_divide(inverse(double_divide(X3,X5)),X0)) = double_divide(double_divide(inverse(double_divide(X2,X3)),X4),double_divide(X5,X0)) [forward demodulation 3925,1307]
4040. double_divide(double_divide(inverse(double_divide(inverse(double_divide(X1,X2)),X3)),X4),X5) = double_divide(X5,double_divide(double_divide(double_divide(X1,X3),double_divide(inverse(double_divide(X2,X4)),X0)),inverse(X0))) [forward demodulation 3939,2442]
4127. double_divide(double_divide(X2,X4),double_divide(inverse(double_divide(X3,X5)),X0)) = double_divide(double_divide(X2,inverse(double_divide(X3,X4))),double_divide(X5,X0)) [forward demodulation 4026,565]
4139. double_divide(double_divide(inverse(double_divide(inverse(double_divide(X1,X2)),X3)),X4),X5) = double_divide(X5,double_divide(inverse(X0),double_divide(double_divide(X1,X3),double_divide(inverse(double_divide(X2,X4)),X0)))) [forward demodulation 4040,2583]
4221. double_divide(double_divide(X2,X4),double_divide(X3,inverse(double_divide(X5,X0)))) = double_divide(double_divide(X2,inverse(double_divide(X3,X4))),double_divide(X5,X0)) [forward demodulation 4127,565]
4233. double_divide(double_divide(inverse(double_divide(inverse(double_divide(X1,X2)),X3)),X4),X5) = inverse(double_divide(inverse(double_divide(X2,X4)),double_divide(double_divide(X1,X3),X5))) [forward demodulation 4139,2201]
4317. double_divide(double_divide(inverse(double_divide(inverse(double_divide(X1,X2)),X3)),X4),X5) = double_divide(double_divide(X1,X3),inverse(double_divide(X5,double_divide(X2,X4)))) [forward demodulation 4233,1732]
4397. double_divide(double_divide(inverse(double_divide(inverse(double_divide(X1,X2)),X3)),X4),X5) = double_divide(inverse(X1),double_divide(X3,double_divide(X5,double_divide(X2,X4)))) [forward demodulation 4317,2609]
4477. double_divide(double_divide(inverse(double_divide(X1,X2)),inverse(double_divide(X3,X4))),X5) = double_divide(inverse(X1),double_divide(X3,double_divide(X5,double_divide(X2,X4)))) [forward demodulation 4397,565]
4550. double_divide(inverse(double_divide(double_divide(X1,X3),double_divide(X2,X4))),X5) = double_divide(inverse(X1),double_divide(X3,double_divide(X5,double_divide(X2,X4)))) [forward demodulation 4477,95]
4618. double_divide(inverse(X1),double_divide(X3,double_divide(X5,double_divide(X2,X4)))) = double_divide(double_divide(X1,X3),inverse(double_divide(double_divide(X2,X4),X5))) [forward demodulation 4550,565]
4675. double_divide(inverse(X1),double_divide(X3,double_divide(X5,double_divide(X2,X4)))) = double_divide(inverse(X1),double_divide(X3,double_divide(double_divide(X2,X4),X5))) [forward demodulation 4618,2609]
5013. double_divide(X1,double_divide(X1,inverse(double_divide(inverse(double_divide(inverse(double_divide(X2,X3)),X4)),X0)))) = inverse(double_divide(X3,double_divide(inverse(X0),double_divide(X2,X4)))) [superposition 9,30]
5140. double_divide(X1,double_divide(X1,inverse(double_divide(inverse(double_divide(inverse(double_divide(X2,X3)),X4)),X0)))) = double_divide(double_divide(X2,X0),double_divide(X3,X4)) [forward demodulation 5013,1360]
5239. double_divide(double_divide(X2,X0),double_divide(X3,X4)) = double_divide(double_divide(X1,double_divide(double_divide(inverse(double_divide(X2,X3)),X4),X1)),inverse(X0)) [forward demodulation 5140,2400]
5338. double_divide(double_divide(X2,X0),double_divide(X3,X4)) = double_divide(inverse(X1),double_divide(double_divide(double_divide(inverse(double_divide(X2,X3)),X4),X1),X0)) [forward demodulation 5239,2609]
5436. double_divide(double_divide(X2,X0),double_divide(X3,X4)) = double_divide(double_divide(inverse(double_divide(X2,X3)),X4),inverse(X0)) [forward demodulation 5338,2445]
5531. double_divide(double_divide(X2,X0),double_divide(X3,X4)) = double_divide(inverse(inverse(double_divide(X2,X3))),double_divide(X4,X0)) [forward demodulation 5436,2609]
5625. double_divide(double_divide(X2,X3),double_divide(X4,X0)) = double_divide(double_divide(X2,X0),double_divide(X3,X4)) [forward demodulation 5531,615]
6309. inverse(double_divide(X1,X2)) = double_divide(double_divide(X1,inverse(double_divide(X2,X0))),X0) [superposition 624,30]
6368. inverse(double_divide(X0,X1)) = inverse(double_divide(X1,X0)) [superposition 4,624]
6453. inverse(double_divide(X1,X2)) = double_divide(X0,double_divide(X1,inverse(double_divide(X2,X0)))) [forward demodulation 6309,2583]
6767. double_divide(inverse(double_divide(inverse(double_divide(X1,X2)),inverse(double_divide(X3,double_divide(inverse(double_divide(X1,X3)),X0))))),X4) = inverse(double_divide(inverse(double_divide(X0,X5)),double_divide(inverse(double_divide(X2,X4)),X5))) [superposition 22,20]
6770. double_divide(inverse(double_divide(inverse(double_divide(X3,X4)),double_divide(inverse(double_divide(X5,inverse(double_divide(X3,X0)))),double_divide(X5,X2)))),X6) = inverse(double_divide(inverse(double_divide(inverse(double_divide(inverse(double_divide(X0,X1)),double_divide(X2,X1))),X7)),double_divide(inverse(double_divide(X4,X6)),X7))) [superposition 22,17]
6773. inverse(double_divide(inverse(double_divide(double_divide(X0,X1),X4)),double_divide(inverse(double_divide(X2,X3)),X4))) = double_divide(inverse(double_divide(inverse(double_divide(X1,X2)),X0)),X3) [superposition 22,2583]
6775. double_divide(inverse(double_divide(inverse(double_divide(inverse(double_divide(X3,X2)),X4)),double_divide(X3,X0))),X5) = inverse(double_divide(inverse(double_divide(inverse(double_divide(inverse(double_divide(X0,X1)),double_divide(X2,X1))),X6)),double_divide(inverse(double_divide(X4,X5)),X6))) [superposition 22,8]
6783. double_divide(inverse(double_divide(inverse(double_divide(inverse(double_divide(X1,X2)),X3)),double_divide(X1,X4))),X5) = inverse(double_divide(X0,double_divide(inverse(double_divide(X3,X5)),double_divide(X4,double_divide(X2,X0))))) [superposition 22,6]
6784. double_divide(inverse(double_divide(inverse(double_divide(X1,X2)),X3)),X4) = inverse(double_divide(X0,double_divide(inverse(double_divide(X2,X4)),double_divide(X5,double_divide(inverse(double_divide(inverse(double_divide(X1,X5)),X3)),X0))))) [superposition 22,5]
6792. double_divide(inverse(double_divide(inverse(double_divide(X1,X2)),X3)),inverse(double_divide(X4,double_divide(inverse(double_divide(X2,X4)),X0)))) = inverse(double_divide(inverse(double_divide(double_divide(X1,X3),X5)),double_divide(inverse(X0),X5))) [superposition 22,20]
6799. double_divide(inverse(double_divide(inverse(double_divide(X1,inverse(double_divide(X2,X3)))),X4)),double_divide(X2,inverse(double_divide(X3,X0)))) = inverse(double_divide(inverse(double_divide(double_divide(X1,X4),X5)),double_divide(inverse(X0),X5))) [superposition 22,30]
6816. double_divide(inverse(double_divide(inverse(double_divide(X2,double_divide(X0,X1))),X3)),double_divide(inverse(X4),X4)) = inverse(double_divide(inverse(double_divide(double_divide(X2,X3),X5)),double_divide(double_divide(X0,X1),X5))) [superposition 22,139]
6853. double_divide(inverse(double_divide(double_divide(X0,X2),X4)),X5) = inverse(double_divide(inverse(double_divide(double_divide(inverse(double_divide(X1,X3)),X4),X6)),double_divide(inverse(double_divide(double_divide(inverse(double_divide(inverse(double_divide(X0,X1)),X2)),X3),X5)),X6))) [superposition 3,22]
6859. double_divide(inverse(double_divide(X4,X5)),double_divide(X4,inverse(double_divide(double_divide(X0,X2),X6)))) = inverse(double_divide(double_divide(inverse(double_divide(inverse(double_divide(X0,X1)),X2)),X3),double_divide(X5,double_divide(inverse(double_divide(X1,X3)),X6)))) [superposition 8,22]
6896. double_divide(inverse(double_divide(X4,X5)),double_divide(X4,inverse(double_divide(double_divide(X0,X2),X6)))) = double_divide(X5,double_divide(inverse(double_divide(X1,X3)),inverse(double_divide(double_divide(inverse(double_divide(inverse(double_divide(X0,X1)),X2)),X3),X6)))) [forward demodulation 6859,2250]
6901. double_divide(inverse(double_divide(double_divide(X0,X2),X4)),X5) = double_divide(inverse(double_divide(inverse(double_divide(inverse(double_divide(X1,X3)),double_divide(inverse(double_divide(inverse(double_divide(X0,X1)),X2)),X3))),X4)),X5) [forward demodulation 6853,22]
6925. double_divide(inverse(double_divide(inverse(double_divide(X2,double_divide(X0,X1))),X3)),double_divide(inverse(X4),X4)) = double_divide(double_divide(X0,X1),inverse(double_divide(X5,double_divide(double_divide(X2,X3),X5)))) [forward demodulation 6816,1732]
6941. double_divide(inverse(double_divide(inverse(double_divide(X1,inverse(double_divide(X2,X3)))),X4)),double_divide(X2,inverse(double_divide(X3,X0)))) = double_divide(inverse(X0),inverse(double_divide(X5,double_divide(double_divide(X1,X4),X5)))) [forward demodulation 6799,1732]
6948. double_divide(inverse(double_divide(inverse(double_divide(X1,X2)),X3)),inverse(double_divide(X4,double_divide(inverse(double_divide(X2,X4)),X0)))) = double_divide(inverse(X0),inverse(double_divide(X5,double_divide(double_divide(X1,X3),X5)))) [forward demodulation 6792,1732]
6956. double_divide(inverse(double_divide(inverse(double_divide(X1,X2)),X3)),X4) = double_divide(double_divide(X5,double_divide(X2,X4)),double_divide(X0,double_divide(inverse(double_divide(inverse(double_divide(X1,X5)),X3)),X0))) [forward demodulation 6784,1360]
6957. double_divide(inverse(double_divide(inverse(double_divide(inverse(double_divide(X1,X2)),X3)),double_divide(X1,X4))),X5) = double_divide(double_divide(X4,double_divide(X3,X5)),double_divide(X0,double_divide(X2,X0))) [forward demodulation 6783,1360]
6965. double_divide(inverse(double_divide(inverse(double_divide(inverse(double_divide(X3,X2)),X4)),double_divide(X3,X0))),X5) = double_divide(X4,inverse(double_divide(X5,double_divide(inverse(double_divide(X0,X1)),double_divide(X2,X1))))) [forward demodulation 6775,70]
6967. inverse(double_divide(inverse(double_divide(double_divide(X0,X1),X4)),double_divide(inverse(double_divide(X2,X3)),X4))) = double_divide(inverse(double_divide(X1,X2)),inverse(double_divide(X0,X3))) [forward demodulation 6773,565]
6970. double_divide(inverse(double_divide(inverse(double_divide(X3,X4)),double_divide(inverse(double_divide(X5,inverse(double_divide(X3,X0)))),double_divide(X5,X2)))),X6) = double_divide(X4,inverse(double_divide(X6,double_divide(inverse(double_divide(X0,X1)),double_divide(X2,X1))))) [forward demodulation 6770,70]
6973. double_divide(inverse(double_divide(inverse(double_divide(X1,X2)),inverse(double_divide(X3,double_divide(inverse(double_divide(X1,X3)),X0))))),X4) = double_divide(inverse(double_divide(X2,X4)),inverse(double_divide(X5,double_divide(X0,X5)))) [forward demodulation 6767,1732]
6991. double_divide(inverse(double_divide(X4,X5)),double_divide(X4,inverse(double_divide(double_divide(X0,X2),X6)))) = double_divide(X5,inverse(double_divide(double_divide(X1,X3),double_divide(double_divide(inverse(double_divide(inverse(double_divide(X0,X1)),X2)),X3),X6)))) [forward demodulation 6896,1439]
6996. double_divide(inverse(double_divide(double_divide(X0,X2),X4)),X5) = double_divide(inverse(double_divide(inverse(double_divide(X1,X3)),double_divide(inverse(double_divide(inverse(double_divide(X0,X1)),X2)),X3))),inverse(double_divide(X4,X5))) [forward demodulation 6901,565]
7020. double_divide(inverse(double_divide(inverse(double_divide(X2,double_divide(X0,X1))),X3)),double_divide(inverse(X4),X4)) = double_divide(inverse(X0),double_divide(X1,double_divide(X5,double_divide(double_divide(X2,X3),X5)))) [forward demodulation 6925,2609]
7036. double_divide(inverse(double_divide(inverse(double_divide(X1,inverse(double_divide(X2,X3)))),X4)),double_divide(X2,inverse(double_divide(X3,X0)))) = double_divide(X5,double_divide(double_divide(X1,X4),inverse(double_divide(X0,X5)))) [forward demodulation 6941,2093]
7043. double_divide(inverse(double_divide(inverse(double_divide(X1,X2)),X3)),inverse(double_divide(X4,double_divide(inverse(double_divide(X2,X4)),X0)))) = double_divide(X5,double_divide(double_divide(X1,X3),inverse(double_divide(X0,X5)))) [forward demodulation 6948,2093]
7051. double_divide(inverse(double_divide(inverse(double_divide(X1,X2)),X3)),X4) = double_divide(double_divide(X5,double_divide(X2,X4)),inverse(double_divide(inverse(double_divide(X1,X5)),X3))) [forward demodulation 6956,624]
7052. double_divide(inverse(double_divide(inverse(double_divide(inverse(double_divide(X1,X2)),X3)),double_divide(X1,X4))),X5) = double_divide(double_divide(X4,double_divide(X3,X5)),X2) [forward demodulation 6957,624]
7060. double_divide(inverse(double_divide(inverse(double_divide(inverse(double_divide(X3,X2)),X4)),double_divide(X3,X0))),X5) = double_divide(X4,double_divide(double_divide(X2,double_divide(X0,X1)),double_divide(X5,X1))) [forward demodulation 6965,1360]
7062. inverse(double_divide(inverse(double_divide(double_divide(X0,X1),X4)),double_divide(inverse(double_divide(X2,X3)),X4))) = inverse(double_divide(double_divide(X1,X0),double_divide(X2,X3))) [forward demodulation 6967,95]
7065. double_divide(inverse(double_divide(inverse(double_divide(X3,X4)),double_divide(inverse(double_divide(X5,inverse(double_divide(X3,X0)))),double_divide(X5,X2)))),X6) = double_divide(X4,double_divide(double_divide(X2,double_divide(X0,X1)),double_divide(X6,X1))) [forward demodulation 6970,1360]
7068. double_divide(inverse(double_divide(inverse(double_divide(X1,X2)),inverse(double_divide(X3,double_divide(inverse(double_divide(X1,X3)),X0))))),X4) = inverse(double_divide(double_divide(X2,X5),double_divide(X4,double_divide(X0,X5)))) [forward demodulation 6973,95]
7086. double_divide(inverse(double_divide(X4,X5)),double_divide(X4,inverse(double_divide(double_divide(X0,X2),X6)))) = double_divide(X5,double_divide(X6,double_divide(double_divide(X1,X3),inverse(double_divide(inverse(double_divide(inverse(double_divide(X0,X1)),X2)),X3))))) [forward demodulation 6991,2442]
7091. double_divide(inverse(double_divide(double_divide(X0,X2),X4)),X5) = inverse(double_divide(double_divide(inverse(double_divide(X1,X3)),X4),double_divide(double_divide(inverse(double_divide(inverse(double_divide(X0,X1)),X2)),X3),X5))) [forward demodulation 6996,95]
7115. double_divide(inverse(double_divide(inverse(double_divide(X2,double_divide(X0,X1))),X3)),double_divide(inverse(X4),X4)) = double_divide(inverse(X0),double_divide(X1,double_divide(X2,X3))) [forward demodulation 7020,624]
7131. double_divide(inverse(double_divide(inverse(double_divide(X1,inverse(double_divide(X2,X3)))),X4)),double_divide(X2,inverse(double_divide(X3,X0)))) = inverse(double_divide(double_divide(X1,X4),X0)) [forward demodulation 7036,6453]
7138. double_divide(inverse(double_divide(inverse(double_divide(X1,X2)),X3)),inverse(double_divide(X4,double_divide(inverse(double_divide(X2,X4)),X0)))) = inverse(double_divide(double_divide(X1,X3),X0)) [forward demodulation 7043,6453]
7146. double_divide(inverse(double_divide(inverse(double_divide(X1,X2)),X3)),X4) = double_divide(inverse(X5),double_divide(double_divide(X2,X4),double_divide(inverse(double_divide(X1,X5)),X3))) [forward demodulation 7051,2609]
7147. double_divide(double_divide(X4,double_divide(X3,X5)),X2) = double_divide(inverse(double_divide(inverse(double_divide(X1,X2)),X3)),inverse(double_divide(double_divide(X1,X4),X5))) [forward demodulation 7052,565]
7155. double_divide(inverse(double_divide(inverse(double_divide(inverse(double_divide(X3,X2)),X4)),double_divide(X3,X0))),X5) = double_divide(X4,double_divide(double_divide(X2,X1),double_divide(double_divide(X0,X1),X5))) [forward demodulation 7060,5625]
7157. inverse(double_divide(inverse(double_divide(double_divide(X0,X1),X4)),double_divide(inverse(double_divide(X2,X3)),X4))) = double_divide(X3,double_divide(double_divide(X1,X0),inverse(X2))) [forward demodulation 7062,2442]
7160. double_divide(inverse(double_divide(inverse(double_divide(X3,X4)),double_divide(inverse(double_divide(X5,inverse(double_divide(X3,X0)))),double_divide(X5,X2)))),X6) = double_divide(X4,double_divide(double_divide(X2,X1),double_divide(double_divide(X0,X1),X6))) [forward demodulation 7065,5625]
7163. double_divide(inverse(double_divide(inverse(double_divide(X1,X2)),inverse(double_divide(X3,double_divide(inverse(double_divide(X1,X3)),X0))))),X4) = double_divide(X4,double_divide(X0,inverse(double_divide(double_divide(X2,X5),X5)))) [forward demodulation 7068,2250]
7181. double_divide(inverse(double_divide(X4,X5)),double_divide(X4,inverse(double_divide(double_divide(X0,X2),X6)))) = double_divide(X5,double_divide(double_divide(double_divide(X1,X3),double_divide(double_divide(inverse(double_divide(X0,X1)),X2),X6)),inverse(X3))) [forward demodulation 7086,2400]
7186. double_divide(inverse(double_divide(double_divide(X0,X2),X4)),X5) = double_divide(X5,double_divide(double_divide(inverse(double_divide(X1,X3)),X4),inverse(double_divide(inverse(double_divide(inverse(double_divide(X0,X1)),X2)),X3)))) [forward demodulation 7091,2442]
7210. inverse(inverse(double_divide(inverse(double_divide(X2,double_divide(X0,X1))),X3))) = double_divide(inverse(X0),double_divide(X1,double_divide(X2,X3))) [forward demodulation 7115,1465]
7226. double_divide(double_divide(X2,X3),double_divide(X0,inverse(inverse(double_divide(inverse(double_divide(X1,inverse(double_divide(X2,X3)))),X4))))) = inverse(double_divide(double_divide(X1,X4),X0)) [forward demodulation 7131,2462]
7233. inverse(double_divide(double_divide(X1,X3),X0)) = inverse(double_divide(double_divide(inverse(double_divide(X1,X2)),X4),double_divide(X3,double_divide(inverse(double_divide(X2,X4)),X0)))) [forward demodulation 7138,95]
7241. double_divide(inverse(double_divide(inverse(double_divide(X1,X2)),X3)),X4) = double_divide(inverse(X5),double_divide(double_divide(X2,X4),double_divide(X1,inverse(double_divide(X5,X3))))) [forward demodulation 7146,565]
7242. double_divide(double_divide(X4,double_divide(X3,X5)),X2) = inverse(double_divide(double_divide(inverse(double_divide(X1,X2)),double_divide(X1,X4)),double_divide(X3,X5))) [forward demodulation 7147,95]
7250. double_divide(inverse(double_divide(inverse(double_divide(X3,X2)),X4)),inverse(double_divide(double_divide(X3,X0),X5))) = double_divide(X4,double_divide(double_divide(X2,X1),double_divide(double_divide(X0,X1),X5))) [forward demodulation 7155,565]
7252. inverse(double_divide(inverse(double_divide(double_divide(X0,X1),X4)),double_divide(inverse(double_divide(X2,X3)),X4))) = double_divide(X3,double_divide(inverse(X1),double_divide(X0,X2))) [forward demodulation 7157,2609]
7255. double_divide(inverse(double_divide(X3,X4)),inverse(double_divide(double_divide(inverse(double_divide(X5,inverse(double_divide(X3,X0)))),double_divide(X5,X2)),X6))) = double_divide(X4,double_divide(double_divide(X2,X1),double_divide(double_divide(X0,X1),X6))) [forward demodulation 7160,565]
7258. double_divide(inverse(double_divide(inverse(double_divide(X1,X2)),inverse(double_divide(X3,double_divide(inverse(double_divide(X1,X3)),X0))))),X4) = double_divide(X4,double_divide(X0,inverse(double_divide(X5,double_divide(X2,X5))))) [forward demodulation 7163,6368]
7276. double_divide(inverse(double_divide(X4,X5)),double_divide(X4,inverse(double_divide(double_divide(X0,X2),X6)))) = double_divide(X5,double_divide(inverse(X3),double_divide(double_divide(X1,X3),double_divide(double_divide(inverse(double_divide(X0,X1)),X2),X6)))) [forward demodulation 7181,2583]
7281. double_divide(inverse(double_divide(double_divide(X0,X2),X4)),X5) = double_divide(double_divide(double_divide(inverse(double_divide(X1,X3)),X4),double_divide(double_divide(inverse(double_divide(X0,X1)),X2),X5)),inverse(X3)) [forward demodulation 7186,2400]
7304. double_divide(inverse(double_divide(X2,double_divide(X0,X1))),X3) = double_divide(inverse(X0),double_divide(X1,double_divide(X2,X3))) [forward demodulation 7210,615]
7317. double_divide(double_divide(X2,X3),double_divide(X0,double_divide(inverse(double_divide(X1,inverse(double_divide(X2,X3)))),X4))) = inverse(double_divide(double_divide(X1,X4),X0)) [forward demodulation 7226,615]
7324. inverse(double_divide(double_divide(X1,X3),X0)) = double_divide(X3,double_divide(inverse(double_divide(X2,X4)),inverse(double_divide(double_divide(inverse(double_divide(X1,X2)),X4),X0)))) [forward demodulation 7233,2250]
7331. double_divide(inverse(double_divide(inverse(double_divide(X1,X2)),X3)),X4) = double_divide(X5,double_divide(double_divide(inverse(X5),X3),double_divide(X1,inverse(double_divide(X2,X4))))) [forward demodulation 7241,2768]
7332. double_divide(double_divide(X4,double_divide(X3,X5)),X2) = double_divide(X5,double_divide(double_divide(inverse(double_divide(X1,X2)),double_divide(X1,X4)),inverse(X3))) [forward demodulation 7242,2442]
7340. inverse(double_divide(double_divide(inverse(double_divide(X3,X2)),double_divide(X3,X0)),double_divide(X4,X5))) = double_divide(X4,double_divide(double_divide(X2,X1),double_divide(double_divide(X0,X1),X5))) [forward demodulation 7250,95]
7342. double_divide(X3,double_divide(inverse(X1),double_divide(X0,X2))) = double_divide(inverse(double_divide(X2,X3)),inverse(double_divide(X4,double_divide(double_divide(X0,X1),X4)))) [forward demodulation 7252,1732]
7345. inverse(double_divide(double_divide(X3,double_divide(inverse(double_divide(X5,inverse(double_divide(X3,X0)))),double_divide(X5,X2))),double_divide(X4,X6))) = double_divide(X4,double_divide(double_divide(X2,X1),double_divide(double_divide(X0,X1),X6))) [forward demodulation 7255,95]
7348. double_divide(inverse(double_divide(inverse(double_divide(X1,X2)),inverse(double_divide(X3,double_divide(inverse(double_divide(X1,X3)),X0))))),X4) = double_divide(X4,double_divide(X0,double_divide(X5,double_divide(X5,inverse(X2))))) [forward demodulation 7258,2442]
7366. double_divide(inverse(double_divide(X4,X5)),double_divide(X4,inverse(double_divide(double_divide(X0,X2),X6)))) = double_divide(X5,double_divide(X3,double_divide(double_divide(inverse(X3),X6),double_divide(double_divide(inverse(double_divide(X0,X1)),X2),X1)))) [forward demodulation 7276,2819]
7371. double_divide(inverse(double_divide(double_divide(X0,X2),X4)),X5) = double_divide(inverse(X3),double_divide(double_divide(inverse(double_divide(X1,X3)),X4),double_divide(double_divide(inverse(double_divide(X0,X1)),X2),X5))) [forward demodulation 7281,2583]
7394. double_divide(X2,inverse(double_divide(double_divide(X0,X1),X3))) = double_divide(inverse(X0),double_divide(X1,double_divide(X2,X3))) [forward demodulation 7304,565]
7406. double_divide(double_divide(X2,X3),double_divide(X0,double_divide(X1,inverse(double_divide(inverse(double_divide(X2,X3)),X4))))) = inverse(double_divide(double_divide(X1,X4),X0)) [forward demodulation 7317,565]
7413. inverse(double_divide(double_divide(X1,X3),X0)) = double_divide(X3,inverse(double_divide(double_divide(X2,X4),double_divide(double_divide(inverse(double_divide(X1,X2)),X4),X0)))) [forward demodulation 7324,1439]
7418. double_divide(inverse(double_divide(X1,X2)),inverse(double_divide(X3,X4))) = double_divide(X5,double_divide(double_divide(inverse(X5),X3),double_divide(X1,inverse(double_divide(X2,X4))))) [forward demodulation 7331,565]
7419. double_divide(double_divide(X4,double_divide(X3,X5)),X2) = double_divide(X5,double_divide(inverse(inverse(double_divide(X1,X2))),double_divide(double_divide(X1,X4),X3))) [forward demodulation 7332,2609]
7427. double_divide(X4,double_divide(double_divide(X2,X1),double_divide(double_divide(X0,X1),X5))) = double_divide(X5,double_divide(double_divide(inverse(double_divide(X3,X2)),double_divide(X3,X0)),inverse(X4))) [forward demodulation 7340,2442]
7429. double_divide(X3,double_divide(inverse(X1),double_divide(X0,X2))) = inverse(double_divide(double_divide(X2,X4),double_divide(X3,double_divide(double_divide(X0,X1),X4)))) [forward demodulation 7342,95]
7432. double_divide(X4,double_divide(double_divide(X2,X1),double_divide(double_divide(X0,X1),X6))) = double_divide(X6,double_divide(double_divide(X3,double_divide(inverse(double_divide(X5,inverse(double_divide(X3,X0)))),double_divide(X5,X2))),inverse(X4))) [forward demodulation 7345,2442]
7435. double_divide(inverse(double_divide(inverse(double_divide(X1,X2)),inverse(double_divide(X3,double_divide(inverse(double_divide(X1,X3)),X0))))),X4) = double_divide(X4,double_divide(X0,inverse(X2))) [forward demodulation 7348,429]
7452. double_divide(inverse(double_divide(X4,X5)),double_divide(X4,inverse(double_divide(double_divide(X0,X2),X6)))) = double_divide(X5,double_divide(X3,double_divide(double_divide(inverse(X3),X6),double_divide(X1,double_divide(inverse(double_divide(X0,X1)),X2))))) [forward demodulation 7366,1452]
7457. double_divide(inverse(double_divide(double_divide(X0,X2),X4)),X5) = double_divide(inverse(X3),double_divide(double_divide(inverse(double_divide(X1,X3)),X4),double_divide(double_divide(X0,inverse(double_divide(X1,X2))),X5))) [forward demodulation 7371,565]
7491. double_divide(double_divide(X2,X3),double_divide(double_divide(X1,double_divide(double_divide(X2,X3),X0)),inverse(X4))) = inverse(double_divide(double_divide(X1,X4),X0)) [forward demodulation 7406,2400]
7496. inverse(double_divide(double_divide(X1,X3),X0)) = double_divide(X3,double_divide(X0,double_divide(double_divide(X2,X4),inverse(double_divide(inverse(double_divide(X1,X2)),X4))))) [forward demodulation 7413,2442]
7501. inverse(double_divide(double_divide(X1,X3),double_divide(X2,X4))) = double_divide(X5,double_divide(double_divide(inverse(X5),X3),double_divide(X1,inverse(double_divide(X2,X4))))) [forward demodulation 7418,95]
7502. double_divide(double_divide(X4,double_divide(X3,X5)),X2) = double_divide(X5,double_divide(double_divide(X1,X2),double_divide(double_divide(X1,X4),X3))) [forward demodulation 7419,615]
7510. double_divide(X4,double_divide(double_divide(X2,X1),double_divide(double_divide(X0,X1),X5))) = double_divide(X5,double_divide(inverse(inverse(double_divide(X3,X2))),double_divide(double_divide(X3,X0),X4))) [forward demodulation 7427,2609]
7512. double_divide(X3,double_divide(inverse(X1),double_divide(X0,X2))) = double_divide(X3,double_divide(double_divide(X0,X1),inverse(double_divide(double_divide(X2,X4),X4)))) [forward demodulation 7429,2250]
7515. double_divide(X4,double_divide(double_divide(X2,X1),double_divide(double_divide(X0,X1),X6))) = double_divide(X6,double_divide(inverse(X3),double_divide(double_divide(inverse(double_divide(X5,inverse(double_divide(X3,X0)))),double_divide(X5,X2)),X4))) [forward demodulation 7432,2609]
7518. double_divide(X4,double_divide(X0,inverse(X2))) = double_divide(inverse(double_divide(X1,X2)),inverse(double_divide(inverse(double_divide(X3,double_divide(inverse(double_divide(X1,X3)),X0))),X4))) [forward demodulation 7435,565]
7535. double_divide(inverse(double_divide(X4,X5)),double_divide(X4,inverse(double_divide(double_divide(X0,X2),X6)))) = double_divide(X5,double_divide(X3,double_divide(double_divide(inverse(X3),X6),double_divide(X1,double_divide(X0,inverse(double_divide(X1,X2))))))) [forward demodulation 7452,565]
7540. double_divide(inverse(double_divide(double_divide(X0,X2),X4)),X5) = double_divide(inverse(X3),double_divide(double_divide(X1,inverse(double_divide(X3,X4))),double_divide(double_divide(X0,inverse(double_divide(X1,X2))),X5))) [forward demodulation 7457,565]
7572. double_divide(double_divide(X2,X3),double_divide(inverse(X1),double_divide(double_divide(double_divide(X2,X3),X0),X4))) = inverse(double_divide(double_divide(X1,X4),X0)) [forward demodulation 7491,2609]
7577. inverse(double_divide(double_divide(X1,X3),X0)) = double_divide(X3,double_divide(double_divide(double_divide(X2,X4),double_divide(double_divide(X1,X2),X0)),inverse(X4))) [forward demodulation 7496,2400]
7582. double_divide(X4,double_divide(double_divide(X1,X3),inverse(X2))) = double_divide(X5,double_divide(double_divide(inverse(X5),X3),double_divide(X1,inverse(double_divide(X2,X4))))) [forward demodulation 7501,2442]
7583. double_divide(double_divide(X4,double_divide(X3,X5)),X2) = double_divide(X5,double_divide(X4,double_divide(X2,X3))) [forward demodulation 7502,2294]
7591. double_divide(X4,double_divide(double_divide(X2,X1),double_divide(double_divide(X0,X1),X5))) = double_divide(X5,double_divide(double_divide(X3,X2),double_divide(double_divide(X3,X0),X4))) [forward demodulation 7510,615]
7593. double_divide(X3,double_divide(inverse(X1),double_divide(X0,X2))) = double_divide(X3,double_divide(inverse(X0),double_divide(X1,double_divide(double_divide(X2,X4),X4)))) [forward demodulation 7512,2609]
7596. double_divide(X4,double_divide(double_divide(X2,X1),double_divide(double_divide(X0,X1),X6))) = double_divide(X6,double_divide(inverse(X3),double_divide(double_divide(X5,inverse(double_divide(inverse(double_divide(X3,X0)),double_divide(X5,X2)))),X4))) [forward demodulation 7515,565]
7599. double_divide(X4,double_divide(X0,inverse(X2))) = inverse(double_divide(double_divide(X1,inverse(double_divide(X3,double_divide(inverse(double_divide(X1,X3)),X0)))),double_divide(X2,X4))) [forward demodulation 7518,95]
7616. double_divide(inverse(double_divide(X4,X5)),double_divide(X4,inverse(double_divide(double_divide(X0,X2),X6)))) = double_divide(X5,double_divide(X3,double_divide(double_divide(inverse(X3),X6),inverse(double_divide(X0,X2))))) [forward demodulation 7535,1499]
7620. double_divide(inverse(double_divide(double_divide(X0,X2),X4)),X5) = double_divide(inverse(X3),double_divide(double_divide(X1,X4),double_divide(X3,inverse(double_divide(double_divide(X0,inverse(double_divide(X1,X2))),X5))))) [forward demodulation 7540,4221]
7647. double_divide(X1,double_divide(X0,inverse(X4))) = inverse(double_divide(double_divide(X1,X4),X0)) [forward demodulation 7572,2741]
7652. inverse(double_divide(double_divide(X1,X3),X0)) = double_divide(X3,double_divide(inverse(X4),double_divide(double_divide(X2,X4),double_divide(double_divide(X1,X2),X0)))) [forward demodulation 7577,2583]
7657. double_divide(X4,double_divide(inverse(X1),double_divide(X3,X2))) = double_divide(X5,double_divide(double_divide(inverse(X5),X3),double_divide(X1,inverse(double_divide(X2,X4))))) [forward demodulation 7582,2609]
7664. double_divide(X4,double_divide(double_divide(X2,X1),double_divide(double_divide(X0,X1),X5))) = double_divide(X5,double_divide(X0,double_divide(X2,X4))) [forward demodulation 7591,2294]
7666. double_divide(X3,double_divide(inverse(X1),double_divide(X0,X2))) = double_divide(X3,double_divide(inverse(X0),double_divide(X1,double_divide(X4,double_divide(X2,X4))))) [forward demodulation 7593,4675]
7669. double_divide(X4,double_divide(double_divide(X2,X1),double_divide(double_divide(X0,X1),X6))) = double_divide(X6,double_divide(inverse(X3),double_divide(inverse(double_divide(X2,inverse(inverse(double_divide(X3,X0))))),X4))) [forward demodulation 7596,1232]
7672. double_divide(X4,double_divide(X0,inverse(X2))) = double_divide(X4,double_divide(double_divide(X1,inverse(double_divide(X3,double_divide(inverse(double_divide(X1,X3)),X0)))),inverse(X2))) [forward demodulation 7599,2442]
7687. double_divide(inverse(double_divide(X4,X5)),double_divide(X4,inverse(double_divide(double_divide(X0,X2),X6)))) = double_divide(X5,double_divide(X3,double_divide(inverse(inverse(X3)),double_divide(X6,double_divide(X0,X2))))) [forward demodulation 7616,2609]
7691. double_divide(inverse(double_divide(double_divide(X0,X2),X4)),X5) = double_divide(X3,double_divide(double_divide(inverse(X3),X4),double_divide(inverse(double_divide(double_divide(X0,inverse(double_divide(X1,X2))),X5)),X1))) [forward demodulation 7620,2598]
7716. inverse(double_divide(double_divide(X1,X3),X0)) = double_divide(X3,double_divide(X4,double_divide(double_divide(inverse(X4),X0),double_divide(double_divide(X1,X2),X2)))) [forward demodulation 7652,2819]
7725. double_divide(X3,double_divide(inverse(X0),double_divide(X1,X2))) = double_divide(X3,double_divide(inverse(X1),double_divide(X0,X2))) [forward demodulation 7666,624]
7728. double_divide(X4,double_divide(double_divide(X2,X1),double_divide(double_divide(X0,X1),X6))) = double_divide(X6,double_divide(double_divide(X2,inverse(inverse(double_divide(X3,X0)))),double_divide(X3,X4))) [forward demodulation 7669,1307]
7731. double_divide(X4,double_divide(X0,inverse(X2))) = double_divide(X4,double_divide(inverse(X1),double_divide(inverse(double_divide(X3,double_divide(inverse(double_divide(X1,X3)),X0))),X2))) [forward demodulation 7672,2609]
7746. double_divide(inverse(double_divide(X4,X5)),double_divide(X4,inverse(double_divide(double_divide(X0,X2),X6)))) = double_divide(X5,double_divide(X3,double_divide(X3,double_divide(X6,double_divide(X0,X2))))) [forward demodulation 7687,617]
7750. double_divide(inverse(double_divide(double_divide(X0,X2),X4)),X5) = double_divide(X3,double_divide(double_divide(inverse(X3),X4),double_divide(X1,inverse(double_divide(double_divide(X0,inverse(double_divide(X1,X2))),X5))))) [forward demodulation 7691,1452]
7771. inverse(double_divide(double_divide(X1,X3),X0)) = double_divide(X3,double_divide(X4,double_divide(double_divide(inverse(X4),X0),double_divide(X2,double_divide(X1,X2))))) [forward demodulation 7716,1452]
7780. double_divide(X4,double_divide(double_divide(X2,X1),double_divide(double_divide(X0,X1),X6))) = double_divide(X6,double_divide(double_divide(X2,X3),double_divide(X4,inverse(inverse(double_divide(X3,X0)))))) [forward demodulation 7728,5625]
7783. double_divide(X4,double_divide(X0,inverse(X2))) = double_divide(X4,double_divide(double_divide(X3,double_divide(inverse(double_divide(X1,X3)),X0)),double_divide(X1,X2))) [forward demodulation 7731,1307]
7796. double_divide(inverse(double_divide(X4,X5)),double_divide(X4,inverse(double_divide(double_divide(X0,X2),X6)))) = double_divide(X5,double_divide(X6,double_divide(X0,X2))) [forward demodulation 7746,445]
7800. double_divide(inverse(double_divide(double_divide(X0,X2),X4)),X5) = double_divide(X5,double_divide(inverse(X1),double_divide(X4,double_divide(X0,inverse(double_divide(X1,X2)))))) [forward demodulation 7750,7657]
7816. inverse(double_divide(double_divide(X1,X3),X0)) = double_divide(X3,double_divide(X4,double_divide(double_divide(inverse(X4),X0),X1))) [forward demodulation 7771,624]
7825. double_divide(X4,double_divide(double_divide(X2,X1),double_divide(double_divide(X0,X1),X6))) = double_divide(X6,double_divide(double_divide(X2,X3),double_divide(X4,double_divide(X3,X0)))) [forward demodulation 7780,615]
7827. double_divide(X4,double_divide(X0,inverse(X2))) = double_divide(X4,double_divide(double_divide(X3,X1),double_divide(X2,double_divide(inverse(double_divide(X1,X3)),X0)))) [forward demodulation 7783,5625]
7839. double_divide(X5,double_divide(X6,double_divide(X0,X2))) = double_divide(X4,inverse(double_divide(X5,double_divide(X4,inverse(double_divide(double_divide(X0,X2),X6)))))) [forward demodulation 7796,565]
7843. double_divide(inverse(double_divide(double_divide(X0,X2),X4)),X5) = double_divide(X5,double_divide(X1,double_divide(double_divide(inverse(X1),X2),double_divide(X0,inverse(X4))))) [forward demodulation 7800,2768]
7857. double_divide(X3,double_divide(X4,double_divide(double_divide(inverse(X4),X0),X1))) = double_divide(X1,double_divide(X0,inverse(X3))) [forward demodulation 7816,7647]
7864. double_divide(X6,double_divide(double_divide(X2,X3),double_divide(X4,double_divide(X3,X0)))) = double_divide(X6,double_divide(X0,double_divide(X2,X4))) [forward demodulation 7825,7664]
7865. double_divide(X4,double_divide(X0,inverse(X2))) = double_divide(X4,double_divide(double_divide(X3,X1),double_divide(X2,double_divide(X1,inverse(double_divide(X3,X0)))))) [forward demodulation 7827,565]
7876. double_divide(X5,double_divide(X6,double_divide(X0,X2))) = double_divide(X5,double_divide(double_divide(X0,X2),X6)) [forward demodulation 7839,578]
7880. double_divide(double_divide(X0,X2),inverse(double_divide(X4,X5))) = double_divide(X5,double_divide(X1,double_divide(double_divide(inverse(X1),X2),double_divide(X0,inverse(X4))))) [forward demodulation 7843,565]
7893. double_divide(X4,double_divide(X0,inverse(X2))) = double_divide(X4,double_divide(inverse(double_divide(X3,X0)),double_divide(X3,X2))) [forward demodulation 7865,7864]
7907. double_divide(double_divide(X0,X2),inverse(double_divide(X4,X5))) = double_divide(double_divide(X0,inverse(X4)),double_divide(X2,inverse(X5))) [forward demodulation 7880,7857]
7917. double_divide(X4,double_divide(X0,inverse(X2))) = double_divide(X4,double_divide(inverse(X3),double_divide(double_divide(X3,X0),X2))) [forward demodulation 7893,7725]
7930. double_divide(inverse(X0),double_divide(X2,double_divide(X4,X5))) = double_divide(double_divide(X0,inverse(X4)),double_divide(X2,inverse(X5))) [forward demodulation 7907,2609]
11855. inverse(double_divide(inverse(double_divide(X0,X4)),double_divide(X3,X4))) = double_divide(double_divide(X1,inverse(X1)),double_divide(inverse(double_divide(X2,X0)),double_divide(X2,X3))) [superposition 17,3010]
11903. inverse(double_divide(inverse(double_divide(X0,X4)),double_divide(X3,X4))) = double_divide(double_divide(X1,inverse(X1)),double_divide(inverse(X2),double_divide(double_divide(X2,X0),X3))) [forward demodulation 11855,7725]
11976. inverse(double_divide(inverse(double_divide(X0,X4)),double_divide(X3,X4))) = double_divide(double_divide(X1,inverse(X1)),double_divide(X0,inverse(X3))) [forward demodulation 11903,7917]
12039. inverse(double_divide(inverse(double_divide(X0,X4)),double_divide(X3,X4))) = double_divide(inverse(X1),double_divide(X0,double_divide(X1,X3))) [forward demodulation 11976,7930]
12093. inverse(double_divide(inverse(double_divide(X0,X4)),double_divide(X3,X4))) = double_divide(X1,inverse(double_divide(double_divide(X1,X0),X3))) [forward demodulation 12039,7394]
12143. inverse(double_divide(inverse(X3),X0)) = inverse(double_divide(inverse(double_divide(X0,X4)),double_divide(X3,X4))) [forward demodulation 12093,2409]
12185. inverse(double_divide(inverse(X3),X0)) = double_divide(X3,inverse(double_divide(X4,double_divide(X0,X4)))) [forward demodulation 12143,1732]
12219. inverse(double_divide(inverse(X3),X0)) = double_divide(X3,double_divide(X4,double_divide(X4,inverse(X0)))) [forward demodulation 12185,2442]
12248. double_divide(X3,inverse(X0)) = inverse(double_divide(inverse(X3),X0)) [forward demodulation 12219,429]
14825. inverse(double_divide(inverse(double_divide(X3,X4)),double_divide(double_divide(inverse(X1),X2),X4))) = double_divide(X1,double_divide(inverse(double_divide(inverse(double_divide(X0,inverse(X0))),X2)),X3)) [superposition 16,2234]
14976. inverse(double_divide(inverse(double_divide(X3,X4)),double_divide(double_divide(inverse(X1),X2),X4))) = double_divide(X1,double_divide(inverse(double_divide(X0,inverse(X0))),inverse(double_divide(X2,X3)))) [forward demodulation 14825,565]
15134. inverse(double_divide(inverse(double_divide(X3,X4)),double_divide(double_divide(inverse(X1),X2),X4))) = double_divide(X1,double_divide(X3,double_divide(double_divide(X0,inverse(X0)),inverse(X2)))) [forward demodulation 14976,2709]
15280. double_divide(X1,double_divide(X3,double_divide(inverse(X0),double_divide(inverse(X0),X2)))) = inverse(double_divide(inverse(double_divide(X3,X4)),double_divide(double_divide(inverse(X1),X2),X4))) [forward demodulation 15134,2609]
15409. double_divide(X1,double_divide(X3,double_divide(inverse(X0),double_divide(inverse(X0),X2)))) = double_divide(double_divide(inverse(X1),X2),inverse(double_divide(X4,double_divide(X3,X4)))) [forward demodulation 15280,1732]
15523. double_divide(X1,double_divide(X3,double_divide(inverse(X0),double_divide(inverse(X0),X2)))) = double_divide(inverse(inverse(X1)),double_divide(X2,double_divide(X4,double_divide(X3,X4)))) [forward demodulation 15409,2609]
15622. double_divide(X1,double_divide(X3,double_divide(inverse(X0),double_divide(inverse(X0),X2)))) = double_divide(inverse(inverse(X1)),double_divide(X2,X3)) [forward demodulation 15523,624]
15714. double_divide(X1,double_divide(X2,X3)) = double_divide(X1,double_divide(X3,double_divide(inverse(X0),double_divide(inverse(X0),X2)))) [forward demodulation 15622,617]
15792. double_divide(X1,double_divide(X2,X3)) = double_divide(X1,double_divide(X3,X2)) [forward demodulation 15714,429]
20883. inverse(double_divide(inverse(double_divide(X0,double_divide(X2,X1))),X3)) = double_divide(X2,double_divide(inverse(double_divide(X0,inverse(X1))),X3)) [superposition 524,1401]
20932. inverse(double_divide(inverse(double_divide(X0,double_divide(X2,X1))),X3)) = double_divide(X2,double_divide(X0,inverse(double_divide(inverse(X1),X3)))) [forward demodulation 20883,565]
21045. inverse(double_divide(inverse(double_divide(X0,double_divide(X2,X1))),X3)) = double_divide(double_divide(X0,double_divide(X1,X2)),inverse(X3)) [forward demodulation 20932,2400]
21151. double_divide(inverse(X0),double_divide(double_divide(X1,X2),X3)) = inverse(double_divide(inverse(double_divide(X0,double_divide(X2,X1))),X3)) [forward demodulation 21045,2609]
21248. double_divide(inverse(X0),double_divide(double_divide(X1,X2),X3)) = double_divide(double_divide(X0,double_divide(X2,X1)),inverse(X3)) [forward demodulation 21151,12248]
21336. double_divide(inverse(X0),double_divide(double_divide(X1,X2),X3)) = double_divide(inverse(X0),double_divide(double_divide(X2,X1),X3)) [forward demodulation 21248,2609]
24312. double_divide(X1,double_divide(inverse(double_divide(X2,inverse(double_divide(X1,X3)))),X0)) = inverse(double_divide(inverse(double_divide(X3,X5)),double_divide(inverse(double_divide(double_divide(X2,X4),double_divide(X0,inverse(X4)))),X5))) [superposition 17,1432]
24397. double_divide(X1,double_divide(inverse(double_divide(X2,inverse(double_divide(X1,X3)))),X0)) = double_divide(inverse(double_divide(double_divide(X2,X4),double_divide(X0,inverse(X4)))),inverse(double_divide(X5,double_divide(X3,X5)))) [forward demodulation 24312,1732]
24540. double_divide(X1,double_divide(inverse(double_divide(X2,inverse(double_divide(X1,X3)))),X0)) = inverse(double_divide(double_divide(double_divide(X2,X4),X5),double_divide(double_divide(X0,inverse(X4)),double_divide(X3,X5)))) [forward demodulation 24397,95]
24672. double_divide(X1,double_divide(inverse(double_divide(X2,inverse(double_divide(X1,X3)))),X0)) = double_divide(double_divide(X0,inverse(X4)),double_divide(X3,inverse(double_divide(double_divide(double_divide(X2,X4),X5),X5)))) [forward demodulation 24540,2250]
24795. double_divide(X1,double_divide(inverse(double_divide(X2,inverse(double_divide(X1,X3)))),X0)) = double_divide(inverse(X0),double_divide(X3,double_divide(X4,double_divide(double_divide(double_divide(X2,X4),X5),X5)))) [forward demodulation 24672,7930]
24906. double_divide(X1,double_divide(inverse(double_divide(X2,inverse(double_divide(X1,X3)))),X0)) = double_divide(inverse(X0),double_divide(X3,double_divide(X4,double_divide(X5,double_divide(double_divide(X2,X4),X5))))) [forward demodulation 24795,7876]
25005. double_divide(X1,double_divide(inverse(double_divide(X2,inverse(double_divide(X1,X3)))),X0)) = double_divide(inverse(X0),double_divide(X3,double_divide(X4,double_divide(X2,X4)))) [forward demodulation 24906,624]
25093. double_divide(X1,double_divide(inverse(double_divide(X2,inverse(double_divide(X1,X3)))),X0)) = double_divide(inverse(X0),double_divide(X3,X2)) [forward demodulation 25005,624]
25173. double_divide(X1,double_divide(X2,inverse(double_divide(inverse(double_divide(X1,X3)),X0)))) = double_divide(inverse(X0),double_divide(X3,X2)) [forward demodulation 25093,565]
25242. double_divide(inverse(X0),double_divide(X3,X2)) = double_divide(double_divide(X2,double_divide(double_divide(X1,X3),X1)),inverse(X0)) [forward demodulation 25173,2400]
25309. double_divide(inverse(X0),double_divide(X3,X2)) = double_divide(inverse(X2),double_divide(double_divide(double_divide(X1,X3),X1),X0)) [forward demodulation 25242,2609]
25368. double_divide(inverse(X0),double_divide(X3,X2)) = double_divide(inverse(X2),double_divide(double_divide(X1,double_divide(X1,X3)),X0)) [forward demodulation 25309,21336]
25418. double_divide(inverse(X0),double_divide(X3,X2)) = double_divide(inverse(X2),double_divide(X3,double_divide(X1,double_divide(X0,X1)))) [forward demodulation 25368,7583]
25461. double_divide(inverse(X2),double_divide(X3,X0)) = double_divide(inverse(X0),double_divide(X3,X2)) [forward demodulation 25418,624]
25803. inverse(double_divide(c3,inverse(double_divide(b3,a3)))) != inverse(double_divide(a3,inverse(double_divide(c3,b3)))) [superposition 2,6368]
25842. inverse(double_divide(c3,inverse(double_divide(b3,a3)))) != double_divide(inverse(b3),double_divide(c3,a3)) [forward demodulation 25803,1355]
26020. inverse(double_divide(c3,inverse(double_divide(b3,a3)))) != double_divide(inverse(c3),double_divide(a3,b3)) [forward demodulation 25842,3545]
26169. inverse(double_divide(c3,inverse(double_divide(b3,a3)))) != double_divide(inverse(c3),double_divide(b3,a3)) [forward demodulation 26020,15792]
26295. double_divide(inverse(a3),double_divide(b3,c3)) != double_divide(inverse(c3),double_divide(b3,a3)) [forward demodulation 26169,1355]
26404. $false [forward subsumption resolution 26295,25461]
% SZS output end Proof for GRP611-1_clausified
% ------------------------------
% Version: Vampire 5.0.0 (Release build, commit 2e2c9b7b8 on 2026-01-17 12:24:14 +0100)
% Linked with Z3 4.14.0.0 3c47fd96cf5645d0c42b2c819d9e9a84380aa721 z3-4.8.4-9178-g3c47fd96c
% CaDiCaL version: 2.1.3
% Termination reason: Refutation
% Time elapsed: 0.318 s
% Peak memory usage: 60 MB
% Instructions burned: 1032 (million)
% ------------------------------
% ------------------------------
